Channel              :		CH1
Frequency            :		24.71Hz
Period               :		40.47ms
PK-PK                :		31.04mV
Average              :		0.069mV
Vertical pos         :		1.000000mV
Probe attenuation    :		1X
Voltage per ADC value:		0.003125mV
Time interval        :		20.00000uS

index		CH1_Voltage(mV)
1		9.212501
2		9.150001
3		8.437500
4		8.612500
5		8.212501
6		5.737500
7		3.450000
8		1.500000
9		-1.725000
10		-2.075000
11		-2.850000
12		-2.612500
13		-0.962500
14		0.212500
15		1.800000
16		2.450000
17		2.675000
18		3.912500
19		3.912500
20		4.737500
21		4.450000
22		4.037500
23		4.087500
24		3.975000
25		4.087500
26		3.800000
27		5.087500
28		5.975000
29		5.850000
30		6.975000
31		7.437500
32		7.325000
33		7.562500
34		6.437500
35		5.800000
36		5.325000
37		4.800000
38		3.500000
39		2.737500
40		3.450000
41		3.150000
42		4.325000
43		4.212500
44		4.212500
45		4.625000
46		3.212500
47		3.087500
48		2.387500
49		1.087500
50		0.862500
51		0.387500
52		-0.375000
53		-0.262500
54		-1.262500
55		0.450000
56		0.737500
57		1.687500
58		1.862500
59		3.037500
60		2.975000
61		2.975000
62		3.912500
63		1.975000
64		0.625000
65		0.500000
66		-1.312500
67		-1.900000
68		-2.375000
69		-1.675000
70		-2.787500
71		-1.787500
72		-1.375000
73		-2.375000
74		-3.487500
75		-2.437500
76		-3.550000
77		-3.200000
78		-4.200000
79		-3.962500
80		-3.662500
81		-3.312500
82		-5.075000
83		-3.262500
84		-3.312500
85		-1.200000
86		-2.200000
87		-0.437500
88		0.687500
89		1.687500
90		2.087500
91		-1.087500
92		-1.087500
93		-2.612500
94		-2.437500
95		-4.612500
96		-4.787500
97		-4.250000
98		-4.612500
99		-3.850000
100		-4.025000
101		-3.262500
102		-4.487500
103		-2.612500
104		-3.025000
105		-3.025000
106		-3.850000
107		-3.312500
108		-4.312500
109		-6.137500
110		-4.550000
111		-7.075000
112		-4.787500
113		-4.612500
114		-4.137500
115		-4.787500
116		-3.075000
117		-2.962500
118		-2.075000
119		-3.137500
120		-2.025000
121		-1.962500
122		-2.262500
123		-3.200000
124		-1.850000
125		-3.487500
126		-3.200000
127		-3.550000
128		-3.850000
129		-4.487500
130		-2.550000
131		-2.725000
132		-3.550000
133		-1.675000
134		-2.312500
135		-2.137500
136		-2.550000
137		-2.375000
138		-2.787500
139		-2.725000
140		-1.312500
141		-1.087500
142		-2.025000
143		-1.550000
144		-0.962500
145		-0.612500
146		-1.375000
147		-1.437500
148		-0.962500
149		-1.850000
150		-1.675000
151		-2.075000
152		-1.375000
153		-1.850000
154		-0.437500
155		-2.312500
156		0.387500
157		0.100000
158		-1.025000
159		-0.900000
160		0.150000
161		-1.850000
162		0.387500
163		0.975000
164		-0.087500
165		0.100000
166		0.275000
167		-0.312500
168		1.975000
169		3.037500
170		4.500000
171		2.275000
172		1.625000
173		1.912500
174		0.450000
175		2.675000
176		4.037500
177		5.087500
178		3.625000
179		1.500000
180		-2.312500
181		-8.837500
182		-9.724999
183		-14.425000
184		-13.724999
185		-12.662499
186		-10.200000
187		-8.375000
188		-7.375000
189		-6.487500
190		-7.375000
191		-8.787499
192		-8.250000
193		-7.075000
194		-4.200000
195		-1.550000
196		2.325000
197		5.500000
198		7.262500
199		5.975000
200		4.387500
201		1.325000
202		0.912500
203		-0.262500
204		0.975000
205		2.325000
206		1.687500
207		0.562500
208		-0.675000
209		-3.437500
210		-6.962500
211		-7.250000
212		-6.250000
213		-4.787500
214		-3.662500
215		-3.662500
216		-2.962500
217		-3.075000
218		-2.962500
219		-1.850000
220		0.562500
221		1.500000
222		1.687500
223		4.262500
224		2.037500
225		-0.137500
226		-0.200000
227		-2.375000
228		-4.662500
229		-3.962500
230		-3.962500
231		-2.787500
232		-1.487500
233		-0.375000
234		-1.200000
235		-1.312500
236		-1.262500
237		-2.725000
238		-1.787500
239		-1.025000
240		-1.025000
241		-0.900000
242		-1.200000
243		-1.087500
244		-1.087500
245		-2.025000
246		-1.550000
247		-2.437500
248		-0.550000
249		-0.962500
250		0.737500
251		1.387500
252		1.862500
253		1.387500
254		1.037500
255		3.562500
256		3.500000
257		3.500000
258		3.675000
259		4.387500
260		4.212500
261		2.212500
262		2.800000
263		2.037500
264		0.737500
265		1.037500
266		1.087500
267		1.212500
268		0.737500
269		0.737500
270		-2.075000
271		-0.675000
272		-1.087500
273		-1.962500
274		-1.375000
275		-1.262500
276		0.975000
277		0.562500
278		2.037500
279		1.975000
280		1.862500
281		3.325000
282		1.862500
283		1.087500
284		3.387500
285		3.037500
286		2.387500
287		2.387500
288		1.737500
289		0.975000
290		0.212500
291		-0.487500
292		-0.675000
293		-0.612500
294		1.275000
295		0.687500
296		3.325000
297		3.325000
298		5.800000
299		3.150000
300		2.037500
301		1.687500
302		0.800000
303		-0.087500
304		-1.025000
305		-0.487500
306		-1.850000
307		-0.137500
308		-0.312500
309		-0.312500
310		-1.787500
311		-0.962500
312		-1.087500
313		0.037500
314		1.975000
315		4.150000
316		4.387500
317		4.325000
318		3.450000
319		2.800000
320		0.800000
321		2.562500
322		1.275000
323		2.037500
324		3.737500
325		3.275000
326		4.500000
327		3.737500
328		3.800000
329		3.500000
330		6.150000
331		4.087500
332		4.625000
333		2.862500
334		4.800000
335		4.087500
336		2.087500
337		1.975000
338		0.687500
339		-1.200000
340		-3.900000
341		-4.437500
342		-4.612500
343		-6.375000
344		-4.725000
345		-5.075000
346		-4.200000
347		-4.025000
348		-1.675000
349		-0.675000
350		2.212500
351		2.562500
352		3.325000
353		3.212500
354		5.737500
355		7.325000
356		9.325000
357		9.612500
358		7.150000
359		3.625000
360		2.037500
361		0.325000
362		-0.025000
363		-0.487500
364		2.562500
365		3.450000
366		5.262500
367		4.625000
368		6.850000
369		6.562500
370		7.625000
371		10.262500
372		7.800000
373		5.975000
374		5.450000
375		2.562500
376		-0.137500
377		-0.900000
378		-0.675000
379		1.862500
380		3.450000
381		6.087500
382		6.975000
383		7.562500
384		6.800000
385		6.625000
386		4.212500
387		4.675000
388		3.500000
389		5.212500
390		5.087500
391		5.675000
392		5.212500
393		5.262500
394		4.625000
395		4.675000
396		4.500000
397		4.212500
398		4.212500
399		5.262500
400		4.387500
401		3.150000
402		0.862500
403		0.325000
404		-1.487500
405		-2.375000
406		-2.550000
407		-1.550000
408		-1.487500
409		-0.137500
410		0.625000
411		2.275000
412		3.150000
413		4.212500
414		5.975000
415		6.562500
416		7.037500
417		7.150000
418		6.975000
419		7.150000
420		5.037500
421		4.325000
422		3.912500
423		3.037500
424		3.212500
425		3.912500
426		3.862500
427		4.800000
428		4.037500
429		3.800000
430		2.625000
431		2.737500
432		2.037500
433		2.500000
434		2.675000
435		2.325000
436		3.087500
437		3.625000
438		3.500000
439		3.500000
440		4.262500
441		3.862500
442		4.675000
443		4.387500
444		3.737500
445		3.212500
446		3.150000
447		2.737500
448		2.862500
449		3.975000
450		2.562500
451		4.262500
452		4.387500
453		6.087500
454		6.562500
455		6.625000
456		6.437500
457		5.625000
458		4.675000
459		4.150000
460		3.087500
461		2.325000
462		1.562500
463		1.450000
464		0.687500
465		0.450000
466		1.450000
467		2.562500
468		3.625000
469		5.037500
470		6.387500
471		7.325000
472		7.037500
473		7.087500
474		5.800000
475		3.975000
476		3.562500
477		3.912500
478		3.450000
479		2.562500
480		3.212500
481		3.325000
482		3.150000
483		0.975000
484		1.150000
485		-0.962500
486		-2.375000
487		-3.025000
488		-3.137500
489		-1.850000
490		-1.850000
491		-0.550000
492		1.737500
493		2.450000
494		4.500000
495		5.150000
496		5.675000
497		5.675000
498		5.562500
499		4.262500
500		3.800000
501		2.325000
502		1.800000
503		0.325000
504		0.100000
505		-1.487500
506		-1.025000
507		-1.312500
508		-0.900000
509		-0.375000
510		0.387500
511		1.037500
512		2.562500
513		2.975000
514		4.562500
515		4.800000
516		4.912500
517		5.562500
518		4.625000
519		2.625000
520		1.150000
521		-0.675000
522		-1.312500
523		-1.675000
524		-2.437500
525		-1.200000
526		-0.487500
527		-0.025000
528		0.387500
529		0.500000
530		1.087500
531		0.625000
532		0.387500
533		-0.087500
534		-0.612500
535		-0.612500
536		-0.675000
537		-1.200000
538		0.275000
539		0.687500
540		1.975000
541		2.275000
542		3.450000
543		4.325000
544		4.912500
545		4.262500
546		3.212500
547		1.387500
548		-0.375000
549		-1.087500
550		-3.312500
551		-2.200000
552		-1.675000
553		-1.375000
554		0.037500
555		1.912500
556		1.975000
557		3.325000
558		3.625000
559		4.212500
560		4.262500
561		3.450000
562		3.212500
563		1.450000
564		1.625000
565		0.150000
566		-0.487500
567		-0.312500
568		0.212500
569		1.500000
570		1.975000
571		2.500000
572		3.212500
573		2.150000
574		2.625000
575		2.912500
576		1.737500
577		1.912500
578		1.625000
579		2.325000
580		3.150000
581		2.737500
582		2.800000
583		1.450000
584		2.737500
585		2.737500
586		2.675000
587		2.862500
588		1.450000
589		1.975000
590		1.450000
591		1.625000
592		1.087500
593		0.687500
594		1.087500
595		1.562500
596		2.625000
597		3.387500
598		5.325000
599		6.437500
600		7.387500
601		7.262500
602		7.150000
603		7.625000
604		6.737500
605		5.912500
606		3.912500
607		4.500000
608		4.037500
609		3.675000
610		2.912500
611		3.912500
612		2.625000
613		2.912500
614		4.325000
615		2.625000
616		3.500000
617		3.912500
618		2.912500
619		2.212500
620		2.625000
621		2.275000
622		2.275000
623		0.862500
624		1.562500
625		1.562500
626		2.150000
627		3.325000
628		3.800000
629		3.150000
630		4.325000
631		5.212500
632		4.912500
633		4.912500
634		4.625000
635		3.625000
636		3.212500
637		3.625000
638		1.150000
639		2.562500
640		1.687500
641		2.862500
642		2.212500
643		2.737500
644		3.087500
645		2.275000
646		3.150000
647		2.450000
648		3.450000
649		1.037500
650		-2.312500
651		-2.262500
652		-2.725000
653		-4.900000
654		-4.312500
655		-5.025000
656		-2.200000
657		0.100000
658		2.087500
659		2.325000
660		5.087500
661		5.850000
662		7.437500
663		7.150000
664		5.087500
665		2.037500
666		1.387500
667		0.562500
668		1.150000
669		1.737500
670		1.275000
671		2.800000
672		3.212500
673		5.975000
674		6.037500
675		5.450000
676		5.625000
677		5.625000
678		5.450000
679		5.387500
680		1.912500
681		-0.850000
682		-3.437500
683		-5.550000
684		-6.725000
685		-5.375000
686		-6.487500
687		-5.612500
688		-3.137500
689		-0.850000
690		-1.262500
691		-0.612500
692		0.275000
693		-0.025000
694		0.687500
695		-0.850000
696		-0.900000
697		-1.900000
698		-0.900000
699		0.325000
700		1.087500
701		1.087500
702		3.625000
703		4.850000
704		5.087500
705		5.037500
706		5.087500
707		4.037500
708		2.037500
709		0.912500
710		1.037500
711		0.275000
712		-0.612500
713		-0.262500
714		-0.312500
715		0.450000
716		1.387500
717		1.387500
718		1.087500
719		0.562500
720		1.737500
721		0.100000
722		-0.962500
723		-2.962500
724		-3.550000
725		-4.725000
726		-7.425000
727		-5.962500
728		-4.850000
729		-2.850000
730		-2.137500
731		-0.675000
732		-1.487500
733		-0.725000
734		-0.200000
735		-2.075000
736		-2.262500
737		-3.550000
738		-4.200000
739		-5.375000
740		-5.837500
741		-6.025000
742		-7.375000
743		-5.787500
744		-5.200000
745		-4.375000
746		-4.200000
747		-4.025000
748		-5.025000
749		-6.900000
750		-6.787500
751		-7.425000
752		-8.837500
753		-9.012500
754		-7.550000
755		-7.137500
756		-6.962500
757		-5.725000
758		-5.075000
759		-3.312500
760		-3.612500
761		-2.075000
762		-1.787500
763		-1.262500
764		-3.900000
765		-4.437500
766		-6.025000
767		-5.900000
768		-6.962500
769		-7.025000
770		-6.375000
771		-5.375000
772		-5.900000
773		-4.900000
774		-5.900000
775		-5.900000
776		-6.075000
777		-6.612500
778		-8.375000
779		-5.900000
780		-8.487500
781		-7.837500
782		-8.612500
783		-8.312500
784		-7.725000
785		-6.250000
786		-7.662500
787		-5.900000
788		-7.962500
789		-5.375000
790		-6.662500
791		-5.662500
792		-8.012500
793		-6.900000
794		-6.787500
795		-7.962500
796		-7.375000
797		-5.487500
798		-6.662500
799		-4.550000
800		-5.962500
801		-4.725000
802		-5.900000
803		-5.900000
804		-6.612500
805		-6.550000
806		-8.550000
807		-7.200000
808		-6.437500
809		-7.725000
810		-5.612500
811		-7.487500
812		-5.962500
813		-4.850000
814		-5.075000
815		-3.612500
816		-7.375000
817		-4.850000
818		-8.487500
819		-4.725000
820		-5.962500
821		-5.962500
822		-5.962500
823		-6.250000
824		-6.375000
825		-7.250000
826		-6.487500
827		-7.137500
828		-3.200000
829		-5.250000
830		-3.075000
831		-5.075000
832		-3.612500
833		-5.075000
834		-5.137500
835		-5.487500
836		-4.662500
837		-5.312500
838		-4.900000
839		-4.200000
840		-4.200000
841		-4.662500
842		-5.075000
843		-2.137500
844		-1.487500
845		-0.087500
846		-0.025000
847		-2.850000
848		-3.312500
849		-3.900000
850		-2.137500
851		-2.375000
852		0.275000
853		-0.087500
854		-2.962500
855		-5.075000
856		-11.250000
857		-14.362500
858		-16.424999
859		-18.250000
860		-17.362499
861		-14.837500
862		-11.837500
863		-8.787499
864		-8.900000
865		-8.550000
866		-11.837500
867		-11.012500
868		-13.550000
869		-12.187500
870		-9.425000
871		-6.375000
872		-0.675000
873		0.800000
874		0.737500
875		0.562500
876		-0.137500
877		-2.262500
878		-1.850000
879		-1.437500
880		-1.675000
881		-1.675000
882		-2.962500
883		-6.725000
884		-8.900000
885		-11.900000
886		-13.312500
887		-10.200000
888		-9.312500
889		-6.787500
890		-6.025000
891		-6.200000
892		-6.137500
893		-6.437500
894		-6.962500
895		-5.662500
896		-5.075000
897		-3.262500
898		-3.137500
899		-3.025000
900		-4.437500
901		-4.550000
902		-5.437500
903		-5.787500
904		-6.662500
905		-6.375000
906		-6.375000
907		-5.375000
908		-5.375000
909		-5.612500
910		-5.250000
911		-5.612500
912		-5.900000
913		-4.962500
914		-4.850000
915		-3.262500
916		-2.262500
917		-3.375000
918		-2.850000
919		-3.550000
920		-4.900000
921		-5.025000
922		-4.025000
923		-3.612500
924		-3.612500
925		-1.375000
926		-1.312500
927		-1.787500
928		-2.675000
929		-3.025000
930		-3.025000
931		-1.487500
932		-1.550000
933		-0.962500
934		-1.550000
935		-0.200000
936		-1.375000
937		-2.075000
938		-2.962500
939		-3.725000
940		-3.550000
941		-3.850000
942		-3.962500
943		-3.200000
944		-4.612500
945		-2.725000
946		-4.900000
947		-4.487500
948		-4.725000
949		-4.137500
950		-3.312500
951		-2.850000
952		-3.137500
953		-2.725000
954		-3.312500
955		-2.850000
956		-3.200000
957		-2.262500
958		-1.787500
959		-2.200000
960		-1.725000
961		-2.075000
962		-3.262500
963		-3.612500
964		-3.262500
965		-3.437500
966		-3.850000
967		-3.962500
968		-3.312500
969		-3.487500
970		-3.550000
971		-1.850000
972		-1.962500
973		-0.962500
974		-0.312500
975		-0.900000
976		-0.375000
977		-0.487500
978		-2.137500
979		-3.550000
980		-4.375000
981		-4.437500
982		-4.787500
983		-3.850000
984		-4.550000
985		-4.025000
986		-3.900000
987		-4.900000
988		-4.787500
989		-3.437500
990		-1.612500
991		-1.087500
992		0.562500
993		2.150000
994		2.037500
995		1.450000
996		-0.437500
997		-1.137500
998		-1.375000
999		-1.262500
1000		0.037500
1001		0.150000
1002		0.800000
1003		1.212500
1004		1.737500
1005		2.212500
1006		1.975000
1007		2.150000
1008		1.975000
1009		1.212500
1010		1.975000
1011		1.212500
1012		0.800000
1013		-0.312500
1014		-1.087500
1015		-4.075000
1016		-5.662500
1017		-7.025000
1018		-8.075000
1019		-7.662500
1020		-6.375000
1021		-5.900000
1022		-5.550000
1023		-4.025000
1024		-2.137500
1025		-1.200000
1026		0.625000
1027		0.975000
1028		1.975000
1029		2.275000
1030		4.500000
1031		5.850000
1032		6.437500
1033		6.262500
1034		4.500000
1035		2.037500
1036		-0.087500
1037		-1.025000
1038		-1.137500
1039		0.275000
1040		1.975000
1041		2.037500
1042		3.037500
1043		2.562500
1044		3.150000
1045		4.262500
1046		4.562500
1047		5.500000
1048		6.037500
1049		3.800000
1050		1.450000
1051		-2.375000
1052		-4.200000
1053		-5.250000
1054		-4.025000
1055		-0.900000
1056		0.387500
1057		4.212500
1058		3.862500
1059		3.325000
1060		2.325000
1061		0.150000
1062		-0.312500
1063		-0.375000
1064		-1.025000
1065		-1.087500
1066		-0.612500
1067		2.087500
1068		2.975000
1069		2.325000
1070		1.275000
1071		2.275000
1072		0.912500
1073		3.800000
1074		2.862500
1075		1.912500
1076		1.737500
1077		-0.962500
1078		-3.375000
1079		-4.550000
1080		-4.612500
1081		-4.850000
1082		-4.375000
1083		-4.075000
1084		-3.662500
1085		-0.900000
1086		0.275000
1087		0.687500
1088		0.800000
1089		1.737500
1090		0.975000
1091		2.325000
1092		2.150000
1093		2.912500
1094		3.037500
1095		1.150000
1096		2.562500
1097		1.387500
1098		1.975000
1099		1.087500
1100		2.387500
1101		1.500000
1102		2.500000
1103		1.562500
1104		-1.675000
1105		-0.487500
1106		-1.900000
1107		-2.375000
1108		-1.550000
1109		0.500000
1110		-0.087500
1111		0.975000
1112		0.387500
1113		0.275000
1114		0.275000
1115		2.325000
1116		1.150000
1117		1.625000
1118		-0.137500
1119		0.975000
1120		-0.437500
1121		-0.487500
1122		-1.962500
1123		-1.087500
1124		-2.487500
1125		-1.137500
1126		-0.025000
1127		1.387500
1128		2.912500
1129		4.675000
1130		4.500000
1131		3.500000
1132		2.325000
1133		2.975000
1134		0.737500
1135		0.212500
1136		-1.487500
1137		0.275000
1138		-2.025000
1139		-1.487500
1140		-1.550000
1141		-1.675000
1142		-0.375000
1143		2.150000
1144		1.912500
1145		3.737500
1146		2.450000
1147		3.500000
1148		2.325000
1149		2.737500
1150		1.325000
1151		0.450000
1152		1.275000
1153		0.975000
1154		2.625000
1155		1.737500
1156		3.450000
1157		1.325000
1158		2.150000
1159		0.100000
1160		-0.375000
1161		-4.612500
1162		-5.200000
1163		-5.137500
1164		-4.550000
1165		-3.437500
1166		-2.487500
1167		-0.375000
1168		1.150000
1169		4.037500
1170		5.262500
1171		4.262500
1172		4.975000
1173		5.387500
1174		3.800000
1175		2.562500
1176		2.212500
1177		0.037500
1178		-1.375000
1179		-1.200000
1180		-0.375000
1181		-1.200000
1182		-1.137500
1183		0.212500
1184		-1.087500
1185		0.975000
1186		-0.787500
1187		1.387500
1188		0.800000
1189		1.737500
1190		4.087500
1191		3.800000
1192		3.450000
1193		2.150000
1194		1.687500
1195		0.800000
1196		0.275000
1197		-0.025000
1198		-1.087500
1199		-0.675000
1200		-0.487500
1201		0.387500
1202		-0.087500
1203		0.450000
1204		0.275000
1205		-0.487500
1206		-0.612500
1207		-0.787500
1208		0.500000
1209		0.150000
1210		-0.200000
1211		-0.375000
1212		0.275000
1213		0.912500
1214		2.150000
1215		2.037500
1216		3.037500
1217		3.562500
1218		3.500000
1219		4.912500
1220		5.262500
1221		2.912500
1222		1.450000
1223		-0.675000
1224		-1.262500
1225		-0.675000
1226		-0.200000
1227		1.087500
1228		2.212500
1229		3.387500
1230		5.500000
1231		5.625000
1232		7.850000
1233		7.325000
1234		7.037500
1235		7.150000
1236		5.912500
1237		5.850000
1238		5.850000
1239		4.087500
1240		4.262500
1241		5.212500
1242		4.975000
1243		6.262500
1244		8.737500
1245		7.737500
1246		8.437500
1247		9.025001
1248		8.087501
1249		7.437500
1250		6.850000
1251		8.612500
1252		6.912500
1253		6.087500
1254		6.500000
1255		7.262500
1256		8.150001
1257		8.150001
1258		7.850000
1259		10.562500
1260		9.612500
1261		7.087500
1262		7.212500
1263		6.975000
1264		3.037500
1265		4.037500
1266		2.975000
1267		4.800000
1268		4.262500
1269		7.037500
1270		7.387500
1271		8.912500
1272		8.612500
1273		9.912500
1274		11.737500
1275		10.675000
1276		11.025001
1277		10.387500
1278		10.200000
1279		10.850000
1280		11.612500
1281		10.800000
1282		9.437500
1283		9.675000
1284		10.387500
1285		9.912500
1286		7.737500
1287		9.737500
1288		8.912500
1289		9.612500
1290		7.850000
1291		9.675000
1292		8.737500
1293		7.737500
1294		9.675000
1295		7.800000
1296		9.325000
1297		9.387500
1298		9.675000
1299		8.675000
1300		8.562500
1301		8.025001
1302		9.500000
1303		9.562500
1304		9.212501
1305		11.675000
1306		9.262500
1307		9.212501
1308		11.087501
1309		10.500000
1310		11.975000
1311		10.087501
1312		10.675000
1313		10.562500
1314		9.675000
1315		10.200000
1316		9.500000
1317		8.387500
1318		8.800000
1319		8.325000
1320		8.325000
1321		9.675000
1322		9.437500
1323		10.325000
1324		8.025001
1325		7.437500
1326		4.975000
1327		3.675000
1328		2.450000
1329		1.562500
1330		1.737500
1331		2.150000
1332		2.862500
1333		4.037500
1334		5.675000
1335		8.387500
1336		10.562500
1337		11.325000
1338		12.737500
1339		10.500000
1340		9.387500
1341		5.912500
1342		6.562500
1343		5.087500
1344		6.087500
1345		4.675000
1346		7.912500
1347		9.025001
1348		10.262500
1349		11.087501
1350		11.737500
1351		12.850000
1352		10.200000
1353		11.675000
1354		9.975000
1355		8.025001
1356		5.087500
1357		4.325000
1358		4.087500
1359		2.325000
1360		2.975000
1361		2.212500
1362		2.675000
1363		0.912500
1364		4.037500
1365		4.325000
1366		4.087500
1367		3.562500
1368		4.500000
1369		4.850000
1370		3.500000
1371		5.675000
1372		4.037500
1373		5.500000
1374		5.850000
1375		7.675000
1376		9.325000
1377		10.800000
1378		12.500000
1379		10.850000
1380		11.200000
1381		11.437500
1382		8.800000
1383		8.437500
1384		5.800000
1385		6.087500
1386		5.387500
1387		6.737500
1388		7.037500
1389		7.150000
1390		7.262500
1391		7.325000
1392		7.975000
1393		6.737500
1394		6.562500
1395		4.675000
1396		3.737500
1397		1.450000
1398		-0.025000
1399		-1.487500
1400		-1.375000
1401		-2.375000
1402		-1.487500
1403		-1.375000
1404		0.500000
1405		1.387500
1406		2.625000
1407		2.562500
1408		2.975000
1409		1.975000
1410		1.737500
1411		0.800000
1412		0.687500
1413		0.387500
1414		0.500000
1415		-0.725000
1416		-0.087500
1417		-0.137500
1418		0.275000
1419		1.387500
1420		1.387500
1421		1.325000
1422		-0.025000
1423		-1.850000
1424		-2.900000
1425		-2.962500
1426		-3.487500
1427		-4.612500
1428		-3.850000
1429		-3.025000
1430		-2.075000
1431		-0.725000
1432		-0.675000
1433		-0.262500
1434		1.562500
1435		1.687500
1436		2.037500
1437		1.862500
1438		2.037500
1439		2.037500
1440		2.325000
1441		0.450000
1442		0.212500
1443		0.275000
1444		-0.087500
1445		0.687500
1446		0.625000
1447		0.450000
1448		1.150000
1449		1.387500
1450		-0.312500
1451		0.800000
1452		-1.487500
1453		-1.087500
1454		-1.262500
1455		-1.087500
1456		-1.850000
1457		-1.262500
1458		-1.850000
1459		-0.850000
1460		-1.437500
1461		-1.200000
1462		-0.612500
1463		-1.850000
1464		-2.025000
1465		-1.850000
1466		-2.787500
1467		-1.675000
1468		-3.025000
1469		-1.675000
1470		-1.487500
1471		-1.487500
1472		-1.137500
1473		0.450000
1474		-0.312500
1475		0.562500
1476		0.100000
1477		0.325000
1478		-1.675000
1479		-0.962500
1480		-2.075000
1481		-1.962500
1482		-1.962500
1483		-0.900000
1484		-2.075000
1485		-1.850000
1486		-2.437500
1487		-1.312500
1488		-1.787500
1489		-0.437500
1490		-0.675000
1491		-0.025000
1492		-0.675000
1493		-0.787500
1494		-0.787500
1495		-1.200000
1496		-1.487500
1497		-0.962500
1498		-2.200000
1499		-0.900000
1500		-1.137500
1501		-1.675000
1502		-0.487500
1503		-0.137500
1504		0.275000
1505		0.275000
1506		-0.312500
1507		0.387500
1508		-0.612500
1509		0.100000
1510		-0.200000
1511		-0.262500
1512		-0.262500
1513		-0.025000
1514		0.500000
1515		-0.675000
1516		-0.025000
1517		0.500000
1518		1.325000
1519		2.500000
1520		3.325000
1521		2.450000
1522		2.625000
1523		0.687500
1524		0.800000
1525		1.087500
1526		2.562500
1527		4.262500
1528		3.500000
1529		0.737500
1530		-2.962500
1531		-6.550000
1532		-9.724999
1533		-13.012500
1534		-12.837500
1535		-13.137500
1536		-11.599999
1537		-9.425000
1538		-6.787500
1539		-6.075000
1540		-5.312500
1541		-5.662500
1542		-7.250000
1543		-7.837500
1544		-5.787500
1545		-3.725000
1546		-0.962500
1547		2.625000
1548		4.912500
1549		5.800000
1550		4.562500
1551		3.912500
1552		2.275000
1553		0.275000
1554		2.212500
1555		0.450000
1556		1.562500
1557		0.500000
1558		-1.612500
1559		-6.962500
1560		-6.787500
1561		-8.724999
1562		-7.025000
1563		-5.962500
1564		-4.025000
1565		-2.962500
1566		-2.262500
1567		-4.250000
1568		-2.900000
1569		-4.075000
1570		-3.612500
1571		-1.550000
1572		0.687500
1573		0.500000
1574		-0.550000
1575		-2.725000
1576		-3.437500
1577		-4.787500
1578		-6.250000
1579		-6.900000
1580		-6.200000
1581		-5.200000
1582		-4.312500
1583		-3.262500
1584		-4.200000
1585		-4.250000
1586		-4.787500
1587		-5.787500
1588		-6.375000
1589		-5.837500
1590		-5.612500
1591		-5.612500
1592		-4.787500
1593		-4.550000
1594		-4.850000
1595		-6.200000
1596		-6.137500
1597		-5.250000
1598		-5.787500
1599		-3.900000
1600		-3.312500
1601		-4.312500
1602		-3.900000
1603		-4.612500
1604		-3.550000
1605		-3.725000
1606		-2.137500
1607		-2.137500
1608		-1.200000
1609		-0.787500
1610		-0.550000
1611		-1.962500
1612		-1.962500
1613		-3.437500
1614		-3.550000
1615		-4.200000
1616		-5.312500
1617		-6.250000
1618		-5.025000
1619		-5.250000
1620		-6.487500
1621		-6.250000
1622		-6.787500
1623		-6.250000
1624		-6.662500
1625		-5.375000
1626		-5.075000
1627		-4.487500
1628		-5.025000
1629		-5.375000
1630		-5.787500
1631		-4.787500
1632		-5.200000
1633		-2.962500
1634		-3.787500
1635		-3.612500
1636		-4.375000
1637		-2.312500
1638		-5.437500
1639		-5.025000
1640		-6.375000
1641		-7.662500
1642		-8.250000
1643		-6.662500
1644		-4.487500
1645		-5.075000
1646		-5.200000
1647		-4.487500
1648		-3.437500
1649		-3.075000
1650		-3.025000
1651		-4.437500
1652		-5.250000
1653		-6.787500
1654		-7.962500
1655		-8.250000
1656		-9.075000
1657		-8.900000
1658		-8.487500
1659		-7.550000
1660		-9.200000
1661		-8.550000
1662		-8.550000
1663		-6.375000
1664		-6.962500
1665		-5.250000
1666		-3.850000
1667		-2.850000
1668		-2.375000
1669		-1.375000
1670		-4.612500
1671		-4.250000
1672		-5.312500
1673		-6.662500
1674		-5.025000
1675		-4.662500
1676		-5.200000
1677		-3.612500
1678		-3.437500
1679		-1.787500
1680		-3.025000
1681		-2.075000
1682		-2.075000
1683		-1.262500
1684		-2.550000
1685		-1.962500
1686		-1.900000
1687		-2.550000
1688		-3.312500
1689		-5.662500
1690		-7.962500
1691		-10.075000
1692		-10.550000
1693		-12.137500
1694		-10.787499
1695		-10.075000
1696		-9.250000
1697		-8.837500
1698		-8.312500
1699		-6.250000
1700		-4.900000
1701		-3.312500
1702		-2.137500
1703		-1.375000
1704		-0.787500
1705		1.387500
1706		3.737500
1707		2.275000
1708		2.912500
1709		1.275000
1710		-1.437500
1711		-4.137500
1712		-5.962500
1713		-5.612500
1714		-3.025000
1715		-2.550000
1716		-2.850000
1717		-2.550000
1718		-2.550000
1719		-1.787500
1720		-0.262500
1721		0.800000
1722		1.862500
1723		0.687500
1724		0.737500
1725		-1.962500
1726		-3.487500
1727		-6.487500
1728		-6.962500
1729		-7.550000
1730		-4.725000
1731		-3.850000
1732		-1.962500
1733		-2.137500
1734		-1.087500
1735		-2.137500
1736		-2.075000
1737		-3.137500
1738		-3.137500
1739		-2.437500
1740		-2.962500
1741		-2.612500
1742		-0.312500
1743		-1.487500
1744		-1.962500
1745		-2.375000
1746		-3.850000
1747		-4.075000
1748		-2.200000
1749		-2.550000
1750		-2.437500
1751		-3.962500
1752		-4.250000
1753		-5.900000
1754		-7.250000
1755		-8.724999
1756		-8.312500
1757		-9.012500
1758		-8.012500
1759		-7.837500
1760		-5.612500
1761		-4.612500
1762		-3.900000
1763		-3.550000
1764		-1.487500
1765		0.912500
1766		0.212500
1767		0.862500
1768		1.800000
1769		0.975000
1770		1.450000
1771		-1.675000
1772		-1.200000
1773		-3.437500
1774		-4.725000
1775		-4.200000
1776		-2.612500
1777		-2.075000
1778		-2.612500
1779		-2.675000
1780		-3.850000
1781		-4.900000
1782		-3.312500
1783		-2.725000
1784		-4.900000
1785		-1.725000
1786		-3.312500
1787		-4.725000
1788		-4.375000
1789		-3.487500
1790		-5.137500
1791		-3.612500
1792		-2.787500
1793		-2.025000
1794		-2.137500
1795		-2.725000
1796		-4.075000
1797		-3.612500
1798		-4.612500
1799		-5.962500
1800		-3.962500
1801		-6.375000
1802		-5.487500
1803		-3.900000
1804		-2.075000
1805		-1.487500
1806		-0.312500
1807		-0.612500
1808		-0.962500
1809		-3.262500
1810		-2.075000
1811		-5.200000
1812		-6.662500
1813		-7.075000
1814		-5.487500
1815		-8.425000
1816		-6.200000
1817		-4.725000
1818		-4.550000
1819		-3.487500
1820		-0.725000
1821		1.562500
1822		0.862500
1823		0.212500
1824		-0.262500
1825		-0.850000
1826		-1.850000
1827		-1.550000
1828		-3.200000
1829		-1.962500
1830		-3.137500
1831		-1.850000
1832		-1.787500
1833		-2.675000
1834		-3.137500
1835		-6.787500
1836		-6.487500
1837		-7.250000
1838		-6.662500
1839		-8.787499
1840		-6.375000
1841		-7.900000
1842		-4.200000
1843		-2.612500
1844		-2.262500
1845		0.325000
1846		-0.962500
1847		0.800000
1848		-1.262500
1849		1.087500
1850		-1.375000
1851		-2.612500
1852		-3.437500
1853		-3.612500
1854		-4.900000
1855		-4.437500
1856		-6.137500
1857		-6.312500
1858		-5.075000
1859		-5.437500
1860		-4.200000
1861		-3.725000
1862		-4.487500
1863		-3.137500
1864		-2.437500
1865		0.100000
1866		-1.900000
1867		-1.087500
1868		-2.437500
1869		-2.675000
1870		-4.900000
1871		-5.725000
1872		-6.312500
1873		-5.612500
1874		-6.837500
1875		-4.900000
1876		-5.612500
1877		-3.025000
1878		-4.900000
1879		-3.262500
1880		-5.487500
1881		-5.437500
1882		-6.487500
1883		-4.075000
1884		-5.487500
1885		-4.437500
1886		-4.437500
1887		-4.850000
1888		-4.787500
1889		-3.375000
1890		-1.850000
1891		-1.312500
1892		-0.087500
1893		0.037500
1894		0.562500
1895		1.450000
1896		0.687500
1897		-1.262500
1898		-2.787500
1899		-5.025000
1900		-5.025000
1901		-5.312500
1902		-3.550000
1903		-1.375000
1904		-0.025000
1905		0.737500
1906		2.212500
1907		2.912500
1908		3.450000
1909		3.625000
1910		4.325000
1911		2.800000
1912		2.387500
1913		2.862500
1914		1.737500
1915		1.087500
1916		2.625000
1917		1.500000
1918		2.212500
1919		2.862500
1920		4.262500
1921		4.500000
1922		5.212500
1923		4.212500
1924		4.737500
1925		3.737500
1926		3.325000
1927		3.325000
1928		4.037500
1929		3.737500
1930		4.387500
1931		4.500000
1932		4.675000
1933		4.387500
1934		4.262500
1935		4.387500
1936		3.450000
1937		3.037500
1938		2.387500
1939		0.687500
1940		1.275000
1941		0.100000
1942		0.212500
1943		-0.025000
1944		1.325000
1945		2.150000
1946		3.450000
1947		3.625000
1948		5.387500
1949		4.975000
1950		6.262500
1951		6.037500
1952		6.562500
1953		6.675000
1954		5.800000
1955		6.087500
1956		5.737500
1957		5.262500
1958		5.562500
1959		4.737500
1960		4.675000
1961		4.262500
1962		4.262500
1963		4.912500
1964		4.500000
1965		4.625000
1966		4.800000
1967		4.850000
1968		4.625000
1969		5.150000
1970		5.087500
1971		5.675000
1972		5.975000
1973		5.675000
1974		5.625000
1975		4.675000
1976		4.800000
1977		5.675000
1978		5.262500
1979		5.212500
1980		6.087500
1981		6.262500
1982		6.500000
1983		7.325000
1984		7.037500
1985		7.387500
1986		8.262500
1987		7.850000
1988		8.262500
1989		7.262500
1990		7.037500
1991		7.212500
1992		6.087500
1993		6.437500
1994		5.625000
1995		5.850000
1996		5.212500
1997		5.325000
1998		6.437500
1999		5.675000
2000		4.975000
2001		4.037500
2002		2.500000
2003		1.862500
2004		0.150000
2005		0.212500
2006		-0.550000
2007		0.562500
2008		0.562500
2009		1.912500
2010		3.862500
2011		6.262500
2012		7.212500
2013		9.800000
2014		8.500000
2015		8.975000
2016		6.850000
2017		5.500000
2018		3.737500
2019		3.912500
2020		3.975000
2021		5.150000
2022		5.562500
2023		7.325000
2024		7.562500
2025		10.500000
2026		9.612500
2027		10.612500
2028		11.787500
2029		10.675000
2030		9.087501
2031		8.325000
2032		5.912500
2033		4.212500
2034		2.037500
2035		1.275000
2036		0.387500
2037		0.562500
2038		1.150000
2039		2.275000
2040		3.912500
2041		3.675000
2042		4.325000
2043		4.387500
2044		3.212500
2045		2.562500
2046		1.562500
2047		1.912500
2048		1.212500
2049		1.625000
2050		1.387500
2051		4.675000
2052		4.087500
2053		4.625000
2054		6.037500
2055		7.387500
2056		7.850000
2057		8.087501
2058		5.562500
2059		6.262500
2060		3.737500
2061		4.675000
2062		1.975000
2063		4.087500
2064		2.737500
2065		3.800000
2066		3.325000
2067		2.862500
2068		5.037500
2069		3.275000
2070		1.275000
2071		1.387500
2072		-0.487500
2073		-1.262500
2074		-2.312500
2075		-4.662500
2076		-4.900000
2077		-5.375000
2078		-3.612500
2079		-2.262500
2080		-1.200000
2081		-0.900000
2082		0.862500
2083		0.150000
2084		1.325000
2085		-0.312500
2086		-0.437500
2087		-1.137500
2088		0.037500
2089		-1.200000
2090		-0.375000
2091		-2.137500
2092		-1.137500
2093		-1.675000
2094		-1.550000
2095		-1.087500
2096		-0.550000
2097		-2.850000
2098		-1.675000
2099		-5.375000
2100		-4.200000
2101		-8.250000
2102		-5.487500
2103		-5.787500
2104		-4.725000
2105		-5.250000
2106		-4.025000
2107		-5.025000
2108		-3.487500
2109		-5.662500
2110		-3.312500
2111		-4.550000
2112		-3.612500
2113		-4.025000
2114		-3.662500
2115		-1.487500
2116		-1.962500
2117		-2.262500
2118		-1.787500
2119		-2.725000
2120		-0.487500
2121		-1.962500
2122		-0.312500
2123		-2.487500
2124		-0.900000
2125		-2.075000
2126		-1.262500
2127		-2.137500
2128		-2.550000
2129		-2.725000
2130		-2.437500
2131		-1.725000
2132		-2.900000
2133		-2.312500
2134		-3.137500
2135		-3.725000
2136		-4.662500
2137		-3.787500
2138		-5.312500
2139		-4.787500
2140		-3.262500
2141		-3.487500
2142		-5.025000
2143		-3.025000
2144		-4.025000
2145		-2.962500
2146		-3.375000
2147		-3.025000
2148		-2.850000
2149		-1.487500
2150		-1.787500
2151		-2.312500
2152		-3.312500
2153		-0.675000
2154		-0.962500
2155		-1.137500
2156		-3.312500
2157		-3.375000
2158		-1.962500
2159		-1.675000
2160		-1.200000
2161		-1.962500
2162		-2.437500
2163		-0.962500
2164		-1.137500
2165		-0.025000
2166		-1.375000
2167		-0.962500
2168		-1.787500
2169		-1.375000
2170		-1.312500
2171		-1.025000
2172		-1.675000
2173		-1.962500
2174		-1.612500
2175		-0.787500
2176		-2.675000
2177		-1.200000
2178		-3.312500
2179		-1.787500
2180		-1.675000
2181		-1.312500
2182		-1.025000
2183		-0.787500
2184		-1.262500
2185		-0.850000
2186		-1.087500
2187		-0.487500
2188		0.150000
2189		-0.025000
2190		0.037500
2191		-0.137500
2192		0.500000
2193		1.275000
2194		1.212500
2195		3.212500
2196		2.275000
2197		3.275000
2198		1.387500
2199		1.150000
2200		1.325000
2201		0.387500
2202		2.912500
2203		3.737500
2204		3.675000
2205		0.800000
2206		-3.612500
2207		-7.837500
2208		-10.375000
2209		-11.187500
2210		-12.599999
2211		-11.312500
2212		-9.787499
2213		-7.250000
2214		-5.487500
2215		-4.662500
2216		-4.787500
2217		-6.437500
2218		-5.787500
2219		-5.075000
2220		-3.312500
2221		0.212500
2222		3.087500
2223		4.625000
2224		7.437500
2225		8.150001
2226		6.037500
2227		5.087500
2228		4.037500
2229		4.912500
2230		4.737500
2231		5.500000
2232		6.325000
2233		3.150000
2234		0.275000
2235		-1.725000
2236		-3.262500
2237		-4.312500
2238		-2.075000
2239		-2.487500
2240		0.212500
2241		1.562500
2242		-0.375000
2243		0.100000
2244		1.975000
2245		2.087500
2246		2.275000
2247		3.087500
2248		4.562500
2249		4.037500
2250		3.737500
2251		2.387500
2252		0.975000
2253		-0.900000
2254		-1.437500
2255		-0.725000
2256		-0.787500
2257		-1.025000
2258		0.387500
2259		-0.900000
2260		0.212500
2261		-0.787500
2262		-0.087500
2263		-1.675000
2264		-0.612500
2265		-0.312500
2266		-0.025000
2267		-0.675000
2268		-0.087500
2269		-0.137500
2270		-1.200000
2271		-2.962500
2272		1.037500
2273		-0.900000
2274		0.737500
2275		0.737500
2276		2.562500
2277		0.500000
2278		0.912500
2279		1.800000
2280		1.212500
2281		2.087500
2282		2.450000
2283		2.975000
2284		3.737500
2285		4.500000
2286		4.625000
2287		4.625000
2288		3.325000
2289		2.150000
2290		0.800000
2291		0.450000
2292		1.037500
2293		0.912500
2294		0.625000
2295		0.450000
2296		0.325000
2297		-1.487500
2298		0.037500
2299		0.450000
2300		-0.550000
2301		1.087500
2302		1.150000
2303		1.150000
2304		3.325000
2305		2.037500
2306		0.387500
2307		2.737500
2308		1.975000
2309		0.975000
2310		1.387500
2311		2.800000
2312		2.737500
2313		2.562500
2314		1.562500
2315		0.625000
2316		0.800000
2317		-0.850000
2318		-0.787500
2319		-0.312500
2320		-0.850000
2321		0.500000
2322		2.150000
2323		2.387500
2324		3.325000
2325		1.800000
2326		2.212500
2327		0.562500
2328		-1.087500
2329		-1.437500
2330		-3.075000
2331		-3.437500
2332		-2.725000
2333		-3.312500
2334		-2.725000
2335		-2.437500
2336		-2.725000
2337		-3.662500
2338		-1.900000
2339		-1.962500
2340		-0.312500
2341		0.737500
2342		2.562500
2343		2.500000
2344		2.562500
2345		2.912500
2346		0.625000
2347		-0.200000
2348		-0.725000
2349		0.862500
2350		0.212500
2351		2.862500
2352		1.975000
2353		3.212500
2354		2.912500
2355		2.975000
2356		3.325000
2357		4.625000
2358		4.212500
2359		2.275000
2360		2.450000
2361		3.800000
2362		3.037500
2363		2.087500
2364		0.100000
2365		-0.612500
2366		-4.487500
2367		-4.250000
2368		-5.200000
2369		-4.725000
2370		-5.487500
2371		-3.025000
2372		-3.262500
2373		-1.550000
2374		-1.787500
2375		0.625000
2376		2.037500
2377		3.912500
2378		3.737500
2379		5.675000
2380		6.387500
2381		8.387500
2382		9.800000
2383		9.850000
2384		8.850000
2385		5.850000
2386		4.325000
2387		1.687500
2388		-0.612500
2389		1.150000
2390		0.912500
2391		2.325000
2392		2.087500
2393		2.450000
2394		2.325000
2395		3.450000
2396		3.212500
2397		3.625000
2398		4.500000
2399		3.975000
2400		2.562500
2401		0.562500
2402		-2.137500
2403		-3.025000
2404		-3.262500
2405		-1.487500
2406		-0.312500
2407		1.862500
2408		2.450000
2409		3.325000
2410		2.800000
2411		2.800000
2412		1.687500
2413		1.800000
2414		1.975000
2415		1.387500
2416		2.037500
2417		2.562500
2418		2.737500
2419		2.275000
2420		2.562500
2421		1.625000
2422		1.387500
2423		0.975000
2424		1.625000
2425		1.687500
2426		0.975000
2427		0.150000
2428		-1.550000
2429		-2.025000
2430		-2.850000
2431		-3.962500
2432		-2.675000
2433		-2.262500
2434		-0.437500
2435		0.500000
2436		1.087500
2437		2.150000
2438		4.450000
2439		4.800000
2440		6.262500
2441		7.437500
2442		7.500000
2443		7.850000
2444		8.500000
2445		7.212500
2446		6.500000
2447		5.325000
2448		4.325000
2449		4.037500
2450		3.800000
2451		2.862500
2452		4.737500
2453		2.737500
2454		4.037500
2455		2.037500
2456		2.275000
2457		1.562500
2458		1.862500
2459		1.275000
2460		2.562500
2461		1.562500
2462		2.450000
2463		2.150000
2464		3.037500
2465		2.450000
2466		3.325000
2467		3.150000
2468		3.862500
2469		3.087500
2470		2.862500
2471		2.862500
2472		2.275000
2473		1.562500
2474		2.150000
2475		0.975000
2476		1.687500
2477		2.150000
2478		2.625000
2479		3.737500
2480		4.325000
2481		3.675000
2482		4.387500
2483		2.275000
2484		2.325000
2485		1.325000
2486		0.975000
2487		-0.375000
2488		0.100000
2489		-0.675000
2490		-0.025000
2491		-0.675000
2492		0.212500
2493		0.100000
2494		1.975000
2495		3.087500
2496		4.912500
2497		5.212500
2498		5.562500
2499		5.450000
2500		5.212500
2501		3.800000
2502		3.675000
2503		2.625000
2504		3.387500
2505		2.275000
2506		3.037500
2507		2.912500
2508		2.450000
2509		1.450000
2510		-0.675000
2511		-2.075000
2512		-3.025000
2513		-4.487500
2514		-4.250000
2515		-3.437500
2516		-2.850000
2517		-1.262500
2518		-1.025000
2519		-0.025000
2520		1.087500
2521		1.800000
2522		3.450000
2523		4.087500
2524		4.037500
2525		4.450000
2526		2.862500
2527		2.625000
2528		2.087500
2529		0.625000
2530		-0.612500
2531		-1.487500
2532		-1.487500
2533		-2.137500
2534		-1.787500
2535		-0.725000
2536		-0.787500
2537		1.150000
2538		0.975000
2539		2.912500
2540		3.625000
2541		3.862500
2542		3.325000
2543		3.325000
2544		1.087500
2545		0.387500
2546		-1.550000
2547		-2.675000
2548		-3.262500
2549		-2.487500
2550		-2.550000
2551		-1.850000
2552		-0.375000
2553		0.975000
2554		1.387500
2555		0.625000
2556		0.037500
2557		-1.025000
2558		-1.725000
2559		-0.900000
2560		-2.262500
2561		-2.437500
2562		-1.787500
2563		-2.137500
2564		-1.087500
2565		-0.312500
2566		0.625000
2567		1.975000
2568		3.625000
2569		5.212500
2570		5.450000
2571		4.625000
2572		2.325000
2573		-0.087500
2574		-1.200000
2575		-2.787500
2576		-3.312500
2577		-2.375000
2578		-1.437500
2579		0.687500
2580		2.862500
2581		3.450000
2582		3.625000
2583		3.625000
2584		4.562500
2585		4.387500
2586		4.675000
2587		3.150000
2588		2.800000
2589		2.275000
2590		1.975000
2591		1.737500
2592		0.212500
2593		0.387500
2594		1.275000
2595		2.675000
2596		3.150000
2597		4.037500
2598		4.262500
2599		3.450000
2600		3.450000
2601		2.625000
2602		2.325000
2603		0.737500
2604		1.562500
2605		1.087500
2606		1.975000
2607		2.450000
2608		2.450000
2609		1.325000
2610		2.862500
2611		2.037500
2612		2.450000
2613		1.862500
2614		1.975000
2615		0.800000
2616		-0.487500
2617		1.087500
2618		0.450000
2619		0.212500
2620		0.387500
2621		2.037500
2622		3.625000
2623		4.387500
2624		6.262500
2625		4.737500
2626		5.212500
2627		6.150000
2628		5.850000
2629		5.262500
2630		5.262500
2631		4.562500
2632		4.262500
2633		3.087500
2634		4.625000
2635		1.562500
2636		2.562500
2637		2.212500
2638		2.150000
2639		3.450000
2640		3.800000
2641		3.500000
2642		3.675000
2643		0.687500
2644		2.325000
2645		1.387500
2646		2.275000
2647		1.912500
2648		2.912500
2649		1.562500
2650		2.562500
2651		1.975000
2652		4.387500
2653		1.325000
2654		1.862500
2655		2.625000
2656		3.562500
2657		2.325000
2658		2.625000
2659		3.037500
2660		3.800000
2661		3.675000
2662		4.087500
2663		3.325000
2664		4.325000
2665		3.037500
2666		2.562500
2667		3.325000
2668		2.800000
2669		3.037500
2670		1.737500
2671		0.862500
2672		2.387500
2673		1.087500
2674		1.737500
2675		1.975000
2676		0.212500
2677		-0.437500
2678		-1.200000
2679		-1.612500
2680		-2.262500
2681		-3.262500
2682		-4.137500
2683		-3.137500
2684		-2.962500
2685		-1.200000
2686		-0.375000
2687		1.625000
2688		5.087500
2689		7.037500
2690		5.737500
2691		5.037500
2692		3.275000
2693		1.150000
2694		1.087500
2695		0.387500
2696		-0.725000
2697		1.450000
2698		2.625000
2699		4.500000
2700		6.737500
2701		7.437500
2702		8.150001
2703		8.437500
2704		6.737500
2705		6.562500
2706		4.212500
2707		3.150000
2708		1.037500
2709		1.450000
2710		-1.550000
2711		-1.787500
2712		-2.075000
2713		-1.725000
2714		-0.675000
2715		0.500000
2716		-0.025000
2717		1.800000
2718		-1.612500
2719		-1.962500
2720		-3.262500
2721		-3.075000
2722		-2.675000
2723		-1.550000
2724		-1.850000
2725		-0.262500
2726		-0.787500
2727		0.687500
2728		1.800000
2729		2.562500
2730		2.912500
2731		3.325000
2732		3.625000
2733		1.975000
2734		1.325000
2735		-0.087500
2736		-0.675000
2737		0.387500
2738		-0.900000
2739		-0.437500
2740		-0.375000
2741		-0.312500
2742		-0.900000
2743		-0.087500
2744		-2.487500
2745		-1.900000
2746		-3.550000
2747		-3.612500
2748		-4.487500
2749		-6.787500
2750		-7.425000
2751		-7.312500
2752		-8.012500
2753		-6.075000
2754		-6.250000
2755		-5.487500
2756		-5.312500
2757		-4.725000
2758		-4.312500
2759		-3.375000
2760		-3.900000
2761		-4.200000
2762		-3.900000
2763		-2.900000
2764		-4.550000
2765		-4.487500
2766		-3.137500
2767		-4.137500
2768		-3.850000
2769		-3.725000
2770		-2.962500
2771		-4.612500
2772		-4.725000
2773		-4.612500
2774		-7.375000
2775		-7.725000
2776		-9.375000
2777		-9.312500
2778		-8.724999
2779		-10.012500
2780		-7.025000
2781		-8.787499
2782		-7.312500
2783		-9.487500
2784		-8.612500
2785		-10.075000
2786		-8.724999
2787		-7.725000
2788		-8.612500
2789		-6.075000
2790		-7.137500
2791		-5.837500
2792		-7.025000
2793		-5.962500
2794		-7.550000
2795		-5.900000
2796		-5.250000
2797		-5.900000
2798		-4.962500
2799		-8.312500
2800		-5.200000
2801		-6.487500
2802		-6.375000
2803		-7.425000
2804		-7.137500
2805		-8.724999
2806		-6.900000
2807		-7.425000
2808		-6.787500
2809		-9.012500
2810		-7.250000
2811		-10.375000
2812		-7.425000
2813		-10.075000
2814		-8.312500
2815		-11.487500
2816		-10.787499
2817		-10.375000
2818		-9.075000
2819		-10.075000
2820		-7.200000
2821		-10.075000
2822		-6.900000
2823		-8.724999
2824		-6.550000
2825		-7.200000
2826		-5.025000
2827		-6.837500
2828		-5.962500
2829		-8.012500
2830		-4.612500
2831		-7.200000
2832		-5.787500
2833		-6.725000
2834		-5.375000
2835		-6.375000
2836		-6.662500
2837		-6.487500
2838		-5.662500
2839		-4.025000
2840		-5.075000
2841		-4.250000
2842		-5.662500
2843		-5.900000
2844		-6.837500
2845		-7.137500
2846		-7.612500
2847		-8.425000
2848		-7.550000
2849		-8.962500
2850		-5.900000
2851		-8.312500
2852		-6.550000
2853		-6.787500
2854		-6.200000
2855		-6.662500
2856		-5.025000
2857		-7.250000
2858		-5.200000
2859		-6.375000
2860		-4.850000
2861		-5.900000
2862		-4.612500
2863		-4.375000
2864		-3.612500
2865		-4.312500
2866		-4.725000
2867		-5.962500
2868		-4.200000
2869		-5.075000
2870		-2.437500
2871		-1.850000
2872		-0.900000
2873		-1.962500
2874		-3.200000
2875		-4.312500
2876		-3.550000
2877		-4.662500
2878		-4.312500
2879		-4.437500
2880		-3.612500
2881		-5.837500
2882		-6.550000
2883		-11.137500
2884		-13.425000
2885		-16.187500
2886		-14.662499
2887		-12.724999
2888		-10.487500
2889		-8.662499
2890		-8.962500
2891		-8.724999
2892		-9.962500
2893		-10.425000
2894		-10.599999
2895		-8.612500
2896		-5.375000
2897		-1.375000
2898		2.562500
2899		3.800000
2900		3.912500
2901		3.862500
2902		1.687500
2903		2.275000
2904		0.100000
2905		1.387500
2906		-0.025000
2907		-1.725000
2908		-3.025000
2909		-4.850000
2910		-6.787500
2911		-6.487500
2912		-4.787500
2913		-2.200000
2914		-1.262500
2915		0.687500
2916		-0.025000
2917		-0.725000
2918		-3.262500
2919		-4.487500
2920		-5.075000
2921		-4.662500
2922		-3.137500
2923		-0.025000
2924		1.912500
2925		3.037500
2926		2.912500
2927		1.800000
2928		-0.200000
2929		-1.487500
2930		-2.787500
2931		-4.550000
2932		-4.550000
2933		-3.962500
2934		-5.312500
2935		-4.250000
2936		-3.962500
2937		-4.612500
2938		-3.725000
2939		-2.437500
2940		-2.075000
2941		-0.137500
2942		-1.262500
2943		-1.612500
2944		-3.550000
2945		-5.787500
2946		-7.962500
2947		-7.662500
2948		-7.550000
2949		-6.550000
2950		-4.200000
2951		-2.312500
2952		-2.375000
2953		-1.962500
2954		-2.725000
2955		-2.725000
2956		-3.850000
2957		-4.137500
2958		-2.437500
2959		-3.725000
2960		-2.487500
2961		-2.137500
2962		-2.200000
2963		-2.137500
2964		-3.312500
2965		-2.487500
2966		-1.850000
2967		-1.962500
2968		-1.675000
2969		-1.787500
2970		-1.200000
2971		-3.312500
2972		-3.025000
2973		-4.025000
2974		-4.437500
2975		-4.312500
2976		-2.675000
2977		-3.312500
2978		-1.375000
2979		-2.437500
2980		-2.262500
2981		-3.262500
2982		-2.200000
2983		-2.137500
2984		-2.437500
2985		-1.787500
2986		-1.487500
2987		-2.850000
2988		-2.312500
2989		-3.262500
2990		-3.312500
2991		-3.787500
2992		-3.312500
2993		-4.437500
2994		-2.900000
2995		-2.962500
2996		-2.200000
2997		-2.850000
2998		-0.725000
2999		-0.900000
3000		-0.312500
3001		-1.675000
3002		-2.137500
3003		-2.900000
3004		-3.025000
3005		-4.437500
3006		-4.312500
3007		-5.200000
3008		-4.900000
3009		-4.025000
3010		-4.200000
3011		-5.487500
3012		-4.550000
3013		-5.612500
3014		-5.025000
3015		-4.487500
3016		-2.025000
3017		-1.262500
3018		0.100000
3019		0.737500
3020		1.087500
3021		-0.437500
3022		-2.075000
3023		-1.900000
3024		-1.962500
3025		-1.962500
3026		-0.312500
3027		0.275000
3028		1.087500
3029		1.275000
3030		2.912500
3031		2.275000
3032		3.450000
3033		2.912500
3034		1.037500
3035		0.625000
3036		0.800000
3037		0.800000
3038		2.150000
3039		0.912500
3040		-1.675000
3041		-4.200000
3042		-7.200000
3043		-8.425000
3044		-9.599999
3045		-9.312500
3046		-8.724999
3047		-7.250000
3048		-5.312500
3049		-4.025000
3050		0.687500
3051		-0.312500
3052		1.325000
3053		0.625000
3054		2.150000
3055		2.450000
3056		3.800000
3057		4.850000
3058		8.150001
3059		5.975000
3060		6.850000
3061		1.737500
3062		1.150000
3063		-1.262500
3064		-1.087500
3065		-0.787500
3066		-1.137500
3067		-0.312500
3068		-0.962500
3069		-2.075000
3070		-0.787500
3071		-2.900000
3072		-0.487500
3073		-0.612500
3074		-0.025000
3075		0.500000
3076		-0.725000
3077		-3.200000
3078		-3.375000
3079		-4.612500
3080		-3.437500
3081		-2.612500
3082		-0.375000
3083		1.450000
3084		0.687500
3085		1.912500
3086		0.562500
3087		0.800000
3088		-0.025000
3089		-1.312500
3090		-0.787500
3091		-1.025000
3092		0.325000
3093		1.862500
3094		1.087500
3095		0.037500
3096		0.275000
3097		-1.787500
3098		-1.200000
3099		-2.725000
3100		-0.137500
3101		-2.137500
3102		-1.087500
3103		-3.025000
3104		-4.075000
3105		-5.075000
3106		-6.250000
3107		-7.725000
3108		-5.725000
3109		-6.550000
3110		-3.312500
3111		-2.725000
3112		-0.262500
3113		1.975000
3114		1.862500
3115		4.212500
3116		3.800000
3117		5.262500
3118		5.450000
3119		5.737500
3120		5.387500
3121		4.912500
3122		4.150000
3123		2.975000
3124		2.325000
3125		1.562500
3126		2.562500
3127		1.275000
3128		1.800000
3129		1.800000
3130		0.562500
3131		0.387500
3132		-0.200000
3133		-1.550000
3134		-1.612500
3135		0.212500
3136		-1.262500
3137		-0.087500
3138		0.387500
3139		1.275000
3140		0.862500
3141		2.325000
3142		0.912500
3143		0.975000
3144		0.562500
3145		0.687500
3146		1.087500
3147		-0.200000
3148		-0.312500
3149		-1.675000
3150		-1.550000
3151		-0.487500
3152		0.387500
3153		1.737500
3154		1.387500
3155		2.562500
3156		3.500000
3157		2.212500
3158		2.562500
3159		1.862500
3160		0.387500
3161		0.212500
3162		-1.675000
3163		-1.200000
3164		-0.675000
3165		-0.787500
3166		0.862500
3167		-0.312500
3168		0.687500
3169		0.387500
3170		3.150000
3171		3.500000
3172		4.212500
3173		4.087500
3174		5.087500
3175		5.150000
3176		4.037500
3177		3.450000
3178		2.562500
3179		1.500000
3180		1.687500
3181		2.037500
3182		2.275000
3183		1.387500
3184		1.325000
3185		-1.087500
3186		-1.200000
3187		-3.075000
3188		-3.612500
3189		-4.025000
3190		-2.900000
3191		-3.900000
3192		-2.850000
3193		-1.312500
3194		-1.087500
3195		0.037500
3196		0.687500
3197		1.737500
3198		4.500000
3199		2.912500
3200		3.862500
3201		3.737500
3202		3.087500
3203		2.562500
3204		0.100000
3205		1.212500
3206		-0.962500
3207		-1.850000
3208		-2.550000
3209		-1.787500
3210		-2.075000
3211		-0.312500
3212		-0.675000
3213		1.800000
3214		4.800000
3215		5.262500
3216		5.500000
3217		4.850000
3218		3.737500
3219		3.450000
3220		2.275000
3221		0.500000
3222		-0.962500
3223		-3.137500
3224		-1.900000
3225		-1.962500
3226		0.150000
3227		1.737500
3228		2.087500
3229		2.625000
3230		3.037500
3231		2.675000
3232		1.325000
3233		3.212500
3234		3.037500
3235		1.687500
3236		1.275000
3237		1.087500
3238		2.037500
3239		1.975000
3240		3.675000
3241		4.500000
3242		6.562500
3243		7.262500
3244		10.500000
3245		10.975000
3246		9.800000
3247		9.500000
3248		6.675000
3249		4.800000
3250		2.212500
3251		2.625000
3252		2.562500
3253		4.912500
3254		4.737500
3255		4.387500
3256		6.912500
3257		7.262500
3258		8.150001
3259		8.737500
3260		7.325000
3261		7.562500
3262		8.612500
3263		7.437500
3264		8.325000
3265		7.387500
3266		5.800000
3267		5.800000
3268		6.150000
3269		5.387500
3270		6.150000
3271		7.150000
3272		6.675000
3273		7.562500
3274		8.387500
3275		7.912500
3276		7.850000
3277		8.912500
3278		8.325000
3279		7.912500
3280		7.437500
3281		7.212500
3282		6.850000
3283		6.387500
3284		6.625000
3285		6.387500
3286		6.437500
3287		7.262500
3288		7.037500
3289		7.262500
3290		8.150001
3291		7.912500
3292		6.850000
3293		7.500000
3294		7.325000
3295		5.800000
3296		6.675000
3297		6.387500
3298		9.612500
3299		9.975000
3300		12.200000
3301		11.612500
3302		12.150001
3303		13.325000
3304		12.500000
3305		13.500000
3306		12.612500
3307		12.262500
3308		11.500000
3309		9.675000
3310		8.150001
3311		7.800000
3312		7.737500
3313		6.437500
3314		8.737500
3315		7.737500
3316		9.325000
3317		9.737500
3318		9.912500
3319		9.150001
3320		9.612500
3321		7.850000
3322		8.025001
3323		6.737500
3324		7.737500
3325		6.975000
3326		6.850000
3327		7.437500
3328		8.325000
3329		8.212501
3330		10.087501
3331		9.912500
3332		9.850000
3333		8.612500
3334		10.612500
3335		8.737500
3336		9.325000
3337		9.912500
3338		9.025001
3339		9.737500
3340		8.150001
3341		8.025001
3342		7.625000
3343		7.850000
3344		6.912500
3345		5.675000
3346		7.212500
3347		7.037500
3348		7.037500
3349		6.037500
3350		8.025001
3351		6.675000
3352		5.975000
3353		4.912500
3354		4.675000
3355		0.325000
3356		2.037500
3357		1.562500
3358		2.562500
3359		1.687500
3360		3.625000
3361		5.262500
3362		8.437500
3363		8.675000
3364		12.325000
3365		11.087501
3366		9.912500
3367		8.087501
3368		7.850000
3369		6.387500
3370		6.387500
3371		5.975000
3372		7.912500
3373		6.975000
3374		10.500000
3375		11.562500
3376		12.150001
3377		12.912500
3378		14.850000
3379		12.612500
3380		13.612500
3381		11.562500
3382		10.025001
3383		6.850000
3384		6.912500
3385		1.450000
3386		0.800000
3387		1.150000
3388		-0.087500
3389		0.562500
3390		2.975000
3391		3.325000
3392		4.325000
3393		5.500000
3394		4.625000
3395		4.450000
3396		4.850000
3397		4.087500
3398		2.912500
3399		3.212500
3400		2.500000
3401		2.450000
3402		2.737500
3403		3.625000
3404		5.087500
3405		4.737500
3406		5.800000
3407		6.150000
3408		5.737500
3409		5.800000
3410		4.387500
3411		3.675000
3412		3.275000
3413		2.275000
3414		1.150000
3415		0.975000
3416		0.912500
3417		0.975000
3418		0.737500
3419		3.500000
3420		3.450000
3421		3.675000
3422		2.275000
3423		1.975000
3424		0.862500
3425		-0.487500
3426		-1.262500
3427		-2.075000
3428		-3.487500
3429		-2.437500
3430		-1.850000
3431		-0.725000
3432		-0.312500
3433		2.150000
3434		1.975000
3435		2.800000
3436		2.387500
3437		2.737500
3438		2.150000
3439		2.737500
3440		0.325000
3441		1.087500
3442		0.212500
3443		-0.437500
3444		-0.025000
3445		0.212500
3446		-0.375000
3447		0.800000
3448		0.562500
3449		1.275000
3450		-0.200000
3451		-0.550000
3452		-1.487500
3453		-0.725000
3454		-1.850000
3455		-1.675000
3456		-2.675000
3457		-2.850000
3458		-3.025000
3459		-1.962500
3460		-2.075000
3461		-0.437500
3462		0.562500
3463		0.387500
3464		0.862500
3465		0.325000
3466		0.100000
3467		-0.962500
3468		-0.850000
3469		0.037500
3470		-1.550000
3471		-0.787500
3472		-0.675000
3473		-0.612500
3474		-0.675000
3475		-1.087500
3476		-1.025000
3477		-1.087500
3478		-0.962500
3479		-1.375000
3480		-0.675000
3481		-0.787500
3482		-0.900000
3483		-1.262500
3484		-1.200000
3485		-3.312500
3486		-3.437500
3487		-3.437500
3488		-3.900000
3489		-4.612500
3490		-3.550000
3491		-3.487500
3492		-3.375000
3493		-2.962500
3494		-1.900000
3495		-2.850000
3496		-2.075000
3497		-2.725000
3498		-2.262500
3499		-2.025000
3500		-0.787500
3501		-1.262500
3502		-0.725000
3503		-0.900000
3504		-1.375000
3505		-1.612500
3506		-0.900000
3507		-1.725000
3508		-1.262500
3509		-1.262500
3510		-0.487500
3511		-1.487500
3512		-0.675000
3513		-1.675000
3514		-1.025000
3515		-2.262500
3516		-1.550000
3517		-1.025000
3518		-1.487500
3519		-1.487500
3520		-2.200000
3521		-1.675000
3522		-1.962500
3523		-2.137500
3524		-2.137500
3525		-3.262500
3526		-2.850000
3527		-3.612500
3528		-2.612500
3529		-3.200000
3530		-2.550000
3531		-1.375000
3532		-1.550000
3533		-2.075000
3534		-0.312500
3535		-1.262500
3536		-0.962500
3537		-0.725000
3538		-0.087500
3539		-0.200000
3540		-0.087500
3541		-0.900000
3542		-0.962500
3543		-1.200000
3544		0.212500
3545		0.687500
3546		2.737500
3547		3.037500
3548		2.500000
3549		0.975000
3550		0.912500
3551		0.212500
3552		1.387500
3553		2.625000
3554		1.687500
3555		-0.900000
3556		-1.612500
3557		-6.200000
3558		-9.250000
3559		-13.724999
3560		-13.724999
3561		-11.425000
3562		-9.550000
3563		-8.137500
3564		-5.662500
3565		-5.487500
3566		-6.025000
3567		-7.837500
3568		-7.375000
3569		-7.075000
3570		-4.725000
3571		-0.375000
3572		3.325000
3573		5.262500
3574		6.800000
3575		7.150000
3576		4.212500
3577		3.562500
3578		0.975000
3579		1.037500
3580		2.737500
3581		2.737500
3582		2.087500
3583		-0.437500
3584		-2.137500
3585		-4.850000
3586		-6.725000
3587		-5.962500
3588		-5.200000
3589		-4.850000
3590		-3.025000
3591		-2.375000
3592		-2.550000
3593		-3.612500
3594		-5.250000
3595		-3.725000
3596		-2.437500
3597		-0.312500
3598		0.037500
3599		0.212500
3600		-0.900000
3601		-1.487500
3602		-2.900000
3603		-3.787500
3604		-6.025000
3605		-5.025000
3606		-4.375000
3607		-3.850000
3608		-3.200000
3609		-3.850000
3610		-3.900000
3611		-4.375000
3612		-4.075000
3613		-4.725000
3614		-4.787500
3615		-6.025000
3616		-4.487500
3617		-4.437500
3618		-4.375000
3619		-5.375000
3620		-6.550000
3621		-6.437500
3622		-6.250000
3623		-6.025000
3624		-4.725000
3625		-3.962500
3626		-3.437500
3627		-2.850000
3628		-3.962500
3629		-4.200000
3630		-4.075000
3631		-4.137500
3632		-3.850000
3633		-3.200000
3634		-3.725000
3635		-4.375000
3636		-3.375000
3637		-3.612500
3638		-4.725000
3639		-5.025000
3640		-6.075000
3641		-5.900000
3642		-4.550000
3643		-4.550000
3644		-5.900000
3645		-6.962500
3646		-6.200000
3647		-7.312500
3648		-6.437500
3649		-5.837500
3650		-5.312500
3651		-6.375000
3652		-4.437500
3653		-4.612500
3654		-4.312500
3655		-6.075000
3656		-5.312500
3657		-4.900000
3658		-5.900000
3659		-6.137500
3660		-4.487500
3661		-6.250000
3662		-3.262500
3663		-5.487500
3664		-5.487500
3665		-5.612500
3666		-6.025000
3667		-6.487500
3668		-7.250000
3669		-8.075000
3670		-8.425000
3671		-7.962500
3672		-6.550000
3673		-4.437500
3674		-5.025000
3675		-4.787500
3676		-3.437500
3677		-4.725000
3678		-4.312500
3679		-8.012500
3680		-7.487500
3681		-9.075000
3682		-8.662499
3683		-9.425000
3684		-8.075000
3685		-8.312500
3686		-8.724999
3687		-8.900000
3688		-8.724999
3689		-9.550000
3690		-7.425000
3691		-6.900000
3692		-4.900000
3693		-3.025000
3694		-2.437500
3695		-3.262500
3696		-2.612500
3697		-4.250000
3698		-4.250000
3699		-5.550000
3700		-5.787500
3701		-5.025000
3702		-4.437500
3703		-2.725000
3704		-1.612500
3705		-2.962500
3706		-0.137500
3707		-0.437500
3708		-1.312500
3709		-3.312500
3710		-2.075000
3711		-2.962500
3712		-1.787500
3713		-1.850000
3714		-2.200000
3715		-4.725000
3716		-7.900000
3717		-9.787499
3718		-11.724999
3719		-13.187500
3720		-11.662499
3721		-12.550000
3722		-10.962500
3723		-9.900000
3724		-9.900000
3725		-7.375000
3726		-6.025000
3727		-5.312500
3728		-3.550000
3729		-3.725000
3730		-0.675000
3731		-0.437500
3732		2.087500
3733		3.737500
3734		2.675000
3735		0.500000
3736		-0.787500
3737		-4.487500
3738		-4.962500
3739		-5.487500
3740		-5.137500
3741		-4.900000
3742		-4.662500
3743		-5.962500
3744		-5.787500
3745		-4.612500
3746		-4.487500
3747		-3.437500
3748		-3.550000
3749		-3.437500
3750		-3.612500
3751		-4.725000
3752		-6.487500
3753		-7.250000
3754		-8.724999
3755		-6.437500
3756		-5.487500
3757		-3.312500
3758		-1.850000
3759		-1.087500
3760		-1.725000
3761		-1.725000
3762		-2.962500
3763		-3.312500
3764		-4.487500
3765		-2.137500
3766		-2.675000
3767		-0.675000
3768		-0.487500
3769		-0.787500
3770		-1.550000
3771		-2.375000
3772		-3.437500
3773		-5.962500
3774		-4.375000
3775		-2.550000
3776		-4.312500
3777		-4.437500
3778		-6.075000
3779		-7.550000
3780		-9.425000
3781		-9.075000
3782		-10.787499
3783		-7.725000
3784		-8.724999
3785		-6.312500
3786		-6.662500
3787		-4.200000
3788		-3.850000
3789		-1.087500
3790		-2.200000
3791		-0.025000
3792		0.737500
3793		3.500000
3794		2.450000
3795		3.675000
3796		2.862500
3797		2.450000
3798		0.975000
3799		-1.550000
3800		-2.962500
3801		-3.787500
3802		-4.200000
3803		-3.075000
3804		-5.375000
3805		-1.962500
3806		-5.137500
3807		-3.787500
3808		-5.200000
3809		-4.200000
3810		-4.312500
3811		-4.075000
3812		-4.725000
3813		-2.725000
3814		-3.550000
3815		-3.200000
3816		-3.437500
3817		-4.725000
3818		-2.612500
3819		-4.075000
3820		-3.137500
3821		-3.262500
3822		-2.200000
3823		-3.787500
3824		-3.850000
3825		-3.137500
3826		-3.025000
3827		-3.487500
3828		-2.437500
3829		-3.900000
3830		-1.437500
3831		-1.375000
3832		-0.787500
3833		-1.850000
3834		-0.725000
3835		-1.962500
3836		-2.437500
3837		-4.250000
3838		-3.437500
3839		-3.137500
3840		-3.375000
3841		-4.200000
3842		-4.437500
3843		-4.200000
3844		-4.437500
3845		-2.262500
3846		-2.612500
3847		-1.437500
3848		0.687500
3849		2.387500
3850		0.912500
3851		1.737500
3852		-0.787500
3853		0.862500
3854		-2.550000
3855		-0.550000
3856		-3.137500
3857		-2.262500
3858		-3.612500
3859		-2.962500
3860		-7.250000
3861		-5.787500
3862		-9.425000
3863		-7.787500
3864		-7.900000
3865		-7.725000
3866		-5.962500
3867		-5.550000
3868		-5.550000
3869		-4.312500
3870		-5.662500
3871		-4.437500
3872		-5.075000
3873		-2.375000
3874		-3.900000
3875		-1.262500
3876		-1.787500
3877		-0.962500
3878		-3.137500
3879		-2.375000
3880		-3.850000
3881		-4.487500
3882		-5.200000
3883		-5.662500
3884		-6.487500
3885		-4.900000
3886		-5.612500
3887		-4.137500
3888		-2.675000
3889		-2.137500
3890		-0.137500
3891		0.100000
3892		1.500000
3893		1.150000
3894		-0.787500
3895		-0.612500
3896		-2.137500
3897		-2.850000
3898		-3.487500
3899		-4.662500
3900		-3.900000
3901		-3.437500
3902		-2.200000
3903		-1.550000
3904		-0.787500
3905		-0.437500
3906		-0.437500
3907		-0.087500
3908		0.500000
3909		0.687500
3910		0.500000
3911		-0.612500
3912		-1.087500
3913		-0.550000
3914		-0.312500
3915		0.862500
3916		2.087500
3917		3.325000
3918		6.850000
3919		6.625000
3920		8.150001
3921		6.850000
3922		5.562500
3923		4.087500
3924		2.037500
3925		-0.087500
3926		-0.487500
3927		0.800000
3928		0.687500
3929		1.975000
3930		3.562500
3931		4.675000
3932		4.625000
3933		5.212500
3934		4.562500
3935		5.675000
3936		5.675000
3937		4.975000
3938		5.087500
3939		4.625000
3940		3.500000
3941		3.037500
3942		2.625000
3943		1.087500
3944		1.450000
3945		2.975000
3946		3.150000
3947		2.862500
3948		4.037500
3949		3.912500
3950		4.087500
3951		3.625000
3952		1.562500
3953		3.737500
3954		1.450000
3955		2.275000
3956		2.562500
3957		2.862500
3958		2.150000
3959		2.912500
3960		1.912500
3961		2.800000
3962		2.150000
3963		2.625000
3964		2.737500
3965		2.450000
3966		2.150000
3967		2.975000
3968		1.862500
3969		1.275000
3970		1.737500
3971		3.212500
3972		3.500000
3973		6.437500
3974		6.087500
3975		7.262500
3976		8.675000
3977		10.612500
3978		10.500000
3979		10.087501
3980		9.262500
3981		8.800000
3982		7.737500
3983		7.562500
3984		6.037500
3985		4.975000
3986		4.800000
3987		5.087500
3988		5.087500
3989		5.850000
3990		7.150000
3991		7.325000
3992		7.212500
3993		6.675000
3994		5.737500
3995		5.850000
3996		4.675000
3997		4.325000
3998		4.737500
3999		3.912500
4000		4.087500
4001		4.500000
4002		4.212500
4003		5.262500
4004		5.562500
4005		7.087500
4006		7.212500
4007		7.037500
4008		6.437500
4009		6.212500
4010		6.150000
4011		6.087500
4012		6.500000
4013		6.087500
4014		6.262500
4015		6.037500
4016		5.737500
4017		6.262500
4018		6.737500
4019		6.212500
4020		6.150000
4021		6.037500
4022		5.562500
4023		4.500000
4024		4.912500
4025		5.500000
4026		4.625000
4027		3.450000
4028		4.037500
4029		2.037500
4030		1.737500
4031		1.562500
4032		1.562500
4033		1.087500
4034		2.150000
4035		2.562500
4036		4.387500
4037		6.087500
4038		7.150000
4039		8.675000
4040		9.212501
4041		8.025001
4042		7.262500
4043		5.975000
4044		5.912500
4045		5.037500
4046		4.675000
4047		4.975000
4048		6.737500
4049		6.387500
4050		6.437500
4051		8.387500
4052		8.612500
4053		8.800000
4054		9.212501
4055		8.262500
4056		8.387500
4057		6.625000
4058		5.212500
4059		2.737500
4060		0.275000
4061		-1.262500
4062		-1.025000
4063		-1.200000
4064		-3.025000
4065		-0.375000
4066		0.275000
4067		1.625000
4068		2.275000
4069		0.912500
4070		1.687500
4071		1.275000
4072		0.212500
4073		0.737500
4074		-2.075000
4075		0.500000
4076		-0.962500
4077		-0.137500
4078		0.100000
4079		2.562500
4080		2.150000
4081		3.912500
4082		4.500000
4083		4.975000
4084		2.800000
4085		3.450000
4086		1.687500
4087		1.800000
4088		0.625000
4089		0.687500
4090		-0.137500
4091		-0.025000
4092		-1.087500
4093		0.562500
4094		-0.612500
4095		0.912500
4096		0.562500
4097		0.450000
4098		-1.900000
4099		-2.550000
4100		-3.787500
4101		-4.375000
4102		-5.075000
4103		-5.437500
4104		-4.725000
4105		-4.612500
4106		-3.137500
4107		-0.437500
4108		-1.312500
4109		0.687500
4110		-1.612500
4111		-0.312500
4112		0.037500
4113		-0.612500
4114		-1.312500
4115		-1.262500
4116		-2.025000
4117		-2.725000
4118		-1.962500
4119		-0.675000
4120		-1.487500
4121		-0.787500
4122		-1.787500
4123		0.275000
4124		-1.850000
4125		-2.025000
4126		-3.262500
4127		-3.662500
4128		-5.025000
4129		-3.025000
4130		-4.025000
4131		-4.137500
4132		-5.025000
4133		-4.612500
4134		-3.725000
4135		-3.075000
4136		-2.787500
4137		-3.262500
4138		-1.725000
4139		-1.487500
4140		-0.787500
4141		-0.675000
4142		-1.675000
4143		-2.850000
4144		-2.375000
4145		-1.675000
4146		-2.075000
4147		-1.962500
4148		-1.962500
4149		-0.725000
4150		-1.437500
4151		-1.850000
4152		-2.612500
4153		-1.550000
4154		-3.550000
4155		-1.487500
4156		-1.787500
4157		-2.437500
4158		-2.437500
4159		-1.612500
4160		-4.200000
4161		-3.787500
4162		-4.200000
4163		-5.025000
4164		-3.262500
4165		-4.075000
4166		-4.137500
4167		-4.312500
4168		-3.550000
4169		-3.550000
4170		-2.962500
4171		-2.487500
4172		-2.675000
4173		-3.900000
4174		-2.725000
4175		-1.675000
4176		-1.962500
4177		-1.312500
4178		-1.437500
4179		-0.787500
4180		-0.962500
4181		-0.962500
4182		-0.312500
4183		-0.612500
4184		0.387500
4185		-1.675000
4186		-0.900000
4187		-1.787500
4188		-1.262500
4189		-1.487500
4190		-1.487500
4191		-1.262500
4192		-1.025000
4193		-1.900000
4194		-0.375000
4195		-1.200000
4196		-3.075000
4197		-3.900000
4198		-2.262500
4199		-4.075000
4200		-3.025000
4201		-3.850000
4202		-4.725000
4203		-5.312500
4204		-2.850000
4205		-2.262500
4206		-2.075000
4207		-3.550000
4208		-1.375000
4209		-1.487500
4210		-0.487500
4211		0.037500
4212		-0.137500
4213		-0.137500
4214		2.037500
4215		-0.137500
4216		1.500000
4217		0.100000
4218		0.912500
4219		1.687500
4220		2.450000
4221		3.912500
4222		5.212500
4223		4.037500
4224		3.800000
4225		1.562500
4226		3.212500
4227		2.737500
4228		5.150000
4229		5.387500
4230		4.800000
4231		1.212500
4232		-0.487500
4233		-4.437500
4234		-6.662500
4235		-8.900000
4236		-8.250000
4237		-7.425000
4238		-4.200000
4239		-2.550000
4240		-0.487500
4241		-1.025000
4242		-1.437500
4243		-3.550000
4244		-1.850000
4245		-1.487500
4246		0.687500
4247		4.912500
4248		8.087501
4249		11.737500
4250		11.150001
4251		10.387500
4252		9.212501
4253		6.850000
4254		8.325000
4255		7.737500
4256		7.737500
4257		6.037500
4258		5.562500
4259		1.912500
4260		0.100000
4261		-2.612500
4262		-2.137500
4263		-1.437500
4264		0.387500
4265		-0.087500
4266		3.325000
4267		1.862500
4268		1.687500
4269		0.562500
4270		-0.375000
4271		1.912500
4272		1.687500
4273		3.912500
4274		4.737500
4275		5.675000
4276		5.212500
4277		3.387500
4278		2.675000
4279		1.275000
4280		0.625000
4281		1.500000
4282		1.325000
4283		1.325000
4284		2.450000
4285		2.212500
4286		1.800000
4287		-0.137500
4288		1.862500
4289		1.737500
4290		-0.087500
4291		2.387500
4292		2.450000
4293		2.150000
4294		2.450000
4295		1.212500
4296		-0.612500
4297		-0.437500
4298		-2.550000
4299		1.275000
4300		0.100000
4301		1.737500
4302		2.912500
4303		1.862500
4304		5.087500
4305		3.087500
4306		2.912500
4307		2.912500
4308		2.862500
4309		4.387500
4310		4.562500
4311		4.562500
4312		2.275000
4313		3.675000
4314		2.562500
4315		1.450000
4316		0.500000
4317		1.562500
4318		-0.900000
4319		2.275000
4320		1.325000
4321		0.562500
4322		-0.675000
4323		1.450000
4324		-0.787500
4325		0.862500
4326		-0.137500
4327		1.687500
4328		0.275000
4329		0.912500
4330		-0.962500
4331		0.500000
4332		-0.487500
4333		2.450000
4334		1.387500
4335		1.325000
4336		1.387500
4337		3.275000
4338		-0.375000
4339		-0.087500
4340		-1.137500
4341		-0.962500
4342		-1.487500
4343		-1.375000
4344		-1.725000
4345		-0.900000
4346		-1.487500
4347		0.737500
4348		1.037500
4349		2.562500
4350		0.975000
4351		1.150000
4352		1.562500
4353		-1.200000
4354		-0.962500
4355		-1.550000
4356		-3.612500
4357		-3.662500
4358		-3.662500
4359		-4.025000
4360		-2.725000
4361		-2.375000
4362		-3.200000
4363		-2.675000
4364		-2.675000
4365		-1.262500
4366		-1.262500
4367		0.800000
4368		2.912500
4369		2.975000
4370		1.450000
4371		1.562500
4372		2.037500
4373		0.625000
4374		1.737500
4375		1.687500
4376		3.387500
4377		3.387500
4378		4.387500
4379		4.912500
4380		3.037500
4381		4.800000
4382		3.212500
4383		3.862500
4384		4.150000
4385		2.912500
4386		3.150000
4387		4.087500
4388		3.450000
4389		3.912500
4390		1.212500
4391		-2.262500
4392		-4.250000
4393		-7.550000
4394		-8.312500
4395		-7.900000
4396		-7.725000
4397		-6.725000
4398		-6.250000
4399		-4.250000
4400		-3.025000
4401		-1.675000
4402		0.387500
4403		0.975000
4404		2.450000
4405		2.975000
4406		5.087500
4407		5.325000
4408		5.912500
4409		5.500000
4410		3.912500
4411		1.562500
4412		-0.200000
4413		-1.850000
4414		-1.312500
4415		-1.262500
4416		-0.025000
4417		0.912500
4418		-0.487500
4419		-0.787500
4420		-1.262500
4421		-0.262500
4422		0.862500
4423		0.862500
4424		1.687500
4425		1.275000
4426		0.562500
4427		-0.900000
4428		-2.025000
4429		-2.725000
4430		-1.200000
4431		0.500000
4432		1.737500
4433		3.150000
4434		4.675000
4435		3.625000
4436		3.737500
4437		3.150000
4438		2.150000
4439		2.675000
4440		3.150000
4441		2.862500
4442		4.675000
4443		4.562500
4444		5.800000
4445		4.850000
4446		3.625000
4447		2.912500
4448		2.912500
4449		2.450000
4450		2.325000
4451		2.325000
4452		1.150000
4453		0.275000
4454		-1.675000
4455		-2.137500
4456		-3.312500
4457		-2.850000
4458		-2.487500
4459		-1.025000
4460		0.100000
4461		1.087500
4462		2.212500
4463		3.325000
4464		4.912500
4465		4.500000
4466		5.675000
4467		6.737500
4468		7.500000
4469		9.325000
4470		7.737500
4471		7.850000
4472		5.975000
4473		5.912500
4474		4.675000
4475		4.325000
4476		3.500000
4477		4.087500
4478		3.325000
4479		2.625000
4480		1.975000
4481		1.862500
4482		0.212500
4483		0.737500
4484		0.150000
4485		0.500000
4486		1.087500
4487		1.687500
4488		1.687500
4489		1.500000
4490		1.737500
4491		2.387500
4492		2.325000
4493		2.150000
4494		2.325000
4495		2.275000
4496		2.037500
4497		2.212500
4498		0.975000
4499		0.800000
4500		0.150000
4501		0.212500
4502		0.912500
4503		1.562500
4504		2.150000
4505		4.450000
4506		3.500000
4507		4.262500
4508		3.325000
4509		2.450000
4510		-0.200000
4511		1.562500
4512		0.100000
4513		-0.137500
4514		-0.675000
4515		0.150000
4516		-0.787500
4517		-0.312500
4518		-0.725000
4519		2.325000
4520		0.800000
4521		2.800000
4522		3.912500
4523		4.087500
4524		5.087500
4525		5.850000
4526		4.387500
4527		4.562500
4528		2.675000
4529		2.862500
4530		1.500000
4531		2.150000
4532		0.975000
4533		1.150000
4534		0.100000
4535		-0.550000
4536		-1.675000
4537		-2.675000
4538		-3.612500
4539		-3.437500
4540		-3.900000
4541		-3.550000
4542		-2.437500
4543		-1.900000
4544		-0.787500
4545		-0.487500
4546		0.150000
4547		2.275000
4548		1.275000
4549		3.500000
4550		2.912500
4551		3.625000
4552		3.037500
4553		2.912500
4554		0.275000
4555		-0.137500
4556		-0.312500
4557		-0.962500
4558		-1.962500
4559		-2.262500
4560		-1.262500
4561		-1.087500
4562		1.212500
4563		0.625000
4564		1.975000
4565		3.212500
4566		4.087500
4567		2.562500
4568		2.862500
4569		1.687500
4570		0.275000
4571		-1.375000
4572		-2.137500
4573		-2.075000
4574		-3.375000
4575		-3.662500
4576		0.625000
4577		-0.675000
4578		-0.025000
4579		0.275000
4580		0.212500
4581		0.500000
4582		0.450000
4583		-0.612500
4584		-1.025000
4585		-1.200000
4586		-1.200000
4587		-1.262500
4588		-1.137500
4589		0.562500
4590		1.450000
4591		1.325000
4592		4.675000
4593		3.912500
4594		6.975000
4595		5.500000
4596		5.625000
4597		3.150000
4598		0.862500
4599		-1.487500
4600		-2.612500
4601		-3.550000
4602		-0.787500
4603		-0.962500
4604		2.325000
4605		2.975000
4606		5.675000
4607		4.975000
4608		5.500000
4609		3.500000
4610		3.800000
4611		2.150000
4612		2.212500
4613		0.500000
4614		1.450000
4615		-0.962500
4616		2.325000
4617		0.800000
4618		1.912500
4619		2.862500
4620		3.275000
4621		4.150000
4622		5.562500
4623		2.275000
4624		2.675000
4625		0.450000
4626		0.500000
4627		-0.437500
4628		0.275000
4629		0.862500
4630		1.500000
4631		2.737500
4632		5.212500
4633		4.737500
4634		5.212500
4635		4.212500
4636		2.737500
4637		2.625000
4638		1.562500
4639		-0.550000
4640		-1.375000
4641		-1.375000
4642		-0.725000
4643		-0.612500
4644		0.387500
4645		1.387500
4646		2.325000
4647		3.737500
4648		4.737500
4649		5.387500
4650		4.800000
4651		5.675000
4652		4.387500
4653		5.150000
4654		5.087500
4655		5.387500
4656		4.150000
4657		5.500000
4658		5.387500
4659		4.850000
4660		4.562500
4661		3.500000
4662		4.037500
4663		3.275000
4664		3.562500
4665		2.275000
4666		2.387500
4667		2.325000
4668		1.212500
4669		1.387500
4670		1.687500
4671		3.037500
4672		3.150000
4673		2.862500
4674		2.800000
4675		2.150000
4676		1.150000
4677		1.325000
4678		1.800000
4679		1.737500
4680		1.275000
4681		2.150000
4682		3.087500
4683		3.150000
4684		4.087500
4685		4.850000
4686		4.800000
4687		4.325000
4688		4.800000
4689		2.862500
4690		2.275000
4691		3.212500
4692		2.037500
4693		2.212500
4694		2.562500
4695		2.325000
4696		1.387500
4697		3.975000
4698		3.737500
4699		2.500000
4700		0.800000
4701		0.800000
4702		-1.850000
4703		-2.900000
4704		-4.025000
4705		-2.675000
4706		-3.850000
4707		-2.137500
4708		-0.087500
4709		2.275000
4710		3.800000
4711		5.975000
4712		6.500000
4713		6.087500
4714		4.912500
4715		3.800000
4716		1.562500
4717		-0.962500
4718		-0.900000
4719		1.150000
4720		1.687500
4721		3.450000
4722		4.387500
4723		5.150000
4724		6.737500
4725		7.387500
4726		6.387500
4727		5.800000
4728		4.325000
4729		2.275000
4730		0.975000
4731		-1.375000
4732		-2.675000
4733		-4.375000
4734		-5.900000
4735		-5.550000
4736		-5.137500
4737		-4.487500
4738		-4.200000
4739		-2.850000
4740		-3.850000
4741		-3.137500
4742		-3.662500
4743		-4.200000
4744		-4.725000
4745		-5.312500
4746		-5.787500
4747		-4.487500
4748		-3.200000
4749		-3.025000
4750		-0.675000
4751		-0.487500
4752		1.562500
4753		1.687500
4754		3.037500
4755		1.275000
4756		0.737500
4757		-0.850000
4758		-1.787500
4759		-3.725000
4760		-3.787500
4761		-4.137500
4762		-4.025000
4763		-2.375000
4764		-1.675000
4765		-0.550000
4766		-1.137500
4767		-1.200000
4768		-0.962500
4769		-2.900000
4770		-3.200000
4771		-5.312500
4772		-5.487500
4773		-6.837500
4774		-8.837500
4775		-8.550000
4776		-7.662500
4777		-9.487500
4778		-6.612500
4779		-5.137500
4780		-3.787500
4781		-2.375000
4782		-3.437500
4783		-4.250000
4784		-4.487500
4785		-6.075000
4786		-6.250000
4787		-6.312500
4788		-6.200000
4789		-6.250000
4790		-4.137500
4791		-4.025000
4792		-3.550000
4793		-2.962500
4794		-3.550000
4795		-2.850000
4796		-6.137500
4797		-5.437500
4798		-7.787500
4799		-8.550000
4800		-11.012500
4801		-9.200000
4802		-10.662499
4803		-8.550000
4804		-8.837500
4805		-7.075000
4806		-7.962500
4807		-5.550000
4808		-7.250000
4809		-5.725000
4810		-7.425000
4811		-7.375000
4812		-7.900000
4813		-7.375000
4814		-8.012500
4815		-7.250000
4816		-6.487500
4817		-5.962500
4818		-4.487500
4819		-5.200000
4820		-3.437500
4821		-5.787500
4822		-4.200000
4823		-5.662500
4824		-7.137500
4825		-6.437500
4826		-9.137500
4827		-8.200000
4828		-7.787500
4829		-8.012500
4830		-6.025000
4831		-5.612500
4832		-6.837500
4833		-5.487500
4834		-5.900000
4835		-7.837500
4836		-6.787500
4837		-8.375000
4838		-8.312500
4839		-9.375000
4840		-7.075000
4841		-10.250000
4842		-7.312500
4843		-7.962500
4844		-7.250000
4845		-7.200000
4846		-5.900000
4847		-5.550000
4848		-5.375000
4849		-6.312500
4850		-4.250000
4851		-5.487500
4852		-5.375000
4853		-6.250000
4854		-5.900000
4855		-6.662500
4856		-5.787500
4857		-6.487500
4858		-4.962500
4859		-6.137500
4860		-3.612500
4861		-4.612500
4862		-5.662500
4863		-4.312500
4864		-6.487500
4865		-5.662500
4866		-6.312500
4867		-5.612500
4868		-6.550000
4869		-7.075000
4870		-7.550000
4871		-3.787500
4872		-7.312500
4873		-4.787500
4874		-5.900000
4875		-6.375000
4876		-7.550000
4877		-7.662500
4878		-7.837500
4879		-6.900000
4880		-8.550000
4881		-5.025000
4882		-6.787500
4883		-5.787500
4884		-4.025000
4885		-4.550000
4886		-3.550000
4887		-2.962500
4888		-3.487500
4889		-2.487500
4890		-2.200000
4891		-2.675000
4892		-2.787500
4893		-2.437500
4894		-1.787500
4895		-0.725000
4896		0.100000
4897		1.562500
4898		1.387500
4899		-0.675000
4900		-1.200000
4901		-0.437500
4902		1.450000
4903		2.325000
4904		1.912500
4905		1.325000
4906		-1.262500
4907		-5.487500
4908		-8.837500
4909		-11.012500
4910		-11.137500
4911		-10.487500
4912		-8.962500
4913		-6.837500
4914		-4.487500
4915		-3.375000
4916		-3.662500
4917		-6.137500
4918		-6.075000
4919		-6.837500
4920		-5.725000
4921		-3.437500
4922		0.687500
4923		4.087500
4924		7.562500
4925		7.325000
4926		7.912500
4927		6.212500
4928		4.500000
4929		3.037500
4930		4.625000
4931		3.675000
4932		3.737500
4933		1.687500
4934		-0.375000
4935		-4.200000
4936		-5.487500
4937		-7.025000
4938		-5.375000
4939		-3.900000
4940		-1.725000
4941		-0.312500
4942		0.150000
4943		-1.962500
4944		-1.900000
4945		-2.437500
4946		-2.437500
4947		-1.850000
4948		-0.025000
4949		-0.612500
4950		0.625000
4951		-0.200000
4952		-1.550000
4953		-2.375000
4954		-4.075000
4955		-4.612500
4956		-4.962500
4957		-4.850000
4958		-4.312500
4959		-3.437500
4960		-3.612500
4961		-3.850000
4962		-4.312500
4963		-4.962500
4964		-4.787500
4965		-3.612500
4966		-3.850000
4967		-3.200000
4968		-2.025000
4969		-2.675000
4970		-3.437500
4971		-3.437500
4972		-4.487500
4973		-3.850000
4974		-3.612500
4975		-2.137500
4976		-2.675000
4977		-1.787500
4978		-1.675000
4979		-0.725000
4980		-0.787500
4981		-0.675000
4982		-0.675000
4983		0.275000
4984		1.150000
4985		1.687500
4986		1.912500
4987		1.500000
4988		0.212500
4989		-0.200000
4990		-1.675000
4991		-2.312500
4992		-2.437500
4993		-1.550000
4994		-1.487500
4995		-1.787500
4996		-2.487500
4997		-3.025000
4998		-3.025000
4999		-3.550000
5000		-3.612500
5001		-3.075000
5002		-2.375000
5003		-1.487500
5004		-2.437500
5005		-1.262500
5006		-1.962500
5007		-2.550000
5008		-1.375000
5009		-1.437500
5010		-1.375000
5011		-0.487500
5012		-0.725000
5013		-1.262500
5014		-2.437500
5015		-2.725000
5016		-3.137500
5017		-4.312500
5018		-4.787500
5019		-4.025000
5020		-3.787500
5021		-3.025000
5022		-1.850000
5023		0.275000
5024		0.100000
5025		1.087500
5026		-0.200000
5027		-0.962500
5028		-3.075000
5029		-3.437500
5030		-4.312500
5031		-4.962500
5032		-5.075000
5033		-3.900000
5034		-4.250000
5035		-3.437500
5036		-3.662500
5037		-4.312500
5038		-3.437500
5039		-3.312500
5040		-1.725000
5041		-0.850000
5042		-0.087500
5043		-0.087500
5044		0.387500
5045		0.325000
5046		-0.487500
5047		-1.200000
5048		-1.962500
5049		-0.725000
5050		-1.262500
5051		0.387500
5052		-0.200000
5053		0.800000
5054		0.975000
5055		0.800000
5056		2.675000
5057		0.100000
5058		1.562500
5059		-0.437500
5060		0.862500
5061		0.100000
5062		-0.787500
5063		-1.087500
5064		-2.075000
5065		-6.200000
5066		-7.137500
5067		-9.550000
5068		-10.724999
5069		-11.599999
5070		-9.962500
5071		-11.662499
5072		-9.200000
5073		-8.662499
5074		-6.612500
5075		-5.200000
5076		-2.437500
5077		-3.437500
5078		-1.962500
5079		-1.850000
5080		1.912500
5081		1.737500
5082		2.912500
5083		2.450000
5084		1.087500
5085		-1.787500
5086		-4.612500
5087		-6.375000
5088		-7.250000
5089		-5.837500
5090		-2.312500
5091		-2.550000
5092		-2.675000
5093		-1.675000
5094		-2.612500
5095		-1.137500
5096		-1.900000
5097		0.687500
5098		0.800000
5099		0.687500
5100		-2.725000
5101		-2.375000
5102		-4.725000
5103		-5.662500
5104		-7.312500
5105		-3.262500
5106		-4.025000
5107		-1.137500
5108		-0.262500
5109		0.687500
5110		0.325000
5111		-0.612500
5112		-2.200000
5113		-1.262500
5114		-1.550000
5115		-0.375000
5116		-0.312500
5117		0.912500
5118		0.800000
5119		1.975000
5120		0.212500
5121		-0.375000
5122		-0.087500
5123		-0.375000
5124		-0.487500
5125		-0.025000
5126		0.500000
5127		-0.962500
5128		-2.262500
5129		-3.612500
5130		-5.025000
5131		-4.900000
5132		-5.075000
5133		-3.025000
5134		-3.137500
5135		-2.675000
5136		0.212500
5137		-0.675000
5138		1.387500
5139		1.737500
5140		1.087500
5141		4.800000
5142		3.800000
5143		5.387500
5144		5.387500
5145		6.037500
5146		3.500000
5147		2.325000
5148		2.037500
5149		0.862500
5150		0.687500
5151		2.150000
5152		2.675000
5153		1.862500
5154		1.037500
5155		1.625000
5156		0.625000
5157		-0.025000
5158		-0.787500
5159		0.687500
5160		-0.137500
5161		1.037500
5162		1.625000
5163		2.037500
5164		0.387500
5165		1.862500
5166		1.912500
5167		2.037500
5168		1.687500
5169		1.562500
5170		0.275000
5171		0.737500
5172		0.212500
5173		-0.487500
5174		-0.375000
5175		0.100000
5176		-0.312500
5177		1.275000
5178		1.912500
5179		3.912500
5180		3.625000
5181		4.625000
5182		3.737500
5183		4.212500
5184		2.800000
5185		0.975000
5186		0.275000
5187		-0.550000
5188		-0.962500
5189		-0.437500
5190		-2.025000
5191		-2.075000
5192		-0.787500
5193		0.562500
5194		0.862500
5195		3.037500
5196		4.037500
5197		3.862500
5198		2.737500
5199		4.912500
5200		2.625000
5201		3.325000
5202		2.150000
5203		2.325000
5204		1.562500
5205		2.862500
5206		1.275000
5207		2.562500
5208		2.087500
5209		1.862500
5210		-0.262500
5211		-1.787500
5212		-2.850000
5213		-3.725000
5214		-5.312500
5215		-4.137500
5216		-2.550000
5217		-2.075000
5218		0.687500
5219		1.800000
5220		3.562500
5221		5.212500
5222		4.037500
5223		6.150000
5224		4.087500
5225		4.737500
5226		4.150000
5227		3.087500
5228		2.037500
5229		1.387500
5230		0.037500
5231		0.037500
5232		-0.850000
5233		0.500000
5234		1.975000
5235		2.737500
5236		3.737500
5237		4.625000
5238		4.800000
5239		5.325000
5240		4.975000
5241		6.325000
5242		6.087500
5243		6.387500
5244		5.975000
5245		5.800000
5246		3.675000
5247		3.450000
5248		3.975000
5249		2.625000
5250		3.037500
5251		4.500000
5252		4.262500
5253		3.325000
5254		4.387500
5255		4.500000
5256		3.737500
5257		2.912500
5258		3.325000
5259		3.450000
5260		4.625000
5261		3.737500
5262		4.500000
5263		5.737500
5264		6.437500
5265		6.800000
5266		8.150001
5267		6.325000
5268		8.437500
5269		8.800000
5270		8.850000
5271		5.675000
5272		5.387500
5273		2.275000
5274		2.150000
5275		0.275000
5276		1.862500
5277		3.675000
5278		7.150000
5279		5.087500
5280		8.850000
5281		9.212501
5282		8.500000
5283		8.087501
5284		9.025001
5285		9.325000
5286		7.387500
5287		7.037500
5288		8.150001
5289		5.262500
5290		6.262500
5291		6.562500
5292		7.387500
5293		5.625000
5294		9.912500
5295		8.150001
5296		10.087501
5297		9.025001
5298		7.912500
5299		5.800000
5300		7.037500
5301		5.262500
5302		9.025001
5303		7.150000
5304		9.325000
5305		9.912500
5306		11.387500
5307		10.325000
5308		11.325000
5309		10.975000
5310		9.912500
5311		8.325000
5312		6.262500
5313		4.675000
5314		4.625000
5315		5.975000
5316		3.500000
5317		5.325000
5318		6.975000
5319		7.625000
5320		8.612500
5321		9.437500
5322		10.200000
5323		10.675000
5324		10.262500
5325		9.500000
5326		10.675000
5327		11.437500
5328		11.087501
5329		12.437500
5330		11.737500
5331		11.387500
5332		10.262500
5333		11.737500
5334		11.087501
5335		9.025001
5336		8.975000
5337		8.912500
5338		8.025001
5339		7.325000
5340		8.387500
5341		7.912500
5342		7.975000
5343		6.562500
5344		6.975000
5345		8.437500
5346		9.087501
5347		8.325000
5348		9.025001
5349		6.625000
5350		8.025001
5351		6.737500
5352		6.325000
5353		5.087500
5354		6.975000
5355		6.975000
5356		9.087501
5357		9.212501
5358		11.437500
5359		10.800000
5360		12.150001
5361		10.325000
5362		11.087501
5363		8.800000
5364		8.612500
5365		8.675000
5366		7.850000
5367		8.612500
5368		9.212501
5369		9.612500
5370		10.675000
5371		8.850000
5372		9.500000
5373		7.737500
5374		8.437500
5375		6.500000
5376		4.675000
5377		4.450000
5378		1.450000
5379		1.212500
5380		1.150000
5381		4.625000
5382		5.262500
5383		8.612500
5384		10.025001
5385		11.737500
5386		12.562500
5387		11.150001
5388		10.025001
5389		9.500000
5390		6.737500
5391		5.500000
5392		4.675000
5393		5.387500
5394		6.212500
5395		8.025001
5396		8.737500
5397		10.975000
5398		10.387500
5399		10.387500
5400		10.612500
5401		9.800000
5402		8.437500
5403		6.975000
5404		4.975000
5405		3.037500
5406		1.862500
5407		0.212500
5408		-0.612500
5409		-1.200000
5410		-1.262500
5411		-0.550000
5412		0.037500
5413		0.212500
5414		0.500000
5415		0.975000
5416		0.800000
5417		1.275000
5418		-0.312500
5419		0.500000
5420		-0.025000
5421		0.037500
5422		1.275000
5423		1.037500
5424		2.087500
5425		3.675000
5426		5.737500
5427		7.037500
5428		7.800000
5429		8.025001
5430		6.562500
5431		5.087500
5432		4.387500
5433		2.625000
5434		1.562500
5435		2.450000
5436		3.800000
5437		3.450000
5438		4.850000
5439		4.975000
5440		5.212500
5441		5.800000
5442		6.737500
5443		3.737500
5444		3.450000
5445		2.212500
5446		0.687500
5447		-0.375000
5448		-0.900000
5449		-2.137500
5450		-2.137500
5451		-1.675000
5452		-0.025000
5453		1.625000
5454		2.862500
5455		3.625000
5456		3.912500
5457		2.737500
5458		1.975000
5459		1.087500
5460		0.275000
5461		0.500000
5462		0.800000
5463		0.562500
5464		2.800000
5465		1.450000
5466		1.500000
5467		1.325000
5468		2.150000
5469		2.387500
5470		1.737500
5471		0.500000
5472		-0.262500
5473		-2.437500
5474		-3.437500
5475		-4.962500
5476		-4.487500
5477		-4.312500
5478		-3.900000
5479		-2.787500
5480		-1.262500
5481		-1.312500
5482		0.150000
5483		0.625000
5484		0.100000
5485		-0.900000
5486		-0.025000
5487		-0.375000
5488		-0.200000
5489		-0.137500
5490		-0.087500
5491		-0.900000
5492		-0.487500
5493		-0.375000
5494		0.387500
5495		-0.025000
5496		0.275000
5497		0.500000
5498		0.100000
5499		-1.787500
5500		-1.850000
5501		-2.787500
5502		-2.725000
5503		-3.962500
5504		-3.075000
5505		-1.962500
5506		-1.375000
5507		-1.087500
5508		-1.262500
5509		-1.200000
5510		-2.850000
5511		-2.312500
5512		-2.675000
5513		-3.487500
5514		-2.850000
5515		-3.375000
5516		-4.137500
5517		-3.137500
5518		-3.137500
5519		-2.437500
5520		-1.487500
5521		-0.962500
5522		-0.962500
5523		-0.900000
5524		-1.262500
5525		-0.962500
5526		-0.612500
5527		-1.550000
5528		-2.375000
5529		-2.612500
5530		-2.487500
5531		-2.200000
5532		-2.550000
5533		-2.075000
5534		-2.550000
5535		-2.025000
5536		-2.262500
5537		-1.550000
5538		-2.487500
5539		-1.262500
5540		-1.550000
5541		-1.487500
5542		-1.675000
5543		-2.487500
5544		-2.312500
5545		-4.312500
5546		-2.787500
5547		-3.025000
5548		-2.262500
5549		-0.962500
5550		-1.262500
5551		-0.675000
5552		-0.900000
5553		-1.200000
5554		-1.675000
5555		-0.787500
5556		-2.262500
5557		-1.675000
5558		-3.137500
5559		-0.312500
5560		-1.200000
5561		-1.787500
5562		-0.675000
5563		-0.850000
5564		-0.725000
5565		-1.200000
5566		-1.962500
5567		-1.087500
5568		0.975000
5569		0.562500
5570		0.562500
5571		1.387500
5572		0.150000
5573		0.325000
5574		-0.312500
5575		0.975000
5576		2.800000
5577		3.800000
5578		3.325000
5579		0.975000
5580		-2.962500
5581		-7.425000
5582		-10.487500
5583		-12.487500
5584		-14.012500
5585		-13.187500
5586		-10.787499
5587		-8.662499
5588		-5.787500
5589		-4.612500
5590		-4.200000
5591		-5.612500
5592		-5.900000
5593		-7.550000
5594		-5.612500
5595		-2.312500
5596		0.737500
5597		3.037500
5598		5.975000
5599		5.562500
5600		5.737500
5601		2.975000
5602		2.862500
5603		1.625000
5604		2.037500
5605		1.862500
5606		2.387500
5607		-0.375000
5608		-1.675000
5609		-4.612500
5610		-7.725000
5611		-8.612500
5612		-6.312500
5613		-5.900000
5614		-3.487500
5615		-2.437500
5616		-0.787500
5617		-3.375000
5618		-3.025000
5619		-2.437500
5620		-2.900000
5621		0.037500
5622		0.800000
5623		0.387500
5624		0.150000
5625		-2.437500
5626		-4.437500
5627		-5.200000
5628		-4.962500
5629		-6.550000
5630		-6.725000
5631		-5.787500
5632		-4.662500
5633		-4.312500
5634		-4.787500
5635		-4.962500
5636		-5.250000
5637		-7.200000
5638		-6.487500
5639		-5.900000
5640		-5.025000
5641		-4.612500
5642		-4.787500
5643		-5.962500
5644		-6.550000
5645		-5.662500
5646		-6.837500
5647		-6.550000
5648		-5.900000
5649		-5.487500
5650		-4.437500
5651		-2.375000
5652		-4.137500
5653		-4.137500
5654		-3.612500
5655		-4.850000
5656		-2.487500
5657		-3.312500
5658		-2.962500
5659		-1.787500
5660		-0.312500
5661		-1.312500
5662		-1.550000
5663		-3.725000
5664		-3.487500
5665		-3.437500
5666		-4.075000
5667		-5.900000
5668		-5.137500
5669		-5.200000
5670		-5.200000
5671		-5.375000
5672		-6.487500
5673		-6.487500
5674		-6.075000
5675		-7.375000
5676		-5.200000
5677		-4.962500
5678		-5.837500
5679		-6.075000
5680		-5.075000
5681		-4.437500
5682		-3.437500
5683		-4.437500
5684		-3.725000
5685		-4.137500
5686		-3.075000
5687		-4.312500
5688		-5.787500
5689		-5.662500
5690		-5.837500
5691		-4.437500
5692		-6.137500
5693		-7.075000
5694		-6.025000
5695		-5.962500
5696		-4.200000
5697		-3.437500
5698		-3.312500
5699		-2.900000
5700		-3.375000
5701		-4.312500
5702		-4.487500
5703		-5.962500
5704		-7.425000
5705		-7.550000
5706		-6.900000
5707		-6.487500
5708		-6.487500
5709		-6.250000
5710		-6.787500
5711		-5.487500
5712		-8.375000
5713		-6.437500
5714		-6.837500
5715		-5.662500
5716		-3.662500
5717		-2.675000
5718		-2.262500
5719		-2.200000
5720		-3.900000
5721		-4.025000
5722		-5.312500
5723		-5.075000
5724		-5.075000
5725		-4.612500
5726		-5.025000
5727		-3.787500
5728		-3.487500
5729		-2.850000
5730		-3.725000
5731		-2.962500
5732		-3.550000
5733		-3.437500
5734		-2.550000
5735		-2.550000
5736		-4.075000
5737		-4.487500
5738		-6.375000
5739		-8.550000
5740		-11.250000
5741		-13.137500
5742		-14.550000
5743		-14.137500
5744		-13.599999
5745		-13.075000
5746		-12.375000
5747		-11.250000
5748		-9.312500
5749		-8.312500
5750		-6.837500
5751		-6.025000
5752		-5.075000
5753		-4.312500
5754		-3.137500
5755		-2.075000
5756		-2.025000
5757		-1.025000
5758		-2.312500
5759		-5.200000
5760		-8.487500
5761		-9.137500
5762		-9.200000
5763		-7.250000
5764		-5.787500
5765		-5.137500
5766		-3.662500
5767		-5.662500
5768		-5.787500
5769		-5.250000
5770		-4.025000
5771		-3.662500
5772		-2.725000
5773		-2.725000
5774		-3.200000
5775		-5.312500
5776		-8.312500
5777		-10.312500
5778		-9.312500
5779		-9.900000
5780		-6.837500
5781		-5.437500
5782		-4.787500
5783		-3.662500
5784		-5.137500
5785		-3.437500
5786		-5.962500
5787		-5.250000
5788		-5.312500
5789		-4.487500
5790		-4.312500
5791		-1.850000
5792		-2.787500
5793		-2.487500
5794		-3.612500
5795		-2.725000
5796		-4.787500
5797		-2.962500
5798		-2.962500
5799		-3.612500
5800		-4.612500
5801		-3.725000
5802		-6.962500
5803		-7.550000
5804		-8.787499
5805		-9.137500
5806		-8.487500
5807		-10.724999
5808		-8.487500
5809		-8.200000
5810		-5.612500
5811		-6.200000
5812		-4.487500
5813		-4.612500
5814		-1.550000
5815		-1.850000
5816		-0.025000
5817		-1.437500
5818		0.862500
5819		0.100000
5820		0.037500
5821		-3.787500
5822		-0.850000
5823		-2.900000
5824		-0.850000
5825		-3.137500
5826		-0.312500
5827		-2.725000
5828		-1.200000
5829		-2.075000
5830		-3.375000
5831		-2.850000
5832		-3.850000
5833		-2.262500
5834		-1.375000
5835		-3.725000
5836		-0.787500
5837		-4.200000
5838		-2.612500
5839		-4.025000
5840		-1.612500
5841		-3.437500
5842		-0.850000
5843		-3.137500
5844		-1.675000
5845		-1.200000
5846		-4.312500
5847		-3.025000
5848		-3.437500
5849		-4.900000
5850		-4.487500
5851		-2.725000
5852		-2.550000
5853		1.087500
5854		-0.312500
5855		1.150000
5856		2.975000
5857		-0.087500
5858		0.800000
5859		-3.725000
5860		-2.075000
5861		-5.375000
5862		-4.900000
5863		-6.487500
5864		-4.787500
5865		-7.137500
5866		-4.612500
5867		-5.487500
5868		-3.662500
5869		-0.962500
5870		-1.850000
5871		0.975000
5872		1.687500
5873		0.562500
5874		0.562500
5875		-1.850000
5876		-1.437500
5877		-3.137500
5878		-3.200000
5879		-3.550000
5880		-1.375000
5881		-1.437500
5882		-0.900000
5883		-1.375000
5884		-1.787500
5885		-4.850000
5886		-3.962500
5887		-7.025000
5888		-7.612500
5889		-8.200000
5890		-7.725000
5891		-6.550000
5892		-4.900000
5893		-2.075000
5894		-0.850000
5895		0.975000
5896		2.450000
5897		2.737500
5898		2.625000
5899		2.625000
5900		1.325000
5901		0.387500
5902		-1.962500
5903		-0.900000
5904		-3.025000
5905		-2.850000
5906		-3.137500
5907		-1.850000
5908		-2.487500
5909		-0.612500
5910		0.562500
5911		1.737500
5912		2.275000
5913		4.087500
5914		4.912500
5915		5.450000
5916		4.262500
5917		4.037500
5918		3.087500
5919		2.325000
5920		0.562500
5921		0.562500
5922		-0.550000
5923		0.100000
5924		0.275000
5925		1.500000
5926		1.625000
5927		3.087500
5928		1.737500
5929		2.037500
5930		2.275000
5931		1.625000
5932		1.087500
5933		1.625000
5934		0.737500
5935		2.150000
5936		1.562500
5937		2.037500
5938		1.800000
5939		3.150000
5940		3.325000
5941		3.562500
5942		3.212500
5943		2.862500
5944		3.800000
5945		3.975000
5946		2.087500
5947		0.450000
5948		-1.262500
5949		-2.075000
5950		-2.437500
5951		-1.262500
5952		-0.312500
5953		2.325000
5954		3.737500
5955		4.912500
5956		5.562500
5957		6.037500
5958		5.562500
5959		3.625000
5960		4.625000
5961		3.150000
5962		2.912500
5963		2.675000
5964		2.562500
5965		2.387500
5966		4.037500
5967		3.150000
5968		4.675000
5969		5.262500
5970		6.387500
5971		5.975000
5972		5.150000
5973		4.800000
5974		4.037500
5975		3.912500
5976		4.387500
5977		4.087500
5978		5.850000
5979		5.675000
5980		7.387500
5981		6.912500
5982		6.850000
5983		5.975000
5984		6.562500
5985		5.500000
5986		4.675000
5987		3.912500
5988		3.450000
5989		2.275000
5990		2.625000
5991		2.037500
5992		3.275000
5993		3.737500
5994		5.037500
5995		6.262500
5996		7.625000
5997		7.975000
5998		8.612500
5999		7.562500
6000		8.850000
6001		8.437500
6002		8.737500
6003		8.212501
6004		7.625000
6005		7.325000
6006		7.800000
6007		7.737500
6008		8.262500
6009		7.500000
6010		7.262500
6011		6.437500
6012		7.150000
6013		6.325000
6014		6.387500
6015		6.150000
6016		6.850000
6017		5.800000
6018		6.212500
6019		6.675000
6020		7.150000
6021		6.500000
6022		7.737500
6023		6.737500
6024		6.150000
6025		5.850000
6026		5.500000
6027		6.087500
6028		6.737500
6029		7.037500
6030		6.975000
6031		7.387500
6032		8.612500
6033		8.325000
6034		9.325000
6035		9.612500
6036		9.025001
6037		8.612500
6038		8.562500
6039		7.437500
6040		7.562500
6041		6.625000
6042		6.912500
6043		6.850000
6044		7.150000
6045		7.037500
6046		7.037500
6047		6.737500
6048		7.150000
6049		4.625000
6050		4.800000
6051		1.737500
6052		2.150000
6053		-0.087500
6054		-0.025000
6055		-1.850000
6056		0.387500
6057		0.387500
6058		2.675000
6059		3.212500
6060		6.850000
6061		6.562500
6062		8.150001
6063		7.625000
6064		6.087500
6065		4.212500
6066		2.912500
6067		1.562500
6068		1.325000
6069		2.912500
6070		3.800000
6071		4.562500
6072		5.625000
6073		5.625000
6074		7.500000
6075		7.737500
6076		8.612500
6077		8.562500
6078		7.325000
6079		5.387500
6080		3.975000
6081		1.687500
6082		-0.612500
6083		-1.787500
6084		-4.025000
6085		-3.725000
6086		-4.025000
6087		-2.375000
6088		-2.787500
6089		-0.025000
6090		-0.487500
6091		0.862500
6092		-0.487500
6093		1.212500
6094		-1.487500
6095		0.562500
6096		-2.787500
6097		-0.487500
6098		-2.025000
6099		0.387500
6100		-1.087500
6101		2.325000
6102		2.800000
6103		6.387500
6104		4.737500
6105		6.562500
6106		3.737500
6107		3.737500
6108		0.862500
6109		1.387500
6110		0.800000
6111		0.562500
6112		-0.200000
6113		0.975000
6114		-0.087500
6115		1.912500
6116		2.275000
6117		1.087500
6118		2.275000
6119		2.450000
6120		0.275000
6121		-0.087500
6122		-2.312500
6123		-2.437500
6124		-5.962500
6125		-6.487500
6126		-5.075000
6127		-4.312500
6128		-2.375000
6129		-0.900000
6130		0.562500
6131		1.562500
6132		1.737500
6133		1.737500
6134		0.737500
6135		0.912500
6136		0.100000
6137		-0.375000
6138		-1.025000
6139		0.100000
6140		-0.550000
6141		-1.312500
6142		-0.487500
6143		-1.137500
6144		-0.087500
6145		-0.900000
6146		-0.675000
6147		0.325000
6148		-2.375000
6149		-4.200000
6150		-4.312500
6151		-5.200000
6152		-5.550000
6153		-4.612500
6154		-5.075000
6155		-4.612500
6156		-3.262500
6157		-1.787500
6158		-1.487500
6159		0.975000
6160		1.275000
6161		1.500000
6162		0.562500
6163		2.500000
6164		1.387500
6165		0.275000
6166		-2.025000
6167		-1.787500
6168		-0.962500
6169		-1.962500
6170		-0.437500
6171		-0.900000
6172		0.212500
6173		1.212500
6174		0.037500
6175		0.037500
6176		-2.375000
6177		-3.025000
6178		-2.375000
6179		-3.662500
6180		-1.550000
6181		-2.025000
6182		-3.787500
6183		-3.850000
6184		-2.375000
6185		-3.200000
6186		-2.375000
6187		-2.725000
6188		-2.375000
6189		-4.200000
6190		-2.675000
6191		-3.787500
6192		-3.262500
6193		-2.725000
6194		-2.850000
6195		-2.850000
6196		-3.200000
6197		-2.312500
6198		-2.200000
6199		-0.487500
6200		-0.375000
6201		-0.787500
6202		-2.075000
6203		-1.962500
6204		-1.550000
6205		-2.962500
6206		-2.437500
6207		-3.200000
6208		-2.487500
6209		-2.850000
6210		-2.850000
6211		-3.025000
6212		-1.087500
6213		-1.900000
6214		-0.487500
6215		-0.087500
6216		-0.200000
6217		0.100000
6218		-0.612500
6219		-0.437500
6220		-1.312500
6221		-0.375000
6222		-1.437500
6223		-2.850000
6224		-1.725000
6225		-1.612500
6226		-0.900000
6227		-0.262500
6228		0.862500
6229		1.975000
6230		1.912500
6231		2.562500
6232		2.387500
6233		1.687500
6234		2.562500
6235		2.212500
6236		2.212500
6237		2.087500
6238		2.737500
6239		3.212500
6240		2.275000
6241		2.737500
6242		5.675000
6243		4.325000
6244		6.625000
6245		6.737500
6246		7.437500
6247		5.562500
6248		5.387500
6249		5.212500
6250		4.912500
6251		6.975000
6252		8.612500
6253		6.675000
6254		3.800000
6255		0.687500
6256		-3.137500
6257		-6.487500
6258		-8.012500
6259		-7.250000
6260		-7.837500
6261		-4.200000
6262		-1.550000
6263		-1.200000
6264		-0.900000
6265		-1.087500
6266		-2.262500
6267		-1.787500
6268		-2.725000
6269		-0.962500
6270		2.450000
6271		5.562500
6272		9.562500
6273		10.975000
6274		11.562500
6275		10.387500
6276		6.850000
6277		6.262500
6278		6.262500
6279		7.625000
6280		8.212501
6281		8.675000
6282		5.850000
6283		4.737500
6284		0.862500
6285		-0.612500
6286		-1.962500
6287		-0.025000
6288		0.562500
6289		3.037500
6290		2.625000
6291		2.862500
6292		2.625000
6293		2.150000
6294		1.737500
6295		3.325000
6296		4.850000
6297		6.737500
6298		6.912500
6299		5.975000
6300		5.212500
6301		3.737500
6302		0.737500
6303		1.275000
6304		0.912500
6305		-0.612500
6306		1.150000
6307		1.687500
6308		1.737500
6309		1.862500
6310		1.687500
6311		-0.087500
6312		1.087500
6313		0.387500
6314		1.387500
6315		1.275000
6316		1.087500
6317		1.687500
6318		0.387500
6319		-1.087500
6320		-0.312500
6321		-1.487500
6322		-0.550000
6323		-0.200000
6324		0.687500
6325		2.212500
6326		2.275000
6327		3.450000
6328		1.687500
6329		2.450000
6330		2.087500
6331		2.625000
6332		3.450000
6333		4.037500
6334		5.975000
6335		3.325000
6336		3.087500
6337		3.037500
6338		2.325000
6339		1.387500
6340		2.450000
6341		0.500000
6342		2.675000
6343		-0.487500
6344		1.150000
6345		-0.312500
6346		-0.900000
6347		-1.375000
6348		-2.025000
6349		-2.725000
6350		-0.087500
6351		-0.550000
6352		1.087500
6353		0.212500
6354		1.450000
6355		0.037500
6356		2.500000
6357		-0.487500
6358		2.450000
6359		1.687500
6360		2.862500
6361		0.625000
6362		0.687500
6363		-0.437500
6364		0.037500
6365		-1.087500
6366		-0.025000
6367		-1.137500
6368		-0.787500
6369		0.800000
6370		1.975000
6371		1.450000
6372		4.800000
6373		3.037500
6374		4.037500
6375		1.150000
6376		0.625000
6377		-0.375000
6378		-1.200000
6379		-1.675000
6380		-0.375000
6381		-2.675000
6382		-0.962500
6383		-2.025000
6384		-0.900000
6385		-1.612500
6386		-0.375000
6387		-1.962500
6388		-0.787500
6389		0.212500
6390		2.275000
6391		1.325000
6392		2.737500
6393		1.450000
6394		1.862500
6395		0.500000
6396		-0.900000
6397		-0.550000
6398		-0.962500
6399		-0.487500
6400		-0.200000
6401		0.212500
6402		1.275000
6403		1.387500
6404		2.275000
6405		1.037500
6406		1.212500
6407		1.150000
6408		0.800000
6409		0.562500
6410		0.625000
6411		-0.787500
6412		-1.850000
6413		-4.662500
6414		-6.437500
6415		-10.200000
6416		-10.599999
6417		-10.962500
6418		-10.312500
6419		-9.312500
6420		-8.375000
6421		-7.075000
6422		-6.250000
6423		-4.137500
6424		-3.137500
6425		-1.262500
6426		-0.375000
6427		0.562500
6428		0.687500
6429		3.500000
6430		3.800000
6431		5.087500
6432		3.625000
6433		1.737500
6434		-0.612500
6435		-3.075000
6436		-3.200000
6437		-2.375000
6438		-1.487500
6439		0.975000
6440		1.687500
6441		1.325000
6442		2.675000
6443		2.500000
6444		3.150000
6445		3.737500
6446		4.087500
6447		3.975000
6448		2.275000
6449		1.037500
6450		-2.850000
6451		-3.437500
6452		-5.375000
6453		-3.487500
6454		-1.962500
6455		0.275000
6456		1.387500
6457		2.562500
6458		1.687500
6459		1.562500
6460		-0.312500
6461		0.625000
6462		0.212500
6463		0.800000
6464		2.037500
6465		2.975000
6466		2.862500
6467		3.037500
6468		2.737500
6469		2.500000
6470		1.975000
6471		3.325000
6472		3.212500
6473		4.150000
6474		4.150000
6475		1.800000
6476		-0.312500
6477		-1.137500
6478		-3.550000
6479		-3.850000
6480		-4.487500
6481		-4.200000
6482		-2.787500
6483		-2.550000
6484		-0.612500
6485		0.212500
6486		1.500000
6487		2.500000
6488		2.562500
6489		3.675000
6490		4.500000
6491		4.087500
6492		6.262500
6493		6.150000
6494		5.325000
6495		4.625000
6496		3.212500
6497		1.862500
6498		1.625000
6499		2.387500
6500		2.275000
6501		2.275000
6502		4.325000
6503		2.275000
6504		2.675000
6505		2.150000
6506		2.275000
6507		2.675000
6508		2.150000
6509		2.150000
6510		1.387500
6511		1.500000
6512		0.862500
6513		-0.137500
6514		1.450000
6515		1.737500
6516		1.862500
6517		2.275000
6518		2.450000
6519		1.687500
6520		1.387500
6521		0.500000
6522		0.625000
6523		-0.612500
6524		-0.025000
6525		0.450000
6526		1.687500
6527		2.800000
6528		4.212500
6529		4.675000
6530		4.912500
6531		4.212500
6532		4.387500
6533		2.625000
6534		2.562500
6535		0.800000
6536		-0.375000
6537		-1.025000
6538		-1.675000
6539		-2.262500
6540		-2.900000
6541		-2.137500
6542		-0.087500
6543		0.275000
6544		3.212500
6545		3.912500
6546		5.562500
6547		5.037500
6548		4.737500
6549		3.212500
6550		2.275000
6551		0.562500
6552		1.275000
6553		1.037500
6554		0.975000
6555		1.325000
6556		1.737500
6557		0.975000
6558		0.212500
6559		-0.487500
6560		-3.075000
6561		-2.675000
6562		-3.137500
6563		-3.550000
6564		-3.312500
6565		-2.787500
6566		-1.850000
6567		-0.550000
6568		-0.787500
6569		1.325000
6570		1.450000
6571		2.737500
6572		3.450000
6573		2.387500
6574		3.562500
6575		2.087500
6576		-0.900000
6577		-0.200000
6578		-1.262500
6579		-2.137500
6580		-2.437500
6581		-2.850000
6582		-2.550000
6583		-2.437500
6584		-0.025000
6585		0.037500
6586		0.975000
6587		2.325000
6588		3.212500
6589		3.800000
6590		3.737500
6591		5.087500
6592		2.675000
6593		2.450000
6594		0.687500
6595		-1.675000
6596		-1.675000
6597		-2.262500
6598		-2.375000
6599		-1.137500
6600		-0.787500
6601		0.800000
6602		0.325000
6603		0.212500
6604		0.687500
6605		0.800000
6606		-0.087500
6607		1.387500
6608		0.325000
6609		1.450000
6610		-0.487500
6611		0.275000
6612		-0.262500
6613		1.087500
6614		1.800000
6615		2.625000
6616		1.912500
6617		4.500000
6618		2.675000
6619		3.325000
6620		0.562500
6621		-0.312500
6622		-1.787500
6623		-3.437500
6624		-4.137500
6625		-2.375000
6626		-1.487500
6627		0.212500
6628		1.150000
6629		1.212500
6630		3.625000
6631		4.037500
6632		3.037500
6633		3.325000
6634		3.212500
6635		2.325000
6636		1.975000
6637		2.275000
6638		0.800000
6639		0.100000
6640		-0.200000
6641		0.500000
6642		-0.087500
6643		0.737500
6644		2.800000
6645		3.737500
6646		3.737500
6647		4.912500
6648		1.975000
6649		1.275000
6650		1.275000
6651		1.562500
6652		1.562500
6653		1.087500
6654		3.912500
6655		2.275000
6656		3.625000
6657		4.912500
6658		2.975000
6659		2.737500
6660		2.325000
6661		2.275000
6662		0.975000
6663		-0.900000
6664		-1.550000
6665		0.387500
6666		-0.487500
6667		0.100000
6668		1.150000
6669		1.500000
6670		1.625000
6671		3.562500
6672		3.325000
6673		3.675000
6674		4.500000
6675		3.912500
6676		5.675000
6677		4.450000
6678		5.562500
6679		3.500000
6680		4.737500
6681		3.387500
6682		3.737500
6683		2.737500
6684		2.800000
6685		3.087500
6686		3.150000
6687		3.675000
6688		3.450000
6689		3.500000
6690		2.562500
6691		2.275000
6692		2.562500
6693		2.087500
6694		2.737500
6695		3.037500
6696		3.912500
6697		4.325000
6698		3.037500
6699		2.675000
6700		2.562500
6701		3.150000
6702		3.912500
6703		2.562500
6704		3.500000
6705		2.800000
6706		2.450000
6707		3.325000
6708		5.150000
6709		4.625000
6710		5.850000
6711		4.262500
6712		4.975000
6713		4.037500
6714		3.500000
6715		3.325000
6716		3.912500
6717		2.087500
6718		2.325000
6719		2.150000
6720		2.862500
6721		2.275000
6722		2.975000
6723		2.500000
6724		1.387500
6725		1.387500
6726		-1.200000
6727		-2.675000
6728		-3.025000
6729		-2.675000
6730		-4.312500
6731		-4.900000
6732		-4.250000
6733		-1.612500
6734		-1.487500
6735		0.975000
6736		3.150000
6737		2.275000
6738		4.975000
6739		2.387500
6740		1.687500
6741		-1.262500
6742		-1.675000
6743		-1.675000
6744		-1.137500
6745		-1.787500
6746		0.150000
6747		-0.612500
6748		2.037500
6749		2.625000
6750		4.975000
6751		3.562500
6752		4.800000
6753		3.387500
6754		2.150000
6755		1.387500
6756		-0.675000
6757		-2.550000
6758		-4.662500
6759		-6.662500
6760		-8.137500
6761		-8.375000
6762		-7.725000
6763		-5.662500
6764		-4.487500
6765		-4.312500
6766		-2.262500
6767		-2.725000
6768		-2.675000
6769		-2.550000
6770		-3.725000
6771		-3.725000
6772		-3.900000
6773		-4.962500
6774		-6.025000
6775		-3.487500
6776		-3.850000
6777		-1.850000
6778		-0.087500
6779		1.275000
6780		0.100000
6781		0.912500
6782		1.150000
6783		-0.312500
6784		-0.962500
6785		-1.550000
6786		-2.850000
6787		-4.250000
6788		-3.262500
6789		-5.787500
6790		-2.550000
6791		-3.137500
6792		-3.262500
6793		-2.850000
6794		-1.962500
6795		-3.437500
6796		-3.850000
6797		-5.437500
6798		-8.137500
6799		-9.599999
6800		-10.662499
6801		-9.662499
6802		-8.550000
6803		-10.375000
6804		-5.962500
6805		-7.075000
6806		-5.487500
6807		-5.025000
6808		-3.075000
6809		-3.662500
6810		-2.137500
6811		-4.137500
6812		-3.850000
6813		-5.900000
6814		-5.725000
6815		-6.375000
6816		-5.962500
6817		-6.662500
6818		-5.312500
6819		-8.137500
6820		-5.250000
6821		-5.550000
6822		-6.612500
6823		-6.787500
6824		-7.550000
6825		-6.837500
6826		-8.137500
6827		-7.025000
6828		-8.375000
6829		-7.725000
6830		-7.725000
6831		-7.612500
6832		-5.900000
6833		-6.725000
6834		-4.375000
6835		-3.900000
6836		-2.375000
6837		-4.025000
6838		-2.962500
6839		-6.200000
6840		-5.612500
6841		-7.662500
6842		-7.250000
6843		-6.962500
6844		-6.787500
6845		-5.375000
6846		-6.487500
6847		-4.962500
6848		-6.837500
6849		-5.725000
6850		-5.312500
6851		-5.725000
6852		-5.550000
6853		-5.962500
6854		-6.250000
6855		-7.137500
6856		-7.425000
6857		-9.137500
6858		-8.012500
6859		-10.137500
6860		-7.137500
6861		-8.612500
6862		-8.724999
6863		-7.075000
6864		-8.425000
6865		-7.837500
6866		-7.250000
6867		-7.725000
6868		-6.962500
6869		-8.425000
6870		-7.425000
6871		-7.375000
6872		-6.312500
6873		-8.550000
6874		-5.250000
6875		-7.137500
6876		-6.662500
6877		-7.075000
6878		-5.025000
6879		-8.612500
6880		-6.250000
6881		-8.137500
6882		-6.250000
6883		-7.250000
6884		-6.837500
6885		-6.725000
6886		-5.612500
6887		-6.487500
6888		-4.312500
6889		-5.612500
6890		-5.075000
6891		-4.200000
6892		-3.900000
6893		-4.437500
6894		-3.787500
6895		-4.487500
6896		-3.850000
6897		-3.962500
6898		-3.662500
6899		-4.200000
6900		-3.312500
6901		-3.312500
6902		-2.200000
6903		-0.900000
6904		-1.900000
6905		-1.200000
6906		-0.612500
6907		-1.850000
6908		-1.487500
6909		-0.962500
6910		0.100000
6911		-1.087500
6912		-1.025000
6913		-1.025000
6914		-0.550000
6915		-0.312500
6916		0.862500
6917		1.625000
6918		3.862500
6919		3.800000
6920		3.675000
6921		3.150000
6922		2.212500
6923		2.562500
6924		3.675000
6925		4.387500
6926		5.212500
6927		2.562500
6928		-0.375000
6929		-5.250000
6930		-8.312500
6931		-10.200000
6932		-12.724999
6933		-11.599999
6934		-11.375000
6935		-7.662500
6936		-5.787500
6937		-4.900000
6938		-5.487500
6939		-5.900000
6940		-6.725000
6941		-6.662500
6942		-5.662500
6943		-2.900000
6944		-0.375000
6945		2.975000
6946		5.975000
6947		6.850000
6948		6.912500
6949		4.500000
6950		2.625000
6951		1.037500
6952		0.562500
6953		2.275000
6954		1.500000
6955		1.562500
6956		-0.962500
6957		-2.900000
6958		-4.437500
6959		-5.662500
6960		-6.025000
6961		-4.137500
6962		-3.075000
6963		-2.675000
6964		-1.850000
6965		-1.612500
6966		-2.962500
6967		-1.900000
6968		-2.200000
6969		-0.200000
6970		0.975000
6971		2.450000
6972		2.275000
6973		1.037500
6974		-0.725000
6975		-2.075000
6976		-3.137500
6977		-3.900000
6978		-3.962500
6979		-3.612500
6980		-4.312500
6981		-1.375000
6982		-2.137500
6983		-1.675000
6984		-3.137500
6985		-2.675000
6986		-3.850000
6987		-3.612500
6988		-2.787500
6989		-1.850000
6990		-2.437500
6991		-2.200000
6992		-3.550000
6993		-2.550000
6994		-3.850000
6995		-2.725000
6996		-3.137500
6997		-1.675000
6998		-1.612500
6999		-1.025000
7000		-1.087500
7001		-0.962500
7002		-0.787500
7003		-0.087500
7004		-0.087500
7005		1.325000
7006		1.275000
7007		1.912500
7008		1.862500
7009		1.912500
7010		1.562500
7011		0.912500
7012		-0.612500
7013		-0.900000
7014		-1.087500
7015		-0.787500
7016		-0.437500
7017		-0.725000
7018		-1.375000
7019		-2.075000
7020		-2.962500
7021		-4.025000
7022		-3.900000
7023		-2.675000
7024		-3.137500
7025		-2.850000
7026		-1.962500
7027		-0.787500
7028		-1.487500
7029		-1.087500
7030		-0.900000
7031		-0.312500
7032		0.212500
7033		0.212500
7034		0.275000
7035		0.037500
7036		-0.675000
7037		-1.437500
7038		-1.962500
7039		-2.612500
7040		-2.437500
7041		-3.025000
7042		-2.962500
7043		-0.962500
7044		-1.087500
7045		-0.025000
7046		0.562500
7047		0.150000
7048		-0.725000
7049		-1.312500
7050		-2.075000
7051		-3.200000
7052		-5.312500
7053		-3.962500
7054		-7.137500
7055		-4.487500
7056		-5.312500
7057		-5.487500
7058		-6.075000
7059		-4.787500
7060		-5.375000
7061		-4.725000
7062		-5.612500
7063		-3.612500
7064		-3.312500
7065		-2.375000
7066		-1.550000
7067		-1.550000
7068		-2.075000
7069		-3.200000
7070		-4.487500
7071		-3.662500
7072		-3.612500
7073		-2.612500
7074		-3.725000
7075		-3.025000
7076		-2.137500
7077		-2.137500
7078		-2.675000
7079		-1.375000
7080		-2.787500
7081		-2.200000
7082		-2.675000
7083		-1.437500
7084		-1.900000
7085		-1.787500
7086		-3.725000
7087		-6.550000
7088		-10.962500
7089		-11.599999
7090		-12.900000
7091		-12.487500
7092		-12.962500
7093		-10.662499
7094		-10.900000
7095		-8.962500
7096		-8.137500
7097		-7.425000
7098		-4.900000
7099		-4.962500
7100		-3.787500
7101		-3.312500
7102		-1.312500
7103		-1.262500
7104		1.450000
7105		0.800000
7106		1.150000
7107		-3.137500
7108		-3.850000
7109		-6.787500
7110		-6.375000
7111		-6.312500
7112		-3.075000
7113		-2.375000
7114		-1.900000
7115		-2.550000
7116		-1.262500
7117		-1.200000
7118		-0.025000
7119		1.150000
7120		2.150000
7121		0.687500
7122		-0.200000
7123		-3.437500
7124		-5.200000
7125		-7.612500
7126		-8.137500
7127		-6.962500
7128		-3.550000
7129		-2.075000
7130		-1.550000
7131		-1.375000
7132		-0.087500
7133		-1.675000
7134		-1.675000
7135		-1.850000
7136		-1.312500
7137		-1.487500
7138		-0.200000
7139		1.687500
7140		1.387500
7141		0.687500
7142		0.212500
7143		-0.262500
7144		-1.200000
7145		0.150000
7146		-1.200000
7147		0.037500
7148		2.500000
7149		0.975000
7150		-1.675000
7151		-2.262500
7152		-4.200000
7153		-4.200000
7154		-3.900000
7155		-4.200000
7156		-3.025000
7157		-4.900000
7158		-1.375000
7159		-0.900000
7160		0.687500
7161		0.275000
7162		3.450000
7163		3.800000
7164		5.500000
7165		6.150000
7166		6.037500
7167		5.262500
7168		5.212500
7169		2.037500
7170		2.275000
7171		0.800000
7172		1.562500
7173		1.387500
7174		2.275000
7175		2.275000
7176		2.325000
7177		1.087500
7178		2.037500
7179		0.212500
7180		0.450000
7181		0.212500
7182		0.800000
7183		2.275000
7184		0.212500
7185		1.325000
7186		-0.087500
7187		0.037500
7188		0.862500
7189		1.687500
7190		1.862500
7191		2.037500
7192		2.325000
7193		1.562500
7194		1.275000
7195		0.275000
7196		1.500000
7197		-0.675000
7198		0.500000
7199		0.737500
7200		1.737500
7201		2.037500
7202		1.800000
7203		3.562500
7204		3.450000
7205		2.800000
7206		1.325000
7207		0.100000
7208		0.562500
7209		0.387500
7210		-1.137500
7211		-0.787500
7212		0.562500
7213		-0.487500
7214		-0.487500
7215		0.562500
7216		1.687500
7217		3.212500
7218		4.675000
7219		5.737500
7220		6.562500
7221		6.087500
7222		4.850000
7223		4.450000
7224		5.037500
7225		5.500000
7226		4.387500
7227		5.262500
7228		3.500000
7229		4.037500
7230		3.800000
7231		2.275000
7232		1.150000
7233		-0.137500
7234		-0.025000
7235		-0.137500
7236		-1.137500
7237		1.150000
7238		1.862500
7239		1.687500
7240		2.150000
7241		4.087500
7242		3.975000
7243		5.675000
7244		8.387500
7245		8.675000
7246		9.562500
7247		7.325000
7248		7.437500
7249		5.500000
7250		6.262500
7251		5.800000
7252		4.212500
7253		3.325000
7254		4.087500
7255		2.737500
7256		1.975000
7257		3.450000
7258		2.912500
7259		4.325000
7260		5.625000
7261		6.562500
7262		8.212501
7263		10.150001
7264		9.612500
7265		9.387500
7266		7.212500
7267		6.150000
7268		4.975000
7269		1.862500
7270		2.450000
7271		2.087500
7272		2.975000
7273		2.737500
7274		5.737500
7275		5.150000
7276		5.212500
7277		6.387500
7278		5.625000
7279		5.675000
7280		5.850000
7281		3.387500
7282		4.087500
7283		4.625000
7284		3.625000
7285		3.625000
7286		4.500000
7287		5.325000
7288		5.975000
7289		8.612500
7290		8.437500
7291		8.975000
7292		11.675000
7293		11.025001
7294		8.025001
7295		6.500000
7296		6.037500
7297		4.625000
7298		4.325000
7299		3.562500
7300		5.387500
7301		5.850000
7302		6.737500
7303		7.500000
7304		10.087501
7305		9.800000
7306		11.025001
7307		10.800000
7308		8.612500
7309		9.212501
7310		9.800000
7311		8.150001
7312		7.737500
7313		7.850000
7314		6.912500
7315		7.562500
7316		5.850000
7317		8.325000
7318		8.212501
7319		9.500000
7320		6.562500
7321		9.850000
7322		7.262500
7323		8.675000
7324		7.037500
7325		7.562500
7326		7.562500
7327		5.500000
7328		6.262500
7329		7.037500
7330		5.150000
7331		6.850000
7332		6.087500
7333		8.150001
7334		5.325000
7335		7.912500
7336		6.262500
7337		5.387500
7338		6.212500
7339		6.500000
7340		5.450000
7341		5.800000
7342		5.387500
7343		5.450000
7344		6.850000
7345		7.625000
7346		8.325000
7347		9.500000
7348		10.850000
7349		11.612500
7350		10.675000
7351		11.737500
7352		10.850000
7353		9.737500
7354		8.912500
7355		9.800000
7356		6.975000
7357		8.612500
7358		6.975000
7359		7.625000
7360		6.975000
7361		7.912500
7362		8.212501
7363		8.437500
7364		8.437500
7365		8.975000
7366		6.912500
7367		8.500000
7368		7.150000
7369		8.500000
7370		7.737500
7371		7.387500
7372		8.212501
7373		8.150001
7374		7.325000
7375		7.387500
7376		9.562500
7377		10.150001
7378		10.675000
7379		11.200000
7380		11.087501
7381		12.025001
7382		11.850000
7383		11.200000
7384		8.675000
7385		9.437500
7386		8.437500
7387		9.087501
7388		7.212500
7389		8.800000
7390		8.850000
7391		8.325000
7392		8.325000
7393		6.262500
7394		6.387500
7395		4.737500
7396		4.912500
7397		3.737500
7398		3.037500
7399		1.562500
7400		0.325000
7401		-0.612500
7402		-0.087500
7403		0.325000
7404		1.562500
7405		2.862500
7406		5.325000
7407		5.562500
7408		6.150000
7409		6.912500
7410		7.562500
7411		5.850000
7412		5.975000
7413		4.262500
7414		4.675000
7415		3.625000
7416		4.912500
7417		4.912500
7418		5.450000
7419		5.262500
7420		5.800000
7421		6.262500
7422		7.850000
7423		7.325000
7424		8.612500
7425		8.025001
7426		7.625000
7427		5.800000
7428		3.862500
7429		1.737500
7430		1.450000
7431		-0.200000
7432		-0.675000
7433		-0.612500
7434		-0.725000
7435		-0.087500
7436		0.275000
7437		0.625000
7438		1.087500
7439		1.800000
7440		2.625000
7441		2.037500
7442		3.087500
7443		2.325000
7444		3.500000
7445		2.387500
7446		2.800000
7447		2.862500
7448		5.087500
7449		5.800000
7450		6.675000
7451		7.562500
7452		7.037500
7453		6.562500
7454		6.325000
7455		5.387500
7456		5.500000
7457		5.850000
7458		4.325000
7459		5.325000
7460		4.262500
7461		4.500000
7462		4.500000
7463		2.862500
7464		3.450000
7465		2.912500
7466		2.450000
7467		1.912500
7468		0.800000
7469		0.800000
7470		0.562500
7471		0.150000
7472		-1.550000
7473		-1.675000
7474		-1.200000
7475		0.100000
7476		0.625000
7477		1.275000
7478		0.687500
7479		2.450000
7480		0.975000
7481		0.500000
7482		0.562500
7483		0.737500
7484		1.737500
7485		2.625000
7486		1.800000
7487		2.625000
7488		1.687500
7489		1.625000
7490		0.450000
7491		-0.550000
7492		-0.437500
7493		-0.787500
7494		-1.550000
7495		-2.375000
7496		-2.850000
7497		-2.962500
7498		-3.725000
7499		-2.850000
7500		-2.850000
7501		-2.850000
7502		-2.550000
7503		-3.312500
7504		-3.312500
7505		-3.725000
7506		-3.850000
7507		-2.487500
7508		-2.437500
7509		-0.725000
7510		0.325000
7511		1.087500
7512		0.500000
7513		0.687500
7514		0.862500
7515		0.212500
7516		-0.962500
7517		0.275000
7518		-0.787500
7519		-0.375000
7520		-1.375000
7521		-1.262500
7522		-1.200000
7523		-2.262500
7524		-3.025000
7525		-2.375000
7526		-1.612500
7527		-2.075000
7528		-2.200000
7529		-2.437500
7530		-2.962500
7531		-3.850000
7532		-6.025000
7533		-4.487500
7534		-4.662500
7535		-4.550000
7536		-5.075000
7537		-4.200000
7538		-4.025000
7539		-4.025000
7540		-3.662500
7541		-3.312500
7542		-3.312500
7543		-3.850000
7544		-2.025000
7545		-2.725000
7546		-2.675000
7547		-2.487500
7548		-0.675000
7549		-2.900000
7550		-1.375000
7551		-2.075000
7552		-2.725000
7553		-2.550000
7554		-2.025000
7555		-1.962500
7556		-1.550000
7557		-3.025000
7558		-3.025000
7559		-4.487500
7560		-2.025000
7561		-2.850000
7562		-1.550000
7563		-2.900000
7564		-0.612500
7565		-3.075000
7566		-3.075000
7567		-3.262500
7568		-4.487500
7569		-2.725000
7570		-3.662500
7571		-3.725000
7572		-3.262500
7573		-3.550000
7574		-4.025000
7575		-2.675000
7576		-2.550000
7577		-1.725000
7578		-2.375000
7579		-0.787500
7580		-1.375000
7581		-0.675000
7582		-1.262500
7583		-1.487500
7584		-0.962500
7585		-0.312500
7586		-1.025000
7587		-1.962500
7588		-1.675000
7589		-1.725000
7590		-0.375000
7591		0.862500
7592		2.675000
7593		3.625000
7594		4.562500
7595		1.275000
7596		2.800000
7597		1.275000
7598		1.625000
7599		2.562500
7600		2.737500
7601		1.562500
7602		0.212500
7603		-1.437500
7604		-6.200000
7605		-8.787499
7606		-11.187500
7607		-11.550000
7608		-9.012500
7609		-8.724999
7610		-4.787500
7611		-4.787500
7612		-3.900000
7613		-6.312500
7614		-7.662500
7615		-8.075000
7616		-8.137500
7617		-5.487500
7618		-2.262500
7619		3.325000
7620		5.500000
7621		6.387500
7622		6.500000
7623		4.675000
7624		2.087500
7625		1.037500
7626		1.037500
7627		1.387500
7628		0.687500
7629		-1.375000
7630		-2.612500
7631		-5.025000
7632		-5.612500
7633		-5.375000
7634		-5.662500
7635		-3.262500
7636		-2.550000
7637		-1.200000
7638		-2.375000
7639		-2.675000
7640		-4.550000
7641		-6.025000
7642		-6.075000
7643		-4.437500
7644		-3.850000
7645		-2.075000
7646		-0.137500
7647		0.975000
7648		0.975000
7649		-1.612500
7650		-2.075000
7651		-3.725000
7652		-4.612500
7653		-5.025000
7654		-4.612500
7655		-6.375000
7656		-4.787500
7657		-4.850000
7658		-6.025000
7659		-6.375000
7660		-4.312500
7661		-4.725000
7662		-3.137500
7663		-1.787500
7664		-3.137500
7665		-3.262500
7666		-5.250000
7667		-6.662500
7668		-7.612500
7669		-6.550000
7670		-6.837500
7671		-5.900000
7672		-5.662500
7673		-3.437500
7674		-4.200000
7675		-4.787500
7676		-5.612500
7677		-4.725000
7678		-6.025000
7679		-4.787500
7680		-4.787500
7681		-3.487500
7682		-3.850000
7683		-3.900000
7684		-4.550000
7685		-3.850000
7686		-5.787500
7687		-5.900000
7688		-5.962500
7689		-3.312500
7690		-4.200000
7691		-4.200000
7692		-4.612500
7693		-4.312500
7694		-4.375000
7695		-5.900000
7696		-5.787500
7697		-5.437500
7698		-4.962500
7699		-3.312500
7700		-4.250000
7701		-3.725000
7702		-4.487500
7703		-5.375000
7704		-4.025000
7705		-5.312500
7706		-4.137500
7707		-3.900000
7708		-3.437500
7709		-4.437500
7710		-5.662500
7711		-4.962500
7712		-6.550000
7713		-6.375000
7714		-6.837500
7715		-6.662500
7716		-6.662500
7717		-6.075000
7718		-5.550000
7719		-4.137500
7720		-4.437500
7721		-4.312500
7722		-4.312500
7723		-6.200000
7724		-6.250000
7725		-7.725000
7726		-9.137500
7727		-8.662499
7728		-8.662499
7729		-8.375000
7730		-8.312500
7731		-8.900000
7732		-8.487500
7733		-8.837500
7734		-9.787499
7735		-9.200000
7736		-8.837500
7737		-6.550000
7738		-5.612500
7739		-4.850000
7740		-4.850000
7741		-5.487500
7742		-6.312500
7743		-8.900000
7744		-9.425000
7745		-8.487500
7746		-7.487500
7747		-6.900000
7748		-5.200000
7749		-6.250000
7750		-5.787500
7751		-3.900000
7752		-3.612500
7753		-4.312500
7754		-3.437500
7755		-5.787500
7756		-4.375000
7757		-5.962500
7758		-5.200000
7759		-7.250000
7760		-7.962500
7761		-10.662499
7762		-10.962500
7763		-13.837500
7764		-15.187500
7765		-16.012501
7766		-15.425000
7767		-14.950000
7768		-12.900000
7769		-12.775000
7770		-10.599999
7771		-8.200000
7772		-8.724999
7773		-6.662500
7774		-5.837500
7775		-5.612500
7776		-2.675000
7777		-2.137500
7778		0.862500
7779		-0.200000
7780		-0.900000
7781		-3.437500
7782		-3.900000
7783		-8.250000
7784		-8.312500
7785		-9.425000
7786		-6.725000
7787		-8.250000
7788		-5.725000
7789		-7.662500
7790		-6.612500
7791		-7.250000
7792		-4.375000
7793		-6.487500
7794		-4.250000
7795		-6.025000
7796		-4.962500
7797		-8.012500
7798		-7.487500
7799		-8.425000
7800		-8.962500
7801		-8.837500
7802		-4.437500
7803		-4.437500
7804		-4.200000
7805		-2.137500
7806		-3.200000
7807		-2.900000
7808		-4.900000
7809		-5.900000
7810		-5.250000
7811		-4.612500
7812		-4.025000
7813		-2.850000
7814		-2.137500
7815		-1.787500
7816		-3.025000
7817		-4.025000
7818		-4.137500
7819		-5.137500
7820		-4.312500
7821		-4.725000
7822		-5.075000
7823		-5.612500
7824		-7.425000
7825		-7.550000
7826		-9.599999
7827		-9.250000
7828		-7.725000
7829		-8.137500
7830		-7.312500
7831		-5.437500
7832		-4.025000
7833		-3.612500
7834		-1.900000
7835		-0.675000
7836		1.387500
7837		1.150000
7838		3.037500
7839		3.325000
7840		5.387500
7841		4.212500
7842		3.562500
7843		1.212500
7844		1.150000
7845		-0.375000
7846		-0.375000
7847		-3.137500
7848		-0.675000
7849		-2.075000
7850		-2.900000
7851		-2.075000
7852		-3.200000
7853		-2.612500
7854		-2.612500
7855		-2.312500
7856		-1.487500
7857		-2.137500
7858		-1.200000
7859		-3.137500
7860		-1.437500
7861		-2.437500
7862		-2.075000
7863		-2.962500
7864		-3.025000
7865		-3.137500
7866		-2.137500
7867		-3.025000
7868		-1.550000
7869		-2.962500
7870		-3.487500
7871		-1.787500
7872		-4.075000
7873		-0.675000
7874		-4.487500
7875		-1.137500
7876		-3.025000
7877		-0.025000
7878		-2.725000
7879		-1.675000
7880		-4.375000
7881		-3.375000
7882		-5.200000
7883		-1.550000
7884		-4.550000
7885		-2.962500
7886		-5.075000
7887		-2.612500
7888		-5.137500
7889		-4.612500
7890		-3.200000
7891		-2.075000
7892		-0.200000
7893		1.737500
7894		2.150000
7895		2.037500
7896		2.912500
7897		2.275000
7898		1.862500
7899		0.912500
7900		1.562500
7901		1.500000
7902		0.687500
7903		0.500000
7904		0.687500
7905		-0.675000
7906		-1.550000
7907		-3.850000
7908		-3.437500
7909		-4.375000
7910		-3.662500
7911		-3.075000
7912		-1.962500
7913		-0.087500
7914		-0.087500
7915		1.687500
7916		2.325000
7917		2.450000
7918		3.500000
7919		3.862500
7920		4.387500
7921		4.212500
7922		4.562500
7923		3.912500
7924		3.037500
7925		2.150000
7926		1.625000
7927		0.387500
7928		0.975000
7929		-0.487500
7930		-0.025000
7931		1.387500
7932		1.737500
7933		2.325000
7934		3.737500
7935		3.912500
7936		5.975000
7937		5.975000
7938		5.562500
7939		4.150000
7940		4.325000
7941		1.450000
7942		-0.087500
7943		-0.487500
7944		-1.612500
7945		-1.437500
7946		-0.200000
7947		-0.025000
7948		0.862500
7949		2.037500
7950		1.912500
7951		1.212500
7952		0.862500
7953		1.562500
7954		0.737500
7955		0.562500
7956		0.687500
7957		-1.487500
7958		-0.025000
7959		-0.087500
7960		1.150000
7961		1.975000
7962		2.862500
7963		4.675000
7964		6.500000
7965		6.675000
7966		7.262500
7967		5.150000
7968		4.212500
7969		0.975000
7970		-0.200000
7971		-1.550000
7972		-1.962500
7973		0.625000
7974		2.625000
7975		3.450000
7976		5.800000
7977		6.262500
7978		6.262500
7979		7.212500
7980		6.625000
7981		5.675000
7982		4.912500
7983		5.037500
7984		4.450000
7985		4.150000
7986		3.675000
7987		3.450000
7988		4.387500
7989		4.912500
7990		5.675000
7991		6.437500
7992		6.150000
7993		6.675000
7994		6.737500
7995		6.150000
7996		4.212500
7997		5.037500
7998		3.625000
7999		3.450000
8000		3.625000
8001		4.800000
8002		5.212500
8003		6.625000
8004		7.212500
8005		7.737500
8006		6.737500
8007		5.675000
8008		3.862500
8009		4.387500
8010		3.275000
8011		2.737500
8012		1.862500
8013		2.275000
8014		2.212500
8015		3.500000
8016		4.500000
8017		6.087500
8018		7.037500
8019		7.975000
8020		8.500000
8021		8.150001
8022		7.737500
8023		9.325000
8024		8.500000
8025		7.850000
8026		7.675000
8027		8.212501
8028		8.025001
8029		7.737500
8030		6.850000
8031		8.025001
8032		6.625000
8033		7.562500
8034		7.387500
8035		8.025001
8036		7.387500
8037		7.037500
8038		6.262500
8039		6.500000
8040		6.037500
8041		6.437500
8042		6.387500
8043		6.737500
8044		6.387500
8045		7.325000
8046		6.437500
8047		6.562500
8048		6.737500
8049		5.800000
8050		6.387500
8051		6.087500
8052		4.975000
8053		5.912500
8054		6.437500
8055		7.625000
8056		8.150001
8057		7.437500
8058		7.087500
8059		6.437500
8060		3.975000
8061		5.500000
8062		4.262500
8063		5.675000
8064		3.625000
8065		3.675000
8066		5.262500
8067		1.737500
8068		3.800000
8069		3.450000
8070		3.037500
8071		1.275000
8072		0.562500
8073		-1.787500
8074		-2.437500
8075		-3.375000
8076		-3.137500
8077		-2.375000
8078		-1.375000
8079		0.975000
8080		3.150000
8081		3.800000
8082		5.387500
8083		5.087500
8084		6.737500
8085		4.087500
8086		4.500000
8087		0.737500
8088		2.325000
8089		1.037500
8090		2.975000
8091		1.975000
8092		4.387500
8093		3.737500
8094		5.087500
8095		5.737500
8096		7.325000
8097		5.675000
8098		7.325000
8099		4.912500
8100		5.262500
8101		0.562500
8102		0.450000
8103		-1.487500
8104		-2.075000
8105		-4.250000
8106		-3.900000
8107		-3.725000
8108		-3.075000
8109		-2.550000
8110		0.275000
8111		-1.487500
8112		0.100000
8113		-1.612500
8114		-1.262500
8115		-1.200000
8116		-1.262500
8117		-2.437500
8118		-0.962500
8119		-0.962500
8120		0.862500
8121		1.450000
8122		2.275000
8123		4.562500
8124		7.150000
8125		5.912500
8126		6.912500
8127		4.087500
8128		3.912500
8129		0.500000
8130		0.737500
8131		0.212500
8132		1.450000
8133		0.687500
8134		2.275000
8135		1.687500
8136		2.737500
8137		3.625000
8138		2.737500
8139		3.625000
8140		2.275000
8141		1.450000
8142		-1.900000
8143		-0.787500
8144		-3.850000
8145		-4.137500
8146		-6.075000
8147		-5.725000
8148		-3.487500
8149		-2.850000
8150		-0.025000
8151		1.975000
8152		0.562500
8153		0.975000
8154		0.737500
8155		-1.725000
8156		-1.962500
8157		-3.550000
8158		-2.137500
8159		-1.850000
8160		-1.962500
8161		-0.200000
8162		-1.437500
8163		-0.612500
8164		-0.087500
8165		0.325000
8166		-0.487500
8167		-0.312500
8168		-0.312500
8169		-3.900000
8170		-5.137500
8171		-5.612500
8172		-6.250000
8173		-5.662500
8174		-4.137500
8175		-3.850000
8176		-3.787500
8177		-2.850000
8178		-4.312500
8179		-2.375000
8180		-1.900000
8181		-1.725000
8182		-2.962500
8183		-3.137500
8184		-1.787500
8185		-1.375000
8186		-0.787500
8187		-0.850000
8188		-0.725000
8189		-0.612500
8190		-0.675000
8191		-0.675000
8192		-0.787500
8193		-3.437500
8194		-4.662500
8195		-2.675000
8196		-4.900000
8197		-3.437500
8198		-4.025000
8199		-4.137500
8200		-4.200000
8201		-4.550000
8202		-6.075000
8203		-4.312500
8204		-5.787500
8205		-4.900000
8206		-4.437500
8207		-5.787500
8208		-4.612500
8209		-3.550000
8210		-5.375000
8211		-3.900000
8212		-4.375000
8213		-2.550000
8214		-2.137500
8215		-0.312500
8216		-0.787500
8217		-1.550000
8218		-2.487500
8219		0.212500
8220		-1.550000
8221		0.387500
8222		-1.850000
8223		-0.025000
8224		-0.550000
8225		1.975000
8226		0.325000
8227		0.687500
8228		-0.200000
8229		1.037500
8230		0.100000
8231		1.562500
8232		0.275000
8233		1.275000
8234		2.150000
8235		1.150000
8236		0.625000
8237		1.912500
8238		1.087500
8239		0.975000
8240		0.687500
8241		0.212500
8242		1.325000
8243		2.150000
8244		0.975000
8245		2.625000
8246		2.150000
8247		3.500000
8248		2.862500
8249		3.737500
8250		4.450000
8251		5.325000
8252		3.862500
8253		3.625000
8254		2.387500
8255		5.212500
8256		4.850000
8257		4.037500
8258		3.737500
8259		4.212500
8260		4.737500
8261		5.800000
8262		7.387500
8263		7.675000
8264		9.500000
8265		7.087500
8266		6.800000
8267		6.150000
8268		5.975000
8269		5.562500
8270		8.262500
8271		6.850000
8272		6.800000
8273		1.862500
8274		2.500000
8275		-1.487500
8276		-3.200000
8277		-5.662500
8278		-3.137500
8279		-1.900000
8280		1.737500
8281		2.212500
8282		3.150000
8283		-0.087500
8284		-0.437500
8285		-2.725000
8286		-0.962500
8287		1.037500
8288		4.037500
8289		8.212501
8290		10.800000
8291		9.387500
8292		11.562500
8293		10.025001
8294		9.212501
8295		6.912500
8296		7.625000
8297		7.562500
8298		8.025001
8299		5.037500
8300		3.912500
8301		2.625000
8302		1.687500
8303		1.912500
8304		2.150000
8305		4.325000
8306		4.912500
8307		5.675000
8308		6.675000
8309		3.737500
8310		2.275000
8311		0.500000
8312		0.275000
8313		0.037500
8314		4.037500
8315		4.912500
8316		8.150001
8317		7.387500
8318		8.387500
8319		4.087500
8320		3.625000
8321		1.037500
8322		0.100000
8323		-1.375000
8324		0.275000
8325		-1.375000
8326		-0.312500
8327		0.037500
8328		2.562500
8329		0.275000
8330		2.912500
8331		1.862500
8332		3.212500
8333		3.212500
8334		2.975000
8335		1.150000
8336		-1.087500
8337		-0.612500
8338		-2.962500
8339		-2.962500
8340		-1.375000
8341		0.500000
8342		1.975000
8343		3.325000
8344		2.912500
8345		0.800000
8346		0.387500
8347		0.737500
8348		-0.487500
8349		-0.550000
8350		-0.612500
8351		0.800000
8352		0.975000
8353		0.862500
8354		1.325000
8355		0.687500
8356		0.562500
8357		1.275000
8358		1.562500
8359		1.450000
8360		1.325000
8361		1.150000
8362		0.037500
8363		-0.312500
8364		-0.375000
8365		-1.787500
8366		0.562500
8367		0.325000
8368		0.625000
8369		1.562500
8370		2.212500
8371		2.450000
8372		1.087500
8373		0.800000
8374		0.687500
8375		0.037500
8376		0.737500
8377		0.500000
8378		0.625000
8379		0.212500
8380		0.037500
8381		0.387500
8382		-1.550000
8383		-0.437500
8384		-1.675000
8385		-1.262500
8386		-0.200000
8387		1.737500
8388		0.912500
8389		0.325000
8390		-0.200000
8391		-0.787500
8392		-1.375000
8393		-2.262500
8394		-3.437500
8395		-4.200000
8396		-4.962500
8397		-4.850000
8398		-4.787500
8399		-4.612500
8400		-4.612500
8401		-4.850000
8402		-6.837500
8403		-5.837500
8404		-6.250000
8405		-5.025000
8406		-4.375000
8407		-2.550000
8408		-2.137500
8409		-1.787500
8410		-2.612500
8411		-3.025000
8412		-4.725000
8413		-4.612500
8414		-4.787500
8415		-3.900000
8416		-2.487500
8417		-1.675000
8418		-0.675000
8419		-1.550000
8420		-0.612500
8421		0.212500
8422		1.037500
8423		0.800000
8424		-0.375000
8425		-0.550000
8426		-2.137500
8427		-1.312500
8428		-1.312500
8429		-1.087500
8430		-2.312500
8431		-4.612500
8432		-7.075000
8433		-8.724999
8434		-9.787499
8435		-10.137500
8436		-10.012500
8437		-9.200000
8438		-7.662500
8439		-5.250000
8440		-2.962500
8441		-2.137500
8442		-0.675000
8443		-0.487500
8444		0.387500
8445		1.800000
8446		3.500000
8447		5.212500
8448		7.562500
8449		7.037500
8450		6.562500
8451		3.450000
8452		0.737500
8453		-2.312500
8454		-7.425000
8455		-2.075000
8456		-1.025000
8457		-1.675000
8458		0.387500
8459		-0.612500
8460		-0.375000
8461		-0.375000
8462		0.212500
8463		-0.025000
8464		1.212500
8465		0.500000
8466		0.450000
8467		-0.962500
8468		-1.262500
8469		-3.075000
8470		-2.312500
8471		-1.962500
8472		0.325000
8473		0.862500
8474		2.737500
8475		2.387500
8476		2.625000
8477		1.500000
8478		1.625000
8479		0.450000
8480		0.737500
8481		1.087500
8482		1.800000
8483		3.150000
8484		3.625000
8485		2.625000
8486		2.625000
8487		1.275000
8488		1.687500
8489		0.500000
8490		0.800000
8491		0.737500
8492		0.562500
8493		-0.437500
8494		-1.312500
8495		-2.437500
8496		-2.312500
8497		-3.312500
8498		-1.850000
8499		-1.612500
8500		-0.900000
8501		0.100000
8502		0.800000
8503		1.037500
8504		2.325000
8505		2.737500
8506		4.087500
8507		4.262500
8508		6.262500
8509		7.150000
8510		6.975000
8511		5.975000
8512		5.850000
8513		3.912500
8514		2.500000
8515		2.325000
8516		1.975000
8517		2.037500
8518		2.450000
8519		2.450000
8520		2.275000
8521		1.862500
8522		0.862500
8523		-0.087500
8524		-0.262500
8525		0.687500
8526		0.450000
8527		1.212500
8528		1.275000
8529		1.387500
8530		1.325000
8531		1.387500
8532		1.450000
8533		1.212500
8534		1.087500
8535		1.387500
8536		0.100000
8537		0.975000
8538		1.037500
8539		-0.087500
8540		-0.900000
8541		-0.550000
8542		-0.437500
8543		0.975000
8544		0.450000
8545		3.037500
8546		2.862500
8547		4.087500
8548		1.862500
8549		2.325000
8550		1.450000
8551		0.100000
8552		-0.787500
8553		-0.675000
8554		-2.725000
8555		-1.612500
8556		-1.725000
8557		-0.550000
8558		-2.137500
8559		0.975000
8560		1.087500
8561		3.500000
8562		2.562500
8563		4.500000
8564		2.562500
8565		3.625000
8566		2.150000
8567		1.150000
8568		0.687500
8569		0.562500
8570		0.800000
8571		0.625000
8572		0.450000
8573		0.975000
8574		-1.200000
8575		0.037500
8576		-2.262500
8577		-3.550000
8578		-4.312500
8579		-3.725000
8580		-4.487500
8581		-1.900000
8582		-1.487500
8583		-1.087500
8584		-0.025000
8585		0.037500
8586		1.687500
8587		1.737500
8588		3.212500
8589		3.500000
8590		4.387500
8591		2.737500
8592		2.450000
8593		-0.087500
8594		0.212500
8595		-1.787500
8596		-1.375000
8597		-2.900000
8598		-1.675000
8599		-1.675000
8600		-1.612500
8601		0.450000
8602		-0.787500
8603		-0.025000
8604		2.912500
8605		2.862500
8606		4.562500
8607		3.325000
8608		2.912500
8609		2.150000
8610		-0.312500
8611		-1.550000
8612		-3.025000
8613		-2.375000
8614		-3.262500
8615		-2.725000
8616		-1.962500
8617		-0.612500
8618		-0.200000
8619		-0.262500
8620		-0.550000
8621		-0.137500
8622		-0.612500
8623		-0.550000
8624		-2.725000
8625		-2.612500
8626		-2.200000
8627		-2.550000
8628		-1.725000
8629		-2.075000
8630		0.150000
8631		0.500000
8632		2.037500
8633		3.450000
8634		5.262500
8635		4.087500
8636		4.037500
8637		1.450000
8638		1.037500
8639		-1.962500
8640		-1.087500
8641		-3.662500
8642		-0.725000
8643		-1.487500
8644		1.150000
8645		1.562500
8646		2.325000
8647		2.325000
8648		4.037500
8649		2.862500
8650		3.800000
8651		3.325000
8652		2.912500
8653		1.862500
8654		3.037500
8655		-0.087500
8656		0.862500
8657		0.500000
8658		0.562500
8659		0.800000
8660		2.037500
8661		2.037500
8662		3.500000
8663		2.500000
8664		3.325000
8665		2.862500
8666		1.737500
8667		0.100000
8668		0.912500
8669		-0.612500
8670		1.687500
8671		0.450000
8672		0.562500
8673		1.562500
8674		2.450000
8675		0.975000
8676		2.737500
8677		1.087500
8678		2.387500
8679		2.387500
8680		2.625000
8681		1.275000
8682		0.500000
8683		0.450000
8684		1.562500
8685		0.975000
8686		1.150000
8687		1.975000
8688		5.212500
8689		3.387500
8690		5.912500
8691		7.437500
8692		7.262500
8693		7.325000
8694		8.325000
8695		6.562500
8696		5.500000
8697		4.500000
8698		3.912500
8699		3.500000
8700		2.625000
8701		2.625000
8702		2.212500
8703		2.500000
8704		3.212500
8705		5.262500
8706		4.912500
8707		4.212500
8708		3.275000
8709		3.450000
8710		2.862500
8711		1.450000
8712		2.087500
8713		1.450000
8714		1.687500
8715		2.150000
8716		0.500000
8717		1.562500
8718		2.212500
8719		4.150000
8720		3.450000
8721		5.675000
8722		4.212500
8723		6.500000
8724		3.500000
8725		4.675000
8726		2.037500
8727		0.800000
8728		0.450000
8729		-0.087500
8730		-1.025000
8731		0.037500
8732		0.975000
8733		1.687500
8734		0.387500
8735		0.975000
8736		0.275000
8737		0.325000
8738		-1.262500
8739		-0.487500
8740		-4.025000
8741		-3.550000
8742		-5.200000
8743		-6.725000
8744		-7.900000
8745		-6.662500
8746		-6.200000
8747		-2.612500
8748		-2.075000
8749		0.100000
8750		1.150000
8751		2.675000
8752		1.912500
8753		2.562500
8754		-0.137500
8755		-0.962500
8756		-3.437500
8757		-2.137500
8758		-3.075000
8759		-2.437500
8760		-1.137500
8761		0.275000
8762		0.100000
8763		1.275000
8764		1.562500
8765		1.975000
8766		2.737500
8767		3.562500
8768		1.687500
8769		1.562500
8770		-3.025000
8771		-5.250000
8772		-5.900000
8773		-8.137500
8774		-8.250000
8775		-9.787499
8776		-7.550000
8777		-8.837500
8778		-7.137500
8779		-5.787500
8780		-4.487500
8781		-5.075000
8782		-3.550000
8783		-3.962500
8784		-4.487500
8785		-3.850000
8786		-4.612500
8787		-6.075000
8788		-4.725000
8789		-5.075000
8790		-3.550000
8791		-3.437500
8792		-1.262500
8793		-1.087500
8794		0.500000
8795		-1.375000
8796		0.975000
8797		-3.437500
8798		-3.725000
8799		-2.437500
8800		-5.200000
8801		-4.662500
8802		-4.137500
8803		-4.200000
8804		-4.200000
8805		-3.900000
8806		-3.025000
8807		-4.025000
8808		-3.312500
8809		-3.487500
8810		-3.075000
8811		-5.250000
8812		-4.962500
8813		-4.662500
8814		-7.137500
8815		-8.662499
8816		-8.900000
8817		-8.425000
8818		-7.962500
8819		-4.612500
8820		-4.612500
8821		-3.900000
8822		-2.725000
8823		-4.900000
8824		-2.550000
8825		-5.787500
8826		-3.900000
8827		-6.662500
8828		-3.200000
8829		-6.962500
8830		-4.437500
8831		-5.725000
8832		-3.612500
8833		-7.075000
8834		-3.725000
8835		-3.850000
8836		-3.612500
8837		-4.200000
8838		-4.250000
8839		-6.487500
8840		-6.075000
8841		-9.900000
8842		-6.250000
8843		-8.425000
8844		-6.137500
8845		-7.375000
8846		-5.487500
8847		-6.375000
8848		-5.962500
8849		-7.250000
8850		-6.612500
8851		-4.612500
8852		-7.025000
8853		-4.075000
8854		-4.312500
8855		-3.137500
8856		-5.725000
8857		-2.787500
8858		-6.250000
8859		-3.850000
8860		-6.200000
8861		-4.437500
8862		-7.025000
8863		-6.312500
8864		-5.025000
8865		-5.200000
8866		-6.075000
8867		-7.075000
8868		-8.487500
8869		-7.425000
8870		-8.425000
8871		-6.662500
8872		-9.787499
8873		-5.550000
8874		-7.837500
8875		-8.312500
8876		-8.375000
8877		-8.550000
8878		-7.725000
8879		-8.200000
8880		-7.962500
8881		-8.075000
8882		-7.137500
8883		-7.962500
8884		-6.487500
8885		-8.724999
8886		-7.375000
8887		-6.900000
8888		-4.900000
8889		-4.250000
8890		-4.025000
8891		-4.312500
8892		-2.962500
8893		-3.962500
8894		-3.550000
8895		-3.137500
8896		-4.025000
8897		-2.550000
8898		-4.025000
8899		-2.437500
8900		-2.675000
8901		-2.375000
8902		-3.262500
8903		-2.675000
8904		-2.075000
8905		-1.787500
8906		-1.787500
8907		-1.312500
8908		-2.675000
8909		-2.200000
8910		-2.675000
8911		-1.962500
8912		-1.850000
8913		-1.675000
8914		-2.137500
8915		-0.675000
8916		-1.262500
8917		-0.437500
8918		-0.675000
8919		-0.487500
8920		-0.962500
8921		0.387500
8922		-0.550000
8923		-0.900000
8924		-0.375000
8925		0.387500
8926		0.450000
8927		1.087500
8928		0.687500
8929		0.450000
8930		0.037500
8931		0.100000
8932		0.800000
8933		0.325000
8934		1.737500
8935		2.625000
8936		3.912500
8937		4.500000
8938		2.737500
8939		2.562500
8940		1.562500
8941		2.450000
8942		3.037500
8943		3.800000
8944		2.800000
8945		0.737500
8946		-1.962500
8947		-4.962500
8948		-7.662500
8949		-10.375000
8950		-10.312500
8951		-8.312500
8952		-5.962500
8953		-4.025000
8954		-1.375000
8955		-3.312500
8956		-4.612500
8957		-5.200000
8958		-6.550000
8959		-5.075000
8960		-3.900000
8961		-0.200000
8962		3.625000
8963		4.675000
8964		6.437500
8965		6.437500
8966		4.800000
8967		3.912500
8968		-0.087500
8969		1.912500
8970		2.500000
8971		1.625000
8972		0.800000
8973		-1.850000
8974		-2.675000
8975		-2.962500
8976		-1.787500
8977		-0.787500
8978		0.975000
8979		2.500000
8980		2.212500
8981		0.912500
8982		-0.787500
8983		-3.725000
8984		-3.787500
8985		-3.550000
8986		-1.787500
8987		-0.375000
8988		2.625000
8989		3.737500
8990		4.087500
8991		3.037500
8992		2.450000
8993		0.100000
8994		-0.962500
8995		-2.725000
8996		-3.137500
8997		-3.900000
8998		-2.675000
8999		-2.200000
9000		-1.675000
9001		-1.787500
9002		0.037500
9003		-1.900000
9004		-0.087500
9005		-0.375000
9006		0.212500
9007		-0.962500
9008		-1.850000
9009		-3.312500
9010		-4.787500
9011		-5.962500
9012		-4.025000
9013		-2.850000
9014		-1.137500
9015		0.100000
9016		-0.087500
9017		-0.087500
9018		-1.025000
9019		-1.487500
9020		-2.375000
9021		-2.437500
9022		-1.375000
9023		-1.962500
9024		-0.725000
9025		-0.612500
9026		0.325000
9027		0.275000
9028		0.562500
9029		-0.200000
9030		-0.262500
9031		-0.787500
9032		0.212500
9033		-0.025000
9034		-0.200000
9035		-0.487500
9036		-1.550000
9037		-1.850000
9038		-2.612500
9039		-1.787500
9040		-1.437500
9041		-1.200000
9042		-0.025000
9043		-0.200000
9044		-0.725000
9045		-3.550000
9046		-2.262500
9047		-2.850000
9048		-4.025000
9049		-1.437500
9050		-2.550000
9051		-3.025000
9052		-4.025000
9053		-3.075000
9054		-4.075000
9055		-2.675000
9056		-5.250000
9057		-3.437500
9058		-4.787500
9059		-5.025000
9060		-4.025000
9061		-3.850000
9062		-2.262500
9063		-2.725000
9064		-3.962500
9065		-3.550000
9066		-5.900000
9067		-4.725000
9068		-7.612500
9069		-6.137500
9070		-6.487500
9071		-6.787500
9072		-7.962500
9073		-7.662500
9074		-7.962500
9075		-7.662500
9076		-7.787500
9077		-8.612500
9078		-7.250000
9079		-6.075000
9080		-4.787500
9081		-3.025000
9082		-2.675000
9083		-2.962500
9084		-3.375000
9085		-5.137500
9086		-6.025000
9087		-6.250000
9088		-4.962500
9089		-5.550000
9090		-3.725000
9091		-2.962500
9092		-2.487500
9093		-2.375000
9094		-1.550000
9095		-0.612500
9096		-2.262500
9097		-1.312500
9098		-3.850000
9099		-3.725000
9100		-5.612500
9101		-3.962500
9102		-6.787500
9103		-5.662500
9104		-7.612500
9105		-8.200000
9106		-10.550000
9107		-8.962500
9108		-11.250000
9109		-12.425000
9110		-14.425000
9111		-12.425000
9112		-12.900000
9113		-8.250000
9114		-5.787500
9115		-4.137500
9116		-3.962500
9117		-1.487500
9118		-2.075000
9119		0.800000
9120		1.275000
9121		5.087500
9122		2.912500
9123		3.625000
9124		2.387500
9125		-2.262500
9126		-3.262500
9127		-3.550000
9128		-5.200000
9129		-3.900000
9130		-2.675000
9131		-2.675000
9132		-3.375000
9133		-3.262500
9134		-2.375000
9135		-2.075000
9136		-2.375000
9137		-1.262500
9138		-2.075000
9139		-2.612500
9140		-3.550000
9141		-4.025000
9142		-4.962500
9143		-4.787500
9144		-3.487500
9145		-0.087500
9146		-0.487500
9147		2.450000
9148		1.625000
9149		1.737500
9150		1.450000
9151		0.100000
9152		-2.675000
9153		-2.137500
9154		-1.137500
9155		-1.262500
9156		2.675000
9157		1.862500
9158		3.037500
9159		2.275000
9160		1.387500
9161		0.800000
9162		1.387500
9163		-0.262500
9164		-0.087500
9165		-0.200000
9166		0.037500
9167		-3.662500
9168		-4.725000
9169		-6.075000
9170		-5.025000
9171		-6.487500
9172		-2.962500
9173		-3.725000
9174		-0.487500
9175		-0.200000
9176		2.275000
9177		2.275000
9178		4.450000
9179		5.325000
9180		6.087500
9181		5.262500
9182		6.262500
9183		5.387500
9184		6.437500
9185		5.912500
9186		4.625000
9187		2.800000
9188		2.912500
9189		2.675000
9190		2.037500
9191		2.325000
9192		2.800000
9193		1.912500
9194		1.387500
9195		0.737500
9196		0.100000
9197		-1.137500
9198		0.625000
9199		0.387500
9200		2.450000
9201		-0.312500
9202		0.975000
9203		0.100000
9204		0.800000
9205		0.562500
9206		2.275000
9207		0.862500
9208		1.275000
9209		1.275000
9210		1.150000
9211		0.100000
9212		0.212500
9213		-0.312500
9214		1.625000
9215		1.562500
9216		2.800000
9217		3.387500
9218		4.387500
9219		3.800000
9220		5.387500
9221		4.450000
9222		4.450000
9223		3.087500
9224		1.087500
9225		1.625000
9226		0.912500
9227		0.737500
9228		1.800000
9229		1.975000
9230		2.625000
9231		4.387500
9232		3.737500
9233		4.975000
9234		6.087500
9235		6.437500
9236		6.975000
9237		8.150001
9238		7.975000
9239		7.850000
9240		6.850000
9241		7.737500
9242		5.212500
9243		6.737500
9244		5.450000
9245		3.562500
9246		6.150000
9247		4.912500
9248		3.387500
9249		3.975000
9250		2.737500
9251		0.387500
9252		-0.725000
9253		-0.200000
9254		-1.787500
9255		1.275000
9256		3.500000
9257		2.325000
9258		4.737500
9259		6.625000
9260		7.325000
9261		6.975000
9262		7.625000
9263		8.800000
9264		7.850000
9265		8.612500
9266		6.037500
9267		7.500000
9268		3.800000
9269		3.625000
9270		2.737500
9271		3.625000
9272		2.737500
9273		3.912500
9274		3.150000
9275		6.262500
9276		5.675000
9277		7.150000
9278		5.850000
9279		8.387500
9280		9.150001
9281		8.675000
9282		8.437500
9283		7.037500
9284		6.387500
9285		4.387500
9286		2.037500
9287		2.625000
9288		2.037500
9289		3.800000
9290		5.087500
9291		7.625000
9292		7.037500
9293		6.850000
9294		5.800000
9295		7.562500
9296		4.975000
9297		5.675000
9298		4.325000
9299		4.800000
9300		3.737500
9301		5.087500
9302		4.037500
9303		5.850000
9304		4.212500
9305		9.025001
9306		7.850000
9307		9.500000
9308		10.850000
9309		10.025001
9310		10.800000
9311		9.912500
9312		7.262500
9313		5.212500
9314		4.850000
9315		4.500000
9316		4.975000
9317		4.800000
9318		7.262500
9319		7.850000
9320		9.612500
9321		9.387500
9322		9.912500
9323		10.675000
9324		9.612500
9325		10.200000
9326		8.212501
9327		7.850000
9328		8.150001
9329		6.437500
9330		7.037500
9331		6.262500
9332		7.262500
9333		6.387500
9334		7.262500
9335		7.087500
9336		8.212501
9337		9.150001
9338		8.150001
9339		7.500000
9340		8.387500
9341		6.325000
9342		7.037500
9343		6.850000
9344		5.675000
9345		6.212500
9346		5.737500
9347		4.912500
9348		6.625000
9349		6.037500
9350		6.675000
9351		6.850000
9352		7.500000
9353		7.387500
9354		6.800000
9355		6.387500
9356		4.975000
9357		4.800000
9358		5.150000
9359		5.262500
9360		6.975000
9361		7.850000
9362		8.500000
9363		10.612500
9364		10.975000
9365		12.737500
9366		13.025001
9367		13.612500
9368		12.737500
9369		13.437500
9370		12.850000
9371		11.087501
9372		10.087501
9373		9.850000
9374		9.437500
9375		6.975000
9376		7.675000
9377		7.800000
9378		9.500000
9379		8.612500
9380		10.612500
9381		9.025001
9382		9.262500
9383		8.150001
9384		9.087501
9385		7.850000
9386		6.387500
9387		6.325000
9388		6.500000
9389		5.675000
9390		6.087500
9391		6.150000
9392		7.562500
9393		7.150000
9394		7.737500
9395		8.025001
9396		8.675000
9397		8.150001
9398		9.150001
9399		7.912500
9400		7.212500
9401		5.975000
9402		4.212500
9403		3.675000
9404		2.862500
9405		3.212500
9406		3.912500
9407		3.975000
9408		4.150000
9409		4.450000
9410		4.450000
9411		4.737500
9412		3.325000
9413		3.862500
9414		1.862500
9415		0.150000
9416		-0.137500
9417		-1.787500
9418		-2.075000
9419		-1.675000
9420		-1.962500
9421		-0.087500
9422		1.037500
9423		2.150000
9424		4.037500
9425		6.262500
9426		6.675000
9427		7.850000
9428		6.325000
9429		5.500000
9430		5.087500
9431		4.450000
9432		3.450000
9433		4.975000
9434		5.037500
9435		6.387500
9436		6.387500
9437		7.325000
9438		7.262500
9439		8.912500
9440		8.975000
9441		10.262500
9442		9.325000
9443		8.212501
9444		5.675000
9445		5.562500
9446		2.325000
9447		1.275000
9448		-0.312500
9449		-2.137500
9450		-1.725000
9451		-1.375000
9452		-1.612500
9453		0.450000
9454		0.150000
9455		1.562500
9456		2.862500
9457		2.150000
9458		2.037500
9459		2.450000
9460		0.975000
9461		1.687500
9462		1.450000
9463		1.562500
9464		0.975000
9465		2.325000
9466		3.150000
9467		4.500000
9468		6.387500
9469		6.850000
9470		5.850000
9471		5.562500
9472		4.675000
9473		4.087500
9474		2.975000
9475		3.800000
9476		1.912500
9477		2.150000
9478		2.912500
9479		1.862500
9480		1.387500
9481		2.037500
9482		2.562500
9483		3.500000
9484		2.087500
9485		2.150000
9486		1.687500
9487		-0.787500
9488		-1.675000
9489		-3.262500
9490		-3.662500
9491		-3.487500
9492		-2.787500
9493		-2.025000
9494		-0.787500
9495		-0.262500
9496		1.087500
9497		1.087500
9498		0.800000
9499		0.625000
9500		1.150000
9501		0.150000
9502		0.500000
9503		0.387500
9504		-0.137500
9505		-1.200000
9506		-0.725000
9507		-1.137500
9508		-1.312500
9509		-1.787500
9510		-0.550000
9511		-1.725000
9512		-0.962500
9513		-2.850000
9514		-2.675000
9515		-4.025000
9516		-3.725000
9517		-4.612500
9518		-4.787500
9519		-4.900000
9520		-5.487500
9521		-5.075000
9522		-5.075000
9523		-4.612500
9524		-4.612500
9525		-3.025000
9526		-0.900000
9527		-0.787500
9528		-0.312500
9529		-0.962500
9530		-0.437500
9531		-1.550000
9532		-1.312500
9533		-1.962500
9534		-1.612500
9535		-2.025000
9536		-1.487500
9537		-2.262500
9538		-1.962500
9539		-3.550000
9540		-1.962500
9541		-3.312500
9542		-3.312500
9543		-2.962500
9544		-2.437500
9545		-3.612500
9546		-3.137500
9547		-3.850000
9548		-4.900000
9549		-6.375000
9550		-5.025000
9551		-5.025000
9552		-5.487500
9553		-5.075000
9554		-5.025000
9555		-5.550000
9556		-4.850000
9557		-5.312500
9558		-4.025000
9559		-5.837500
9560		-4.787500
9561		-4.200000
9562		-3.437500
9563		-4.137500
9564		-3.025000
9565		-1.900000
9566		-1.725000
9567		-2.550000
9568		-2.312500
9569		-4.250000
9570		-2.075000
9571		-1.487500
9572		-1.312500
9573		-1.850000
9574		-2.725000
9575		-2.312500
9576		-2.075000
9577		-2.437500
9578		-2.137500
9579		-1.550000
9580		-1.550000
9581		-0.675000
9582		-2.375000
9583		-2.075000
9584		-3.025000
9585		-3.025000
9586		-2.725000
9587		-3.137500
9588		-3.312500
9589		-3.550000
9590		-3.375000
9591		-1.962500
9592		-1.787500
9593		-2.900000
9594		-0.312500
9595		-0.312500
9596		-1.087500
9597		-1.487500
9598		-0.200000
9599		-0.312500
9600		-0.312500
9601		0.212500
9602		0.387500
9603		-0.087500
9604		0.212500
9605		0.687500
9606		-0.437500
9607		2.087500
9608		2.500000
9609		2.275000
9610		2.737500
9611		3.625000
9612		2.562500
9613		1.450000
9614		0.562500
9615		1.975000
9616		2.275000
9617		2.862500
9618		1.862500
9619		-0.900000
9620		-2.962500
9621		-4.725000
9622		-7.787500
9623		-10.312500
9624		-11.250000
9625		-8.425000
9626		-7.612500
9627		-5.900000
9628		-4.487500
9629		-3.900000
9630		-5.662500
9631		-7.900000
9632		-7.025000
9633		-6.962500
9634		-3.962500
9635		-0.200000
9636		2.387500
9637		3.675000
9638		3.912500
9639		2.500000
9640		0.212500
9641		-0.962500
9642		-0.087500
9643		1.150000
9644		0.500000
9645		3.737500
9646		1.150000
9647		-0.962500
9648		-2.550000
9649		-4.437500
9650		-4.200000
9651		-3.200000
9652		-2.437500
9653		-1.487500
9654		-2.200000
9655		-1.675000
9656		-2.612500
9657		-5.487500
9658		-6.437500
9659		-5.312500
9660		-4.437500
9661		-3.025000
9662		-1.262500
9663		-1.612500
9664		-0.787500
9665		-0.375000
9666		-0.787500
9667		-2.262500
9668		-3.962500
9669		-6.200000
9670		-5.075000
9671		-5.137500
9672		-5.612500
9673		-6.487500
9674		-5.662500
9675		-5.787500
9676		-4.612500
9677		-5.200000
9678		-3.437500
9679		-3.025000
9680		-2.075000
9681		-3.900000
9682		-3.262500
9683		-5.962500
9684		-6.962500
9685		-8.550000
9686		-9.550000
9687		-7.487500
9688		-5.612500
9689		-4.200000
9690		-3.725000
9691		-4.025000
9692		-4.787500
9693		-5.962500
9694		-6.137500
9695		-5.075000
9696		-5.025000
9697		-5.375000
9698		-3.075000
9699		-3.850000
9700		-2.787500
9701		-3.900000
9702		-4.487500
9703		-5.137500
9704		-4.725000
9705		-3.025000
9706		-2.675000
9707		-3.550000
9708		-2.137500
9709		-4.025000
9710		-4.787500
9711		-6.837500
9712		-5.312500
9713		-6.375000
9714		-5.375000
9715		-5.075000
9716		-5.025000
9717		-5.137500
9718		-4.962500
9719		-6.962500
9720		-6.075000
9721		-6.375000
9722		-6.550000
9723		-5.487500
9724		-4.437500
9725		-7.137500
9726		-6.437500
9727		-8.250000
9728		-9.012500
9729		-8.724999
9730		-9.012500
9731		-10.012500
9732		-9.200000
9733		-8.724999
9734		-7.837500
9735		-7.612500
9736		-7.312500
9737		-7.612500
9738		-6.487500
9739		-8.375000
9740		-8.900000
9741		-10.425000
9742		-11.250000
9743		-10.425000
9744		-10.312500
9745		-11.075000
9746		-11.837500
9747		-12.075000
9748		-11.137500
9749		-11.962500
9750		-11.487500
9751		-11.075000
9752		-10.487500
9753		-10.425000
9754		-8.200000
9755		-8.250000
9756		-6.137500
9757		-6.662500
9758		-7.075000
9759		-8.375000
9760		-9.200000
9761		-9.962500
9762		-10.550000
9763		-9.250000
9764		-8.012500
9765		-7.250000
9766		-7.962500
9767		-5.962500
9768		-4.375000
9769		-5.075000
9770		-4.900000
9771		-4.487500
9772		-6.612500
9773		-7.200000
9774		-7.725000
9775		-7.662500
9776		-9.550000
9777		-10.487500
9778		-10.962500
9779		-13.075000
9780		-15.775000
9781		-14.137500
9782		-16.187500
9783		-16.537500
9784		-15.362500
9785		-13.724999
9786		-15.187500
9787		-12.425000
9788		-10.375000
9789		-8.137500
9790		-8.012500
9791		-5.250000
9792		-6.312500
9793		-3.262500
9794		-2.025000
9795		-0.787500
9796		-1.137500
9797		0.500000
9798		-1.962500
9799		-4.200000
9800		-6.837500
9801		-7.312500
9802		-10.137500
9803		-7.375000
9804		-8.075000
9805		-6.900000
9806		-8.137500
9807		-6.200000
9808		-8.550000
9809		-4.900000
9810		-6.837500
9811		-4.250000
9812		-6.312500
9813		-5.075000
9814		-7.250000
9815		-7.787500
9816		-10.962500
9817		-8.612500
9818		-8.662499
9819		-5.250000
9820		-4.375000
9821		-2.725000
9822		-2.487500
9823		-2.550000
9824		-3.850000
9825		-3.787500
9826		-5.075000
9827		-4.312500
9828		-4.612500
9829		-2.262500
9830		-2.675000
9831		-0.725000
9832		-3.437500
9833		-1.262500
9834		-4.312500
9835		-3.550000
9836		-5.487500
9837		-1.962500
9838		-3.437500
9839		-3.137500
9840		-3.550000
9841		-5.662500
9842		-5.962500
9843		-10.550000
9844		-8.900000
9845		-10.724999
9846		-8.250000
9847		-8.200000
9848		-7.075000
9849		-4.487500
9850		-3.137500
9851		-1.200000
9852		-0.962500
9853		2.212500
9854		3.387500
9855		2.625000
9856		2.150000
9857		3.325000
9858		3.737500
9859		2.275000
9860		1.450000
9861		-1.675000
9862		-2.137500
9863		-2.137500
9864		-2.262500
9865		-1.487500
9866		-2.850000
9867		-1.550000
9868		-3.137500
9869		-2.550000
9870		-4.137500
9871		-2.962500
9872		-3.900000
9873		-3.962500
9874		-3.725000
9875		-5.137500
9876		-3.850000
9877		-2.725000
9878		-1.725000
9879		-2.675000
9880		-2.675000
9881		-1.787500
9882		-2.375000
9883		-2.962500
9884		-3.312500
9885		-2.850000
9886		-1.850000
9887		-1.675000
9888		-3.312500
9889		-2.437500
9890		-1.262500
9891		-0.025000
9892		0.800000
9893		-0.025000
9894		0.625000
9895		0.387500
9896		0.037500
9897		-0.962500
9898		-0.725000
9899		-1.675000
9900		0.387500
9901		-0.725000
9902		-0.312500
9903		-0.725000
9904		-0.375000
9905		-0.612500
9906		0.737500
9907		0.562500
9908		2.087500
9909		2.862500
9910		3.800000
9911		4.800000
9912		5.675000
9913		4.500000
9914		5.325000
9915		4.387500
9916		3.737500
9917		3.325000
9918		2.800000
9919		3.212500
9920		2.150000
9921		1.387500
9922		0.500000
9923		-0.550000
9924		-1.137500
9925		-2.675000
9926		-3.312500
9927		-2.375000
9928		-3.025000
9929		-1.437500
9930		-0.675000
9931		0.100000
9932		0.862500
9933		1.687500
9934		1.687500
9935		2.325000
9936		3.150000
9937		3.800000
9938		3.500000
9939		4.387500
9940		3.087500
9941		3.450000
9942		1.912500
9943		0.562500
9944		1.087500
9945		-0.437500
9946		-1.675000
9947		-0.725000
9948		-1.375000
9949		0.212500
9950		0.562500
9951		1.212500
9952		2.562500
9953		3.625000
9954		4.150000
9955		4.800000
9956		4.262500
9957		4.150000
9958		2.912500
9959		1.687500
9960		-0.787500
9961		-0.787500
9962		-1.550000
9963		-0.962500
9964		-0.025000
9965		1.212500
9966		1.150000
9967		2.625000
9968		0.862500
9969		2.325000
9970		2.037500
9971		2.862500
9972		2.037500
9973		2.275000
9974		1.450000
9975		1.450000
9976		1.212500
9977		2.387500
9978		3.150000
9979		5.737500
9980		6.737500
9981		7.562500
9982		8.850000
9983		9.025001
9984		7.675000
9985		5.737500
9986		2.562500
9987		0.975000
9988		-0.612500
9989		1.212500
9990		2.325000
9991		3.150000
9992		3.912500
9993		5.562500
9994		6.037500
9995		6.087500
9996		6.387500
9997		7.912500
9998		6.625000
9999		7.500000
10000		6.800000
