Channel              :		CH1
Frequency            :		58.82Hz
Period               :		17.00ms
PK-PK                :		28.60mV
Average              :		0.409mV
Vertical pos         :		1.000000mV
Probe attenuation    :		1X
Voltage per ADC value:		0.001563mV
Time interval        :		4.00000uS

index		CH1_Voltage(mV)
1		-6.225000
2		-6.200000
3		-6.106250
4		-5.400000
5		-5.868750
6		-5.662500
7		-5.456250
8		-5.750000
9		-5.518750
10		-5.456250
11		-5.043750
12		-4.831250
13		-5.187500
14		-4.862500
15		-4.806250
16		-4.600000
17		-4.450000
18		-4.418750
19		-4.268750
20		-3.912500
21		-3.825000
22		-3.912500
23		-4.006250
24		-3.706250
25		-3.262500
26		-3.262500
27		-3.262500
28		-3.587500
29		-3.293750
30		-2.993750
31		-3.112500
32		-3.175000
33		-3.175000
34		-3.025000
35		-3.175000
36		-2.906250
37		-3.087500
38		-2.993750
39		-3.262500
40		-2.875000
41		-2.906250
42		-3.025000
43		-3.325000
44		-2.906250
45		-2.818750
46		-3.175000
47		-3.025000
48		-3.056250
49		-3.531250
50		-3.562500
51		-3.325000
52		-3.350000
53		-3.381250
54		-3.825000
55		-3.825000
56		-3.706250
57		-3.825000
58		-3.650000
59		-4.300000
60		-3.768750
61		-3.887500
62		-4.775000
63		-4.418750
64		-4.450000
65		-4.625000
66		-4.450000
67		-4.687500
68		-4.600000
69		-4.743750
70		-4.893750
71		-5.400000
72		-4.743750
73		-4.831250
74		-4.893750
75		-4.656250
76		-4.831250
77		-5.012500
78		-4.806250
79		-4.950000
80		-5.012500
81		-4.775000
82		-4.981250
83		-4.893750
84		-4.831250
85		-4.506250
86		-4.568750
87		-4.387500
88		-4.506250
89		-5.131250
90		-4.506250
91		-4.362500
92		-4.062500
93		-4.212500
94		-4.387500
95		-4.625000
96		-4.568750
97		-4.506250
98		-4.656250
99		-4.743750
100		-4.950000
101		-4.893750
102		-4.925000
103		-5.456250
104		-5.781250
105		-5.575000
106		-5.843750
107		-5.487500
108		-6.081250
109		-6.318750
110		-6.050000
111		-6.462500
112		-6.343750
113		-6.612500
114		-6.818750
115		-6.787500
116		-7.262500
117		-7.175000
118		-7.531250
119		-7.618750
120		-7.856250
121		-7.825000
122		-7.856250
123		-8.062500
124		-7.856250
125		-8.687500
126		-8.568750
127		-8.450000
128		-8.418750
129		-8.625000
130		-8.925000
131		-9.043750
132		-9.575000
133		-9.043750
134		-9.281250
135		-9.193750
136		-9.456250
137		-9.281250
138		-9.400000
139		-9.312500
140		-9.312500
141		-9.400000
142		-9.250000
143		-9.193750
144		-9.637500
145		-9.456250
146		-9.431250
147		-9.456250
148		-9.368750
149		-9.312500
150		-9.400000
151		-9.337500
152		-9.400000
153		-9.312500
154		-9.100000
155		-8.893750
156		-8.956250
157		-8.862500
158		-8.600000
159		-8.687500
160		-8.600000
161		-8.300000
162		-8.418750
163		-8.331250
164		-7.737500
165		-7.562500
166		-7.856250
167		-7.562500
168		-7.206250
169		-7.381250
170		-7.175000
171		-7.056250
172		-7.025000
173		-6.968750
174		-6.643750
175		-6.612500
176		-6.731250
177		-6.462500
178		-6.612500
179		-6.462500
180		-6.437500
181		-6.643750
182		-6.437500
183		-6.700000
184		-6.668750
185		-6.556250
186		-7.056250
187		-6.968750
188		-6.968750
189		-7.175000
190		-7.237500
191		-7.381250
192		-7.768750
193		-8.062500
194		-7.918750
195		-7.975000
196		-7.918750
197		-8.568750
198		-8.656250
199		-8.806250
200		-9.400000
201		-9.400000
202		-9.606250
203		-9.543750
204		-9.662500
205		-9.662500
206		-9.637500
207		-10.050000
208		-9.637500
209		-9.662500
210		-9.662500
211		-9.606250
212		-9.337500
213		-9.012500
214		-9.250000
215		-9.131250
216		-8.956250
217		-8.837500
218		-8.600000
219		-8.393750
220		-8.062500
221		-7.975000
222		-8.062500
223		-7.531250
224		-7.356250
225		-6.937500
226		-7.000000
227		-6.850000
228		-6.581250
229		-6.225000
230		-6.343750
231		-6.200000
232		-5.931250
233		-6.106250
234		-5.637500
235		-5.900000
236		-5.662500
237		-5.781250
238		-6.050000
239		-6.018750
240		-6.050000
241		-5.868750
242		-6.318750
243		-5.962500
244		-6.106250
245		-6.437500
246		-6.318750
247		-6.581250
248		-7.087500
249		-6.937500
250		-7.175000
251		-7.618750
252		-7.918750
253		-7.706250
254		-8.125000
255		-8.212500
256		-8.718750
257		-8.418750
258		-8.743750
259		-8.837500
260		-9.162500
261		-9.162500
262		-9.337500
263		-8.837500
264		-9.162500
265		-9.043750
266		-8.806250
267		-9.012500
268		-8.925000
269		-8.981250
270		-8.956250
271		-8.481250
272		-8.125000
273		-8.331250
274		-8.062500
275		-7.562500
276		-7.887500
277		-7.768750
278		-7.681250
279		-7.618750
280		-7.562500
281		-8.037500
282		-7.918750
283		-7.412500
284		-7.918750
285		-7.768750
286		-7.856250
287		-8.362500
288		-8.600000
289		-8.512500
290		-8.925000
291		-8.893750
292		-8.862500
293		-9.400000
294		-9.281250
295		-9.487500
296		-9.487500
297		-9.693750
298		-9.843750
299		-9.756250
300		-9.993750
301		-9.725000
302		-9.843750
303		-9.637500
304		-9.606250
305		-9.100000
306		-9.337500
307		-9.193750
308		-8.537500
309		-9.131250
310		-8.925000
311		-8.718750
312		-8.837500
313		-8.893750
314		-8.862500
315		-9.100000
316		-9.043750
317		-9.431250
318		-9.456250
319		-9.962500
320		-10.112500
321		-10.556250
322		-10.793750
323		-11.206250
324		-11.800000
325		-12.306250
326		-12.362500
327		-13.193750
328		-13.337500
329		-13.843750
330		-14.406250
331		-14.375000
332		-14.731250
333		-15.087500
334		-15.087500
335		-15.268750
336		-15.625000
337		-15.412500
338		-15.531250
339		-15.562500
340		-15.118750
341		-15.000000
342		-15.118750
343		-14.762500
344		-14.731250
345		-14.231250
346		-14.081250
347		-13.637500
348		-13.550000
349		-13.337500
350		-12.687500
351		-12.806250
352		-12.806250
353		-12.418750
354		-12.275000
355		-12.187500
356		-12.068750
357		-11.918750
358		-11.856250
359		-11.562500
360		-11.237500
361		-11.237500
362		-10.937500
363		-11.087500
364		-11.475000
365		-10.881250
366		-10.493750
367		-10.493750
368		-10.493750
369		-9.843750
370		-10.256250
371		-10.112500
372		-9.900000
373		-9.400000
374		-9.518750
375		-9.456250
376		-8.956250
377		-8.537500
378		-8.718750
379		-8.625000
380		-8.275000
381		-8.156250
382		-8.006250
383		-8.125000
384		-7.825000
385		-7.918750
386		-7.681250
387		-7.681250
388		-7.206250
389		-7.356250
390		-7.587500
391		-7.562500
392		-7.562500
393		-7.618750
394		-7.681250
395		-7.262500
396		-7.412500
397		-7.237500
398		-7.000000
399		-7.206250
400		-7.000000
401		-7.025000
402		-7.262500
403		-7.056250
404		-6.525000
405		-6.200000
406		-6.668750
407		-6.050000
408		-6.287500
409		-5.900000
410		-5.843750
411		-5.606250
412		-5.337500
413		-5.575000
414		-5.162500
415		-4.862500
416		-4.893750
417		-4.893750
418		-4.537500
419		-4.806250
420		-4.506250
421		-4.568750
422		-4.181250
423		-4.537500
424		-5.100000
425		-4.600000
426		-4.537500
427		-4.806250
428		-4.600000
429		-4.568750
430		-4.718750
431		-4.950000
432		-5.187500
433		-5.400000
434		-5.575000
435		-5.575000
436		-5.518750
437		-5.543750
438		-5.662500
439		-5.843750
440		-6.200000
441		-6.137500
442		-6.437500
443		-6.787500
444		-6.343750
445		-6.668750
446		-6.906250
447		-7.118750
448		-7.500000
449		-7.293750
450		-7.412500
451		-7.856250
452		-8.156250
453		-8.806250
454		-8.925000
455		-9.162500
456		-9.487500
457		-9.962500
458		-10.112500
459		-10.493750
460		-10.968750
461		-10.968750
462		-11.268750
463		-11.887500
464		-11.712500
465		-12.187500
466		-12.068750
467		-12.656250
468		-12.775000
469		-13.012500
470		-12.956250
471		-13.281250
472		-13.456250
473		-13.575000
474		-13.368750
475		-13.787500
476		-13.668750
477		-13.456250
478		-13.843750
479		-13.906250
480		-13.906250
481		-13.812500
482		-13.812500
483		-13.756250
484		-13.787500
485		-13.993750
486		-14.025000
487		-14.112500
488		-14.168750
489		-14.050000
490		-13.962500
491		-14.350000
492		-13.931250
493		-14.200000
494		-14.375000
495		-14.081250
496		-13.693750
497		-14.200000
498		-13.906250
499		-13.993750
500		-13.756250
501		-13.906250
502		-13.756250
503		-13.456250
504		-13.550000
505		-13.337500
506		-13.250000
507		-12.925000
508		-12.687500
509		-12.806250
510		-12.275000
511		-12.093750
512		-11.768750
513		-11.618750
514		-11.268750
515		-10.850000
516		-10.525000
517		-10.168750
518		-10.018750
519		-9.337500
520		-9.075000
521		-8.956250
522		-8.600000
523		-8.362500
524		-8.006250
525		-7.618750
526		-7.118750
527		-6.937500
528		-6.643750
529		-6.437500
530		-5.962500
531		-5.518750
532		-5.575000
533		-5.575000
534		-5.068750
535		-4.925000
536		-4.831250
537		-4.656250
538		-4.568750
539		-4.775000
540		-4.506250
541		-4.300000
542		-4.450000
543		-4.656250
544		-4.625000
545		-4.625000
546		-4.331250
547		-4.125000
548		-4.093750
549		-4.243750
550		-4.268750
551		-4.243750
552		-4.212500
553		-3.793750
554		-4.062500
555		-4.300000
556		-3.706250
557		-3.856250
558		-3.943750
559		-3.293750
560		-3.325000
561		-3.468750
562		-3.562500
563		-3.381250
564		-3.143750
565		-3.056250
566		-3.025000
567		-3.262500
568		-3.381250
569		-3.381250
570		-3.262500
571		-2.875000
572		-3.562500
573		-3.112500
574		-3.531250
575		-3.443750
576		-3.887500
577		-3.975000
578		-4.212500
579		-4.450000
580		-4.656250
581		-4.925000
582		-5.100000
583		-5.187500
584		-5.662500
585		-5.812500
586		-6.375000
587		-6.437500
588		-6.668750
589		-6.881250
590		-7.175000
591		-7.443750
592		-8.125000
593		-7.681250
594		-8.156250
595		-8.418750
596		-8.743750
597		-8.862500
598		-8.956250
599		-9.400000
600		-9.543750
601		-9.781250
602		-10.137500
603		-10.318750
604		-10.762500
605		-11.206250
606		-10.937500
607		-11.531250
608		-11.531250
609		-11.681250
610		-12.212500
611		-12.125000
612		-12.187500
613		-12.656250
614		-12.450000
615		-12.893750
616		-12.806250
617		-13.193750
618		-13.075000
619		-13.012500
620		-13.193750
621		-13.668750
622		-13.225000
623		-13.756250
624		-13.575000
625		-13.693750
626		-13.843750
627		-13.550000
628		-13.606250
629		-13.487500
630		-13.550000
631		-13.431250
632		-13.400000
633		-13.575000
634		-13.162500
635		-13.162500
636		-13.162500
637		-12.687500
638		-12.687500
639		-12.868750
640		-12.418750
641		-12.275000
642		-12.068750
643		-11.975000
644		-12.156250
645		-11.650000
646		-11.237500
647		-11.268750
648		-10.762500
649		-10.675000
650		-10.350000
651		-10.137500
652		-9.843750
653		-9.543750
654		-9.487500
655		-9.075000
656		-9.012500
657		-8.512500
658		-8.331250
659		-8.006250
660		-7.768750
661		-7.381250
662		-7.056250
663		-7.175000
664		-6.937500
665		-6.493750
666		-6.225000
667		-5.812500
668		-5.543750
669		-5.337500
670		-5.162500
671		-5.100000
672		-4.506250
673		-4.625000
674		-4.125000
675		-4.212500
676		-4.062500
677		-3.887500
678		-3.737500
679		-3.531250
680		-3.350000
681		-3.231250
682		-2.906250
683		-2.762500
684		-2.643750
685		-2.581250
686		-2.287500
687		-2.225000
688		-2.193750
689		-1.750000
690		-1.956250
691		-1.987500
692		-1.425000
693		-1.750000
694		-1.368750
695		-1.456250
696		-1.425000
697		-1.725000
698		-1.631250
699		-1.843750
700		-1.306250
701		-1.781250
702		-1.337500
703		-1.781250
704		-1.662500
705		-1.606250
706		-1.693750
707		-1.725000
708		-2.018750
709		-1.693750
710		-1.843750
711		-1.781250
712		-2.225000
713		-2.343750
714		-2.193750
715		-2.375000
716		-2.287500
717		-2.075000
718		-2.550000
719		-2.406250
720		-2.762500
721		-2.550000
722		-2.525000
723		-2.431250
724		-2.493750
725		-2.731250
726		-2.731250
727		-2.787500
728		-2.906250
729		-2.875000
730		-2.906250
731		-3.206250
732		-3.025000
733		-3.231250
734		-3.350000
735		-3.562500
736		-3.681250
737		-3.825000
738		-3.737500
739		-3.912500
740		-3.975000
741		-4.006250
742		-4.568750
743		-4.481250
744		-4.300000
745		-4.950000
746		-4.862500
747		-4.718750
748		-5.100000
749		-4.862500
750		-5.187500
751		-5.337500
752		-5.281250
753		-5.518750
754		-5.543750
755		-5.931250
756		-5.781250
757		-6.437500
758		-6.287500
759		-6.137500
760		-6.287500
761		-6.106250
762		-6.731250
763		-6.018750
764		-6.525000
765		-6.525000
766		-6.525000
767		-6.762500
768		-6.437500
769		-6.850000
770		-6.581250
771		-6.787500
772		-6.937500
773		-6.906250
774		-6.968750
775		-6.881250
776		-6.668750
777		-6.937500
778		-6.968750
779		-6.850000
780		-7.262500
781		-6.787500
782		-7.087500
783		-6.581250
784		-6.700000
785		-6.700000
786		-6.493750
787		-6.318750
788		-6.200000
789		-6.200000
790		-6.343750
791		-6.225000
792		-6.200000
793		-5.868750
794		-5.987500
795		-6.081250
796		-5.662500
797		-5.606250
798		-5.400000
799		-5.456250
800		-4.893750
801		-5.043750
802		-4.481250
803		-4.568750
804		-4.268750
805		-4.268750
806		-4.125000
807		-3.943750
808		-3.618750
809		-3.587500
810		-3.025000
811		-2.850000
812		-2.937500
813		-2.875000
814		-2.375000
815		-2.462500
816		-2.406250
817		-1.781250
818		-1.456250
819		-1.393750
820		-1.250000
821		-1.156250
822		-0.862500
823		-0.593750
824		-0.831250
825		-0.568750
826		-0.568750
827		-0.568750
828		-0.743750
829		-0.331250
830		-0.150000
831		-0.387500
832		-0.118750
833		-0.268750
834		-0.237500
835		-0.268750
836		-0.300000
837		-0.356250
838		-0.450000
839		-0.687500
840		-0.300000
841		-0.625000
842		-0.925000
843		-0.806250
844		-0.743750
845		-0.625000
846		-0.712500
847		-0.862500
848		-1.218750
849		-1.250000
850		-1.218750
851		-1.393750
852		-1.275000
853		-1.337500
854		-1.693750
855		-1.693750
856		-2.018750
857		-2.137500
858		-2.193750
859		-2.375000
860		-2.343750
861		-2.493750
862		-2.287500
863		-2.312500
864		-2.787500
865		-2.612500
866		-2.875000
867		-3.087500
868		-3.381250
869		-3.262500
870		-3.468750
871		-3.412500
872		-3.681250
873		-3.768750
874		-3.825000
875		-3.737500
876		-3.856250
877		-3.943750
878		-4.031250
879		-4.181250
880		-4.331250
881		-4.150000
882		-4.031250
883		-4.506250
884		-4.093750
885		-4.212500
886		-4.125000
887		-4.093750
888		-3.825000
889		-3.912500
890		-3.650000
891		-3.975000
892		-3.293750
893		-3.531250
894		-3.468750
895		-3.112500
896		-3.087500
897		-2.993750
898		-2.818750
899		-3.143750
900		-2.462500
901		-2.612500
902		-2.312500
903		-2.193750
904		-2.343750
905		-1.900000
906		-2.018750
907		-1.693750
908		-1.750000
909		-1.543750
910		-1.750000
911		-1.606250
912		-1.487500
913		-1.275000
914		-1.337500
915		-1.037500
916		-1.100000
917		-1.037500
918		-0.862500
919		-0.625000
920		-0.475000
921		-0.418750
922		-0.150000
923		0.056250
924		0.025000
925		0.325000
926		0.381250
927		0.443750
928		0.381250
929		0.587500
930		0.531250
931		0.825000
932		0.825000
933		0.975000
934		0.918750
935		1.300000
936		0.800000
937		0.856250
938		0.443750
939		0.887500
940		0.618750
941		0.825000
942		0.587500
943		0.531250
944		-0.031250
945		-0.062500
946		-0.356250
947		-0.212500
948		-0.743750
949		-0.862500
950		-0.925000
951		-1.187500
952		-1.487500
953		-1.100000
954		-1.575000
955		-1.868750
956		-2.075000
957		-2.137500
958		-2.462500
959		-2.493750
960		-2.643750
961		-2.937500
962		-2.850000
963		-3.381250
964		-3.175000
965		-3.500000
966		-3.618750
967		-4.093750
968		-3.943750
969		-4.093750
970		-4.062500
971		-4.243750
972		-4.212500
973		-4.625000
974		-4.387500
975		-4.862500
976		-4.831250
977		-4.862500
978		-4.950000
979		-5.162500
980		-5.337500
981		-5.400000
982		-5.693750
983		-5.425000
984		-5.725000
985		-5.750000
986		-5.781250
987		-5.637500
988		-5.725000
989		-5.781250
990		-5.750000
991		-5.606250
992		-5.400000
993		-5.162500
994		-5.250000
995		-5.425000
996		-5.162500
997		-4.950000
998		-4.743750
999		-4.481250
1000		-4.450000
1001		-4.212500
1002		-4.268750
1003		-4.062500
1004		-3.912500
1005		-3.443750
1006		-3.143750
1007		-3.143750
1008		-2.906250
1009		-2.818750
1010		-2.312500
1011		-2.343750
1012		-2.106250
1013		-1.543750
1014		-1.456250
1015		-1.100000
1016		-0.893750
1017		-0.925000
1018		-0.418750
1019		-0.268750
1020		0.056250
1021		0.175000
1022		0.618750
1023		0.856250
1024		0.887500
1025		1.362500
1026		1.362500
1027		1.625000
1028		1.950000
1029		2.068750
1030		2.543750
1031		2.606250
1032		2.931250
1033		3.106250
1034		3.256250
1035		3.343750
1036		3.937500
1037		3.793750
1038		3.581250
1039		3.906250
1040		3.850000
1041		4.087500
1042		4.056250
1043		4.325000
1044		4.475000
1045		4.025000
1046		4.000000
1047		4.293750
1048		4.087500
1049		4.325000
1050		3.818750
1051		4.000000
1052		4.000000
1053		3.818750
1054		4.025000
1055		3.850000
1056		3.643750
1057		3.700000
1058		3.200000
1059		3.581250
1060		3.493750
1061		3.200000
1062		3.200000
1063		3.018750
1064		3.137500
1065		2.987500
1066		2.693750
1067		2.987500
1068		2.456250
1069		2.368750
1070		2.368750
1071		2.487500
1072		2.456250
1073		2.043750
1074		2.043750
1075		2.100000
1076		2.012500
1077		1.600000
1078		1.775000
1079		1.656250
1080		1.600000
1081		1.600000
1082		1.625000
1083		1.718750
1084		1.506250
1085		1.181250
1086		1.506250
1087		1.268750
1088		1.331250
1089		1.125000
1090		1.150000
1091		1.031250
1092		1.093750
1093		1.418750
1094		1.331250
1095		1.093750
1096		0.468750
1097		0.918750
1098		0.918750
1099		0.737500
1100		1.150000
1101		0.975000
1102		0.943750
1103		1.125000
1104		0.918750
1105		1.212500
1106		0.681250
1107		1.031250
1108		0.500000
1109		0.825000
1110		0.887500
1111		0.825000
1112		0.412500
1113		0.531250
1114		0.531250
1115		0.468750
1116		0.468750
1117		0.681250
1118		0.500000
1119		0.231250
1120		0.000000
1121		-0.118750
1122		-0.268750
1123		-0.031250
1124		-0.093750
1125		-0.387500
1126		-0.212500
1127		-0.212500
1128		-0.743750
1129		-0.418750
1130		-0.687500
1131		-0.475000
1132		-0.656250
1133		-0.537500
1134		-0.743750
1135		-0.387500
1136		-0.356250
1137		-0.506250
1138		-0.537500
1139		-0.387500
1140		-0.593750
1141		-0.268750
1142		-0.593750
1143		-0.450000
1144		-0.150000
1145		-0.150000
1146		-0.150000
1147		-0.150000
1148		0.143750
1149		0.231250
1150		0.112500
1151		-0.150000
1152		0.087500
1153		-0.031250
1154		0.618750
1155		0.293750
1156		0.325000
1157		0.887500
1158		0.856250
1159		1.006250
1160		0.918750
1161		0.975000
1162		0.737500
1163		1.300000
1164		1.300000
1165		1.243750
1166		1.568750
1167		1.212500
1168		1.568750
1169		1.718750
1170		1.925000
1171		1.687500
1172		2.162500
1173		2.043750
1174		2.456250
1175		2.337500
1176		2.662500
1177		2.456250
1178		2.693750
1179		2.456250
1180		2.693750
1181		3.106250
1182		2.843750
1183		3.106250
1184		3.168750
1185		3.287500
1186		3.318750
1187		3.406250
1188		3.556250
1189		3.581250
1190		3.556250
1191		4.025000
1192		3.581250
1193		4.143750
1194		4.025000
1195		4.175000
1196		4.143750
1197		3.937500
1198		4.000000
1199		3.818750
1200		3.906250
1201		4.000000
1202		3.700000
1203		3.581250
1204		3.643750
1205		3.525000
1206		3.643750
1207		3.493750
1208		3.256250
1209		3.406250
1210		3.081250
1211		3.050000
1212		2.987500
1213		2.900000
1214		2.337500
1215		2.400000
1216		2.400000
1217		1.806250
1218		1.806250
1219		2.043750
1220		1.806250
1221		1.837500
1222		1.418750
1223		1.243750
1224		1.506250
1225		1.331250
1226		1.212500
1227		0.681250
1228		0.768750
1229		0.531250
1230		0.231250
1231		0.468750
1232		0.231250
1233		0.087500
1234		0.143750
1235		0.087500
1236		-0.150000
1237		-0.118750
1238		-0.568750
1239		-0.450000
1240		-0.712500
1241		-0.625000
1242		-0.593750
1243		-0.806250
1244		-0.806250
1245		-1.068750
1246		-0.656250
1247		-0.893750
1248		-1.250000
1249		-1.250000
1250		-1.543750
1251		-1.425000
1252		-1.306250
1253		-1.631250
1254		-1.662500
1255		-1.693750
1256		-1.750000
1257		-1.306250
1258		-1.931250
1259		-1.456250
1260		-1.393750
1261		-1.393750
1262		-1.575000
1263		-1.575000
1264		-1.187500
1265		-1.100000
1266		-1.393750
1267		-0.981250
1268		-0.806250
1269		-0.893750
1270		-0.268750
1271		-0.450000
1272		-0.300000
1273		-0.268750
1274		0.143750
1275		0.087500
1276		0.587500
1277		0.975000
1278		1.212500
1279		1.387500
1280		1.268750
1281		1.450000
1282		1.718750
1283		1.950000
1284		2.281250
1285		2.575000
1286		2.962500
1287		3.106250
1288		3.137500
1289		3.050000
1290		3.318750
1291		3.200000
1292		3.762500
1293		3.525000
1294		3.612500
1295		3.643750
1296		3.850000
1297		3.731250
1298		3.643750
1299		3.643750
1300		3.462500
1301		3.287500
1302		3.050000
1303		3.106250
1304		2.987500
1305		3.137500
1306		2.756250
1307		2.425000
1308		2.281250
1309		2.012500
1310		2.012500
1311		1.837500
1312		1.506250
1313		1.418750
1314		1.331250
1315		1.125000
1316		0.918750
1317		1.031250
1318		0.918750
1319		0.650000
1320		0.587500
1321		0.681250
1322		0.206250
1323		0.562500
1324		0.681250
1325		0.650000
1326		0.650000
1327		0.887500
1328		0.768750
1329		0.887500
1330		0.975000
1331		0.562500
1332		0.768750
1333		1.150000
1334		0.768750
1335		0.975000
1336		0.650000
1337		1.093750
1338		1.125000
1339		0.918750
1340		1.093750
1341		1.181250
1342		1.362500
1343		1.418750
1344		1.568750
1345		1.775000
1346		1.806250
1347		2.068750
1348		2.368750
1349		2.456250
1350		2.662500
1351		2.987500
1352		2.781250
1353		3.287500
1354		3.881250
1355		4.087500
1356		4.443750
1357		4.531250
1358		5.212500
1359		5.450000
1360		5.956250
1361		6.075000
1362		6.337500
1363		6.456250
1364		6.962500
1365		7.256250
1366		7.375000
1367		7.700000
1368		7.937500
1369		8.056250
1370		7.731250
1371		8.268750
1372		8.087500
1373		8.118750
1374		8.031250
1375		8.356250
1376		7.818750
1377		7.850000
1378		7.468750
1379		7.556250
1380		6.900000
1381		7.050000
1382		6.456250
1383		5.925000
1384		5.718750
1385		5.512500
1386		4.943750
1387		4.712500
1388		4.000000
1389		3.968750
1390		2.987500
1391		2.843750
1392		2.337500
1393		2.162500
1394		1.568750
1395		1.181250
1396		0.562500
1397		-0.062500
1398		0.000000
1399		-0.062500
1400		-0.268750
1401		-0.656250
1402		-1.187500
1403		-1.218750
1404		-1.306250
1405		-1.487500
1406		-1.456250
1407		-1.275000
1408		-1.693750
1409		-1.606250
1410		-1.693750
1411		-1.368750
1412		-1.337500
1413		-1.456250
1414		-1.012500
1415		-0.862500
1416		-0.806250
1417		-0.712500
1418		-0.268750
1419		0.000000
1420		0.231250
1421		0.500000
1422		0.531250
1423		0.887500
1424		1.212500
1425		1.243750
1426		1.625000
1427		2.043750
1428		2.518750
1429		2.518750
1430		2.843750
1431		3.106250
1432		3.406250
1433		3.318750
1434		3.493750
1435		3.731250
1436		3.375000
1437		3.937500
1438		4.562500
1439		4.143750
1440		4.381250
1441		4.825000
1442		4.825000
1443		4.887500
1444		5.037500
1445		5.125000
1446		5.212500
1447		5.331250
1448		5.156250
1449		5.806250
1450		5.418750
1451		5.687500
1452		5.331250
1453		5.275000
1454		5.537500
1455		5.331250
1456		5.568750
1457		5.331250
1458		5.656250
1459		5.275000
1460		5.362500
1461		5.481250
1462		4.531250
1463		5.062500
1464		4.593750
1465		4.768750
1466		4.443750
1467		4.650000
1468		4.681250
1469		4.000000
1470		4.175000
1471		4.056250
1472		4.056250
1473		3.731250
1474		3.612500
1475		3.937500
1476		3.700000
1477		3.881250
1478		3.906250
1479		3.881250
1480		3.731250
1481		4.087500
1482		4.025000
1483		4.381250
1484		4.681250
1485		4.531250
1486		4.800000
1487		4.943750
1488		4.887500
1489		5.481250
1490		5.537500
1491		5.862500
1492		5.925000
1493		6.281250
1494		6.218750
1495		6.550000
1496		6.693750
1497		6.993750
1498		7.493750
1499		6.993750
1500		7.643750
1501		7.587500
1502		7.468750
1503		7.762500
1504		7.493750
1505		7.700000
1506		7.675000
1507		7.556250
1508		7.375000
1509		7.287500
1510		7.493750
1511		7.468750
1512		7.350000
1513		7.200000
1514		6.756250
1515		6.875000
1516		6.337500
1517		6.218750
1518		5.806250
1519		5.925000
1520		5.393750
1521		5.862500
1522		5.037500
1523		4.531250
1524		4.768750
1525		4.118750
1526		4.325000
1527		4.118750
1528		3.793750
1529		3.581250
1530		3.675000
1531		3.643750
1532		3.137500
1533		3.081250
1534		3.106250
1535		3.287500
1536		3.106250
1537		2.662500
1538		2.812500
1539		2.987500
1540		2.931250
1541		2.756250
1542		2.756250
1543		2.781250
1544		2.725000
1545		2.812500
1546		2.637500
1547		2.843750
1548		2.900000
1549		3.137500
1550		3.225000
1551		3.106250
1552		3.106250
1553		3.287500
1554		3.081250
1555		2.962500
1556		3.375000
1557		3.406250
1558		3.225000
1559		3.643750
1560		3.556250
1561		3.906250
1562		3.581250
1563		3.343750
1564		4.143750
1565		3.581250
1566		3.643750
1567		3.581250
1568		3.850000
1569		4.000000
1570		3.700000
1571		3.793750
1572		3.731250
1573		3.556250
1574		3.700000
1575		3.881250
1576		3.343750
1577		3.700000
1578		3.525000
1579		3.437500
1580		3.375000
1581		3.556250
1582		3.256250
1583		3.200000
1584		2.987500
1585		2.900000
1586		2.662500
1587		2.843750
1588		2.131250
1589		2.368750
1590		1.950000
1591		1.893750
1592		1.568750
1593		1.687500
1594		1.656250
1595		1.125000
1596		1.062500
1597		0.918750
1598		0.737500
1599		0.706250
1600		0.443750
1601		0.468750
1602		0.000000
1603		0.206250
1604		-0.118750
1605		0.025000
1606		-0.212500
1607		-0.475000
1608		-0.387500
1609		-0.387500
1610		-0.331250
1611		0.087500
1612		0.325000
1613		0.350000
1614		0.087500
1615		0.531250
1616		0.768750
1617		0.618750
1618		1.181250
1619		1.031250
1620		1.568750
1621		1.718750
1622		2.337500
1623		2.575000
1624		2.812500
1625		3.137500
1626		3.643750
1627		3.818750
1628		4.206250
1629		4.618750
1630		5.062500
1631		5.656250
1632		6.043750
1633		6.281250
1634		6.637500
1635		6.900000
1636		6.962500
1637		7.675000
1638		7.850000
1639		8.356250
1640		8.443750
1641		8.737500
1642		9.187500
1643		9.362500
1644		9.362500
1645		9.718750
1646		9.806250
1647		10.043750
1648		9.718750
1649		10.012500
1650		10.162500
1651		10.162500
1652		10.193750
1653		9.987500
1654		9.775000
1655		10.012500
1656		9.718750
1657		9.806250
1658		9.450000
1659		9.568750
1660		9.425000
1661		9.306250
1662		8.918750
1663		8.856250
1664		8.856250
1665		8.650000
1666		8.087500
1667		7.968750
1668		7.700000
1669		7.937500
1670		7.318750
1671		7.406250
1672		6.756250
1673		6.843750
1674		6.312500
1675		6.487500
1676		6.012500
1677		5.631250
1678		5.687500
1679		5.125000
1680		5.481250
1681		5.331250
1682		4.887500
1683		4.825000
1684		4.712500
1685		4.356250
1686		4.412500
1687		4.325000
1688		4.143750
1689		4.143750
1690		4.293750
1691		3.850000
1692		4.000000
1693		4.056250
1694		3.881250
1695		3.937500
1696		3.850000
1697		3.937500
1698		4.087500
1699		4.025000
1700		4.356250
1701		3.906250
1702		4.025000
1703		4.000000
1704		4.175000
1705		3.850000
1706		4.356250
1707		3.850000
1708		4.443750
1709		4.237500
1710		4.206250
1711		4.500000
1712		4.443750
1713		4.443750
1714		4.500000
1715		4.356250
1716		4.737500
1717		4.531250
1718		4.262500
1719		4.768750
1720		4.531250
1721		4.443750
1722		4.737500
1723		4.618750
1724		4.737500
1725		4.681250
1726		4.325000
1727		4.087500
1728		4.143750
1729		3.700000
1730		4.087500
1731		3.937500
1732		3.793750
1733		3.762500
1734		3.731250
1735		3.318750
1736		3.137500
1737		2.962500
1738		2.756250
1739		2.868750
1740		2.812500
1741		2.337500
1742		2.337500
1743		1.950000
1744		2.068750
1745		1.687500
1746		1.743750
1747		1.568750
1748		1.418750
1749		1.150000
1750		1.031250
1751		1.268750
1752		1.062500
1753		0.918750
1754		1.125000
1755		0.618750
1756		0.825000
1757		0.587500
1758		0.800000
1759		0.975000
1760		0.768750
1761		0.943750
1762		0.825000
1763		1.243750
1764		1.062500
1765		1.362500
1766		1.450000
1767		1.150000
1768		1.362500
1769		1.331250
1770		1.806250
1771		1.837500
1772		2.100000
1773		2.281250
1774		2.250000
1775		2.400000
1776		2.606250
1777		2.931250
1778		2.962500
1779		3.318750
1780		3.406250
1781		3.968750
1782		3.968750
1783		4.143750
1784		4.237500
1785		4.381250
1786		4.381250
1787		4.768750
1788		5.062500
1789		5.418750
1790		5.393750
1791		5.656250
1792		5.775000
1793		5.718750
1794		6.193750
1795		6.100000
1796		6.312500
1797		6.575000
1798		6.575000
1799		6.693750
1800		6.843750
1801		6.781250
1802		6.637500
1803		6.781250
1804		6.575000
1805		6.725000
1806		6.693750
1807		6.875000
1808		6.662500
1809		6.875000
1810		6.693750
1811		6.637500
1812		6.637500
1813		6.637500
1814		6.312500
1815		6.368750
1816		6.368750
1817		6.431250
1818		6.043750
1819		6.368750
1820		6.043750
1821		6.218750
1822		6.662500
1823		6.368750
1824		6.518750
1825		6.431250
1826		6.781250
1827		6.400000
1828		6.400000
1829		6.575000
1830		6.693750
1831		6.725000
1832		6.487500
1833		6.875000
1834		6.931250
1835		7.406250
1836		6.931250
1837		6.812500
1838		6.756250
1839		6.843750
1840		7.287500
1841		6.931250
1842		6.900000
1843		6.962500
1844		7.200000
1845		6.725000
1846		6.962500
1847		6.931250
1848		6.693750
1849		7.050000
1850		6.900000
1851		6.662500
1852		6.875000
1853		7.018750
1854		7.112500
1855		7.050000
1856		6.756250
1857		6.662500
1858		6.725000
1859		6.606250
1860		6.693750
1861		6.606250
1862		6.662500
1863		6.756250
1864		6.693750
1865		6.900000
1866		6.843750
1867		6.218750
1868		6.575000
1869		6.218750
1870		6.162500
1871		6.606250
1872		6.162500
1873		6.337500
1874		6.218750
1875		6.575000
1876		6.043750
1877		5.925000
1878		5.806250
1879		5.687500
1880		5.568750
1881		5.687500
1882		5.393750
1883		5.450000
1884		5.275000
1885		5.093750
1886		5.037500
1887		5.062500
1888		5.093750
1889		4.593750
1890		4.475000
1891		4.412500
1892		4.443750
1893		4.443750
1894		4.206250
1895		4.025000
1896		3.731250
1897		3.700000
1898		3.612500
1899		3.493750
1900		3.318750
1901		3.462500
1902		3.050000
1903		3.168750
1904		3.437500
1905		2.962500
1906		3.225000
1907		3.343750
1908		3.106250
1909		2.843750
1910		3.106250
1911		3.225000
1912		3.200000
1913		3.437500
1914		3.225000
1915		3.818750
1916		3.375000
1917		3.581250
1918		4.025000
1919		3.881250
1920		4.293750
1921		3.793750
1922		4.293750
1923		4.381250
1924		4.681250
1925		4.650000
1926		5.156250
1927		5.006250
1928		5.300000
1929		5.450000
1930		5.481250
1931		5.687500
1932		5.718750
1933		6.012500
1934		6.431250
1935		6.400000
1936		6.606250
1937		6.606250
1938		6.812500
1939		6.900000
1940		6.843750
1941		6.693750
1942		6.843750
1943		7.287500
1944		7.112500
1945		7.231250
1946		7.406250
1947		7.200000
1948		7.643750
1949		7.168750
1950		7.493750
1951		7.643750
1952		7.231250
1953		7.793750
1954		7.850000
1955		7.881250
1956		8.175000
1957		8.175000
1958		8.031250
1959		7.731250
1960		7.850000
1961		8.031250
1962		8.293750
1963		8.056250
1964		8.237500
1965		8.293750
1966		8.443750
1967		8.293750
1968		8.237500
1969		8.056250
1970		8.356250
1971		8.237500
1972		8.087500
1973		8.000000
1974		8.237500
1975		8.237500
1976		8.475000
1977		8.268750
1978		8.593750
1979		8.150000
1980		8.150000
1981		8.150000
1982		7.793750
1983		8.087500
1984		7.793750
1985		8.175000
1986		7.937500
1987		7.731250
1988		7.587500
1989		7.256250
1990		7.793750
1991		7.643750
1992		7.406250
1993		7.375000
1994		7.287500
1995		7.112500
1996		7.675000
1997		6.875000
1998		6.875000
1999		6.993750
2000		6.993750
2001		6.875000
2002		6.575000
2003		6.662500
2004		6.487500
2005		6.368750
2006		6.368750
2007		6.368750
2008		6.312500
2009		6.075000
2010		5.568750
2011		5.687500
2012		5.512500
2013		5.687500
2014		5.181250
2015		5.156250
2016		5.125000
2017		4.887500
2018		4.825000
2019		4.475000
2020		4.943750
2021		4.356250
2022		4.025000
2023		4.206250
2024		4.237500
2025		4.293750
2026		3.906250
2027		3.881250
2028		3.937500
2029		3.731250
2030		3.437500
2031		4.118750
2032		3.850000
2033		3.050000
2034		3.106250
2035		3.287500
2036		4.000000
2037		3.700000
2038		3.225000
2039		3.581250
2040		3.581250
2041		3.437500
2042		3.256250
2043		3.406250
2044		3.581250
2045		3.375000
2046		3.581250
2047		3.406250
2048		3.850000
2049		3.493750
2050		3.556250
2051		3.906250
2052		3.850000
2053		3.881250
2054		3.881250
2055		3.881250
2056		4.143750
2057		3.906250
2058		4.175000
2059		4.175000
2060		4.025000
2061		4.175000
2062		4.356250
2063		4.381250
2064		4.381250
2065		4.650000
2066		4.475000
2067		4.943750
2068		4.918750
2069		5.418750
2070		5.481250
2071		5.243750
2072		5.656250
2073		5.718750
2074		5.837500
2075		5.956250
2076		6.193750
2077		5.925000
2078		6.193750
2079		6.431250
2080		6.518750
2081		6.931250
2082		6.900000
2083		6.900000
2084		7.050000
2085		7.168750
2086		7.318750
2087		7.350000
2088		7.375000
2089		7.350000
2090		7.525000
2091		7.700000
2092		7.587500
2093		7.587500
2094		7.318750
2095		7.968750
2096		7.762500
2097		7.587500
2098		7.881250
2099		7.762500
2100		8.087500
2101		8.056250
2102		7.937500
2103		8.150000
2104		8.000000
2105		8.031250
2106		7.937500
2107		8.293750
2108		8.150000
2109		8.150000
2110		8.268750
2111		8.356250
2112		8.175000
2113		8.087500
2114		8.237500
2115		8.475000
2116		8.475000
2117		8.768750
2118		8.681250
2119		8.800000
2120		8.975000
2121		9.037500
2122		9.006250
2123		9.125000
2124		9.187500
2125		8.856250
2126		9.687500
2127		9.187500
2128		9.537500
2129		9.331250
2130		9.718750
2131		9.656250
2132		9.600000
2133		9.806250
2134		9.987500
2135		9.631250
2136		9.925000
2137		9.956250
2138		9.925000
2139		9.925000
2140		9.956250
2141		9.425000
2142		9.656250
2143		9.806250
2144		9.512500
2145		9.425000
2146		9.393750
2147		9.631250
2148		9.775000
2149		9.718750
2150		9.393750
2151		9.631250
2152		9.275000
2153		9.331250
2154		9.537500
2155		9.306250
2156		9.006250
2157		9.481250
2158		9.212500
2159		9.362500
2160		9.362500
2161		9.093750
2162		8.831250
2163		9.068750
2164		9.187500
2165		8.831250
2166		8.800000
2167		8.856250
2168		8.831250
2169		8.681250
2170		8.887500
2171		8.768750
2172		8.831250
2173		8.356250
2174		8.293750
2175		8.387500
2176		8.150000
2177		8.150000
2178		7.850000
2179		7.675000
2180		7.437500
2181		7.256250
2182		7.168750
2183		7.112500
2184		7.112500
2185		6.875000
2186		6.456250
2187		6.487500
2188		6.550000
2189		6.281250
2190		6.075000
2191		5.981250
2192		5.568750
2193		5.512500
2194		5.537500
2195		5.481250
2196		5.331250
2197		5.181250
2198		4.975000
2199		5.243750
2200		4.737500
2201		4.712500
2202		4.618750
2203		4.887500
2204		4.768750
2205		4.825000
2206		4.593750
2207		4.618750
2208		4.918750
2209		4.593750
2210		4.475000
2211		4.593750
2212		4.531250
2213		4.475000
2214		4.325000
2215		4.531250
2216		4.237500
2217		4.593750
2218		4.356250
2219		4.443750
2220		4.500000
2221		4.237500
2222		4.325000
2223		4.262500
2224		4.087500
2225		4.143750
2226		4.118750
2227		4.143750
2228		4.325000
2229		4.262500
2230		4.143750
2231		4.381250
2232		4.293750
2233		4.293750
2234		4.325000
2235		4.025000
2236		4.143750
2237		4.237500
2238		4.293750
2239		4.712500
2240		4.562500
2241		4.825000
2242		4.531250
2243		4.412500
2244		4.681250
2245		4.825000
2246		4.975000
2247		4.825000
2248		4.825000
2249		4.825000
2250		5.331250
2251		4.943750
2252		5.243750
2253		4.918750
2254		4.975000
2255		5.418750
2256		4.768750
2257		5.093750
2258		5.037500
2259		5.243750
2260		4.918750
2261		5.181250
2262		5.006250
2263		5.093750
2264		4.593750
2265		4.712500
2266		4.856250
2267		4.593750
2268		4.593750
2269		4.593750
2270		4.500000
2271		4.356250
2272		4.025000
2273		4.381250
2274		4.118750
2275		4.025000
2276		3.793750
2277		3.937500
2278		3.850000
2279		3.581250
2280		4.087500
2281		3.906250
2282		3.581250
2283		3.731250
2284		3.581250
2285		3.556250
2286		3.287500
2287		3.556250
2288		3.406250
2289		3.731250
2290		3.906250
2291		3.700000
2292		3.793750
2293		4.025000
2294		4.025000
2295		3.850000
2296		3.937500
2297		4.025000
2298		4.381250
2299		4.381250
2300		4.237500
2301		4.475000
2302		4.356250
2303		4.681250
2304		4.825000
2305		4.887500
2306		4.887500
2307		4.800000
2308		4.975000
2309		5.181250
2310		5.331250
2311		5.393750
2312		5.537500
2313		5.393750
2314		5.156250
2315		5.568750
2316		5.037500
2317		5.600000
2318		5.656250
2319		5.362500
2320		5.656250
2321		5.775000
2322		5.743750
2323		5.956250
2324		5.925000
2325		6.193750
2326		6.193750
2327		6.312500
2328		6.012500
2329		6.337500
2330		6.162500
2331		6.075000
2332		6.431250
2333		6.250000
2334		6.550000
2335		6.575000
2336		6.400000
2337		6.368750
2338		6.312500
2339		6.662500
2340		6.456250
2341		6.550000
2342		6.518750
2343		6.693750
2344		6.550000
2345		6.312500
2346		6.606250
2347		6.456250
2348		6.575000
2349		6.456250
2350		6.518750
2351		6.518750
2352		6.518750
2353		6.312500
2354		6.012500
2355		6.250000
2356		6.250000
2357		6.012500
2358		5.656250
2359		5.718750
2360		5.775000
2361		5.481250
2362		5.837500
2363		5.743750
2364		5.331250
2365		5.093750
2366		5.006250
2367		5.093750
2368		4.593750
2369		4.768750
2370		4.593750
2371		4.531250
2372		4.293750
2373		4.412500
2374		4.237500
2375		4.175000
2376		4.293750
2377		4.443750
2378		4.025000
2379		4.237500
2380		3.937500
2381		4.025000
2382		3.881250
2383		3.906250
2384		3.881250
2385		3.793750
2386		3.762500
2387		3.700000
2388		3.793750
2389		3.906250
2390		3.762500
2391		4.056250
2392		3.700000
2393		3.850000
2394		3.793750
2395		4.175000
2396		3.850000
2397		4.087500
2398		4.175000
2399		4.000000
2400		3.762500
2401		3.850000
2402		3.937500
2403		4.237500
2404		3.850000
2405		3.881250
2406		4.000000
2407		3.881250
2408		3.937500
2409		3.881250
2410		4.237500
2411		4.056250
2412		4.087500
2413		3.793750
2414		4.356250
2415		4.056250
2416		4.293750
2417		4.143750
2418		4.025000
2419		4.025000
2420		4.293750
2421		4.325000
2422		4.025000
2423		4.681250
2424		4.381250
2425		4.737500
2426		4.593750
2427		4.975000
2428		4.825000
2429		4.856250
2430		5.243750
2431		5.062500
2432		5.331250
2433		5.212500
2434		5.156250
2435		5.418750
2436		5.481250
2437		5.450000
2438		5.481250
2439		5.275000
2440		5.656250
2441		5.600000
2442		6.012500
2443		5.631250
2444		5.862500
2445		5.450000
2446		5.718750
2447		5.862500
2448		5.806250
2449		5.656250
2450		5.862500
2451		6.012500
2452		5.806250
2453		5.537500
2454		5.837500
2455		5.862500
2456		5.775000
2457		5.775000
2458		5.687500
2459		6.075000
2460		5.775000
2461		6.218750
2462		5.862500
2463		5.981250
2464		6.281250
2465		6.043750
2466		5.956250
2467		5.568750
2468		5.806250
2469		5.775000
2470		5.537500
2471		5.862500
2472		5.718750
2473		5.837500
2474		5.568750
2475		5.893750
2476		5.631250
2477		5.718750
2478		5.568750
2479		5.631250
2480		5.362500
2481		5.718750
2482		5.631250
2483		5.418750
2484		5.631250
2485		5.481250
2486		5.862500
2487		5.481250
2488		5.687500
2489		6.012500
2490		5.775000
2491		5.743750
2492		5.718750
2493		5.925000
2494		5.837500
2495		5.862500
2496		5.893750
2497		5.481250
2498		5.956250
2499		5.862500
2500		5.718750
2501		5.718750
2502		5.743750
2503		5.718750
2504		5.331250
2505		5.806250
2506		5.568750
2507		5.418750
2508		5.212500
2509		5.212500
2510		5.418750
2511		5.212500
2512		5.125000
2513		4.918750
2514		4.768750
2515		5.181250
2516		5.062500
2517		4.768750
2518		4.887500
2519		4.825000
2520		4.593750
2521		4.825000
2522		4.918750
2523		4.681250
2524		4.825000
2525		4.443750
2526		4.650000
2527		4.618750
2528		4.443750
2529		4.381250
2530		4.325000
2531		4.531250
2532		4.293750
2533		4.443750
2534		4.118750
2535		4.087500
2536		4.143750
2537		4.237500
2538		4.025000
2539		4.143750
2540		4.025000
2541		4.237500
2542		4.206250
2543		4.237500
2544		4.056250
2545		3.850000
2546		4.143750
2547		3.906250
2548		3.937500
2549		3.643750
2550		3.818750
2551		3.731250
2552		3.937500
2553		3.793750
2554		3.731250
2555		3.525000
2556		3.643750
2557		3.793750
2558		3.643750
2559		3.343750
2560		3.731250
2561		3.581250
2562		3.493750
2563		3.612500
2564		3.256250
2565		3.437500
2566		3.437500
2567		3.256250
2568		3.556250
2569		3.106250
2570		2.900000
2571		3.200000
2572		3.081250
2573		3.343750
2574		3.287500
2575		3.525000
2576		3.581250
2577		3.581250
2578		3.612500
2579		3.343750
2580		3.818750
2581		3.318750
2582		3.700000
2583		3.612500
2584		3.850000
2585		3.700000
2586		3.525000
2587		3.937500
2588		3.675000
2589		4.056250
2590		4.143750
2591		4.056250
2592		4.237500
2593		4.593750
2594		4.856250
2595		4.593750
2596		4.443750
2597		4.681250
2598		4.443750
2599		4.681250
2600		4.712500
2601		4.856250
2602		5.181250
2603		5.037500
2604		4.800000
2605		4.825000
2606		4.887500
2607		4.856250
2608		5.037500
2609		4.887500
2610		5.212500
2611		5.062500
2612		4.975000
2613		5.393750
2614		5.212500
2615		5.275000
2616		5.331250
2617		5.125000
2618		5.125000
2619		5.037500
2620		5.331250
2621		5.212500
2622		5.481250
2623		5.181250
2624		5.275000
2625		5.512500
2626		5.362500
2627		5.418750
2628		5.512500
2629		5.537500
2630		5.331250
2631		5.512500
2632		5.537500
2633		5.512500
2634		5.418750
2635		5.331250
2636		5.568750
2637		5.275000
2638		5.718750
2639		5.481250
2640		5.393750
2641		5.568750
2642		5.537500
2643		5.631250
2644		5.418750
2645		5.656250
2646		5.656250
2647		5.837500
2648		5.512500
2649		5.125000
2650		5.893750
2651		5.568750
2652		5.362500
2653		5.362500
2654		5.331250
2655		5.362500
2656		5.331250
2657		5.362500
2658		5.300000
2659		5.362500
2660		5.481250
2661		5.275000
2662		5.481250
2663		5.181250
2664		5.243750
2665		5.212500
2666		5.275000
2667		5.331250
2668		5.093750
2669		5.125000
2670		4.618750
2671		5.156250
2672		5.125000
2673		4.918750
2674		4.887500
2675		4.825000
2676		4.887500
2677		4.531250
2678		5.125000
2679		4.737500
2680		4.593750
2681		4.531250
2682		4.712500
2683		4.681250
2684		4.500000
2685		4.531250
2686		4.618750
2687		4.681250
2688		4.443750
2689		4.531250
2690		4.325000
2691		4.293750
2692		4.443750
2693		4.475000
2694		4.056250
2695		4.681250
2696		4.325000
2697		4.475000
2698		4.025000
2699		4.381250
2700		4.143750
2701		4.262500
2702		4.056250
2703		4.056250
2704		4.143750
2705		3.937500
2706		4.000000
2707		3.675000
2708		3.793750
2709		3.437500
2710		3.581250
2711		3.318750
2712		3.731250
2713		3.256250
2714		3.493750
2715		3.406250
2716		3.406250
2717		3.343750
2718		3.375000
2719		3.081250
2720		3.137500
2721		2.900000
2722		2.812500
2723		2.812500
2724		2.637500
2725		2.812500
2726		2.781250
2727		2.543750
2728		2.756250
2729		2.756250
2730		2.606250
2731		2.400000
2732		2.756250
2733		2.368750
2734		2.693750
2735		2.606250
2736		2.518750
2737		2.693750
2738		2.543750
2739		2.693750
2740		2.756250
2741		3.200000
2742		2.868750
2743		2.900000
2744		3.018750
2745		3.081250
2746		3.168750
2747		3.437500
2748		3.225000
2749		3.437500
2750		3.818750
2751		3.731250
2752		3.850000
2753		3.493750
2754		4.175000
2755		3.906250
2756		4.325000
2757		4.143750
2758		4.087500
2759		4.325000
2760		4.356250
2761		4.262500
2762		4.356250
2763		4.325000
2764		4.356250
2765		4.768750
2766		4.293750
2767		4.500000
2768		4.325000
2769		4.443750
2770		4.593750
2771		4.500000
2772		4.443750
2773		4.562500
2774		4.325000
2775		4.356250
2776		4.356250
2777		4.443750
2778		4.443750
2779		4.650000
2780		4.825000
2781		4.650000
2782		4.650000
2783		5.037500
2784		4.887500
2785		4.887500
2786		4.825000
2787		4.768750
2788		4.531250
2789		4.825000
2790		4.500000
2791		4.943750
2792		4.825000
2793		4.531250
2794		4.712500
2795		4.475000
2796		4.500000
2797		4.356250
2798		4.262500
2799		4.593750
2800		4.325000
2801		4.381250
2802		3.818750
2803		4.356250
2804		4.025000
2805		4.412500
2806		4.237500
2807		4.293750
2808		4.143750
2809		4.118750
2810		4.475000
2811		4.681250
2812		4.918750
2813		4.737500
2814		5.393750
2815		5.275000
2816		5.481250
2817		5.718750
2818		5.956250
2819		6.218750
2820		6.100000
2821		6.368750
2822		6.575000
2823		6.900000
2824		6.993750
2825		7.556250
2826		7.700000
2827		7.850000
2828		8.506250
2829		8.118750
2830		8.443750
2831		8.650000
2832		8.593750
2833		8.531250
2834		8.831250
2835		8.856250
2836		8.618750
2837		8.887500
2838		8.918750
2839		8.443750
2840		8.618750
2841		8.531250
2842		8.531250
2843		8.475000
2844		8.387500
2845		8.237500
2846		7.850000
2847		8.531250
2848		8.206250
2849		7.700000
2850		7.587500
2851		7.587500
2852		6.993750
2853		7.406250
2854		7.018750
2855		6.218750
2856		7.256250
2857		6.368750
2858		6.043750
2859		6.012500
2860		5.418750
2861		5.537500
2862		5.181250
2863		4.681250
2864		4.618750
2865		4.681250
2866		3.937500
2867		4.000000
2868		3.556250
2869		3.200000
2870		3.081250
2871		3.200000
2872		2.400000
2873		2.218750
2874		2.100000
2875		2.131250
2876		1.775000
2877		1.537500
2878		1.481250
2879		1.150000
2880		1.687500
2881		1.243750
2882		1.331250
2883		0.975000
2884		0.825000
2885		0.887500
2886		0.350000
2887		0.800000
2888		0.650000
2889		0.768750
2890		0.650000
2891		0.650000
2892		0.706250
2893		0.650000
2894		0.856250
2895		0.737500
2896		1.181250
2897		1.212500
2898		1.181250
2899		1.181250
2900		1.031250
2901		1.418750
2902		1.418750
2903		1.387500
2904		1.331250
2905		1.506250
2906		1.656250
2907		1.537500
2908		1.300000
2909		1.718750
2910		1.362500
2911		1.743750
2912		1.656250
2913		1.718750
2914		1.568750
2915		1.718750
2916		1.775000
2917		1.687500
2918		1.862500
2919		1.656250
2920		1.656250
2921		1.331250
2922		1.418750
2923		1.687500
2924		1.481250
2925		1.300000
2926		1.268750
2927		1.481250
2928		1.181250
2929		1.125000
2930		1.331250
2931		1.656250
2932		1.268750
2933		1.331250
2934		1.331250
2935		1.718750
2936		1.387500
2937		1.568750
2938		1.718750
2939		1.656250
2940		1.718750
2941		2.306250
2942		2.100000
2943		2.068750
2944		2.218750
2945		2.606250
2946		2.756250
2947		3.081250
2948		3.318750
2949		3.493750
2950		3.343750
2951		3.700000
2952		4.175000
2953		4.262500
2954		4.237500
2955		4.618750
2956		5.037500
2957		5.181250
2958		5.331250
2959		5.275000
2960		5.806250
2961		5.631250
2962		5.925000
2963		6.075000
2964		6.431250
2965		6.812500
2966		6.993750
2967		6.662500
2968		7.137500
2969		7.050000
2970		6.962500
2971		7.437500
2972		7.018750
2973		7.137500
2974		7.318750
2975		7.137500
2976		7.587500
2977		7.287500
2978		7.556250
2979		7.287500
2980		7.231250
2981		7.468750
2982		7.112500
2983		7.050000
2984		6.931250
2985		7.018750
2986		6.843750
2987		6.812500
2988		6.400000
2989		6.606250
2990		6.368750
2991		6.012500
2992		5.956250
2993		5.862500
2994		5.718750
2995		5.862500
2996		5.837500
2997		5.568750
2998		5.718750
2999		5.481250
3000		5.393750
3001		5.181250
3002		5.212500
3003		5.450000
3004		5.362500
3005		5.125000
3006		5.181250
3007		5.300000
3008		5.006250
3009		4.768750
3010		4.593750
3011		4.825000
3012		4.381250
3013		4.475000
3014		4.593750
3015		3.906250
3016		4.443750
3017		4.237500
3018		4.175000
3019		4.025000
3020		4.175000
3021		3.700000
3022		3.906250
3023		3.375000
3024		3.318750
3025		3.256250
3026		3.375000
3027		3.225000
3028		2.987500
3029		3.200000
3030		2.693750
3031		3.050000
3032		2.637500
3033		2.306250
3034		2.012500
3035		2.368750
3036		2.368750
3037		2.068750
3038		1.625000
3039		1.862500
3040		1.718750
3041		1.656250
3042		1.031250
3043		1.387500
3044		1.450000
3045		1.125000
3046		1.331250
3047		0.943750
3048		1.062500
3049		0.975000
3050		0.562500
3051		0.768750
3052		0.412500
3053		0.325000
3054		-0.118750
3055		0.175000
3056		-0.062500
3057		-0.062500
3058		-0.212500
3059		-0.656250
3060		-0.506250
3061		-0.712500
3062		-0.656250
3063		-0.893750
3064		-0.475000
3065		-0.475000
3066		-0.950000
3067		-1.068750
3068		-1.156250
3069		-0.925000
3070		-0.743750
3071		-0.893750
3072		-0.806250
3073		-0.831250
3074		-0.893750
3075		-0.950000
3076		-1.487500
3077		-1.068750
3078		-0.893750
3079		-1.037500
3080		-0.950000
3081		-0.862500
3082		-0.506250
3083		-0.537500
3084		-0.506250
3085		-0.506250
3086		-0.300000
3087		-0.268750
3088		0.087500
3089		0.000000
3090		0.025000
3091		0.412500
3092		0.587500
3093		0.531250
3094		0.768750
3095		0.856250
3096		0.825000
3097		1.331250
3098		1.600000
3099		1.568750
3100		2.131250
3101		2.131250
3102		2.100000
3103		2.400000
3104		2.575000
3105		2.812500
3106		2.693750
3107		2.962500
3108		2.843750
3109		2.962500
3110		2.987500
3111		3.318750
3112		3.493750
3113		2.962500
3114		3.256250
3115		3.437500
3116		3.462500
3117		3.643750
3118		3.225000
3119		3.343750
3120		2.756250
3121		3.137500
3122		2.812500
3123		3.106250
3124		2.931250
3125		2.931250
3126		2.425000
3127		2.400000
3128		2.368750
3129		2.400000
3130		2.218750
3131		2.100000
3132		2.012500
3133		1.950000
3134		2.100000
3135		1.862500
3136		1.506250
3137		1.687500
3138		1.387500
3139		1.481250
3140		1.481250
3141		1.362500
3142		1.362500
3143		1.125000
3144		1.181250
3145		1.243750
3146		1.150000
3147		1.300000
3148		1.031250
3149		1.418750
3150		1.418750
3151		1.481250
3152		1.450000
3153		1.625000
3154		1.568750
3155		1.775000
3156		1.743750
3157		1.806250
3158		1.656250
3159		2.043750
3160		1.806250
3161		2.218750
3162		2.306250
3163		2.400000
3164		2.012500
3165		2.425000
3166		1.981250
3167		2.456250
3168		2.693750
3169		2.543750
3170		2.662500
3171		2.637500
3172		2.900000
3173		2.606250
3174		2.518750
3175		2.606250
3176		2.487500
3177		2.400000
3178		2.518750
3179		2.400000
3180		2.543750
3181		2.187500
3182		2.368750
3183		2.068750
3184		2.425000
3185		1.893750
3186		2.012500
3187		2.162500
3188		1.806250
3189		1.837500
3190		1.568750
3191		1.687500
3192		1.418750
3193		1.268750
3194		1.331250
3195		0.800000
3196		1.031250
3197		0.650000
3198		0.706250
3199		0.587500
3200		0.443750
3201		0.325000
3202		0.262500
3203		0.025000
3204		-0.268750
3205		-0.268750
3206		-0.418750
3207		-0.387500
3208		-0.537500
3209		-0.806250
3210		-0.593750
3211		-1.187500
3212		-1.337500
3213		-1.306250
3214		-1.337500
3215		-1.543750
3216		-1.337500
3217		-1.843750
3218		-1.956250
3219		-2.018750
3220		-1.900000
3221		-2.075000
3222		-2.168750
3223		-2.225000
3224		-2.431250
3225		-2.406250
3226		-2.612500
3227		-2.375000
3228		-2.668750
3229		-2.937500
3230		-2.700000
3231		-2.550000
3232		-2.850000
3233		-2.875000
3234		-2.875000
3235		-3.325000
3236		-2.906250
3237		-2.818750
3238		-2.993750
3239		-2.968750
3240		-2.937500
3241		-3.262500
3242		-2.581250
3243		-3.112500
3244		-2.643750
3245		-2.431250
3246		-2.493750
3247		-2.462500
3248		-2.137500
3249		-2.643750
3250		-2.343750
3251		-2.431250
3252		-2.287500
3253		-2.525000
3254		-2.668750
3255		-2.287500
3256		-2.256250
3257		-2.612500
3258		-2.343750
3259		-2.875000
3260		-1.662500
3261		-2.550000
3262		-2.375000
3263		-2.731250
3264		-2.787500
3265		-2.643750
3266		-2.612500
3267		-2.700000
3268		-2.968750
3269		-3.087500
3270		-3.112500
3271		-2.875000
3272		-3.562500
3273		-3.443750
3274		-3.262500
3275		-3.562500
3276		-3.618750
3277		-3.500000
3278		-3.768750
3279		-3.856250
3280		-3.531250
3281		-4.243750
3282		-3.912500
3283		-3.975000
3284		-4.093750
3285		-4.125000
3286		-4.006250
3287		-4.006250
3288		-4.006250
3289		-4.150000
3290		-3.825000
3291		-4.062500
3292		-3.562500
3293		-4.062500
3294		-3.618750
3295		-3.618750
3296		-3.468750
3297		-3.112500
3298		-3.262500
3299		-3.087500
3300		-2.968750
3301		-2.525000
3302		-2.875000
3303		-3.087500
3304		-2.225000
3305		-2.050000
3306		-2.137500
3307		-2.018750
3308		-1.337500
3309		-1.631250
3310		-1.606250
3311		-1.487500
3312		-0.950000
3313		-1.368750
3314		-1.368750
3315		-0.950000
3316		-1.037500
3317		-1.100000
3318		-0.568750
3319		-0.625000
3320		-0.268750
3321		-0.506250
3322		-0.118750
3323		-0.181250
3324		-0.568750
3325		-0.212500
3326		-0.568750
3327		-0.062500
3328		-0.181250
3329		-0.356250
3330		-0.568750
3331		-0.537500
3332		-0.656250
3333		-0.806250
3334		-0.625000
3335		-0.862500
3336		-1.100000
3337		-0.950000
3338		-1.156250
3339		-1.012500
3340		-1.218750
3341		-1.487500
3342		-1.456250
3343		-1.425000
3344		-1.725000
3345		-1.900000
3346		-1.843750
3347		-1.987500
3348		-1.868750
3349		-2.018750
3350		-2.075000
3351		-1.987500
3352		-2.287500
3353		-2.375000
3354		-2.225000
3355		-2.462500
3356		-2.493750
3357		-2.787500
3358		-2.612500
3359		-2.818750
3360		-2.762500
3361		-2.993750
3362		-2.818750
3363		-3.206250
3364		-3.531250
3365		-3.293750
3366		-3.412500
3367		-3.587500
3368		-3.618750
3369		-3.381250
3370		-3.706250
3371		-3.681250
3372		-3.681250
3373		-4.150000
3374		-3.618750
3375		-3.706250
3376		-4.006250
3377		-3.887500
3378		-4.125000
3379		-4.418750
3380		-4.181250
3381		-3.856250
3382		-4.300000
3383		-4.093750
3384		-4.331250
3385		-4.268750
3386		-4.450000
3387		-4.268750
3388		-4.831250
3389		-4.981250
3390		-4.718750
3391		-4.687500
3392		-4.925000
3393		-4.656250
3394		-5.187500
3395		-5.131250
3396		-5.487500
3397		-5.162500
3398		-5.543750
3399		-5.781250
3400		-5.781250
3401		-6.018750
3402		-6.137500
3403		-6.106250
3404		-6.168750
3405		-6.406250
3406		-6.493750
3407		-6.525000
3408		-6.668750
3409		-7.118750
3410		-6.937500
3411		-7.175000
3412		-7.175000
3413		-7.681250
3414		-7.175000
3415		-7.975000
3416		-7.737500
3417		-8.006250
3418		-8.156250
3419		-8.062500
3420		-8.181250
3421		-8.156250
3422		-8.331250
3423		-8.362500
3424		-8.925000
3425		-8.656250
3426		-8.862500
3427		-8.893750
3428		-8.806250
3429		-9.162500
3430		-9.100000
3431		-8.956250
3432		-9.250000
3433		-9.162500
3434		-9.193750
3435		-9.218750
3436		-8.893750
3437		-8.981250
3438		-9.043750
3439		-8.862500
3440		-8.862500
3441		-8.743750
3442		-8.718750
3443		-8.481250
3444		-8.037500
3445		-8.512500
3446		-7.706250
3447		-7.975000
3448		-7.681250
3449		-7.768750
3450		-7.562500
3451		-7.531250
3452		-7.206250
3453		-7.000000
3454		-6.906250
3455		-6.881250
3456		-6.375000
3457		-6.375000
3458		-6.493750
3459		-6.050000
3460		-5.750000
3461		-5.693750
3462		-5.868750
3463		-5.843750
3464		-5.693750
3465		-5.218750
3466		-5.750000
3467		-5.487500
3468		-5.425000
3469		-5.400000
3470		-5.100000
3471		-5.250000
3472		-5.337500
3473		-5.425000
3474		-5.162500
3475		-5.218750
3476		-5.250000
3477		-5.043750
3478		-5.425000
3479		-5.543750
3480		-5.637500
3481		-5.425000
3482		-5.812500
3483		-5.662500
3484		-6.018750
3485		-5.781250
3486		-6.018750
3487		-6.406250
3488		-6.343750
3489		-6.556250
3490		-6.906250
3491		-6.762500
3492		-6.818750
3493		-6.968750
3494		-7.118750
3495		-6.881250
3496		-7.412500
3497		-7.325000
3498		-7.500000
3499		-7.800000
3500		-7.500000
3501		-7.918750
3502		-7.800000
3503		-7.918750
3504		-8.156250
3505		-7.943750
3506		-7.587500
3507		-7.800000
3508		-7.800000
3509		-7.768750
3510		-7.706250
3511		-7.706250
3512		-7.587500
3513		-7.531250
3514		-7.531250
3515		-7.618750
3516		-7.618750
3517		-7.562500
3518		-7.737500
3519		-7.475000
3520		-7.562500
3521		-7.531250
3522		-7.531250
3523		-7.562500
3524		-7.356250
3525		-7.443750
3526		-7.175000
3527		-7.381250
3528		-7.618750
3529		-7.618750
3530		-7.706250
3531		-7.587500
3532		-8.093750
3533		-7.887500
3534		-8.212500
3535		-8.362500
3536		-8.656250
3537		-8.656250
3538		-8.893750
3539		-9.193750
3540		-8.775000
3541		-8.956250
3542		-9.812500
3543		-9.637500
3544		-9.637500
3545		-9.993750
3546		-10.050000
3547		-10.168750
3548		-10.493750
3549		-10.581250
3550		-11.031250
3551		-10.968750
3552		-10.937500
3553		-11.087500
3554		-11.293750
3555		-11.531250
3556		-11.325000
3557		-11.562500
3558		-11.768750
3559		-11.562500
3560		-11.531250
3561		-12.068750
3562		-12.187500
3563		-12.037500
3564		-12.068750
3565		-12.275000
3566		-12.006250
3567		-12.156250
3568		-12.687500
3569		-12.750000
3570		-12.750000
3571		-12.537500
3572		-12.187500
3573		-12.718750
3574		-12.656250
3575		-12.600000
3576		-12.750000
3577		-12.450000
3578		-12.750000
3579		-12.718750
3580		-12.806250
3581		-12.837500
3582		-12.956250
3583		-12.687500
3584		-12.868750
3585		-12.631250
3586		-12.537500
3587		-12.481250
3588		-12.243750
3589		-12.125000
3590		-11.975000
3591		-11.918750
3592		-11.293750
3593		-11.681250
3594		-11.593750
3595		-11.175000
3596		-10.968750
3597		-10.968750
3598		-10.793750
3599		-10.762500
3600		-10.375000
3601		-10.350000
3602		-10.018750
3603		-10.112500
3604		-9.900000
3605		-9.693750
3606		-9.637500
3607		-9.456250
3608		-9.043750
3609		-9.312500
3610		-8.893750
3611		-8.743750
3612		-8.743750
3613		-8.893750
3614		-8.743750
3615		-8.687500
3616		-8.956250
3617		-8.743750
3618		-8.893750
3619		-9.193750
3620		-9.312500
3621		-9.756250
3622		-9.100000
3623		-9.337500
3624		-9.693750
3625		-10.231250
3626		-10.112500
3627		-10.287500
3628		-10.525000
3629		-10.643750
3630		-10.850000
3631		-11.056250
3632		-11.150000
3633		-11.531250
3634		-11.918750
3635		-11.856250
3636		-11.856250
3637		-12.156250
3638		-12.212500
3639		-12.481250
3640		-12.156250
3641		-12.275000
3642		-12.212500
3643		-12.156250
3644		-11.975000
3645		-12.212500
3646		-12.037500
3647		-11.975000
3648		-11.856250
3649		-11.918750
3650		-11.712500
3651		-11.475000
3652		-11.118750
3653		-11.150000
3654		-10.818750
3655		-10.462500
3656		-10.581250
3657		-10.350000
3658		-9.693750
3659		-9.693750
3660		-9.637500
3661		-9.193750
3662		-9.162500
3663		-8.981250
3664		-8.600000
3665		-8.568750
3666		-8.181250
3667		-8.212500
3668		-8.450000
3669		-8.212500
3670		-8.006250
3671		-8.362500
3672		-8.212500
3673		-8.037500
3674		-8.243750
3675		-8.450000
3676		-8.062500
3677		-8.450000
3678		-8.718750
3679		-9.043750
3680		-9.162500
3681		-9.250000
3682		-9.606250
3683		-9.281250
3684		-9.931250
3685		-9.756250
3686		-10.437500
3687		-10.612500
3688		-10.437500
3689		-11.087500
3690		-10.912500
3691		-11.237500
3692		-11.293750
3693		-11.356250
3694		-11.500000
3695		-11.618750
3696		-11.412500
3697		-11.237500
3698		-11.650000
3699		-11.475000
3700		-11.293750
3701		-10.968750
3702		-11.175000
3703		-10.675000
3704		-10.731250
3705		-10.525000
3706		-10.643750
3707		-10.375000
3708		-10.256250
3709		-10.200000
3710		-9.875000
3711		-10.050000
3712		-10.318750
3713		-10.050000
3714		-10.018750
3715		-10.050000
3716		-10.231250
3717		-10.493750
3718		-10.437500
3719		-10.493750
3720		-10.937500
3721		-10.881250
3722		-11.087500
3723		-11.356250
3724		-11.562500
3725		-11.593750
3726		-12.125000
3727		-11.831250
3728		-12.187500
3729		-12.243750
3730		-12.393750
3731		-12.068750
3732		-12.481250
3733		-12.568750
3734		-12.481250
3735		-12.512500
3736		-12.362500
3737		-12.212500
3738		-12.331250
3739		-11.712500
3740		-12.156250
3741		-11.650000
3742		-11.950000
3743		-11.681250
3744		-11.325000
3745		-11.500000
3746		-11.500000
3747		-11.531250
3748		-11.856250
3749		-12.156250
3750		-12.481250
3751		-12.306250
3752		-12.718750
3753		-12.806250
3754		-13.518750
3755		-14.081250
3756		-14.143750
3757		-15.118750
3758		-15.150000
3759		-15.625000
3760		-15.918750
3761		-16.481251
3762		-16.924999
3763		-17.018749
3764		-17.106251
3765		-17.606251
3766		-17.756250
3767		-17.756250
3768		-17.843750
3769		-18.049999
3770		-18.200001
3771		-18.025000
3772		-18.112499
3773		-18.081249
3774		-17.725000
3775		-17.725000
3776		-17.725000
3777		-17.400000
3778		-17.162500
3779		-16.750000
3780		-16.868750
3781		-16.450001
3782		-16.393749
3783		-15.981250
3784		-15.831250
3785		-15.562500
3786		-15.650000
3787		-14.968750
3788		-15.443750
3789		-15.325000
3790		-15.087500
3791		-14.881250
3792		-14.943750
3793		-14.587500
3794		-14.762500
3795		-14.437500
3796		-14.081250
3797		-14.406250
3798		-14.168750
3799		-14.256250
3800		-13.843750
3801		-14.143750
3802		-13.487500
3803		-13.637500
3804		-13.193750
3805		-13.250000
3806		-13.131250
3807		-12.275000
3808		-12.656250
3809		-11.975000
3810		-11.950000
3811		-11.768750
3812		-11.475000
3813		-11.356250
3814		-11.206250
3815		-10.937500
3816		-10.881250
3817		-10.643750
3818		-10.793750
3819		-10.112500
3820		-10.137500
3821		-10.168750
3822		-10.050000
3823		-10.112500
3824		-9.931250
3825		-9.812500
3826		-9.875000
3827		-9.756250
3828		-9.400000
3829		-10.137500
3830		-9.543750
3831		-9.337500
3832		-9.400000
3833		-9.337500
3834		-9.193750
3835		-8.893750
3836		-8.925000
3837		-8.743750
3838		-8.537500
3839		-8.568750
3840		-8.450000
3841		-7.918750
3842		-8.037500
3843		-7.918750
3844		-7.706250
3845		-7.356250
3846		-7.237500
3847		-7.087500
3848		-6.643750
3849		-6.968750
3850		-6.881250
3851		-6.881250
3852		-6.787500
3853		-6.731250
3854		-6.437500
3855		-6.437500
3856		-6.343750
3857		-6.787500
3858		-6.881250
3859		-6.881250
3860		-6.937500
3861		-6.762500
3862		-6.643750
3863		-6.731250
3864		-6.937500
3865		-6.906250
3866		-6.881250
3867		-7.087500
3868		-7.237500
3869		-7.618750
3870		-7.087500
3871		-7.737500
3872		-7.531250
3873		-7.737500
3874		-8.125000
3875		-8.331250
3876		-8.362500
3877		-8.656250
3878		-9.043750
3879		-8.956250
3880		-9.250000
3881		-9.637500
3882		-9.662500
3883		-10.675000
3884		-10.375000
3885		-10.793750
3886		-11.268750
3887		-11.681250
3888		-12.275000
3889		-12.418750
3890		-13.250000
3891		-13.400000
3892		-13.550000
3893		-13.812500
3894		-14.200000
3895		-14.556250
3896		-14.675000
3897		-15.150000
3898		-15.506250
3899		-15.531250
3900		-15.831250
3901		-15.981250
3902		-16.543751
3903		-16.424999
3904		-16.900000
3905		-16.600000
3906		-16.924999
3907		-16.662500
3908		-16.837500
3909		-17.106251
3910		-16.868750
3911		-17.343750
3912		-16.924999
3913		-16.837500
3914		-16.806250
3915		-16.331249
3916		-16.512501
3917		-16.512501
3918		-16.600000
3919		-16.750000
3920		-16.868750
3921		-16.868750
3922		-16.868750
3923		-16.662500
3924		-16.662500
3925		-16.750000
3926		-16.718750
3927		-16.481251
3928		-16.600000
3929		-16.275000
3930		-16.481251
3931		-16.481251
3932		-16.275000
3933		-16.306250
3934		-15.950000
3935		-15.831250
3936		-15.681250
3937		-15.625000
3938		-15.325000
3939		-15.206250
3940		-14.912500
3941		-14.825000
3942		-14.706250
3943		-14.468750
3944		-14.287500
3945		-13.575000
3946		-13.487500
3947		-13.106250
3948		-12.750000
3949		-12.331250
3950		-12.006250
3951		-11.856250
3952		-11.268750
3953		-10.881250
3954		-10.287500
3955		-10.137500
3956		-9.606250
3957		-9.100000
3958		-8.956250
3959		-8.418750
3960		-8.006250
3961		-7.918750
3962		-7.562500
3963		-6.762500
3964		-6.556250
3965		-6.581250
3966		-6.525000
3967		-6.225000
3968		-5.750000
3969		-5.575000
3970		-5.425000
3971		-5.400000
3972		-5.218750
3973		-5.068750
3974		-5.337500
3975		-5.187500
3976		-5.456250
3977		-5.281250
3978		-5.043750
3979		-5.162500
3980		-4.862500
3981		-5.162500
3982		-5.250000
3983		-4.925000
3984		-5.400000
3985		-5.187500
3986		-5.306250
3987		-5.162500
3988		-4.981250
3989		-5.306250
3990		-5.281250
3991		-5.337500
3992		-5.043750
3993		-5.306250
3994		-5.043750
3995		-5.281250
3996		-5.043750
3997		-5.068750
3998		-5.100000
3999		-5.068750
4000		-5.281250
4001		-5.337500
4002		-5.187500
4003		-5.250000
4004		-5.456250
4005		-5.456250
4006		-5.725000
4007		-5.606250
4008		-5.456250
4009		-5.843750
4010		-6.106250
4011		-6.200000
4012		-6.525000
4013		-6.668750
4014		-6.787500
4015		-7.087500
4016		-7.412500
4017		-7.475000
4018		-7.768750
4019		-7.706250
4020		-7.856250
4021		-8.600000
4022		-8.687500
4023		-8.743750
4024		-9.162500
4025		-9.250000
4026		-9.400000
4027		-9.637500
4028		-9.900000
4029		-10.081250
4030		-10.350000
4031		-10.675000
4032		-10.881250
4033		-10.912500
4034		-10.968750
4035		-11.381250
4036		-11.618750
4037		-11.712500
4038		-12.187500
4039		-12.093750
4040		-12.306250
4041		-12.750000
4042		-12.868750
4043		-13.131250
4044		-13.075000
4045		-13.693750
4046		-13.456250
4047		-13.456250
4048		-13.906250
4049		-13.725000
4050		-14.143750
4051		-14.231250
4052		-13.993750
4053		-14.168750
4054		-14.612500
4055		-14.287500
4056		-14.375000
4057		-14.200000
4058		-14.525000
4059		-14.287500
4060		-14.375000
4061		-14.081250
4062		-14.168750
4063		-13.993750
4064		-13.875000
4065		-14.143750
4066		-13.456250
4067		-13.487500
4068		-13.337500
4069		-13.193750
4070		-12.987500
4071		-13.012500
4072		-12.568750
4073		-12.362500
4074		-12.481250
4075		-11.975000
4076		-11.918750
4077		-11.562500
4078		-11.475000
4079		-11.056250
4080		-11.031250
4081		-10.581250
4082		-10.581250
4083		-10.200000
4084		-9.781250
4085		-9.431250
4086		-9.281250
4087		-8.981250
4088		-8.718750
4089		-8.600000
4090		-8.212500
4091		-8.481250
4092		-7.587500
4093		-7.618750
4094		-7.531250
4095		-7.262500
4096		-6.818750
4097		-6.581250
4098		-6.437500
4099		-6.287500
4100		-5.843750
4101		-5.575000
4102		-5.725000
4103		-5.456250
4104		-4.862500
4105		-4.450000
4106		-4.268750
4107		-4.331250
4108		-4.062500
4109		-3.793750
4110		-3.793750
4111		-3.681250
4112		-3.381250
4113		-3.087500
4114		-3.112500
4115		-3.025000
4116		-2.700000
4117		-2.525000
4118		-2.137500
4119		-1.931250
4120		-1.750000
4121		-1.931250
4122		-1.693750
4123		-1.487500
4124		-1.781250
4125		-1.306250
4126		-1.250000
4127		-1.425000
4128		-1.187500
4129		-0.950000
4130		-1.037500
4131		-1.425000
4132		-0.981250
4133		-1.187500
4134		-1.131250
4135		-1.037500
4136		-1.131250
4137		-1.250000
4138		-1.250000
4139		-1.250000
4140		-1.368750
4141		-1.337500
4142		-1.306250
4143		-1.750000
4144		-1.487500
4145		-1.750000
4146		-1.812500
4147		-2.050000
4148		-2.137500
4149		-2.075000
4150		-2.375000
4151		-1.868750
4152		-2.343750
4153		-2.431250
4154		-2.700000
4155		-2.668750
4156		-2.525000
4157		-2.550000
4158		-2.668750
4159		-2.731250
4160		-2.787500
4161		-2.850000
4162		-3.087500
4163		-3.143750
4164		-3.087500
4165		-2.968750
4166		-2.937500
4167		-3.231250
4168		-3.381250
4169		-3.231250
4170		-3.468750
4171		-3.412500
4172		-3.562500
4173		-3.856250
4174		-3.887500
4175		-4.300000
4176		-4.268750
4177		-4.418750
4178		-4.506250
4179		-4.506250
4180		-4.687500
4181		-4.625000
4182		-4.806250
4183		-5.162500
4184		-5.250000
4185		-5.337500
4186		-5.306250
4187		-5.868750
4188		-5.606250
4189		-5.637500
4190		-5.900000
4191		-6.225000
4192		-6.256250
4193		-6.406250
4194		-6.287500
4195		-6.375000
4196		-6.375000
4197		-6.643750
4198		-6.581250
4199		-6.731250
4200		-6.643750
4201		-6.668750
4202		-6.968750
4203		-6.818750
4204		-6.731250
4205		-6.850000
4206		-7.000000
4207		-6.850000
4208		-6.968750
4209		-7.056250
4210		-6.818750
4211		-7.206250
4212		-6.731250
4213		-6.881250
4214		-6.375000
4215		-6.581250
4216		-6.225000
4217		-6.225000
4218		-5.987500
4219		-5.725000
4220		-6.050000
4221		-5.456250
4222		-5.637500
4223		-5.425000
4224		-5.306250
4225		-5.187500
4226		-5.100000
4227		-4.925000
4228		-4.950000
4229		-4.893750
4230		-4.806250
4231		-4.450000
4232		-4.331250
4233		-4.212500
4234		-3.887500
4235		-3.856250
4236		-3.468750
4237		-3.262500
4238		-3.025000
4239		-3.112500
4240		-2.731250
4241		-2.875000
4242		-2.462500
4243		-2.581250
4244		-2.193750
4245		-1.987500
4246		-1.931250
4247		-1.750000
4248		-1.575000
4249		-1.512500
4250		-1.187500
4251		-1.337500
4252		-1.037500
4253		-0.925000
4254		-0.806250
4255		-0.593750
4256		-0.625000
4257		-0.687500
4258		-0.268750
4259		-0.331250
4260		-0.450000
4261		-0.506250
4262		-0.656250
4263		-0.743750
4264		-0.237500
4265		-0.625000
4266		-0.387500
4267		-0.418750
4268		-0.356250
4269		-0.743750
4270		-0.593750
4271		-0.806250
4272		-1.156250
4273		-1.012500
4274		-1.156250
4275		-0.893750
4276		-1.306250
4277		-1.337500
4278		-1.512500
4279		-1.900000
4280		-1.750000
4281		-1.750000
4282		-1.900000
4283		-2.137500
4284		-1.931250
4285		-2.312500
4286		-2.493750
4287		-2.668750
4288		-2.906250
4289		-2.762500
4290		-2.850000
4291		-3.231250
4292		-2.968750
4293		-3.381250
4294		-3.231250
4295		-3.562500
4296		-3.681250
4297		-4.062500
4298		-4.031250
4299		-3.912500
4300		-4.481250
4301		-4.031250
4302		-4.362500
4303		-4.481250
4304		-4.656250
4305		-4.687500
4306		-4.831250
4307		-5.187500
4308		-4.950000
4309		-5.187500
4310		-5.400000
4311		-4.925000
4312		-5.368750
4313		-5.487500
4314		-5.518750
4315		-5.400000
4316		-5.306250
4317		-5.543750
4318		-5.100000
4319		-5.162500
4320		-4.950000
4321		-5.012500
4322		-4.743750
4323		-4.775000
4324		-4.743750
4325		-4.450000
4326		-4.450000
4327		-4.031250
4328		-3.856250
4329		-3.706250
4330		-3.531250
4331		-3.825000
4332		-3.112500
4333		-3.206250
4334		-2.818750
4335		-2.700000
4336		-2.731250
4337		-2.462500
4338		-2.818750
4339		-2.225000
4340		-1.843750
4341		-2.193750
4342		-2.287500
4343		-1.750000
4344		-1.987500
4345		-1.987500
4346		-1.631250
4347		-1.725000
4348		-1.693750
4349		-1.487500
4350		-1.368750
4351		-1.218750
4352		-1.306250
4353		-1.250000
4354		-1.012500
4355		-0.775000
4356		-0.687500
4357		-0.775000
4358		-0.387500
4359		-0.506250
4360		-0.450000
4361		-0.181250
4362		-0.212500
4363		-0.387500
4364		-0.031250
4365		-0.093750
4366		-0.268750
4367		0.143750
4368		-0.181250
4369		0.025000
4370		0.206250
4371		-0.093750
4372		-0.418750
4373		-0.568750
4374		-0.506250
4375		-0.418750
4376		-0.712500
4377		-0.568750
4378		-1.037500
4379		-1.037500
4380		-1.275000
4381		-1.487500
4382		-2.050000
4383		-2.375000
4384		-2.375000
4385		-2.731250
4386		-2.818750
4387		-3.175000
4388		-3.381250
4389		-3.468750
4390		-3.825000
4391		-4.062500
4392		-4.062500
4393		-4.568750
4394		-4.743750
4395		-4.925000
4396		-5.100000
4397		-5.250000
4398		-5.487500
4399		-5.637500
4400		-5.606250
4401		-5.868750
4402		-5.900000
4403		-6.225000
4404		-6.225000
4405		-6.343750
4406		-6.168750
4407		-6.375000
4408		-6.762500
4409		-6.612500
4410		-6.525000
4411		-6.968750
4412		-6.762500
4413		-6.612500
4414		-6.818750
4415		-7.025000
4416		-7.293750
4417		-7.237500
4418		-6.937500
4419		-7.262500
4420		-7.262500
4421		-7.056250
4422		-7.237500
4423		-6.881250
4424		-6.731250
4425		-6.937500
4426		-6.906250
4427		-6.818750
4428		-6.462500
4429		-6.493750
4430		-6.256250
4431		-6.225000
4432		-5.931250
4433		-5.931250
4434		-5.606250
4435		-5.456250
4436		-5.575000
4437		-4.981250
4438		-5.187500
4439		-4.775000
4440		-4.656250
4441		-4.450000
4442		-4.062500
4443		-4.062500
4444		-3.706250
4445		-3.912500
4446		-3.618750
4447		-3.175000
4448		-3.468750
4449		-3.112500
4450		-2.818750
4451		-2.643750
4452		-2.431250
4453		-2.106250
4454		-1.843750
4455		-1.725000
4456		-1.250000
4457		-1.100000
4458		-0.806250
4459		-0.806250
4460		-0.475000
4461		-0.268750
4462		0.000000
4463		0.175000
4464		0.350000
4465		0.412500
4466		0.650000
4467		0.825000
4468		1.062500
4469		1.331250
4470		1.362500
4471		1.743750
4472		1.950000
4473		1.656250
4474		1.718750
4475		1.743750
4476		2.100000
4477		2.043750
4478		2.012500
4479		2.400000
4480		2.068750
4481		2.012500
4482		2.012500
4483		1.950000
4484		2.012500
4485		2.131250
4486		1.806250
4487		1.743750
4488		1.925000
4489		1.625000
4490		1.718750
4491		1.568750
4492		1.600000
4493		1.718750
4494		1.568750
4495		1.093750
4496		1.481250
4497		0.825000
4498		0.975000
4499		0.856250
4500		0.856250
4501		1.181250
4502		1.062500
4503		0.468750
4504		0.531250
4505		0.737500
4506		0.443750
4507		0.531250
4508		0.231250
4509		0.231250
4510		0.175000
4511		-0.150000
4512		0.443750
4513		-0.181250
4514		-0.212500
4515		-0.506250
4516		-0.237500
4517		-0.387500
4518		-0.568750
4519		-0.593750
4520		-0.418750
4521		-0.506250
4522		-0.450000
4523		-0.656250
4524		-0.806250
4525		-0.537500
4526		-0.506250
4527		-0.862500
4528		-1.037500
4529		-0.893750
4530		-0.656250
4531		-1.037500
4532		-0.775000
4533		-0.743750
4534		-1.100000
4535		-1.037500
4536		-0.893750
4537		-1.156250
4538		-1.037500
4539		-1.037500
4540		-1.012500
4541		-1.218750
4542		-1.275000
4543		-1.156250
4544		-1.100000
4545		-1.487500
4546		-1.368750
4547		-1.393750
4548		-1.631250
4549		-1.781250
4550		-1.956250
4551		-2.075000
4552		-1.931250
4553		-2.050000
4554		-1.987500
4555		-2.256250
4556		-2.581250
4557		-2.256250
4558		-2.668750
4559		-2.581250
4560		-2.343750
4561		-2.225000
4562		-2.762500
4563		-2.525000
4564		-2.431250
4565		-2.818750
4566		-2.581250
4567		-2.818750
4568		-2.612500
4569		-2.731250
4570		-2.581250
4571		-2.875000
4572		-2.493750
4573		-2.343750
4574		-2.343750
4575		-2.493750
4576		-2.850000
4577		-2.193750
4578		-2.225000
4579		-2.406250
4580		-2.168750
4581		-2.137500
4582		-1.931250
4583		-2.075000
4584		-1.931250
4585		-2.050000
4586		-1.900000
4587		-1.487500
4588		-1.693750
4589		-1.456250
4590		-1.368750
4591		-1.306250
4592		-1.250000
4593		-1.187500
4594		-1.218750
4595		-1.012500
4596		-0.893750
4597		-0.893750
4598		-0.893750
4599		-0.981250
4600		-1.037500
4601		-0.712500
4602		-0.712500
4603		-0.387500
4604		-0.418750
4605		-0.212500
4606		-0.300000
4607		-0.506250
4608		0.025000
4609		0.293750
4610		0.175000
4611		0.206250
4612		-0.031250
4613		0.500000
4614		0.325000
4615		0.562500
4616		0.531250
4617		0.825000
4618		0.706250
4619		0.800000
4620		0.887500
4621		1.243750
4622		1.331250
4623		1.300000
4624		1.268750
4625		1.362500
4626		1.450000
4627		1.537500
4628		1.687500
4629		1.718750
4630		1.031250
4631		1.656250
4632		1.687500
4633		1.537500
4634		1.418750
4635		1.387500
4636		1.600000
4637		1.125000
4638		1.418750
4639		1.481250
4640		1.181250
4641		1.181250
4642		0.681250
4643		0.943750
4644		0.706250
4645		0.825000
4646		0.531250
4647		0.381250
4648		0.143750
4649		-0.150000
4650		-0.093750
4651		-0.356250
4652		-1.037500
4653		-0.687500
4654		-0.656250
4655		-1.012500
4656		-1.187500
4657		-1.068750
4658		-1.337500
4659		-1.306250
4660		-1.843750
4661		-2.137500
4662		-1.868750
4663		-2.018750
4664		-2.075000
4665		-2.225000
4666		-2.525000
4667		-2.225000
4668		-2.581250
4669		-2.581250
4670		-2.668750
4671		-2.937500
4672		-2.875000
4673		-2.525000
4674		-2.968750
4675		-3.231250
4676		-3.143750
4677		-3.143750
4678		-2.875000
4679		-3.025000
4680		-3.325000
4681		-3.531250
4682		-3.443750
4683		-3.618750
4684		-3.262500
4685		-3.468750
4686		-3.468750
4687		-3.618750
4688		-3.500000
4689		-3.943750
4690		-3.681250
4691		-3.650000
4692		-3.912500
4693		-3.681250
4694		-3.412500
4695		-3.587500
4696		-3.350000
4697		-3.325000
4698		-3.562500
4699		-3.262500
4700		-3.412500
4701		-3.056250
4702		-2.906250
4703		-2.643750
4704		-2.493750
4705		-2.256250
4706		-2.193750
4707		-1.931250
4708		-1.512500
4709		-1.275000
4710		-1.156250
4711		-0.893750
4712		-0.712500
4713		-0.450000
4714		-0.268750
4715		0.175000
4716		0.231250
4717		0.293750
4718		0.943750
4719		0.681250
4720		1.268750
4721		1.125000
4722		1.268750
4723		1.481250
4724		1.418750
4725		1.950000
4726		1.893750
4727		1.862500
4728		1.775000
4729		1.925000
4730		1.837500
4731		1.718750
4732		1.687500
4733		1.481250
4734		1.481250
4735		1.212500
4736		1.062500
4737		0.975000
4738		0.918750
4739		0.975000
4740		0.325000
4741		0.293750
4742		0.143750
4743		-0.181250
4744		-0.418750
4745		-0.475000
4746		-0.450000
4747		-0.806250
4748		-1.012500
4749		-1.187500
4750		-1.512500
4751		-1.275000
4752		-1.306250
4753		-1.306250
4754		-1.368750
4755		-1.306250
4756		-1.337500
4757		-1.218750
4758		-1.606250
4759		-1.337500
4760		-1.187500
4761		-1.368750
4762		-1.487500
4763		-1.131250
4764		-1.250000
4765		-1.337500
4766		-0.862500
4767		-1.068750
4768		-1.156250
4769		-0.806250
4770		-1.068750
4771		-0.775000
4772		-1.100000
4773		-1.100000
4774		-0.925000
4775		-0.831250
4776		-0.593750
4777		-0.150000
4778		-0.300000
4779		0.231250
4780		-0.062500
4781		-0.062500
4782		0.587500
4783		0.412500
4784		0.681250
4785		1.268750
4786		1.268750
4787		1.656250
4788		1.893750
4789		2.400000
4790		2.368750
4791		2.637500
4792		2.725000
4793		3.581250
4794		3.462500
4795		3.731250
4796		3.793750
4797		4.443750
4798		4.475000
4799		4.500000
4800		5.212500
4801		4.825000
4802		5.181250
4803		4.887500
4804		4.918750
4805		5.037500
4806		4.975000
4807		5.181250
4808		4.712500
4809		4.768750
4810		4.325000
4811		3.937500
4812		3.968750
4813		3.731250
4814		3.581250
4815		2.931250
4816		2.812500
4817		2.400000
4818		1.862500
4819		1.481250
4820		1.387500
4821		0.768750
4822		0.231250
4823		0.000000
4824		-0.418750
4825		-0.862500
4826		-1.100000
4827		-1.750000
4828		-1.631250
4829		-2.050000
4830		-2.525000
4831		-2.581250
4832		-2.968750
4833		-3.025000
4834		-3.531250
4835		-3.325000
4836		-3.856250
4837		-3.650000
4838		-3.650000
4839		-3.825000
4840		-3.856250
4841		-3.825000
4842		-3.768750
4843		-4.062500
4844		-3.681250
4845		-3.412500
4846		-3.500000
4847		-3.206250
4848		-3.206250
4849		-2.525000
4850		-2.406250
4851		-2.462500
4852		-2.525000
4853		-2.256250
4854		-1.487500
4855		-1.900000
4856		-1.037500
4857		-1.068750
4858		-1.012500
4859		-0.593750
4860		-0.593750
4861		-0.300000
4862		-0.356250
4863		0.143750
4864		0.293750
4865		0.531250
4866		0.825000
4867		0.681250
4868		1.243750
4869		1.093750
4870		1.506250
4871		1.243750
4872		1.506250
4873		1.718750
4874		1.743750
4875		1.775000
4876		1.950000
4877		2.400000
4878		2.456250
4879		2.250000
4880		2.543750
4881		2.606250
4882		2.756250
4883		2.725000
4884		2.693750
4885		2.781250
4886		3.018750
4887		3.106250
4888		3.137500
4889		2.962500
4890		2.962500
4891		2.812500
4892		2.756250
4893		2.637500
4894		2.637500
4895		2.368750
4896		2.218750
4897		2.487500
4898		2.368750
4899		1.743750
4900		1.806250
4901		1.387500
4902		1.568750
4903		1.362500
4904		1.031250
4905		0.918750
4906		1.006250
4907		0.887500
4908		0.975000
4909		0.681250
4910		0.768750
4911		0.768750
4912		0.918750
4913		0.618750
4914		0.825000
4915		0.800000
4916		0.800000
4917		1.181250
4918		1.331250
4919		1.418750
4920		1.625000
4921		1.625000
4922		2.100000
4923		2.162500
4924		2.843750
4925		2.781250
4926		3.018750
4927		3.462500
4928		3.793750
4929		3.850000
4930		4.025000
4931		4.056250
4932		4.531250
4933		4.475000
4934		4.593750
4935		4.262500
4936		4.768750
4937		4.531250
4938		5.062500
4939		4.712500
4940		4.768750
4941		4.531250
4942		4.412500
4943		4.237500
4944		4.237500
4945		3.968750
4946		3.937500
4947		3.643750
4948		3.493750
4949		3.493750
4950		3.318750
4951		2.812500
4952		2.900000
4953		2.487500
4954		2.068750
4955		1.862500
4956		1.625000
4957		1.775000
4958		1.481250
4959		1.481250
4960		0.975000
4961		0.650000
4962		0.531250
4963		0.468750
4964		0.468750
4965		0.350000
4966		0.500000
4967		-0.062500
4968		-0.118750
4969		-0.150000
4970		-0.093750
4971		0.087500
4972		-0.181250
4973		0.087500
4974		-0.118750
4975		-0.150000
4976		-0.150000
4977		0.175000
4978		0.112500
4979		-0.150000
4980		0.143750
4981		0.025000
4982		0.175000
4983		0.293750
4984		0.231250
4985		0.562500
4986		0.468750
4987		0.443750
4988		0.381250
4989		0.587500
4990		0.468750
4991		0.768750
4992		0.825000
4993		0.737500
4994		0.825000
4995		0.918750
4996		0.825000
4997		1.093750
4998		0.825000
4999		0.825000
5000		1.212500
5001		1.006250
5002		1.181250
5003		1.062500
5004		1.062500
5005		1.062500
5006		1.362500
5007		0.887500
5008		1.243750
5009		1.181250
5010		1.243750
5011		1.125000
5012		1.150000
5013		0.918750
5014		0.918750
5015		1.093750
5016		1.062500
5017		0.800000
5018		0.531250
5019		0.412500
5020		0.706250
5021		0.143750
5022		0.175000
5023		-0.031250
5024		-0.268750
5025		-0.150000
5026		-0.506250
5027		-0.743750
5028		-0.831250
5029		-0.712500
5030		-0.862500
5031		-1.487500
5032		-1.131250
5033		-1.543750
5034		-1.781250
5035		-2.018750
5036		-1.750000
5037		-2.193750
5038		-2.050000
5039		-2.193750
5040		-2.193750
5041		-2.193750
5042		-2.343750
5043		-2.287500
5044		-2.075000
5045		-2.075000
5046		-1.631250
5047		-1.543750
5048		-1.487500
5049		-1.631250
5050		-1.337500
5051		-0.743750
5052		-1.068750
5053		-0.687500
5054		-0.568750
5055		-0.237500
5056		0.087500
5057		0.381250
5058		0.856250
5059		1.062500
5060		1.300000
5061		1.625000
5062		2.306250
5063		2.425000
5064		2.843750
5065		3.375000
5066		3.343750
5067		4.000000
5068		4.237500
5069		4.825000
5070		4.768750
5071		5.093750
5072		5.450000
5073		5.743750
5074		5.718750
5075		6.162500
5076		6.431250
5077		6.337500
5078		6.637500
5079		6.456250
5080		6.756250
5081		7.231250
5082		7.137500
5083		7.137500
5084		6.993750
5085		7.200000
5086		7.200000
5087		7.018750
5088		6.962500
5089		7.112500
5090		7.050000
5091		6.756250
5092		6.781250
5093		6.900000
5094		6.843750
5095		6.637500
5096		6.100000
5097		6.250000
5098		5.981250
5099		5.893750
5100		5.743750
5101		5.481250
5102		5.212500
5103		4.887500
5104		4.562500
5105		4.118750
5106		4.025000
5107		3.762500
5108		3.581250
5109		3.581250
5110		3.200000
5111		2.812500
5112		2.931250
5113		2.400000
5114		2.575000
5115		2.068750
5116		2.162500
5117		1.656250
5118		1.537500
5119		1.718750
5120		1.362500
5121		1.506250
5122		0.825000
5123		1.481250
5124		1.062500
5125		1.212500
5126		1.031250
5127		1.006250
5128		1.268750
5129		1.125000
5130		1.718750
5131		1.062500
5132		1.568750
5133		1.450000
5134		0.856250
5135		1.568750
5136		1.718750
5137		2.012500
5138		1.481250
5139		1.506250
5140		1.625000
5141		1.893750
5142		1.837500
5143		1.656250
5144		1.481250
5145		2.012500
5146		1.893750
5147		1.806250
5148		1.950000
5149		2.100000
5150		2.131250
5151		1.950000
5152		1.981250
5153		2.043750
5154		2.068750
5155		2.012500
5156		1.656250
5157		1.718750
5158		2.012500
5159		1.893750
5160		1.862500
5161		1.806250
5162		1.418750
5163		1.481250
5164		1.331250
5165		1.181250
5166		1.150000
5167		0.887500
5168		0.531250
5169		0.468750
5170		0.325000
5171		0.443750
5172		0.000000
5173		-0.062500
5174		-0.093750
5175		-0.093750
5176		-0.687500
5177		-0.656250
5178		-0.893750
5179		-0.862500
5180		-0.712500
5181		-1.068750
5182		-1.012500
5183		-1.250000
5184		-1.393750
5185		-1.456250
5186		-1.543750
5187		-1.781250
5188		-1.631250
5189		-1.606250
5190		-1.931250
5191		-1.900000
5192		-1.543750
5193		-1.606250
5194		-1.543750
5195		-1.631250
5196		-1.487500
5197		-2.106250
5198		-1.393750
5199		-1.487500
5200		-1.187500
5201		-1.100000
5202		-1.156250
5203		-1.037500
5204		-0.925000
5205		-0.862500
5206		-0.862500
5207		-0.593750
5208		-0.593750
5209		-0.212500
5210		-0.212500
5211		-0.212500
5212		0.206250
5213		0.293750
5214		0.531250
5215		0.737500
5216		1.093750
5217		1.387500
5218		1.418750
5219		1.656250
5220		1.537500
5221		2.043750
5222		2.281250
5223		2.425000
5224		2.725000
5225		2.637500
5226		3.200000
5227		2.900000
5228		3.200000
5229		3.318750
5230		3.406250
5231		3.700000
5232		3.731250
5233		4.143750
5234		3.881250
5235		4.025000
5236		4.143750
5237		4.175000
5238		4.025000
5239		4.237500
5240		4.237500
5241		4.087500
5242		4.000000
5243		4.025000
5244		3.793750
5245		3.937500
5246		3.850000
5247		4.025000
5248		3.881250
5249		3.881250
5250		3.850000
5251		3.700000
5252		4.206250
5253		3.850000
5254		4.025000
5255		3.762500
5256		3.700000
5257		3.793750
5258		3.612500
5259		3.968750
5260		3.850000
5261		4.143750
5262		4.175000
5263		4.056250
5264		4.293750
5265		4.143750
5266		3.968750
5267		4.356250
5268		4.443750
5269		4.087500
5270		4.293750
5271		4.531250
5272		4.175000
5273		4.531250
5274		4.325000
5275		4.593750
5276		4.500000
5277		4.293750
5278		4.325000
5279		4.443750
5280		4.325000
5281		4.118750
5282		4.650000
5283		4.206250
5284		4.593750
5285		4.768750
5286		4.531250
5287		4.618750
5288		4.500000
5289		4.562500
5290		4.618750
5291		4.206250
5292		4.412500
5293		4.325000
5294		4.593750
5295		4.531250
5296		4.412500
5297		4.500000
5298		4.325000
5299		4.206250
5300		4.118750
5301		4.206250
5302		4.000000
5303		4.175000
5304		3.762500
5305		4.087500
5306		3.937500
5307		3.881250
5308		3.731250
5309		3.818750
5310		3.525000
5311		3.581250
5312		3.406250
5313		3.287500
5314		2.987500
5315		2.962500
5316		2.868750
5317		2.425000
5318		2.575000
5319		2.575000
5320		2.162500
5321		2.218750
5322		2.187500
5323		1.687500
5324		1.950000
5325		1.568750
5326		1.656250
5327		1.450000
5328		1.362500
5329		1.362500
5330		0.943750
5331		1.031250
5332		0.618750
5333		0.975000
5334		1.031250
5335		0.262500
5336		0.618750
5337		0.468750
5338		0.412500
5339		0.587500
5340		0.350000
5341		0.587500
5342		0.468750
5343		0.706250
5344		0.443750
5345		0.531250
5346		0.768750
5347		0.681250
5348		0.650000
5349		0.918750
5350		0.918750
5351		0.856250
5352		1.418750
5353		1.212500
5354		1.418750
5355		1.418750
5356		1.806250
5357		2.012500
5358		1.625000
5359		1.806250
5360		1.925000
5361		2.368750
5362		2.368750
5363		2.662500
5364		2.606250
5365		2.693750
5366		2.987500
5367		3.050000
5368		3.256250
5369		3.406250
5370		3.318750
5371		3.731250
5372		3.406250
5373		3.700000
5374		3.937500
5375		3.731250
5376		4.056250
5377		3.881250
5378		4.175000
5379		4.143750
5380		4.381250
5381		4.531250
5382		4.087500
5383		4.825000
5384		4.768750
5385		4.975000
5386		4.681250
5387		4.975000
5388		4.887500
5389		5.062500
5390		5.093750
5391		5.181250
5392		5.125000
5393		5.512500
5394		5.631250
5395		5.687500
5396		5.568750
5397		5.631250
5398		5.512500
5399		5.568750
5400		6.043750
5401		5.956250
5402		5.956250
5403		5.981250
5404		6.218750
5405		6.218750
5406		5.981250
5407		5.981250
5408		6.162500
5409		5.687500
5410		5.925000
5411		5.862500
5412		5.568750
5413		5.893750
5414		6.100000
5415		5.656250
5416		5.956250
5417		5.481250
5418		5.418750
5419		5.631250
5420		5.418750
5421		5.418750
5422		5.243750
5423		5.037500
5424		5.362500
5425		5.275000
5426		4.887500
5427		4.918750
5428		4.650000
5429		4.825000
5430		4.681250
5431		4.681250
5432		4.443750
5433		4.443750
5434		4.325000
5435		4.293750
5436		3.881250
5437		4.025000
5438		3.793750
5439		4.143750
5440		3.612500
5441		3.731250
5442		3.731250
5443		3.437500
5444		3.137500
5445		3.256250
5446		2.900000
5447		2.725000
5448		2.900000
5449		2.487500
5450		2.637500
5451		2.456250
5452		2.162500
5453		1.925000
5454		2.337500
5455		1.981250
5456		1.718750
5457		1.625000
5458		1.506250
5459		1.537500
5460		1.362500
5461		1.362500
5462		1.268750
5463		1.181250
5464		1.031250
5465		1.031250
5466		1.062500
5467		1.331250
5468		0.943750
5469		0.650000
5470		1.212500
5471		0.768750
5472		1.181250
5473		1.150000
5474		0.943750
5475		0.562500
5476		1.212500
5477		1.450000
5478		1.006250
5479		1.212500
5480		1.062500
5481		1.331250
5482		1.331250
5483		1.181250
5484		1.450000
5485		1.537500
5486		1.568750
5487		1.775000
5488		1.862500
5489		1.656250
5490		1.837500
5491		1.925000
5492		2.131250
5493		1.893750
5494		2.400000
5495		2.368750
5496		2.162500
5497		2.606250
5498		2.693750
5499		2.756250
5500		2.812500
5501		2.962500
5502		2.931250
5503		3.287500
5504		3.256250
5505		3.462500
5506		3.406250
5507		3.700000
5508		3.731250
5509		4.087500
5510		3.906250
5511		4.293750
5512		4.618750
5513		4.443750
5514		4.443750
5515		4.443750
5516		4.800000
5517		4.737500
5518		5.037500
5519		4.856250
5520		5.125000
5521		5.125000
5522		4.918750
5523		5.181250
5524		5.418750
5525		5.481250
5526		5.512500
5527		5.862500
5528		5.600000
5529		5.775000
5530		5.775000
5531		5.600000
5532		5.512500
5533		5.656250
5534		5.743750
5535		5.981250
5536		5.893750
5537		6.100000
5538		5.956250
5539		5.956250
5540		6.250000
5541		6.312500
5542		6.281250
5543		6.456250
5544		6.456250
5545		6.550000
5546		6.756250
5547		6.662500
5548		6.931250
5549		7.050000
5550		6.931250
5551		7.018750
5552		7.081250
5553		7.200000
5554		7.318750
5555		7.406250
5556		7.700000
5557		7.556250
5558		7.700000
5559		7.731250
5560		7.968750
5561		7.762500
5562		7.731250
5563		7.881250
5564		7.937500
5565		7.793750
5566		8.000000
5567		8.237500
5568		8.293750
5569		8.237500
5570		8.293750
5571		7.850000
5572		8.118750
5573		8.237500
5574		8.087500
5575		8.206250
5576		7.793750
5577		8.000000
5578		7.762500
5579		7.912500
5580		7.793750
5581		7.612500
5582		7.700000
5583		7.762500
5584		7.762500
5585		7.556250
5586		7.793750
5587		7.587500
5588		7.556250
5589		7.912500
5590		7.643750
5591		7.525000
5592		7.318750
5593		7.493750
5594		7.406250
5595		7.375000
5596		7.375000
5597		7.200000
5598		7.350000
5599		7.200000
5600		7.137500
5601		7.050000
5602		6.812500
5603		7.437500
5604		7.050000
5605		6.843750
5606		7.256250
5607		7.018750
5608		6.756250
5609		6.431250
5610		6.606250
5611		6.100000
5612		5.862500
5613		5.631250
5614		5.743750
5615		5.537500
5616		5.568750
5617		5.275000
5618		5.212500
5619		4.737500
5620		4.825000
5621		4.500000
5622		4.531250
5623		4.262500
5624		4.000000
5625		3.731250
5626		4.087500
5627		3.581250
5628		3.643750
5629		3.437500
5630		3.493750
5631		3.287500
5632		3.081250
5633		2.843750
5634		2.900000
5635		3.081250
5636		3.018750
5637		3.256250
5638		2.962500
5639		3.050000
5640		2.987500
5641		3.200000
5642		2.812500
5643		2.987500
5644		3.018750
5645		3.050000
5646		3.137500
5647		3.106250
5648		2.987500
5649		2.756250
5650		2.962500
5651		2.962500
5652		2.725000
5653		3.256250
5654		2.900000
5655		2.987500
5656		2.962500
5657		2.900000
5658		2.662500
5659		2.962500
5660		2.812500
5661		2.900000
5662		2.725000
5663		2.843750
5664		3.018750
5665		2.518750
5666		2.987500
5667		2.812500
5668		2.812500
5669		2.868750
5670		2.662500
5671		2.900000
5672		2.812500
5673		2.900000
5674		2.868750
5675		3.018750
5676		3.343750
5677		3.018750
5678		3.375000
5679		3.318750
5680		3.256250
5681		3.437500
5682		3.462500
5683		3.462500
5684		3.731250
5685		3.287500
5686		3.675000
5687		3.700000
5688		3.700000
5689		3.906250
5690		3.793750
5691		3.881250
5692		3.700000
5693		3.375000
5694		4.000000
5695		3.850000
5696		3.493750
5697		3.643750
5698		3.675000
5699		3.643750
5700		3.406250
5701		3.256250
5702		3.556250
5703		3.343750
5704		3.375000
5705		3.137500
5706		3.437500
5707		2.987500
5708		3.106250
5709		3.200000
5710		2.987500
5711		2.868750
5712		2.456250
5713		2.518750
5714		2.456250
5715		2.900000
5716		2.637500
5717		2.606250
5718		2.400000
5719		2.487500
5720		2.518750
5721		2.337500
5722		2.456250
5723		2.518750
5724		2.756250
5725		2.756250
5726		2.962500
5727		3.106250
5728		2.693750
5729		2.900000
5730		2.868750
5731		3.256250
5732		3.287500
5733		3.318750
5734		3.343750
5735		3.556250
5736		3.850000
5737		3.731250
5738		3.556250
5739		4.056250
5740		3.968750
5741		4.143750
5742		3.968750
5743		4.325000
5744		4.443750
5745		4.443750
5746		4.562500
5747		4.325000
5748		4.531250
5749		4.943750
5750		4.887500
5751		4.825000
5752		4.737500
5753		4.768750
5754		4.737500
5755		4.825000
5756		4.887500
5757		4.887500
5758		5.006250
5759		4.825000
5760		5.125000
5761		4.943750
5762		5.037500
5763		5.062500
5764		5.181250
5765		5.212500
5766		5.362500
5767		5.156250
5768		5.418750
5769		5.362500
5770		5.300000
5771		5.331250
5772		5.212500
5773		5.181250
5774		5.537500
5775		5.300000
5776		5.450000
5777		5.568750
5778		5.481250
5779		5.512500
5780		5.775000
5781		5.775000
5782		5.300000
5783		5.537500
5784		5.418750
5785		5.718750
5786		5.300000
5787		4.825000
5788		5.362500
5789		5.275000
5790		5.125000
5791		4.975000
5792		4.825000
5793		5.037500
5794		4.856250
5795		4.618750
5796		4.175000
5797		4.618750
5798		4.325000
5799		4.325000
5800		4.056250
5801		3.793750
5802		4.087500
5803		3.700000
5804		3.612500
5805		3.581250
5806		3.437500
5807		3.793750
5808		3.643750
5809		3.225000
5810		3.050000
5811		3.137500
5812		3.318750
5813		3.081250
5814		3.256250
5815		2.812500
5816		2.843750
5817		2.987500
5818		2.868750
5819		2.662500
5820		3.106250
5821		2.962500
5822		2.900000
5823		2.812500
5824		2.931250
5825		2.962500
5826		3.018750
5827		2.900000
5828		3.106250
5829		3.050000
5830		2.987500
5831		2.812500
5832		3.200000
5833		2.931250
5834		2.606250
5835		2.693750
5836		2.931250
5837		3.168750
5838		2.843750
5839		2.931250
5840		3.137500
5841		3.081250
5842		3.200000
5843		3.081250
5844		3.168750
5845		3.106250
5846		3.137500
5847		3.287500
5848		3.256250
5849		3.406250
5850		3.287500
5851		3.643750
5852		3.581250
5853		3.643750
5854		3.643750
5855		3.762500
5856		3.881250
5857		4.087500
5858		4.175000
5859		3.850000
5860		4.325000
5861		4.593750
5862		4.475000
5863		4.562500
5864		4.325000
5865		4.356250
5866		4.118750
5867		4.381250
5868		4.712500
5869		4.412500
5870		4.918750
5871		4.975000
5872		4.800000
5873		5.062500
5874		4.887500
5875		4.887500
5876		4.825000
5877		5.093750
5878		5.037500
5879		5.331250
5880		5.181250
5881		5.418750
5882		5.062500
5883		5.275000
5884		5.331250
5885		5.481250
5886		5.275000
5887		5.125000
5888		5.362500
5889		5.393750
5890		5.481250
5891		5.450000
5892		5.125000
5893		5.393750
5894		5.181250
5895		5.006250
5896		5.212500
5897		5.418750
5898		5.275000
5899		5.331250
5900		4.975000
5901		5.212500
5902		5.300000
5903		5.568750
5904		5.631250
5905		4.975000
5906		5.331250
5907		5.331250
5908		5.275000
5909		5.275000
5910		5.125000
5911		4.975000
5912		5.450000
5913		5.181250
5914		5.212500
5915		4.975000
5916		4.825000
5917		5.275000
5918		5.181250
5919		5.212500
5920		5.093750
5921		5.093750
5922		5.331250
5923		5.212500
5924		5.243750
5925		5.125000
5926		5.125000
5927		5.393750
5928		5.212500
5929		5.275000
5930		5.125000
5931		5.062500
5932		5.362500
5933		4.975000
5934		5.062500
5935		5.243750
5936		5.331250
5937		5.212500
5938		5.212500
5939		5.181250
5940		5.125000
5941		4.918750
5942		5.062500
5943		5.212500
5944		5.212500
5945		5.037500
5946		4.825000
5947		5.093750
5948		4.887500
5949		4.500000
5950		4.737500
5951		4.593750
5952		4.500000
5953		4.500000
5954		4.593750
5955		4.293750
5956		4.681250
5957		4.381250
5958		4.381250
5959		4.325000
5960		4.475000
5961		4.475000
5962		4.443750
5963		4.356250
5964		4.262500
5965		4.206250
5966		4.262500
5967		4.237500
5968		3.968750
5969		4.143750
5970		4.000000
5971		4.056250
5972		4.056250
5973		4.087500
5974		4.056250
5975		4.087500
5976		4.325000
5977		4.000000
5978		4.118750
5979		3.793750
5980		4.143750
5981		3.643750
5982		4.025000
5983		3.850000
5984		3.762500
5985		3.731250
5986		3.643750
5987		3.675000
5988		3.106250
5989		3.462500
5990		3.556250
5991		3.612500
5992		3.493750
5993		3.793750
5994		3.850000
5995		3.525000
5996		3.437500
5997		3.643750
5998		3.437500
5999		3.643750
6000		3.556250
6001		3.556250
6002		3.556250
6003		3.731250
6004		3.818750
6005		3.850000
6006		3.581250
6007		3.731250
6008		3.731250
6009		3.881250
6010		4.118750
6011		4.325000
6012		4.056250
6013		4.087500
6014		4.087500
6015		4.175000
6016		4.237500
6017		4.087500
6018		3.937500
6019		4.262500
6020		4.325000
6021		4.056250
6022		4.381250
6023		4.593750
6024		4.768750
6025		4.531250
6026		4.887500
6027		4.681250
6028		4.618750
6029		4.531250
6030		4.737500
6031		4.737500
6032		4.975000
6033		5.062500
6034		4.650000
6035		5.181250
6036		5.062500
6037		5.181250
6038		5.125000
6039		5.212500
6040		5.243750
6041		5.450000
6042		5.125000
6043		5.362500
6044		5.656250
6045		5.450000
6046		5.568750
6047		5.600000
6048		5.806250
6049		5.331250
6050		5.862500
6051		5.862500
6052		5.775000
6053		5.956250
6054		5.512500
6055		6.043750
6056		5.687500
6057		5.862500
6058		6.162500
6059		6.162500
6060		5.925000
6061		6.250000
6062		6.431250
6063		5.806250
6064		6.075000
6065		6.043750
6066		6.250000
6067		5.925000
6068		6.012500
6069		6.075000
6070		5.862500
6071		6.368750
6072		6.218750
6073		6.131250
6074		6.250000
6075		6.162500
6076		6.312500
6077		5.718750
6078		6.131250
6079		6.550000
6080		6.250000
6081		6.162500
6082		6.281250
6083		6.312500
6084		6.162500
6085		6.456250
6086		6.218750
6087		6.312500
6088		6.162500
6089		6.218750
6090		6.218750
6091		6.456250
6092		6.250000
6093		6.075000
6094		6.281250
6095		6.400000
6096		6.218750
6097		6.100000
6098		6.012500
6099		6.075000
6100		5.775000
6101		5.956250
6102		6.131250
6103		6.012500
6104		6.250000
6105		5.925000
6106		5.718750
6107		6.012500
6108		5.631250
6109		5.362500
6110		5.631250
6111		5.656250
6112		5.631250
6113		5.568750
6114		5.393750
6115		5.362500
6116		5.093750
6117		5.243750
6118		5.450000
6119		5.212500
6120		5.156250
6121		5.775000
6122		5.037500
6123		5.362500
6124		5.006250
6125		5.037500
6126		4.918750
6127		4.681250
6128		4.856250
6129		4.650000
6130		4.681250
6131		4.887500
6132		4.768750
6133		4.618750
6134		4.825000
6135		4.593750
6136		4.262500
6137		4.356250
6138		4.325000
6139		4.531250
6140		4.381250
6141		4.118750
6142		4.262500
6143		4.475000
6144		4.500000
6145		4.206250
6146		4.056250
6147		4.143750
6148		3.937500
6149		4.025000
6150		4.143750
6151		4.325000
6152		4.293750
6153		3.793750
6154		3.881250
6155		3.731250
6156		3.906250
6157		3.881250
6158		3.793750
6159		3.437500
6160		3.493750
6161		3.643750
6162		3.762500
6163		3.525000
6164		3.343750
6165		3.731250
6166		3.406250
6167		3.493750
6168		3.375000
6169		3.556250
6170		3.493750
6171		3.556250
6172		3.437500
6173		3.643750
6174		3.675000
6175		3.462500
6176		3.581250
6177		3.793750
6178		4.025000
6179		3.968750
6180		4.056250
6181		3.937500
6182		4.206250
6183		4.381250
6184		4.618750
6185		4.500000
6186		4.800000
6187		4.768750
6188		4.531250
6189		4.800000
6190		4.737500
6191		4.737500
6192		5.006250
6193		5.181250
6194		4.943750
6195		4.975000
6196		5.275000
6197		5.093750
6198		4.975000
6199		5.212500
6200		5.243750
6201		5.037500
6202		5.125000
6203		5.656250
6204		5.181250
6205		5.418750
6206		5.181250
6207		5.093750
6208		5.275000
6209		5.275000
6210		5.481250
6211		5.418750
6212		5.656250
6213		5.481250
6214		5.600000
6215		5.568750
6216		5.631250
6217		5.806250
6218		5.275000
6219		5.568750
6220		5.956250
6221		5.568750
6222		5.718750
6223		5.631250
6224		5.243750
6225		5.362500
6226		5.450000
6227		4.918750
6228		5.243750
6229		4.918750
6230		5.062500
6231		5.181250
6232		4.768750
6233		5.125000
6234		4.943750
6235		5.037500
6236		5.125000
6237		4.712500
6238		5.006250
6239		4.887500
6240		5.181250
6241		5.125000
6242		5.418750
6243		5.243750
6244		5.631250
6245		5.862500
6246		6.162500
6247		6.312500
6248		6.312500
6249		6.756250
6250		6.962500
6251		7.256250
6252		7.375000
6253		7.675000
6254		8.031250
6255		8.206250
6256		8.293750
6257		8.650000
6258		9.037500
6259		8.681250
6260		9.187500
6261		9.806250
6262		9.512500
6263		9.687500
6264		9.806250
6265		10.075000
6266		10.225000
6267		10.012500
6268		10.012500
6269		9.656250
6270		10.400000
6271		9.868750
6272		10.012500
6273		10.106250
6274		9.956250
6275		9.806250
6276		9.718750
6277		9.775000
6278		9.568750
6279		9.362500
6280		9.331250
6281		9.275000
6282		8.831250
6283		8.950000
6284		8.443750
6285		8.325000
6286		7.818750
6287		8.175000
6288		7.675000
6289		7.556250
6290		7.318750
6291		7.112500
6292		6.725000
6293		6.400000
6294		6.312500
6295		6.012500
6296		6.012500
6297		6.131250
6298		5.481250
6299		6.043750
6300		4.800000
6301		4.887500
6302		4.562500
6303		4.381250
6304		4.325000
6305		4.000000
6306		3.675000
6307		3.493750
6308		3.343750
6309		2.868750
6310		3.106250
6311		2.606250
6312		2.400000
6313		2.693750
6314		2.368750
6315		1.925000
6316		2.306250
6317		2.337500
6318		1.893750
6319		2.012500
6320		1.775000
6321		1.950000
6322		1.950000
6323		1.775000
6324		1.625000
6325		1.506250
6326		1.625000
6327		1.656250
6328		1.656250
6329		1.450000
6330		1.656250
6331		1.981250
6332		1.925000
6333		1.925000
6334		2.043750
6335		2.162500
6336		2.100000
6337		1.743750
6338		2.100000
6339		2.218750
6340		2.068750
6341		2.250000
6342		2.400000
6343		2.662500
6344		2.662500
6345		2.543750
6346		2.662500
6347		2.781250
6348		2.900000
6349		2.693750
6350		3.018750
6351		2.931250
6352		2.987500
6353		3.462500
6354		2.962500
6355		2.962500
6356		3.106250
6357		3.256250
6358		3.406250
6359		3.318750
6360		3.050000
6361		3.225000
6362		3.256250
6363		3.406250
6364		3.406250
6365		3.343750
6366		3.343750
6367		3.256250
6368		3.612500
6369		3.643750
6370		3.525000
6371		3.850000
6372		3.937500
6373		3.937500
6374		3.937500
6375		4.118750
6376		4.325000
6377		4.593750
6378		4.887500
6379		5.062500
6380		5.093750
6381		5.331250
6382		5.600000
6383		5.775000
6384		5.981250
6385		6.100000
6386		6.550000
6387		6.812500
6388		6.812500
6389		7.137500
6390		7.200000
6391		7.731250
6392		7.937500
6393		8.056250
6394		8.293750
6395		8.237500
6396		8.387500
6397		8.856250
6398		9.006250
6399		9.425000
6400		9.187500
6401		9.393750
6402		9.600000
6403		9.775000
6404		9.806250
6405		9.868750
6406		9.568750
6407		10.075000
6408		10.012500
6409		10.250000
6410		9.568750
6411		10.075000
6412		9.806250
6413		9.956250
6414		10.162500
6415		9.806250
6416		10.106250
6417		9.656250
6418		9.687500
6419		9.481250
6420		9.775000
6421		9.362500
6422		9.393750
6423		9.450000
6424		8.768750
6425		8.887500
6426		8.918750
6427		8.887500
6428		8.562500
6429		8.475000
6430		8.593750
6431		8.618750
6432		8.531250
6433		8.387500
6434		8.150000
6435		8.412500
6436		8.237500
6437		8.031250
6438		8.000000
6439		8.150000
6440		7.762500
6441		7.881250
6442		7.700000
6443		7.556250
6444		7.556250
6445		7.525000
6446		7.468750
6447		7.112500
6448		7.437500
6449		6.875000
6450		7.468750
6451		6.756250
6452		6.487500
6453		6.456250
6454		6.456250
6455		6.431250
6456		6.550000
6457		6.131250
6458		6.075000
6459		6.043750
6460		5.893750
6461		5.450000
6462		5.275000
6463		5.568750
6464		5.181250
6465		5.181250
6466		5.037500
6467		5.006250
6468		4.800000
6469		4.443750
6470		4.531250
6471		4.443750
6472		4.381250
6473		4.000000
6474		3.818750
6475		3.968750
6476		3.731250
6477		3.437500
6478		3.493750
6479		3.493750
6480		3.406250
6481		3.168750
6482		2.962500
6483		2.987500
6484		2.662500
6485		2.606250
6486		2.962500
6487		2.693750
6488		2.400000
6489		2.068750
6490		2.606250
6491		2.487500
6492		2.306250
6493		2.218750
6494		1.687500
6495		1.718750
6496		2.131250
6497		2.043750
6498		1.925000
6499		1.893750
6500		2.131250
6501		2.012500
6502		2.100000
6503		2.250000
6504		2.068750
6505		2.425000
6506		2.400000
6507		2.518750
6508		2.187500
6509		2.725000
6510		2.662500
6511		2.306250
6512		2.693750
6513		2.756250
6514		2.987500
6515		2.843750
6516		2.987500
6517		3.081250
6518		3.437500
6519		3.556250
6520		3.493750
6521		3.762500
6522		3.731250
6523		3.850000
6524		4.087500
6525		4.025000
6526		4.237500
6527		4.143750
6528		4.737500
6529		4.593750
6530		4.475000
6531		4.737500
6532		4.887500
6533		4.943750
6534		5.300000
6535		5.568750
6536		5.743750
6537		5.718750
6538		5.981250
6539		6.043750
6540		6.250000
6541		6.218750
6542		6.400000
6543		6.218750
6544		6.693750
6545		6.606250
6546		6.693750
6547		6.843750
6548		6.756250
6549		6.606250
6550		7.112500
6551		6.812500
6552		6.900000
6553		7.137500
6554		6.756250
6555		6.693750
6556		6.606250
6557		6.550000
6558		6.756250
6559		6.606250
6560		6.606250
6561		6.431250
6562		6.431250
6563		6.281250
6564		6.131250
6565		5.925000
6566		6.100000
6567		5.743750
6568		5.862500
6569		5.743750
6570		5.862500
6571		5.631250
6572		5.775000
6573		5.718750
6574		5.687500
6575		5.743750
6576		5.512500
6577		5.568750
6578		5.862500
6579		5.631250
6580		5.631250
6581		5.568750
6582		5.687500
6583		5.537500
6584		5.743750
6585		5.568750
6586		5.837500
6587		6.131250
6588		5.925000
6589		5.862500
6590		6.012500
6591		6.100000
6592		6.218750
6593		6.337500
6594		5.956250
6595		6.337500
6596		6.400000
6597		6.662500
6598		6.550000
6599		6.812500
6600		6.575000
6601		6.637500
6602		6.575000
6603		6.662500
6604		7.081250
6605		6.875000
6606		6.550000
6607		6.875000
6608		6.606250
6609		6.400000
6610		6.368750
6611		6.456250
6612		6.250000
6613		6.100000
6614		6.368750
6615		6.250000
6616		6.431250
6617		6.162500
6618		6.043750
6619		6.012500
6620		5.718750
6621		5.393750
6622		5.512500
6623		5.181250
6624		5.393750
6625		5.037500
6626		5.006250
6627		4.825000
6628		4.737500
6629		4.856250
6630		4.443750
6631		4.293750
6632		4.325000
6633		4.087500
6634		3.731250
6635		3.793750
6636		3.612500
6637		3.462500
6638		3.675000
6639		3.106250
6640		3.256250
6641		3.200000
6642		2.662500
6643		3.106250
6644		2.575000
6645		2.756250
6646		2.306250
6647		2.250000
6648		2.281250
6649		2.456250
6650		1.893750
6651		1.862500
6652		1.837500
6653		1.806250
6654		1.718750
6655		1.568750
6656		1.625000
6657		1.212500
6658		1.506250
6659		1.331250
6660		0.856250
6661		1.212500
6662		1.062500
6663		0.768750
6664		0.975000
6665		0.918750
6666		1.062500
6667		0.943750
6668		1.150000
6669		1.212500
6670		0.618750
6671		1.125000
6672		1.181250
6673		1.212500
6674		1.181250
6675		0.975000
6676		1.331250
6677		1.150000
6678		1.150000
6679		1.031250
6680		1.537500
6681		1.331250
6682		1.687500
6683		1.212500
6684		1.600000
6685		1.568750
6686		1.656250
6687		1.387500
6688		1.506250
6689		1.506250
6690		1.656250
6691		1.506250
6692		1.656250
6693		1.837500
6694		1.568750
6695		1.506250
6696		1.568750
6697		1.687500
6698		1.387500
6699		1.362500
6700		1.537500
6701		1.537500
6702		1.418750
6703		1.656250
6704		1.568750
6705		1.625000
6706		1.625000
6707		1.331250
6708		1.537500
6709		1.125000
6710		1.212500
6711		1.300000
6712		1.093750
6713		1.125000
6714		1.031250
6715		1.181250
6716		0.943750
6717		1.093750
6718		1.181250
6719		1.062500
6720		1.268750
6721		1.331250
6722		1.450000
6723		1.568750
6724		1.362500
6725		1.625000
6726		1.568750
6727		1.625000
6728		1.506250
6729		1.568750
6730		1.718750
6731		1.718750
6732		1.862500
6733		1.656250
6734		2.100000
6735		2.100000
6736		2.368750
6737		2.518750
6738		2.425000
6739		2.662500
6740		3.018750
6741		2.606250
6742		2.931250
6743		3.050000
6744		3.406250
6745		3.137500
6746		3.287500
6747		3.200000
6748		3.581250
6749		3.437500
6750		3.556250
6751		3.731250
6752		3.937500
6753		3.968750
6754		4.118750
6755		4.175000
6756		4.056250
6757		4.000000
6758		4.381250
6759		4.025000
6760		4.206250
6761		4.175000
6762		3.937500
6763		4.000000
6764		4.175000
6765		4.025000
6766		3.731250
6767		3.968750
6768		3.731250
6769		3.643750
6770		3.731250
6771		3.731250
6772		3.556250
6773		3.462500
6774		3.793750
6775		3.906250
6776		3.256250
6777		3.437500
6778		3.318750
6779		2.781250
6780		2.868750
6781		3.018750
6782		2.725000
6783		2.756250
6784		2.456250
6785		2.543750
6786		2.606250
6787		2.456250
6788		2.337500
6789		2.456250
6790		2.337500
6791		2.487500
6792		2.306250
6793		2.400000
6794		2.131250
6795		2.068750
6796		2.218750
6797		2.100000
6798		2.012500
6799		2.012500
6800		2.131250
6801		2.012500
6802		1.950000
6803		1.775000
6804		1.925000
6805		1.950000
6806		1.806250
6807		2.043750
6808		1.625000
6809		1.925000
6810		1.862500
6811		1.925000
6812		1.537500
6813		1.743750
6814		1.743750
6815		1.481250
6816		1.387500
6817		1.362500
6818		1.481250
6819		1.418750
6820		1.062500
6821		1.093750
6822		0.887500
6823		0.918750
6824		0.856250
6825		0.531250
6826		0.325000
6827		0.587500
6828		0.468750
6829		0.412500
6830		0.531250
6831		0.175000
6832		-0.150000
6833		-0.062500
6834		-0.093750
6835		0.000000
6836		-0.625000
6837		-0.862500
6838		-0.775000
6839		-0.687500
6840		-1.275000
6841		-1.187500
6842		-1.187500
6843		-1.187500
6844		-1.250000
6845		-1.606250
6846		-1.868750
6847		-1.956250
6848		-2.050000
6849		-2.225000
6850		-2.193750
6851		-2.406250
6852		-2.787500
6853		-2.525000
6854		-2.993750
6855		-2.818750
6856		-2.668750
6857		-3.056250
6858		-3.350000
6859		-3.381250
6860		-3.381250
6861		-3.175000
6862		-3.443750
6863		-3.412500
6864		-3.618750
6865		-3.587500
6866		-3.681250
6867		-3.562500
6868		-3.500000
6869		-3.706250
6870		-3.531250
6871		-3.262500
6872		-2.906250
6873		-3.112500
6874		-3.087500
6875		-2.993750
6876		-2.875000
6877		-2.612500
6878		-2.312500
6879		-2.525000
6880		-2.525000
6881		-2.375000
6882		-2.287500
6883		-1.843750
6884		-1.987500
6885		-1.725000
6886		-1.631250
6887		-1.781250
6888		-1.337500
6889		-1.368750
6890		-1.187500
6891		-0.687500
6892		-0.925000
6893		-0.656250
6894		-0.593750
6895		-0.950000
6896		-0.506250
6897		-0.300000
6898		-0.506250
6899		-0.093750
6900		0.087500
6901		-0.268750
6902		0.025000
6903		-0.031250
6904		0.112500
6905		0.087500
6906		0.231250
6907		0.350000
6908		0.231250
6909		0.000000
6910		0.531250
6911		0.293750
6912		0.175000
6913		0.025000
6914		0.231250
6915		0.087500
6916		-0.150000
6917		0.143750
6918		-0.300000
6919		-0.118750
6920		-0.300000
6921		-0.418750
6922		-0.568750
6923		-0.568750
6924		-0.593750
6925		-1.037500
6926		-1.037500
6927		-1.187500
6928		-0.981250
6929		-1.250000
6930		-1.368750
6931		-1.368750
6932		-1.750000
6933		-1.812500
6934		-2.137500
6935		-1.425000
6936		-1.931250
6937		-1.931250
6938		-2.018750
6939		-2.193750
6940		-2.225000
6941		-1.987500
6942		-2.050000
6943		-1.843750
6944		-2.137500
6945		-1.693750
6946		-1.843750
6947		-1.781250
6948		-2.225000
6949		-2.193750
6950		-1.900000
6951		-1.812500
6952		-1.606250
6953		-2.050000
6954		-1.900000
6955		-1.781250
6956		-1.693750
6957		-1.900000
6958		-1.900000
6959		-1.606250
6960		-1.900000
6961		-1.900000
6962		-2.137500
6963		-1.931250
6964		-2.193750
6965		-2.256250
6966		-2.106250
6967		-2.493750
6968		-2.431250
6969		-2.818750
6970		-2.731250
6971		-2.937500
6972		-3.025000
6973		-3.175000
6974		-2.968750
6975		-3.175000
6976		-3.681250
6977		-3.856250
6978		-4.062500
6979		-3.975000
6980		-4.212500
6981		-4.450000
6982		-4.600000
6983		-4.625000
6984		-5.100000
6985		-4.925000
6986		-5.043750
6987		-5.162500
6988		-5.637500
6989		-5.425000
6990		-5.425000
6991		-5.868750
6992		-6.018750
6993		-5.750000
6994		-5.868750
6995		-6.493750
6996		-6.137500
6997		-6.375000
6998		-6.462500
6999		-6.581250
7000		-6.643750
7001		-6.581250
7002		-6.881250
7003		-6.668750
7004		-7.293750
7005		-6.787500
7006		-6.968750
7007		-6.881250
7008		-6.818750
7009		-7.237500
7010		-6.818750
7011		-7.000000
7012		-6.581250
7013		-6.731250
7014		-6.850000
7015		-6.818750
7016		-6.700000
7017		-6.643750
7018		-6.881250
7019		-6.787500
7020		-6.581250
7021		-6.643750
7022		-6.643750
7023		-6.462500
7024		-6.287500
7025		-6.050000
7026		-6.318750
7027		-5.750000
7028		-5.781250
7029		-5.693750
7030		-5.131250
7031		-5.187500
7032		-5.131250
7033		-4.893750
7034		-4.656250
7035		-4.718750
7036		-4.687500
7037		-4.125000
7038		-4.006250
7039		-4.062500
7040		-3.737500
7041		-3.650000
7042		-3.737500
7043		-3.381250
7044		-3.618750
7045		-3.262500
7046		-3.531250
7047		-3.262500
7048		-3.293750
7049		-3.443750
7050		-3.618750
7051		-3.325000
7052		-3.175000
7053		-3.737500
7054		-3.381250
7055		-3.793750
7056		-4.031250
7057		-4.362500
7058		-4.268750
7059		-4.300000
7060		-4.450000
7061		-4.775000
7062		-4.743750
7063		-5.131250
7064		-5.187500
7065		-5.337500
7066		-5.606250
7067		-5.693750
7068		-6.200000
7069		-6.200000
7070		-6.256250
7071		-6.081250
7072		-6.668750
7073		-6.668750
7074		-6.525000
7075		-6.556250
7076		-6.437500
7077		-6.437500
7078		-6.462500
7079		-6.731250
7080		-6.287500
7081		-6.200000
7082		-5.931250
7083		-6.375000
7084		-5.931250
7085		-5.843750
7086		-5.781250
7087		-5.250000
7088		-5.100000
7089		-4.743750
7090		-4.568750
7091		-4.362500
7092		-4.212500
7093		-4.006250
7094		-3.618750
7095		-3.531250
7096		-3.706250
7097		-3.412500
7098		-3.175000
7099		-2.850000
7100		-2.818750
7101		-2.668750
7102		-2.612500
7103		-2.550000
7104		-2.431250
7105		-2.168750
7106		-2.168750
7107		-2.668750
7108		-2.343750
7109		-2.343750
7110		-2.406250
7111		-2.581250
7112		-3.056250
7113		-2.875000
7114		-3.231250
7115		-3.412500
7116		-3.650000
7117		-3.562500
7118		-3.768750
7119		-3.975000
7120		-4.243750
7121		-4.862500
7122		-4.718750
7123		-4.743750
7124		-4.743750
7125		-4.831250
7126		-4.806250
7127		-5.043750
7128		-5.043750
7129		-5.068750
7130		-4.950000
7131		-5.043750
7132		-4.600000
7133		-4.743750
7134		-5.131250
7135		-4.625000
7136		-4.625000
7137		-4.331250
7138		-4.656250
7139		-4.006250
7140		-4.387500
7141		-4.006250
7142		-3.793750
7143		-3.768750
7144		-3.887500
7145		-4.212500
7146		-4.006250
7147		-4.212500
7148		-4.212500
7149		-4.506250
7150		-4.600000
7151		-4.656250
7152		-4.950000
7153		-5.162500
7154		-5.518750
7155		-5.750000
7156		-5.987500
7157		-6.256250
7158		-6.437500
7159		-6.256250
7160		-6.375000
7161		-6.937500
7162		-7.056250
7163		-6.762500
7164		-7.175000
7165		-7.025000
7166		-7.175000
7167		-7.356250
7168		-7.325000
7169		-7.087500
7170		-7.025000
7171		-6.968750
7172		-6.525000
7173		-6.850000
7174		-6.343750
7175		-6.581250
7176		-6.493750
7177		-6.225000
7178		-6.581250
7179		-6.437500
7180		-6.343750
7181		-6.612500
7182		-6.787500
7183		-6.937500
7184		-7.175000
7185		-7.587500
7186		-7.975000
7187		-8.300000
7188		-8.718750
7189		-8.981250
7190		-9.693750
7191		-9.900000
7192		-10.231250
7193		-10.581250
7194		-11.118750
7195		-11.475000
7196		-11.856250
7197		-11.768750
7198		-12.512500
7199		-12.450000
7200		-12.868750
7201		-12.775000
7202		-12.806250
7203		-12.987500
7204		-12.806250
7205		-13.106250
7206		-12.718750
7207		-12.750000
7208		-12.512500
7209		-12.068750
7210		-12.306250
7211		-12.362500
7212		-11.500000
7213		-11.412500
7214		-10.881250
7215		-11.031250
7216		-10.581250
7217		-10.675000
7218		-10.375000
7219		-10.437500
7220		-10.406250
7221		-9.900000
7222		-9.900000
7223		-9.900000
7224		-9.693750
7225		-9.575000
7226		-9.131250
7227		-9.368750
7228		-9.250000
7229		-9.043750
7230		-8.956250
7231		-8.956250
7232		-8.656250
7233		-8.300000
7234		-8.418750
7235		-8.062500
7236		-7.887500
7237		-7.768750
7238		-7.587500
7239		-7.562500
7240		-6.881250
7241		-6.668750
7242		-6.818750
7243		-6.343750
7244		-6.018750
7245		-6.137500
7246		-5.456250
7247		-5.218750
7248		-5.368750
7249		-4.862500
7250		-4.743750
7251		-4.831250
7252		-4.743750
7253		-4.362500
7254		-4.150000
7255		-3.943750
7256		-3.587500
7257		-3.768750
7258		-3.768750
7259		-3.381250
7260		-3.293750
7261		-2.643750
7262		-2.581250
7263		-2.668750
7264		-2.375000
7265		-2.050000
7266		-1.693750
7267		-1.425000
7268		-1.306250
7269		-1.575000
7270		-0.712500
7271		-1.100000
7272		-0.893750
7273		-0.593750
7274		-0.950000
7275		-0.212500
7276		-0.118750
7277		-0.181250
7278		0.056250
7279		0.262500
7280		0.293750
7281		0.443750
7282		0.443750
7283		0.531250
7284		0.443750
7285		0.706250
7286		0.412500
7287		0.768750
7288		0.175000
7289		0.443750
7290		0.143750
7291		0.087500
7292		0.025000
7293		-0.150000
7294		-0.475000
7295		-0.268750
7296		-0.356250
7297		-0.475000
7298		-0.687500
7299		-0.806250
7300		-1.131250
7301		-1.012500
7302		-1.250000
7303		-1.693750
7304		-1.662500
7305		-1.725000
7306		-1.956250
7307		-2.312500
7308		-2.287500
7309		-2.787500
7310		-2.968750
7311		-3.112500
7312		-3.112500
7313		-3.856250
7314		-4.006250
7315		-4.418750
7316		-4.806250
7317		-4.687500
7318		-5.250000
7319		-5.931250
7320		-6.081250
7321		-6.731250
7322		-6.731250
7323		-7.175000
7324		-7.475000
7325		-7.768750
7326		-8.212500
7327		-8.656250
7328		-8.837500
7329		-9.312500
7330		-9.637500
7331		-9.606250
7332		-9.606250
7333		-10.081250
7334		-10.050000
7335		-10.137500
7336		-10.375000
7337		-10.581250
7338		-10.493750
7339		-11.031250
7340		-10.643750
7341		-10.881250
7342		-10.881250
7343		-10.850000
7344		-10.968750
7345		-10.612500
7346		-11.000000
7347		-10.793750
7348		-10.675000
7349		-10.912500
7350		-10.818750
7351		-10.643750
7352		-10.675000
7353		-10.643750
7354		-10.675000
7355		-10.287500
7356		-10.643750
7357		-10.350000
7358		-10.437500
7359		-10.581250
7360		-10.675000
7361		-10.612500
7362		-10.318750
7363		-10.256250
7364		-9.756250
7365		-10.168750
7366		-9.662500
7367		-10.081250
7368		-9.725000
7369		-9.543750
7370		-9.781250
7371		-9.100000
7372		-9.250000
7373		-8.718750
7374		-8.600000
7375		-8.656250
7376		-7.918750
7377		-7.618750
7378		-7.325000
7379		-7.262500
7380		-6.437500
7381		-6.493750
7382		-6.137500
7383		-5.337500
7384		-5.281250
7385		-4.600000
7386		-4.268750
7387		-3.856250
7388		-3.618750
7389		-2.818750
7390		-2.731250
7391		-2.193750
7392		-2.050000
7393		-1.631250
7394		-1.037500
7395		-1.156250
7396		-0.475000
7397		-0.356250
7398		0.000000
7399		0.325000
7400		0.325000
7401		0.737500
7402		0.681250
7403		0.681250
7404		0.650000
7405		0.587500
7406		0.887500
7407		0.825000
7408		1.181250
7409		0.943750
7410		0.650000
7411		0.825000
7412		0.650000
7413		0.531250
7414		0.587500
7415		0.531250
7416		0.443750
7417		0.381250
7418		0.143750
7419		0.000000
7420		-0.031250
7421		-0.062500
7422		0.293750
7423		-0.237500
7424		-0.237500
7425		0.175000
7426		-0.568750
7427		-0.031250
7428		-0.031250
7429		0.025000
7430		-0.150000
7431		0.143750
7432		-0.300000
7433		-0.356250
7434		-0.450000
7435		-0.593750
7436		-0.506250
7437		-0.656250
7438		-0.862500
7439		-0.743750
7440		-0.950000
7441		-1.250000
7442		-1.275000
7443		-1.306250
7444		-1.631250
7445		-1.512500
7446		-1.931250
7447		-2.075000
7448		-2.431250
7449		-2.787500
7450		-2.762500
7451		-3.087500
7452		-2.850000
7453		-3.587500
7454		-4.450000
7455		-4.243750
7456		-4.418750
7457		-4.125000
7458		-4.568750
7459		-4.950000
7460		-5.043750
7461		-5.043750
7462		-5.337500
7463		-5.487500
7464		-5.662500
7465		-5.725000
7466		-6.106250
7467		-6.256250
7468		-6.200000
7469		-6.343750
7470		-6.850000
7471		-6.968750
7472		-7.237500
7473		-7.356250
7474		-7.587500
7475		-7.681250
7476		-7.681250
7477		-7.975000
7478		-8.300000
7479		-8.062500
7480		-8.300000
7481		-8.062500
7482		-8.331250
7483		-8.362500
7484		-8.568750
7485		-8.600000
7486		-8.656250
7487		-8.568750
7488		-8.656250
7489		-8.450000
7490		-8.743750
7491		-8.656250
7492		-8.806250
7493		-8.806250
7494		-8.512500
7495		-8.837500
7496		-8.362500
7497		-8.181250
7498		-8.362500
7499		-8.125000
7500		-8.037500
7501		-8.093750
7502		-7.618750
7503		-7.650000
7504		-7.237500
7505		-7.325000
7506		-7.237500
7507		-7.118750
7508		-6.643750
7509		-6.937500
7510		-6.818750
7511		-6.343750
7512		-6.612500
7513		-6.081250
7514		-5.987500
7515		-5.750000
7516		-5.400000
7517		-4.806250
7518		-4.506250
7519		-4.450000
7520		-4.418750
7521		-4.300000
7522		-3.443750
7523		-3.531250
7524		-3.587500
7525		-3.350000
7526		-2.731250
7527		-2.668750
7528		-2.375000
7529		-2.075000
7530		-2.225000
7531		-2.075000
7532		-1.868750
7533		-1.456250
7534		-1.275000
7535		-0.950000
7536		-0.775000
7537		-0.418750
7538		-0.568750
7539		-0.118750
7540		-0.150000
7541		-0.093750
7542		0.087500
7543		0.350000
7544		0.500000
7545		0.562500
7546		0.531250
7547		0.737500
7548		0.975000
7549		0.737500
7550		1.062500
7551		1.093750
7552		1.537500
7553		1.506250
7554		1.625000
7555		1.656250
7556		1.925000
7557		1.950000
7558		1.656250
7559		2.250000
7560		2.162500
7561		2.162500
7562		1.950000
7563		2.068750
7564		1.806250
7565		2.043750
7566		2.400000
7567		2.187500
7568		1.837500
7569		1.862500
7570		1.837500
7571		2.100000
7572		2.218750
7573		1.775000
7574		1.806250
7575		1.656250
7576		1.862500
7577		1.568750
7578		1.537500
7579		1.743750
7580		1.625000
7581		1.481250
7582		1.362500
7583		1.062500
7584		1.243750
7585		1.093750
7586		1.062500
7587		0.918750
7588		0.918750
7589		0.768750
7590		0.681250
7591		0.768750
7592		0.587500
7593		0.618750
7594		0.412500
7595		0.325000
7596		0.231250
7597		0.293750
7598		0.175000
7599		0.025000
7600		-0.093750
7601		0.087500
7602		-0.418750
7603		-0.506250
7604		-0.475000
7605		-0.593750
7606		-0.625000
7607		-0.862500
7608		-0.806250
7609		-0.862500
7610		-1.012500
7611		-1.068750
7612		-1.393750
7613		-1.543750
7614		-1.393750
7615		-1.900000
7616		-1.456250
7617		-1.393750
7618		-2.050000
7619		-1.956250
7620		-2.050000
7621		-2.225000
7622		-2.287500
7623		-2.493750
7624		-2.668750
7625		-2.525000
7626		-2.643750
7627		-2.787500
7628		-2.818750
7629		-2.906250
7630		-2.700000
7631		-2.937500
7632		-2.968750
7633		-2.550000
7634		-3.175000
7635		-3.087500
7636		-3.112500
7637		-3.350000
7638		-3.262500
7639		-3.262500
7640		-3.231250
7641		-3.056250
7642		-3.500000
7643		-3.175000
7644		-3.350000
7645		-3.143750
7646		-3.381250
7647		-3.025000
7648		-3.325000
7649		-3.025000
7650		-3.381250
7651		-3.206250
7652		-3.087500
7653		-3.025000
7654		-2.818750
7655		-2.968750
7656		-3.056250
7657		-2.668750
7658		-2.731250
7659		-2.731250
7660		-2.668750
7661		-2.525000
7662		-2.312500
7663		-2.375000
7664		-2.287500
7665		-1.750000
7666		-1.931250
7667		-1.843750
7668		-1.393750
7669		-1.012500
7670		-1.100000
7671		-0.893750
7672		-0.981250
7673		-0.356250
7674		-0.568750
7675		-0.268750
7676		-0.062500
7677		0.000000
7678		0.293750
7679		0.231250
7680		0.618750
7681		0.737500
7682		0.856250
7683		0.975000
7684		1.031250
7685		0.975000
7686		1.031250
7687		1.268750
7688		1.212500
7689		1.481250
7690		1.387500
7691		1.537500
7692		1.418750
7693		1.362500
7694		1.125000
7695		1.181250
7696		1.093750
7697		1.243750
7698		0.975000
7699		1.150000
7700		1.125000
7701		1.031250
7702		0.737500
7703		0.825000
7704		0.587500
7705		0.587500
7706		0.443750
7707		0.325000
7708		0.381250
7709		-0.062500
7710		0.143750
7711		0.087500
7712		-0.093750
7713		-0.118750
7714		-0.150000
7715		-0.300000
7716		-0.300000
7717		-0.806250
7718		-0.893750
7719		-0.806250
7720		-0.806250
7721		-1.100000
7722		-1.156250
7723		-1.275000
7724		-1.187500
7725		-1.425000
7726		-1.337500
7727		-1.662500
7728		-1.931250
7729		-1.543750
7730		-1.781250
7731		-1.843750
7732		-1.987500
7733		-2.225000
7734		-2.312500
7735		-2.168750
7736		-2.287500
7737		-2.493750
7738		-2.493750
7739		-2.937500
7740		-2.731250
7741		-2.312500
7742		-2.668750
7743		-2.787500
7744		-3.262500
7745		-3.056250
7746		-3.143750
7747		-3.025000
7748		-2.643750
7749		-2.993750
7750		-2.762500
7751		-2.550000
7752		-2.493750
7753		-2.225000
7754		-2.256250
7755		-2.256250
7756		-2.287500
7757		-1.900000
7758		-1.575000
7759		-1.750000
7760		-1.393750
7761		-1.575000
7762		-1.037500
7763		-1.218750
7764		-1.368750
7765		-0.862500
7766		-0.625000
7767		-0.300000
7768		-0.712500
7769		0.000000
7770		-0.212500
7771		0.231250
7772		0.112500
7773		0.143750
7774		0.350000
7775		0.056250
7776		0.231250
7777		0.500000
7778		0.618750
7779		0.412500
7780		0.587500
7781		0.500000
7782		0.381250
7783		0.856250
7784		0.768750
7785		0.768750
7786		0.825000
7787		1.006250
7788		0.943750
7789		1.506250
7790		1.331250
7791		1.062500
7792		1.418750
7793		1.243750
7794		0.918750
7795		1.537500
7796		1.418750
7797		1.362500
7798		1.006250
7799		1.062500
7800		1.387500
7801		1.212500
7802		1.031250
7803		0.825000
7804		0.681250
7805		0.587500
7806		0.325000
7807		0.143750
7808		0.112500
7809		0.231250
7810		-0.093750
7811		-0.537500
7812		-0.300000
7813		-0.862500
7814		-1.187500
7815		-1.487500
7816		-1.606250
7817		-1.987500
7818		-2.343750
7819		-1.868750
7820		-2.256250
7821		-2.643750
7822		-2.668750
7823		-2.875000
7824		-3.025000
7825		-3.112500
7826		-3.262500
7827		-3.618750
7828		-3.262500
7829		-3.706250
7830		-3.825000
7831		-4.031250
7832		-4.006250
7833		-4.150000
7834		-4.243750
7835		-4.506250
7836		-4.418750
7837		-4.481250
7838		-4.718750
7839		-4.656250
7840		-4.893750
7841		-4.862500
7842		-4.831250
7843		-5.250000
7844		-5.100000
7845		-5.218750
7846		-5.456250
7847		-5.368750
7848		-5.518750
7849		-5.637500
7850		-5.487500
7851		-5.368750
7852		-5.606250
7853		-5.368750
7854		-5.456250
7855		-5.337500
7856		-5.043750
7857		-5.337500
7858		-5.162500
7859		-4.950000
7860		-4.718750
7861		-4.862500
7862		-4.656250
7863		-4.450000
7864		-4.300000
7865		-3.912500
7866		-3.912500
7867		-3.650000
7868		-3.500000
7869		-3.681250
7870		-3.025000
7871		-2.968750
7872		-3.112500
7873		-2.668750
7874		-2.106250
7875		-2.193750
7876		-2.343750
7877		-1.931250
7878		-1.631250
7879		-1.456250
7880		-1.487500
7881		-1.425000
7882		-1.337500
7883		-0.950000
7884		-0.568750
7885		-0.506250
7886		-0.237500
7887		-0.181250
7888		0.112500
7889		0.231250
7890		0.681250
7891		0.825000
7892		1.093750
7893		1.331250
7894		1.268750
7895		1.568750
7896		1.362500
7897		1.625000
7898		1.718750
7899		1.925000
7900		1.806250
7901		2.162500
7902		2.100000
7903		1.862500
7904		2.518750
7905		2.250000
7906		2.693750
7907		2.662500
7908		2.606250
7909		2.662500
7910		2.518750
7911		2.756250
7912		2.725000
7913		2.543750
7914		2.662500
7915		2.543750
7916		2.543750
7917		2.575000
7918		2.756250
7919		2.487500
7920		2.162500
7921		2.725000
7922		2.575000
7923		2.575000
7924		2.518750
7925		2.306250
7926		2.368750
7927		2.456250
7928		2.250000
7929		2.456250
7930		2.218750
7931		2.306250
7932		2.162500
7933		2.218750
7934		2.068750
7935		1.625000
7936		2.368750
7937		1.775000
7938		1.806250
7939		1.362500
7940		1.600000
7941		1.568750
7942		1.300000
7943		1.243750
7944		1.331250
7945		1.387500
7946		1.181250
7947		0.943750
7948		0.587500
7949		0.531250
7950		0.412500
7951		0.531250
7952		0.381250
7953		0.562500
7954		0.737500
7955		0.887500
7956		0.587500
7957		0.468750
7958		0.206250
7959		0.056250
7960		0.412500
7961		0.206250
7962		0.381250
7963		0.587500
7964		0.231250
7965		0.025000
7966		0.000000
7967		-0.212500
7968		0.087500
7969		-0.300000
7970		0.000000
7971		-0.181250
7972		0.087500
7973		0.025000
7974		-0.118750
7975		-0.268750
7976		-0.062500
7977		-0.331250
7978		-0.568750
7979		-0.593750
7980		-0.537500
7981		-0.806250
7982		-0.687500
7983		-0.743750
7984		-0.893750
7985		-0.831250
7986		-0.743750
7987		-0.656250
7988		-1.037500
7989		-1.156250
7990		-1.156250
7991		-1.068750
7992		-1.187500
7993		-1.187500
7994		-1.131250
7995		-1.393750
7996		-1.131250
7997		-1.306250
7998		-1.456250
7999		-1.393750
8000		-1.250000
8001		-1.250000
8002		-1.275000
8003		-1.218750
8004		-1.393750
8005		-0.862500
8006		-1.131250
8007		-0.893750
8008		-1.187500
8009		-0.925000
8010		-0.893750
8011		-0.950000
8012		-0.806250
8013		-0.568750
8014		-0.450000
8015		-0.568750
8016		-0.712500
8017		-0.418750
8018		-0.181250
8019		-0.506250
8020		-0.212500
8021		-0.568750
8022		0.112500
8023		-0.062500
8024		-0.093750
8025		0.056250
8026		0.087500
8027		0.112500
8028		0.025000
8029		0.112500
8030		0.175000
8031		0.500000
8032		0.175000
8033		0.500000
8034		0.681250
8035		0.737500
8036		0.825000
8037		0.943750
8038		0.887500
8039		0.918750
8040		1.125000
8041		0.975000
8042		1.243750
8043		1.387500
8044		1.362500
8045		1.568750
8046		1.656250
8047		1.387500
8048		1.537500
8049		1.537500
8050		2.012500
8051		1.925000
8052		1.775000
8053		1.600000
8054		1.862500
8055		1.950000
8056		1.925000
8057		2.068750
8058		2.187500
8059		2.162500
8060		1.925000
8061		1.718750
8062		2.218750
8063		2.162500
8064		1.862500
8065		2.043750
8066		1.950000
8067		1.568750
8068		1.837500
8069		1.450000
8070		1.506250
8071		1.331250
8072		1.450000
8073		1.506250
8074		1.243750
8075		1.093750
8076		1.181250
8077		0.737500
8078		0.681250
8079		0.381250
8080		0.325000
8081		0.175000
8082		0.000000
8083		-0.212500
8084		-0.356250
8085		-0.387500
8086		-0.712500
8087		-0.656250
8088		-1.156250
8089		-1.037500
8090		-1.250000
8091		-1.543750
8092		-1.275000
8093		-1.187500
8094		-1.187500
8095		-1.662500
8096		-1.606250
8097		-1.781250
8098		-2.343750
8099		-2.462500
8100		-2.225000
8101		-2.406250
8102		-2.375000
8103		-2.462500
8104		-2.668750
8105		-2.375000
8106		-2.525000
8107		-2.850000
8108		-2.875000
8109		-2.850000
8110		-2.993750
8111		-2.968750
8112		-3.293750
8113		-3.175000
8114		-3.175000
8115		-3.231250
8116		-3.468750
8117		-3.468750
8118		-3.412500
8119		-3.262500
8120		-3.531250
8121		-3.587500
8122		-3.531250
8123		-3.381250
8124		-3.175000
8125		-3.112500
8126		-3.231250
8127		-3.175000
8128		-2.968750
8129		-2.906250
8130		-2.462500
8131		-2.731250
8132		-2.581250
8133		-2.225000
8134		-2.050000
8135		-2.375000
8136		-1.987500
8137		-1.631250
8138		-1.456250
8139		-1.368750
8140		-1.037500
8141		-0.656250
8142		-0.743750
8143		-0.212500
8144		-0.150000
8145		0.175000
8146		0.350000
8147		0.618750
8148		0.768750
8149		0.737500
8150		0.943750
8151		1.418750
8152		1.418750
8153		1.268750
8154		1.600000
8155		1.600000
8156		1.481250
8157		1.625000
8158		1.893750
8159		1.625000
8160		1.568750
8161		1.481250
8162		1.656250
8163		1.093750
8164		1.006250
8165		0.943750
8166		0.650000
8167		0.562500
8168		0.562500
8169		0.293750
8170		-0.387500
8171		-0.300000
8172		-0.537500
8173		-0.743750
8174		-0.743750
8175		-1.250000
8176		-1.187500
8177		-1.218750
8178		-1.781250
8179		-1.606250
8180		-1.631250
8181		-1.575000
8182		-1.750000
8183		-1.900000
8184		-1.987500
8185		-1.781250
8186		-2.050000
8187		-1.781250
8188		-1.931250
8189		-1.812500
8190		-1.900000
8191		-1.900000
8192		-1.606250
8193		-1.543750
8194		-1.750000
8195		-1.868750
8196		-1.812500
8197		-1.606250
8198		-1.693750
8199		-1.606250
8200		-1.631250
8201		-1.512500
8202		-1.512500
8203		-1.156250
8204		-1.456250
8205		-1.012500
8206		-1.187500
8207		-0.862500
8208		-0.743750
8209		-0.300000
8210		-0.356250
8211		-0.093750
8212		0.143750
8213		0.325000
8214		0.468750
8215		0.887500
8216		1.125000
8217		1.506250
8218		1.625000
8219		1.568750
8220		1.950000
8221		2.843750
8222		2.931250
8223		2.987500
8224		3.200000
8225		3.581250
8226		3.437500
8227		3.881250
8228		3.850000
8229		4.000000
8230		3.581250
8231		4.293750
8232		3.968750
8233		3.850000
8234		3.850000
8235		3.343750
8236		3.437500
8237		3.406250
8238		3.081250
8239		2.987500
8240		2.400000
8241		2.218750
8242		1.862500
8243		1.656250
8244		1.062500
8245		0.650000
8246		-0.062500
8247		-0.181250
8248		-0.806250
8249		-0.893750
8250		-1.456250
8251		-1.693750
8252		-2.018750
8253		-2.668750
8254		-2.668750
8255		-3.087500
8256		-3.206250
8257		-3.825000
8258		-3.975000
8259		-4.093750
8260		-4.418750
8261		-4.331250
8262		-4.387500
8263		-4.506250
8264		-4.718750
8265		-4.950000
8266		-4.506250
8267		-4.806250
8268		-4.775000
8269		-4.450000
8270		-4.387500
8271		-4.031250
8272		-4.006250
8273		-3.825000
8274		-4.125000
8275		-3.381250
8276		-3.325000
8277		-3.325000
8278		-3.025000
8279		-3.143750
8280		-2.731250
8281		-2.406250
8282		-2.256250
8283		-1.900000
8284		-1.868750
8285		-1.393750
8286		-1.393750
8287		-1.100000
8288		-1.131250
8289		-0.656250
8290		-0.625000
8291		-0.568750
8292		-0.356250
8293		-0.268750
8294		-0.212500
8295		0.175000
8296		0.293750
8297		0.000000
8298		-0.212500
8299		0.500000
8300		0.175000
8301		0.681250
8302		0.587500
8303		0.650000
8304		0.650000
8305		0.825000
8306		1.062500
8307		1.062500
8308		1.031250
8309		0.825000
8310		0.737500
8311		0.825000
8312		0.681250
8313		1.125000
8314		0.681250
8315		0.887500
8316		1.268750
8317		0.800000
8318		0.468750
8319		0.531250
8320		0.681250
8321		0.500000
8322		0.468750
8323		0.112500
8324		0.262500
8325		-0.118750
8326		-0.506250
8327		0.087500
8328		-0.356250
8329		-0.356250
8330		-0.506250
8331		-0.593750
8332		-0.593750
8333		-1.131250
8334		-1.012500
8335		-1.037500
8336		-1.100000
8337		-0.775000
8338		-0.981250
8339		-1.012500
8340		-1.037500
8341		-0.806250
8342		-0.775000
8343		-0.593750
8344		-0.593750
8345		-0.237500
8346		-0.356250
8347		0.000000
8348		0.206250
8349		0.350000
8350		0.681250
8351		0.587500
8352		1.062500
8353		1.125000
8354		1.387500
8355		1.418750
8356		1.743750
8357		1.893750
8358		1.981250
8359		2.043750
8360		2.456250
8361		2.068750
8362		2.575000
8363		2.543750
8364		2.543750
8365		2.425000
8366		2.306250
8367		2.218750
8368		2.218750
8369		2.100000
8370		2.068750
8371		1.950000
8372		1.837500
8373		1.625000
8374		1.537500
8375		0.887500
8376		1.006250
8377		0.650000
8378		0.325000
8379		0.175000
8380		-0.118750
8381		0.087500
8382		-0.656250
8383		-0.568750
8384		-0.831250
8385		-1.100000
8386		-1.337500
8387		-1.250000
8388		-1.393750
8389		-1.987500
8390		-1.662500
8391		-1.987500
8392		-2.018750
8393		-2.193750
8394		-2.137500
8395		-2.462500
8396		-2.193750
8397		-2.431250
8398		-2.431250
8399		-2.375000
8400		-2.762500
8401		-2.493750
8402		-2.668750
8403		-2.375000
8404		-2.343750
8405		-2.731250
8406		-2.312500
8407		-2.343750
8408		-2.225000
8409		-2.287500
8410		-2.168750
8411		-2.225000
8412		-2.287500
8413		-2.193750
8414		-1.843750
8415		-2.312500
8416		-1.750000
8417		-1.606250
8418		-1.750000
8419		-1.606250
8420		-1.750000
8421		-1.606250
8422		-1.631250
8423		-1.337500
8424		-1.487500
8425		-1.156250
8426		-1.337500
8427		-1.012500
8428		-1.100000
8429		-1.156250
8430		-1.487500
8431		-1.156250
8432		-1.306250
8433		-0.537500
8434		-0.862500
8435		-0.862500
8436		-1.037500
8437		-0.981250
8438		-1.456250
8439		-1.131250
8440		-1.306250
8441		-1.068750
8442		-1.306250
8443		-1.812500
8444		-1.693750
8445		-1.781250
8446		-1.987500
8447		-1.900000
8448		-2.493750
8449		-2.668750
8450		-3.025000
8451		-3.087500
8452		-3.175000
8453		-3.468750
8454		-3.562500
8455		-4.006250
8456		-4.006250
8457		-4.268750
8458		-4.062500
8459		-4.862500
8460		-4.600000
8461		-5.012500
8462		-5.012500
8463		-5.337500
8464		-5.250000
8465		-5.400000
8466		-5.337500
8467		-5.637500
8468		-5.337500
8469		-5.368750
8470		-5.250000
8471		-5.187500
8472		-5.162500
8473		-4.862500
8474		-4.212500
8475		-4.268750
8476		-4.268750
8477		-3.768750
8478		-3.681250
8479		-3.562500
8480		-2.875000
8481		-2.850000
8482		-2.668750
8483		-2.493750
8484		-1.543750
8485		-1.750000
8486		-1.456250
8487		-0.806250
8488		-0.656250
8489		-0.118750
8490		0.143750
8491		0.918750
8492		0.468750
8493		0.943750
8494		1.362500
8495		1.743750
8496		2.306250
8497		2.543750
8498		2.662500
8499		2.987500
8500		2.693750
8501		3.018750
8502		3.525000
8503		3.643750
8504		3.643750
8505		3.850000
8506		4.056250
8507		4.412500
8508		4.118750
8509		4.175000
8510		4.356250
8511		4.237500
8512		4.087500
8513		3.881250
8514		4.025000
8515		4.025000
8516		3.906250
8517		3.818750
8518		3.525000
8519		3.437500
8520		3.106250
8521		3.081250
8522		3.106250
8523		2.812500
8524		2.693750
8525		2.543750
8526		2.756250
8527		2.281250
8528		2.162500
8529		1.775000
8530		1.600000
8531		1.062500
8532		1.031250
8533		1.062500
8534		0.468750
8535		0.443750
8536		0.143750
8537		-0.093750
8538		-0.150000
8539		-0.450000
8540		-0.806250
8541		-0.806250
8542		-1.037500
8543		-1.425000
8544		-1.393750
8545		-1.487500
8546		-1.368750
8547		-1.606250
8548		-2.137500
8549		-1.931250
8550		-1.843750
8551		-2.075000
8552		-1.931250
8553		-1.987500
8554		-2.193750
8555		-2.050000
8556		-2.050000
8557		-1.868750
8558		-1.900000
8559		-1.631250
8560		-1.781250
8561		-1.812500
8562		-2.225000
8563		-1.575000
8564		-1.512500
8565		-1.750000
8566		-1.575000
8567		-1.068750
8568		-1.131250
8569		-1.487500
8570		-1.156250
8571		-1.306250
8572		-1.306250
8573		-1.131250
8574		-1.250000
8575		-1.012500
8576		-1.100000
8577		-0.925000
8578		-1.218750
8579		-1.187500
8580		-1.037500
8581		-1.337500
8582		-1.337500
8583		-1.456250
8584		-1.100000
8585		-1.456250
8586		-1.543750
8587		-1.606250
8588		-1.843750
8589		-1.812500
8590		-1.693750
8591		-2.018750
8592		-2.075000
8593		-2.612500
8594		-2.525000
8595		-2.993750
8596		-2.581250
8597		-2.906250
8598		-3.231250
8599		-3.412500
8600		-3.325000
8601		-3.587500
8602		-3.825000
8603		-4.093750
8604		-4.212500
8605		-4.243750
8606		-4.600000
8607		-4.718750
8608		-4.743750
8609		-4.600000
8610		-4.893750
8611		-5.281250
8612		-4.775000
8613		-5.456250
8614		-5.306250
8615		-5.218750
8616		-5.456250
8617		-5.218750
8618		-5.100000
8619		-5.368750
8620		-5.068750
8621		-5.162500
8622		-5.162500
8623		-5.187500
8624		-4.806250
8625		-4.806250
8626		-4.568750
8627		-4.506250
8628		-4.125000
8629		-3.975000
8630		-4.268750
8631		-3.587500
8632		-4.031250
8633		-3.500000
8634		-3.087500
8635		-3.412500
8636		-2.937500
8637		-2.731250
8638		-2.525000
8639		-2.256250
8640		-2.168750
8641		-1.987500
8642		-1.931250
8643		-1.512500
8644		-1.275000
8645		-1.218750
8646		-1.012500
8647		-1.012500
8648		-0.625000
8649		-0.743750
8650		-0.300000
8651		-0.506250
8652		-0.093750
8653		0.000000
8654		0.000000
8655		0.381250
8656		0.087500
8657		0.231250
8658		0.443750
8659		0.412500
8660		0.650000
8661		0.825000
8662		0.737500
8663		0.531250
8664		0.768750
8665		0.325000
8666		0.443750
8667		1.362500
8668		0.681250
8669		0.381250
8670		0.381250
8671		0.293750
8672		0.175000
8673		0.350000
8674		0.112500
8675		0.325000
8676		0.231250
8677		0.943750
8678		0.175000
8679		0.350000
8680		0.443750
8681		0.325000
8682		0.562500
8683		0.325000
8684		0.443750
8685		0.381250
8686		0.350000
8687		0.856250
8688		0.587500
8689		0.800000
8690		0.706250
8691		0.887500
8692		1.006250
8693		1.031250
8694		0.800000
8695		0.681250
8696		1.243750
8697		1.212500
8698		1.268750
8699		1.506250
8700		1.331250
8701		1.718750
8702		1.506250
8703		1.687500
8704		1.387500
8705		1.243750
8706		1.537500
8707		1.062500
8708		1.656250
8709		1.362500
8710		1.181250
8711		1.362500
8712		1.331250
8713		1.300000
8714		1.268750
8715		1.450000
8716		1.300000
8717		1.181250
8718		1.212500
8719		1.062500
8720		1.506250
8721		1.362500
8722		1.031250
8723		1.568750
8724		1.093750
8725		1.062500
8726		1.506250
8727		1.006250
8728		0.975000
8729		1.031250
8730		1.031250
8731		0.706250
8732		0.918750
8733		0.975000
8734		0.681250
8735		0.231250
8736		0.325000
8737		0.468750
8738		0.087500
8739		0.143750
8740		-0.300000
8741		0.175000
8742		-0.537500
8743		-0.475000
8744		-0.568750
8745		-0.862500
8746		-1.187500
8747		-1.131250
8748		-1.218750
8749		-1.131250
8750		-1.337500
8751		-1.606250
8752		-1.900000
8753		-1.750000
8754		-2.225000
8755		-2.287500
8756		-2.493750
8757		-2.225000
8758		-2.525000
8759		-2.762500
8760		-2.731250
8761		-2.937500
8762		-2.818750
8763		-3.262500
8764		-2.668750
8765		-3.056250
8766		-2.875000
8767		-3.087500
8768		-3.025000
8769		-3.087500
8770		-2.700000
8771		-3.143750
8772		-2.493750
8773		-2.643750
8774		-2.612500
8775		-2.431250
8776		-2.668750
8777		-2.668750
8778		-2.106250
8779		-1.868750
8780		-1.956250
8781		-1.543750
8782		-1.843750
8783		-1.275000
8784		-1.693750
8785		-1.275000
8786		-1.218750
8787		-1.131250
8788		-0.625000
8789		-0.743750
8790		-0.450000
8791		-0.331250
8792		-0.593750
8793		-0.450000
8794		-0.118750
8795		0.025000
8796		-0.118750
8797		0.206250
8798		0.000000
8799		0.025000
8800		0.175000
8801		0.143750
8802		0.231250
8803		0.087500
8804		-0.062500
8805		0.381250
8806		0.531250
8807		0.381250
8808		0.587500
8809		0.737500
8810		0.737500
8811		0.856250
8812		0.918750
8813		0.918750
8814		0.800000
8815		1.093750
8816		0.918750
8817		1.181250
8818		1.506250
8819		1.181250
8820		1.481250
8821		1.481250
8822		1.418750
8823		2.012500
8824		1.862500
8825		1.656250
8826		1.568750
8827		1.687500
8828		1.925000
8829		2.218750
8830		2.162500
8831		2.100000
8832		1.806250
8833		1.981250
8834		2.043750
8835		2.100000
8836		2.250000
8837		1.806250
8838		1.981250
8839		2.068750
8840		2.012500
8841		1.950000
8842		1.775000
8843		1.806250
8844		1.775000
8845		1.450000
8846		1.656250
8847		1.418750
8848		1.300000
8849		1.150000
8850		1.062500
8851		1.150000
8852		0.943750
8853		0.918750
8854		0.531250
8855		0.587500
8856		0.175000
8857		0.175000
8858		0.112500
8859		0.025000
8860		-0.181250
8861		-0.031250
8862		-0.356250
8863		-0.181250
8864		-0.593750
8865		-0.656250
8866		-0.593750
8867		-0.743750
8868		-0.743750
8869		-0.862500
8870		-1.012500
8871		-1.306250
8872		-1.425000
8873		-1.187500
8874		-1.487500
8875		-1.781250
8876		-1.456250
8877		-1.987500
8878		-2.106250
8879		-1.781250
8880		-2.225000
8881		-1.931250
8882		-1.900000
8883		-2.343750
8884		-2.525000
8885		-2.462500
8886		-2.937500
8887		-2.906250
8888		-2.968750
8889		-2.818750
8890		-2.850000
8891		-2.850000
8892		-2.668750
8893		-2.850000
8894		-2.875000
8895		-3.175000
8896		-2.906250
8897		-2.937500
8898		-2.731250
8899		-2.668750
8900		-2.968750
8901		-3.087500
8902		-2.875000
8903		-2.993750
8904		-2.906250
8905		-2.700000
8906		-2.375000
8907		-2.850000
8908		-2.762500
8909		-2.431250
8910		-2.312500
8911		-2.581250
8912		-2.168750
8913		-2.137500
8914		-2.193750
8915		-1.931250
8916		-1.931250
8917		-2.050000
8918		-1.987500
8919		-1.543750
8920		-1.725000
8921		-1.987500
8922		-1.575000
8923		-1.812500
8924		-1.662500
8925		-1.187500
8926		-1.187500
8927		-1.306250
8928		-1.131250
8929		-0.950000
8930		-0.775000
8931		-0.568750
8932		-0.656250
8933		0.056250
8934		-0.212500
8935		0.056250
8936		-0.062500
8937		0.056250
8938		0.562500
8939		0.737500
8940		0.587500
8941		0.825000
8942		0.706250
8943		1.125000
8944		0.975000
8945		1.150000
8946		1.687500
8947		1.450000
8948		1.331250
8949		1.418750
8950		2.043750
8951		1.656250
8952		2.187500
8953		2.068750
8954		2.162500
8955		2.068750
8956		1.893750
8957		2.043750
8958		2.068750
8959		2.012500
8960		2.218750
8961		2.250000
8962		2.543750
8963		2.100000
8964		2.012500
8965		2.368750
8966		2.400000
8967		2.693750
8968		2.543750
8969		2.637500
8970		2.693750
8971		3.050000
8972		2.725000
8973		2.868750
8974		3.137500
8975		3.287500
8976		3.225000
8977		3.318750
8978		3.256250
8979		3.493750
8980		3.581250
8981		3.643750
8982		4.143750
8983		3.793750
8984		4.237500
8985		4.356250
8986		4.500000
8987		4.175000
8988		4.443750
8989		4.237500
8990		4.887500
8991		4.618750
8992		4.593750
8993		4.825000
8994		4.618750
8995		4.681250
8996		4.825000
8997		4.918750
8998		4.825000
8999		4.800000
9000		4.681250
9001		4.593750
9002		4.887500
9003		4.975000
9004		4.768750
9005		4.531250
9006		4.618750
9007		4.500000
9008		4.500000
9009		4.293750
9010		4.381250
9011		4.175000
9012		4.293750
9013		4.206250
9014		3.937500
9015		4.237500
9016		4.381250
9017		4.293750
9018		4.237500
9019		3.906250
9020		4.000000
9021		3.906250
9022		4.000000
9023		3.731250
9024		3.556250
9025		3.675000
9026		3.643750
9027		3.581250
9028		3.675000
9029		3.643750
9030		3.375000
9031		3.581250
9032		3.256250
9033		3.343750
9034		3.106250
9035		3.375000
9036		3.343750
9037		2.843750
9038		2.518750
9039		2.518750
9040		2.400000
9041		2.456250
9042		2.306250
9043		2.162500
9044		1.950000
9045		2.043750
9046		1.537500
9047		1.656250
9048		1.212500
9049		1.212500
9050		1.181250
9051		0.918750
9052		0.412500
9053		0.681250
9054		0.531250
9055		0.231250
9056		0.293750
9057		0.293750
9058		0.262500
9059		-0.093750
9060		-0.150000
9061		-0.418750
9062		-0.181250
9063		-0.118750
9064		-0.300000
9065		-0.150000
9066		-0.268750
9067		-0.268750
9068		-0.300000
9069		-0.300000
9070		-0.118750
9071		-0.356250
9072		-0.062500
9073		-0.212500
9074		-0.062500
9075		-0.418750
9076		-0.062500
9077		-0.268750
9078		0.025000
9079		-0.268750
9080		-0.212500
9081		0.087500
9082		-0.656250
9083		-0.093750
9084		-0.093750
9085		-0.181250
9086		-0.118750
9087		-0.150000
9088		-0.268750
9089		-0.475000
9090		-0.181250
9091		-0.212500
9092		-0.450000
9093		-0.356250
9094		-0.418750
9095		-0.237500
9096		-0.506250
9097		-0.062500
9098		0.000000
9099		-0.062500
9100		-0.237500
9101		-0.118750
9102		0.000000
9103		0.000000
9104		-0.268750
9105		-0.181250
9106		0.468750
9107		0.000000
9108		0.025000
9109		-0.181250
9110		0.087500
9111		0.025000
9112		0.350000
9113		0.175000
9114		0.325000
9115		0.087500
9116		0.443750
9117		-0.118750
9118		0.206250
9119		0.175000
9120		0.443750
9121		0.056250
9122		0.325000
9123		0.381250
9124		0.443750
9125		0.175000
9126		0.412500
9127		0.175000
9128		0.087500
9129		0.025000
9130		0.000000
9131		-0.300000
9132		-0.093750
9133		-0.356250
9134		-0.625000
9135		-0.418750
9136		-0.237500
9137		-0.300000
9138		-0.593750
9139		-0.506250
9140		-0.862500
9141		-0.537500
9142		-0.656250
9143		-0.450000
9144		-0.537500
9145		-0.712500
9146		-0.537500
9147		-0.625000
9148		-0.656250
9149		-0.743750
9150		-0.656250
9151		-0.625000
9152		-0.656250
9153		-0.568750
9154		-0.237500
9155		-0.331250
9156		-0.212500
9157		-0.356250
9158		-0.181250
9159		-0.356250
9160		-0.212500
9161		0.000000
9162		0.206250
9163		0.143750
9164		0.325000
9165		0.768750
9166		0.381250
9167		0.412500
9168		0.618750
9169		0.887500
9170		1.006250
9171		0.737500
9172		0.943750
9173		1.093750
9174		1.006250
9175		1.031250
9176		1.481250
9177		1.243750
9178		1.418750
9179		1.506250
9180		1.362500
9181		1.775000
9182		1.656250
9183		1.893750
9184		1.806250
9185		2.100000
9186		2.012500
9187		1.950000
9188		2.043750
9189		1.981250
9190		2.068750
9191		1.981250
9192		1.981250
9193		2.368750
9194		2.218750
9195		2.250000
9196		2.162500
9197		2.400000
9198		2.306250
9199		2.337500
9200		2.337500
9201		2.543750
9202		2.368750
9203		2.606250
9204		2.543750
9205		2.900000
9206		2.662500
9207		2.606250
9208		2.368750
9209		2.487500
9210		2.281250
9211		2.131250
9212		2.487500
9213		1.925000
9214		2.131250
9215		1.950000
9216		1.950000
9217		2.043750
9218		2.100000
9219		1.687500
9220		1.687500
9221		1.506250
9222		1.418750
9223		1.125000
9224		1.300000
9225		0.943750
9226		0.768750
9227		0.887500
9228		0.975000
9229		0.412500
9230		0.381250
9231		0.681250
9232		0.087500
9233		0.706250
9234		0.325000
9235		0.293750
9236		0.087500
9237		0.087500
9238		0.143750
9239		0.143750
9240		-0.181250
9241		-0.118750
9242		0.000000
9243		-0.062500
9244		-0.300000
9245		-0.181250
9246		-0.450000
9247		-0.268750
9248		-0.268750
9249		-0.300000
9250		-0.237500
9251		-0.356250
9252		-0.387500
9253		-0.475000
9254		-0.450000
9255		-0.356250
9256		-0.118750
9257		-0.568750
9258		-0.150000
9259		-0.593750
9260		-0.387500
9261		-0.331250
9262		-0.687500
9263		-0.300000
9264		-0.450000
9265		-0.506250
9266		-0.806250
9267		-0.537500
9268		-0.537500
9269		-0.450000
9270		-0.656250
9271		-0.356250
9272		-0.212500
9273		-0.475000
9274		-0.656250
9275		-0.181250
9276		-0.418750
9277		-0.118750
9278		-0.387500
9279		-0.450000
9280		-0.300000
9281		-0.268750
9282		0.231250
9283		-0.118750
9284		0.112500
9285		0.175000
9286		0.175000
9287		0.468750
9288		0.112500
9289		0.262500
9290		0.231250
9291		0.800000
9292		0.887500
9293		0.887500
9294		1.031250
9295		1.062500
9296		1.181250
9297		1.181250
9298		0.918750
9299		1.243750
9300		1.212500
9301		1.331250
9302		1.031250
9303		1.243750
9304		1.568750
9305		1.331250
9306		1.362500
9307		1.625000
9308		1.718750
9309		1.862500
9310		1.331250
9311		1.687500
9312		1.775000
9313		1.331250
9314		1.418750
9315		1.481250
9316		1.418750
9317		1.568750
9318		1.212500
9319		1.600000
9320		1.418750
9321		1.243750
9322		1.506250
9323		1.481250
9324		1.481250
9325		1.243750
9326		1.212500
9327		1.031250
9328		1.268750
9329		1.600000
9330		1.006250
9331		1.331250
9332		1.331250
9333		1.150000
9334		1.006250
9335		1.300000
9336		0.918750
9337		1.093750
9338		1.537500
9339		1.243750
9340		1.181250
9341		1.006250
9342		1.181250
9343		1.481250
9344		1.243750
9345		1.600000
9346		1.362500
9347		1.481250
9348		1.362500
9349		1.481250
9350		1.506250
9351		1.481250
9352		1.387500
9353		1.062500
9354		1.656250
9355		1.537500
9356		1.362500
9357		1.418750
9358		1.387500
9359		1.537500
9360		1.362500
9361		1.362500
9362		1.181250
9363		1.031250
9364		1.212500
9365		1.212500
9366		0.975000
9367		1.125000
9368		1.268750
9369		1.062500
9370		1.006250
9371		0.918750
9372		0.768750
9373		1.093750
9374		0.800000
9375		0.825000
9376		0.943750
9377		0.381250
9378		0.587500
9379		0.825000
9380		0.825000
9381		0.587500
9382		0.562500
9383		0.412500
9384		0.618750
9385		0.618750
9386		0.531250
9387		0.650000
9388		0.468750
9389		0.381250
9390		0.443750
9391		0.443750
9392		0.618750
9393		0.381250
9394		0.443750
9395		0.618750
9396		0.231250
9397		0.681250
9398		0.468750
9399		0.412500
9400		0.293750
9401		0.412500
9402		0.143750
9403		0.112500
9404		0.143750
9405		0.231250
9406		-0.118750
9407		-0.093750
9408		0.087500
9409		0.143750
9410		0.087500
9411		0.143750
9412		-0.031250
9413		-0.268750
9414		-0.356250
9415		-0.568750
9416		-0.331250
9417		-0.450000
9418		-0.212500
9419		-0.625000
9420		-0.743750
9421		-0.625000
9422		-0.656250
9423		-0.593750
9424		-0.625000
9425		-0.300000
9426		-0.743750
9427		-0.418750
9428		-0.712500
9429		-0.625000
9430		-0.743750
9431		-0.712500
9432		-0.212500
9433		-0.656250
9434		-0.356250
9435		-0.300000
9436		-0.593750
9437		-0.356250
9438		-0.118750
9439		-0.062500
9440		-0.118750
9441		0.143750
9442		0.175000
9443		0.293750
9444		0.293750
9445		0.443750
9446		0.293750
9447		0.443750
9448		0.737500
9449		0.706250
9450		0.587500
9451		0.500000
9452		0.562500
9453		0.975000
9454		0.800000
9455		1.125000
9456		0.918750
9457		1.181250
9458		0.975000
9459		1.125000
9460		1.031250
9461		1.331250
9462		1.387500
9463		1.362500
9464		1.243750
9465		1.481250
9466		1.181250
9467		1.506250
9468		1.450000
9469		1.718750
9470		1.387500
9471		1.718750
9472		1.537500
9473		1.568750
9474		1.718750
9475		1.568750
9476		2.012500
9477		1.950000
9478		1.950000
9479		1.718750
9480		2.012500
9481		2.100000
9482		1.718750
9483		2.131250
9484		2.162500
9485		1.925000
9486		2.306250
9487		2.306250
9488		2.162500
9489		2.250000
9490		2.306250
9491		2.400000
9492		2.368750
9493		2.456250
9494		2.400000
9495		2.606250
9496		2.606250
9497		2.843750
9498		2.456250
9499		2.756250
9500		2.693750
9501		2.606250
9502		2.543750
9503		2.518750
9504		2.781250
9505		2.843750
9506		2.868750
9507		2.725000
9508		2.543750
9509		2.931250
9510		2.725000
9511		2.693750
9512		2.756250
9513		2.518750
9514		2.725000
9515		2.518750
9516		2.575000
9517		2.693750
9518		2.606250
9519		2.187500
9520		2.637500
9521		2.662500
9522		2.162500
9523		2.931250
9524		2.637500
9525		2.606250
9526		2.637500
9527		2.518750
9528		2.637500
9529		2.306250
9530		2.637500
9531		2.131250
9532		2.456250
9533		2.456250
9534		2.281250
9535		2.131250
9536		2.250000
9537		2.187500
9538		2.250000
9539		2.337500
9540		2.281250
9541		2.012500
9542		2.100000
9543		2.068750
9544		2.218750
9545		1.925000
9546		1.925000
9547		2.100000
9548		1.925000
9549		2.131250
9550		1.656250
9551		1.537500
9552		1.893750
9553		1.925000
9554		1.718750
9555		1.806250
9556		1.331250
9557		1.506250
9558		1.656250
9559		1.743750
9560		1.718750
9561		1.450000
9562		1.181250
9563		1.268750
9564		1.362500
9565		1.362500
9566		0.918750
9567		0.918750
9568		1.150000
9569		1.093750
9570		1.243750
9571		1.093750
9572		0.918750
9573		0.737500
9574		0.918750
9575		0.918750
9576		0.737500
9577		0.825000
9578		0.856250
9579		0.587500
9580		0.587500
9581		0.618750
9582		0.443750
9583		0.618750
9584		0.618750
9585		0.231250
9586		0.531250
9587		0.587500
9588		0.325000
9589		0.468750
9590		0.206250
9591		-0.031250
9592		0.468750
9593		0.325000
9594		0.350000
9595		0.412500
9596		0.531250
9597		0.350000
9598		0.206250
9599		0.468750
9600		-0.062500
9601		0.587500
9602		0.706250
9603		0.681250
9604		0.500000
9605		1.006250
9606		1.062500
9607		1.300000
9608		0.768750
9609		1.062500
9610		1.125000
9611		1.362500
9612		1.331250
9613		1.331250
9614		1.506250
9615		1.450000
9616		1.718750
9617		1.687500
9618		1.718750
9619		1.625000
9620		1.718750
9621		1.506250
9622		1.656250
9623		1.600000
9624		1.718750
9625		2.012500
9626		2.012500
9627		1.862500
9628		1.925000
9629		2.068750
9630		1.925000
9631		2.012500
9632		1.862500
9633		2.162500
9634		2.281250
9635		1.625000
9636		2.043750
9637		1.806250
9638		1.925000
9639		2.131250
9640		2.456250
9641		2.250000
9642		2.100000
9643		2.131250
9644		2.400000
9645		2.781250
9646		2.218750
9647		2.543750
9648		2.575000
9649		2.543750
9650		2.518750
9651		2.306250
9652		2.368750
9653		2.043750
9654		2.162500
9655		2.368750
9656		2.068750
9657		2.368750
9658		1.925000
9659		1.950000
9660		2.162500
9661		2.068750
9662		1.806250
9663		2.162500
9664		2.281250
9665		2.337500
9666		2.187500
9667		1.981250
9668		2.250000
9669		2.425000
9670		2.662500
9671		2.662500
9672		2.812500
9673		3.106250
9674		3.018750
9675		3.581250
9676		3.556250
9677		4.000000
9678		4.175000
9679		4.356250
9680		4.681250
9681		4.593750
9682		5.125000
9683		5.125000
9684		5.362500
9685		5.862500
9686		5.981250
9687		6.281250
9688		6.193750
9689		6.662500
9690		6.781250
9691		6.756250
9692		7.256250
9693		7.256250
9694		7.587500
9695		7.556250
9696		7.556250
9697		7.675000
9698		7.375000
9699		7.556250
9700		7.256250
9701		7.350000
9702		7.287500
9703		7.137500
9704		6.993750
9705		7.137500
9706		6.875000
9707		6.756250
9708		6.812500
9709		6.131250
9710		6.431250
9711		6.075000
9712		5.718750
9713		5.981250
9714		5.181250
9715		5.156250
9716		5.181250
9717		4.856250
9718		4.562500
9719		4.737500
9720		4.175000
9721		3.881250
9722		3.556250
9723		3.225000
9724		3.081250
9725		3.050000
9726		2.693750
9727		2.637500
9728		2.868750
9729		2.218750
9730		1.893750
9731		1.450000
9732		1.331250
9733		1.268750
9734		1.125000
9735		0.443750
9736		0.618750
9737		0.381250
9738		0.293750
9739		-0.212500
9740		0.262500
9741		-0.062500
9742		-0.450000
9743		-0.031250
9744		0.175000
9745		-0.300000
9746		-0.743750
9747		-0.387500
9748		-0.506250
9749		-0.593750
9750		-0.743750
9751		-0.593750
9752		-0.806250
9753		-1.100000
9754		-0.893750
9755		-0.712500
9756		-0.712500
9757		-0.450000
9758		-0.656250
9759		-0.743750
9760		-0.387500
9761		-0.537500
9762		-0.212500
9763		-0.687500
9764		0.000000
9765		-0.300000
9766		-0.356250
9767		-0.150000
9768		-0.475000
9769		-0.062500
9770		-0.418750
9771		-0.118750
9772		-0.418750
9773		-0.506250
9774		-0.418750
9775		-0.150000
9776		-0.062500
9777		-0.212500
9778		-0.237500
9779		-0.181250
9780		0.000000
9781		-0.418750
9782		-0.150000
9783		-0.118750
9784		-0.118750
9785		-0.062500
9786		-0.118750
9787		-0.150000
9788		0.381250
9789		0.025000
9790		0.468750
9791		-0.062500
9792		0.293750
9793		0.231250
9794		0.381250
9795		0.562500
9796		0.706250
9797		0.681250
9798		1.006250
9799		1.031250
9800		1.268750
9801		1.331250
9802		1.331250
9803		1.600000
9804		2.100000
9805		1.718750
9806		2.068750
9807		2.487500
9808		2.400000
9809		2.962500
9810		2.900000
9811		3.287500
9812		3.256250
9813		3.850000
9814		3.731250
9815		4.356250
9816		4.593750
9817		4.531250
9818		4.800000
9819		4.975000
9820		4.800000
9821		5.537500
9822		5.631250
9823		5.481250
9824		5.568750
9825		6.162500
9826		6.012500
9827		6.218750
9828		6.218750
9829		6.400000
9830		6.400000
9831		6.456250
9832		6.662500
9833		6.575000
9834		6.812500
9835		6.875000
9836		6.637500
9837		6.812500
9838		6.812500
9839		6.550000
9840		6.662500
9841		6.662500
9842		6.637500
9843		6.075000
9844		6.368750
9845		6.218750
9846		6.075000
9847		5.925000
9848		5.925000
9849		6.131250
9850		6.012500
9851		5.925000
9852		5.743750
9853		5.512500
9854		5.656250
9855		5.512500
9856		5.300000
9857		5.512500
9858		5.450000
9859		5.275000
9860		5.037500
9861		5.275000
9862		4.943750
9863		4.825000
9864		4.737500
9865		4.856250
9866		4.768750
9867		4.737500
9868		4.293750
9869		4.618750
9870		4.618750
9871		4.356250
9872		4.381250
9873		4.118750
9874		4.087500
9875		4.262500
9876		4.175000
9877		4.325000
9878		4.025000
9879		3.556250
9880		3.612500
9881		3.700000
9882		3.762500
9883		3.493750
9884		3.437500
9885		3.225000
9886		2.843750
9887		2.693750
9888		2.693750
9889		2.425000
9890		2.337500
9891		2.306250
9892		2.068750
9893		1.925000
9894		1.481250
9895		1.806250
9896		1.806250
9897		1.300000
9898		1.481250
9899		1.268750
9900		1.243750
9901		0.887500
9902		0.681250
9903		1.031250
9904		0.587500
9905		0.325000
9906		0.231250
9907		0.381250
9908		0.087500
9909		-0.150000
9910		-0.181250
9911		-0.268750
9912		-0.593750
9913		-0.450000
9914		-0.300000
9915		-0.712500
9916		-0.925000
9917		-0.831250
9918		-1.100000
9919		-0.950000
9920		-1.218750
9921		-1.306250
9922		-1.037500
9923		-1.250000
9924		-1.275000
9925		-1.156250
9926		-1.487500
9927		-1.275000
9928		-1.187500
9929		-1.337500
9930		-1.012500
9931		-0.806250
9932		-1.368750
9933		-1.156250
9934		-0.950000
9935		-0.806250
9936		-0.893750
9937		-0.450000
9938		-0.568750
9939		-0.418750
9940		-0.062500
9941		-0.300000
9942		0.143750
9943		0.025000
9944		0.231250
9945		0.562500
9946		0.531250
9947		0.856250
9948		0.768750
9949		1.212500
9950		1.093750
9951		1.150000
9952		1.387500
9953		1.625000
9954		1.775000
9955		2.012500
9956		1.806250
9957		1.862500
9958		2.400000
9959		2.306250
9960		2.218750
9961		2.900000
9962		3.081250
9963		3.256250
9964		3.437500
9965		3.106250
9966		3.525000
9967		3.081250
9968		3.493750
9969		3.581250
9970		3.937500
9971		3.612500
9972		3.793750
9973		3.937500
9974		3.612500
9975		3.525000
9976		3.906250
9977		3.818750
9978		3.793750
9979		3.493750
9980		3.643750
9981		3.612500
9982		3.343750
9983		3.406250
9984		3.375000
9985		3.462500
9986		3.106250
9987		2.931250
9988		2.781250
9989		2.962500
9990		2.987500
9991		2.987500
9992		2.693750
9993		2.812500
9994		3.050000
9995		2.868750
9996		2.725000
9997		2.662500
9998		2.725000
9999		2.812500
10000		2.693750
