Channel              :		CH1
Frequency            :		24.27Hz
Period               :		41.20ms
PK-PK                :		33.01mV
Average              :		0.326mV
Vertical pos         :		1.000000mV
Probe attenuation    :		1X
Voltage per ADC value:		0.001563mV
Time interval        :		10.00000uS

index		CH1_Voltage(mV)
1		-6.318750
2		-5.693750
3		-4.981250
4		-4.450000
5		-4.006250
6		-4.006250
7		-3.856250
8		-4.093750
9		-4.450000
10		-5.637500
11		-6.525000
12		-7.000000
13		-7.825000
14		-8.181250
15		-8.481250
16		-8.125000
17		-8.243750
18		-7.475000
19		-7.706250
20		-7.025000
21		-6.137500
22		-5.637500
23		-5.337500
24		-5.337500
25		-5.456250
26		-5.400000
27		-5.281250
28		-5.400000
29		-5.693750
30		-5.187500
31		-5.043750
32		-5.043750
33		-4.687500
34		-4.718750
35		-4.212500
36		-3.706250
37		-3.562500
38		-3.112500
39		-2.818750
40		-3.087500
41		-3.056250
42		-2.968750
43		-3.325000
44		-3.856250
45		-3.681250
46		-4.450000
47		-4.212500
48		-4.600000
49		-5.100000
50		-5.306250
51		-5.337500
52		-5.575000
53		-5.750000
54		-5.750000
55		-6.462500
56		-6.881250
57		-7.237500
58		-7.681250
59		-7.681250
60		-7.887500
61		-8.331250
62		-7.918750
63		-8.275000
64		-8.362500
65		-8.037500
66		-7.975000
67		-7.800000
68		-7.618750
69		-7.025000
70		-7.000000
71		-7.000000
72		-6.462500
73		-6.668750
74		-6.437500
75		-6.581250
76		-5.456250
77		-5.368750
78		-4.718750
79		-4.537500
80		-4.418750
81		-4.062500
82		-3.975000
83		-3.825000
84		-3.768750
85		-3.856250
86		-3.856250
87		-4.506250
88		-4.093750
89		-4.362500
90		-4.268750
91		-4.300000
92		-4.718750
93		-4.418750
94		-4.506250
95		-4.600000
96		-4.568750
97		-4.150000
98		-4.450000
99		-4.006250
100		-3.587500
101		-3.231250
102		-2.818750
103		-2.375000
104		-2.050000
105		-1.425000
106		-1.037500
107		-0.775000
108		-0.475000
109		-0.893750
110		-0.950000
111		-0.625000
112		-0.862500
113		-1.456250
114		-1.456250
115		-1.306250
116		-1.812500
117		-1.781250
118		-2.287500
119		-2.937500
120		-2.312500
121		-2.225000
122		-2.256250
123		-2.643750
124		-2.818750
125		-2.937500
126		-3.231250
127		-3.531250
128		-3.500000
129		-3.768750
130		-4.212500
131		-4.093750
132		-4.387500
133		-4.181250
134		-4.062500
135		-3.887500
136		-3.531250
137		-3.793750
138		-3.500000
139		-3.381250
140		-3.768750
141		-3.912500
142		-3.350000
143		-3.175000
144		-3.087500
145		-3.112500
146		-2.581250
147		-2.193750
148		-2.225000
149		-1.487500
150		-1.156250
151		-0.656250
152		-0.568750
153		-0.450000
154		-0.743750
155		-0.656250
156		-0.862500
157		-1.012500
158		-0.893750
159		-1.037500
160		-0.950000
161		-1.275000
162		-1.275000
163		-1.250000
164		-1.218750
165		-1.012500
166		-1.037500
167		-1.368750
168		-1.606250
169		-1.512500
170		-1.456250
171		-1.843750
172		-1.900000
173		-1.900000
174		-1.606250
175		-1.456250
176		-1.750000
177		-1.187500
178		-0.593750
179		-0.712500
180		-0.150000
181		-0.150000
182		-0.300000
183		-0.212500
184		-0.181250
185		-0.537500
186		-0.593750
187		-0.950000
188		-1.100000
189		-1.306250
190		-1.662500
191		-1.956250
192		-1.725000
193		-1.543750
194		-1.631250
195		-1.306250
196		-1.100000
197		-0.593750
198		-0.418750
199		-0.150000
200		0.025000
201		0.087500
202		0.293750
203		0.706250
204		0.350000
205		0.262500
206		-0.062500
207		-0.268750
208		-0.950000
209		-1.187500
210		-1.606250
211		-2.018750
212		-2.106250
213		-2.906250
214		-3.325000
215		-3.618750
216		-3.793750
217		-3.768750
218		-3.231250
219		-2.906250
220		-2.525000
221		-2.581250
222		-1.425000
223		-0.925000
224		-0.268750
225		0.381250
226		1.362500
227		1.656250
228		2.543750
229		3.050000
230		3.556250
231		4.175000
232		4.237500
233		4.087500
234		3.818750
235		3.881250
236		3.581250
237		2.962500
238		2.487500
239		2.368750
240		1.806250
241		1.387500
242		1.418750
243		1.625000
244		1.718750
245		2.068750
246		2.218750
247		2.693750
248		2.781250
249		3.287500
250		3.937500
251		3.881250
252		3.937500
253		3.793750
254		3.556250
255		3.793750
256		3.556250
257		3.256250
258		3.106250
259		2.868750
260		2.187500
261		2.487500
262		2.218750
263		2.131250
264		1.925000
265		1.506250
266		0.887500
267		0.825000
268		0.737500
269		-0.093750
270		-0.506250
271		-0.418750
272		-0.150000
273		-0.656250
274		-0.506250
275		-0.450000
276		0.325000
277		0.562500
278		0.887500
279		1.656250
280		2.012500
281		2.250000
282		2.368750
283		2.518750
284		2.962500
285		3.050000
286		3.106250
287		3.137500
288		3.287500
289		3.256250
290		3.168750
291		3.081250
292		3.731250
293		3.675000
294		3.493750
295		3.731250
296		3.287500
297		3.050000
298		3.168750
299		2.662500
300		2.606250
301		2.456250
302		2.368750
303		2.250000
304		2.218750
305		2.518750
306		2.543750
307		2.931250
308		3.106250
309		3.556250
310		3.493750
311		4.175000
312		4.475000
313		4.650000
314		5.062500
315		5.481250
316		5.687500
317		6.100000
318		6.193750
319		6.312500
320		6.550000
321		6.368750
322		6.756250
323		5.806250
324		5.956250
325		5.600000
326		5.362500
327		5.331250
328		5.212500
329		4.825000
330		4.768750
331		4.768750
332		4.650000
333		5.156250
334		4.737500
335		4.412500
336		4.325000
337		4.618750
338		4.237500
339		4.143750
340		4.475000
341		4.143750
342		4.593750
343		4.887500
344		5.656250
345		6.162500
346		6.875000
347		7.643750
348		8.593750
349		8.387500
350		8.237500
351		7.968750
352		7.437500
353		6.900000
354		5.893750
355		4.681250
356		3.612500
357		2.543750
358		1.387500
359		0.681250
360		0.293750
361		0.087500
362		0.381250
363		0.412500
364		1.125000
365		1.568750
366		2.662500
367		3.437500
368		4.650000
369		5.956250
370		6.900000
371		8.031250
372		9.481250
373		9.425000
374		10.162500
375		10.012500
376		9.925000
377		10.106250
378		9.187500
379		8.950000
380		8.593750
381		7.850000
382		7.612500
383		7.256250
384		7.350000
385		7.731250
386		8.000000
387		8.056250
388		7.587500
389		8.887500
390		9.275000
391		10.012500
392		9.956250
393		10.456250
394		10.550000
395		10.368750
396		10.787500
397		10.875000
398		10.487500
399		10.225000
400		9.362500
401		9.125000
402		8.237500
403		7.112500
404		6.337500
405		5.362500
406		4.593750
407		3.731250
408		3.225000
409		3.050000
410		2.756250
411		2.337500
412		2.756250
413		3.343750
414		3.881250
415		4.143750
416		4.825000
417		5.775000
418		6.218750
419		6.781250
420		7.137500
421		7.881250
422		8.681250
423		8.918750
424		8.950000
425		8.950000
426		9.750000
427		9.568750
428		9.925000
429		10.225000
430		9.718750
431		9.393750
432		8.887500
433		8.768750
434		8.443750
435		7.937500
436		7.287500
437		6.843750
438		6.400000
439		6.312500
440		5.862500
441		6.100000
442		6.550000
443		6.518750
444		6.456250
445		7.287500
446		7.881250
447		8.412500
448		8.325000
449		9.068750
450		9.425000
451		9.537500
452		9.212500
453		9.212500
454		8.918750
455		8.887500
456		8.831250
457		8.918750
458		8.737500
459		8.475000
460		8.268750
461		8.000000
462		8.531250
463		8.681250
464		8.887500
465		9.331250
466		9.718750
467		9.925000
468		9.868750
469		9.806250
470		9.631250
471		10.312500
472		10.312500
473		10.668750
474		10.400000
475		10.606250
476		10.225000
477		10.668750
478		10.575000
479		10.281250
480		10.550000
481		10.012500
482		9.987500
483		9.775000
484		9.393750
485		9.481250
486		9.306250
487		9.481250
488		9.425000
489		9.750000
490		10.193750
491		10.106250
492		10.312500
493		10.693750
494		10.756250
495		10.725000
496		10.787500
497		10.668750
498		10.575000
499		10.550000
500		10.812500
501		10.456250
502		10.281250
503		10.225000
504		9.868750
505		9.956250
506		9.631250
507		9.331250
508		9.600000
509		9.481250
510		9.568750
511		9.512500
512		9.331250
513		9.631250
514		10.225000
515		10.281250
516		10.693750
517		10.993750
518		10.993750
519		11.912500
520		11.587500
521		11.643750
522		11.793750
523		11.643750
524		10.906250
525		10.962500
526		10.606250
527		10.400000
528		9.775000
529		9.425000
530		8.831250
531		8.831250
532		8.918750
533		8.293750
534		8.593750
535		8.531250
536		8.475000
537		8.950000
538		9.393750
539		9.775000
540		10.725000
541		11.587500
542		12.412500
543		12.918750
544		13.631250
545		13.750000
546		14.075000
547		13.925000
548		14.137500
549		13.781250
550		13.568750
551		12.743750
552		12.506250
553		11.587500
554		11.350000
555		10.906250
556		10.756250
557		10.693750
558		10.368750
559		10.962500
560		11.112500
561		10.993750
562		11.762500
563		11.881250
564		11.943750
565		12.300000
566		13.037500
567		13.331250
568		13.868750
569		14.225000
570		14.225000
571		14.756250
572		14.937500
573		14.700000
574		14.368750
575		14.550000
576		13.868750
577		12.950000
578		12.506250
579		11.381250
580		10.431250
581		9.068750
582		7.937500
583		7.137500
584		6.162500
585		5.631250
586		5.512500
587		5.037500
588		5.125000
589		5.600000
590		5.806250
591		6.993750
592		7.493750
593		7.793750
594		8.887500
595		10.193750
596		11.025000
597		11.731250
598		11.825000
599		12.475000
600		13.068750
601		13.275000
602		12.650000
603		12.593750
604		12.300000
605		11.943750
606		11.643750
607		11.675000
608		11.643750
609		12.062500
610		12.031250
611		12.981250
612		13.512500
613		14.312500
614		15.175000
615		15.881250
616		16.443750
617		16.775000
618		17.600000
619		17.693750
620		17.662500
621		17.481251
622		17.337500
623		17.037500
624		16.506250
625		16.181250
626		15.500000
627		15.025000
628		14.637500
629		14.043750
630		13.425000
631		13.243750
632		12.831250
633		12.206250
634		12.031250
635		11.881250
636		11.943750
637		11.468750
638		11.143750
639		10.962500
640		10.756250
641		10.606250
642		10.368750
643		9.987500
644		9.537500
645		9.537500
646		8.950000
647		8.887500
648		8.506250
649		8.562500
650		8.000000
651		8.293750
652		8.356250
653		8.150000
654		8.150000
655		7.912500
656		8.443750
657		8.325000
658		8.387500
659		8.531250
660		9.362500
661		9.450000
662		9.775000
663		9.893750
664		10.668750
665		10.812500
666		11.025000
667		10.962500
668		11.437500
669		11.318750
670		11.350000
671		11.287500
672		11.112500
673		11.050000
674		10.668750
675		10.906250
676		10.962500
677		11.493750
678		11.762500
679		11.731250
680		12.031250
681		12.862500
682		13.450000
683		13.987500
684		14.668750
685		15.081250
686		15.587500
687		15.587500
688		16.237499
689		16.000000
690		15.706250
691		15.793750
692		15.143750
693		14.875000
694		13.925000
695		13.925000
696		13.306250
697		12.681250
698		11.912500
699		11.350000
700		10.756250
701		10.343750
702		9.837500
703		9.631250
704		9.537500
705		9.718750
706		9.837500
707		9.837500
708		9.718750
709		10.075000
710		10.368750
711		10.693750
712		10.343750
713		11.050000
714		10.550000
715		10.550000
716		10.668750
717		10.075000
718		9.837500
719		9.425000
720		9.275000
721		9.125000
722		8.737500
723		8.000000
724		7.675000
725		7.168750
726		6.900000
727		6.693750
728		6.368750
729		6.725000
730		6.312500
731		6.693750
732		7.556250
733		7.700000
734		8.206250
735		8.650000
736		9.362500
737		9.656250
738		10.043750
739		10.281250
740		10.400000
741		10.400000
742		10.431250
743		9.806250
744		9.512500
745		9.187500
746		8.475000
747		8.831250
748		8.087500
749		7.731250
750		7.612500
751		7.762500
752		7.612500
753		7.350000
754		7.406250
755		7.493750
756		7.700000
757		7.612500
758		7.525000
759		7.937500
760		7.881250
761		7.793750
762		7.937500
763		8.412500
764		8.150000
765		8.681250
766		8.918750
767		9.006250
768		8.443750
769		8.237500
770		7.968750
771		7.287500
772		7.350000
773		6.368750
774		6.400000
775		5.981250
776		5.568750
777		5.512500
778		6.012500
779		5.687500
780		6.131250
781		6.400000
782		6.812500
783		7.200000
784		7.437500
785		8.150000
786		8.443750
787		8.712500
788		8.768750
789		8.831250
790		9.125000
791		8.800000
792		8.918750
793		8.831250
794		8.618750
795		8.356250
796		8.237500
797		8.356250
798		8.175000
799		8.356250
800		7.793750
801		7.556250
802		7.675000
803		7.675000
804		7.793750
805		7.556250
806		8.087500
807		8.293750
808		8.443750
809		8.325000
810		8.412500
811		8.681250
812		8.737500
813		7.881250
814		8.237500
815		7.968750
816		7.937500
817		7.700000
818		7.968750
819		7.437500
820		7.200000
821		6.931250
822		6.875000
823		6.431250
824		6.637500
825		6.368750
826		6.456250
827		6.218750
828		6.193750
829		5.925000
830		5.806250
831		5.925000
832		6.043750
833		6.043750
834		5.956250
835		5.775000
836		5.862500
837		5.631250
838		5.718750
839		5.743750
840		5.362500
841		5.418750
842		5.156250
843		5.062500
844		4.737500
845		4.681250
846		4.475000
847		4.531250
848		4.768750
849		4.325000
850		4.412500
851		4.681250
852		4.381250
853		4.475000
854		4.681250
855		4.918750
856		5.062500
857		5.512500
858		5.631250
859		6.100000
860		6.012500
861		6.100000
862		6.043750
863		6.400000
864		6.043750
865		6.012500
866		6.368750
867		6.218750
868		6.312500
869		5.631250
870		5.600000
871		5.631250
872		5.481250
873		5.212500
874		5.212500
875		5.275000
876		4.768750
877		4.825000
878		4.768750
879		4.975000
880		5.275000
881		5.537500
882		5.362500
883		5.481250
884		5.568750
885		5.631250
886		5.568750
887		5.450000
888		5.418750
889		4.918750
890		4.856250
891		4.825000
892		4.593750
893		4.531250
894		4.475000
895		4.531250
896		3.731250
897		4.056250
898		3.881250
899		4.025000
900		3.937500
901		4.025000
902		3.937500
903		4.025000
904		3.937500
905		3.493750
906		3.556250
907		3.406250
908		3.700000
909		3.493750
910		3.256250
911		3.287500
912		3.200000
913		3.200000
914		3.343750
915		2.987500
916		2.662500
917		2.900000
918		2.756250
919		2.306250
920		3.050000
921		2.693750
922		3.050000
923		3.343750
924		3.937500
925		4.087500
926		4.143750
927		4.500000
928		4.737500
929		5.125000
930		5.062500
931		4.856250
932		4.443750
933		3.793750
934		2.693750
935		2.218750
936		1.300000
937		0.381250
938		-0.418750
939		-0.862500
940		-1.750000
941		-1.487500
942		-1.931250
943		-1.575000
944		-1.631250
945		-1.100000
946		-0.687500
947		-0.212500
948		0.087500
949		0.825000
950		1.268750
951		1.806250
952		2.400000
953		3.050000
954		3.700000
955		4.237500
956		5.331250
957		6.131250
958		6.637500
959		7.525000
960		8.175000
961		8.768750
962		9.212500
963		8.887500
964		8.593750
965		7.937500
966		7.406250
967		6.193750
968		5.568750
969		4.681250
970		3.793750
971		2.725000
972		2.012500
973		1.925000
974		1.568750
975		1.481250
976		1.150000
977		1.718750
978		1.925000
979		1.806250
980		2.012500
981		1.925000
982		1.481250
983		1.268750
984		0.681250
985		0.025000
986		-1.012500
987		-1.900000
988		-2.818750
989		-3.531250
990		-4.418750
991		-5.162500
992		-5.162500
993		-5.012500
994		-4.718750
995		-4.093750
996		-3.468750
997		-2.256250
998		-1.187500
999		-0.387500
1000		0.825000
1001		1.268750
1002		1.600000
1003		1.687500
1004		1.243750
1005		0.943750
1006		0.000000
1007		-0.893750
1008		-1.781250
1009		-2.581250
1010		-3.531250
1011		-4.150000
1012		-4.418750
1013		-4.418750
1014		-4.150000
1015		-3.618750
1016		-2.731250
1017		-2.375000
1018		-1.337500
1019		-0.506250
1020		0.825000
1021		1.568750
1022		2.218750
1023		2.368750
1024		2.306250
1025		2.662500
1026		1.743750
1027		1.268750
1028		0.918750
1029		0.143750
1030		-0.568750
1031		-1.606250
1032		-2.137500
1033		-2.550000
1034		-2.581250
1035		-2.731250
1036		-2.343750
1037		-1.781250
1038		-0.950000
1039		-0.418750
1040		0.412500
1041		1.212500
1042		2.131250
1043		2.812500
1044		2.987500
1045		3.256250
1046		2.843750
1047		2.693750
1048		2.012500
1049		1.268750
1050		0.768750
1051		-0.625000
1052		-1.931250
1053		-2.462500
1054		-3.681250
1055		-4.418750
1056		-4.743750
1057		-4.656250
1058		-5.400000
1059		-5.781250
1060		-5.543750
1061		-5.662500
1062		-5.162500
1063		-4.893750
1064		-4.268750
1065		-3.562500
1066		-3.206250
1067		-2.875000
1068		-2.287500
1069		-1.275000
1070		-1.275000
1071		-0.950000
1072		-0.925000
1073		-0.862500
1074		-0.625000
1075		-1.250000
1076		-1.512500
1077		-2.343750
1078		-2.906250
1079		-3.618750
1080		-4.006250
1081		-5.012500
1082		-4.925000
1083		-5.012500
1084		-5.606250
1085		-5.400000
1086		-5.187500
1087		-5.043750
1088		-5.068750
1089		-4.300000
1090		-4.093750
1091		-3.087500
1092		-3.350000
1093		-2.906250
1094		-2.668750
1095		-2.106250
1096		-2.193750
1097		-1.662500
1098		-1.456250
1099		-1.931250
1100		-2.287500
1101		-2.287500
1102		-2.287500
1103		-2.668750
1104		-3.025000
1105		-3.231250
1106		-3.025000
1107		-3.650000
1108		-3.468750
1109		-3.768750
1110		-4.006250
1111		-3.468750
1112		-3.468750
1113		-3.293750
1114		-3.112500
1115		-3.087500
1116		-2.731250
1117		-2.850000
1118		-2.550000
1119		-1.931250
1120		-2.525000
1121		-2.731250
1122		-2.493750
1123		-2.431250
1124		-2.643750
1125		-2.937500
1126		-3.325000
1127		-3.500000
1128		-3.381250
1129		-3.825000
1130		-4.181250
1131		-4.212500
1132		-4.093750
1133		-4.481250
1134		-4.743750
1135		-4.481250
1136		-5.012500
1137		-5.425000
1138		-5.543750
1139		-5.337500
1140		-5.518750
1141		-5.812500
1142		-5.637500
1143		-5.750000
1144		-5.843750
1145		-6.018750
1146		-6.406250
1147		-6.787500
1148		-7.443750
1149		-7.237500
1150		-7.856250
1151		-7.887500
1152		-8.156250
1153		-8.006250
1154		-7.975000
1155		-7.856250
1156		-7.618750
1157		-7.237500
1158		-6.881250
1159		-6.787500
1160		-6.081250
1161		-5.543750
1162		-5.043750
1163		-4.537500
1164		-3.856250
1165		-3.562500
1166		-3.350000
1167		-2.937500
1168		-2.493750
1169		-2.850000
1170		-2.525000
1171		-2.937500
1172		-2.968750
1173		-3.056250
1174		-3.231250
1175		-3.650000
1176		-3.587500
1177		-3.468750
1178		-3.681250
1179		-3.856250
1180		-3.912500
1181		-3.825000
1182		-3.443750
1183		-4.031250
1184		-3.768750
1185		-3.618750
1186		-3.825000
1187		-3.768750
1188		-4.125000
1189		-3.825000
1190		-3.793750
1191		-4.031250
1192		-4.362500
1193		-5.250000
1194		-5.637500
1195		-6.287500
1196		-7.412500
1197		-8.300000
1198		-8.600000
1199		-9.368750
1200		-10.112500
1201		-10.818750
1202		-11.175000
1203		-11.475000
1204		-11.237500
1205		-11.475000
1206		-11.268750
1207		-11.031250
1208		-10.881250
1209		-10.462500
1210		-9.843750
1211		-9.843750
1212		-9.812500
1213		-9.456250
1214		-9.431250
1215		-9.487500
1216		-9.637500
1217		-9.487500
1218		-9.875000
1219		-9.900000
1220		-10.112500
1221		-10.231250
1222		-10.437500
1223		-10.581250
1224		-10.675000
1225		-10.493750
1226		-11.918750
1227		-11.087500
1228		-11.206250
1229		-11.531250
1230		-11.087500
1231		-10.881250
1232		-10.675000
1233		-10.493750
1234		-9.900000
1235		-9.368750
1236		-8.893750
1237		-8.331250
1238		-7.356250
1239		-6.437500
1240		-5.868750
1241		-5.606250
1242		-5.012500
1243		-4.925000
1244		-4.831250
1245		-4.537500
1246		-5.162500
1247		-5.068750
1248		-5.781250
1249		-5.843750
1250		-6.762500
1251		-7.262500
1252		-7.356250
1253		-7.706250
1254		-8.331250
1255		-8.275000
1256		-8.362500
1257		-8.362500
1258		-8.156250
1259		-7.618750
1260		-7.918750
1261		-7.118750
1262		-7.175000
1263		-6.818750
1264		-6.731250
1265		-6.375000
1266		-6.525000
1267		-6.106250
1268		-6.881250
1269		-7.000000
1270		-7.175000
1271		-7.618750
1272		-7.475000
1273		-8.656250
1274		-8.743750
1275		-9.218750
1276		-9.637500
1277		-10.287500
1278		-10.375000
1279		-10.881250
1280		-11.293750
1281		-11.237500
1282		-11.056250
1283		-11.087500
1284		-10.937500
1285		-10.881250
1286		-10.731250
1287		-10.437500
1288		-10.137500
1289		-9.693750
1290		-9.218750
1291		-8.600000
1292		-7.825000
1293		-7.293750
1294		-6.787500
1295		-6.556250
1296		-6.581250
1297		-7.025000
1298		-7.768750
1299		-8.837500
1300		-9.756250
1301		-10.968750
1302		-11.712500
1303		-12.362500
1304		-12.125000
1305		-12.331250
1306		-11.887500
1307		-11.118750
1308		-10.287500
1309		-10.231250
1310		-10.318750
1311		-10.375000
1312		-11.237500
1313		-12.243750
1314		-13.250000
1315		-14.231250
1316		-14.968750
1317		-15.681250
1318		-15.887500
1319		-15.831250
1320		-15.000000
1321		-14.081250
1322		-12.868750
1323		-11.325000
1324		-9.756250
1325		-8.450000
1326		-7.118750
1327		-6.106250
1328		-5.250000
1329		-5.250000
1330		-4.950000
1331		-4.925000
1332		-5.012500
1333		-5.043750
1334		-5.456250
1335		-5.487500
1336		-6.318750
1337		-6.462500
1338		-6.881250
1339		-7.262500
1340		-7.475000
1341		-7.825000
1342		-7.768750
1343		-8.125000
1344		-8.006250
1345		-8.093750
1346		-7.918750
1347		-7.943750
1348		-7.443750
1349		-7.681250
1350		-7.856250
1351		-7.918750
1352		-8.212500
1353		-8.893750
1354		-9.368750
1355		-9.931250
1356		-10.050000
1357		-10.318750
1358		-10.937500
1359		-10.968750
1360		-10.525000
1361		-10.525000
1362		-10.762500
1363		-10.793750
1364		-10.112500
1365		-10.731250
1366		-10.850000
1367		-10.581250
1368		-11.031250
1369		-10.462500
1370		-10.137500
1371		-9.456250
1372		-8.743750
1373		-7.887500
1374		-7.356250
1375		-6.968750
1376		-6.762500
1377		-6.643750
1378		-6.937500
1379		-7.237500
1380		-8.062500
1381		-8.862500
1382		-9.100000
1383		-10.287500
1384		-10.581250
1385		-10.762500
1386		-10.912500
1387		-10.556250
1388		-10.675000
1389		-10.493750
1390		-9.900000
1391		-9.400000
1392		-8.806250
1393		-8.718750
1394		-8.300000
1395		-8.512500
1396		-8.331250
1397		-8.212500
1398		-8.300000
1399		-8.625000
1400		-8.512500
1401		-8.362500
1402		-8.418750
1403		-8.156250
1404		-7.650000
1405		-7.118750
1406		-6.937500
1407		-6.375000
1408		-6.081250
1409		-5.750000
1410		-5.456250
1411		-5.456250
1412		-5.931250
1413		-5.781250
1414		-6.225000
1415		-6.787500
1416		-6.437500
1417		-6.937500
1418		-7.562500
1419		-7.443750
1420		-7.768750
1421		-7.856250
1422		-7.856250
1423		-8.275000
1424		-8.331250
1425		-8.862500
1426		-9.012500
1427		-9.131250
1428		-9.693750
1429		-9.518750
1430		-10.112500
1431		-10.493750
1432		-10.675000
1433		-10.793750
1434		-10.850000
1435		-10.643750
1436		-10.643750
1437		-10.731250
1438		-10.462500
1439		-10.256250
1440		-9.843750
1441		-9.962500
1442		-9.843750
1443		-8.837500
1444		-9.368750
1445		-9.218750
1446		-8.775000
1447		-8.743750
1448		-7.800000
1449		-7.618750
1450		-7.262500
1451		-7.087500
1452		-6.937500
1453		-6.287500
1454		-6.668750
1455		-6.256250
1456		-6.787500
1457		-6.612500
1458		-7.025000
1459		-7.025000
1460		-7.087500
1461		-6.937500
1462		-7.206250
1463		-7.237500
1464		-7.325000
1465		-7.443750
1466		-7.562500
1467		-7.618750
1468		-6.881250
1469		-6.906250
1470		-6.818750
1471		-6.881250
1472		-6.437500
1473		-5.868750
1474		-5.606250
1475		-5.043750
1476		-4.806250
1477		-4.212500
1478		-4.125000
1479		-3.825000
1480		-3.793750
1481		-3.943750
1482		-4.418750
1483		-4.418750
1484		-4.450000
1485		-4.687500
1486		-4.893750
1487		-4.806250
1488		-5.637500
1489		-5.068750
1490		-5.218750
1491		-5.425000
1492		-5.162500
1493		-5.487500
1494		-5.843750
1495		-6.137500
1496		-6.462500
1497		-6.525000
1498		-7.118750
1499		-7.412500
1500		-7.443750
1501		-7.768750
1502		-7.706250
1503		-7.825000
1504		-7.650000
1505		-7.475000
1506		-7.237500
1507		-7.087500
1508		-7.025000
1509		-6.762500
1510		-6.881250
1511		-6.818750
1512		-6.581250
1513		-6.787500
1514		-6.406250
1515		-6.287500
1516		-5.931250
1517		-5.693750
1518		-5.337500
1519		-5.012500
1520		-4.743750
1521		-4.418750
1522		-4.150000
1523		-4.300000
1524		-3.975000
1525		-4.181250
1526		-3.793750
1527		-4.506250
1528		-4.418750
1529		-4.625000
1530		-4.625000
1531		-4.506250
1532		-4.450000
1533		-4.568750
1534		-4.362500
1535		-4.450000
1536		-4.212500
1537		-4.806250
1538		-4.418750
1539		-4.656250
1540		-5.281250
1541		-5.162500
1542		-5.662500
1543		-5.456250
1544		-5.425000
1545		-5.306250
1546		-4.981250
1547		-4.656250
1548		-4.537500
1549		-3.975000
1550		-3.793750
1551		-3.531250
1552		-3.531250
1553		-3.293750
1554		-3.325000
1555		-3.262500
1556		-3.562500
1557		-3.912500
1558		-4.268750
1559		-4.362500
1560		-4.625000
1561		-5.131250
1562		-4.950000
1563		-4.893750
1564		-5.306250
1565		-5.012500
1566		-4.600000
1567		-4.362500
1568		-4.181250
1569		-3.912500
1570		-3.262500
1571		-3.175000
1572		-3.112500
1573		-3.112500
1574		-3.175000
1575		-2.875000
1576		-3.025000
1577		-3.618750
1578		-3.793750
1579		-4.212500
1580		-4.656250
1581		-5.250000
1582		-6.050000
1583		-6.406250
1584		-6.731250
1585		-7.412500
1586		-7.087500
1587		-7.500000
1588		-7.475000
1589		-7.175000
1590		-6.731250
1591		-6.581250
1592		-6.081250
1593		-5.518750
1594		-4.862500
1595		-4.212500
1596		-3.618750
1597		-2.731250
1598		-2.075000
1599		-1.631250
1600		-1.012500
1601		-0.687500
1602		-0.181250
1603		0.056250
1604		0.175000
1605		-0.062500
1606		0.175000
1607		-0.062500
1608		-0.950000
1609		-1.156250
1610		-1.425000
1611		-1.543750
1612		-1.606250
1613		-1.931250
1614		-1.693750
1615		-1.393750
1616		-1.368750
1617		-1.187500
1618		-0.831250
1619		-0.862500
1620		-0.743750
1621		-0.893750
1622		-0.862500
1623		-0.687500
1624		-0.593750
1625		-0.475000
1626		-0.775000
1627		-0.593750
1628		-1.156250
1629		-0.893750
1630		-1.037500
1631		-0.950000
1632		-0.981250
1633		-1.606250
1634		-1.337500
1635		-1.931250
1636		-2.493750
1637		-2.525000
1638		-3.175000
1639		-3.293750
1640		-3.825000
1641		-4.418750
1642		-4.362500
1643		-4.481250
1644		-4.600000
1645		-4.893750
1646		-4.450000
1647		-4.006250
1648		-3.531250
1649		-3.500000
1650		-2.993750
1651		-2.462500
1652		-2.225000
1653		-2.643750
1654		-1.693750
1655		-1.543750
1656		-1.156250
1657		-1.456250
1658		-1.156250
1659		-0.656250
1660		-0.568750
1661		-0.300000
1662		-0.450000
1663		-0.331250
1664		-0.150000
1665		-0.387500
1666		-0.506250
1667		-0.387500
1668		-0.568750
1669		-1.100000
1670		-1.487500
1671		-1.662500
1672		-1.631250
1673		-1.868750
1674		-1.781250
1675		-1.987500
1676		-2.075000
1677		-1.693750
1678		-1.456250
1679		-1.037500
1680		-0.656250
1681		-0.150000
1682		0.000000
1683		0.381250
1684		0.681250
1685		1.125000
1686		1.031250
1687		1.418750
1688		1.718750
1689		2.337500
1690		1.950000
1691		2.068750
1692		2.068750
1693		1.981250
1694		1.775000
1695		1.625000
1696		1.418750
1697		1.125000
1698		0.737500
1699		0.443750
1700		0.412500
1701		-0.331250
1702		-0.268750
1703		0.000000
1704		0.143750
1705		-0.268750
1706		-0.625000
1707		-0.268750
1708		-0.862500
1709		-0.712500
1710		-0.268750
1711		-0.537500
1712		-0.150000
1713		0.025000
1714		0.468750
1715		0.856250
1716		1.950000
1717		2.306250
1718		3.050000
1719		3.343750
1720		4.118750
1721		3.762500
1722		3.556250
1723		3.018750
1724		2.606250
1725		1.775000
1726		0.681250
1727		-0.418750
1728		-1.306250
1729		-2.818750
1730		-3.500000
1731		-4.006250
1732		-4.181250
1733		-4.031250
1734		-4.212500
1735		-3.206250
1736		-2.525000
1737		-1.843750
1738		-0.893750
1739		0.531250
1740		1.806250
1741		2.781250
1742		3.881250
1743		4.025000
1744		5.243750
1745		5.481250
1746		5.631250
1747		5.568750
1748		5.837500
1749		5.212500
1750		5.125000
1751		3.968750
1752		3.731250
1753		3.906250
1754		3.462500
1755		3.493750
1756		3.493750
1757		3.700000
1758		4.025000
1759		4.056250
1760		4.412500
1761		4.650000
1762		5.181250
1763		5.125000
1764		5.568750
1765		5.481250
1766		5.775000
1767		6.012500
1768		6.337500
1769		6.218750
1770		6.100000
1771		5.362500
1772		5.275000
1773		4.293750
1774		3.556250
1775		2.543750
1776		1.862500
1777		0.887500
1778		0.531250
1779		-0.568750
1780		-1.068750
1781		-1.187500
1782		-1.456250
1783		-1.187500
1784		-1.156250
1785		-0.506250
1786		-0.418750
1787		0.443750
1788		1.031250
1789		1.950000
1790		2.306250
1791		2.962500
1792		3.318750
1793		4.293750
1794		4.562500
1795		4.918750
1796		5.275000
1797		6.075000
1798		6.218750
1799		5.981250
1800		6.312500
1801		6.218750
1802		5.956250
1803		5.481250
1804		5.156250
1805		4.531250
1806		4.025000
1807		3.700000
1808		3.050000
1809		2.693750
1810		2.518750
1811		2.218750
1812		2.100000
1813		2.425000
1814		2.843750
1815		2.962500
1816		3.700000
1817		4.025000
1818		4.887500
1819		5.362500
1820		5.631250
1821		6.281250
1822		6.312500
1823		6.400000
1824		6.075000
1825		5.956250
1826		5.862500
1827		5.862500
1828		5.537500
1829		5.450000
1830		4.975000
1831		5.093750
1832		4.887500
1833		5.062500
1834		5.331250
1835		5.181250
1836		5.481250
1837		5.631250
1838		5.806250
1839		6.281250
1840		6.075000
1841		6.312500
1842		6.812500
1843		6.518750
1844		6.756250
1845		6.337500
1846		6.812500
1847		6.693750
1848		7.200000
1849		7.231250
1850		7.112500
1851		6.662500
1852		6.400000
1853		6.337500
1854		6.075000
1855		5.893750
1856		6.043750
1857		5.981250
1858		5.925000
1859		6.162500
1860		6.075000
1861		6.281250
1862		6.337500
1863		6.606250
1864		6.662500
1865		6.900000
1866		6.812500
1867		6.900000
1868		6.812500
1869		6.781250
1870		6.756250
1871		6.812500
1872		6.400000
1873		6.400000
1874		6.550000
1875		6.368750
1876		6.368750
1877		6.012500
1878		6.075000
1879		5.806250
1880		5.656250
1881		5.806250
1882		5.568750
1883		5.362500
1884		5.481250
1885		5.656250
1886		6.162500
1887		6.456250
1888		6.812500
1889		6.962500
1890		7.256250
1891		7.350000
1892		7.256250
1893		7.200000
1894		7.112500
1895		6.962500
1896		6.693750
1897		6.337500
1898		6.368750
1899		5.775000
1900		5.512500
1901		5.275000
1902		5.300000
1903		5.212500
1904		4.825000
1905		4.293750
1906		4.681250
1907		4.562500
1908		4.975000
1909		5.512500
1910		5.956250
1911		6.518750
1912		7.643750
1913		7.937500
1914		8.475000
1915		9.512500
1916		9.956250
1917		10.106250
1918		10.312500
1919		10.106250
1920		9.568750
1921		9.481250
1922		9.068750
1923		8.531250
1924		8.031250
1925		7.468750
1926		7.200000
1927		6.931250
1928		6.662500
1929		6.518750
1930		6.900000
1931		6.693750
1932		7.137500
1933		7.437500
1934		7.525000
1935		8.356250
1936		8.975000
1937		9.212500
1938		9.868750
1939		10.106250
1940		10.456250
1941		10.906250
1942		11.262500
1943		11.556250
1944		11.381250
1945		11.112500
1946		10.693750
1947		10.281250
1948		9.425000
1949		8.475000
1950		7.587500
1951		6.431250
1952		5.450000
1953		4.381250
1954		3.343750
1955		2.606250
1956		2.368750
1957		2.068750
1958		1.506250
1959		1.950000
1960		2.425000
1961		2.606250
1962		2.931250
1963		4.056250
1964		4.681250
1965		5.331250
1966		6.368750
1967		7.350000
1968		7.818750
1969		8.593750
1970		8.831250
1971		9.212500
1972		9.068750
1973		9.187500
1974		9.006250
1975		8.975000
1976		9.006250
1977		8.618750
1978		8.118750
1979		8.000000
1980		8.206250
1981		8.887500
1982		9.212500
1983		10.431250
1984		11.525000
1985		11.350000
1986		12.181250
1987		12.475000
1988		13.218750
1989		13.662500
1990		13.662500
1991		13.718750
1992		13.631250
1993		13.275000
1994		13.275000
1995		12.712500
1996		12.325000
1997		12.150000
1998		11.406250
1999		11.231250
2000		10.606250
2001		10.456250
2002		9.806250
2003		9.306250
2004		9.187500
2005		8.356250
2006		8.593750
2007		7.912500
2008		7.912500
2009		7.287500
2010		7.556250
2011		7.231250
2012		7.018750
2013		6.456250
2014		6.100000
2015		6.100000
2016		5.656250
2017		5.775000
2018		5.512500
2019		5.512500
2020		5.300000
2021		5.181250
2022		4.887500
2023		4.500000
2024		4.825000
2025		4.681250
2026		4.856250
2027		4.887500
2028		5.006250
2029		4.918750
2030		5.062500
2031		5.718750
2032		5.718750
2033		6.075000
2034		6.400000
2035		6.487500
2036		6.931250
2037		7.256250
2038		7.731250
2039		7.850000
2040		8.150000
2041		7.968750
2042		8.325000
2043		8.031250
2044		7.937500
2045		7.937500
2046		7.850000
2047		7.968750
2048		7.937500
2049		8.887500
2050		8.768750
2051		9.068750
2052		9.656250
2053		10.250000
2054		10.906250
2055		11.731250
2056		12.000000
2057		12.743750
2058		12.831250
2059		13.037500
2060		13.006250
2061		13.156250
2062		12.768750
2063		12.150000
2064		11.793750
2065		11.468750
2066		10.518750
2067		10.162500
2068		9.362500
2069		8.531250
2070		8.237500
2071		7.587500
2072		7.318750
2073		6.662500
2074		6.756250
2075		6.606250
2076		6.662500
2077		6.662500
2078		7.050000
2079		6.931250
2080		7.137500
2081		7.643750
2082		7.675000
2083		7.937500
2084		8.056250
2085		7.850000
2086		7.762500
2087		7.493750
2088		7.468750
2089		7.256250
2090		6.756250
2091		6.725000
2092		6.131250
2093		5.718750
2094		5.212500
2095		4.712500
2096		4.325000
2097		3.793750
2098		3.643750
2099		3.762500
2100		4.056250
2101		4.143750
2102		4.206250
2103		4.943750
2104		5.093750
2105		5.568750
2106		6.250000
2107		6.400000
2108		7.112500
2109		7.350000
2110		7.700000
2111		8.000000
2112		7.968750
2113		7.137500
2114		7.050000
2115		6.693750
2116		6.575000
2117		6.043750
2118		5.806250
2119		5.743750
2120		5.418750
2121		5.362500
2122		5.093750
2123		5.006250
2124		4.918750
2125		5.331250
2126		5.037500
2127		5.156250
2128		5.156250
2129		4.737500
2130		4.737500
2131		4.918750
2132		5.331250
2133		5.512500
2134		5.656250
2135		6.100000
2136		6.100000
2137		6.250000
2138		6.100000
2139		6.368750
2140		6.100000
2141		5.718750
2142		5.037500
2143		4.800000
2144		4.475000
2145		4.293750
2146		3.700000
2147		3.581250
2148		3.581250
2149		3.200000
2150		3.493750
2151		4.025000
2152		4.175000
2153		4.918750
2154		4.975000
2155		5.656250
2156		6.100000
2157		6.162500
2158		6.993750
2159		7.200000
2160		7.200000
2161		7.587500
2162		7.556250
2163		7.350000
2164		7.287500
2165		7.050000
2166		6.781250
2167		6.637500
2168		6.487500
2169		6.218750
2170		6.012500
2171		6.043750
2172		5.862500
2173		5.775000
2174		5.956250
2175		6.193750
2176		6.337500
2177		6.337500
2178		6.606250
2179		6.900000
2180		7.081250
2181		7.556250
2182		7.437500
2183		7.493750
2184		7.287500
2185		7.406250
2186		6.900000
2187		7.081250
2188		6.781250
2189		6.312500
2190		6.368750
2191		6.043750
2192		5.981250
2193		5.743750
2194		5.631250
2195		5.512500
2196		5.181250
2197		5.275000
2198		5.331250
2199		5.212500
2200		4.825000
2201		5.125000
2202		5.125000
2203		5.181250
2204		4.737500
2205		5.062500
2206		4.825000
2207		4.681250
2208		4.618750
2209		4.712500
2210		5.062500
2211		4.593750
2212		4.237500
2213		4.000000
2214		4.000000
2215		4.175000
2216		3.200000
2217		3.556250
2218		3.137500
2219		3.343750
2220		3.493750
2221		3.525000
2222		3.525000
2223		3.881250
2224		4.000000
2225		3.762500
2226		4.087500
2227		4.443750
2228		4.800000
2229		4.737500
2230		5.181250
2231		5.300000
2232		5.418750
2233		5.656250
2234		5.568750
2235		5.481250
2236		5.568750
2237		5.775000
2238		5.362500
2239		5.300000
2240		5.568750
2241		5.125000
2242		5.037500
2243		4.856250
2244		4.593750
2245		4.443750
2246		4.381250
2247		4.325000
2248		4.356250
2249		4.293750
2250		4.737500
2251		4.825000
2252		4.825000
2253		4.681250
2254		4.737500
2255		5.181250
2256		5.062500
2257		4.737500
2258		4.887500
2259		4.825000
2260		4.381250
2261		4.475000
2262		4.262500
2263		4.143750
2264		4.237500
2265		3.968750
2266		4.237500
2267		3.850000
2268		4.237500
2269		3.643750
2270		3.643750
2271		3.700000
2272		3.462500
2273		3.437500
2274		3.200000
2275		3.406250
2276		3.343750
2277		3.287500
2278		3.343750
2279		2.843750
2280		3.375000
2281		3.406250
2282		3.437500
2283		3.493750
2284		3.318750
2285		2.900000
2286		3.318750
2287		2.962500
2288		2.756250
2289		2.518750
2290		2.637500
2291		2.187500
2292		2.456250
2293		2.693750
2294		2.662500
2295		3.343750
2296		3.343750
2297		4.087500
2298		4.356250
2299		4.856250
2300		5.037500
2301		4.887500
2302		4.681250
2303		4.056250
2304		3.287500
2305		2.756250
2306		1.718750
2307		1.506250
2308		0.918750
2309		0.056250
2310		0.000000
2311		-1.306250
2312		-1.100000
2313		-0.862500
2314		-0.743750
2315		-0.568750
2316		0.025000
2317		0.562500
2318		1.093750
2319		1.775000
2320		2.425000
2321		2.962500
2322		3.437500
2323		4.175000
2324		5.481250
2325		5.631250
2326		6.312500
2327		7.350000
2328		8.175000
2329		8.681250
2330		9.156250
2331		10.106250
2332		10.043750
2333		10.075000
2334		9.481250
2335		9.187500
2336		8.831250
2337		7.587500
2338		6.843750
2339		6.162500
2340		5.006250
2341		4.262500
2342		3.850000
2343		3.256250
2344		3.287500
2345		3.168750
2346		2.812500
2347		2.843750
2348		3.081250
2349		3.343750
2350		3.137500
2351		3.106250
2352		3.200000
2353		2.543750
2354		2.306250
2355		1.418750
2356		0.825000
2357		-0.062500
2358		-0.950000
2359		-1.900000
2360		-2.612500
2361		-3.087500
2362		-2.731250
2363		-3.112500
2364		-2.787500
2365		-2.168750
2366		-1.487500
2367		-0.775000
2368		0.325000
2369		0.825000
2370		2.012500
2371		2.662500
2372		2.868750
2373		2.662500
2374		2.487500
2375		2.400000
2376		1.537500
2377		1.062500
2378		0.025000
2379		-0.593750
2380		-1.250000
2381		-1.900000
2382		-2.075000
2383		-2.168750
2384		-1.750000
2385		-1.487500
2386		-0.950000
2387		-0.150000
2388		0.768750
2389		1.506250
2390		2.662500
2391		3.731250
2392		4.325000
2393		4.918750
2394		4.975000
2395		4.918750
2396		4.681250
2397		3.968750
2398		3.375000
2399		2.543750
2400		1.418750
2401		0.800000
2402		0.025000
2403		-0.181250
2404		-0.893750
2405		-0.862500
2406		-0.625000
2407		-0.118750
2408		0.887500
2409		1.568750
2410		2.281250
2411		3.437500
2412		4.381250
2413		4.737500
2414		5.181250
2415		5.275000
2416		5.037500
2417		4.712500
2418		4.531250
2419		3.287500
2420		2.518750
2421		1.450000
2422		0.412500
2423		-0.062500
2424		-1.456250
2425		-2.050000
2426		-2.731250
2427		-3.087500
2428		-3.143750
2429		-3.562500
2430		-3.381250
2431		-3.087500
2432		-2.937500
2433		-2.937500
2434		-2.431250
2435		-1.606250
2436		-1.012500
2437		-0.387500
2438		0.025000
2439		0.325000
2440		0.768750
2441		1.181250
2442		1.062500
2443		1.418750
2444		1.506250
2445		0.918750
2446		0.618750
2447		0.087500
2448		-0.656250
2449		-0.893750
2450		-1.900000
2451		-2.050000
2452		-2.731250
2453		-3.112500
2454		-3.350000
2455		-3.231250
2456		-3.325000
2457		-2.906250
2458		-2.818750
2459		-2.462500
2460		-2.137500
2461		-1.393750
2462		-1.037500
2463		-0.862500
2464		-0.268750
2465		0.381250
2466		0.531250
2467		0.887500
2468		0.325000
2469		0.587500
2470		0.587500
2471		0.325000
2472		0.412500
2473		-0.093750
2474		-0.418750
2475		-0.331250
2476		-0.775000
2477		-0.806250
2478		-0.775000
2479		-1.337500
2480		-0.806250
2481		-1.100000
2482		-0.593750
2483		-0.300000
2484		-0.212500
2485		0.000000
2486		0.443750
2487		0.587500
2488		0.468750
2489		0.587500
2490		0.231250
2491		0.262500
2492		0.175000
2493		0.000000
2494		-0.331250
2495		-0.712500
2496		-0.712500
2497		-0.712500
2498		-0.950000
2499		-1.275000
2500		-1.575000
2501		-1.631250
2502		-1.693750
2503		-1.868750
2504		-2.050000
2505		-1.750000
2506		-2.075000
2507		-1.900000
2508		-1.512500
2509		-1.843750
2510		-1.725000
2511		-2.193750
2512		-2.137500
2513		-2.225000
2514		-2.493750
2515		-3.056250
2516		-3.175000
2517		-3.975000
2518		-3.912500
2519		-4.331250
2520		-4.600000
2521		-4.806250
2522		-5.131250
2523		-4.893750
2524		-4.775000
2525		-4.743750
2526		-3.768750
2527		-3.887500
2528		-3.468750
2529		-3.056250
2530		-2.525000
2531		-2.050000
2532		-1.487500
2533		-1.068750
2534		-0.568750
2535		-0.356250
2536		-0.212500
2537		0.262500
2538		0.381250
2539		0.531250
2540		1.031250
2541		0.587500
2542		0.943750
2543		0.975000
2544		0.468750
2545		0.381250
2546		0.175000
2547		0.325000
2548		0.412500
2549		-0.062500
2550		0.143750
2551		-0.031250
2552		-0.356250
2553		-0.268750
2554		-0.212500
2555		0.025000
2556		0.087500
2557		0.000000
2558		0.143750
2559		0.143750
2560		-0.181250
2561		-0.118750
2562		-0.212500
2563		-0.981250
2564		-1.393750
2565		-1.843750
2566		-2.850000
2567		-3.531250
2568		-4.481250
2569		-5.306250
2570		-5.843750
2571		-6.525000
2572		-6.937500
2573		-7.381250
2574		-7.618750
2575		-7.650000
2576		-7.768750
2577		-7.206250
2578		-6.731250
2579		-6.525000
2580		-6.437500
2581		-5.693750
2582		-5.781250
2583		-5.487500
2584		-5.250000
2585		-5.337500
2586		-4.862500
2587		-5.100000
2588		-5.281250
2589		-5.606250
2590		-5.543750
2591		-5.868750
2592		-5.781250
2593		-6.137500
2594		-6.137500
2595		-6.581250
2596		-6.731250
2597		-6.762500
2598		-6.937500
2599		-6.818750
2600		-6.493750
2601		-6.437500
2602		-6.287500
2603		-5.900000
2604		-5.662500
2605		-4.981250
2606		-3.943750
2607		-3.681250
2608		-2.906250
2609		-2.525000
2610		-1.987500
2611		-1.456250
2612		-1.012500
2613		-0.893750
2614		-0.268750
2615		-0.118750
2616		-0.150000
2617		-0.712500
2618		-0.656250
2619		-0.893750
2620		-1.393750
2621		-1.693750
2622		-2.287500
2623		-2.937500
2624		-2.937500
2625		-3.562500
2626		-3.650000
2627		-3.262500
2628		-3.531250
2629		-3.468750
2630		-3.262500
2631		-2.731250
2632		-2.462500
2633		-2.406250
2634		-1.781250
2635		-1.931250
2636		-2.075000
2637		-1.956250
2638		-1.900000
2639		-2.193750
2640		-2.375000
2641		-2.818750
2642		-2.968750
2643		-2.968750
2644		-3.768750
2645		-3.706250
2646		-4.300000
2647		-4.331250
2648		-4.806250
2649		-4.925000
2650		-4.718750
2651		-5.575000
2652		-5.100000
2653		-5.662500
2654		-5.662500
2655		-5.575000
2656		-5.575000
2657		-5.456250
2658		-5.131250
2659		-4.775000
2660		-4.150000
2661		-3.706250
2662		-2.850000
2663		-2.137500
2664		-1.606250
2665		-0.893750
2666		-1.012500
2667		-0.712500
2668		-1.156250
2669		-2.050000
2670		-2.875000
2671		-4.031250
2672		-4.806250
2673		-5.781250
2674		-6.256250
2675		-6.343750
2676		-6.406250
2677		-6.106250
2678		-5.518750
2679		-4.775000
2680		-4.418750
2681		-4.506250
2682		-5.100000
2683		-5.931250
2684		-6.968750
2685		-8.093750
2686		-9.043750
2687		-9.637500
2688		-10.231250
2689		-10.493750
2690		-9.931250
2691		-9.250000
2692		-8.156250
2693		-6.850000
2694		-5.337500
2695		-4.268750
2696		-2.818750
2697		-1.843750
2698		-0.950000
2699		-0.418750
2700		0.206250
2701		0.381250
2702		0.143750
2703		0.087500
2704		0.175000
2705		0.000000
2706		-0.237500
2707		-0.506250
2708		-0.475000
2709		-1.337500
2710		-1.693750
2711		-1.843750
2712		-2.225000
2713		-2.287500
2714		-2.493750
2715		-2.668750
2716		-2.550000
2717		-2.787500
2718		-2.700000
2719		-2.612500
2720		-2.225000
2721		-2.225000
2722		-2.287500
2723		-2.762500
2724		-3.175000
2725		-3.531250
2726		-3.943750
2727		-4.450000
2728		-4.600000
2729		-4.743750
2730		-4.893750
2731		-4.862500
2732		-4.600000
2733		-4.775000
2734		-4.718750
2735		-4.862500
2736		-5.131250
2737		-5.306250
2738		-5.456250
2739		-5.337500
2740		-5.187500
2741		-4.656250
2742		-4.568750
2743		-3.443750
2744		-2.787500
2745		-1.900000
2746		-1.425000
2747		-0.743750
2748		-0.893750
2749		-1.337500
2750		-1.606250
2751		-2.343750
2752		-3.087500
2753		-3.650000
2754		-4.181250
2755		-4.950000
2756		-5.337500
2757		-5.425000
2758		-5.306250
2759		-5.068750
2760		-5.012500
2761		-4.243750
2762		-3.912500
2763		-3.825000
2764		-3.381250
2765		-2.906250
2766		-2.937500
2767		-3.056250
2768		-2.731250
2769		-2.937500
2770		-3.262500
2771		-3.293750
2772		-3.025000
2773		-2.668750
2774		-2.700000
2775		-2.193750
2776		-1.781250
2777		-1.337500
2778		-1.012500
2779		-0.387500
2780		-0.300000
2781		-0.712500
2782		-0.268750
2783		-0.831250
2784		-0.893750
2785		-1.068750
2786		-1.843750
2787		-2.287500
2788		-2.668750
2789		-2.612500
2790		-2.968750
2791		-3.087500
2792		-3.562500
2793		-3.293750
2794		-3.587500
2795		-3.975000
2796		-4.212500
2797		-4.243750
2798		-4.568750
2799		-5.187500
2800		-5.456250
2801		-5.487500
2802		-6.050000
2803		-6.225000
2804		-6.287500
2805		-6.668750
2806		-6.200000
2807		-6.437500
2808		-6.200000
2809		-5.843750
2810		-5.781250
2811		-5.456250
2812		-5.250000
2813		-5.543750
2814		-5.400000
2815		-5.250000
2816		-4.600000
2817		-4.300000
2818		-3.975000
2819		-3.650000
2820		-3.412500
2821		-3.325000
2822		-2.700000
2823		-2.525000
2824		-1.868750
2825		-2.375000
2826		-2.075000
2827		-2.493750
2828		-2.525000
2829		-2.700000
2830		-2.431250
2831		-2.850000
2832		-2.668750
2833		-2.968750
2834		-2.906250
2835		-2.875000
2836		-2.968750
2837		-3.025000
2838		-2.525000
2839		-2.875000
2840		-2.581250
2841		-2.225000
2842		-2.168750
2843		-1.868750
2844		-1.693750
2845		-1.187500
2846		-0.806250
2847		-0.568750
2848		0.025000
2849		0.468750
2850		0.531250
2851		0.856250
2852		0.412500
2853		0.618750
2854		-0.031250
2855		0.262500
2856		-0.300000
2857		-0.268750
2858		-0.712500
2859		-1.131250
2860		-0.981250
2861		-1.306250
2862		-1.187500
2863		-1.187500
2864		-1.725000
2865		-1.543750
2866		-1.931250
2867		-2.106250
2868		-2.137500
2869		-2.493750
2870		-2.612500
2871		-2.937500
2872		-2.818750
2873		-3.025000
2874		-3.087500
2875		-3.350000
2876		-3.112500
2877		-2.818750
2878		-2.762500
2879		-2.462500
2880		-2.787500
2881		-2.431250
2882		-2.312500
2883		-2.225000
2884		-1.931250
2885		-1.693750
2886		-1.543750
2887		-1.306250
2888		-1.156250
2889		-1.100000
2890		-0.506250
2891		-0.656250
2892		-0.062500
2893		-0.150000
2894		0.175000
2895		-0.062500
2896		-0.062500
2897		0.087500
2898		-0.181250
2899		-0.331250
2900		-0.387500
2901		-0.268750
2902		-0.356250
2903		-0.331250
2904		-0.268750
2905		-0.356250
2906		-0.387500
2907		-0.568750
2908		-0.687500
2909		-0.893750
2910		-0.537500
2911		-0.893750
2912		-1.037500
2913		-1.337500
2914		-1.037500
2915		-1.037500
2916		-0.656250
2917		-0.712500
2918		-0.300000
2919		0.381250
2920		0.381250
2921		0.025000
2922		0.381250
2923		0.000000
2924		0.087500
2925		-0.387500
2926		-0.593750
2927		-0.593750
2928		-0.862500
2929		-1.456250
2930		-1.456250
2931		-1.631250
2932		-1.487500
2933		-1.631250
2934		-1.156250
2935		-1.456250
2936		-1.218750
2937		-0.806250
2938		-0.593750
2939		-0.031250
2940		-0.062500
2941		0.143750
2942		0.681250
2943		0.562500
2944		0.231250
2945		0.381250
2946		0.262500
2947		0.087500
2948		-0.831250
2949		-1.131250
2950		-1.456250
2951		-2.256250
2952		-2.668750
2953		-3.025000
2954		-3.381250
2955		-3.681250
2956		-3.706250
2957		-3.912500
2958		-3.768750
2959		-3.112500
2960		-2.787500
2961		-2.612500
2962		-2.287500
2963		-1.693750
2964		-1.131250
2965		-0.418750
2966		-0.118750
2967		0.262500
2968		0.918750
2969		1.837500
2970		2.012500
2971		3.050000
2972		3.050000
2973		3.406250
2974		3.200000
2975		3.200000
2976		3.256250
2977		2.843750
2978		2.281250
2979		2.100000
2980		1.212500
2981		0.768750
2982		0.531250
2983		0.350000
2984		0.468750
2985		0.737500
2986		0.443750
2987		1.031250
2988		1.625000
2989		1.950000
2990		1.837500
2991		2.250000
2992		2.518750
2993		2.400000
2994		2.756250
2995		2.756250
2996		2.843750
2997		2.425000
2998		2.306250
2999		2.012500
3000		1.925000
3001		1.331250
3002		1.268750
3003		0.618750
3004		0.587500
3005		0.087500
3006		-0.418750
3007		-0.625000
3008		-1.368750
3009		-1.750000
3010		-2.137500
3011		-2.343750
3012		-2.193750
3013		-2.525000
3014		-2.343750
3015		-2.050000
3016		-1.693750
3017		-1.156250
3018		-0.593750
3019		0.206250
3020		0.918750
3021		0.768750
3022		1.150000
3023		1.656250
3024		2.043750
3025		2.162500
3026		1.718750
3027		2.456250
3028		2.306250
3029		2.012500
3030		1.950000
3031		1.743750
3032		2.012500
3033		1.718750
3034		1.537500
3035		0.943750
3036		1.062500
3037		0.500000
3038		0.587500
3039		-0.062500
3040		-0.118750
3041		0.025000
3042		-0.268750
3043		-0.150000
3044		0.175000
3045		0.262500
3046		0.468750
3047		0.681250
3048		1.031250
3049		0.887500
3050		1.506250
3051		1.743750
3052		2.187500
3053		2.637500
3054		2.812500
3055		3.137500
3056		3.556250
3057		3.700000
3058		4.025000
3059		4.325000
3060		4.175000
3061		4.593750
3062		4.356250
3063		3.612500
3064		3.437500
3065		2.756250
3066		2.456250
3067		2.012500
3068		2.281250
3069		2.218750
3070		2.162500
3071		2.012500
3072		2.575000
3073		2.637500
3074		2.812500
3075		2.987500
3076		2.693750
3077		2.843750
3078		2.637500
3079		2.306250
3080		2.250000
3081		2.306250
3082		2.606250
3083		2.368750
3084		3.375000
3085		3.462500
3086		4.206250
3087		4.737500
3088		5.512500
3089		6.012500
3090		5.862500
3091		5.512500
3092		5.362500
3093		4.381250
3094		3.731250
3095		2.400000
3096		1.600000
3097		-0.062500
3098		-1.218750
3099		-1.781250
3100		-2.431250
3101		-3.056250
3102		-3.056250
3103		-3.087500
3104		-2.431250
3105		-1.393750
3106		-0.593750
3107		0.381250
3108		1.718750
3109		2.662500
3110		3.643750
3111		4.681250
3112		5.300000
3113		5.837500
3114		6.218750
3115		6.900000
3116		6.962500
3117		7.050000
3118		6.518750
3119		6.012500
3120		6.012500
3121		5.512500
3122		4.856250
3123		4.143750
3124		4.262500
3125		4.618750
3126		4.825000
3127		5.243750
3128		5.212500
3129		6.012500
3130		6.606250
3131		6.456250
3132		6.993750
3133		7.881250
3134		8.175000
3135		8.737500
3136		8.475000
3137		8.531250
3138		8.593750
3139		8.000000
3140		7.881250
3141		7.200000
3142		6.218750
3143		5.243750
3144		4.262500
3145		3.406250
3146		2.487500
3147		1.718750
3148		1.006250
3149		0.531250
3150		-0.212500
3151		-0.268750
3152		0.143750
3153		0.206250
3154		0.206250
3155		0.650000
3156		1.806250
3157		2.162500
3158		2.962500
3159		3.850000
3160		4.500000
3161		4.975000
3162		5.568750
3163		5.656250
3164		6.431250
3165		6.456250
3166		6.518750
3167		6.218750
3168		6.875000
3169		6.662500
3170		6.756250
3171		6.725000
3172		6.075000
3173		6.250000
3174		5.362500
3175		4.975000
3176		4.293750
3177		3.968750
3178		3.018750
3179		2.662500
3180		2.400000
3181		2.306250
3182		2.306250
3183		2.250000
3184		2.337500
3185		3.018750
3186		3.581250
3187		3.793750
3188		4.562500
3189		4.825000
3190		5.300000
3191		5.687500
3192		5.481250
3193		5.418750
3194		5.775000
3195		5.537500
3196		4.975000
3197		4.887500
3198		4.650000
3199		4.618750
3200		4.143750
3201		4.237500
3202		4.325000
3203		4.175000
3204		4.618750
3205		4.825000
3206		5.481250
3207		5.418750
3208		5.775000
3209		5.418750
3210		5.568750
3211		5.925000
3212		6.312500
3213		6.100000
3214		6.337500
3215		6.550000
3216		6.250000
3217		6.400000
3218		6.218750
3219		6.100000
3220		5.925000
3221		6.162500
3222		5.956250
3223		5.656250
3224		5.243750
3225		4.887500
3226		5.600000
3227		4.918750
3228		4.887500
3229		5.212500
3230		5.275000
3231		5.775000
3232		5.743750
3233		6.043750
3234		6.312500
3235		6.162500
3236		5.862500
3237		6.162500
3238		6.075000
3239		5.806250
3240		5.512500
3241		5.181250
3242		5.037500
3243		5.243750
3244		4.887500
3245		4.356250
3246		4.475000
3247		4.293750
3248		4.237500
3249		4.237500
3250		4.356250
3251		4.143750
3252		4.143750
3253		4.381250
3254		4.143750
3255		4.412500
3256		4.443750
3257		4.768750
3258		5.331250
3259		5.837500
3260		6.162500
3261		5.925000
3262		6.193750
3263		6.100000
3264		6.012500
3265		5.568750
3266		5.275000
3267		4.593750
3268		4.325000
3269		3.850000
3270		3.700000
3271		3.525000
3272		3.256250
3273		3.437500
3274		3.106250
3275		3.050000
3276		2.843750
3277		3.287500
3278		3.556250
3279		3.881250
3280		4.412500
3281		5.212500
3282		6.012500
3283		6.550000
3284		7.081250
3285		7.350000
3286		7.731250
3287		8.175000
3288		8.325000
3289		8.087500
3290		7.350000
3291		7.137500
3292		6.900000
3293		6.368750
3294		5.775000
3295		5.300000
3296		5.362500
3297		5.181250
3298		4.737500
3299		4.918750
3300		4.443750
3301		4.531250
3302		5.275000
3303		5.362500
3304		5.718750
3305		5.775000
3306		6.281250
3307		6.875000
3308		6.756250
3309		7.375000
3310		8.000000
3311		8.325000
3312		8.618750
3313		8.562500
3314		8.712500
3315		8.031250
3316		7.700000
3317		7.318750
3318		6.400000
3319		5.775000
3320		4.825000
3321		3.850000
3322		2.662500
3323		1.862500
3324		1.268750
3325		0.087500
3326		-0.300000
3327		-0.593750
3328		-0.950000
3329		-0.450000
3330		-0.537500
3331		-0.062500
3332		0.325000
3333		1.243750
3334		2.368750
3335		2.843750
3336		3.556250
3337		4.325000
3338		4.918750
3339		5.418750
3340		5.862500
3341		5.806250
3342		6.162500
3343		6.131250
3344		6.012500
3345		5.806250
3346		5.512500
3347		5.481250
3348		5.006250
3349		5.481250
3350		5.656250
3351		5.981250
3352		6.487500
3353		6.931250
3354		7.881250
3355		8.237500
3356		9.275000
3357		9.718750
3358		10.193750
3359		10.250000
3360		10.400000
3361		9.837500
3362		9.956250
3363		9.868750
3364		9.481250
3365		9.425000
3366		8.918750
3367		8.768750
3368		8.000000
3369		7.375000
3370		6.693750
3371		6.637500
3372		5.837500
3373		5.837500
3374		5.512500
3375		5.125000
3376		4.681250
3377		4.500000
3378		4.237500
3379		4.325000
3380		4.000000
3381		3.906250
3382		3.937500
3383		3.437500
3384		3.200000
3385		3.287500
3386		3.106250
3387		2.487500
3388		2.131250
3389		1.981250
3390		1.506250
3391		1.300000
3392		1.506250
3393		1.300000
3394		1.093750
3395		1.331250
3396		1.775000
3397		1.506250
3398		1.537500
3399		1.656250
3400		2.218750
3401		2.400000
3402		3.318750
3403		2.725000
3404		2.606250
3405		3.200000
3406		3.850000
3407		3.793750
3408		4.175000
3409		3.937500
3410		4.293750
3411		4.887500
3412		4.381250
3413		4.681250
3414		4.856250
3415		4.768750
3416		4.143750
3417		4.262500
3418		4.800000
3419		5.093750
3420		5.362500
3421		5.775000
3422		6.400000
3423		6.812500
3424		7.437500
3425		8.031250
3426		8.887500
3427		9.512500
3428		9.893750
3429		9.656250
3430		9.687500
3431		9.481250
3432		9.125000
3433		8.918750
3434		8.506250
3435		7.881250
3436		7.050000
3437		6.575000
3438		6.400000
3439		5.862500
3440		5.275000
3441		4.650000
3442		4.237500
3443		3.818750
3444		3.881250
3445		3.437500
3446		3.343750
3447		3.406250
3448		3.493750
3449		3.700000
3450		4.000000
3451		4.143750
3452		4.206250
3453		4.737500
3454		4.531250
3455		4.118750
3456		4.500000
3457		4.143750
3458		4.025000
3459		3.793750
3460		3.437500
3461		3.462500
3462		2.843750
3463		2.162500
3464		1.893750
3465		1.481250
3466		0.681250
3467		0.562500
3468		0.443750
3469		-0.118750
3470		0.000000
3471		0.231250
3472		0.231250
3473		0.825000
3474		1.212500
3475		1.743750
3476		2.068750
3477		2.843750
3478		2.987500
3479		3.700000
3480		3.612500
3481		3.762500
3482		3.581250
3483		3.106250
3484		3.406250
3485		2.900000
3486		2.812500
3487		2.012500
3488		1.862500
3489		1.656250
3490		1.506250
3491		1.062500
3492		1.125000
3493		1.181250
3494		0.681250
3495		0.587500
3496		1.062500
3497		0.856250
3498		0.531250
3499		0.825000
3500		1.181250
3501		1.331250
3502		1.300000
3503		1.181250
3504		1.481250
3505		1.568750
3506		2.100000
3507		2.162500
3508		1.981250
3509		1.862500
3510		1.625000
3511		1.418750
3512		1.481250
3513		1.093750
3514		0.825000
3515		0.175000
3516		0.143750
3517		-0.568750
3518		-0.625000
3519		-0.150000
3520		0.000000
3521		-0.418750
3522		0.000000
3523		0.587500
3524		1.062500
3525		1.418750
3526		2.368750
3527		2.756250
3528		2.575000
3529		3.556250
3530		4.000000
3531		3.643750
3532		3.493750
3533		3.581250
3534		3.643750
3535		3.137500
3536		2.812500
3537		2.843750
3538		2.400000
3539		2.400000
3540		2.337500
3541		2.662500
3542		2.337500
3543		2.012500
3544		2.306250
3545		2.337500
3546		2.575000
3547		2.662500
3548		2.962500
3549		3.437500
3550		3.225000
3551		3.556250
3552		3.556250
3553		3.343750
3554		3.493750
3555		2.931250
3556		2.987500
3557		2.868750
3558		2.456250
3559		2.693750
3560		2.337500
3561		2.306250
3562		2.187500
3563		1.718750
3564		1.925000
3565		1.893750
3566		2.043750
3567		1.837500
3568		1.600000
3569		1.181250
3570		0.975000
3571		1.243750
3572		1.062500
3573		1.243750
3574		1.268750
3575		0.887500
3576		1.331250
3577		0.737500
3578		1.362500
3579		0.825000
3580		0.618750
3581		0.825000
3582		0.293750
3583		0.443750
3584		0.000000
3585		0.025000
3586		0.143750
3587		-0.150000
3588		-0.268750
3589		-0.300000
3590		-0.356250
3591		-0.593750
3592		-0.862500
3593		-0.450000
3594		-0.031250
3595		0.000000
3596		-0.150000
3597		0.293750
3598		0.293750
3599		0.531250
3600		0.975000
3601		0.975000
3602		1.268750
3603		1.331250
3604		1.656250
3605		1.300000
3606		1.656250
3607		1.481250
3608		1.387500
3609		1.062500
3610		1.181250
3611		0.825000
3612		0.618750
3613		0.468750
3614		0.825000
3615		0.443750
3616		0.381250
3617		0.143750
3618		0.500000
3619		0.825000
3620		0.768750
3621		0.737500
3622		0.856250
3623		1.006250
3624		0.887500
3625		1.006250
3626		1.450000
3627		1.150000
3628		0.887500
3629		0.887500
3630		0.206250
3631		0.325000
3632		-0.181250
3633		-0.031250
3634		-0.212500
3635		-0.237500
3636		-0.475000
3637		-0.806250
3638		-0.806250
3639		-0.831250
3640		-0.775000
3641		-0.268750
3642		-0.743750
3643		-0.712500
3644		-1.037500
3645		-0.506250
3646		-0.450000
3647		-1.037500
3648		-0.593750
3649		-0.893750
3650		-1.012500
3651		-1.306250
3652		-1.131250
3653		-1.512500
3654		-1.631250
3655		-1.812500
3656		-1.575000
3657		-1.843750
3658		-1.693750
3659		-1.868750
3660		-2.312500
3661		-2.075000
3662		-1.931250
3663		-1.456250
3664		-1.487500
3665		-1.037500
3666		-0.950000
3667		-0.568750
3668		-0.062500
3669		-0.031250
3670		0.350000
3671		0.231250
3672		-0.212500
3673		-0.268750
3674		-0.625000
3675		-1.337500
3676		-2.137500
3677		-3.112500
3678		-3.618750
3679		-4.125000
3680		-4.806250
3681		-5.337500
3682		-5.400000
3683		-5.281250
3684		-5.575000
3685		-5.162500
3686		-4.568750
3687		-4.387500
3688		-3.531250
3689		-3.206250
3690		-2.193750
3691		-1.781250
3692		-1.156250
3693		-0.743750
3694		-0.212500
3695		0.618750
3696		1.418750
3697		2.162500
3698		2.812500
3699		3.700000
3700		4.143750
3701		4.618750
3702		5.212500
3703		5.537500
3704		5.181250
3705		5.037500
3706		4.325000
3707		3.556250
3708		3.050000
3709		2.012500
3710		1.212500
3711		0.087500
3712		-0.506250
3713		-1.425000
3714		-1.606250
3715		-1.868750
3716		-1.725000
3717		-1.868750
3718		-1.725000
3719		-1.543750
3720		-1.693750
3721		-1.425000
3722		-1.337500
3723		-1.543750
3724		-2.343750
3725		-3.262500
3726		-3.825000
3727		-4.506250
3728		-5.368750
3729		-5.931250
3730		-7.087500
3731		-7.475000
3732		-7.975000
3733		-7.975000
3734		-7.618750
3735		-7.262500
3736		-6.437500
3737		-5.606250
3738		-5.012500
3739		-3.887500
3740		-3.206250
3741		-2.431250
3742		-1.956250
3743		-1.606250
3744		-1.606250
3745		-2.137500
3746		-2.312500
3747		-3.231250
3748		-3.856250
3749		-4.506250
3750		-4.950000
3751		-5.781250
3752		-6.081250
3753		-6.731250
3754		-6.556250
3755		-6.493750
3756		-5.606250
3757		-5.162500
3758		-4.062500
3759		-3.206250
3760		-2.050000
3761		-1.250000
3762		-0.212500
3763		0.381250
3764		1.093750
3765		0.650000
3766		0.468750
3767		0.231250
3768		-0.268750
3769		-1.487500
3770		-1.781250
3771		-2.968750
3772		-3.681250
3773		-4.981250
3774		-5.043750
3775		-5.750000
3776		-5.543750
3777		-4.743750
3778		-4.743750
3779		-3.975000
3780		-2.731250
3781		-1.750000
3782		-0.656250
3783		0.087500
3784		1.031250
3785		1.481250
3786		1.450000
3787		1.031250
3788		0.025000
3789		-0.568750
3790		-1.812500
3791		-1.987500
3792		-3.531250
3793		-4.506250
3794		-5.400000
3795		-6.437500
3796		-6.968750
3797		-7.325000
3798		-7.768750
3799		-7.562500
3800		-7.443750
3801		-7.356250
3802		-6.612500
3803		-6.256250
3804		-5.931250
3805		-5.606250
3806		-5.012500
3807		-4.418750
3808		-3.381250
3809		-3.112500
3810		-2.875000
3811		-2.668750
3812		-2.612500
3813		-2.431250
3814		-2.431250
3815		-3.025000
3816		-3.325000
3817		-3.737500
3818		-4.093750
3819		-4.806250
3820		-5.368750
3821		-5.750000
3822		-6.375000
3823		-6.700000
3824		-6.787500
3825		-6.525000
3826		-6.643750
3827		-6.581250
3828		-6.437500
3829		-5.987500
3830		-5.606250
3831		-5.187500
3832		-4.950000
3833		-4.481250
3834		-4.362500
3835		-4.362500
3836		-3.500000
3837		-3.112500
3838		-3.350000
3839		-3.087500
3840		-3.350000
3841		-3.206250
3842		-3.468750
3843		-3.443750
3844		-3.706250
3845		-3.562500
3846		-4.006250
3847		-4.243750
3848		-4.268750
3849		-4.537500
3850		-4.775000
3851		-4.625000
3852		-4.268750
3853		-3.618750
3854		-3.943750
3855		-3.768750
3856		-3.793750
3857		-3.650000
3858		-3.650000
3859		-3.412500
3860		-3.618750
3861		-3.737500
3862		-3.975000
3863		-4.150000
3864		-4.506250
3865		-4.537500
3866		-4.600000
3867		-5.012500
3868		-5.187500
3869		-5.187500
3870		-5.400000
3871		-5.900000
3872		-5.987500
3873		-6.375000
3874		-6.200000
3875		-6.225000
3876		-6.406250
3877		-6.200000
3878		-6.256250
3879		-6.375000
3880		-6.137500
3881		-6.343750
3882		-6.256250
3883		-6.818750
3884		-7.118750
3885		-6.818750
3886		-7.412500
3887		-7.562500
3888		-7.975000
3889		-8.037500
3890		-8.718750
3891		-9.075000
3892		-9.012500
3893		-9.043750
3894		-8.775000
3895		-9.100000
3896		-9.043750
3897		-8.625000
3898		-8.006250
3899		-7.887500
3900		-7.412500
3901		-6.818750
3902		-6.462500
3903		-5.931250
3904		-5.456250
3905		-4.925000
3906		-4.568750
3907		-4.387500
3908		-3.975000
3909		-4.006250
3910		-3.468750
3911		-3.562500
3912		-3.650000
3913		-3.325000
3914		-3.618750
3915		-4.212500
3916		-3.912500
3917		-4.568750
3918		-4.568750
3919		-4.568750
3920		-4.506250
3921		-4.687500
3922		-4.600000
3923		-4.625000
3924		-4.718750
3925		-4.243750
3926		-3.975000
3927		-4.212500
3928		-4.243750
3929		-4.268750
3930		-3.825000
3931		-4.150000
3932		-4.718750
3933		-5.012500
3934		-5.306250
3935		-6.287500
3936		-6.731250
3937		-7.412500
3938		-8.156250
3939		-8.956250
3940		-9.781250
3941		-10.556250
3942		-10.493750
3943		-11.325000
3944		-11.887500
3945		-11.768750
3946		-11.381250
3947		-11.443750
3948		-11.087500
3949		-10.643750
3950		-10.350000
3951		-9.812500
3952		-9.900000
3953		-9.606250
3954		-9.162500
3955		-9.312500
3956		-9.193750
3957		-9.431250
3958		-9.100000
3959		-9.281250
3960		-9.606250
3961		-9.543750
3962		-9.400000
3963		-9.693750
3964		-9.993750
3965		-10.137500
3966		-10.375000
3967		-10.200000
3968		-10.525000
3969		-10.762500
3970		-10.081250
3971		-10.050000
3972		-9.637500
3973		-9.637500
3974		-9.100000
3975		-8.450000
3976		-8.656250
3977		-7.856250
3978		-7.237500
3979		-6.525000
3980		-6.525000
3981		-5.518750
3982		-5.337500
3983		-4.862500
3984		-4.568750
3985		-4.568750
3986		-3.912500
3987		-4.418750
3988		-4.125000
3989		-4.775000
3990		-5.425000
3991		-5.543750
3992		-5.987500
3993		-6.462500
3994		-7.025000
3995		-6.818750
3996		-7.443750
3997		-7.587500
3998		-7.412500
3999		-7.237500
4000		-7.237500
4001		-7.325000
4002		-6.437500
4003		-6.556250
4004		-6.700000
4005		-6.168750
4006		-6.287500
4007		-5.843750
4008		-5.900000
4009		-6.343750
4010		-6.343750
4011		-6.643750
4012		-6.525000
4013		-6.818750
4014		-6.906250
4015		-7.175000
4016		-7.531250
4017		-8.093750
4018		-8.125000
4019		-8.243750
4020		-8.862500
4021		-8.806250
4022		-8.981250
4023		-9.281250
4024		-9.250000
4025		-9.518750
4026		-9.131250
4027		-9.100000
4028		-8.718750
4029		-8.743750
4030		-8.275000
4031		-7.706250
4032		-6.968750
4033		-6.437500
4034		-5.606250
4035		-5.100000
4036		-4.656250
4037		-4.775000
4038		-4.362500
4039		-5.012500
4040		-5.637500
4041		-6.643750
4042		-7.706250
4043		-8.568750
4044		-9.337500
4045		-9.606250
4046		-9.875000
4047		-9.812500
4048		-9.012500
4049		-8.181250
4050		-8.156250
4051		-7.500000
4052		-7.825000
4053		-8.625000
4054		-9.281250
4055		-9.843750
4056		-11.087500
4057		-12.306250
4058		-12.868750
4059		-13.693750
4060		-13.756250
4061		-13.337500
4062		-12.656250
4063		-11.712500
4064		-10.287500
4065		-8.718750
4066		-7.325000
4067		-5.606250
4068		-4.600000
4069		-3.587500
4070		-3.112500
4071		-2.700000
4072		-2.550000
4073		-2.406250
4074		-2.731250
4075		-2.462500
4076		-2.968750
4077		-3.381250
4078		-3.912500
4079		-4.150000
4080		-4.831250
4081		-5.368750
4082		-6.106250
4083		-5.750000
4084		-6.225000
4085		-6.318750
4086		-6.406250
4087		-5.868750
4088		-5.662500
4089		-5.637500
4090		-5.100000
4091		-4.950000
4092		-4.981250
4093		-5.012500
4094		-5.843750
4095		-6.225000
4096		-6.731250
4097		-7.118750
4098		-7.381250
4099		-7.412500
4100		-7.943750
4101		-8.212500
4102		-7.975000
4103		-7.650000
4104		-7.531250
4105		-7.768750
4106		-7.681250
4107		-7.856250
4108		-8.062500
4109		-8.275000
4110		-8.093750
4111		-7.825000
4112		-7.262500
4113		-6.437500
4114		-6.050000
4115		-5.337500
4116		-4.656250
4117		-4.062500
4118		-3.856250
4119		-3.231250
4120		-3.500000
4121		-4.418750
4122		-4.981250
4123		-6.018750
4124		-6.668750
4125		-7.356250
4126		-8.006250
4127		-7.975000
4128		-8.125000
4129		-7.975000
4130		-7.706250
4131		-7.681250
4132		-7.025000
4133		-6.581250
4134		-6.081250
4135		-5.962500
4136		-5.187500
4137		-5.606250
4138		-5.368750
4139		-6.081250
4140		-5.843750
4141		-5.750000
4142		-5.637500
4143		-5.518750
4144		-5.100000
4145		-4.862500
4146		-4.831250
4147		-4.387500
4148		-4.006250
4149		-3.793750
4150		-3.087500
4151		-2.643750
4152		-2.525000
4153		-2.937500
4154		-2.937500
4155		-3.087500
4156		-3.468750
4157		-4.031250
4158		-4.362500
4159		-4.418750
4160		-5.131250
4161		-5.281250
4162		-5.400000
4163		-5.337500
4164		-5.456250
4165		-5.693750
4166		-5.725000
4167		-6.256250
4168		-6.406250
4169		-6.668750
4170		-7.175000
4171		-7.381250
4172		-7.237500
4173		-7.768750
4174		-7.800000
4175		-7.975000
4176		-7.562500
4177		-7.681250
4178		-7.381250
4179		-7.325000
4180		-7.262500
4181		-7.206250
4182		-7.025000
4183		-6.762500
4184		-6.818750
4185		-6.493750
4186		-6.700000
4187		-6.343750
4188		-5.693750
4189		-4.893750
4190		-4.506250
4191		-4.268750
4192		-3.856250
4193		-3.618750
4194		-3.231250
4195		-3.143750
4196		-3.056250
4197		-2.968750
4198		-3.412500
4199		-3.175000
4200		-3.262500
4201		-4.362500
4202		-4.062500
4203		-3.856250
4204		-3.825000
4205		-4.062500
4206		-4.006250
4207		-3.706250
4208		-4.062500
4209		-3.825000
4210		-3.681250
4211		-3.293750
4212		-3.231250
4213		-2.581250
4214		-2.431250
4215		-1.868750
4216		-1.750000
4217		-1.218750
4218		-0.687500
4219		-0.687500
4220		0.293750
4221		0.381250
4222		0.087500
4223		-0.212500
4224		-0.300000
4225		-0.450000
4226		-0.831250
4227		-1.012500
4228		-1.100000
4229		-1.012500
4230		-1.037500
4231		-0.981250
4232		-1.250000
4233		-1.393750
4234		-1.456250
4235		-1.393750
4236		-1.631250
4237		-1.987500
4238		-2.225000
4239		-2.643750
4240		-2.762500
4241		-3.025000
4242		-3.231250
4243		-3.325000
4244		-3.618750
4245		-3.175000
4246		-3.381250
4247		-3.412500
4248		-3.412500
4249		-3.325000
4250		-2.787500
4251		-2.643750
4252		-2.581250
4253		-2.050000
4254		-2.106250
4255		-2.375000
4256		-1.987500
4257		-1.781250
4258		-1.631250
4259		-1.393750
4260		-0.893750
4261		-0.831250
4262		-0.593750
4263		-0.268750
4264		0.443750
4265		0.175000
4266		0.443750
4267		0.143750
4268		-0.093750
4269		-0.506250
4270		-0.356250
4271		-0.356250
4272		-0.450000
4273		-0.300000
4274		-0.212500
4275		0.112500
4276		-0.150000
4277		-0.237500
4278		-0.387500
4279		-0.356250
4280		-0.356250
4281		-0.743750
4282		-0.862500
4283		-1.100000
4284		-1.275000
4285		-1.156250
4286		-1.337500
4287		-1.012500
4288		-1.100000
4289		-0.593750
4290		-0.656250
4291		-0.031250
4292		0.381250
4293		-0.062500
4294		0.381250
4295		0.443750
4296		0.025000
4297		0.325000
4298		0.087500
4299		-0.268750
4300		-0.831250
4301		-0.712500
4302		-1.306250
4303		-1.275000
4304		-1.487500
4305		-1.275000
4306		-1.393750
4307		-0.775000
4308		-0.537500
4309		0.143750
4310		0.056250
4311		0.500000
4312		0.737500
4313		1.387500
4314		1.331250
4315		1.243750
4316		1.268750
4317		1.331250
4318		1.181250
4319		0.650000
4320		0.293750
4321		-0.356250
4322		-0.687500
4323		-1.425000
4324		-1.931250
4325		-2.193750
4326		-2.550000
4327		-2.968750
4328		-2.581250
4329		-2.875000
4330		-2.668750
4331		-2.493750
4332		-1.987500
4333		-1.781250
4334		-1.337500
4335		-0.712500
4336		0.000000
4337		0.800000
4338		1.181250
4339		2.187500
4340		3.081250
4341		3.556250
4342		3.850000
4343		4.737500
4344		4.918750
4345		5.125000
4346		4.712500
4347		4.768750
4348		4.237500
4349		3.731250
4350		3.581250
4351		3.200000
4352		3.050000
4353		2.543750
4354		2.725000
4355		2.662500
4356		2.725000
4357		2.543750
4358		2.900000
4359		3.256250
4360		3.581250
4361		3.850000
4362		4.087500
4363		3.937500
4364		3.762500
4365		4.087500
4366		4.293750
4367		4.056250
4368		4.056250
4369		3.700000
4370		3.881250
4371		3.556250
4372		3.643750
4373		3.556250
4374		3.200000
4375		3.137500
4376		2.543750
4377		1.775000
4378		1.925000
4379		1.300000
4380		0.825000
4381		0.262500
4382		-0.150000
4383		-0.506250
4384		-0.593750
4385		-0.806250
4386		-0.537500
4387		-0.356250
4388		-0.181250
4389		0.262500
4390		0.887500
4391		1.331250
4392		1.718750
4393		2.425000
4394		3.050000
4395		3.256250
4396		3.406250
4397		3.343750
4398		3.793750
4399		4.025000
4400		4.000000
4401		3.937500
4402		4.000000
4403		4.000000
4404		4.000000
4405		4.025000
4406		3.556250
4407		3.881250
4408		3.318750
4409		3.287500
4410		2.900000
4411		2.637500
4412		2.400000
4413		2.400000
4414		2.281250
4415		2.518750
4416		2.012500
4417		2.368750
4418		2.543750
4419		2.987500
4420		3.318750
4421		3.762500
4422		4.681250
4423		4.443750
4424		4.500000
4425		5.062500
4426		5.156250
4427		5.568750
4428		5.775000
4429		6.012500
4430		6.218750
4431		6.218750
4432		6.368750
4433		6.518750
4434		5.956250
4435		5.837500
4436		5.568750
4437		5.037500
4438		4.618750
4439		4.712500
4440		4.356250
4441		4.175000
4442		4.206250
4443		3.818750
4444		4.293750
4445		4.443750
4446		4.000000
4447		4.175000
4448		3.881250
4449		3.881250
4450		3.793750
4451		3.850000
4452		3.643750
4453		4.025000
4454		4.293750
4455		4.593750
4456		5.212500
4457		6.193750
4458		6.662500
4459		7.168750
4460		7.587500
4461		7.612500
4462		8.293750
4463		8.056250
4464		7.643750
4465		6.756250
4466		5.806250
4467		4.618750
4468		3.937500
4469		2.606250
4470		1.362500
4471		1.125000
4472		0.381250
4473		0.087500
4474		0.112500
4475		0.206250
4476		0.825000
4477		1.656250
4478		2.400000
4479		3.375000
4480		4.412500
4481		5.743750
4482		6.962500
4483		7.700000
4484		8.681250
4485		9.631250
4486		9.893750
4487		10.106250
4488		9.987500
4489		10.431250
4490		9.512500
4491		9.068750
4492		9.006250
4493		8.387500
4494		8.000000
4495		7.493750
4496		7.937500
4497		7.793750
4498		8.056250
4499		8.443750
4500		8.618750
4501		8.768750
4502		9.125000
4503		9.687500
4504		9.568750
4505		10.281250
4506		10.343750
4507		10.550000
4508		10.668750
4509		10.756250
4510		10.550000
4511		10.725000
4512		10.131250
4513		9.806250
4514		9.187500
4515		8.175000
4516		7.612500
4517		6.637500
4518		5.837500
4519		4.681250
4520		4.443750
4521		3.556250
4522		2.987500
4523		3.106250
4524		2.543750
4525		3.106250
4526		3.731250
4527		3.881250
4528		4.562500
4529		5.275000
4530		6.043750
4531		6.662500
4532		7.643750
4533		8.206250
4534		8.325000
4535		8.975000
4536		9.750000
4537		9.718750
4538		10.281250
4539		10.250000
4540		10.875000
4541		10.756250
4542		10.518750
4543		10.250000
4544		10.487500
4545		9.425000
4546		8.737500
4547		8.237500
4548		7.700000
4549		7.375000
4550		6.575000
4551		5.981250
4552		6.012500
4553		6.162500
4554		5.981250
4555		5.956250
4556		6.550000
4557		6.993750
4558		7.643750
4559		8.443750
4560		9.037500
4561		9.481250
4562		9.718750
4563		9.687500
4564		10.225000
4565		9.987500
4566		9.987500
4567		9.837500
4568		9.425000
4569		9.125000
4570		8.618750
4571		8.593750
4572		8.412500
4573		8.293750
4574		8.593750
4575		8.768750
4576		9.006250
4577		9.187500
4578		9.306250
4579		9.275000
4580		9.893750
4581		10.250000
4582		9.806250
4583		9.987500
4584		10.193750
4585		10.225000
4586		10.550000
4587		10.606250
4588		10.312500
4589		10.518750
4590		10.487500
4591		10.812500
4592		10.162500
4593		10.075000
4594		9.837500
4595		9.481250
4596		9.656250
4597		9.275000
4598		9.125000
4599		9.006250
4600		9.362500
4601		9.656250
4602		9.956250
4603		9.837500
4604		10.250000
4605		10.400000
4606		10.400000
4607		10.193750
4608		10.550000
4609		10.106250
4610		10.281250
4611		10.312500
4612		10.312500
4613		10.312500
4614		10.606250
4615		10.400000
4616		10.162500
4617		10.193750
4618		10.162500
4619		9.956250
4620		9.512500
4621		9.393750
4622		9.512500
4623		9.306250
4624		9.631250
4625		9.568750
4626		9.306250
4627		9.568750
4628		9.868750
4629		9.987500
4630		10.456250
4631		10.812500
4632		10.843750
4633		11.143750
4634		11.381250
4635		10.993750
4636		10.637500
4637		10.550000
4638		10.368750
4639		9.806250
4640		9.275000
4641		9.243750
4642		9.006250
4643		8.975000
4644		8.356250
4645		8.737500
4646		8.325000
4647		8.681250
4648		8.387500
4649		8.887500
4650		9.125000
4651		9.600000
4652		10.400000
4653		11.050000
4654		11.706250
4655		12.681250
4656		13.037500
4657		13.543750
4658		13.868750
4659		14.162500
4660		13.806250
4661		13.806250
4662		13.275000
4663		12.831250
4664		12.237500
4665		11.706250
4666		11.406250
4667		11.025000
4668		10.637500
4669		10.225000
4670		10.075000
4671		10.225000
4672		10.518750
4673		10.843750
4674		11.287500
4675		11.675000
4676		12.000000
4677		12.562500
4678		12.831250
4679		13.362500
4680		13.450000
4681		14.018750
4682		14.368750
4683		14.756250
4684		15.112500
4685		14.906250
4686		14.606250
4687		13.956250
4688		13.393750
4689		13.037500
4690		12.000000
4691		10.931250
4692		9.837500
4693		8.768750
4694		7.881250
4695		7.050000
4696		6.075000
4697		5.568750
4698		5.275000
4699		5.156250
4700		5.212500
4701		5.512500
4702		5.893750
4703		6.431250
4704		7.050000
4705		7.700000
4706		8.887500
4707		9.331250
4708		9.656250
4709		10.368750
4710		11.350000
4711		11.556250
4712		11.912500
4713		11.675000
4714		11.825000
4715		11.675000
4716		11.381250
4717		11.406250
4718		11.350000
4719		10.993750
4720		11.350000
4721		11.200000
4722		11.793750
4723		12.325000
4724		12.593750
4725		12.981250
4726		13.868750
4727		14.787500
4728		15.287500
4729		15.881250
4730		16.150000
4731		16.150000
4732		16.150000
4733		16.206249
4734		16.118750
4735		15.737500
4736		15.437500
4737		15.143750
4738		14.906250
4739		14.250000
4740		13.425000
4741		13.187500
4742		13.068750
4743		12.412500
4744		11.912500
4745		11.731250
4746		11.200000
4747		10.993750
4748		10.843750
4749		10.312500
4750		10.250000
4751		10.368750
4752		10.281250
4753		9.775000
4754		9.362500
4755		9.093750
4756		8.831250
4757		8.356250
4758		8.293750
4759		8.087500
4760		7.556250
4761		7.643750
4762		7.406250
4763		7.256250
4764		7.350000
4765		6.875000
4766		7.350000
4767		7.081250
4768		6.962500
4769		7.200000
4770		7.256250
4771		7.525000
4772		7.468750
4773		7.612500
4774		7.793750
4775		8.293750
4776		8.800000
4777		8.950000
4778		9.212500
4779		9.868750
4780		9.718750
4781		9.987500
4782		9.956250
4783		10.368750
4784		9.956250
4785		9.687500
4786		9.806250
4787		9.631250
4788		9.718750
4789		9.806250
4790		9.925000
4791		10.193750
4792		10.906250
4793		11.200000
4794		12.031250
4795		12.531250
4796		13.275000
4797		13.781250
4798		14.106250
4799		14.550000
4800		14.756250
4801		14.875000
4802		14.606250
4803		14.462500
4804		13.987500
4805		13.781250
4806		13.037500
4807		12.593750
4808		12.087500
4809		11.231250
4810		10.693750
4811		10.225000
4812		9.568750
4813		8.856250
4814		8.737500
4815		8.506250
4816		8.618750
4817		8.325000
4818		8.237500
4819		8.737500
4820		8.950000
4821		9.037500
4822		9.362500
4823		9.037500
4824		9.331250
4825		9.275000
4826		9.425000
4827		9.331250
4828		9.275000
4829		9.068750
4830		8.950000
4831		8.475000
4832		8.000000
4833		7.675000
4834		7.350000
4835		6.662500
4836		6.400000
4837		5.481250
4838		5.568750
4839		5.331250
4840		5.062500
4841		4.918750
4842		5.243750
4843		5.537500
4844		5.600000
4845		6.312500
4846		6.662500
4847		7.137500
4848		7.493750
4849		7.643750
4850		8.150000
4851		8.506250
4852		8.387500
4853		8.831250
4854		8.506250
4855		8.356250
4856		8.118750
4857		7.612500
4858		7.287500
4859		6.900000
4860		6.900000
4861		6.518750
4862		6.043750
4863		5.956250
4864		6.075000
4865		5.775000
4866		5.956250
4867		5.393750
4868		5.775000
4869		5.956250
4870		5.862500
4871		5.775000
4872		5.925000
4873		5.956250
4874		6.075000
4875		6.456250
4876		6.662500
4877		6.693750
4878		6.756250
4879		6.606250
4880		6.993750
4881		6.693750
4882		6.843750
4883		6.312500
4884		6.193750
4885		5.656250
4886		5.181250
4887		4.825000
4888		4.443750
4889		4.531250
4890		4.381250
4891		4.206250
4892		4.618750
4893		5.093750
4894		5.212500
4895		5.631250
4896		5.806250
4897		6.843750
4898		7.137500
4899		7.675000
4900		7.700000
4901		7.762500
4902		8.268750
4903		8.150000
4904		8.412500
4905		8.268750
4906		7.731250
4907		7.437500
4908		7.556250
4909		7.437500
4910		6.993750
4911		6.725000
4912		6.606250
4913		6.993750
4914		6.812500
4915		6.575000
4916		6.756250
4917		6.575000
4918		7.112500
4919		6.550000
4920		7.700000
4921		7.556250
4922		7.556250
4923		7.493750
4924		7.793750
4925		7.700000
4926		7.612500
4927		7.493750
4928		7.231250
4929		6.900000
4930		6.843750
4931		6.162500
4932		5.956250
4933		5.981250
4934		5.775000
4935		5.656250
4936		5.481250
4937		5.631250
4938		5.512500
4939		5.181250
4940		5.125000
4941		5.362500
4942		5.062500
4943		5.006250
4944		5.362500
4945		4.768750
4946		5.125000
4947		4.918750
4948		5.037500
4949		5.037500
4950		4.825000
4951		4.381250
4952		4.443750
4953		4.175000
4954		4.206250
4955		4.143750
4956		3.700000
4957		3.581250
4958		3.437500
4959		3.375000
4960		2.812500
4961		3.225000
4962		3.106250
4963		3.287500
4964		3.287500
4965		3.437500
4966		3.462500
4967		3.581250
4968		3.881250
4969		3.881250
4970		3.937500
4971		4.381250
4972		4.443750
4973		4.887500
4974		4.618750
4975		4.887500
4976		4.618750
4977		4.443750
4978		4.531250
4979		4.293750
4980		4.175000
4981		4.712500
4982		4.325000
4983		4.000000
4984		4.056250
4985		3.937500
4986		4.293750
4987		3.968750
4988		3.318750
4989		4.025000
4990		3.850000
4991		4.000000
4992		3.643750
4993		3.462500
4994		3.731250
4995		4.000000
4996		3.762500
4997		3.818750
4998		3.612500
4999		3.968750
5000		3.106250
5001		3.731250
5002		3.675000
5003		2.843750
5004		3.287500
5005		2.987500
5006		2.693750
5007		2.756250
5008		2.900000
5009		2.306250
5010		2.662500
5011		2.518750
5012		2.218750
5013		2.250000
5014		2.456250
5015		2.400000
5016		2.456250
5017		2.250000
5018		2.131250
5019		2.068750
5020		1.506250
5021		1.775000
5022		1.925000
5023		1.806250
5024		1.775000
5025		1.506250
5026		1.243750
5027		1.743750
5028		1.212500
5029		1.481250
5030		1.062500
5031		1.212500
5032		0.681250
5033		0.618750
5034		0.975000
5035		1.125000
5036		1.243750
5037		1.893750
5038		2.281250
5039		2.218750
5040		2.487500
5041		2.962500
5042		2.400000
5043		2.518750
5044		1.481250
5045		1.450000
5046		0.381250
5047		-0.118750
5048		-0.950000
5049		-1.543750
5050		-1.631250
5051		-2.668750
5052		-2.668750
5053		-2.937500
5054		-2.906250
5055		-2.406250
5056		-2.287500
5057		-2.225000
5058		-1.100000
5059		-0.743750
5060		-0.418750
5061		0.381250
5062		1.062500
5063		1.775000
5064		2.843750
5065		3.200000
5066		3.556250
5067		4.562500
5068		5.181250
5069		6.075000
5070		6.756250
5071		7.350000
5072		7.587500
5073		7.700000
5074		7.587500
5075		7.493750
5076		6.962500
5077		5.537500
5078		4.593750
5079		3.850000
5080		3.137500
5081		1.925000
5082		1.212500
5083		1.331250
5084		0.468750
5085		0.025000
5086		0.000000
5087		0.025000
5088		0.143750
5089		0.087500
5090		0.293750
5091		0.381250
5092		0.381250
5093		-0.356250
5094		-0.356250
5095		-1.012500
5096		-1.575000
5097		-2.343750
5098		-3.293750
5099		-3.856250
5100		-4.806250
5101		-5.368750
5102		-5.487500
5103		-5.637500
5104		-5.456250
5105		-5.012500
5106		-4.743750
5107		-4.243750
5108		-3.112500
5109		-2.312500
5110		-1.393750
5111		-0.831250
5112		-0.450000
5113		-0.656250
5114		-0.181250
5115		-0.093750
5116		-0.656250
5117		-1.337500
5118		-1.693750
5119		-2.525000
5120		-3.231250
5121		-3.681250
5122		-4.600000
5123		-4.181250
5124		-4.181250
5125		-3.825000
5126		-3.468750
5127		-3.175000
5128		-2.018750
5129		-1.156250
5130		-0.031250
5131		1.062500
5132		1.775000
5133		2.368750
5134		2.900000
5135		3.200000
5136		3.050000
5137		2.100000
5138		1.625000
5139		1.062500
5140		0.112500
5141		-1.131250
5142		-2.168750
5143		-2.643750
5144		-3.087500
5145		-3.468750
5146		-3.381250
5147		-3.087500
5148		-2.343750
5149		-1.956250
5150		-1.250000
5151		0.056250
5152		0.706250
5153		1.506250
5154		1.506250
5155		1.950000
5156		2.250000
5157		1.625000
5158		1.093750
5159		0.262500
5160		-0.475000
5161		-1.337500
5162		-2.762500
5163		-3.562500
5164		-4.600000
5165		-4.806250
5166		-5.843750
5167		-6.375000
5168		-6.200000
5169		-6.612500
5170		-6.581250
5171		-6.137500
5172		-5.400000
5173		-5.100000
5174		-5.012500
5175		-4.806250
5176		-4.212500
5177		-3.381250
5178		-3.143750
5179		-3.087500
5180		-2.731250
5181		-2.375000
5182		-2.525000
5183		-2.225000
5184		-2.075000
5185		-2.406250
5186		-2.968750
5187		-3.056250
5188		-3.681250
5189		-4.150000
5190		-5.012500
5191		-5.575000
5192		-5.637500
5193		-6.668750
5194		-6.968750
5195		-7.356250
5196		-7.443750
5197		-7.206250
5198		-6.968750
5199		-6.525000
5200		-6.343750
5201		-6.137500
5202		-5.518750
5203		-5.131250
5204		-4.862500
5205		-4.300000
5206		-4.125000
5207		-3.912500
5208		-3.381250
5209		-3.531250
5210		-3.381250
5211		-3.706250
5212		-3.412500
5213		-4.093750
5214		-4.331250
5215		-4.506250
5216		-4.718750
5217		-4.718750
5218		-5.012500
5219		-5.162500
5220		-4.950000
5221		-4.718750
5222		-5.043750
5223		-5.100000
5224		-4.506250
5225		-4.506250
5226		-4.481250
5227		-4.181250
5228		-4.506250
5229		-4.418750
5230		-4.387500
5231		-4.450000
5232		-4.362500
5233		-4.450000
5234		-4.981250
5235		-5.187500
5236		-5.400000
5237		-5.931250
5238		-6.137500
5239		-6.225000
5240		-6.375000
5241		-6.643750
5242		-6.437500
5243		-6.581250
5244		-6.937500
5245		-6.581250
5246		-6.881250
5247		-6.787500
5248		-6.581250
5249		-6.937500
5250		-7.056250
5251		-7.206250
5252		-7.056250
5253		-7.381250
5254		-7.475000
5255		-8.125000
5256		-8.212500
5257		-8.806250
5258		-8.862500
5259		-9.606250
5260		-10.050000
5261		-10.081250
5262		-10.375000
5263		-10.525000
5264		-10.200000
5265		-9.962500
5266		-9.456250
5267		-9.456250
5268		-9.075000
5269		-8.806250
5270		-8.300000
5271		-8.125000
5272		-7.856250
5273		-6.968750
5274		-6.643750
5275		-6.525000
5276		-6.081250
5277		-5.781250
5278		-5.281250
5279		-5.456250
5280		-4.893750
5281		-5.131250
5282		-5.218750
5283		-5.337500
5284		-5.487500
5285		-5.487500
5286		-5.606250
5287		-5.637500
5288		-5.781250
5289		-5.725000
5290		-5.750000
5291		-6.225000
5292		-5.750000
5293		-5.900000
5294		-5.900000
5295		-5.931250
5296		-5.693750
5297		-5.931250
5298		-5.518750
5299		-5.900000
5300		-5.843750
5301		-6.287500
5302		-6.168750
5303		-7.000000
5304		-7.325000
5305		-8.037500
5306		-8.625000
5307		-9.100000
5308		-9.756250
5309		-10.350000
5310		-11.150000
5311		-11.712500
5312		-12.806250
5313		-13.250000
5314		-13.456250
5315		-13.993750
5316		-14.081250
5317		-13.606250
5318		-13.756250
5319		-13.606250
5320		-13.337500
5321		-12.568750
5322		-12.275000
5323		-12.125000
5324		-11.831250
5325		-11.737500
5326		-11.737500
5327		-11.412500
5328		-11.381250
5329		-11.618750
5330		-11.768750
5331		-11.831250
5332		-12.006250
5333		-12.068750
5334		-12.331250
5335		-12.568750
5336		-12.600000
5337		-12.537500
5338		-12.956250
5339		-12.806250
5340		-12.806250
5341		-12.718750
5342		-12.568750
5343		-12.156250
5344		-11.918750
5345		-11.500000
5346		-11.031250
5347		-10.762500
5348		-10.375000
5349		-9.900000
5350		-9.193750
5351		-8.718750
5352		-8.006250
5353		-8.212500
5354		-7.443750
5355		-7.443750
5356		-7.325000
5357		-7.412500
5358		-7.800000
5359		-7.800000
5360		-7.856250
5361		-8.450000
5362		-8.806250
5363		-9.075000
5364		-9.725000
5365		-10.081250
5366		-10.137500
5367		-10.643750
5368		-10.493750
5369		-10.462500
5370		-10.493750
5371		-10.050000
5372		-10.231250
5373		-10.168750
5374		-9.725000
5375		-9.487500
5376		-9.487500
5377		-9.368750
5378		-9.368750
5379		-9.368750
5380		-10.168750
5381		-9.900000
5382		-9.756250
5383		-10.200000
5384		-10.375000
5385		-10.675000
5386		-10.437500
5387		-10.612500
5388		-11.087500
5389		-11.268750
5390		-11.500000
5391		-11.562500
5392		-11.856250
5393		-12.393750
5394		-12.037500
5395		-12.600000
5396		-12.450000
5397		-12.481250
5398		-12.125000
5399		-12.306250
5400		-11.500000
5401		-11.118750
5402		-10.762500
5403		-9.993750
5404		-9.606250
5405		-9.100000
5406		-8.006250
5407		-7.325000
5408		-7.856250
5409		-7.825000
5410		-8.212500
5411		-8.862500
5412		-9.875000
5413		-10.793750
5414		-12.006250
5415		-12.450000
5416		-12.656250
5417		-12.868750
5418		-12.718750
5419		-11.918750
5420		-11.650000
5421		-11.500000
5422		-11.237500
5423		-11.356250
5424		-11.618750
5425		-13.012500
5426		-13.875000
5427		-14.643750
5428		-15.475000
5429		-16.543751
5430		-16.781250
5431		-16.806250
5432		-16.125000
5433		-15.800000
5434		-14.643750
5435		-12.750000
5436		-11.356250
5437		-10.200000
5438		-8.806250
5439		-7.856250
5440		-6.850000
5441		-6.225000
5442		-5.637500
5443		-5.750000
5444		-5.843750
5445		-5.750000
5446		-6.081250
5447		-6.225000
5448		-7.087500
5449		-7.206250
5450		-7.825000
5451		-8.450000
5452		-8.600000
5453		-9.431250
5454		-9.162500
5455		-9.487500
5456		-9.518750
5457		-9.456250
5458		-9.193750
5459		-9.337500
5460		-8.718750
5461		-8.243750
5462		-8.537500
5463		-8.512500
5464		-8.275000
5465		-9.337500
5466		-9.518750
5467		-9.606250
5468		-10.200000
5469		-10.612500
5470		-10.937500
5471		-11.237500
5472		-11.268750
5473		-11.325000
5474		-11.031250
5475		-11.056250
5476		-11.325000
5477		-11.475000
5478		-11.475000
5479		-11.856250
5480		-11.975000
5481		-11.856250
5482		-11.531250
5483		-10.850000
5484		-10.137500
5485		-9.900000
5486		-8.656250
5487		-8.006250
5488		-7.381250
5489		-7.237500
5490		-7.618750
5491		-7.562500
5492		-8.125000
5493		-9.281250
5494		-10.318750
5495		-11.056250
5496		-11.500000
5497		-12.156250
5498		-12.537500
5499		-12.512500
5500		-12.687500
5501		-11.918750
5502		-11.650000
5503		-10.968750
5504		-10.643750
5505		-10.493750
5506		-9.725000
5507		-9.606250
5508		-8.956250
5509		-9.637500
5510		-9.606250
5511		-9.781250
5512		-9.781250
5513		-9.693750
5514		-9.518750
5515		-8.625000
5516		-8.512500
5517		-8.362500
5518		-7.918750
5519		-7.475000
5520		-7.087500
5521		-6.968750
5522		-6.493750
5523		-6.668750
5524		-7.087500
5525		-6.881250
5526		-7.381250
5527		-7.500000
5528		-7.943750
5529		-8.037500
5530		-8.362500
5531		-8.393750
5532		-9.012500
5533		-9.281250
5534		-9.400000
5535		-9.400000
5536		-9.543750
5537		-9.693750
5538		-10.168750
5539		-9.993750
5540		-10.612500
5541		-11.087500
5542		-11.031250
5543		-10.968750
5544		-11.325000
5545		-10.937500
5546		-11.618750
5547		-11.500000
5548		-11.087500
5549		-11.000000
5550		-10.912500
5551		-10.437500
5552		-10.437500
5553		-10.437500
5554		-10.287500
5555		-9.931250
5556		-9.725000
5557		-9.900000
5558		-9.456250
5559		-8.862500
5560		-8.837500
5561		-8.450000
5562		-8.362500
5563		-8.093750
5564		-7.175000
5565		-7.356250
5566		-7.025000
5567		-6.881250
5568		-6.881250
5569		-7.175000
5570		-7.381250
5571		-8.006250
5572		-7.325000
5573		-7.587500
5574		-7.531250
5575		-7.681250
5576		-7.825000
5577		-7.975000
5578		-7.737500
5579		-7.681250
5580		-7.531250
5581		-7.475000
5582		-7.262500
5583		-6.968750
5584		-6.818750
5585		-6.106250
5586		-6.050000
5587		-5.543750
5588		-5.100000
5589		-4.300000
5590		-4.006250
5591		-3.856250
5592		-3.231250
5593		-3.856250
5594		-4.362500
5595		-4.181250
5596		-4.268750
5597		-4.537500
5598		-4.743750
5599		-4.981250
5600		-5.043750
5601		-5.162500
5602		-5.250000
5603		-5.187500
5604		-5.400000
5605		-5.637500
5606		-5.456250
5607		-5.693750
5608		-5.725000
5609		-6.168750
5610		-6.437500
5611		-6.850000
5612		-6.937500
5613		-7.087500
5614		-7.056250
5615		-7.356250
5616		-7.175000
5617		-7.293750
5618		-7.175000
5619		-7.237500
5620		-6.881250
5621		-7.056250
5622		-6.493750
5623		-6.343750
5624		-6.493750
5625		-6.343750
5626		-6.287500
5627		-6.050000
5628		-5.812500
5629		-5.725000
5630		-5.187500
5631		-5.187500
5632		-4.600000
5633		-4.775000
5634		-4.006250
5635		-4.362500
5636		-4.062500
5637		-3.793750
5638		-4.212500
5639		-4.300000
5640		-4.212500
5641		-4.568750
5642		-4.481250
5643		-4.481250
5644		-4.300000
5645		-4.362500
5646		-4.568750
5647		-4.537500
5648		-4.506250
5649		-4.950000
5650		-4.981250
5651		-5.250000
5652		-5.250000
5653		-4.656250
5654		-5.368750
5655		-5.543750
5656		-5.425000
5657		-5.162500
5658		-5.131250
5659		-4.568750
5660		-4.268750
5661		-4.062500
5662		-4.181250
5663		-4.150000
5664		-4.212500
5665		-4.181250
5666		-4.300000
5667		-4.568750
5668		-4.862500
5669		-5.306250
5670		-5.306250
5671		-5.781250
5672		-5.606250
5673		-5.987500
5674		-5.518750
5675		-5.337500
5676		-5.662500
5677		-5.043750
5678		-4.600000
5679		-4.387500
5680		-4.125000
5681		-3.975000
5682		-3.562500
5683		-3.706250
5684		-3.231250
5685		-3.112500
5686		-3.618750
5687		-3.262500
5688		-3.087500
5689		-3.793750
5690		-4.006250
5691		-4.006250
5692		-4.743750
5693		-5.518750
5694		-6.050000
5695		-6.643750
5696		-6.668750
5697		-7.025000
5698		-7.381250
5699		-6.968750
5700		-6.787500
5701		-6.581250
5702		-6.406250
5703		-5.931250
5704		-5.518750
5705		-4.506250
5706		-4.506250
5707		-4.006250
5708		-3.175000
5709		-2.643750
5710		-2.256250
5711		-1.456250
5712		-1.156250
5713		-0.181250
5714		-0.118750
5715		0.175000
5716		-0.031250
5717		-0.118750
5718		-0.031250
5719		-0.300000
5720		-0.656250
5721		-0.925000
5722		-1.900000
5723		-1.631250
5724		-2.312500
5725		-2.406250
5726		-2.731250
5727		-2.550000
5728		-1.868750
5729		-1.543750
5730		-1.631250
5731		-0.925000
5732		-0.806250
5733		-0.300000
5734		0.325000
5735		0.650000
5736		0.231250
5737		0.856250
5738		0.350000
5739		0.143750
5740		0.025000
5741		-0.300000
5742		-0.506250
5743		-1.250000
5744		-1.543750
5745		-2.225000
5746		-2.525000
5747		-3.087500
5748		-3.325000
5749		-3.887500
5750		-4.300000
5751		-4.656250
5752		-4.806250
5753		-5.100000
5754		-5.131250
5755		-5.100000
5756		-4.625000
5757		-4.450000
5758		-3.768750
5759		-3.618750
5760		-2.875000
5761		-2.312500
5762		-1.662500
5763		-1.250000
5764		-0.475000
5765		-0.150000
5766		0.175000
5767		0.443750
5768		0.468750
5769		0.056250
5770		0.112500
5771		-0.300000
5772		0.000000
5773		-0.712500
5774		-0.806250
5775		-1.456250
5776		-1.750000
5777		-1.781250
5778		-2.168750
5779		-2.312500
5780		-2.431250
5781		-2.168750
5782		-2.343750
5783		-2.643750
5784		-2.731250
5785		-2.375000
5786		-2.343750
5787		-2.137500
5788		-1.606250
5789		-1.487500
5790		-0.687500
5791		-0.418750
5792		-0.062500
5793		0.500000
5794		0.825000
5795		0.918750
5796		1.481250
5797		1.387500
5798		1.718750
5799		2.337500
5800		2.218750
5801		1.950000
5802		2.456250
5803		1.981250
5804		1.893750
5805		1.481250
5806		1.331250
5807		0.618750
5808		0.468750
5809		0.231250
5810		0.293750
5811		0.381250
5812		0.737500
5813		0.706250
5814		1.212500
5815		1.331250
5816		1.481250
5817		1.537500
5818		1.950000
5819		1.687500
5820		1.568750
5821		1.268750
5822		1.418750
5823		1.362500
5824		1.418750
5825		1.625000
5826		1.925000
5827		2.606250
5828		3.493750
5829		3.462500
5830		4.262500
5831		4.712500
5832		4.737500
5833		3.906250
5834		3.643750
5835		2.756250
5836		1.387500
5837		0.468750
5838		-0.712500
5839		-2.050000
5840		-2.818750
5841		-4.006250
5842		-4.687500
5843		-4.862500
5844		-4.481250
5845		-4.268750
5846		-3.856250
5847		-2.968750
5848		-1.631250
5849		-0.625000
5850		0.943750
5851		1.837500
5852		3.137500
5853		4.087500
5854		5.393750
5855		5.537500
5856		6.250000
5857		6.100000
5858		6.100000
5859		5.862500
5860		5.418750
5861		4.681250
5862		4.293750
5863		3.793750
5864		3.731250
5865		3.168750
5866		3.081250
5867		3.406250
5868		3.437500
5869		4.237500
5870		4.475000
5871		4.737500
5872		5.275000
5873		5.600000
5874		6.400000
5875		7.137500
5876		7.137500
5877		7.675000
5878		7.700000
5879		7.675000
5880		7.643750
5881		7.375000
5882		6.606250
5883		6.162500
5884		5.212500
5885		4.206250
5886		3.200000
5887		2.068750
5888		1.268750
5889		0.143750
5890		-0.712500
5891		-0.893750
5892		-1.156250
5893		-1.693750
5894		-1.275000
5895		-0.950000
5896		-0.568750
5897		0.087500
5898		0.825000
5899		1.362500
5900		2.425000
5901		2.962500
5902		3.700000
5903		4.325000
5904		4.737500
5905		5.062500
5906		5.600000
5907		5.806250
5908		6.312500
5909		5.981250
5910		6.662500
5911		6.518750
5912		6.456250
5913		5.981250
5914		5.512500
5915		5.300000
5916		4.943750
5917		3.937500
5918		3.256250
5919		2.575000
5920		2.218750
5921		1.656250
5922		1.006250
5923		1.125000
5924		1.537500
5925		1.806250
5926		2.068750
5927		2.900000
5928		3.018750
5929		4.056250
5930		4.593750
5931		5.156250
5932		5.718750
5933		5.600000
5934		5.450000
5935		5.656250
5936		5.775000
5937		5.512500
5938		5.181250
5939		4.825000
5940		4.825000
5941		4.593750
5942		4.293750
5943		4.262500
5944		4.087500
5945		4.381250
5946		4.381250
5947		4.918750
5948		5.125000
5949		5.718750
5950		5.981250
5951		6.162500
5952		6.400000
5953		6.400000
5954		6.693750
5955		6.900000
5956		7.200000
5957		7.137500
5958		7.493750
5959		7.350000
5960		7.468750
5961		7.287500
5962		6.931250
5963		6.606250
5964		6.637500
5965		6.400000
5966		5.956250
5967		5.837500
5968		5.718750
5969		5.862500
5970		5.862500
5971		6.250000
5972		6.431250
5973		6.693750
5974		6.900000
5975		6.662500
5976		6.725000
5977		6.756250
5978		6.900000
5979		6.693750
5980		6.725000
5981		6.518750
5982		6.218750
5983		6.218750
5984		5.718750
5985		5.925000
5986		6.012500
5987		5.806250
5988		5.718750
5989		5.481250
5990		5.181250
5991		5.212500
5992		5.331250
5993		5.275000
5994		5.125000
5995		4.918750
5996		5.362500
5997		5.775000
5998		5.925000
5999		6.075000
6000		6.693750
6001		6.812500
6002		7.200000
6003		7.493750
6004		7.287500
6005		7.437500
6006		6.993750
6007		6.900000
6008		6.456250
6009		6.312500
6010		6.100000
6011		5.362500
6012		5.362500
6013		5.418750
6014		5.837500
6015		5.512500
6016		5.275000
6017		5.212500
6018		5.275000
6019		5.481250
6020		5.656250
6021		6.193750
6022		6.756250
6023		7.406250
6024		7.850000
6025		8.681250
6026		9.450000
6027		9.331250
6028		10.075000
6029		10.075000
6030		10.312500
6031		9.656250
6032		9.775000
6033		9.243750
6034		8.618750
6035		8.175000
6036		7.700000
6037		7.587500
6038		7.200000
6039		7.287500
6040		7.168750
6041		7.200000
6042		7.318750
6043		7.493750
6044		7.968750
6045		7.968750
6046		8.387500
6047		8.918750
6048		9.093750
6049		9.806250
6050		10.012500
6051		10.637500
6052		10.518750
6053		10.693750
6054		11.168750
6055		11.262500
6056		11.112500
6057		10.518750
6058		10.400000
6059		9.868750
6060		8.975000
6061		8.056250
6062		7.050000
6063		6.368750
6064		4.918750
6065		4.293750
6066		3.437500
6067		3.050000
6068		2.250000
6069		2.187500
6070		2.218750
6071		2.725000
6072		2.637500
6073		3.106250
6074		3.793750
6075		4.500000
6076		5.331250
6077		6.075000
6078		6.900000
6079		7.406250
6080		7.937500
6081		8.293750
6082		8.443750
6083		8.918750
6084		9.187500
6085		8.475000
6086		9.187500
6087		8.475000
6088		8.150000
6089		8.031250
6090		8.150000
6091		8.681250
6092		8.768750
6093		9.187500
6094		9.656250
6095		10.106250
6096		10.725000
6097		11.318750
6098		12.356250
6099		12.887500
6100		13.425000
6101		13.450000
6102		13.481250
6103		13.662500
6104		13.393750
6105		13.218750
6106		12.562500
6107		12.300000
6108		11.587500
6109		10.931250
6110		10.606250
6111		10.368750
6112		10.012500
6113		9.331250
6114		9.037500
6115		8.831250
6116		8.356250
6117		8.356250
6118		8.031250
6119		8.087500
6120		7.793750
6121		7.525000
6122		7.587500
6123		7.112500
6124		6.725000
6125		6.456250
6126		6.456250
6127		6.131250
6128		6.193750
6129		5.537500
6130		5.062500
6131		4.825000
6132		5.006250
6133		4.918750
6134		4.712500
6135		4.531250
6136		4.500000
6137		4.531250
6138		4.737500
6139		4.825000
6140		4.943750
6141		4.975000
6142		5.362500
6143		5.893750
6144		5.925000
6145		5.862500
6146		6.662500
6147		6.900000
6148		7.050000
6149		7.231250
6150		7.818750
6151		8.293750
6152		8.150000
6153		7.731250
6154		7.937500
6155		7.675000
6156		7.881250
6157		7.643750
6158		7.675000
6159		7.881250
6160		8.150000
6161		8.593750
6162		8.768750
6163		9.068750
6164		9.718750
6165		10.312500
6166		11.081250
6167		11.850000
6168		12.206250
6169		12.356250
6170		13.037500
6171		13.100000
6172		13.156250
6173		12.887500
6174		12.950000
6175		12.831250
6176		11.881250
6177		11.437500
6178		10.668750
6179		10.312500
6180		9.537500
6181		9.006250
6182		8.737500
6183		8.087500
6184		7.793750
6185		7.493750
6186		7.406250
6187		7.256250
6188		7.200000
6189		7.256250
6190		7.375000
6191		7.881250
6192		7.881250
6193		8.237500
6194		8.175000
6195		8.387500
6196		8.293750
6197		8.293750
6198		8.531250
6199		8.712500
6200		8.562500
6201		7.793750
6202		7.612500
6203		7.318750
6204		6.900000
6205		6.456250
6206		5.956250
6207		5.718750
6208		5.275000
6209		5.037500
6210		4.531250
6211		4.475000
6212		4.531250
6213		4.975000
6214		4.825000
6215		5.512500
6216		5.806250
6217		6.250000
6218		6.843750
6219		7.612500
6220		8.150000
6221		8.056250
6222		8.412500
6223		8.087500
6224		8.293750
6225		8.325000
6226		7.850000
6227		7.468750
6228		7.137500
6229		6.962500
6230		6.400000
6231		6.368750
6232		6.075000
6233		5.656250
6234		6.100000
6235		5.718750
6236		5.981250
6237		5.687500
6238		5.631250
6239		5.862500
6240		5.862500
6241		5.775000
6242		5.862500
6243		6.012500
6244		6.162500
6245		6.281250
6246		6.456250
6247		6.693750
6248		6.756250
6249		6.550000
6250		6.431250
6251		6.781250
6252		6.400000
6253		6.606250
6254		6.162500
6255		5.631250
6256		5.362500
6257		5.631250
6258		4.681250
6259		4.737500
6260		4.681250
6261		4.768750
6262		4.856250
6263		4.887500
6264		5.212500
6265		5.718750
6266		5.956250
6267		6.662500
6268		6.900000
6269		7.231250
6270		7.587500
6271		7.731250
6272		7.937500
6273		8.087500
6274		7.881250
6275		8.206250
6276		8.150000
6277		7.793750
6278		7.350000
6279		7.081250
6280		7.050000
6281		7.231250
6282		7.050000
6283		6.812500
6284		6.875000
6285		6.875000
6286		7.200000
6287		7.112500
6288		7.050000
6289		7.437500
6290		7.525000
6291		7.937500
6292		7.793750
6293		7.850000
6294		8.562500
6295		7.968750
6296		7.937500
6297		7.881250
6298		7.850000
6299		7.406250
6300		7.256250
6301		7.231250
6302		7.137500
6303		6.637500
6304		6.637500
6305		6.756250
6306		6.812500
6307		6.756250
6308		6.550000
6309		6.131250
6310		6.368750
6311		6.075000
6312		6.012500
6313		6.012500
6314		5.981250
6315		6.193750
6316		5.862500
6317		5.656250
6318		5.806250
6319		5.775000
6320		5.656250
6321		5.631250
6322		5.481250
6323		5.393750
6324		5.062500
6325		5.631250
6326		4.918750
6327		4.712500
6328		4.737500
6329		5.037500
6330		4.737500
6331		4.381250
6332		4.356250
6333		4.325000
6334		4.325000
6335		4.381250
6336		4.618750
6337		4.650000
6338		4.975000
6339		5.300000
6340		5.362500
6341		5.512500
6342		6.100000
6343		6.012500
6344		6.250000
6345		6.193750
6346		6.075000
6347		6.218750
6348		6.162500
6349		6.012500
6350		6.400000
6351		5.956250
6352		6.075000
6353		5.956250
6354		5.806250
6355		5.925000
6356		5.631250
6357		5.631250
6358		5.512500
6359		5.362500
6360		5.362500
6361		5.631250
6362		5.806250
6363		5.600000
6364		5.718750
6365		5.893750
6366		6.312500
6367		6.075000
6368		5.925000
6369		5.893750
6370		5.806250
6371		5.568750
6372		5.181250
6373		5.331250
6374		5.093750
6375		4.650000
6376		4.618750
6377		3.968750
6378		4.531250
6379		4.443750
6380		4.206250
6381		4.412500
6382		4.618750
6383		4.143750
6384		4.443750
6385		4.381250
6386		4.618750
6387		4.087500
6388		3.793750
6389		3.700000
6390		3.881250
6391		4.087500
6392		4.025000
6393		3.643750
6394		3.581250
6395		3.343750
6396		3.700000
6397		3.256250
6398		3.256250
6399		2.931250
6400		2.812500
6401		2.662500
6402		2.543750
6403		2.987500
6404		2.543750
6405		2.756250
6406		3.437500
6407		3.643750
6408		3.906250
6409		4.143750
6410		4.593750
6411		4.293750
6412		4.175000
6413		3.850000
6414		3.493750
6415		3.106250
6416		2.400000
6417		1.862500
6418		1.181250
6419		0.381250
6420		-0.062500
6421		0.000000
6422		-0.118750
6423		-0.331250
6424		-0.356250
6425		-0.062500
6426		0.325000
6427		0.887500
6428		1.181250
6429		1.837500
6430		2.606250
6431		3.081250
6432		3.581250
6433		4.025000
6434		5.362500
6435		5.450000
6436		6.043750
6437		6.962500
6438		7.612500
6439		8.175000
6440		8.887500
6441		9.450000
6442		9.925000
6443		10.012500
6444		9.868750
6445		9.306250
6446		9.068750
6447		8.206250
6448		7.287500
6449		6.100000
6450		5.362500
6451		4.293750
6452		3.168750
6453		2.756250
6454		1.862500
6455		1.656250
6456		1.418750
6457		1.625000
6458		1.656250
6459		1.181250
6460		1.893750
6461		2.250000
6462		2.425000
6463		2.400000
6464		2.012500
6465		1.775000
6466		1.212500
6467		0.737500
6468		0.025000
6469		-1.306250
6470		-1.368750
6471		-2.550000
6472		-2.375000
6473		-3.531250
6474		-3.768750
6475		-3.587500
6476		-2.993750
6477		-3.175000
6478		-2.168750
6479		-1.512500
6480		-0.300000
6481		0.381250
6482		1.212500
6483		2.162500
6484		2.518750
6485		2.131250
6486		2.425000
6487		1.925000
6488		1.775000
6489		1.243750
6490		0.468750
6491		-0.300000
6492		-0.806250
6493		-0.593750
6494		-0.950000
6495		-1.100000
6496		-0.475000
6497		0.412500
6498		1.418750
6499		2.250000
6500		3.406250
6501		4.293750
6502		5.418750
6503		6.100000
6504		6.962500
6505		6.931250
6506		6.518750
6507		6.075000
6508		5.568750
6509		4.562500
6510		3.643750
6511		2.812500
6512		1.950000
6513		1.125000
6514		0.231250
6515		0.293750
6516		-0.031250
6517		0.293750
6518		0.531250
6519		1.268750
6520		2.306250
6521		2.868750
6522		3.493750
6523		4.175000
6524		4.443750
6525		4.918750
6526		4.475000
6527		4.325000
6528		3.406250
6529		2.456250
6530		1.806250
6531		0.768750
6532		-0.331250
6533		-1.368750
6534		-2.050000
6535		-2.343750
6536		-2.550000
6537		-2.937500
6538		-2.875000
6539		-2.312500
6540		-2.075000
6541		-1.631250
6542		-1.250000
6543		-0.712500
6544		-0.331250
6545		0.000000
6546		0.143750
6547		0.350000
6548		0.681250
6549		0.856250
6550		1.062500
6551		1.300000
6552		1.268750
6553		1.331250
6554		1.387500
6555		1.300000
6556		0.887500
6557		0.825000
6558		0.650000
6559		-0.150000
6560		-0.568750
6561		-1.037500
6562		-1.868750
6563		-2.193750
6564		-2.406250
6565		-2.668750
6566		-3.143750
6567		-2.937500
6568		-2.875000
6569		-2.581250
6570		-2.581250
6571		-2.168750
6572		-1.725000
6573		-1.306250
6574		-0.743750
6575		-0.475000
6576		-0.031250
6577		0.231250
6578		0.650000
6579		0.681250
6580		0.856250
6581		0.943750
6582		0.856250
6583		0.856250
6584		0.825000
6585		0.468750
6586		0.500000
6587		0.143750
6588		0.025000
6589		0.025000
6590		-0.062500
6591		-0.212500
6592		0.000000
6593		-0.418750
6594		0.175000
6595		-0.118750
6596		-0.093750
6597		-0.212500
6598		0.025000
6599		-0.150000
6600		-0.300000
6601		-0.387500
6602		-0.593750
6603		-0.593750
6604		-0.806250
6605		-1.100000
6606		-1.250000
6607		-1.337500
6608		-1.543750
6609		-1.425000
6610		-1.843750
6611		-1.868750
6612		-1.393750
6613		-1.781250
6614		-1.931250
6615		-1.693750
6616		-2.225000
6617		-2.287500
6618		-2.106250
6619		-2.256250
6620		-2.343750
6621		-2.525000
6622		-2.937500
6623		-2.818750
6624		-3.175000
6625		-3.087500
6626		-3.206250
6627		-3.618750
6628		-3.618750
6629		-3.975000
6630		-4.418750
6631		-4.743750
6632		-4.743750
6633		-4.743750
6634		-4.093750
6635		-4.450000
6636		-4.481250
6637		-4.212500
6638		-3.856250
6639		-3.531250
6640		-3.231250
6641		-2.462500
6642		-1.987500
6643		-1.781250
6644		-1.337500
6645		-0.743750
6646		-0.150000
6647		-0.150000
6648		0.175000
6649		0.681250
6650		0.681250
6651		0.468750
6652		0.531250
6653		0.412500
6654		0.143750
6655		0.468750
6656		-0.181250
6657		0.175000
6658		0.112500
6659		-0.150000
6660		-0.268750
6661		0.000000
6662		-0.268750
6663		-0.212500
6664		-0.031250
6665		0.143750
6666		0.087500
6667		0.143750
6668		0.325000
6669		-0.356250
6670		0.206250
6671		-0.356250
6672		-0.806250
6673		-1.131250
6674		-1.575000
6675		-1.900000
6676		-2.643750
6677		-3.350000
6678		-4.125000
6679		-4.806250
6680		-5.068750
6681		-5.693750
6682		-6.437500
6683		-7.118750
6684		-7.737500
6685		-8.093750
6686		-8.362500
6687		-8.450000
6688		-8.212500
6689		-8.243750
6690		-7.887500
6691		-7.443750
6692		-7.118750
6693		-6.525000
6694		-6.081250
6695		-6.018750
6696		-5.637500
6697		-5.931250
6698		-6.050000
6699		-5.843750
6700		-5.637500
6701		-5.575000
6702		-5.637500
6703		-6.050000
6704		-5.987500
6705		-5.900000
6706		-6.106250
6707		-5.725000
6708		-5.900000
6709		-5.962500
6710		-6.256250
6711		-6.081250
6712		-5.693750
6713		-5.637500
6714		-5.456250
6715		-5.162500
6716		-4.893750
6717		-4.600000
6718		-4.418750
6719		-4.125000
6720		-3.793750
6721		-3.737500
6722		-3.500000
6723		-2.937500
6724		-2.875000
6725		-2.406250
6726		-2.050000
6727		-2.256250
6728		-1.606250
6729		-1.512500
6730		-1.693750
6731		-2.168750
6732		-1.987500
6733		-2.225000
6734		-2.550000
6735		-3.262500
6736		-3.562500
6737		-3.737500
6738		-4.300000
6739		-5.012500
6740		-4.656250
6741		-5.100000
6742		-5.162500
6743		-5.400000
6744		-5.043750
6745		-4.950000
6746		-4.656250
6747		-4.506250
6748		-4.387500
6749		-4.125000
6750		-3.768750
6751		-4.125000
6752		-4.243750
6753		-3.975000
6754		-4.212500
6755		-4.300000
6756		-4.600000
6757		-4.537500
6758		-4.831250
6759		-5.068750
6760		-4.862500
6761		-5.337500
6762		-5.781250
6763		-6.137500
6764		-6.406250
6765		-6.318750
6766		-6.731250
6767		-6.406250
6768		-6.581250
6769		-6.493750
6770		-6.343750
6771		-6.225000
6772		-5.987500
6773		-5.487500
6774		-4.831250
6775		-3.975000
6776		-3.087500
6777		-2.343750
6778		-1.725000
6779		-1.631250
6780		-1.931250
6781		-2.193750
6782		-2.818750
6783		-3.531250
6784		-4.981250
6785		-5.987500
6786		-6.612500
6787		-7.381250
6788		-7.381250
6789		-7.175000
6790		-7.325000
6791		-6.462500
6792		-6.225000
6793		-5.900000
6794		-5.962500
6795		-6.612500
6796		-7.262500
6797		-8.600000
6798		-9.931250
6799		-10.818750
6800		-11.856250
6801		-12.187500
6802		-12.331250
6803		-11.918750
6804		-10.818750
6805		-10.200000
6806		-9.012500
6807		-7.118750
6808		-5.843750
6809		-4.506250
6810		-3.293750
6811		-2.018750
6812		-1.306250
6813		-0.625000
6814		-0.743750
6815		-0.418750
6816		-0.806250
6817		-1.156250
6818		-1.337500
6819		-1.843750
6820		-2.018750
6821		-3.056250
6822		-3.768750
6823		-3.681250
6824		-4.212500
6825		-4.743750
6826		-4.893750
6827		-4.775000
6828		-4.950000
6829		-4.718750
6830		-4.331250
6831		-3.856250
6832		-3.706250
6833		-3.618750
6834		-3.381250
6835		-3.112500
6836		-3.706250
6837		-4.125000
6838		-4.656250
6839		-5.281250
6840		-5.843750
6841		-6.081250
6842		-6.493750
6843		-6.437500
6844		-6.643750
6845		-6.525000
6846		-6.375000
6847		-6.287500
6848		-6.525000
6849		-6.787500
6850		-7.025000
6851		-7.000000
6852		-7.175000
6853		-6.881250
6854		-6.256250
6855		-5.543750
6856		-5.012500
6857		-3.943750
6858		-3.175000
6859		-2.762500
6860		-2.431250
6861		-2.287500
6862		-2.787500
6863		-2.906250
6864		-4.268750
6865		-4.718750
6866		-5.931250
6867		-6.225000
6868		-7.175000
6869		-7.943750
6870		-7.825000
6871		-8.006250
6872		-7.475000
6873		-7.118750
6874		-6.643750
6875		-5.987500
6876		-5.456250
6877		-4.743750
6878		-4.418750
6879		-4.568750
6880		-4.300000
6881		-4.656250
6882		-5.012500
6883		-4.862500
6884		-4.687500
6885		-4.718750
6886		-4.418750
6887		-4.687500
6888		-3.768750
6889		-3.531250
6890		-3.231250
6891		-2.550000
6892		-2.225000
6893		-2.168750
6894		-2.018750
6895		-2.168750
6896		-2.431250
6897		-2.375000
6898		-3.087500
6899		-3.706250
6900		-3.531250
6901		-3.887500
6902		-4.268750
6903		-4.806250
6904		-5.131250
6905		-4.893750
6906		-5.131250
6907		-4.862500
6908		-4.981250
6909		-5.606250
6910		-5.637500
6911		-5.812500
6912		-5.868750
6913		-6.018750
6914		-6.462500
6915		-6.787500
6916		-6.762500
6917		-6.850000
6918		-7.175000
6919		-6.906250
6920		-7.237500
6921		-6.462500
6922		-6.525000
6923		-6.050000
6924		-6.343750
6925		-6.081250
6926		-5.931250
6927		-5.900000
6928		-5.543750
6929		-5.456250
6930		-4.981250
6931		-5.306250
6932		-4.268750
6933		-4.181250
6934		-3.943750
6935		-3.856250
6936		-2.937500
6937		-2.968750
6938		-2.818750
6939		-2.787500
6940		-3.381250
6941		-3.856250
6942		-3.912500
6943		-4.062500
6944		-4.125000
6945		-4.062500
6946		-4.362500
6947		-4.656250
6948		-4.450000
6949		-4.450000
6950		-4.450000
6951		-4.125000
6952		-3.912500
6953		-3.500000
6954		-3.468750
6955		-3.087500
6956		-2.875000
6957		-2.462500
6958		-2.137500
6959		-1.543750
6960		-1.456250
6961		-1.100000
6962		-0.568750
6963		-0.656250
6964		-0.418750
6965		-0.712500
6966		-1.037500
6967		-1.156250
6968		-1.337500
6969		-1.750000
6970		-1.868750
6971		-1.781250
6972		-2.668750
6973		-2.581250
6974		-2.375000
6975		-2.525000
6976		-2.137500
6977		-2.700000
6978		-2.700000
6979		-3.112500
6980		-3.112500
6981		-3.825000
6982		-3.706250
6983		-4.212500
6984		-4.212500
6985		-4.362500
6986		-4.718750
6987		-5.100000
6988		-4.212500
6989		-4.775000
6990		-4.212500
6991		-4.062500
6992		-3.856250
6993		-3.943750
6994		-3.587500
6995		-3.706250
6996		-3.412500
6997		-3.531250
6998		-3.381250
6999		-3.468750
7000		-2.762500
7001		-2.906250
7002		-2.906250
7003		-1.843750
7004		-1.987500
7005		-1.487500
7006		-1.187500
7007		-1.425000
7008		-1.187500
7009		-1.012500
7010		-0.950000
7011		-1.275000
7012		-1.487500
7013		-1.393750
7014		-1.456250
7015		-1.843750
7016		-1.931250
7017		-1.868750
7018		-2.050000
7019		-2.075000
7020		-1.900000
7021		-2.375000
7022		-2.343750
7023		-2.668750
7024		-2.431250
7025		-2.850000
7026		-3.325000
7027		-3.706250
7028		-3.468750
7029		-3.231250
7030		-3.381250
7031		-3.443750
7032		-2.375000
7033		-2.643750
7034		-2.106250
7035		-2.137500
7036		-1.575000
7037		-1.218750
7038		-1.456250
7039		-1.750000
7040		-1.693750
7041		-1.306250
7042		-2.375000
7043		-2.581250
7044		-3.231250
7045		-3.087500
7046		-2.993750
7047		-3.175000
7048		-3.262500
7049		-2.581250
7050		-2.731250
7051		-2.343750
7052		-1.868750
7053		-1.693750
7054		-1.156250
7055		-1.012500
7056		-0.687500
7057		-0.356250
7058		-0.537500
7059		-0.656250
7060		-1.037500
7061		-1.250000
7062		-1.693750
7063		-2.431250
7064		-3.325000
7065		-3.650000
7066		-3.975000
7067		-5.012500
7068		-5.250000
7069		-5.162500
7070		-5.725000
7071		-5.868750
7072		-6.050000
7073		-5.575000
7074		-5.400000
7075		-5.337500
7076		-4.893750
7077		-4.268750
7078		-3.768750
7079		-3.175000
7080		-2.581250
7081		-1.187500
7082		-0.568750
7083		0.087500
7084		0.918750
7085		1.775000
7086		1.718750
7087		2.518750
7088		2.281250
7089		2.306250
7090		2.400000
7091		1.568750
7092		1.212500
7093		0.887500
7094		0.681250
7095		0.000000
7096		0.262500
7097		-0.356250
7098		-0.150000
7099		0.000000
7100		-0.118750
7101		0.293750
7102		0.531250
7103		0.443750
7104		0.918750
7105		1.031250
7106		1.125000
7107		1.331250
7108		1.031250
7109		1.243750
7110		1.362500
7111		0.918750
7112		1.062500
7113		1.181250
7114		0.975000
7115		0.825000
7116		0.737500
7117		0.143750
7118		0.087500
7119		-0.062500
7120		-0.356250
7121		-0.862500
7122		-1.012500
7123		-1.750000
7124		-2.137500
7125		-2.668750
7126		-2.818750
7127		-2.525000
7128		-3.025000
7129		-3.206250
7130		-2.406250
7131		-2.375000
7132		-2.287500
7133		-1.606250
7134		-1.275000
7135		-1.100000
7136		-0.656250
7137		-0.268750
7138		0.000000
7139		-0.062500
7140		0.175000
7141		0.112500
7142		0.768750
7143		0.531250
7144		0.737500
7145		0.768750
7146		0.825000
7147		1.062500
7148		1.181250
7149		1.181250
7150		1.362500
7151		1.006250
7152		1.418750
7153		0.887500
7154		0.706250
7155		0.918750
7156		0.443750
7157		0.293750
7158		0.468750
7159		0.325000
7160		0.112500
7161		0.206250
7162		0.650000
7163		1.125000
7164		1.362500
7165		1.300000
7166		1.506250
7167		2.068750
7168		2.131250
7169		2.400000
7170		2.543750
7171		2.337500
7172		2.456250
7173		2.543750
7174		2.868750
7175		2.843750
7176		2.987500
7177		2.900000
7178		2.306250
7179		2.306250
7180		1.925000
7181		1.600000
7182		1.387500
7183		0.737500
7184		0.468750
7185		0.000000
7186		0.143750
7187		-0.300000
7188		-0.387500
7189		-0.743750
7190		-0.506250
7191		-0.418750
7192		-0.506250
7193		-0.862500
7194		-0.950000
7195		-0.450000
7196		-0.356250
7197		-0.268750
7198		0.443750
7199		0.856250
7200		1.625000
7201		1.950000
7202		2.662500
7203		3.437500
7204		3.556250
7205		3.643750
7206		3.793750
7207		4.143750
7208		3.493750
7209		2.425000
7210		1.506250
7211		0.825000
7212		0.175000
7213		-1.250000
7214		-1.956250
7215		-2.731250
7216		-2.906250
7217		-3.562500
7218		-3.737500
7219		-3.562500
7220		-2.906250
7221		-2.193750
7222		-1.575000
7223		-0.537500
7224		0.531250
7225		1.450000
7226		2.400000
7227		3.643750
7228		4.175000
7229		4.650000
7230		5.331250
7231		5.956250
7232		5.656250
7233		5.393750
7234		5.300000
7235		4.887500
7236		4.593750
7237		3.881250
7238		3.462500
7239		2.962500
7240		2.900000
7241		3.256250
7242		3.081250
7243		3.318750
7244		3.793750
7245		3.850000
7246		3.793750
7247		4.175000
7248		4.681250
7249		4.825000
7250		5.062500
7251		5.093750
7252		5.393750
7253		5.212500
7254		5.125000
7255		5.093750
7256		4.681250
7257		4.087500
7258		3.137500
7259		2.962500
7260		1.925000
7261		1.062500
7262		0.087500
7263		-0.593750
7264		-1.393750
7265		-1.987500
7266		-2.612500
7267		-2.906250
7268		-2.550000
7269		-2.550000
7270		-2.431250
7271		-2.137500
7272		-1.187500
7273		-0.743750
7274		0.381250
7275		0.918750
7276		1.806250
7277		2.843750
7278		3.200000
7279		3.493750
7280		4.412500
7281		4.293750
7282		4.325000
7283		4.593750
7284		4.737500
7285		4.531250
7286		4.175000
7287		4.025000
7288		3.612500
7289		3.343750
7290		3.137500
7291		2.068750
7292		1.925000
7293		1.506250
7294		0.650000
7295		0.531250
7296		0.412500
7297		0.531250
7298		0.500000
7299		0.918750
7300		1.568750
7301		2.218750
7302		2.662500
7303		2.987500
7304		3.493750
7305		4.000000
7306		4.475000
7307		4.381250
7308		4.681250
7309		4.500000
7310		4.237500
7311		3.643750
7312		3.581250
7313		3.406250
7314		2.962500
7315		3.287500
7316		2.756250
7317		2.637500
7318		2.400000
7319		3.050000
7320		2.931250
7321		3.081250
7322		2.900000
7323		3.050000
7324		3.200000
7325		3.225000
7326		3.256250
7327		3.406250
7328		3.200000
7329		3.675000
7330		3.675000
7331		3.881250
7332		3.881250
7333		3.643750
7334		4.356250
7335		3.462500
7336		3.343750
7337		3.225000
7338		2.606250
7339		2.456250
7340		2.368750
7341		2.662500
7342		2.900000
7343		2.812500
7344		2.543750
7345		3.081250
7346		3.343750
7347		3.406250
7348		3.406250
7349		3.643750
7350		3.937500
7351		3.881250
7352		3.818750
7353		3.937500
7354		3.818750
7355		4.000000
7356		4.143750
7357		4.175000
7358		4.412500
7359		3.881250
7360		3.612500
7361		3.643750
7362		3.493750
7363		3.675000
7364		3.437500
7365		3.106250
7366		2.756250
7367		2.400000
7368		2.756250
7369		2.812500
7370		3.437500
7371		3.406250
7372		3.287500
7373		3.731250
7374		4.293750
7375		3.968750
7376		4.118750
7377		4.593750
7378		4.237500
7379		4.118750
7380		3.675000
7381		3.318750
7382		2.843750
7383		2.487500
7384		2.543750
7385		2.281250
7386		2.518750
7387		1.656250
7388		1.806250
7389		1.837500
7390		1.862500
7391		1.981250
7392		2.250000
7393		3.081250
7394		2.987500
7395		3.906250
7396		4.325000
7397		4.918750
7398		5.512500
7399		6.875000
7400		6.487500
7401		6.487500
7402		6.550000
7403		6.312500
7404		6.250000
7405		5.481250
7406		5.275000
7407		4.918750
7408		4.381250
7409		4.175000
7410		3.731250
7411		3.643750
7412		3.343750
7413		3.168750
7414		3.287500
7415		3.556250
7416		3.881250
7417		4.412500
7418		5.125000
7419		5.568750
7420		5.956250
7421		6.550000
7422		6.931250
7423		7.700000
7424		7.912500
7425		8.356250
7426		8.531250
7427		8.325000
7428		8.175000
7429		7.793750
7430		7.318750
7431		6.662500
7432		5.656250
7433		4.918750
7434		4.175000
7435		3.343750
7436		2.131250
7437		1.243750
7438		0.587500
7439		0.325000
7440		-0.300000
7441		-0.450000
7442		-0.268750
7443		-0.356250
7444		0.381250
7445		0.531250
7446		1.212500
7447		1.656250
7448		2.100000
7449		2.962500
7450		3.793750
7451		4.412500
7452		4.618750
7453		5.037500
7454		5.631250
7455		5.512500
7456		5.743750
7457		5.687500
7458		5.418750
7459		5.243750
7460		4.887500
7461		4.918750
7462		5.275000
7463		5.362500
7464		5.331250
7465		5.718750
7466		6.518750
7467		6.900000
7468		7.587500
7469		7.881250
7470		8.681250
7471		9.156250
7472		9.631250
7473		9.656250
7474		9.925000
7475		9.512500
7476		9.600000
7477		9.275000
7478		9.125000
7479		8.618750
7480		8.475000
7481		8.087500
7482		7.643750
7483		7.375000
7484		6.993750
7485		6.100000
7486		5.656250
7487		5.418750
7488		5.037500
7489		4.618750
7490		4.768750
7491		4.206250
7492		4.206250
7493		4.143750
7494		3.937500
7495		3.818750
7496		3.106250
7497		2.987500
7498		2.606250
7499		2.543750
7500		1.925000
7501		1.450000
7502		1.718750
7503		1.362500
7504		1.212500
7505		1.062500
7506		0.975000
7507		0.825000
7508		0.856250
7509		0.618750
7510		1.150000
7511		1.062500
7512		1.268750
7513		1.212500
7514		1.718750
7515		1.418750
7516		1.925000
7517		2.100000
7518		2.100000
7519		2.987500
7520		3.256250
7521		3.818750
7522		3.906250
7523		4.237500
7524		4.412500
7525		4.681250
7526		4.412500
7527		4.500000
7528		4.143750
7529		4.293750
7530		4.056250
7531		4.381250
7532		4.381250
7533		4.381250
7534		5.212500
7535		5.568750
7536		6.368750
7537		6.606250
7538		7.256250
7539		7.968750
7540		8.737500
7541		8.918750
7542		9.481250
7543		9.331250
7544		9.568750
7545		9.243750
7546		9.187500
7547		8.475000
7548		8.206250
7549		7.643750
7550		7.168750
7551		6.193750
7552		6.162500
7553		5.181250
7554		5.125000
7555		4.737500
7556		4.325000
7557		4.087500
7558		3.643750
7559		3.437500
7560		3.581250
7561		3.462500
7562		3.256250
7563		4.143750
7564		3.937500
7565		4.412500
7566		4.681250
7567		4.768750
7568		4.531250
7569		4.918750
7570		4.737500
7571		4.443750
7572		4.237500
7573		4.025000
7574		3.643750
7575		3.493750
7576		2.900000
7577		2.425000
7578		2.306250
7579		1.687500
7580		1.243750
7581		0.943750
7582		0.825000
7583		0.825000
7584		0.975000
7585		1.125000
7586		1.481250
7587		1.925000
7588		2.425000
7589		2.518750
7590		3.287500
7591		3.525000
7592		3.937500
7593		3.937500
7594		4.500000
7595		4.475000
7596		4.593750
7597		4.618750
7598		4.206250
7599		3.881250
7600		3.612500
7601		3.318750
7602		2.693750
7603		2.518750
7604		2.487500
7605		2.250000
7606		1.837500
7607		1.862500
7608		1.687500
7609		1.625000
7610		1.718750
7611		1.687500
7612		1.656250
7613		1.656250
7614		1.775000
7615		2.012500
7616		2.250000
7617		2.218750
7618		2.250000
7619		2.725000
7620		2.368750
7621		3.018750
7622		2.756250
7623		2.781250
7624		2.662500
7625		2.662500
7626		2.162500
7627		1.862500
7628		1.568750
7629		1.387500
7630		1.031250
7631		0.587500
7632		0.262500
7633		0.650000
7634		0.618750
7635		1.031250
7636		1.418750
7637		1.687500
7638		1.775000
7639		2.131250
7640		2.725000
7641		3.375000
7642		3.462500
7643		3.881250
7644		4.175000
7645		4.056250
7646		4.356250
7647		4.087500
7648		3.881250
7649		3.462500
7650		3.937500
7651		3.256250
7652		3.225000
7653		3.200000
7654		3.081250
7655		3.343750
7656		2.812500
7657		2.756250
7658		2.575000
7659		3.343750
7660		3.287500
7661		3.318750
7662		3.287500
7663		3.700000
7664		3.581250
7665		3.937500
7666		3.731250
7667		4.000000
7668		3.612500
7669		3.318750
7670		3.581250
7671		3.406250
7672		2.518750
7673		2.637500
7674		2.543750
7675		2.306250
7676		2.131250
7677		1.981250
7678		1.862500
7679		2.068750
7680		1.806250
7681		1.537500
7682		1.775000
7683		1.625000
7684		1.387500
7685		1.506250
7686		1.625000
7687		1.775000
7688		1.537500
7689		1.331250
7690		1.806250
7691		1.862500
7692		1.300000
7693		1.418750
7694		1.362500
7695		0.943750
7696		0.681250
7697		0.587500
7698		0.800000
7699		0.175000
7700		0.975000
7701		0.056250
7702		0.175000
7703		0.468750
7704		0.500000
7705		0.381250
7706		0.443750
7707		0.293750
7708		0.681250
7709		0.943750
7710		1.031250
7711		0.800000
7712		0.918750
7713		1.537500
7714		1.481250
7715		1.775000
7716		2.012500
7717		1.950000
7718		2.068750
7719		1.925000
7720		2.131250
7721		2.043750
7722		2.162500
7723		1.718750
7724		2.068750
7725		1.656250
7726		1.862500
7727		1.212500
7728		1.212500
7729		1.743750
7730		1.331250
7731		1.450000
7732		1.243750
7733		1.450000
7734		1.806250
7735		1.506250
7736		1.656250
7737		1.600000
7738		1.687500
7739		1.656250
7740		1.687500
7741		1.625000
7742		1.568750
7743		1.568750
7744		1.212500
7745		0.943750
7746		0.531250
7747		0.918750
7748		0.468750
7749		0.587500
7750		0.562500
7751		0.350000
7752		0.262500
7753		0.325000
7754		0.381250
7755		0.175000
7756		-0.268750
7757		-0.062500
7758		-0.031250
7759		0.468750
7760		0.025000
7761		-0.031250
7762		-0.118750
7763		-0.150000
7764		0.025000
7765		0.175000
7766		-0.356250
7767		-0.418750
7768		-0.656250
7769		-0.981250
7770		-1.156250
7771		-1.156250
7772		-0.950000
7773		-0.893750
7774		-1.250000
7775		-1.306250
7776		-0.893750
7777		-0.862500
7778		-0.806250
7779		-0.062500
7780		-0.150000
7781		0.056250
7782		-0.150000
7783		0.143750
7784		0.175000
7785		-0.062500
7786		-0.806250
7787		-1.275000
7788		-2.106250
7789		-2.493750
7790		-2.787500
7791		-3.468750
7792		-3.531250
7793		-3.768750
7794		-3.975000
7795		-3.706250
7796		-3.975000
7797		-3.231250
7798		-2.850000
7799		-2.550000
7800		-2.106250
7801		-0.831250
7802		-0.568750
7803		-0.268750
7804		0.587500
7805		1.362500
7806		2.306250
7807		2.725000
7808		2.662500
7809		4.475000
7810		4.712500
7811		5.300000
7812		6.012500
7813		6.218750
7814		6.456250
7815		6.400000
7816		6.218750
7817		5.512500
7818		4.768750
7819		3.612500
7820		2.725000
7821		1.775000
7822		0.443750
7823		-0.181250
7824		-0.893750
7825		-1.337500
7826		-1.306250
7827		-2.137500
7828		-2.431250
7829		-2.406250
7830		-1.931250
7831		-1.750000
7832		-1.275000
7833		-0.981250
7834		-1.250000
7835		-1.156250
7836		-1.456250
7837		-1.931250
7838		-2.343750
7839		-3.443750
7840		-4.568750
7841		-4.862500
7842		-5.456250
7843		-6.437500
7844		-6.787500
7845		-6.881250
7846		-6.731250
7847		-6.437500
7848		-6.200000
7849		-5.250000
7850		-4.387500
7851		-3.793750
7852		-2.787500
7853		-1.931250
7854		-1.337500
7855		-1.037500
7856		-0.806250
7857		-1.100000
7858		-1.250000
7859		-1.725000
7860		-2.287500
7861		-2.937500
7862		-3.381250
7863		-3.737500
7864		-4.268750
7865		-4.125000
7866		-4.125000
7867		-3.768750
7868		-2.850000
7869		-2.343750
7870		-1.425000
7871		-0.356250
7872		0.443750
7873		1.568750
7874		1.687500
7875		2.662500
7876		2.868750
7877		2.637500
7878		2.250000
7879		1.625000
7880		0.768750
7881		-0.062500
7882		-0.925000
7883		-1.900000
7884		-2.550000
7885		-3.056250
7886		-3.562500
7887		-3.531250
7888		-3.562500
7889		-2.968750
7890		-2.375000
7891		-1.750000
7892		-1.156250
7893		-0.862500
7894		0.025000
7895		0.143750
7896		0.381250
7897		0.293750
7898		-0.450000
7899		-0.893750
7900		-1.543750
7901		-2.668750
7902		-3.706250
7903		-4.600000
7904		-5.306250
7905		-6.081250
7906		-6.137500
7907		-6.081250
7908		-6.581250
7909		-6.168750
7910		-6.525000
7911		-5.781250
7912		-5.250000
7913		-4.743750
7914		-4.418750
7915		-4.150000
7916		-4.062500
7917		-3.825000
7918		-3.206250
7919		-2.993750
7920		-3.175000
7921		-3.087500
7922		-2.762500
7923		-2.525000
7924		-2.643750
7925		-2.818750
7926		-2.581250
7927		-2.700000
7928		-3.087500
7929		-3.025000
7930		-3.531250
7931		-3.912500
7932		-4.568750
7933		-5.187500
7934		-5.781250
7935		-5.987500
7936		-6.287500
7937		-6.437500
7938		-6.850000
7939		-6.556250
7940		-5.900000
7941		-6.225000
7942		-5.987500
7943		-5.987500
7944		-4.806250
7945		-4.806250
7946		-3.825000
7947		-3.587500
7948		-3.175000
7949		-2.968750
7950		-2.643750
7951		-2.225000
7952		-2.225000
7953		-2.343750
7954		-2.581250
7955		-2.668750
7956		-2.700000
7957		-3.325000
7958		-3.468750
7959		-3.412500
7960		-3.381250
7961		-3.856250
7962		-3.943750
7963		-3.856250
7964		-3.768750
7965		-4.006250
7966		-3.793750
7967		-3.381250
7968		-3.175000
7969		-3.650000
7970		-3.768750
7971		-3.562500
7972		-3.618750
7973		-4.062500
7974		-4.300000
7975		-4.300000
7976		-4.212500
7977		-4.600000
7978		-4.806250
7979		-5.012500
7980		-5.337500
7981		-5.250000
7982		-5.306250
7983		-5.187500
7984		-5.043750
7985		-5.043750
7986		-5.250000
7987		-5.162500
7988		-5.456250
7989		-5.368750
7990		-5.750000
7991		-5.637500
7992		-5.781250
7993		-6.018750
7994		-5.987500
7995		-6.200000
7996		-6.437500
7997		-6.881250
7998		-7.175000
7999		-7.412500
8000		-7.475000
8001		-7.856250
8002		-8.006250
8003		-8.156250
8004		-8.062500
8005		-8.393750
8006		-8.125000
8007		-7.768750
8008		-7.618750
8009		-7.325000
8010		-7.000000
8011		-6.493750
8012		-5.781250
8013		-5.456250
8014		-5.100000
8015		-4.656250
8016		-4.568750
8017		-4.031250
8018		-3.768750
8019		-3.618750
8020		-2.937500
8021		-3.500000
8022		-2.762500
8023		-2.787500
8024		-2.581250
8025		-2.700000
8026		-2.787500
8027		-2.787500
8028		-3.112500
8029		-2.937500
8030		-3.087500
8031		-3.175000
8032		-2.968750
8033		-3.175000
8034		-3.112500
8035		-2.937500
8036		-3.087500
8037		-3.087500
8038		-3.175000
8039		-3.531250
8040		-3.262500
8041		-3.231250
8042		-3.793750
8043		-3.975000
8044		-4.268750
8045		-4.893750
8046		-5.693750
8047		-5.843750
8048		-6.731250
8049		-6.937500
8050		-7.681250
8051		-8.512500
8052		-8.775000
8053		-9.162500
8054		-9.993750
8055		-10.375000
8056		-10.493750
8057		-10.643750
8058		-11.412500
8059		-11.381250
8060		-11.237500
8061		-11.150000
8062		-10.818750
8063		-10.050000
8064		-9.962500
8065		-9.781250
8066		-9.400000
8067		-8.893750
8068		-8.418750
8069		-8.450000
8070		-8.393750
8071		-8.331250
8072		-8.362500
8073		-8.862500
8074		-8.568750
8075		-8.862500
8076		-8.625000
8077		-8.687500
8078		-8.837500
8079		-8.806250
8080		-8.600000
8081		-8.512500
8082		-8.212500
8083		-8.125000
8084		-8.181250
8085		-7.475000
8086		-7.562500
8087		-7.706250
8088		-7.412500
8089		-7.293750
8090		-6.937500
8091		-6.787500
8092		-6.343750
8093		-6.137500
8094		-5.900000
8095		-5.931250
8096		-5.337500
8097		-5.043750
8098		-4.950000
8099		-4.656250
8100		-4.743750
8101		-4.687500
8102		-4.743750
8103		-4.362500
8104		-4.775000
8105		-4.893750
8106		-5.543750
8107		-5.931250
8108		-6.081250
8109		-6.731250
8110		-7.087500
8111		-7.618750
8112		-7.562500
8113		-7.975000
8114		-7.825000
8115		-7.768750
8116		-7.918750
8117		-7.562500
8118		-7.325000
8119		-7.293750
8120		-7.118750
8121		-6.850000
8122		-6.731250
8123		-6.818750
8124		-6.462500
8125		-6.668750
8126		-6.525000
8127		-6.700000
8128		-6.643750
8129		-6.318750
8130		-6.787500
8131		-6.731250
8132		-7.237500
8133		-7.381250
8134		-7.825000
8135		-8.006250
8136		-8.481250
8137		-8.450000
8138		-8.275000
8139		-8.568750
8140		-8.925000
8141		-8.956250
8142		-8.418750
8143		-8.362500
8144		-7.381250
8145		-6.937500
8146		-5.812500
8147		-5.281250
8148		-4.450000
8149		-3.737500
8150		-3.443750
8151		-3.325000
8152		-3.562500
8153		-3.681250
8154		-4.743750
8155		-5.487500
8156		-7.025000
8157		-7.918750
8158		-8.862500
8159		-8.862500
8160		-9.193750
8161		-9.281250
8162		-8.718750
8163		-8.275000
8164		-7.856250
8165		-7.918750
8166		-8.125000
8167		-8.625000
8168		-9.662500
8169		-10.556250
8170		-11.531250
8171		-13.043750
8172		-13.431250
8173		-14.200000
8174		-13.456250
8175		-13.162500
8176		-12.212500
8177		-10.968750
8178		-9.193750
8179		-7.856250
8180		-6.018750
8181		-4.950000
8182		-3.706250
8183		-2.818750
8184		-2.018750
8185		-2.050000
8186		-1.512500
8187		-1.606250
8188		-1.843750
8189		-1.987500
8190		-2.075000
8191		-2.462500
8192		-3.112500
8193		-5.606250
8194		-5.250000
8195		-5.306250
8196		-5.337500
8197		-4.981250
8198		-4.743750
8199		-4.212500
8200		-3.975000
8201		-3.562500
8202		-3.793750
8203		-3.562500
8204		-4.537500
8205		-4.743750
8206		-5.306250
8207		-5.400000
8208		-6.493750
8209		-6.343750
8210		-6.287500
8211		-6.493750
8212		-6.818750
8213		-6.818750
8214		-6.643750
8215		-6.881250
8216		-6.850000
8217		-7.325000
8218		-7.381250
8219		-7.237500
8220		-7.443750
8221		-6.850000
8222		-6.318750
8223		-5.487500
8224		-4.743750
8225		-3.887500
8226		-3.056250
8227		-2.525000
8228		-2.075000
8229		-2.375000
8230		-2.818750
8231		-3.531250
8232		-4.362500
8233		-5.368750
8234		-5.987500
8235		-6.881250
8236		-7.500000
8237		-7.650000
8238		-7.825000
8239		-7.443750
8240		-7.262500
8241		-6.700000
8242		-6.225000
8243		-5.487500
8244		-4.831250
8245		-4.925000
8246		-4.625000
8247		-4.150000
8248		-4.212500
8249		-4.950000
8250		-4.687500
8251		-4.450000
8252		-4.625000
8253		-4.568750
8254		-4.418750
8255		-3.706250
8256		-3.618750
8257		-3.087500
8258		-2.700000
8259		-2.075000
8260		-1.631250
8261		-1.662500
8262		-1.456250
8263		-2.075000
8264		-1.956250
8265		-2.312500
8266		-2.668750
8267		-2.818750
8268		-3.175000
8269		-3.650000
8270		-3.825000
8271		-4.150000
8272		-4.568750
8273		-4.331250
8274		-4.212500
8275		-4.625000
8276		-4.743750
8277		-5.100000
8278		-5.218750
8279		-5.368750
8280		-5.987500
8281		-5.900000
8282		-6.168750
8283		-6.462500
8284		-6.731250
8285		-6.787500
8286		-6.668750
8287		-6.762500
8288		-6.287500
8289		-6.050000
8290		-5.781250
8291		-5.750000
8292		-5.368750
8293		-5.575000
8294		-5.250000
8295		-5.187500
8296		-4.862500
8297		-4.687500
8298		-4.268750
8299		-3.943750
8300		-3.587500
8301		-3.025000
8302		-3.056250
8303		-2.762500
8304		-2.287500
8305		-2.256250
8306		-2.225000
8307		-2.406250
8308		-2.818750
8309		-2.818750
8310		-2.968750
8311		-3.175000
8312		-3.206250
8313		-3.175000
8314		-3.262500
8315		-2.993750
8316		-3.325000
8317		-3.262500
8318		-2.906250
8319		-3.025000
8320		-2.787500
8321		-2.550000
8322		-2.075000
8323		-1.606250
8324		-1.368750
8325		-1.037500
8326		-0.656250
8327		-0.062500
8328		0.412500
8329		0.768750
8330		1.150000
8331		1.062500
8332		1.150000
8333		0.856250
8334		0.650000
8335		0.293750
8336		0.000000
8337		0.087500
8338		-0.506250
8339		-0.568750
8340		-0.806250
8341		-0.925000
8342		-0.862500
8343		-0.862500
8344		-0.893750
8345		-1.012500
8346		-0.925000
8347		-1.306250
8348		-1.393750
8349		-1.606250
8350		-1.543750
8351		-1.575000
8352		-2.193750
8353		-2.431250
8354		-2.375000
8355		-2.612500
8356		-2.406250
8357		-2.225000
8358		-2.137500
8359		-2.137500
8360		-1.843750
8361		-1.662500
8362		-1.662500
8363		-1.931250
8364		-1.393750
8365		-1.218750
8366		-1.631250
8367		-1.543750
8368		-0.950000
8369		-1.012500
8370		-0.656250
8371		-0.300000
8372		0.350000
8373		0.587500
8374		0.800000
8375		1.331250
8376		1.331250
8377		1.212500
8378		1.212500
8379		0.650000
8380		0.618750
8381		1.031250
8382		0.325000
8383		0.112500
8384		-0.062500
8385		-0.268750
8386		-0.062500
8387		-0.387500
8388		0.025000
8389		-0.300000
8390		-0.268750
8391		-0.356250
8392		-0.687500
8393		-0.862500
8394		-1.337500
8395		-1.487500
8396		-1.337500
8397		-1.250000
8398		-1.156250
8399		-1.156250
8400		-0.537500
8401		-0.450000
8402		-0.181250
8403		-0.031250
8404		0.468750
8405		0.681250
8406		0.618750
8407		0.887500
8408		0.681250
8409		0.531250
8410		0.618750
8411		0.231250
8412		0.087500
8413		-0.212500
8414		-0.593750
8415		-0.356250
8416		-0.062500
8417		-0.356250
8418		-0.237500
8419		0.000000
8420		0.262500
8421		0.500000
8422		0.706250
8423		1.212500
8424		1.268750
8425		1.600000
8426		1.687500
8427		1.506250
8428		1.006250
8429		0.975000
8430		0.381250
8431		-0.212500
8432		-0.568750
8433		-0.893750
8434		-1.900000
8435		-2.493750
8436		-2.581250
8437		-3.231250
8438		-3.056250
8439		-3.943750
8440		-3.681250
8441		-3.500000
8442		-3.531250
8443		-3.143750
8444		-2.700000
8445		-2.525000
8446		-1.487500
8447		-1.156250
8448		-0.418750
8449		0.825000
8450		1.806250
8451		2.487500
8452		3.200000
8453		3.762500
8454		4.531250
8455		4.500000
8456		4.593750
8457		4.500000
8458		4.681250
8459		4.206250
8460		3.437500
8461		3.256250
8462		2.456250
8463		2.306250
8464		2.131250
8465		2.218750
8466		2.187500
8467		2.306250
8468		2.637500
8469		2.962500
8470		3.225000
8471		3.556250
8472		3.762500
8473		3.762500
8474		4.443750
8475		4.000000
8476		4.175000
8477		3.675000
8478		4.000000
8479		3.731250
8480		3.581250
8481		4.087500
8482		3.731250
8483		3.493750
8484		3.318750
8485		3.081250
8486		2.606250
8487		2.756250
8488		2.100000
8489		1.687500
8490		2.131250
8491		1.243750
8492		0.825000
8493		0.468750
8494		0.650000
8495		0.443750
8496		0.468750
8497		0.293750
8498		0.587500
8499		0.856250
8500		1.062500
8501		1.656250
8502		1.806250
8503		1.806250
8504		2.368750
8505		2.606250
8506		2.756250
8507		2.606250
8508		3.106250
8509		2.868750
8510		3.050000
8511		3.581250
8512		3.556250
8513		3.937500
8514		3.818750
8515		4.175000
8516		4.650000
8517		4.293750
8518		4.531250
8519		4.531250
8520		4.856250
8521		4.293750
8522		4.356250
8523		3.881250
8524		4.000000
8525		3.850000
8526		3.493750
8527		3.793750
8528		3.643750
8529		3.906250
8530		3.818750
8531		4.737500
8532		4.443750
8533		4.825000
8534		5.062500
8535		5.512500
8536		5.925000
8537		5.718750
8538		6.012500
8539		6.075000
8540		6.487500
8541		6.218750
8542		6.281250
8543		6.368750
8544		6.368750
8545		6.250000
8546		5.925000
8547		5.862500
8548		5.806250
8549		5.331250
8550		5.512500
8551		4.918750
8552		4.887500
8553		4.562500
8554		4.237500
8555		3.850000
8556		4.087500
8557		4.025000
8558		3.700000
8559		3.762500
8560		3.881250
8561		3.406250
8562		3.793750
8563		2.543750
8564		3.762500
8565		4.118750
8566		4.381250
8567		5.156250
8568		5.775000
8569		6.075000
8570		6.662500
8571		7.493750
8572		7.762500
8573		8.268750
8574		8.506250
8575		7.937500
8576		7.350000
8577		6.900000
8578		6.162500
8579		5.393750
8580		4.618750
8581		3.406250
8582		2.725000
8583		1.837500
8584		1.568750
8585		0.975000
8586		0.975000
8587		1.481250
8588		1.387500
8589		2.250000
8590		3.137500
8591		3.850000
8592		5.062500
8593		6.131250
8594		7.256250
8595		8.150000
8596		8.475000
8597		9.125000
8598		9.656250
8599		9.775000
8600		9.925000
8601		9.600000
8602		9.750000
8603		9.275000
8604		9.093750
8605		8.531250
8606		8.293750
8607		8.293750
8608		8.618750
8609		7.968750
8610		8.650000
8611		9.068750
8612		9.068750
8613		9.331250
8614		9.718750
8615		9.656250
8616		10.131250
8617		10.193750
8618		10.343750
8619		10.668750
8620		10.343750
8621		10.787500
8622		10.075000
8623		10.250000
8624		9.537500
8625		9.512500
8626		8.031250
8627		7.350000
8628		6.606250
8629		5.656250
8630		5.125000
8631		3.937500
8632		3.850000
8633		3.081250
8634		2.843750
8635		2.843750
8636		3.318750
8637		3.050000
8638		3.700000
8639		4.475000
8640		4.918750
8641		5.656250
8642		6.250000
8643		7.256250
8644		7.200000
8645		7.468750
8646		8.293750
8647		8.887500
8648		8.975000
8649		9.275000
8650		9.425000
8651		9.925000
8652		10.131250
8653		9.656250
8654		9.775000
8655		9.212500
8656		8.950000
8657		8.737500
8658		8.681250
8659		8.150000
8660		7.850000
8661		7.556250
8662		7.137500
8663		6.693750
8664		6.900000
8665		6.900000
8666		7.137500
8667		7.318750
8668		8.087500
8669		8.087500
8670		8.531250
8671		9.331250
8672		9.656250
8673		10.225000
8674		10.012500
8675		10.250000
8676		10.131250
8677		10.131250
8678		10.075000
8679		10.131250
8680		9.600000
8681		9.806250
8682		9.393750
8683		9.156250
8684		9.306250
8685		9.125000
8686		9.362500
8687		9.537500
8688		9.512500
8689		9.156250
8690		9.306250
8691		9.212500
8692		9.275000
8693		9.362500
8694		9.212500
8695		9.068750
8696		9.362500
8697		9.718750
8698		9.450000
8699		9.450000
8700		9.718750
8701		9.750000
8702		9.631250
8703		9.362500
8704		8.618750
8705		8.918750
8706		8.506250
8707		8.531250
8708		8.118750
8709		8.531250
8710		8.412500
8711		8.412500
8712		9.037500
8713		8.950000
8714		8.887500
8715		9.125000
8716		9.750000
8717		9.718750
8718		9.956250
8719		9.631250
8720		9.656250
8721		9.656250
8722		9.956250
8723		9.837500
8724		9.868750
8725		10.075000
8726		9.925000
8727		9.775000
8728		9.775000
8729		9.600000
8730		9.481250
8731		9.243750
8732		9.187500
8733		8.975000
8734		8.768750
8735		8.950000
8736		8.831250
8737		9.243750
8738		9.600000
8739		9.631250
8740		10.225000
8741		10.250000
8742		10.456250
8743		10.400000
8744		10.225000
8745		10.225000
8746		10.012500
8747		9.925000
8748		9.687500
8749		9.125000
8750		9.006250
8751		8.593750
8752		8.712500
8753		8.443750
8754		8.737500
8755		8.443750
8756		8.650000
8757		8.293750
8758		8.175000
8759		8.387500
8760		8.650000
8761		8.975000
8762		9.568750
8763		9.806250
8764		10.312500
8765		10.875000
8766		11.112500
8767		11.437500
8768		11.612500
8769		11.675000
8770		11.850000
8771		11.587500
8772		11.262500
8773		10.993750
8774		10.550000
8775		10.225000
8776		9.775000
8777		9.125000
8778		9.187500
8779		9.125000
8780		9.362500
8781		9.212500
8782		9.362500
8783		9.631250
8784		9.718750
8785		10.075000
8786		10.487500
8787		10.962500
8788		11.675000
8789		11.881250
8790		12.000000
8791		13.100000
8792		13.037500
8793		13.568750
8794		13.631250
8795		13.125000
8796		13.187500
8797		12.887500
8798		12.300000
8799		11.643750
8800		10.843750
8801		9.868750
8802		9.306250
8803		8.000000
8804		7.256250
8805		6.518750
8806		6.312500
8807		5.656250
8808		5.537500
8809		5.006250
8810		5.062500
8811		5.275000
8812		5.568750
8813		5.981250
8814		6.725000
8815		6.875000
8816		7.406250
8817		7.937500
8818		8.325000
8819		8.712500
8820		9.425000
8821		9.481250
8822		10.162500
8823		9.925000
8824		10.400000
8825		10.312500
8826		10.075000
8827		9.481250
8828		9.537500
8829		10.131250
8830		10.131250
8831		9.925000
8832		10.250000
8833		10.875000
8834		11.381250
8835		12.237500
8836		12.531250
8837		13.331250
8838		13.868750
8839		14.137500
8840		14.843750
8841		14.668750
8842		14.725000
8843		14.431250
8844		14.225000
8845		13.868750
8846		13.718750
8847		13.331250
8848		12.887500
8849		12.237500
8850		12.412500
8851		11.612500
8852		11.406250
8853		10.756250
8854		10.668750
8855		10.931250
8856		10.225000
8857		10.162500
8858		9.893750
8859		10.043750
8860		9.331250
8861		9.187500
8862		9.125000
8863		8.737500
8864		8.325000
8865		8.412500
8866		7.587500
8867		7.556250
8868		6.962500
8869		6.575000
8870		6.400000
8871		6.400000
8872		6.250000
8873		6.368750
8874		5.631250
8875		5.981250
8876		5.925000
8877		5.837500
8878		6.162500
8879		6.162500
8880		6.550000
8881		6.337500
8882		6.487500
8883		6.518750
8884		6.962500
8885		7.018750
8886		7.200000
8887		7.643750
8888		7.881250
8889		8.325000
8890		8.443750
8891		8.737500
8892		8.443750
8893		8.593750
8894		8.975000
8895		8.531250
8896		8.593750
8897		8.768750
8898		8.831250
8899		9.362500
8900		9.006250
8901		9.775000
8902		10.518750
8903		10.875000
8904		11.112500
8905		11.762500
8906		12.387500
8907		12.387500
8908		13.100000
8909		13.100000
8910		13.781250
8911		13.600000
8912		13.662500
8913		13.243750
8914		13.362500
8915		13.037500
8916		12.531250
8917		11.762500
8918		11.262500
8919		10.606250
8920		10.400000
8921		9.775000
8922		9.362500
8923		9.006250
8924		8.737500
8925		8.475000
8926		8.387500
8927		8.000000
8928		7.912500
8929		8.031250
8930		8.325000
8931		8.681250
8932		8.681250
8933		8.681250
8934		8.562500
8935		8.562500
8936		8.975000
8937		8.531250
8938		8.531250
8939		8.293750
8940		7.818750
8941		7.287500
8942		7.587500
8943		6.812500
8944		6.693750
8945		5.981250
8946		5.718750
8947		5.212500
8948		4.975000
8949		4.887500
8950		4.681250
8951		4.412500
8952		4.825000
8953		4.681250
8954		5.093750
8955		5.418750
8956		5.925000
8957		6.075000
8958		6.550000
8959		7.050000
8960		7.700000
8961		7.912500
8962		7.556250
8963		8.031250
8964		8.206250
8965		7.643750
8966		7.406250
8967		6.962500
8968		6.637500
8969		6.337500
8970		6.012500
8971		6.012500
8972		5.956250
8973		5.418750
8974		5.393750
8975		5.393750
8976		5.418750
8977		5.125000
8978		5.631250
8979		5.568750
8980		5.481250
8981		5.362500
8982		5.512500
8983		5.362500
8984		5.393750
8985		5.568750
8986		5.687500
8987		5.775000
8988		5.775000
8989		5.687500
8990		5.775000
8991		5.837500
8992		5.418750
8993		5.537500
8994		5.062500
8995		4.593750
8996		4.381250
8997		4.143750
8998		4.475000
8999		3.881250
9000		4.000000
9001		3.937500
9002		4.000000
9003		4.443750
9004		4.531250
9005		4.887500
9006		5.275000
9007		5.631250
9008		6.100000
9009		6.250000
9010		6.518750
9011		6.550000
9012		7.137500
9013		6.812500
9014		6.725000
9015		7.112500
9016		7.137500
9017		6.400000
9018		6.756250
9019		6.337500
9020		6.337500
9021		5.806250
9022		5.956250
9023		5.718750
9024		6.012500
9025		5.862500
9026		5.956250
9027		6.250000
9028		5.981250
9029		6.075000
9030		6.162500
9031		6.312500
9032		6.456250
9033		6.312500
9034		6.456250
9035		6.431250
9036		6.250000
9037		6.281250
9038		6.162500
9039		5.893750
9040		5.656250
9041		5.568750
9042		4.887500
9043		5.181250
9044		4.887500
9045		4.681250
9046		4.618750
9047		4.943750
9048		4.593750
9049		4.237500
9050		4.475000
9051		4.475000
9052		4.475000
9053		4.237500
9054		4.087500
9055		3.731250
9056		4.087500
9057		3.675000
9058		3.881250
9059		3.525000
9060		4.056250
9061		3.556250
9062		3.793750
9063		3.525000
9064		3.556250
9065		3.256250
9066		3.168750
9067		3.256250
9068		3.200000
9069		2.812500
9070		2.900000
9071		2.131250
9072		2.662500
9073		2.812500
9074		2.368750
9075		2.693750
9076		2.843750
9077		3.106250
9078		3.137500
9079		3.731250
9080		3.581250
9081		3.968750
9082		3.731250
9083		3.850000
9084		3.937500
9085		3.937500
9086		4.025000
9087		3.793750
9088		4.087500
9089		3.937500
9090		3.850000
9091		3.643750
9092		4.143750
9093		3.793750
9094		3.700000
9095		3.287500
9096		3.731250
9097		3.343750
9098		3.406250
9099		3.643750
9100		3.793750
9101		3.493750
9102		3.675000
9103		3.406250
9104		3.818750
9105		3.762500
9106		3.850000
9107		3.937500
9108		3.700000
9109		4.056250
9110		3.581250
9111		3.406250
9112		3.287500
9113		2.812500
9114		3.081250
9115		2.425000
9116		2.606250
9117		2.456250
9118		2.487500
9119		2.487500
9120		2.456250
9121		2.543750
9122		2.400000
9123		2.456250
9124		2.281250
9125		2.162500
9126		2.425000
9127		2.068750
9128		2.100000
9129		1.806250
9130		1.925000
9131		1.568750
9132		1.537500
9133		1.481250
9134		1.506250
9135		1.331250
9136		0.918750
9137		0.737500
9138		0.737500
9139		0.293750
9140		0.918750
9141		0.293750
9142		0.737500
9143		0.918750
9144		0.650000
9145		0.975000
9146		1.568750
9147		1.656250
9148		2.100000
9149		1.806250
9150		1.181250
9151		1.568750
9152		1.212500
9153		0.887500
9154		0.443750
9155		-0.150000
9156		-0.862500
9157		-1.250000
9158		-1.725000
9159		-2.525000
9160		-1.987500
9161		-2.075000
9162		-2.137500
9163		-1.843750
9164		-2.018750
9165		-1.187500
9166		-0.981250
9167		-0.506250
9168		-0.062500
9169		0.531250
9170		1.331250
9171		1.331250
9172		2.306250
9173		2.962500
9174		3.581250
9175		4.562500
9176		4.800000
9177		5.418750
9178		6.250000
9179		6.662500
9180		6.756250
9181		7.200000
9182		7.350000
9183		6.193750
9184		6.456250
9185		5.656250
9186		5.037500
9187		3.700000
9188		2.337500
9189		1.268750
9190		0.443750
9191		-1.187500
9192		-1.456250
9193		-2.075000
9194		-2.375000
9195		-2.525000
9196		-2.225000
9197		-2.343750
9198		-2.137500
9199		-1.725000
9200		-1.100000
9201		-1.487500
9202		-1.456250
9203		-1.543750
9204		-1.931250
9205		-2.462500
9206		-3.056250
9207		-3.975000
9208		-4.506250
9209		-5.306250
9210		-5.781250
9211		-7.118750
9212		-7.531250
9213		-7.325000
9214		-7.562500
9215		-7.206250
9216		-6.968750
9217		-5.693750
9218		-5.100000
9219		-4.625000
9220		-3.825000
9221		-2.375000
9222		-1.456250
9223		-1.575000
9224		-1.393750
9225		-1.393750
9226		-1.487500
9227		-2.075000
9228		-2.906250
9229		-3.206250
9230		-3.562500
9231		-4.450000
9232		-4.656250
9233		-4.981250
9234		-4.506250
9235		-4.093750
9236		-3.412500
9237		-2.075000
9238		-1.393750
9239		-0.212500
9240		0.618750
9241		1.243750
9242		1.806250
9243		2.068750
9244		2.218750
9245		2.012500
9246		1.181250
9247		0.206250
9248		-0.806250
9249		-1.900000
9250		-2.525000
9251		-3.231250
9252		-3.793750
9253		-4.362500
9254		-4.181250
9255		-3.856250
9256		-4.268750
9257		-3.468750
9258		-3.112500
9259		-2.431250
9260		-2.050000
9261		-1.781250
9262		-1.306250
9263		-1.425000
9264		-1.250000
9265		-2.343750
9266		-2.787500
9267		-3.262500
9268		-4.031250
9269		-4.893750
9270		-5.843750
9271		-6.287500
9272		-6.787500
9273		-7.856250
9274		-7.943750
9275		-7.975000
9276		-7.475000
9277		-7.325000
9278		-6.881250
9279		-6.556250
9280		-5.693750
9281		-5.400000
9282		-4.950000
9283		-4.743750
9284		-4.718750
9285		-4.718750
9286		-4.506250
9287		-4.775000
9288		-4.687500
9289		-4.743750
9290		-4.687500
9291		-4.268750
9292		-4.743750
9293		-4.062500
9294		-4.743750
9295		-4.481250
9296		-4.743750
9297		-5.012500
9298		-5.606250
9299		-5.662500
9300		-6.375000
9301		-7.025000
9302		-7.475000
9303		-7.825000
9304		-8.156250
9305		-8.450000
9306		-8.743750
9307		-8.512500
9308		-8.568750
9309		-7.768750
9310		-8.037500
9311		-6.937500
9312		-6.731250
9313		-6.200000
9314		-5.900000
9315		-5.606250
9316		-5.250000
9317		-4.862500
9318		-4.243750
9319		-4.775000
9320		-4.418750
9321		-4.656250
9322		-4.806250
9323		-4.893750
9324		-4.806250
9325		-4.862500
9326		-5.368750
9327		-5.456250
9328		-5.518750
9329		-5.518750
9330		-5.987500
9331		-6.050000
9332		-5.781250
9333		-6.318750
9334		-6.375000
9335		-6.375000
9336		-6.343750
9337		-6.437500
9338		-6.668750
9339		-6.525000
9340		-6.493750
9341		-6.850000
9342		-6.818750
9343		-7.325000
9344		-7.025000
9345		-7.175000
9346		-7.412500
9347		-7.618750
9348		-7.618750
9349		-7.681250
9350		-7.975000
9351		-7.856250
9352		-8.243750
9353		-7.856250
9354		-8.156250
9355		-8.393750
9356		-8.062500
9357		-8.568750
9358		-8.862500
9359		-9.043750
9360		-8.775000
9361		-9.193750
9362		-9.543750
9363		-9.312500
9364		-9.662500
9365		-9.843750
9366		-10.112500
9367		-9.993750
9368		-10.462500
9369		-10.818750
9370		-10.818750
9371		-10.968750
9372		-11.118750
9373		-10.793750
9374		-10.700000
9375		-10.793750
9376		-10.437500
9377		-10.050000
9378		-9.843750
9379		-9.012500
9380		-9.100000
9381		-8.481250
9382		-8.418750
9383		-7.706250
9384		-7.475000
9385		-6.881250
9386		-6.881250
9387		-6.493750
9388		-6.493750
9389		-6.137500
9390		-6.493750
9391		-6.050000
9392		-6.225000
9393		-5.868750
9394		-6.643750
9395		-6.343750
9396		-6.318750
9397		-6.643750
9398		-6.200000
9399		-6.050000
9400		-6.343750
9401		-6.018750
9402		-6.287500
9403		-5.987500
9404		-5.987500
9405		-5.931250
9406		-6.050000
9407		-6.225000
9408		-6.406250
9409		-6.850000
9410		-7.025000
9411		-7.325000
9412		-7.475000
9413		-8.156250
9414		-8.743750
9415		-9.431250
9416		-9.518750
9417		-10.318750
9418		-10.850000
9419		-11.562500
9420		-11.950000
9421		-12.212500
9422		-12.925000
9423		-13.693750
9424		-13.787500
9425		-14.675000
9426		-14.406250
9427		-14.231250
9428		-14.350000
9429		-13.993750
9430		-13.787500
9431		-12.868750
9432		-12.750000
9433		-12.450000
9434		-12.362500
9435		-12.068750
9436		-11.681250
9437		-11.562500
9438		-11.531250
9439		-11.562500
9440		-11.412500
9441		-11.412500
9442		-11.593750
9443		-11.831250
9444		-11.475000
9445		-11.268750
9446		-11.150000
9447		-11.268750
9448		-11.293750
9449		-11.056250
9450		-11.237500
9451		-11.031250
9452		-11.356250
9453		-10.762500
9454		-11.000000
9455		-10.968750
9456		-10.793750
9457		-10.050000
9458		-9.962500
9459		-10.050000
9460		-9.637500
9461		-9.637500
9462		-8.837500
9463		-8.956250
9464		-8.956250
9465		-7.918750
9466		-8.181250
9467		-7.975000
9468		-8.006250
9469		-7.618750
9470		-7.943750
9471		-7.943750
9472		-8.181250
9473		-8.656250
9474		-9.162500
9475		-9.725000
9476		-9.993750
9477		-10.581250
9478		-11.206250
9479		-11.381250
9480		-11.681250
9481		-11.831250
9482		-11.800000
9483		-11.975000
9484		-11.950000
9485		-11.531250
9486		-11.325000
9487		-10.881250
9488		-10.818750
9489		-10.406250
9490		-10.375000
9491		-10.112500
9492		-9.993750
9493		-9.812500
9494		-9.756250
9495		-10.375000
9496		-10.493750
9497		-10.231250
9498		-10.881250
9499		-11.268750
9500		-11.118750
9501		-11.562500
9502		-11.975000
9503		-12.512500
9504		-12.568750
9505		-12.243750
9506		-12.156250
9507		-12.450000
9508		-12.450000
9509		-11.887500
9510		-11.712500
9511		-11.562500
9512		-11.175000
9513		-10.256250
9514		-9.456250
9515		-8.600000
9516		-8.006250
9517		-7.412500
9518		-6.643750
9519		-6.881250
9520		-7.087500
9521		-7.681250
9522		-8.275000
9523		-9.487500
9524		-10.675000
9525		-11.175000
9526		-12.093750
9527		-12.750000
9528		-12.893750
9529		-12.450000
9530		-12.068750
9531		-11.831250
9532		-11.206250
9533		-11.325000
9534		-11.831250
9535		-12.537500
9536		-13.400000
9537		-14.762500
9538		-15.625000
9539		-16.718750
9540		-16.900000
9541		-17.637501
9542		-16.900000
9543		-16.362499
9544		-15.506250
9545		-14.525000
9546		-12.656250
9547		-10.968750
9548		-9.637500
9549		-8.062500
9550		-6.762500
9551		-5.781250
9552		-5.487500
9553		-5.187500
9554		-5.337500
9555		-4.981250
9556		-5.543750
9557		-5.931250
9558		-6.437500
9559		-6.668750
9560		-7.412500
9561		-7.975000
9562		-8.743750
9563		-8.718750
9564		-9.312500
9565		-9.312500
9566		-9.100000
9567		-8.893750
9568		-8.743750
9569		-8.300000
9570		-8.212500
9571		-7.681250
9572		-7.237500
9573		-6.968750
9574		-6.968750
9575		-7.118750
9576		-7.531250
9577		-8.156250
9578		-8.656250
9579		-9.193750
9580		-9.637500
9581		-10.256250
9582		-10.375000
9583		-10.375000
9584		-10.525000
9585		-10.937500
9586		-10.643750
9587		-10.675000
9588		-11.118750
9589		-11.118750
9590		-11.031250
9591		-10.937500
9592		-10.581250
9593		-9.756250
9594		-9.575000
9595		-8.656250
9596		-8.275000
9597		-7.325000
9598		-6.493750
9599		-6.287500
9600		-6.225000
9601		-6.287500
9602		-6.850000
9603		-7.918750
9604		-8.862500
9605		-9.606250
9606		-10.375000
9607		-11.087500
9608		-11.381250
9609		-11.500000
9610		-11.531250
9611		-11.118750
9612		-11.087500
9613		-10.168750
9614		-9.456250
9615		-8.775000
9616		-8.212500
9617		-8.568750
9618		-8.125000
9619		-7.825000
9620		-7.943750
9621		-8.537500
9622		-8.275000
9623		-8.418750
9624		-8.537500
9625		-8.156250
9626		-8.125000
9627		-7.500000
9628		-7.325000
9629		-7.325000
9630		-6.731250
9631		-6.137500
9632		-5.987500
9633		-5.637500
9634		-5.781250
9635		-5.693750
9636		-5.843750
9637		-6.525000
9638		-7.025000
9639		-6.906250
9640		-7.475000
9641		-7.918750
9642		-8.156250
9643		-8.450000
9644		-8.806250
9645		-8.625000
9646		-8.862500
9647		-8.568750
9648		-8.718750
9649		-8.893750
9650		-9.543750
9651		-9.575000
9652		-9.812500
9653		-10.112500
9654		-10.081250
9655		-10.375000
9656		-10.493750
9657		-10.818750
9658		-10.581250
9659		-10.612500
9660		-10.375000
9661		-10.375000
9662		-10.081250
9663		-9.900000
9664		-9.781250
9665		-10.200000
9666		-9.756250
9667		-9.400000
9668		-9.043750
9669		-8.862500
9670		-8.393750
9671		-7.975000
9672		-8.062500
9673		-7.443750
9674		-6.937500
9675		-7.000000
9676		-7.000000
9677		-6.731250
9678		-6.881250
9679		-7.237500
9680		-7.262500
9681		-7.706250
9682		-7.768750
9683		-7.856250
9684		-8.062500
9685		-7.856250
9686		-7.587500
9687		-7.887500
9688		-7.800000
9689		-7.706250
9690		-7.443750
9691		-7.087500
9692		-6.881250
9693		-6.343750
9694		-5.987500
9695		-6.018750
9696		-5.218750
9697		-5.043750
9698		-4.362500
9699		-4.362500
9700		-3.975000
9701		-3.231250
9702		-3.381250
9703		-3.468750
9704		-3.531250
9705		-3.737500
9706		-4.300000
9707		-4.687500
9708		-4.718750
9709		-4.806250
9710		-5.337500
9711		-5.043750
9712		-5.100000
9713		-4.950000
9714		-5.575000
9715		-4.981250
9716		-4.806250
9717		-4.743750
9718		-5.131250
9719		-5.693750
9720		-5.931250
9721		-5.750000
9722		-6.081250
9723		-6.612500
9724		-6.818750
9725		-6.881250
9726		-7.025000
9727		-6.818750
9728		-6.787500
9729		-6.762500
9730		-6.612500
9731		-6.462500
9732		-6.437500
9733		-6.375000
9734		-6.318750
9735		-6.437500
9736		-5.962500
9737		-5.931250
9738		-5.637500
9739		-5.693750
9740		-5.281250
9741		-5.187500
9742		-4.481250
9743		-4.362500
9744		-4.062500
9745		-3.706250
9746		-3.262500
9747		-3.231250
9748		-3.143750
9749		-3.087500
9750		-3.175000
9751		-4.062500
9752		-3.587500
9753		-3.681250
9754		-4.062500
9755		-4.150000
9756		-3.793750
9757		-4.212500
9758		-4.656250
9759		-4.925000
9760		-5.187500
9761		-5.068750
9762		-4.981250
9763		-5.187500
9764		-5.487500
9765		-5.575000
9766		-5.637500
9767		-5.400000
9768		-5.750000
9769		-5.250000
9770		-4.950000
9771		-5.012500
9772		-4.506250
9773		-4.006250
9774		-4.181250
9775		-3.737500
9776		-3.587500
9777		-3.175000
9778		-3.231250
9779		-3.412500
9780		-3.618750
9781		-3.681250
9782		-3.887500
9783		-4.537500
9784		-4.506250
9785		-4.893750
9786		-4.862500
9787		-4.862500
9788		-4.925000
9789		-4.656250
9790		-4.268750
9791		-3.975000
9792		-3.825000
9793		-3.262500
9794		-2.993750
9795		-2.993750
9796		-2.550000
9797		-2.193750
9798		-2.168750
9799		-2.193750
9800		-2.431250
9801		-3.056250
9802		-3.412500
9803		-4.537500
9804		-4.862500
9805		-5.281250
9806		-6.318750
9807		-7.237500
9808		-7.143750
9809		-7.381250
9810		-7.175000
9811		-7.706250
9812		-7.475000
9813		-7.118750
9814		-6.937500
9815		-6.256250
9816		-5.843750
9817		-5.487500
9818		-4.568750
9819		-4.006250
9820		-3.325000
9821		-2.643750
9822		-1.606250
9823		-0.831250
9824		-0.062500
9825		0.443750
9826		0.918750
9827		1.212500
9828		0.618750
9829		0.975000
9830		0.325000
9831		0.206250
9832		-0.331250
9833		-1.012500
9834		-1.456250
9835		-1.781250
9836		-1.931250
9837		-2.075000
9838		-1.931250
9839		-1.425000
9840		-0.806250
9841		-0.743750
9842		-0.593750
9843		-0.331250
9844		0.231250
9845		-0.093750
9846		0.531250
9847		0.056250
9848		0.587500
9849		0.143750
9850		0.175000
9851		0.025000
9852		-0.150000
9853		-0.450000
9854		-0.356250
9855		-0.625000
9856		-0.712500
9857		-1.156250
9858		-1.100000
9859		-1.868750
9860		-2.375000
9861		-2.343750
9862		-2.906250
9863		-3.293750
9864		-3.562500
9865		-4.006250
9866		-4.300000
9867		-4.181250
9868		-4.300000
9869		-4.031250
9870		-3.562500
9871		-3.206250
9872		-2.668750
9873		-2.193750
9874		-2.075000
9875		-1.693750
9876		-1.487500
9877		-1.393750
9878		-1.100000
9879		-0.862500
9880		-0.775000
9881		-0.893750
9882		-1.037500
9883		-0.506250
9884		-0.506250
9885		-0.356250
9886		-0.212500
9887		-0.150000
9888		-0.387500
9889		-0.300000
9890		-0.062500
9891		-0.268750
9892		-0.268750
9893		-0.212500
9894		-0.593750
9895		-0.625000
9896		-1.131250
9897		-0.712500
9898		-0.806250
9899		-0.450000
9900		-0.593750
9901		-0.356250
9902		-0.118750
9903		0.143750
9904		0.325000
9905		0.531250
9906		0.825000
9907		0.943750
9908		1.150000
9909		0.856250
9910		1.481250
9911		1.243750
9912		1.243750
9913		2.100000
9914		2.187500
9915		2.543750
9916		2.518750
9917		2.281250
9918		2.281250
9919		2.012500
9920		1.743750
9921		1.450000
9922		1.125000
9923		0.293750
9924		0.468750
9925		0.000000
9926		-0.062500
9927		-0.150000
9928		-0.418750
9929		-0.418750
9930		-0.593750
9931		-0.656250
9932		-0.712500
9933		-0.356250
9934		-0.593750
9935		-0.593750
9936		0.087500
9937		0.412500
9938		0.531250
9939		1.600000
9940		1.981250
9941		2.575000
9942		3.375000
9943		3.525000
9944		4.237500
9945		4.562500
9946		4.143750
9947		3.968750
9948		3.493750
9949		2.725000
9950		2.012500
9951		1.031250
9952		-0.268750
9953		-1.068750
9954		-1.781250
9955		-2.375000
9956		-2.906250
9957		-2.581250
9958		-2.875000
9959		-2.375000
9960		-1.843750
9961		-0.806250
9962		-0.331250
9963		0.800000
9964		1.656250
9965		2.487500
9966		3.581250
9967		4.475000
9968		4.412500
9969		5.331250
9970		5.743750
9971		5.837500
9972		5.743750
9973		5.687500
9974		5.981250
9975		5.181250
9976		5.125000
9977		4.856250
9978		4.237500
9979		4.443750
9980		4.712500
9981		4.443750
9982		4.768750
9983		5.181250
9984		5.481250
9985		5.775000
9986		6.075000
9987		6.250000
9988		6.575000
9989		6.693750
9990		7.050000
9991		6.662500
9992		7.050000
9993		6.662500
9994		6.606250
9995		6.456250
9996		5.862500
9997		5.181250
9998		4.531250
9999		3.287500
10000		2.306250
