Channel              :		CH1
Frequency            :		53.19Hz
Period               :		18.80ms
PK-PK                :		71.70mV
Average              :		4.095mV
Vertical pos         :		1.000000mV
Probe attenuation    :		1X
Voltage per ADC value:		0.001563mV
Time interval        :		20.00000uS

index		CH1_Voltage(mV)
1		2.306250
2		1.331250
3		0.468750
4		-0.356250
5		-0.450000
6		-0.450000
7		-0.062500
8		-1.100000
9		-0.418750
10		-1.512500
11		-1.250000
12		-1.487500
13		-1.012500
14		-0.712500
15		-0.743750
16		-0.712500
17		-1.368750
18		-1.725000
19		-2.256250
20		-3.468750
21		-3.587500
22		-3.825000
23		-2.762500
24		-3.443750
25		-2.850000
26		-2.406250
27		-2.787500
28		-3.206250
29		-4.656250
30		-5.575000
31		-6.137500
32		-6.106250
33		-6.343750
34		-6.612500
35		-7.237500
36		-7.325000
37		-7.206250
38		-7.381250
39		-7.681250
40		-8.331250
41		-8.925000
42		-9.100000
43		-9.162500
44		-9.431250
45		-9.218750
46		-9.637500
47		-9.931250
48		-9.100000
49		-9.312500
50		-8.718750
51		-9.193750
52		-9.281250
53		-8.893750
54		-9.043750
55		-9.281250
56		-8.775000
57		-9.756250
58		-9.012500
59		-9.518750
60		-9.518750
61		-9.931250
62		-9.662500
63		-10.525000
64		-10.137500
65		-11.325000
66		-10.612500
67		-11.237500
68		-11.268750
69		-11.800000
70		-11.768750
71		-12.750000
72		-12.512500
73		-12.393750
74		-11.887500
75		-12.393750
76		-11.975000
77		-11.831250
78		-12.006250
79		-11.712500
80		-11.768750
81		-12.331250
82		-11.562500
83		-12.125000
84		-12.418750
85		-12.275000
86		-11.650000
87		-11.712500
88		-11.562500
89		-10.968750
90		-10.762500
91		-10.793750
92		-11.268750
93		-11.268750
94		-12.037500
95		-12.775000
96		-13.456250
97		-14.143750
98		-13.875000
99		-13.993750
100		-15.175000
101		-15.950000
102		-16.600000
103		-17.462500
104		-18.231251
105		-18.200001
106		-17.668751
107		-15.981250
108		-15.800000
109		-14.912500
110		-15.887500
111		-16.481251
112		-17.250000
113		-17.581249
114		-18.200001
115		-17.637501
116		-17.043751
117		-15.831250
118		-15.981250
119		-16.243750
120		-17.637501
121		-18.262501
122		-19.356251
123		-19.537500
124		-18.468750
125		-16.781250
126		-14.556250
127		-12.775000
128		-11.681250
129		-11.475000
130		-12.212500
131		-12.450000
132		-13.281250
133		-14.025000
134		-15.981250
135		-16.956249
136		-18.112499
137		-19.031250
138		-20.006250
139		-19.387501
140		-18.943750
141		-18.143749
142		-16.924999
143		-16.806250
144		-17.400000
145		-17.400000
146		-19.475000
147		-20.600000
148		-22.437500
149		-23.568750
150		-24.187500
151		-24.275000
152		-24.218750
153		-23.475000
154		-22.412500
155		-20.424999
156		-18.643749
157		-16.393749
158		-14.943750
159		-13.993750
160		-15.031250
161		-16.662500
162		-18.049999
163		-18.406250
164		-19.862499
165		-19.325001
166		-18.881250
167		-18.318750
168		-17.606251
169		-17.106251
170		-17.993750
171		-17.725000
172		-18.318750
173		-18.618750
174		-19.775000
175		-21.431250
176		-23.118750
177		-24.368750
178		-25.668751
179		-26.174999
180		-25.850000
181		-24.750000
182		-24.037500
183		-22.975000
184		-22.856251
185		-21.993750
186		-22.437500
187		-22.437500
188		-21.787500
189		-22.381250
190		-22.143749
191		-21.993750
192		-21.906250
193		-21.312500
194		-20.306250
195		-19.299999
196		-18.825001
197		-18.049999
198		-17.756250
199		-17.843750
200		-18.737499
201		-18.943750
202		-19.356251
203		-20.306250
204		-21.256250
205		-21.637501
206		-22.706249
207		-23.093750
208		-22.587500
209		-22.825001
210		-22.143749
211		-21.700001
212		-20.956249
213		-20.631250
214		-19.775000
215		-20.631250
216		-19.743750
217		-19.418751
218		-18.525000
219		-18.587500
220		-18.262501
221		-17.700001
222		-17.518749
223		-17.343750
224		-16.275000
225		-16.662500
226		-15.831250
227		-16.306250
228		-16.568750
229		-16.868750
230		-17.018749
231		-17.462500
232		-17.637501
233		-19.000000
234		-19.387501
235		-19.862499
236		-20.393749
237		-20.218750
238		-21.106251
239		-21.637501
240		-21.193750
241		-21.256250
242		-21.493750
243		-21.843750
244		-21.343750
245		-21.581249
246		-21.043751
247		-20.068750
248		-19.087500
249		-19.325001
250		-18.262501
251		-18.025000
252		-17.400000
253		-17.400000
254		-16.750000
255		-17.700001
256		-17.549999
257		-18.381250
258		-18.025000
259		-18.525000
260		-18.437500
261		-18.706249
262		-19.031250
263		-19.031250
264		-18.350000
265		-19.181250
266		-18.825001
267		-18.881250
268		-18.525000
269		-17.343750
270		-17.606251
271		-16.900000
272		-16.600000
273		-16.362499
274		-16.125000
275		-16.006250
276		-15.562500
277		-15.175000
278		-14.881250
279		-14.406250
280		-14.081250
281		-13.012500
282		-13.106250
283		-12.893750
284		-12.068750
285		-12.306250
286		-11.443750
287		-11.118750
288		-10.968750
289		-10.968750
290		-11.118750
291		-10.912500
292		-11.562500
293		-11.325000
294		-11.856250
295		-11.768750
296		-11.356250
297		-11.118750
298		-10.612500
299		-10.050000
300		-10.112500
301		-9.075000
302		-8.512500
303		-7.768750
304		-7.118750
305		-6.375000
306		-5.750000
307		-4.600000
308		-4.743750
309		-4.181250
310		-4.481250
311		-3.443750
312		-3.768750
313		-2.906250
314		-3.856250
315		-4.537500
316		-5.100000
317		-4.687500
318		-4.568750
319		-3.087500
320		-3.681250
321		-3.562500
322		-3.768750
323		-2.850000
324		-2.875000
325		-2.106250
326		-1.543750
327		-0.925000
328		-1.012500
329		-0.387500
330		-0.418750
331		-0.062500
332		0.025000
333		-0.150000
334		-1.250000
335		-1.843750
336		-2.225000
337		-1.543750
338		-2.818750
339		-3.531250
340		-2.731250
341		-2.375000
342		-2.850000
343		-2.762500
344		-3.231250
345		-3.112500
346		-3.087500
347		-2.550000
348		-2.525000
349		-2.431250
350		-1.456250
351		-0.450000
352		0.325000
353		1.243750
354		2.162500
355		2.843750
356		3.318750
357		3.256250
358		3.343750
359		4.618750
360		4.531250
361		4.975000
362		5.418750
363		4.531250
364		4.325000
365		3.437500
366		2.543750
367		2.543750
368		2.400000
369		1.950000
370		1.950000
371		1.600000
372		1.181250
373		0.975000
374		0.825000
375		0.562500
376		0.293750
377		0.262500
378		0.468750
379		0.531250
380		1.006250
381		0.887500
382		1.181250
383		0.175000
384		0.975000
385		0.325000
386		0.468750
387		0.587500
388		1.656250
389		0.975000
390		1.181250
391		1.268750
392		2.068750
393		1.568750
394		2.900000
395		1.687500
396		2.012500
397		1.806250
398		2.218750
399		0.975000
400		1.125000
401		0.943750
402		0.681250
403		0.381250
404		0.381250
405		-0.450000
406		-0.475000
407		-0.862500
408		-0.806250
409		-1.631250
410		-0.893750
411		-2.137500
412		-1.781250
413		-2.850000
414		-2.075000
415		-2.137500
416		-1.631250
417		-1.750000
418		-1.812500
419		-1.693750
420		-1.631250
421		-1.100000
422		-0.831250
423		-1.487500
424		-1.843750
425		-2.731250
426		-1.693750
427		-2.343750
428		-1.956250
429		-2.581250
430		-2.581250
431		-2.968750
432		-1.750000
433		-2.256250
434		-1.931250
435		-1.843750
436		-1.693750
437		-1.543750
438		-1.275000
439		-1.250000
440		-1.631250
441		-1.606250
442		-1.393750
443		-1.068750
444		-0.656250
445		-0.331250
446		0.231250
447		-0.062500
448		-0.806250
449		-0.118750
450		-0.118750
451		-0.743750
452		-1.100000
453		-1.306250
454		-1.781250
455		-1.843750
456		-3.025000
457		-3.087500
458		-4.212500
459		-3.231250
460		-4.981250
461		-5.100000
462		-5.368750
463		-5.962500
464		-5.606250
465		-5.962500
466		-6.643750
467		-6.968750
468		-7.443750
469		-7.500000
470		-7.475000
471		-7.475000
472		-8.125000
473		-7.531250
474		-7.175000
475		-7.500000
476		-8.156250
477		-7.975000
478		-8.156250
479		-7.650000
480		-8.300000
481		-7.381250
482		-7.237500
483		-6.375000
484		-7.650000
485		-7.887500
486		-7.825000
487		-8.006250
488		-8.393750
489		-7.768750
490		-8.181250
491		-6.968750
492		-7.087500
493		-6.787500
494		-8.362500
495		-8.450000
496		-9.962500
497		-10.643750
498		-11.412500
499		-11.475000
500		-10.968750
501		-10.937500
502		-11.000000
503		-10.968750
504		-11.531250
505		-10.612500
506		-10.731250
507		-10.581250
508		-10.231250
509		-9.456250
510		-9.812500
511		-9.400000
512		-10.437500
513		-10.675000
514		-10.793750
515		-10.437500
516		-9.993750
517		-8.450000
518		-8.062500
519		-6.937500
520		-7.356250
521		-6.462500
522		-7.443750
523		-6.881250
524		-7.562500
525		-6.668750
526		-7.175000
527		-6.081250
528		-6.818750
529		-5.487500
530		-6.343750
531		-5.900000
532		-5.606250
533		-5.693750
534		-5.131250
535		-5.131250
536		-4.537500
537		-4.150000
538		-4.006250
539		-4.062500
540		-3.825000
541		-3.706250
542		-3.681250
543		-3.350000
544		-2.968750
545		-2.668750
546		-2.431250
547		-2.018750
548		-2.075000
549		-1.931250
550		-1.750000
551		-2.287500
552		-2.106250
553		-2.193750
554		-2.581250
555		-2.643750
556		-2.312500
557		-2.525000
558		-2.343750
559		-1.900000
560		-1.781250
561		-2.137500
562		-2.525000
563		-2.462500
564		-1.750000
565		-2.287500
566		-1.662500
567		-2.193750
568		-1.393750
569		-0.831250
570		0.175000
571		-0.775000
572		-0.031250
573		0.681250
574		1.181250
575		1.125000
576		1.925000
577		2.068750
578		2.693750
579		2.487500
580		2.843750
581		3.406250
582		4.593750
583		4.737500
584		5.362500
585		5.362500
586		4.650000
587		3.675000
588		4.087500
589		3.200000
590		3.906250
591		3.675000
592		4.356250
593		3.137500
594		3.256250
595		1.718750
596		1.625000
597		1.656250
598		2.250000
599		2.425000
600		3.168750
601		4.000000
602		5.037500
603		4.768750
604		4.175000
605		4.056250
606		3.675000
607		3.850000
608		4.825000
609		5.212500
610		6.756250
611		6.693750
612		7.050000
613		6.162500
614		5.862500
615		4.475000
616		4.887500
617		5.775000
618		7.912500
619		9.868750
620		12.300000
621		13.243750
622		13.450000
623		13.600000
624		13.125000
625		12.743750
626		11.643750
627		11.025000
628		9.512500
629		7.675000
630		6.812500
631		6.843750
632		6.900000
633		7.112500
634		8.831250
635		9.656250
636		10.368750
637		9.868750
638		8.737500
639		7.112500
640		5.718750
641		4.087500
642		3.137500
643		2.781250
644		2.162500
645		2.306250
646		2.987500
647		4.443750
648		6.550000
649		8.618750
650		10.225000
651		12.087500
652		12.031250
653		11.643750
654		10.075000
655		8.681250
656		8.618750
657		8.056250
658		8.562500
659		9.362500
660		9.512500
661		10.518750
662		10.787500
663		11.200000
664		11.081250
665		11.050000
666		10.012500
667		9.362500
668		7.793750
669		7.050000
670		5.631250
671		4.768750
672		4.356250
673		5.181250
674		5.362500
675		7.525000
676		8.325000
677		9.868750
678		10.456250
679		11.287500
680		10.400000
681		10.431250
682		11.200000
683		10.637500
684		10.906250
685		12.062500
686		12.031250
687		13.393750
688		13.806250
689		15.200000
690		15.262500
691		15.468750
692		15.406250
693		15.587500
694		14.250000
695		14.312500
696		13.481250
697		13.362500
698		12.087500
699		11.168750
700		10.906250
701		10.668750
702		10.812500
703		11.406250
704		11.556250
705		12.206250
706		12.506250
707		12.862500
708		13.450000
709		13.100000
710		13.393750
711		13.362500
712		13.750000
713		13.868750
714		14.637500
715		14.581250
716		15.231250
717		15.175000
718		15.737500
719		15.437500
720		15.468750
721		14.906250
722		14.993750
723		13.925000
724		13.900000
725		13.187500
726		12.831250
727		13.068750
728		12.681250
729		13.037500
730		13.068750
731		12.268750
732		12.531250
733		12.831250
734		12.475000
735		12.768750
736		13.425000
737		14.137500
738		15.287500
739		15.856250
740		16.743750
741		17.337500
742		18.462500
743		19.200001
744		20.893749
745		21.456249
746		21.931250
747		22.106251
748		22.287500
749		22.525000
750		22.818750
751		22.462500
752		22.850000
753		22.312500
754		22.462500
755		22.225000
756		22.906250
757		23.143749
758		23.943750
759		23.793751
760		25.337500
761		25.250000
762		25.631250
763		25.575001
764		27.500000
765		26.556250
766		27.650000
767		27.856251
768		28.299999
769		28.181250
770		29.218750
771		28.775000
772		29.337500
773		29.812500
774		29.875000
775		30.556250
776		31.031250
777		30.762501
778		31.056250
779		31.412500
780		31.737499
781		31.325001
782		30.556250
783		30.406250
784		30.525000
785		29.812500
786		29.637501
787		29.043751
788		29.131250
789		29.043751
790		29.487499
791		29.250000
792		29.424999
793		30.231251
794		30.200001
795		30.525000
796		30.912500
797		31.618750
798		32.987499
799		32.568748
800		32.924999
801		32.687500
802		32.775002
803		31.887501
804		31.950001
805		32.393749
806		32.481251
807		32.806252
808		32.631248
809		31.593750
810		32.393749
811		32.393749
812		32.093750
813		32.750000
814		32.156250
815		31.799999
816		32.450001
817		33.312500
818		33.250000
819		35.150002
820		34.112499
821		34.525002
822		34.375000
823		34.643749
824		34.049999
825		34.525002
826		34.025002
827		33.637501
828		33.250000
829		32.187500
830		32.006248
831		32.156250
832		31.356251
833		31.475000
834		30.968750
835		30.912500
836		30.375000
837		30.612499
838		29.575001
839		30.256250
840		30.137501
841		30.525000
842		30.287500
843		31.293751
844		31.056250
845		32.481251
846		32.924999
847		33.724998
848		34.025002
849		34.375000
850		34.912498
851		34.881248
852		34.912498
853		35.293751
854		35.206249
855		35.150002
856		34.825001
857		34.081249
858		33.575001
859		33.281250
860		31.950001
861		32.331249
862		31.618750
863		30.793751
864		29.781250
865		29.518749
866		28.481251
867		28.775000
868		28.243750
869		28.156250
870		27.887501
871		27.943750
872		27.562500
873		28.037500
874		27.650000
875		27.975000
876		27.825001
877		27.650000
878		28.212500
879		28.600000
880		28.656250
881		29.337500
882		29.162500
883		29.337500
884		29.575001
885		30.231251
886		30.525000
887		30.793751
888		31.356251
889		31.118750
890		30.200001
891		31.056250
892		30.643749
893		30.674999
894		30.731251
895		30.437500
896		30.018749
897		30.318750
898		29.725000
899		29.725000
900		28.981251
901		28.625000
902		28.956249
903		27.475000
904		27.618750
905		27.500000
906		26.850000
907		25.843750
908		26.612499
909		26.731251
910		26.762501
911		26.462500
912		26.700001
913		26.018749
914		25.781250
915		25.100000
916		24.268749
917		23.706249
918		23.112499
919		22.818750
920		22.462500
921		21.662500
922		21.512501
923		21.424999
924		21.012501
925		21.068750
926		21.575001
927		20.775000
928		21.131250
929		20.387501
930		20.475000
931		19.856251
932		20.181250
933		19.112499
934		19.500000
935		18.581249
936		19.025000
937		17.812500
938		18.756250
939		18.375000
940		19.437500
941		19.025000
942		19.112499
943		18.375000
944		17.837500
945		17.362499
946		16.681250
947		15.643750
948		14.993750
949		15.143750
950		14.368750
951		13.450000
952		12.625000
953		12.443750
954		10.931250
955		10.368750
956		10.400000
957		9.512500
958		9.956250
959		9.362500
960		8.918750
961		7.762500
962		8.000000
963		8.712500
964		7.937500
965		8.056250
966		8.087500
967		7.793750
968		7.200000
969		6.812500
970		6.550000
971		6.993750
972		5.956250
973		6.193750
974		6.043750
975		6.368750
976		6.662500
977		6.518750
978		5.568750
979		5.093750
980		5.275000
981		5.037500
982		5.156250
983		4.356250
984		5.656250
985		5.037500
986		4.618750
987		3.343750
988		2.250000
989		1.418750
990		0.887500
991		0.587500
992		0.412500
993		0.737500
994		0.443750
995		-0.450000
996		-0.062500
997		-0.806250
998		-0.625000
999		-0.031250
1000		0.856250
1001		0.768750
1002		0.825000
1003		1.031250
1004		0.087500
1005		-0.356250
1006		-1.393750
1007		-1.750000
1008		-1.843750
1009		-0.568750
1010		-0.568750
1011		0.825000
1012		0.087500
1013		0.887500
1014		0.381250
1015		-0.268750
1016		-0.712500
1017		-1.275000
1018		-2.075000
1019		-1.512500
1020		-2.018750
1021		-2.850000
1022		-1.987500
1023		-3.175000
1024		-4.006250
1025		-4.418750
1026		-5.100000
1027		-4.831250
1028		-5.693750
1029		-5.306250
1030		-6.318750
1031		-6.081250
1032		-6.081250
1033		-7.118750
1034		-7.706250
1035		-6.668750
1036		-6.787500
1037		-7.000000
1038		-7.262500
1039		-7.118750
1040		-8.062500
1041		-7.737500
1042		-8.512500
1043		-7.356250
1044		-8.243750
1045		-8.212500
1046		-8.981250
1047		-9.012500
1048		-8.893750
1049		-9.193750
1050		-8.600000
1051		-9.693750
1052		-9.543750
1053		-9.900000
1054		-10.287500
1055		-10.350000
1056		-10.318750
1057		-11.237500
1058		-10.081250
1059		-10.112500
1060		-10.493750
1061		-10.050000
1062		-9.725000
1063		-9.812500
1064		-9.637500
1065		-10.081250
1066		-9.637500
1067		-9.012500
1068		-9.518750
1069		-9.812500
1070		-9.012500
1071		-8.893750
1072		-8.862500
1073		-8.718750
1074		-8.568750
1075		-8.450000
1076		-8.418750
1077		-8.243750
1078		-8.062500
1079		-9.368750
1080		-10.081250
1081		-10.375000
1082		-11.087500
1083		-11.031250
1084		-11.918750
1085		-11.831250
1086		-13.193750
1087		-13.606250
1088		-15.087500
1089		-15.531250
1090		-16.187500
1091		-15.387500
1092		-14.912500
1093		-15.650000
1094		-13.931250
1095		-14.287500
1096		-14.350000
1097		-16.037500
1098		-15.325000
1099		-16.718750
1100		-16.393749
1101		-15.981250
1102		-15.237500
1103		-15.118750
1104		-14.468750
1105		-15.475000
1106		-16.750000
1107		-17.312500
1108		-17.668751
1109		-17.043751
1110		-16.750000
1111		-15.387500
1112		-13.456250
1113		-11.475000
1114		-10.881250
1115		-10.437500
1116		-10.375000
1117		-11.800000
1118		-11.856250
1119		-13.431250
1120		-14.200000
1121		-15.831250
1122		-16.568750
1123		-18.200001
1124		-18.706249
1125		-18.587500
1126		-17.487499
1127		-16.662500
1128		-16.125000
1129		-15.981250
1130		-16.306250
1131		-17.368750
1132		-18.912500
1133		-20.456249
1134		-22.231251
1135		-23.687500
1136		-23.831249
1137		-24.037500
1138		-23.356251
1139		-22.943750
1140		-22.350000
1141		-20.512501
1142		-18.737499
1143		-16.750000
1144		-15.593750
1145		-15.800000
1146		-16.212500
1147		-18.049999
1148		-18.825001
1149		-19.418751
1150		-19.506250
1151		-19.562500
1152		-18.287500
1153		-17.725000
1154		-17.581249
1155		-17.281250
1156		-16.900000
1157		-17.281250
1158		-16.806250
1159		-17.606251
1160		-18.143749
1161		-19.537500
1162		-20.987499
1163		-22.587500
1164		-23.506250
1165		-23.475000
1166		-24.068750
1167		-23.118750
1168		-21.906250
1169		-20.424999
1170		-20.275000
1171		-19.537500
1172		-19.181250
1173		-19.031250
1174		-19.562500
1175		-19.537500
1176		-19.831249
1177		-20.068750
1178		-19.418751
1179		-18.706249
1180		-17.787500
1181		-17.343750
1182		-16.956249
1183		-16.481251
1184		-16.543751
1185		-16.212500
1186		-16.568750
1187		-17.281250
1188		-18.081249
1189		-18.049999
1190		-18.968750
1191		-20.125000
1192		-21.193750
1193		-21.162500
1194		-21.462500
1195		-21.225000
1196		-20.924999
1197		-20.600000
1198		-20.218750
1199		-19.681250
1200		-19.356251
1201		-19.475000
1202		-19.862499
1203		-19.087500
1204		-18.968750
1205		-18.049999
1206		-18.793751
1207		-17.993750
1208		-17.787500
1209		-16.924999
1210		-16.956249
1211		-15.918750
1212		-16.006250
1213		-16.068750
1214		-16.781250
1215		-16.543751
1216		-17.637501
1217		-17.818750
1218		-17.549999
1219		-17.993750
1220		-18.525000
1221		-18.287500
1222		-18.737499
1223		-18.881250
1224		-18.350000
1225		-18.200001
1226		-18.525000
1227		-18.262501
1228		-18.762501
1229		-18.318750
1230		-17.937500
1231		-17.518749
1232		-17.487499
1233		-16.600000
1234		-16.424999
1235		-15.412500
1236		-15.268750
1237		-15.175000
1238		-14.881250
1239		-14.081250
1240		-15.031250
1241		-14.762500
1242		-15.062500
1243		-15.475000
1244		-16.125000
1245		-16.543751
1246		-16.718750
1247		-17.225000
1248		-17.018749
1249		-16.806250
1250		-17.106251
1251		-17.106251
1252		-16.750000
1253		-16.750000
1254		-16.068750
1255		-16.156250
1256		-16.512501
1257		-15.031250
1258		-15.000000
1259		-15.175000
1260		-15.062500
1261		-14.968750
1262		-15.031250
1263		-14.375000
1264		-13.931250
1265		-13.787500
1266		-13.456250
1267		-13.637500
1268		-13.162500
1269		-13.012500
1270		-13.012500
1271		-12.718750
1272		-11.768750
1273		-11.681250
1274		-11.325000
1275		-12.156250
1276		-11.768750
1277		-12.306250
1278		-12.568750
1279		-12.656250
1280		-12.450000
1281		-13.312500
1282		-12.450000
1283		-12.806250
1284		-12.125000
1285		-11.650000
1286		-10.881250
1287		-10.493750
1288		-10.050000
1289		-9.456250
1290		-8.893750
1291		-7.918750
1292		-6.731250
1293		-7.356250
1294		-6.700000
1295		-6.581250
1296		-6.937500
1297		-6.493750
1298		-5.725000
1299		-5.425000
1300		-5.187500
1301		-5.456250
1302		-5.662500
1303		-6.081250
1304		-4.568750
1305		-4.600000
1306		-3.681250
1307		-4.418750
1308		-4.331250
1309		-3.412500
1310		-2.762500
1311		-2.137500
1312		-0.656250
1313		-1.306250
1314		-0.212500
1315		-0.806250
1316		-0.593750
1317		-1.487500
1318		-0.831250
1319		-1.187500
1320		-1.275000
1321		-1.781250
1322		-2.937500
1323		-2.256250
1324		-3.325000
1325		-2.937500
1326		-3.531250
1327		-4.062500
1328		-4.268750
1329		-4.568750
1330		-4.687500
1331		-4.743750
1332		-5.487500
1333		-5.012500
1334		-5.100000
1335		-4.568750
1336		-4.568750
1337		-4.268750
1338		-3.293750
1339		-1.987500
1340		-1.012500
1341		-0.418750
1342		-0.268750
1343		0.443750
1344		0.500000
1345		1.806250
1346		0.531250
1347		1.718750
1348		1.656250
1349		1.331250
1350		1.506250
1351		1.062500
1352		0.618750
1353		0.325000
1354		-0.418750
1355		-0.475000
1356		-0.862500
1357		-1.131250
1358		-1.037500
1359		-0.893750
1360		-1.606250
1361		-1.750000
1362		-1.750000
1363		-0.862500
1364		-0.950000
1365		-0.150000
1366		-0.743750
1367		-0.331250
1368		-0.625000
1369		0.562500
1370		0.443750
1371		0.918750
1372		0.943750
1373		1.806250
1374		1.718750
1375		2.250000
1376		1.925000
1377		2.518750
1378		2.368750
1379		3.081250
1380		3.050000
1381		3.731250
1382		2.756250
1383		2.306250
1384		1.862500
1385		2.187500
1386		1.537500
1387		2.068750
1388		1.181250
1389		1.418750
1390		0.737500
1391		0.468750
1392		-0.237500
1393		0.056250
1394		-0.806250
1395		-0.712500
1396		-1.218750
1397		-2.075000
1398		-2.462500
1399		-2.787500
1400		-3.618750
1401		-3.381250
1402		-4.268750
1403		-4.181250
1404		-4.331250
1405		-3.825000
1406		-4.506250
1407		-3.912500
1408		-4.387500
1409		-4.450000
1410		-5.250000
1411		-4.981250
1412		-5.131250
1413		-5.368750
1414		-5.575000
1415		-5.693750
1416		-5.068750
1417		-5.131250
1418		-5.131250
1419		-4.362500
1420		-4.362500
1421		-4.806250
1422		-3.768750
1423		-4.125000
1424		-4.362500
1425		-4.212500
1426		-3.681250
1427		-3.887500
1428		-3.468750
1429		-2.668750
1430		-2.818750
1431		-2.875000
1432		-1.900000
1433		-2.581250
1434		-1.693750
1435		-2.343750
1436		-1.812500
1437		-2.525000
1438		-2.312500
1439		-2.968750
1440		-3.325000
1441		-4.506250
1442		-4.387500
1443		-5.012500
1444		-5.043750
1445		-6.050000
1446		-5.750000
1447		-5.987500
1448		-6.437500
1449		-7.381250
1450		-7.531250
1451		-8.037500
1452		-7.706250
1453		-7.800000
1454		-7.293750
1455		-9.043750
1456		-8.537500
1457		-8.837500
1458		-8.568750
1459		-8.481250
1460		-8.450000
1461		-8.093750
1462		-8.625000
1463		-8.956250
1464		-9.075000
1465		-9.543750
1466		-8.418750
1467		-9.043750
1468		-7.325000
1469		-7.650000
1470		-7.293750
1471		-7.325000
1472		-8.537500
1473		-9.431250
1474		-8.181250
1475		-8.418750
1476		-7.531250
1477		-8.006250
1478		-7.175000
1479		-8.393750
1480		-8.568750
1481		-9.193750
1482		-10.137500
1483		-11.206250
1484		-11.712500
1485		-11.618750
1486		-11.831250
1487		-10.937500
1488		-11.031250
1489		-12.006250
1490		-12.568750
1491		-12.125000
1492		-11.031250
1493		-10.793750
1494		-9.662500
1495		-9.781250
1496		-10.375000
1497		-11.237500
1498		-11.475000
1499		-11.712500
1500		-11.800000
1501		-11.356250
1502		-11.412500
1503		-11.412500
1504		-10.050000
1505		-8.893750
1506		-9.043750
1507		-9.456250
1508		-9.900000
1509		-10.112500
1510		-10.493750
1511		-9.487500
1512		-10.350000
1513		-10.050000
1514		-9.693750
1515		-10.200000
1516		-9.162500
1517		-9.606250
1518		-9.193750
1519		-9.337500
1520		-8.893750
1521		-8.568750
1522		-8.568750
1523		-8.300000
1524		-8.600000
1525		-8.156250
1526		-8.125000
1527		-6.787500
1528		-6.581250
1529		-6.168750
1530		-6.050000
1531		-5.637500
1532		-5.187500
1533		-4.450000
1534		-5.162500
1535		-4.243750
1536		-3.887500
1537		-3.293750
1538		-4.268750
1539		-4.212500
1540		-4.331250
1541		-4.006250
1542		-3.856250
1543		-3.468750
1544		-3.887500
1545		-3.262500
1546		-3.262500
1547		-3.350000
1548		-3.443750
1549		-3.531250
1550		-3.562500
1551		-3.112500
1552		-2.850000
1553		-3.175000
1554		-2.968750
1555		-2.643750
1556		-2.525000
1557		-1.843750
1558		-1.606250
1559		-0.862500
1560		-0.418750
1561		-0.268750
1562		-0.506250
1563		-0.387500
1564		-0.268750
1565		0.443750
1566		0.918750
1567		1.031250
1568		2.425000
1569		2.843750
1570		2.368750
1571		2.987500
1572		2.281250
1573		1.481250
1574		1.331250
1575		2.012500
1576		1.537500
1577		1.506250
1578		1.981250
1579		1.718750
1580		0.887500
1581		-0.506250
1582		-0.418750
1583		-0.950000
1584		0.143750
1585		0.825000
1586		2.131250
1587		2.337500
1588		3.106250
1589		2.756250
1590		2.306250
1591		1.687500
1592		1.862500
1593		1.418750
1594		2.781250
1595		3.850000
1596		4.206250
1597		4.825000
1598		4.737500
1599		3.287500
1600		3.287500
1601		2.306250
1602		3.675000
1603		4.825000
1604		6.550000
1605		8.237500
1606		9.925000
1607		11.050000
1608		11.437500
1609		11.231250
1610		11.437500
1611		10.668750
1612		10.368750
1613		9.037500
1614		7.018750
1615		5.981250
1616		5.275000
1617		4.768750
1618		5.718750
1619		7.437500
1620		8.150000
1621		8.856250
1622		9.362500
1623		8.975000
1624		7.881250
1625		6.218750
1626		4.975000
1627		3.406250
1628		3.106250
1629		2.012500
1630		2.756250
1631		2.543750
1632		3.437500
1633		5.181250
1634		7.468750
1635		9.806250
1636		11.143750
1637		11.943750
1638		12.150000
1639		10.962500
1640		9.987500
1641		8.712500
1642		7.850000
1643		7.437500
1644		8.531250
1645		8.681250
1646		9.243750
1647		9.925000
1648		10.456250
1649		10.812500
1650		10.906250
1651		9.306250
1652		9.806250
1653		7.643750
1654		6.962500
1655		4.943750
1656		3.493750
1657		3.581250
1658		3.581250
1659		4.262500
1660		5.212500
1661		6.162500
1662		7.912500
1663		9.125000
1664		9.275000
1665		9.425000
1666		9.631250
1667		9.568750
1668		9.537500
1669		9.806250
1670		10.693750
1671		11.793750
1672		12.031250
1673		13.218750
1674		13.868750
1675		14.668750
1676		15.737500
1677		16.118750
1678		16.299999
1679		16.325001
1680		15.737500
1681		15.175000
1682		14.637500
1683		13.393750
1684		12.918750
1685		12.887500
1686		12.087500
1687		12.325000
1688		12.443750
1689		12.887500
1690		13.275000
1691		13.925000
1692		14.343750
1693		15.081250
1694		14.993750
1695		14.668750
1696		15.056250
1697		15.175000
1698		15.025000
1699		15.912500
1700		16.418751
1701		16.387501
1702		16.593750
1703		17.424999
1704		17.218750
1705		17.600000
1706		16.562500
1707		16.537500
1708		15.943750
1709		15.881250
1710		15.587500
1711		15.200000
1712		14.550000
1713		14.018750
1714		13.393750
1715		13.806250
1716		12.650000
1717		12.743750
1718		12.300000
1719		13.306250
1720		12.681250
1721		13.275000
1722		13.275000
1723		14.225000
1724		14.018750
1725		15.112500
1726		15.468750
1727		16.537500
1728		17.362499
1729		18.256250
1730		18.968750
1731		19.887501
1732		20.093750
1733		19.943750
1734		19.556250
1735		19.887501
1736		19.056250
1737		20.181250
1738		19.793751
1739		20.000000
1740		20.268749
1741		20.775000
1742		20.687500
1743		21.012501
1744		20.775000
1745		22.312500
1746		21.868750
1747		22.731251
1748		23.174999
1749		24.093750
1750		24.625000
1751		25.456249
1752		26.256250
1753		26.137501
1754		26.437500
1755		27.799999
1756		27.587500
1757		28.481251
1758		29.312500
1759		29.368750
1760		29.993750
1761		30.406250
1762		30.556250
1763		30.968750
1764		31.381250
1765		31.593750
1766		31.681250
1767		31.650000
1768		31.681250
1769		31.356251
1770		31.268749
1771		31.356251
1772		30.912500
1773		30.881250
1774		30.674999
1775		30.612499
1776		30.762501
1777		31.056250
1778		31.150000
1779		32.037498
1780		31.975000
1781		31.356251
1782		32.687500
1783		33.193748
1784		33.575001
1785		34.375000
1786		34.437500
1787		34.112499
1788		34.375000
1789		33.875000
1790		34.025002
1791		33.962502
1792		34.525002
1793		33.756248
1794		33.549999
1795		32.987499
1796		33.549999
1797		33.875000
1798		33.931252
1799		33.668751
1800		33.549999
1801		32.893749
1802		33.075001
1803		34.556252
1804		34.762501
1805		35.174999
1806		35.268749
1807		34.643749
1808		34.525002
1809		34.912498
1810		35.268749
1811		35.237499
1812		35.174999
1813		34.437500
1814		34.231251
1815		33.549999
1816		33.193748
1817		32.924999
1818		32.718750
1819		32.331249
1820		32.093750
1821		31.475000
1822		32.006248
1823		31.650000
1824		31.950001
1825		32.362499
1826		32.243752
1827		32.393749
1828		33.106251
1829		33.193748
1830		34.081249
1831		34.825001
1832		35.918751
1833		35.950001
1834		36.393749
1835		36.781250
1836		36.837502
1837		36.687500
1838		37.281250
1839		37.131248
1840		36.956249
1841		36.306252
1842		35.981251
1843		35.118752
1844		34.468750
1845		33.962502
1846		33.337502
1847		32.656250
1848		32.212502
1849		31.593750
1850		30.850000
1851		30.493750
1852		29.931250
1853		30.200001
1854		30.049999
1855		29.900000
1856		29.662500
1857		28.743750
1858		29.725000
1859		30.112499
1860		29.662500
1861		30.081249
1862		29.518749
1863		29.456249
1864		29.725000
1865		29.662500
1866		29.518749
1867		29.575001
1868		29.312500
1869		29.312500
1870		29.781250
1871		29.662500
1872		30.049999
1873		30.731251
1874		30.462500
1875		30.200001
1876		30.168751
1877		30.081249
1878		29.337500
1879		29.193750
1880		29.218750
1881		29.693750
1882		29.575001
1883		28.806250
1884		28.299999
1885		28.393749
1886		27.475000
1887		27.856251
1888		27.500000
1889		26.906250
1890		26.462500
1891		26.018749
1892		25.868750
1893		25.868750
1894		25.187500
1895		26.318750
1896		25.662500
1897		26.612499
1898		25.868750
1899		26.968750
1900		24.687500
1901		24.981251
1902		24.743750
1903		24.893749
1904		24.625000
1905		24.362499
1906		23.412500
1907		23.618750
1908		23.143749
1909		23.350000
1910		23.143749
1911		23.206249
1912		22.525000
1913		23.681250
1914		22.525000
1915		22.762501
1916		21.781250
1917		21.662500
1918		20.831249
1919		20.893749
1920		21.131250
1921		21.306250
1922		21.131250
1923		21.868750
1924		20.918751
1925		21.424999
1926		20.537500
1927		20.268749
1928		20.237499
1929		20.000000
1930		19.887501
1931		18.993750
1932		18.018749
1933		17.868750
1934		16.537500
1935		15.587500
1936		15.975000
1937		14.225000
1938		13.806250
1939		12.712500
1940		11.731250
1941		11.675000
1942		11.200000
1943		11.200000
1944		10.250000
1945		9.893750
1946		8.618750
1947		8.737500
1948		8.325000
1949		8.175000
1950		7.937500
1951		7.818750
1952		7.731250
1953		7.375000
1954		7.200000
1955		6.550000
1956		5.956250
1957		5.837500
1958		6.250000
1959		6.312500
1960		6.725000
1961		6.400000
1962		7.050000
1963		6.606250
1964		6.131250
1965		5.418750
1966		5.481250
1967		4.975000
1968		5.893750
1969		5.656250
1970		6.693750
1971		5.568750
1972		4.918750
1973		3.968750
1974		2.812500
1975		1.718750
1976		2.068750
1977		1.418750
1978		1.387500
1979		1.418750
1980		0.887500
1981		0.618750
1982		-0.062500
1983		-0.656250
1984		-0.300000
1985		0.143750
1986		0.231250
1987		0.587500
1988		0.768750
1989		0.562500
1990		-0.268750
1991		-0.981250
1992		-0.950000
1993		-1.843750
1994		-0.893750
1995		-0.743750
1996		0.000000
1997		0.443750
1998		0.768750
1999		0.143750
2000		0.443750
2001		0.025000
2002		-0.450000
2003		-0.831250
2004		-0.950000
2005		-0.300000
2006		-0.212500
2007		-0.537500
2008		-0.593750
2009		-1.487500
2010		-1.631250
2011		-1.931250
2012		-1.900000
2013		-2.287500
2014		-2.406250
2015		-2.818750
2016		-2.550000
2017		-3.087500
2018		-3.206250
2019		-3.412500
2020		-4.006250
2021		-3.587500
2022		-3.412500
2023		-3.975000
2024		-4.418750
2025		-4.093750
2026		-4.806250
2027		-4.656250
2028		-5.162500
2029		-5.043750
2030		-6.668750
2031		-6.375000
2032		-6.643750
2033		-7.768750
2034		-7.118750
2035		-7.856250
2036		-7.706250
2037		-8.093750
2038		-8.743750
2039		-8.956250
2040		-9.487500
2041		-9.400000
2042		-9.312500
2043		-9.781250
2044		-9.993750
2045		-9.456250
2046		-10.018750
2047		-9.431250
2048		-9.875000
2049		-9.162500
2050		-9.312500
2051		-9.518750
2052		-9.693750
2053		-8.956250
2054		-8.743750
2055		-8.037500
2056		-8.418750
2057		-7.412500
2058		-7.975000
2059		-7.025000
2060		-7.500000
2061		-6.818750
2062		-6.375000
2063		-6.375000
2064		-7.475000
2065		-8.537500
2066		-8.956250
2067		-8.956250
2068		-9.337500
2069		-8.956250
2070		-9.781250
2071		-9.487500
2072		-11.150000
2073		-12.243750
2074		-13.668750
2075		-13.456250
2076		-13.550000
2077		-12.837500
2078		-12.450000
2079		-11.325000
2080		-12.331250
2081		-11.800000
2082		-13.606250
2083		-13.812500
2084		-15.175000
2085		-14.793750
2086		-14.881250
2087		-13.843750
2088		-13.550000
2089		-12.925000
2090		-13.400000
2091		-14.643750
2092		-15.681250
2093		-16.125000
2094		-16.424999
2095		-15.768750
2096		-13.931250
2097		-12.418750
2098		-10.818750
2099		-9.993750
2100		-9.875000
2101		-10.493750
2102		-10.731250
2103		-10.968750
2104		-11.737500
2105		-12.568750
2106		-14.025000
2107		-15.087500
2108		-16.512501
2109		-17.162500
2110		-17.431250
2111		-16.600000
2112		-15.681250
2113		-14.287500
2114		-14.350000
2115		-15.000000
2116		-16.306250
2117		-17.637501
2118		-19.712500
2119		-20.924999
2120		-22.200001
2121		-23.331249
2122		-23.268749
2123		-23.268749
2124		-22.881250
2125		-21.637501
2126		-19.656250
2127		-17.756250
2128		-15.175000
2129		-14.231250
2130		-13.518750
2131		-14.587500
2132		-15.981250
2133		-17.843750
2134		-18.556250
2135		-18.825001
2136		-17.487499
2137		-17.843750
2138		-16.781250
2139		-15.650000
2140		-15.237500
2141		-15.175000
2142		-15.325000
2143		-16.156250
2144		-16.868750
2145		-18.381250
2146		-19.387501
2147		-21.400000
2148		-21.818750
2149		-23.712500
2150		-24.131250
2151		-24.012501
2152		-22.262501
2153		-21.612499
2154		-20.718750
2155		-19.681250
2156		-18.881250
2157		-18.825001
2158		-18.406250
2159		-18.943750
2160		-18.262501
2161		-18.500000
2162		-17.843750
2163		-17.843750
2164		-16.275000
2165		-16.718750
2166		-15.531250
2167		-15.000000
2168		-14.081250
2169		-14.287500
2170		-14.406250
2171		-13.931250
2172		-14.556250
2173		-15.650000
2174		-15.862500
2175		-17.343750
2176		-17.962500
2177		-19.031250
2178		-19.475000
2179		-20.156250
2180		-19.981251
2181		-19.681250
2182		-19.418751
2183		-18.856251
2184		-18.231251
2185		-18.912500
2186		-18.168751
2187		-17.581249
2188		-17.343750
2189		-17.131250
2190		-16.956249
2191		-16.512501
2192		-15.950000
2193		-15.712500
2194		-15.412500
2195		-15.031250
2196		-14.587500
2197		-14.706250
2198		-15.268750
2199		-15.981250
2200		-16.393749
2201		-17.606251
2202		-17.343750
2203		-17.606251
2204		-18.318750
2205		-19.062500
2206		-18.825001
2207		-19.237499
2208		-19.237499
2209		-19.325001
2210		-19.237499
2211		-19.118750
2212		-19.181250
2213		-18.381250
2214		-18.525000
2215		-17.312500
2216		-17.487499
2217		-16.781250
2218		-15.712500
2219		-14.587500
2220		-14.643750
2221		-12.806250
2222		-12.568750
2223		-11.618750
2224		-11.531250
2225		-11.531250
2226		-11.918750
2227		-11.800000
2228		-12.750000
2229		-12.837500
2230		-13.787500
2231		-13.131250
2232		-13.843750
2233		-14.143750
2234		-14.350000
2235		-13.993750
2236		-14.825000
2237		-14.050000
2238		-14.231250
2239		-14.200000
2240		-14.081250
2241		-13.250000
2242		-13.637500
2243		-12.656250
2244		-13.606250
2245		-12.656250
2246		-12.750000
2247		-12.362500
2248		-12.362500
2249		-11.475000
2250		-12.068750
2251		-11.031250
2252		-11.475000
2253		-11.650000
2254		-11.650000
2255		-11.412500
2256		-11.031250
2257		-10.937500
2258		-10.675000
2259		-11.562500
2260		-11.056250
2261		-10.912500
2262		-11.831250
2263		-11.950000
2264		-13.281250
2265		-12.512500
2266		-13.756250
2267		-12.656250
2268		-13.250000
2269		-12.306250
2270		-12.512500
2271		-11.618750
2272		-11.887500
2273		-11.500000
2274		-11.443750
2275		-9.662500
2276		-9.781250
2277		-9.131250
2278		-8.600000
2279		-8.006250
2280		-7.768750
2281		-7.475000
2282		-7.825000
2283		-7.681250
2284		-7.825000
2285		-7.681250
2286		-7.475000
2287		-7.706250
2288		-7.650000
2289		-6.493750
2290		-6.462500
2291		-6.343750
2292		-6.525000
2293		-6.437500
2294		-5.812500
2295		-4.362500
2296		-3.768750
2297		-2.968750
2298		-2.731250
2299		-2.643750
2300		-2.225000
2301		-1.931250
2302		-1.900000
2303		-1.750000
2304		-1.725000
2305		-1.750000
2306		-2.493750
2307		-2.968750
2308		-3.562500
2309		-3.056250
2310		-3.025000
2311		-3.500000
2312		-3.912500
2313		-4.125000
2314		-3.262500
2315		-4.418750
2316		-4.418750
2317		-5.012500
2318		-4.181250
2319		-4.387500
2320		-3.825000
2321		-3.412500
2322		-2.550000
2323		-2.493750
2324		-1.543750
2325		-1.337500
2326		0.231250
2327		-0.331250
2328		0.293750
2329		0.381250
2330		1.418750
2331		1.062500
2332		1.181250
2333		-0.118750
2334		-0.150000
2335		-1.456250
2336		-0.893750
2337		-2.762500
2338		-1.843750
2339		-1.987500
2340		-2.018750
2341		-2.581250
2342		-2.075000
2343		-2.731250
2344		-2.850000
2345		-3.531250
2346		-2.406250
2347		-2.875000
2348		-2.193750
2349		-2.700000
2350		-1.750000
2351		-1.900000
2352		-1.250000
2353		-1.900000
2354		-1.187500
2355		-1.337500
2356		-0.031250
2357		0.025000
2358		0.975000
2359		0.887500
2360		0.943750
2361		1.062500
2362		1.387500
2363		1.950000
2364		2.781250
2365		3.200000
2366		3.612500
2367		3.225000
2368		3.581250
2369		3.225000
2370		3.375000
2371		3.287500
2372		2.306250
2373		2.487500
2374		2.987500
2375		1.743750
2376		2.100000
2377		2.100000
2378		1.981250
2379		1.775000
2380		1.181250
2381		-0.300000
2382		-0.806250
2383		-0.506250
2384		-0.950000
2385		-1.100000
2386		-1.843750
2387		-2.406250
2388		-2.050000
2389		-1.750000
2390		-1.931250
2391		-2.431250
2392		-2.612500
2393		-3.087500
2394		-3.468750
2395		-4.125000
2396		-4.625000
2397		-5.100000
2398		-5.400000
2399		-5.987500
2400		-6.731250
2401		-6.343750
2402		-6.881250
2403		-6.581250
2404		-7.206250
2405		-6.050000
2406		-6.818750
2407		-5.900000
2408		-6.375000
2409		-6.225000
2410		-6.581250
2411		-5.843750
2412		-6.225000
2413		-5.456250
2414		-5.425000
2415		-4.268750
2416		-4.687500
2417		-4.268750
2418		-4.687500
2419		-3.768750
2420		-4.006250
2421		-3.293750
2422		-3.975000
2423		-3.887500
2424		-4.687500
2425		-4.031250
2426		-5.606250
2427		-5.100000
2428		-6.050000
2429		-5.693750
2430		-7.412500
2431		-7.325000
2432		-7.975000
2433		-8.006250
2434		-8.418750
2435		-8.512500
2436		-9.812500
2437		-9.456250
2438		-9.543750
2439		-9.781250
2440		-10.493750
2441		-9.281250
2442		-9.900000
2443		-9.368750
2444		-9.575000
2445		-9.456250
2446		-9.637500
2447		-10.231250
2448		-10.350000
2449		-10.018750
2450		-9.993750
2451		-9.756250
2452		-9.543750
2453		-9.781250
2454		-8.806250
2455		-8.656250
2456		-9.162500
2457		-9.543750
2458		-9.400000
2459		-9.400000
2460		-9.487500
2461		-8.806250
2462		-8.006250
2463		-8.006250
2464		-8.718750
2465		-8.481250
2466		-9.312500
2467		-10.437500
2468		-10.731250
2469		-11.856250
2470		-11.950000
2471		-11.975000
2472		-11.475000
2473		-11.650000
2474		-11.381250
2475		-11.381250
2476		-12.568750
2477		-11.918750
2478		-11.175000
2479		-10.350000
2480		-10.525000
2481		-10.437500
2482		-10.731250
2483		-12.125000
2484		-12.568750
2485		-13.550000
2486		-12.631250
2487		-12.512500
2488		-11.031250
2489		-11.175000
2490		-9.962500
2491		-10.050000
2492		-10.525000
2493		-10.231250
2494		-10.200000
2495		-10.437500
2496		-10.556250
2497		-11.056250
2498		-10.350000
2499		-11.618750
2500		-10.406250
2501		-11.475000
2502		-11.593750
2503		-11.118750
2504		-10.675000
2505		-11.237500
2506		-10.731250
2507		-11.562500
2508		-11.175000
2509		-11.293750
2510		-10.200000
2511		-10.581250
2512		-9.900000
2513		-10.581250
2514		-9.637500
2515		-10.437500
2516		-9.312500
2517		-9.637500
2518		-8.862500
2519		-9.100000
2520		-8.362500
2521		-8.537500
2522		-8.006250
2523		-8.062500
2524		-7.975000
2525		-8.362500
2526		-7.381250
2527		-7.975000
2528		-7.175000
2529		-7.175000
2530		-6.668750
2531		-6.850000
2532		-6.375000
2533		-6.406250
2534		-6.643750
2535		-6.018750
2536		-6.168750
2537		-5.931250
2538		-5.637500
2539		-5.012500
2540		-4.450000
2541		-4.006250
2542		-3.412500
2543		-2.787500
2544		-2.375000
2545		-2.168750
2546		-2.106250
2547		-1.812500
2548		-1.487500
2549		-1.393750
2550		-1.275000
2551		0.175000
2552		0.143750
2553		0.681250
2554		1.062500
2555		1.268750
2556		0.112500
2557		-0.062500
2558		-0.212500
2559		-0.300000
2560		-0.356250
2561		0.087500
2562		-0.506250
2563		-0.712500
2564		-1.487500
2565		-1.900000
2566		-2.343750
2567		-3.087500
2568		-3.087500
2569		-1.368750
2570		-1.662500
2571		0.325000
2572		0.325000
2573		0.293750
2574		-0.212500
2575		-0.712500
2576		-1.487500
2577		-1.393750
2578		-0.712500
2579		0.443750
2580		1.806250
2581		2.043750
2582		2.012500
2583		1.362500
2584		0.737500
2585		0.468750
2586		0.206250
2587		1.331250
2588		2.281250
2589		4.737500
2590		6.131250
2591		7.287500
2592		8.150000
2593		8.618750
2594		7.700000
2595		8.475000
2596		7.612500
2597		7.612500
2598		6.218750
2599		4.681250
2600		3.225000
2601		2.868750
2602		2.368750
2603		3.643750
2604		5.156250
2605		6.312500
2606		6.843750
2607		7.050000
2608		5.956250
2609		5.718750
2610		3.168750
2611		2.306250
2612		1.300000
2613		0.887500
2614		0.825000
2615		0.856250
2616		0.975000
2617		2.425000
2618		3.343750
2619		5.956250
2620		8.293750
2621		10.162500
2622		10.725000
2623		11.350000
2624		9.893750
2625		8.737500
2626		7.612500
2627		7.587500
2628		7.793750
2629		8.712500
2630		9.243750
2631		10.550000
2632		10.518750
2633		10.693750
2634		10.575000
2635		10.106250
2636		9.362500
2637		8.475000
2638		7.050000
2639		6.218750
2640		4.500000
2641		3.556250
2642		2.456250
2643		2.756250
2644		3.643750
2645		4.618750
2646		6.281250
2647		7.018750
2648		8.150000
2649		7.881250
2650		8.268750
2651		7.937500
2652		8.237500
2653		8.387500
2654		8.975000
2655		9.718750
2656		10.725000
2657		11.525000
2658		12.356250
2659		13.187500
2660		14.312500
2661		14.550000
2662		15.056250
2663		14.818750
2664		15.525000
2665		14.250000
2666		13.568750
2667		13.068750
2668		12.000000
2669		11.350000
2670		11.050000
2671		11.050000
2672		11.881250
2673		12.237500
2674		13.275000
2675		13.662500
2676		14.250000
2677		14.818750
2678		15.262500
2679		15.587500
2680		16.712500
2681		16.062500
2682		16.862499
2683		16.506250
2684		17.956249
2685		18.256250
2686		18.312500
2687		18.818750
2688		19.293751
2689		19.081249
2690		19.143749
2691		18.906250
2692		18.137501
2693		17.456249
2694		17.424999
2695		16.775000
2696		16.625000
2697		16.181250
2698		15.737500
2699		15.587500
2700		14.993750
2701		14.756250
2702		14.962500
2703		14.400000
2704		15.587500
2705		14.906250
2706		15.437500
2707		15.287500
2708		15.975000
2709		16.150000
2710		17.575001
2711		17.868750
2712		19.293751
2713		19.056250
2714		20.062500
2715		20.387501
2716		20.918751
2717		20.331249
2718		20.331249
2719		19.468750
2720		19.825001
2721		19.143749
2722		19.143749
2723		19.025000
2724		18.493750
2725		18.518749
2726		18.581249
2727		18.312500
2728		19.618750
2729		19.768749
2730		20.031250
2731		20.031250
2732		20.268749
2733		20.712500
2734		21.456249
2735		22.700001
2736		22.818750
2737		23.500000
2738		23.500000
2739		24.687500
2740		25.162500
2741		26.081249
2742		26.818750
2743		26.850000
2744		27.500000
2745		27.737499
2746		27.943750
2747		28.837500
2748		28.956249
2749		29.812500
2750		30.112499
2751		30.556250
2752		30.318750
2753		29.575001
2754		29.281250
2755		29.843750
2756		29.781250
2757		29.575001
2758		29.662500
2759		29.962500
2760		30.462500
2761		30.581249
2762		31.268749
2763		32.156250
2764		31.887501
2765		32.987499
2766		33.162498
2767		34.200001
2768		34.612499
2769		35.743752
2770		35.293751
2771		35.887501
2772		34.525002
2773		36.006248
2774		35.150002
2775		35.712502
2776		35.593750
2777		36.331249
2778		34.943748
2779		36.187500
2780		35.150002
2781		35.387501
2782		35.625000
2783		35.174999
2784		35.150002
2785		35.237499
2786		34.556252
2787		35.562500
2788		35.412498
2789		36.924999
2790		36.781250
2791		37.281250
2792		37.193748
2793		36.900002
2794		36.362499
2795		37.400002
2796		36.631248
2797		35.768749
2798		35.206249
2799		35.356251
2800		33.812500
2801		34.081249
2802		33.787498
2803		33.218750
2804		32.806252
2805		32.599998
2806		32.537498
2807		32.299999
2808		32.243752
2809		32.037498
2810		32.299999
2811		32.450001
2812		33.075001
2813		33.193748
2814		34.406250
2815		35.474998
2816		36.362499
2817		36.987499
2818		37.368752
2819		38.643749
2820		37.818748
2821		37.724998
2822		38.912498
2823		39.443748
2824		39.118752
2825		39.000000
2826		38.112499
2827		37.724998
2828		37.281250
2829		36.750000
2830		36.037498
2831		35.387501
2832		35.031250
2833		34.493752
2834		33.518749
2835		32.987499
2836		32.481251
2837		31.799999
2838		32.093750
2839		33.162498
2840		32.331249
2841		33.218750
2842		31.856251
2843		30.937500
2844		30.762501
2845		31.206249
2846		31.412500
2847		31.500000
2848		31.150000
2849		30.937500
2850		31.293751
2851		31.087500
2852		31.799999
2853		30.968750
2854		31.237499
2855		31.799999
2856		32.299999
2857		32.687500
2858		32.599998
2859		31.975000
2860		32.187500
2861		31.799999
2862		31.500000
2863		30.674999
2864		30.406250
2865		30.137501
2866		30.018749
2867		29.606251
2868		29.518749
2869		28.743750
2870		28.481251
2871		27.681250
2872		27.443750
2873		27.262501
2874		26.906250
2875		25.812500
2876		25.487499
2877		25.100000
2878		25.575001
2879		25.424999
2880		25.725000
2881		25.068750
2882		25.068750
2883		24.243750
2884		24.537500
2885		24.150000
2886		24.450001
2887		24.006250
2888		23.531250
2889		23.112499
2890		22.906250
2891		22.493750
2892		21.631250
2893		21.575001
2894		21.750000
2895		21.931250
2896		22.312500
2897		22.406250
2898		22.312500
2899		22.406250
2900		22.375000
2901		22.225000
2902		22.406250
2903		22.612499
2904		22.225000
2905		22.375000
2906		22.581249
2907		23.262501
2908		23.737499
2909		22.850000
2910		22.643749
2911		23.056250
2912		23.025000
2913		22.075001
2914		21.956249
2915		21.275000
2916		20.237499
2917		19.887501
2918		19.650000
2919		18.937500
2920		17.956249
2921		17.362499
2922		16.093750
2923		15.500000
2924		14.606250
2925		13.425000
2926		12.831250
2927		12.768750
2928		11.881250
2929		11.556250
2930		11.050000
2931		11.025000
2932		10.550000
2933		10.225000
2934		9.331250
2935		9.362500
2936		9.512500
2937		9.006250
2938		8.975000
2939		8.531250
2940		7.937500
2941		8.356250
2942		7.818750
2943		7.643750
2944		7.700000
2945		7.700000
2946		6.843750
2947		7.200000
2948		6.756250
2949		6.606250
2950		6.012500
2951		6.250000
2952		6.100000
2953		5.450000
2954		5.956250
2955		6.812500
2956		6.043750
2957		5.362500
2958		4.712500
2959		3.731250
2960		2.812500
2961		2.662500
2962		1.893750
2963		1.862500
2964		2.218750
2965		1.837500
2966		0.825000
2967		1.625000
2968		1.362500
2969		2.100000
2970		1.743750
2971		2.012500
2972		2.456250
2973		3.225000
2974		1.718750
2975		1.300000
2976		-0.212500
2977		-0.062500
2978		-0.593750
2979		0.562500
2980		0.500000
2981		2.662500
2982		2.756250
2983		3.050000
2984		3.106250
2985		2.281250
2986		2.306250
2987		1.418750
2988		0.800000
2989		0.887500
2990		1.006250
2991		0.531250
2992		0.143750
2993		0.381250
2994		-0.475000
2995		-1.012500
2996		-1.187500
2997		-1.156250
2998		-0.356250
2999		-1.012500
3000		-0.806250
3001		-0.862500
3002		-1.306250
3003		-1.100000
3004		-1.337500
3005		-1.725000
3006		-0.593750
3007		-1.868750
3008		-0.981250
3009		-1.750000
3010		-1.012500
3011		-0.981250
3012		-1.662500
3013		-1.393750
3014		-1.868750
3015		-2.493750
3016		-2.168750
3017		-3.381250
3018		-2.225000
3019		-3.087500
3020		-3.412500
3021		-4.387500
3022		-4.150000
3023		-5.218750
3024		-4.743750
3025		-5.606250
3026		-6.225000
3027		-7.056250
3028		-6.762500
3029		-8.093750
3030		-7.206250
3031		-7.381250
3032		-7.531250
3033		-6.525000
3034		-7.118750
3035		-7.887500
3036		-7.562500
3037		-8.362500
3038		-7.587500
3039		-7.381250
3040		-6.668750
3041		-6.968750
3042		-6.168750
3043		-6.762500
3044		-6.375000
3045		-6.787500
3046		-6.137500
3047		-6.643750
3048		-5.543750
3049		-6.700000
3050		-7.175000
3051		-7.918750
3052		-8.718750
3053		-8.512500
3054		-8.393750
3055		-8.568750
3056		-10.081250
3057		-10.793750
3058		-11.412500
3059		-12.306250
3060		-11.712500
3061		-11.475000
3062		-10.493750
3063		-9.931250
3064		-9.575000
3065		-10.375000
3066		-11.381250
3067		-12.656250
3068		-13.400000
3069		-13.400000
3070		-12.537500
3071		-11.856250
3072		-11.150000
3073		-10.612500
3074		-10.731250
3075		-12.125000
3076		-12.631250
3077		-13.993750
3078		-14.437500
3079		-13.787500
3080		-13.012500
3081		-11.381250
3082		-9.606250
3083		-8.718750
3084		-8.125000
3085		-8.156250
3086		-8.450000
3087		-8.956250
3088		-9.193750
3089		-10.256250
3090		-11.087500
3091		-12.956250
3092		-14.493750
3093		-15.175000
3094		-14.675000
3095		-14.437500
3096		-13.550000
3097		-12.868750
3098		-13.012500
3099		-13.312500
3100		-13.906250
3101		-15.862500
3102		-18.025000
3103		-18.943750
3104		-20.275000
3105		-20.662500
3106		-21.162500
3107		-21.462500
3108		-20.718750
3109		-20.243750
3110		-18.793751
3111		-16.837500
3112		-15.087500
3113		-13.550000
3114		-12.893750
3115		-13.400000
3116		-14.375000
3117		-15.531250
3118		-16.750000
3119		-16.900000
3120		-16.631250
3121		-15.531250
3122		-15.087500
3123		-14.231250
3124		-14.375000
3125		-14.406250
3126		-15.237500
3127		-14.731250
3128		-15.712500
3129		-16.868750
3130		-18.437500
3131		-19.537500
3132		-21.462500
3133		-22.143749
3134		-22.881250
3135		-22.650000
3136		-22.350000
3137		-21.343750
3138		-20.156250
3139		-19.299999
3140		-18.525000
3141		-18.143749
3142		-18.525000
3143		-17.756250
3144		-18.049999
3145		-17.637501
3146		-17.250000
3147		-16.718750
3148		-15.831250
3149		-15.768750
3150		-14.793750
3151		-13.756250
3152		-13.131250
3153		-12.512500
3154		-12.718750
3155		-12.868750
3156		-13.637500
3157		-13.812500
3158		-15.175000
3159		-16.362499
3160		-16.750000
3161		-17.400000
3162		-18.143749
3163		-17.937500
3164		-18.350000
3165		-17.462500
3166		-16.900000
3167		-16.687500
3168		-16.424999
3169		-15.800000
3170		-15.175000
3171		-14.825000
3172		-14.943750
3173		-14.231250
3174		-13.962500
3175		-13.756250
3176		-13.693750
3177		-12.418750
3178		-11.712500
3179		-11.712500
3180		-11.412500
3181		-11.618750
3182		-11.975000
3183		-12.450000
3184		-13.368750
3185		-14.143750
3186		-14.643750
3187		-15.268750
3188		-16.068750
3189		-16.331249
3190		-16.806250
3191		-17.075001
3192		-16.481251
3193		-17.250000
3194		-16.275000
3195		-16.631250
3196		-16.243750
3197		-17.043751
3198		-16.243750
3199		-16.662500
3200		-15.862500
3201		-15.237500
3202		-14.612500
3203		-14.143750
3204		-13.456250
3205		-12.893750
3206		-12.006250
3207		-12.037500
3208		-11.087500
3209		-11.118750
3210		-11.475000
3211		-12.331250
3212		-11.831250
3213		-12.568750
3214		-12.125000
3215		-12.275000
3216		-12.512500
3217		-12.512500
3218		-12.212500
3219		-11.975000
3220		-11.593750
3221		-11.593750
3222		-10.731250
3223		-11.381250
3224		-10.493750
3225		-10.112500
3226		-9.637500
3227		-9.843750
3228		-8.687500
3229		-8.956250
3230		-8.743750
3231		-8.125000
3232		-7.650000
3233		-7.706250
3234		-7.618750
3235		-7.768750
3236		-7.443750
3237		-8.125000
3238		-7.975000
3239		-8.125000
3240		-8.537500
3241		-8.331250
3242		-8.568750
3243		-8.625000
3244		-8.125000
3245		-9.312500
3246		-10.112500
3247		-10.287500
3248		-11.031250
3249		-10.793750
3250		-11.475000
3251		-11.356250
3252		-11.031250
3253		-10.762500
3254		-10.968750
3255		-10.643750
3256		-10.200000
3257		-10.081250
3258		-9.162500
3259		-9.012500
3260		-9.075000
3261		-8.393750
3262		-8.450000
3263		-8.125000
3264		-7.737500
3265		-7.918750
3266		-7.768750
3267		-7.856250
3268		-7.975000
3269		-8.212500
3270		-8.656250
3271		-8.743750
3272		-8.893750
3273		-8.600000
3274		-8.093750
3275		-6.906250
3276		-7.356250
3277		-7.443750
3278		-7.706250
3279		-6.612500
3280		-5.693750
3281		-5.012500
3282		-4.362500
3283		-4.362500
3284		-4.362500
3285		-3.975000
3286		-4.181250
3287		-4.062500
3288		-4.331250
3289		-3.912500
3290		-4.537500
3291		-4.212500
3292		-5.131250
3293		-5.162500
3294		-5.606250
3295		-5.487500
3296		-5.543750
3297		-6.375000
3298		-6.375000
3299		-5.962500
3300		-6.050000
3301		-5.100000
3302		-4.568750
3303		-4.331250
3304		-4.300000
3305		-3.587500
3306		-3.706250
3307		-2.700000
3308		-1.956250
3309		-0.862500
3310		-0.656250
3311		0.231250
3312		-0.212500
3313		0.143750
3314		0.087500
3315		0.350000
3316		0.087500
3317		-0.237500
3318		-0.568750
3319		-0.950000
3320		-1.956250
3321		-2.581250
3322		-3.231250
3323		-2.581250
3324		-3.500000
3325		-3.112500
3326		-4.212500
3327		-4.268750
3328		-5.187500
3329		-4.893750
3330		-5.043750
3331		-4.656250
3332		-5.012500
3333		-5.812500
3334		-4.925000
3335		-4.268750
3336		-4.506250
3337		-3.112500
3338		-4.243750
3339		-2.937500
3340		-3.293750
3341		-2.493750
3342		-2.287500
3343		-2.075000
3344		-1.037500
3345		-1.337500
3346		-0.506250
3347		0.000000
3348		-0.150000
3349		-0.268750
3350		1.243750
3351		0.681250
3352		0.650000
3353		0.443750
3354		0.231250
3355		-0.475000
3356		-0.387500
3357		-0.212500
3358		-0.093750
3359		-0.831250
3360		-0.506250
3361		-0.268750
3362		-0.775000
3363		-0.568750
3364		-0.712500
3365		-0.775000
3366		-0.950000
3367		-1.487500
3368		-1.631250
3369		-1.931250
3370		-2.168750
3371		-2.287500
3372		-1.843750
3373		-2.406250
3374		-1.543750
3375		-2.312500
3376		-2.050000
3377		-2.075000
3378		-2.731250
3379		-4.062500
3380		-3.793750
3381		-4.300000
3382		-4.718750
3383		-5.750000
3384		-4.862500
3385		-6.137500
3386		-5.962500
3387		-6.462500
3388		-5.637500
3389		-6.081250
3390		-5.456250
3391		-5.868750
3392		-5.781250
3393		-6.937500
3394		-6.406250
3395		-6.731250
3396		-6.081250
3397		-6.018750
3398		-6.881250
3399		-7.000000
3400		-6.493750
3401		-6.437500
3402		-6.200000
3403		-6.612500
3404		-6.437500
3405		-6.968750
3406		-6.525000
3407		-7.412500
3408		-7.412500
3409		-7.768750
3410		-8.062500
3411		-9.400000
3412		-8.718750
3413		-9.400000
3414		-9.487500
3415		-10.256250
3416		-10.018750
3417		-11.237500
3418		-11.325000
3419		-11.562500
3420		-12.306250
3421		-12.568750
3422		-12.718750
3423		-12.306250
3424		-12.806250
3425		-12.893750
3426		-11.618750
3427		-11.918750
3428		-12.393750
3429		-11.737500
3430		-12.600000
3431		-12.037500
3432		-12.306250
3433		-12.306250
3434		-12.156250
3435		-11.975000
3436		-11.381250
3437		-12.006250
3438		-11.206250
3439		-11.293750
3440		-10.818750
3441		-11.175000
3442		-12.068750
3443		-11.443750
3444		-11.175000
3445		-10.643750
3446		-10.437500
3447		-10.318750
3448		-10.762500
3449		-10.375000
3450		-12.275000
3451		-12.893750
3452		-13.250000
3453		-13.756250
3454		-13.281250
3455		-12.925000
3456		-13.606250
3457		-13.756250
3458		-13.637500
3459		-13.106250
3460		-13.106250
3461		-13.725000
3462		-12.481250
3463		-11.831250
3464		-11.087500
3465		-11.618750
3466		-12.125000
3467		-12.568750
3468		-13.637500
3469		-13.756250
3470		-13.843750
3471		-12.512500
3472		-11.768750
3473		-11.237500
3474		-10.675000
3475		-10.287500
3476		-10.350000
3477		-10.675000
3478		-11.500000
3479		-11.175000
3480		-10.968750
3481		-10.793750
3482		-11.412500
3483		-10.818750
3484		-11.856250
3485		-12.125000
3486		-11.443750
3487		-12.125000
3488		-12.068750
3489		-11.175000
3490		-11.500000
3491		-12.068750
3492		-12.156250
3493		-11.856250
3494		-12.306250
3495		-11.712500
3496		-11.031250
3497		-11.237500
3498		-11.618750
3499		-10.643750
3500		-11.031250
3501		-10.881250
3502		-10.937500
3503		-10.406250
3504		-11.056250
3505		-10.406250
3506		-10.731250
3507		-10.256250
3508		-10.050000
3509		-10.200000
3510		-10.643750
3511		-10.375000
3512		-10.256250
3513		-10.612500
3514		-10.462500
3515		-10.525000
3516		-10.556250
3517		-10.318750
3518		-10.018750
3519		-10.081250
3520		-9.606250
3521		-9.756250
3522		-9.312500
3523		-9.250000
3524		-7.975000
3525		-7.650000
3526		-6.937500
3527		-6.581250
3528		-5.637500
3529		-5.662500
3530		-4.743750
3531		-5.012500
3532		-4.718750
3533		-4.656250
3534		-4.006250
3535		-3.087500
3536		-2.137500
3537		-1.068750
3538		-0.593750
3539		-1.187500
3540		-0.656250
3541		-1.100000
3542		-1.012500
3543		-1.781250
3544		-1.843750
3545		-2.137500
3546		-1.931250
3547		-2.018750
3548		-2.787500
3549		-4.062500
3550		-4.150000
3551		-4.806250
3552		-3.975000
3553		-4.125000
3554		-2.312500
3555		-2.050000
3556		-1.131250
3557		-2.581250
3558		-2.287500
3559		-3.325000
3560		-3.706250
3561		-3.912500
3562		-3.562500
3563		-2.612500
3564		-0.981250
3565		-0.893750
3566		-0.475000
3567		-1.306250
3568		-1.012500
3569		-2.225000
3570		-1.956250
3571		-2.050000
3572		-0.450000
3573		1.506250
3574		2.987500
3575		4.237500
3576		5.631250
3577		5.125000
3578		6.043750
3579		5.718750
3580		6.100000
3581		5.418750
3582		4.593750
3583		2.662500
3584		1.481250
3585		0.618750
3586		0.381250
3587		1.268750
3588		3.106250
3589		4.025000
3590		4.562500
3591		4.712500
3592		4.025000
3593		2.162500
3594		1.031250
3595		0.381250
3596		-1.100000
3597		-1.606250
3598		-1.187500
3599		-1.337500
3600		-0.418750
3601		0.350000
3602		1.925000
3603		3.556250
3604		5.775000
3605		8.118750
3606		9.275000
3607		9.275000
3608		8.387500
3609		7.350000
3610		6.312500
3611		6.012500
3612		6.875000
3613		8.150000
3614		8.293750
3615		9.306250
3616		10.012500
3617		10.162500
3618		9.987500
3619		10.225000
3620		9.331250
3621		8.356250
3622		7.256250
3623		5.893750
3624		4.356250
3625		3.818750
3626		2.693750
3627		2.662500
3628		4.143750
3629		5.125000
3630		6.012500
3631		7.350000
3632		8.325000
3633		8.618750
3634		7.818750
3635		8.150000
3636		8.031250
3637		8.387500
3638		8.737500
3639		9.956250
3640		10.162500
3641		11.143750
3642		11.793750
3643		12.918750
3644		13.631250
3645		14.606250
3646		14.843750
3647		14.137500
3648		14.431250
3649		13.662500
3650		12.887500
3651		12.237500
3652		10.962500
3653		10.225000
3654		9.868750
3655		10.400000
3656		10.162500
3657		11.231250
3658		11.706250
3659		12.356250
3660		12.800000
3661		13.631250
3662		13.868750
3663		14.581250
3664		14.606250
3665		15.556250
3666		15.975000
3667		16.831249
3668		17.187500
3669		17.931250
3670		17.931250
3671		18.518749
3672		19.143749
3673		19.143749
3674		19.262501
3675		18.906250
3676		18.818750
3677		18.018749
3678		17.512501
3679		18.162500
3680		17.693750
3681		17.481251
3682		16.775000
3683		16.775000
3684		16.656250
3685		16.150000
3686		16.475000
3687		16.475000
3688		16.775000
3689		16.893749
3690		17.012501
3691		18.225000
3692		18.256250
3693		18.787500
3694		19.112499
3695		19.768749
3696		21.275000
3697		21.725000
3698		22.668751
3699		22.375000
3700		23.056250
3701		22.525000
3702		22.406250
3703		21.987499
3704		21.781250
3705		21.512501
3706		21.512501
3707		20.625000
3708		21.100000
3709		20.712500
3710		20.950001
3711		20.743750
3712		21.131250
3713		20.743750
3714		20.981251
3715		21.131250
3716		21.012501
3717		21.812500
3718		22.106251
3719		22.193750
3720		22.818750
3721		23.056250
3722		22.906250
3723		23.706249
3724		24.062500
3725		24.062500
3726		24.775000
3727		24.212500
3728		25.518749
3729		25.424999
3730		25.931250
3731		25.931250
3732		26.787500
3733		26.318750
3734		26.787500
3735		27.118750
3736		27.650000
3737		27.056250
3738		27.500000
3739		26.525000
3740		27.237499
3741		27.118750
3742		27.356251
3743		27.706249
3744		28.299999
3745		28.181250
3746		29.131250
3747		28.537500
3748		29.693750
3749		29.843750
3750		30.850000
3751		32.006248
3752		33.575001
3753		33.043751
3754		34.081249
3755		34.318748
3756		34.674999
3757		34.349998
3758		34.881248
3759		34.437500
3760		35.443748
3761		35.356251
3762		34.943748
3763		35.293751
3764		35.531250
3765		35.325001
3766		36.156250
3767		35.650002
3768		36.093750
3769		35.681252
3770		35.799999
3771		36.543751
3772		37.637501
3773		38.618752
3774		38.525002
3775		38.049999
3776		38.200001
3777		37.518749
3778		38.143749
3779		37.875000
3780		38.468750
3781		37.818748
3782		37.312500
3783		36.156250
3784		35.950001
3785		35.268749
3786		35.293751
3787		35.293751
3788		34.825001
3789		34.231251
3790		34.406250
3791		34.349998
3792		34.375000
3793		34.318748
3794		33.693748
3795		34.525002
3796		34.468750
3797		34.968750
3798		35.268749
3799		36.093750
3800		37.224998
3801		38.168751
3802		38.525002
3803		38.943748
3804		38.762501
3805		38.943748
3806		38.943748
3807		39.681252
3808		39.862499
3809		39.775002
3810		39.537498
3811		38.968750
3812		37.668751
3813		37.518749
3814		36.750000
3815		36.750000
3816		35.981251
3817		35.799999
3818		35.062500
3819		34.968750
3820		34.643749
3821		34.674999
3822		34.231251
3823		33.962502
3824		33.668751
3825		34.525002
3826		33.368752
3827		33.787498
3828		33.787498
3829		33.812500
3830		33.400002
3831		34.231251
3832		34.200001
3833		33.487499
3834		33.368752
3835		33.931252
3836		33.281250
3837		33.131248
3838		33.043751
3839		33.281250
3840		33.693748
3841		34.493752
3842		33.756248
3843		34.168751
3844		33.637501
3845		33.337502
3846		32.806252
3847		32.599998
3848		32.275002
3849		32.037498
3850		31.412500
3851		31.531250
3852		30.525000
3853		30.556250
3854		30.018749
3855		29.456249
3856		28.450001
3857		28.481251
3858		27.856251
3859		27.056250
3860		27.025000
3861		26.493750
3862		25.750000
3863		25.750000
3864		25.962500
3865		25.456249
3866		24.712500
3867		24.362499
3868		24.450001
3869		24.031250
3870		23.468750
3871		23.206249
3872		22.850000
3873		22.462500
3874		21.781250
3875		21.575001
3876		21.662500
3877		21.725000
3878		21.368750
3879		21.662500
3880		21.456249
3881		21.512501
3882		22.168751
3883		21.725000
3884		21.575001
3885		21.250000
3886		21.487499
3887		20.893749
3888		21.606251
3889		21.337500
3890		20.950001
3891		21.306250
3892		21.837500
3893		21.543751
3894		22.168751
3895		21.812500
3896		22.256250
3897		22.525000
3898		22.137501
3899		21.250000
3900		20.656250
3901		20.593750
3902		20.475000
3903		19.618750
3904		18.756250
3905		18.162500
3906		17.900000
3907		17.068750
3908		17.662500
3909		16.237499
3910		16.325001
3911		15.793750
3912		15.350000
3913		14.018750
3914		13.481250
3915		13.068750
3916		12.681250
3917		12.237500
3918		12.506250
3919		11.437500
3920		11.762500
3921		10.906250
3922		11.231250
3923		10.812500
3924		10.875000
3925		10.131250
3926		9.656250
3927		9.750000
3928		10.550000
3929		9.925000
3930		10.575000
3931		9.393750
3932		10.106250
3933		8.150000
3934		8.087500
3935		7.200000
3936		8.681250
3937		8.412500
3938		8.056250
3939		8.000000
3940		7.556250
3941		5.981250
3942		4.856250
3943		4.056250
3944		3.437500
3945		2.987500
3946		3.643750
3947		2.843750
3948		2.962500
3949		2.218750
3950		2.400000
3951		1.743750
3952		1.656250
3953		2.456250
3954		2.518750
3955		2.962500
3956		3.106250
3957		2.987500
3958		2.162500
3959		1.181250
3960		1.031250
3961		0.587500
3962		0.262500
3963		1.362500
3964		1.718750
3965		2.425000
3966		2.250000
3967		2.518750
3968		1.625000
3969		0.975000
3970		0.412500
3971		0.737500
3972		0.112500
3973		0.500000
3974		0.587500
3975		0.887500
3976		0.350000
3977		-0.150000
3978		-0.862500
3979		-0.118750
3980		-1.218750
3981		-0.925000
3982		-1.606250
3983		-1.250000
3984		-1.487500
3985		-1.250000
3986		-1.425000
3987		-1.337500
3988		-0.862500
3989		-1.100000
3990		-1.393750
3991		-1.100000
3992		-1.275000
3993		-0.806250
3994		-2.968750
3995		-0.593750
3996		-0.950000
3997		-1.187500
3998		-2.137500
3999		-1.781250
4000		-2.193750
4001		-2.075000
4002		-2.287500
4003		-1.725000
4004		-2.075000
4005		-2.168750
4006		-2.937500
4007		-2.343750
4008		-2.968750
4009		-2.550000
4010		-2.875000
4011		-2.581250
4012		-2.818750
4013		-2.787500
4014		-3.206250
4015		-2.993750
4016		-3.025000
4017		-2.581250
4018		-2.581250
4019		-3.412500
4020		-3.381250
4021		-2.731250
4022		-2.968750
4023		-2.256250
4024		-4.450000
4025		-3.381250
4026		-3.618750
4027		-3.056250
4028		-2.875000
4029		-2.968750
4030		-3.412500
4031		-3.443750
4032		-4.537500
4033		-4.656250
4034		-5.187500
4035		-5.337500
4036		-6.106250
4037		-6.581250
4038		-7.206250
4039		-7.206250
4040		-8.656250
4041		-9.250000
4042		-10.231250
4043		-10.231250
4044		-10.287500
4045		-9.368750
4046		-8.418750
4047		-8.331250
4048		-8.037500
4049		-8.806250
4050		-10.050000
4051		-12.006250
4052		-12.187500
4053		-12.037500
4054		-10.912500
4055		-10.375000
4056		-9.312500
4057		-9.250000
4058		-8.743750
4059		-10.200000
4060		-10.850000
4061		-11.381250
4062		-11.381250
4063		-10.881250
4064		-9.131250
4065		-8.125000
4066		-7.143750
4067		-6.818750
4068		-6.406250
4069		-7.143750
4070		-5.812500
4071		-5.812500
4072		-5.456250
4073		-6.818750
4074		-7.975000
4075		-9.725000
4076		-11.031250
4077		-12.656250
4078		-13.337500
4079		-12.600000
4080		-11.356250
4081		-11.031250
4082		-10.525000
4083		-11.118750
4084		-12.212500
4085		-14.437500
4086		-16.068750
4087		-18.200001
4088		-18.674999
4089		-19.775000
4090		-19.418751
4091		-19.206249
4092		-19.181250
4093		-18.737499
4094		-16.924999
4095		-15.237500
4096		-12.275000
4097		-10.968750
4098		-10.525000
4099		-10.350000
4100		-12.362500
4101		-13.787500
4102		-14.437500
4103		-15.118750
4104		-14.406250
4105		-13.875000
4106		-12.450000
4107		-12.568750
4108		-11.618750
4109		-11.950000
4110		-12.837500
4111		-13.400000
4112		-13.843750
4113		-15.150000
4114		-16.424999
4115		-18.381250
4116		-19.562500
4117		-21.106251
4118		-22.025000
4119		-21.637501
4120		-21.162500
4121		-19.831249
4122		-18.587500
4123		-18.081249
4124		-17.312500
4125		-17.281250
4126		-16.806250
4127		-17.250000
4128		-17.018749
4129		-16.393749
4130		-16.212500
4131		-15.625000
4132		-15.237500
4133		-14.556250
4134		-13.225000
4135		-12.600000
4136		-12.037500
4137		-11.206250
4138		-11.325000
4139		-11.268750
4140		-11.768750
4141		-12.306250
4142		-13.637500
4143		-14.375000
4144		-15.150000
4145		-15.887500
4146		-16.156250
4147		-16.306250
4148		-16.125000
4149		-15.325000
4150		-14.825000
4151		-14.168750
4152		-13.906250
4153		-13.043750
4154		-13.043750
4155		-12.956250
4156		-12.568750
4157		-12.006250
4158		-11.562500
4159		-11.325000
4160		-11.031250
4161		-9.993750
4162		-10.375000
4163		-9.487500
4164		-9.812500
4165		-9.543750
4166		-9.637500
4167		-10.137500
4168		-11.118750
4169		-11.237500
4170		-12.512500
4171		-12.450000
4172		-13.368750
4173		-13.312500
4174		-13.787500
4175		-13.875000
4176		-13.787500
4177		-14.675000
4178		-14.762500
4179		-13.875000
4180		-14.350000
4181		-14.143750
4182		-14.318750
4183		-13.787500
4184		-13.993750
4185		-12.868750
4186		-12.306250
4187		-11.087500
4188		-11.237500
4189		-10.350000
4190		-9.843750
4191		-8.806250
4192		-8.956250
4193		-8.718750
4194		-9.637500
4195		-9.756250
4196		-10.350000
4197		-10.256250
4198		-11.237500
4199		-10.968750
4200		-11.475000
4201		-11.412500
4202		-11.618750
4203		-11.475000
4204		-11.381250
4205		-11.412500
4206		-11.325000
4207		-10.793750
4208		-10.287500
4209		-10.112500
4210		-8.956250
4211		-9.312500
4212		-8.418750
4213		-8.537500
4214		-8.093750
4215		-7.500000
4216		-7.262500
4217		-6.343750
4218		-5.812500
4219		-5.250000
4220		-4.981250
4221		-4.775000
4222		-4.950000
4223		-4.656250
4224		-4.418750
4225		-4.362500
4226		-4.150000
4227		-3.768750
4228		-4.300000
4229		-4.743750
4230		-5.306250
4231		-5.962500
4232		-5.931250
4233		-7.175000
4234		-7.381250
4235		-7.475000
4236		-7.206250
4237		-7.118750
4238		-7.118750
4239		-7.087500
4240		-7.118750
4241		-6.668750
4242		-5.962500
4243		-5.693750
4244		-5.043750
4245		-5.187500
4246		-4.862500
4247		-5.456250
4248		-5.187500
4249		-5.425000
4250		-5.606250
4251		-5.962500
4252		-5.637500
4253		-5.843750
4254		-6.406250
4255		-7.381250
4256		-7.000000
4257		-7.325000
4258		-6.437500
4259		-6.256250
4260		-6.375000
4261		-6.968750
4262		-6.493750
4263		-6.318750
4264		-5.487500
4265		-5.012500
4266		-4.212500
4267		-4.387500
4268		-4.387500
4269		-4.718750
4270		-4.775000
4271		-4.568750
4272		-4.506250
4273		-5.012500
4274		-5.456250
4275		-6.437500
4276		-6.343750
4277		-6.731250
4278		-7.175000
4279		-7.025000
4280		-6.850000
4281		-7.768750
4282		-7.381250
4283		-8.512500
4284		-8.512500
4285		-8.625000
4286		-7.943750
4287		-7.800000
4288		-6.581250
4289		-7.175000
4290		-6.581250
4291		-5.162500
4292		-4.125000
4293		-3.531250
4294		-2.493750
4295		-2.787500
4296		-2.375000
4297		-2.050000
4298		-1.393750
4299		-1.250000
4300		-1.100000
4301		-1.187500
4302		-1.606250
4303		-2.075000
4304		-2.875000
4305		-2.525000
4306		-3.412500
4307		-3.825000
4308		-3.025000
4309		-3.975000
4310		-4.981250
4311		-4.268750
4312		-4.150000
4313		-4.743750
4314		-3.206250
4315		-4.950000
4316		-5.043750
4317		-4.950000
4318		-5.693750
4319		-4.806250
4320		-5.012500
4321		-4.718750
4322		-5.162500
4323		-4.718750
4324		-4.806250
4325		-4.212500
4326		-4.418750
4327		-3.825000
4328		-3.768750
4329		-2.762500
4330		-4.862500
4331		-1.956250
4332		-2.106250
4333		-1.931250
4334		-1.843750
4335		-1.306250
4336		-2.050000
4337		-1.900000
4338		-0.893750
4339		-1.218750
4340		-1.425000
4341		-1.337500
4342		-1.156250
4343		-0.950000
4344		-1.368750
4345		-1.512500
4346		-1.575000
4347		-1.275000
4348		-2.137500
4349		-1.900000
4350		-2.643750
4351		-2.343750
4352		-2.731250
4353		-2.312500
4354		-2.375000
4355		-2.787500
4356		-3.087500
4357		-2.643750
4358		-2.731250
4359		-2.375000
4360		-2.937500
4361		-2.612500
4362		-3.175000
4363		-2.937500
4364		-3.531250
4365		-3.912500
4366		-4.450000
4367		-3.975000
4368		-4.450000
4369		-3.887500
4370		-3.912500
4371		-4.125000
4372		-4.981250
4373		-3.768750
4374		-3.912500
4375		-3.350000
4376		-3.468750
4377		-3.587500
4378		-4.268750
4379		-4.062500
4380		-3.943750
4381		-3.562500
4382		-3.912500
4383		-3.975000
4384		-4.687500
4385		-4.362500
4386		-3.768750
4387		-4.268750
4388		-4.568750
4389		-4.212500
4390		-4.506250
4391		-5.487500
4392		-6.493750
4393		-6.225000
4394		-7.412500
4395		-7.681250
4396		-7.918750
4397		-8.600000
4398		-10.050000
4399		-10.493750
4400		-11.325000
4401		-11.712500
4402		-12.125000
4403		-13.012500
4404		-13.312500
4405		-13.787500
4406		-14.081250
4407		-14.350000
4408		-14.081250
4409		-14.643750
4410		-13.693750
4411		-13.756250
4412		-13.193750
4413		-13.725000
4414		-13.725000
4415		-14.112500
4416		-13.400000
4417		-13.606250
4418		-13.431250
4419		-13.337500
4420		-13.193750
4421		-12.568750
4422		-11.618750
4423		-11.443750
4424		-11.650000
4425		-12.125000
4426		-12.687500
4427		-12.656250
4428		-11.768750
4429		-11.831250
4430		-10.643750
4431		-11.268750
4432		-10.793750
4433		-12.600000
4434		-12.418750
4435		-14.256250
4436		-13.637500
4437		-14.556250
4438		-14.437500
4439		-14.968750
4440		-13.693750
4441		-14.731250
4442		-13.993750
4443		-14.881250
4444		-14.081250
4445		-14.287500
4446		-13.131250
4447		-13.193750
4448		-12.512500
4449		-13.225000
4450		-13.193750
4451		-13.725000
4452		-14.406250
4453		-14.406250
4454		-13.693750
4455		-14.025000
4456		-13.312500
4457		-12.306250
4458		-11.681250
4459		-11.650000
4460		-11.293750
4461		-11.768750
4462		-11.562500
4463		-12.243750
4464		-12.037500
4465		-11.737500
4466		-11.831250
4467		-12.068750
4468		-12.125000
4469		-12.006250
4470		-12.568750
4471		-12.125000
4472		-11.737500
4473		-11.531250
4474		-11.737500
4475		-12.037500
4476		-11.918750
4477		-11.206250
4478		-11.681250
4479		-11.531250
4480		-11.712500
4481		-11.768750
4482		-11.268750
4483		-11.381250
4484		-10.350000
4485		-10.881250
4486		-11.087500
4487		-10.912500
4488		-10.350000
4489		-10.643750
4490		-10.762500
4491		-11.056250
4492		-11.237500
4493		-11.206250
4494		-11.268750
4495		-11.056250
4496		-11.381250
4497		-10.675000
4498		-10.762500
4499		-10.850000
4500		-12.068750
4501		-10.912500
4502		-10.968750
4503		-10.818750
4504		-11.475000
4505		-10.375000
4506		-11.175000
4507		-10.137500
4508		-9.756250
4509		-9.337500
4510		-10.112500
4511		-9.075000
4512		-8.300000
4513		-7.918750
4514		-8.418750
4515		-7.681250
4516		-7.768750
4517		-6.968750
4518		-7.000000
4519		-6.081250
4520		-5.900000
4521		-4.568750
4522		-4.506250
4523		-4.506250
4524		-4.950000
4525		-4.268750
4526		-5.068750
4527		-4.537500
4528		-4.925000
4529		-4.212500
4530		-4.125000
4531		-4.387500
4532		-4.862500
4533		-5.781250
4534		-6.525000
4535		-5.750000
4536		-5.281250
4537		-4.268750
4538		-4.300000
4539		-2.287500
4540		-2.493750
4541		-2.968750
4542		-4.418750
4543		-5.337500
4544		-5.518750
4545		-5.131250
4546		-4.775000
4547		-3.412500
4548		-3.025000
4549		-1.868750
4550		-2.193750
4551		-2.525000
4552		-3.175000
4553		-3.381250
4554		-4.062500
4555		-3.087500
4556		-2.075000
4557		0.231250
4558		1.450000
4559		2.693750
4560		3.343750
4561		2.868750
4562		3.200000
4563		4.206250
4564		4.475000
4565		4.325000
4566		3.050000
4567		1.181250
4568		-0.212500
4569		-1.250000
4570		-1.187500
4571		-0.118750
4572		0.800000
4573		2.043750
4574		2.606250
4575		2.693750
4576		1.181250
4577		-0.593750
4578		-1.631250
4579		-2.993750
4580		-3.175000
4581		-4.300000
4582		-3.412500
4583		-2.787500
4584		-2.431250
4585		-1.606250
4586		0.650000
4587		2.368750
4588		4.768750
4589		6.606250
4590		7.350000
4591		7.200000
4592		6.312500
4593		4.381250
4594		4.293750
4595		4.443750
4596		5.125000
4597		5.925000
4598		7.587500
4599		7.256250
4600		8.562500
4601		8.768750
4602		8.681250
4603		7.881250
4604		7.256250
4605		6.218750
4606		5.275000
4607		4.000000
4608		2.962500
4609		1.625000
4610		2.012500
4611		2.043750
4612		3.106250
4613		4.087500
4614		5.925000
4615		6.693750
4616		7.881250
4617		7.643750
4618		8.293750
4619		7.700000
4620		8.475000
4621		8.650000
4622		9.868750
4623		10.812500
4624		11.850000
4625		12.206250
4626		12.918750
4627		13.987500
4628		15.231250
4629		15.350000
4630		15.706250
4631		15.112500
4632		14.843750
4633		14.075000
4634		13.331250
4635		12.506250
4636		11.556250
4637		10.725000
4638		10.606250
4639		10.456250
4640		11.200000
4641		11.437500
4642		11.793750
4643		12.981250
4644		12.887500
4645		13.987500
4646		14.462500
4647		14.281250
4648		14.343750
4649		15.175000
4650		15.143750
4651		16.537500
4652		16.712500
4653		17.218750
4654		17.512501
4655		18.193750
4656		18.462500
4657		18.075001
4658		18.312500
4659		17.600000
4660		17.512501
4661		16.981251
4662		16.418751
4663		16.537500
4664		16.299999
4665		16.443750
4666		16.150000
4667		16.093750
4668		15.912500
4669		16.237499
4670		16.093750
4671		16.299999
4672		16.743750
4673		16.893749
4674		17.781250
4675		18.731251
4676		18.906250
4677		20.150000
4678		20.656250
4679		21.868750
4680		23.056250
4681		23.975000
4682		24.506250
4683		25.162500
4684		25.068750
4685		25.543751
4686		24.743750
4687		25.068750
4688		23.943750
4689		23.943750
4690		23.262501
4691		23.056250
4692		22.875000
4693		23.056250
4694		22.993750
4695		23.143749
4696		23.262501
4697		24.006250
4698		23.562500
4699		23.706249
4700		23.737499
4701		24.093750
4702		24.687500
4703		24.981251
4704		25.131250
4705		25.962500
4706		26.018749
4707		26.462500
4708		26.787500
4709		27.443750
4710		27.293751
4711		27.562500
4712		27.293751
4713		27.918751
4714		27.262501
4715		27.500000
4716		27.587500
4717		27.943750
4718		28.037500
4719		27.918751
4720		27.943750
4721		27.768749
4722		27.087500
4723		26.462500
4724		26.375000
4725		26.287500
4726		25.662500
4727		26.256250
4728		26.318750
4729		27.087500
4730		27.293751
4731		27.768749
4732		27.799999
4733		28.656250
4734		29.637501
4735		29.725000
4736		31.293751
4737		32.037498
4738		32.037498
4739		32.037498
4740		32.156250
4741		32.599998
4742		32.987499
4743		32.987499
4744		33.668751
4745		33.518749
4746		33.281250
4747		33.368752
4748		33.812500
4749		33.668751
4750		34.706249
4751		34.406250
4752		35.087502
4753		34.674999
4754		34.912498
4755		36.037498
4756		37.012501
4757		37.012501
4758		38.674999
4759		38.556252
4760		38.881248
4761		38.437500
4762		38.856251
4763		38.587502
4764		38.825001
4765		38.762501
4766		39.268749
4767		38.674999
4768		38.406250
4769		37.487499
4770		37.549999
4771		37.131248
4772		37.487499
4773		36.568748
4774		36.568748
4775		36.450001
4776		36.750000
4777		36.687500
4778		37.162498
4779		36.718750
4780		37.250000
4781		38.025002
4782		38.856251
4783		38.943748
4784		40.275002
4785		40.631248
4786		41.224998
4787		40.718750
4788		41.756248
4789		40.987499
4790		42.025002
4791		41.343750
4792		42.200001
4793		41.281250
4794		41.018749
4795		40.750000
4796		39.831249
4797		39.506248
4798		39.950001
4799		38.793751
4800		38.112499
4801		37.700001
4802		36.837502
4803		36.543751
4804		35.593750
4805		35.593750
4806		35.268749
4807		35.593750
4808		35.412498
4809		35.356251
4810		35.174999
4811		34.587502
4812		34.968750
4813		34.112499
4814		34.825001
4815		34.556252
4816		34.849998
4817		34.881248
4818		35.443748
4819		35.356251
4820		35.650002
4821		35.918751
4822		36.068748
4823		35.981251
4824		36.781250
4825		37.193748
4826		37.043751
4827		36.987499
4828		36.543751
4829		36.275002
4830		36.093750
4831		35.743752
4832		35.506248
4833		35.206249
4834		35.356251
4835		35.000000
4836		34.025002
4837		33.693748
4838		32.837502
4839		32.393749
4840		31.618750
4841		31.206249
4842		30.168751
4843		29.637501
4844		28.837500
4845		28.093750
4846		28.093750
4847		28.299999
4848		28.181250
4849		27.799999
4850		27.118750
4851		27.293751
4852		26.493750
4853		26.375000
4854		25.725000
4855		25.662500
4856		25.424999
4857		25.337500
4858		24.831249
4859		24.481251
4860		23.793751
4861		23.706249
4862		22.700001
4863		23.231251
4864		22.612499
4865		23.293751
4866		22.762501
4867		23.025000
4868		22.581249
4869		22.787500
4870		21.956249
4871		22.168751
4872		22.018749
4873		22.549999
4874		21.725000
4875		22.193750
4876		22.256250
4877		22.343750
4878		22.375000
4879		22.612499
4880		22.612499
4881		22.549999
4882		21.868750
4883		20.893749
4884		20.331249
4885		19.737499
4886		19.293751
4887		19.556250
4888		18.787500
4889		18.462500
4890		17.512501
4891		16.831249
4892		15.856250
4893		16.000000
4894		15.175000
4895		15.350000
4896		15.081250
4897		14.668750
4898		14.431250
4899		14.368750
4900		13.568750
4901		14.281250
4902		14.700000
4903		14.487500
4904		14.962500
4905		14.250000
4906		13.718750
4907		14.162500
4908		14.668750
4909		14.162500
4910		13.450000
4911		13.362500
4912		13.243750
4913		13.868750
4914		13.662500
4915		13.662500
4916		12.918750
4917		12.918750
4918		11.943750
4919		11.143750
4920		11.912500
4921		11.825000
4922		11.968750
4923		11.706250
4924		10.843750
4925		10.250000
4926		9.068750
4927		7.587500
4928		7.112500
4929		6.875000
4930		6.812500
4931		6.993750
4932		6.075000
4933		5.362500
4934		5.362500
4935		5.037500
4936		4.918750
4937		4.768750
4938		5.512500
4939		5.481250
4940		5.631250
4941		5.362500
4942		4.175000
4943		3.937500
4944		2.962500
4945		2.606250
4946		2.900000
4947		2.756250
4948		4.206250
4949		4.412500
4950		5.062500
4951		5.156250
4952		4.237500
4953		3.937500
4954		3.556250
4955		2.518750
4956		2.868750
4957		2.756250
4958		3.287500
4959		2.987500
4960		2.987500
4961		1.656250
4962		1.687500
4963		1.718750
4964		2.068750
4965		1.950000
4966		2.068750
4967		1.418750
4968		1.418750
4969		0.975000
4970		1.125000
4971		1.062500
4972		0.943750
4973		0.800000
4974		0.468750
4975		0.618750
4976		1.181250
4977		0.737500
4978		1.268750
4979		2.100000
4980		1.093750
4981		0.887500
4982		0.737500
4983		-0.450000
4984		0.293750
4985		-0.118750
4986		0.468750
4987		0.293750
4988		-0.062500
4989		-0.062500
4990		-1.100000
4991		-0.475000
4992		-0.212500
4993		-1.100000
4994		-0.712500
4995		-0.775000
4996		-1.187500
4997		-1.337500
4998		-0.893750
4999		-0.712500
5000		0.231250
5001		0.618750
5002		0.618750
5003		1.062500
5004		0.943750
5005		0.918750
5006		1.031250
5007		1.093750
5008		1.981250
5009		1.656250
5010		1.062500
5011		1.481250
5012		2.162500
5013		2.868750
5014		2.456250
5015		2.218750
5016		1.362500
5017		1.568750
5018		0.618750
5019		0.143750
5020		-0.418750
5021		-0.950000
5022		-0.593750
5023		-1.012500
5024		-2.550000
5025		-3.650000
5026		-4.718750
5027		-5.218750
5028		-5.843750
5029		-5.306250
5030		-4.743750
5031		-4.150000
5032		-4.600000
5033		-5.162500
5034		-7.293750
5035		-7.475000
5036		-8.718750
5037		-8.512500
5038		-8.331250
5039		-7.381250
5040		-7.143750
5041		-6.700000
5042		-7.025000
5043		-7.087500
5044		-8.718750
5045		-9.162500
5046		-9.900000
5047		-8.862500
5048		-7.918750
5049		-6.493750
5050		-4.893750
5051		-3.681250
5052		-3.262500
5053		-1.931250
5054		-2.731250
5055		-2.462500
5056		-3.737500
5057		-4.150000
5058		-5.043750
5059		-6.375000
5060		-8.481250
5061		-9.431250
5062		-9.400000
5063		-9.250000
5064		-8.600000
5065		-7.237500
5066		-6.668750
5067		-6.406250
5068		-7.800000
5069		-8.925000
5070		-10.937500
5071		-12.068750
5072		-14.025000
5073		-14.825000
5074		-15.443750
5075		-15.443750
5076		-15.062500
5077		-14.200000
5078		-13.456250
5079		-10.968750
5080		-8.806250
5081		-6.818750
5082		-6.581250
5083		-6.850000
5084		-8.450000
5085		-9.543750
5086		-10.762500
5087		-11.031250
5088		-10.793750
5089		-10.200000
5090		-10.018750
5091		-9.281250
5092		-9.487500
5093		-9.781250
5094		-10.050000
5095		-10.112500
5096		-10.881250
5097		-11.975000
5098		-12.806250
5099		-14.112500
5100		-16.156250
5101		-17.343750
5102		-17.756250
5103		-18.525000
5104		-17.225000
5105		-16.393749
5106		-15.087500
5107		-14.525000
5108		-13.250000
5109		-13.193750
5110		-13.106250
5111		-13.431250
5112		-12.956250
5113		-13.193750
5114		-12.362500
5115		-12.481250
5116		-11.712500
5117		-11.000000
5118		-10.462500
5119		-10.200000
5120		-9.337500
5121		-8.893750
5122		-8.718750
5123		-9.012500
5124		-9.131250
5125		-10.731250
5126		-11.031250
5127		-11.918750
5128		-12.243750
5129		-13.487500
5130		-13.725000
5131		-14.231250
5132		-13.487500
5133		-13.312500
5134		-12.750000
5135		-12.212500
5136		-11.800000
5137		-11.475000
5138		-10.968750
5139		-10.525000
5140		-9.993750
5141		-9.993750
5142		-9.368750
5143		-8.956250
5144		-8.718750
5145		-8.600000
5146		-7.356250
5147		-7.768750
5148		-7.381250
5149		-7.618750
5150		-6.818750
5151		-7.056250
5152		-7.975000
5153		-8.512500
5154		-8.718750
5155		-9.756250
5156		-9.756250
5157		-10.525000
5158		-10.350000
5159		-10.612500
5160		-10.375000
5161		-10.793750
5162		-10.731250
5163		-10.525000
5164		-10.256250
5165		-10.731250
5166		-10.700000
5167		-10.112500
5168		-9.843750
5169		-9.100000
5170		-8.300000
5171		-7.237500
5172		-6.881250
5173		-5.781250
5174		-5.931250
5175		-5.100000
5176		-4.950000
5177		-6.343750
5178		-6.762500
5179		-6.968750
5180		-7.143750
5181		-7.856250
5182		-7.800000
5183		-8.006250
5184		-8.275000
5185		-8.981250
5186		-8.893750
5187		-8.862500
5188		-8.718750
5189		-8.362500
5190		-8.362500
5191		-7.500000
5192		-7.531250
5193		-7.000000
5194		-7.118750
5195		-6.081250
5196		-5.487500
5197		-4.600000
5198		-4.775000
5199		-4.181250
5200		-3.681250
5201		-3.531250
5202		-3.350000
5203		-2.668750
5204		-3.175000
5205		-2.668750
5206		-3.325000
5207		-3.112500
5208		-2.762500
5209		-2.137500
5210		-1.900000
5211		-1.900000
5212		-1.931250
5213		-1.693750
5214		-2.193750
5215		-2.731250
5216		-3.737500
5217		-3.231250
5218		-3.768750
5219		-2.906250
5220		-3.262500
5221		-1.900000
5222		-2.343750
5223		-1.693750
5224		-1.543750
5225		-1.037500
5226		-1.037500
5227		0.231250
5228		0.500000
5229		0.618750
5230		0.856250
5231		1.568750
5232		1.062500
5233		0.443750
5234		0.143750
5235		0.056250
5236		-0.268750
5237		-0.237500
5238		-1.100000
5239		-1.156250
5240		-1.631250
5241		-1.606250
5242		-1.275000
5243		-0.893750
5244		-2.018750
5245		-1.543750
5246		-2.050000
5247		-1.250000
5248		-1.425000
5249		0.025000
5250		-0.118750
5251		-0.118750
5252		-0.475000
5253		-0.656250
5254		0.000000
5255		-0.712500
5256		-1.187500
5257		-1.250000
5258		-1.987500
5259		-2.550000
5260		-3.325000
5261		-3.531250
5262		-4.537500
5263		-4.212500
5264		-4.806250
5265		-4.981250
5266		-4.950000
5267		-6.287500
5268		-6.612500
5269		-6.050000
5270		-5.987500
5271		-5.400000
5272		-4.806250
5273		-4.925000
5274		-4.506250
5275		-3.531250
5276		-2.993750
5277		-2.050000
5278		-1.812500
5279		-1.543750
5280		-0.331250
5281		-1.218750
5282		0.231250
5283		-0.150000
5284		-0.687500
5285		-0.450000
5286		-0.118750
5287		-1.012500
5288		-0.806250
5289		-1.543750
5290		-1.693750
5291		-1.931250
5292		-1.487500
5293		-2.106250
5294		-2.343750
5295		-3.325000
5296		-3.056250
5297		-3.618750
5298		-3.112500
5299		-3.262500
5300		-2.937500
5301		-3.262500
5302		-2.193750
5303		-2.731250
5304		-2.193750
5305		-2.106250
5306		-1.606250
5307		-1.987500
5308		-0.593750
5309		-0.862500
5310		0.087500
5311		-0.743750
5312		0.025000
5313		-0.150000
5314		0.618750
5315		0.350000
5316		1.243750
5317		1.625000
5318		1.806250
5319		0.825000
5320		1.481250
5321		1.243750
5322		1.362500
5323		1.181250
5324		1.243750
5325		0.443750
5326		1.300000
5327		0.768750
5328		1.331250
5329		0.443750
5330		0.768750
5331		0.206250
5332		-0.212500
5333		-0.118750
5334		-0.712500
5335		-1.250000
5336		-1.543750
5337		-1.337500
5338		-1.156250
5339		-1.068750
5340		-1.156250
5341		-0.268750
5342		-0.981250
5343		-0.331250
5344		-0.712500
5345		-0.687500
5346		-0.593750
5347		-0.656250
5348		-0.831250
5349		-1.368750
5350		-1.368750
5351		-1.487500
5352		-1.662500
5353		-1.012500
5354		-1.487500
5355		-1.250000
5356		-1.306250
5357		-1.012500
5358		-1.250000
5359		-0.656250
5360		-0.893750
5361		-0.656250
5362		-0.418750
5363		-0.300000
5364		0.262500
5365		0.443750
5366		0.325000
5367		0.975000
5368		0.737500
5369		1.125000
5370		1.362500
5371		2.162500
5372		1.950000
5373		1.362500
5374		-0.356250
5375		0.325000
5376		0.087500
5377		-1.100000
5378		-1.987500
5379		-2.193750
5380		-3.143750
5381		-2.993750
5382		-4.125000
5383		-4.212500
5384		-5.606250
5385		-5.543750
5386		-6.343750
5387		-6.200000
5388		-7.293750
5389		-7.856250
5390		-8.718750
5391		-7.856250
5392		-9.250000
5393		-8.718750
5394		-8.837500
5395		-8.300000
5396		-8.981250
5397		-8.512500
5398		-9.637500
5399		-9.543750
5400		-10.375000
5401		-9.993750
5402		-10.406250
5403		-9.843750
5404		-9.931250
5405		-9.250000
5406		-9.250000
5407		-9.131250
5408		-8.450000
5409		-8.600000
5410		-8.806250
5411		-9.431250
5412		-8.568750
5413		-8.212500
5414		-7.856250
5415		-7.175000
5416		-7.856250
5417		-7.681250
5418		-8.512500
5419		-9.162500
5420		-9.725000
5421		-9.012500
5422		-9.193750
5423		-9.193750
5424		-9.756250
5425		-9.662500
5426		-9.662500
5427		-9.900000
5428		-9.756250
5429		-9.312500
5430		-8.450000
5431		-8.481250
5432		-7.650000
5433		-7.856250
5434		-7.681250
5435		-8.362500
5436		-9.100000
5437		-8.512500
5438		-8.537500
5439		-8.600000
5440		-7.975000
5441		-7.237500
5442		-6.081250
5443		-5.931250
5444		-5.693750
5445		-5.368750
5446		-5.187500
5447		-5.487500
5448		-6.287500
5449		-5.931250
5450		-5.812500
5451		-5.518750
5452		-5.400000
5453		-5.662500
5454		-5.456250
5455		-5.781250
5456		-4.743750
5457		-5.843750
5458		-5.043750
5459		-5.068750
5460		-4.718750
5461		-5.400000
5462		-4.537500
5463		-5.012500
5464		-4.600000
5465		-4.212500
5466		-3.412500
5467		-3.681250
5468		-3.856250
5469		-3.412500
5470		-3.768750
5471		-3.087500
5472		-2.731250
5473		-2.525000
5474		-2.406250
5475		-3.087500
5476		-2.643750
5477		-3.468750
5478		-2.875000
5479		-2.850000
5480		-2.612500
5481		-2.818750
5482		-2.287500
5483		-2.643750
5484		-2.731250
5485		-3.087500
5486		-2.612500
5487		-3.468750
5488		-2.493750
5489		-2.581250
5490		-2.075000
5491		-2.050000
5492		-1.631250
5493		-1.012500
5494		-1.187500
5495		-1.306250
5496		-0.212500
5497		0.231250
5498		0.325000
5499		0.975000
5500		0.737500
5501		1.625000
5502		1.775000
5503		1.862500
5504		3.081250
5505		2.987500
5506		3.437500
5507		3.343750
5508		3.556250
5509		3.406250
5510		3.556250
5511		3.225000
5512		3.200000
5513		2.962500
5514		3.581250
5515		3.256250
5516		3.050000
5517		2.068750
5518		2.068750
5519		1.506250
5520		2.337500
5521		3.493750
5522		4.618750
5523		5.212500
5524		5.481250
5525		5.656250
5526		5.181250
5527		4.856250
5528		4.000000
5529		4.087500
5530		5.243750
5531		6.312500
5532		7.556250
5533		8.562500
5534		8.918750
5535		8.975000
5536		8.831250
5537		8.412500
5538		8.443750
5539		9.037500
5540		9.956250
5541		12.031250
5542		13.781250
5543		15.112500
5544		15.706250
5545		16.062500
5546		16.981251
5547		17.424999
5548		18.106251
5549		18.162500
5550		16.831249
5551		16.299999
5552		13.806250
5553		12.768750
5554		12.475000
5555		12.593750
5556		13.568750
5557		15.500000
5558		16.562500
5559		17.156250
5560		16.593750
5561		15.943750
5562		13.568750
5563		12.712500
5564		11.943750
5565		11.262500
5566		10.931250
5567		11.731250
5568		12.181250
5569		13.037500
5570		14.906250
5571		17.662500
5572		19.793751
5573		22.549999
5574		23.706249
5575		23.887501
5576		23.618750
5577		22.968750
5578		21.662500
5579		21.931250
5580		22.193750
5581		23.737499
5582		23.737499
5583		25.631250
5584		26.018749
5585		27.118750
5586		26.375000
5587		26.937500
5588		26.525000
5589		25.843750
5590		24.924999
5591		24.006250
5592		22.106251
5593		22.312500
5594		20.831249
5595		21.662500
5596		21.725000
5597		23.856251
5598		25.281250
5599		26.731251
5600		27.943750
5601		28.806250
5602		28.743750
5603		29.575001
5604		29.812500
5605		30.818750
5606		31.562500
5607		32.987499
5608		33.787498
5609		35.443748
5610		35.293751
5611		36.900002
5612		37.368752
5613		38.618752
5614		38.618752
5615		39.206249
5616		39.356251
5617		39.087502
5618		38.381248
5619		37.787498
5620		37.131248
5621		36.924999
5622		36.125000
5623		36.037498
5624		36.750000
5625		37.131248
5626		37.462502
5627		38.349998
5628		38.943748
5629		39.387501
5630		40.156250
5631		39.743752
5632		39.887501
5633		40.006248
5634		40.306252
5635		40.806252
5636		40.599998
5637		41.256248
5638		41.787498
5639		41.668751
5640		41.612499
5641		41.224998
5642		40.631248
5643		39.950001
5644		39.656250
5645		38.556252
5646		37.937500
5647		36.868752
5648		36.837502
5649		35.356251
5650		35.862499
5651		35.031250
5652		34.706249
5653		33.875000
5654		34.081249
5655		33.843750
5656		33.962502
5657		34.168751
5658		34.556252
5659		34.318748
5660		35.000000
5661		35.268749
5662		36.750000
5663		36.393749
5664		37.787498
5665		37.787498
5666		39.150002
5667		39.268749
5668		39.799999
5669		39.118752
5670		39.474998
5671		38.762501
5672		39.206249
5673		38.674999
5674		38.168751
5675		37.875000
5676		38.112499
5677		38.318748
5678		38.168751
5679		38.287498
5680		39.000000
5681		38.437500
5682		38.706249
5683		38.112499
5684		38.168751
5685		38.793751
5686		38.737499
5687		38.737499
5688		39.506248
5689		39.593750
5690		39.799999
5691		40.125000
5692		40.099998
5693		39.656250
5694		40.393749
5695		40.543751
5696		40.362499
5697		39.474998
5698		40.037498
5699		39.656250
5700		40.099998
5701		39.443748
5702		39.775002
5703		40.125000
5704		39.593750
5705		38.618752
5706		37.787498
5707		37.724998
5708		37.224998
5709		36.837502
5710		36.331249
5711		36.187500
5712		35.799999
5713		35.918751
5714		35.681252
5715		36.006248
5716		36.125000
5717		35.950001
5718		36.687500
5719		36.450001
5720		37.400002
5721		37.368752
5722		37.281250
5723		37.487499
5724		37.043751
5725		36.750000
5726		36.750000
5727		37.162498
5728		37.162498
5729		37.637501
5730		37.281250
5731		37.368752
5732		36.781250
5733		36.900002
5734		36.687500
5735		38.231251
5736		37.787498
5737		37.962502
5738		38.287498
5739		39.062500
5740		39.087502
5741		40.481251
5742		40.806252
5743		41.493752
5744		41.224998
5745		42.081249
5746		41.549999
5747		41.962502
5748		42.112499
5749		42.174999
5750		41.431252
5751		41.312500
5752		40.393749
5753		41.549999
5754		40.543751
5755		41.193748
5756		40.218750
5757		40.662498
5758		41.193748
5759		40.987499
5760		40.543751
5761		41.493752
5762		41.162498
5763		41.962502
5764		41.137501
5765		42.468750
5766		42.974998
5767		44.275002
5768		44.987499
5769		46.056252
5770		46.531250
5771		46.825001
5772		46.174999
5773		46.974998
5774		46.768749
5775		47.568748
5776		46.556252
5777		46.974998
5778		46.443748
5779		46.412498
5780		45.818748
5781		44.693748
5782		44.837502
5783		43.450001
5784		43.000000
5785		42.262501
5786		41.818748
5787		41.224998
5788		40.156250
5789		40.456249
5790		40.218750
5791		39.743752
5792		39.743752
5793		39.299999
5794		39.356251
5795		38.081249
5796		38.587502
5797		37.962502
5798		38.112499
5799		38.674999
5800		38.706249
5801		37.937500
5802		38.406250
5803		38.318748
5804		38.143749
5805		37.518749
5806		38.793751
5807		38.287498
5808		39.356251
5809		39.743752
5810		40.512501
5811		39.799999
5812		40.099998
5813		39.593750
5814		39.418751
5815		38.556252
5816		38.968750
5817		38.437500
5818		38.943748
5819		38.168751
5820		37.993752
5821		37.724998
5822		37.312500
5823		36.631248
5824		36.599998
5825		35.412498
5826		35.387501
5827		34.081249
5828		33.724998
5829		32.656250
5830		33.106251
5831		32.537498
5832		32.806252
5833		32.006248
5834		32.299999
5835		31.056250
5836		31.056250
5837		30.731251
5838		30.556250
5839		29.931250
5840		29.575001
5841		29.281250
5842		28.331249
5843		27.325001
5844		26.906250
5845		26.493750
5846		26.081249
5847		26.225000
5848		26.168751
5849		25.662500
5850		25.987499
5851		25.781250
5852		25.868750
5853		25.606251
5854		24.924999
5855		25.218750
5856		25.250000
5857		24.625000
5858		25.400000
5859		24.387501
5860		24.568750
5861		24.537500
5862		25.337500
5863		24.831249
5864		24.481251
5865		24.450001
5866		24.481251
5867		22.993750
5868		22.312500
5869		22.168751
5870		20.593750
5871		20.981251
5872		20.181250
5873		19.412500
5874		19.112499
5875		18.400000
5876		17.718750
5877		16.981251
5878		16.862499
5879		16.093750
5880		16.062500
5881		15.025000
5882		15.468750
5883		14.962500
5884		14.606250
5885		14.518750
5886		14.606250
5887		14.400000
5888		14.843750
5889		14.106250
5890		14.281250
5891		13.718750
5892		13.481250
5893		13.806250
5894		13.662500
5895		13.331250
5896		13.837500
5897		15.175000
5898		14.843750
5899		15.262500
5900		14.518750
5901		15.056250
5902		13.750000
5903		14.225000
5904		14.075000
5905		14.843750
5906		14.875000
5907		14.725000
5908		15.200000
5909		14.281250
5910		12.831250
5911		12.443750
5912		11.262500
5913		10.962500
5914		10.456250
5915		10.756250
5916		9.481250
5917		9.806250
5918		9.331250
5919		8.150000
5920		8.562500
5921		9.212500
5922		9.362500
5923		9.512500
5924		9.425000
5925		8.856250
5926		8.681250
5927		8.268750
5928		7.643750
5929		7.081250
5930		5.775000
5931		6.900000
5932		6.606250
5933		8.150000
5934		8.206250
5935		8.293750
5936		6.993750
5937		6.662500
5938		6.518750
5939		6.843750
5940		5.775000
5941		6.100000
5942		5.743750
5943		6.250000
5944		5.862500
5945		5.656250
5946		4.475000
5947		5.656250
5948		4.118750
5949		5.125000
5950		4.087500
5951		3.406250
5952		3.612500
5953		3.850000
5954		3.556250
5955		3.200000
5956		3.406250
5957		3.493750
5958		3.881250
5959		3.581250
5960		3.793750
5961		3.643750
5962		3.493750
5963		3.462500
5964		3.493750
5965		3.881250
5966		3.287500
5967		3.018750
5968		3.225000
5969		2.662500
5970		2.425000
5971		2.012500
5972		2.068750
5973		1.656250
5974		1.506250
5975		1.331250
5976		1.418750
5977		1.331250
5978		0.856250
5979		0.800000
5980		-0.150000
5981		0.618750
5982		0.650000
5983		0.262500
5984		1.212500
5985		1.387500
5986		1.300000
5987		1.687500
5988		1.568750
5989		1.481250
5990		1.506250
5991		2.162500
5992		2.725000
5993		1.862500
5994		2.400000
5995		2.756250
5996		3.106250
5997		3.937500
5998		3.675000
5999		3.437500
6000		3.675000
6001		3.168750
6002		2.662500
6003		2.400000
6004		2.400000
6005		1.656250
6006		2.368750
6007		1.212500
6008		1.718750
6009		0.500000
6010		-0.450000
6011		-1.306250
6012		-1.100000
6013		-1.337500
6014		0.531250
6015		0.381250
6016		0.231250
6017		-0.331250
6018		-1.337500
6019		-2.937500
6020		-3.025000
6021		-4.656250
6022		-3.768750
6023		-4.031250
6024		-2.937500
6025		-2.993750
6026		-2.875000
6027		-3.293750
6028		-3.768750
6029		-4.862500
6030		-5.693750
6031		-5.487500
6032		-4.006250
6033		-4.006250
6034		-1.662500
6035		-0.981250
6036		-0.237500
6037		-0.743750
6038		-0.831250
6039		-1.100000
6040		-1.012500
6041		-1.306250
6042		-2.668750
6043		-3.943750
6044		-5.693750
6045		-7.618750
6046		-7.825000
6047		-7.768750
6048		-7.475000
6049		-6.018750
6050		-5.100000
6051		-5.131250
6052		-5.043750
6053		-6.525000
6054		-8.418750
6055		-10.493750
6056		-12.125000
6057		-12.537500
6058		-12.600000
6059		-12.568750
6060		-12.331250
6061		-12.212500
6062		-10.793750
6063		-8.806250
6064		-6.137500
6065		-5.012500
6066		-4.006250
6067		-3.887500
6068		-4.656250
6069		-5.750000
6070		-7.237500
6071		-7.943750
6072		-8.775000
6073		-7.293750
6074		-6.668750
6075		-6.581250
6076		-6.581250
6077		-6.968750
6078		-6.287500
6079		-7.587500
6080		-8.037500
6081		-8.656250
6082		-10.050000
6083		-11.768750
6084		-13.225000
6085		-14.762500
6086		-16.275000
6087		-16.450001
6088		-16.068750
6089		-15.562500
6090		-13.993750
6091		-12.393750
6092		-12.512500
6093		-11.475000
6094		-11.950000
6095		-11.950000
6096		-11.918750
6097		-11.618750
6098		-11.831250
6099		-10.881250
6100		-10.437500
6101		-10.081250
6102		-9.725000
6103		-9.337500
6104		-8.331250
6105		-7.681250
6106		-7.825000
6107		-7.412500
6108		-7.706250
6109		-8.212500
6110		-9.250000
6111		-9.931250
6112		-11.593750
6113		-11.681250
6114		-12.418750
6115		-12.687500
6116		-13.131250
6117		-12.600000
6118		-12.537500
6119		-11.531250
6120		-11.237500
6121		-10.406250
6122		-11.118750
6123		-10.406250
6124		-10.287500
6125		-10.200000
6126		-10.081250
6127		-9.400000
6128		-9.250000
6129		-8.393750
6130		-8.300000
6131		-7.975000
6132		-7.800000
6133		-7.737500
6134		-7.618750
6135		-8.656250
6136		-8.568750
6137		-9.312500
6138		-9.337500
6139		-10.231250
6140		-10.437500
6141		-10.675000
6142		-10.793750
6143		-11.768750
6144		-11.475000
6145		-11.118750
6146		-11.268750
6147		-11.293750
6148		-11.681250
6149		-11.118750
6150		-11.056250
6151		-10.350000
6152		-10.200000
6153		-9.900000
6154		-8.600000
6155		-8.212500
6156		-6.937500
6157		-6.612500
6158		-5.637500
6159		-5.281250
6160		-4.893750
6161		-5.162500
6162		-5.131250
6163		-5.487500
6164		-5.306250
6165		-5.900000
6166		-5.900000
6167		-7.143750
6168		-6.493750
6169		-6.906250
6170		-6.937500
6171		-7.262500
6172		-7.262500
6173		-7.143750
6174		-6.375000
6175		-6.937500
6176		-6.200000
6177		-6.225000
6178		-5.250000
6179		-6.106250
6180		-5.012500
6181		-5.606250
6182		-4.862500
6183		-5.100000
6184		-4.568750
6185		-4.568750
6186		-4.062500
6187		-4.006250
6188		-3.856250
6189		-3.943750
6190		-3.587500
6191		-3.650000
6192		-3.025000
6193		-3.087500
6194		-2.525000
6195		-3.025000
6196		-2.731250
6197		-3.206250
6198		-3.793750
6199		-4.537500
6200		-4.893750
6201		-5.487500
6202		-5.518750
6203		-5.812500
6204		-5.400000
6205		-5.456250
6206		-4.268750
6207		-5.043750
6208		-4.243750
6209		-4.006250
6210		-3.412500
6211		-3.325000
6212		-2.075000
6213		-1.781250
6214		-1.218750
6215		-1.631250
6216		-0.356250
6217		-1.131250
6218		-1.218750
6219		-0.656250
6220		-0.212500
6221		0.000000
6222		-0.475000
6223		-1.037500
6224		-0.806250
6225		-0.743750
6226		-0.712500
6227		-0.950000
6228		-0.418750
6229		-0.181250
6230		-0.893750
6231		-0.712500
6232		0.737500
6233		0.587500
6234		0.975000
6235		1.181250
6236		0.412500
6237		0.768750
6238		-0.062500
6239		-0.331250
6240		-0.418750
6241		-0.450000
6242		-1.843750
6243		-2.787500
6244		-2.643750
6245		-4.006250
6246		-4.300000
6247		-4.212500
6248		-4.718750
6249		-5.250000
6250		-6.050000
6251		-6.081250
6252		-6.462500
6253		-6.612500
6254		-7.025000
6255		-6.437500
6256		-6.668750
6257		-5.900000
6258		-5.662500
6259		-5.043750
6260		-4.506250
6261		-3.768750
6262		-3.412500
6263		-3.175000
6264		-3.087500
6265		-2.818750
6266		-2.787500
6267		-3.087500
6268		-3.087500
6269		-2.462500
6270		-2.993750
6271		-3.143750
6272		-4.831250
6273		-4.831250
6274		-5.425000
6275		-5.068750
6276		-5.068750
6277		-5.781250
6278		-6.556250
6279		-7.087500
6280		-7.825000
6281		-6.881250
6282		-7.175000
6283		-6.493750
6284		-7.056250
6285		-6.881250
6286		-7.475000
6287		-6.937500
6288		-7.618750
6289		-7.000000
6290		-6.668750
6291		-6.581250
6292		-6.643750
6293		-5.900000
6294		-5.337500
6295		-5.043750
6296		-4.418750
6297		-4.268750
6298		-4.243750
6299		-3.262500
6300		-3.231250
6301		-1.843750
6302		-1.868750
6303		-1.306250
6304		-2.462500
6305		-1.812500
6306		-2.106250
6307		-1.456250
6308		-1.987500
6309		-2.375000
6310		-2.106250
6311		-1.931250
6312		-1.987500
6313		-3.293750
6314		-2.875000
6315		-3.262500
6316		-3.681250
6317		-3.737500
6318		-4.300000
6319		-4.418750
6320		-5.100000
6321		-5.693750
6322		-6.343750
6323		-6.225000
6324		-5.843750
6325		-6.225000
6326		-6.200000
6327		-6.256250
6328		-6.225000
6329		-5.931250
6330		-6.050000
6331		-7.087500
6332		-7.412500
6333		-8.331250
6334		-7.768750
6335		-7.206250
6336		-7.975000
6337		-7.056250
6338		-7.056250
6339		-7.500000
6340		-7.143750
6341		-7.237500
6342		-6.137500
6343		-6.406250
6344		-5.962500
6345		-6.581250
6346		-5.843750
6347		-6.318750
6348		-6.168750
6349		-6.018750
6350		-5.068750
6351		-5.518750
6352		-5.306250
6353		-4.775000
6354		-4.150000
6355		-4.687500
6356		-3.825000
6357		-3.856250
6358		-4.181250
6359		-4.893750
6360		-4.450000
6361		-5.425000
6362		-5.400000
6363		-6.731250
6364		-5.900000
6365		-7.562500
6366		-7.293750
6367		-8.418750
6368		-8.862500
6369		-9.100000
6370		-9.781250
6371		-10.137500
6372		-9.400000
6373		-10.881250
6374		-10.525000
6375		-11.531250
6376		-11.562500
6377		-12.093750
6378		-11.325000
6379		-11.712500
6380		-11.975000
6381		-12.450000
6382		-11.831250
6383		-12.806250
6384		-12.718750
6385		-13.843750
6386		-13.906250
6387		-13.906250
6388		-13.012500
6389		-13.487500
6390		-12.987500
6391		-13.400000
6392		-13.193750
6393		-14.025000
6394		-14.112500
6395		-14.793750
6396		-14.375000
6397		-14.231250
6398		-13.756250
6399		-14.231250
6400		-14.762500
6401		-14.793750
6402		-15.831250
6403		-16.543751
6404		-17.549999
6405		-18.587500
6406		-17.937500
6407		-18.287500
6408		-17.043751
6409		-17.756250
6410		-17.725000
6411		-18.143749
6412		-17.843750
6413		-17.018749
6414		-16.956249
6415		-16.275000
6416		-15.531250
6417		-15.387500
6418		-15.950000
6419		-15.768750
6420		-17.281250
6421		-16.687500
6422		-16.987499
6423		-16.512501
6424		-15.475000
6425		-14.675000
6426		-13.043750
6427		-13.312500
6428		-13.637500
6429		-13.668750
6430		-13.668750
6431		-13.693750
6432		-14.143750
6433		-13.875000
6434		-13.400000
6435		-13.456250
6436		-13.606250
6437		-13.787500
6438		-13.843750
6439		-13.012500
6440		-13.487500
6441		-12.775000
6442		-13.162500
6443		-12.806250
6444		-13.400000
6445		-12.925000
6446		-13.725000
6447		-13.225000
6448		-13.193750
6449		-12.806250
6450		-13.193750
6451		-12.068750
6452		-12.450000
6453		-12.512500
6454		-11.975000
6455		-12.243750
6456		-11.856250
6457		-11.150000
6458		-11.768750
6459		-11.293750
6460		-11.412500
6461		-11.268750
6462		-11.681250
6463		-11.175000
6464		-11.562500
6465		-11.293750
6466		-11.475000
6467		-11.118750
6468		-11.831250
6469		-11.918750
6470		-11.650000
6471		-11.831250
6472		-12.306250
6473		-11.950000
6474		-10.937500
6475		-11.381250
6476		-10.643750
6477		-11.237500
6478		-10.581250
6479		-10.200000
6480		-9.487500
6481		-9.100000
6482		-9.781250
6483		-9.575000
6484		-9.575000
6485		-8.718750
6486		-9.456250
6487		-8.331250
6488		-8.775000
6489		-7.475000
6490		-7.356250
6491		-6.762500
6492		-7.237500
6493		-7.412500
6494		-8.300000
6495		-8.600000
6496		-8.775000
6497		-8.806250
6498		-8.925000
6499		-9.012500
6500		-9.662500
6501		-10.375000
6502		-10.968750
6503		-11.950000
6504		-11.237500
6505		-11.087500
6506		-10.437500
6507		-8.600000
6508		-8.862500
6509		-8.600000
6510		-9.575000
6511		-10.912500
6512		-11.618750
6513		-11.712500
6514		-10.643750
6515		-10.200000
6516		-8.956250
6517		-8.600000
6518		-8.125000
6519		-8.568750
6520		-7.293750
6521		-8.743750
6522		-8.481250
6523		-7.975000
6524		-6.937500
6525		-5.693750
6526		-2.993750
6527		-2.700000
6528		-0.656250
6529		-0.150000
6530		0.825000
6531		0.087500
6532		0.975000
6533		0.500000
6534		0.350000
6535		-2.581250
6536		-2.906250
6537		-3.856250
6538		-4.093750
6539		-4.150000
6540		-2.343750
6541		-2.050000
6542		-0.656250
6543		-0.181250
6544		-0.387500
6545		-1.900000
6546		-3.443750
6547		-4.506250
6548		-5.543750
6549		-7.262500
6550		-7.175000
6551		-7.237500
6552		-6.762500
6553		-5.843750
6554		-4.181250
6555		-2.256250
6556		0.087500
6557		2.012500
6558		4.000000
6559		4.175000
6560		3.256250
6561		2.131250
6562		1.268750
6563		0.618750
6564		0.918750
6565		1.625000
6566		2.400000
6567		3.318750
6568		4.443750
6569		4.381250
6570		4.825000
6571		4.000000
6572		3.850000
6573		2.962500
6574		2.100000
6575		1.568750
6576		-0.537500
6577		-1.487500
6578		-2.256250
6579		-2.818750
6580		-1.956250
6581		-0.687500
6582		1.362500
6583		2.337500
6584		3.256250
6585		3.731250
6586		4.056250
6587		3.731250
6588		3.731250
6589		4.887500
6590		5.718750
6591		6.312500
6592		7.081250
6593		8.087500
6594		8.593750
6595		9.243750
6596		10.400000
6597		10.843750
6598		11.731250
6599		12.506250
6600		12.150000
6601		11.587500
6602		10.993750
6603		10.668750
6604		9.481250
6605		9.393750
6606		8.206250
6607		8.387500
6608		8.737500
6609		9.631250
6610		10.193750
6611		10.812500
6612		11.493750
6613		12.356250
6614		12.918750
6615		12.831250
6616		12.887500
6617		14.043750
6618		14.462500
6619		15.025000
6620		15.112500
6621		16.299999
6622		16.443750
6623		17.424999
6624		17.125000
6625		18.162500
6626		17.987499
6627		17.868750
6628		17.600000
6629		16.950001
6630		16.593750
6631		16.093750
6632		15.406250
6633		15.468750
6634		15.025000
6635		15.143750
6636		14.606250
6637		14.843750
6638		14.606250
6639		14.875000
6640		14.700000
6641		15.200000
6642		15.262500
6643		15.381250
6644		15.737500
6645		16.537500
6646		17.125000
6647		18.462500
6648		19.262501
6649		19.943750
6650		20.356251
6651		21.337500
6652		21.275000
6653		22.049999
6654		21.868750
6655		21.100000
6656		21.068750
6657		20.712500
6658		21.037500
6659		20.687500
6660		20.712500
6661		20.625000
6662		21.218750
6663		21.487499
6664		21.868750
6665		22.525000
6666		22.731251
6667		22.700001
6668		22.850000
6669		23.206249
6670		24.006250
6671		24.450001
6672		25.662500
6673		25.962500
6674		25.962500
6675		26.906250
6676		27.412500
6677		27.381250
6678		27.799999
6679		27.681250
6680		29.131250
6681		28.537500
6682		28.837500
6683		28.775000
6684		29.456249
6685		29.075001
6686		30.081249
6687		29.368750
6688		28.924999
6689		28.981251
6690		29.075001
6691		28.299999
6692		28.687500
6693		27.856251
6694		28.006250
6695		27.381250
6696		28.299999
6697		27.356251
6698		27.943750
6699		27.799999
6700		28.837500
6701		28.625000
6702		29.075001
6703		29.931250
6704		29.962500
6705		30.112499
6706		30.762501
6707		30.612499
6708		30.793751
6709		30.581249
6710		30.493750
6711		30.168751
6712		30.287500
6713		30.256250
6714		30.462500
6715		29.693750
6716		30.287500
6717		29.281250
6718		29.993750
6719		29.637501
6720		29.487499
6721		29.875000
6722		29.900000
6723		30.256250
6724		30.525000
6725		31.150000
6726		32.718750
6727		32.156250
6728		32.481251
6729		32.631248
6730		33.075001
6731		32.418751
6732		33.075001
6733		32.537498
6734		32.362499
6735		32.243752
6736		32.537498
6737		31.737499
6738		31.618750
6739		31.799999
6740		32.512501
6741		31.950001
6742		32.362499
6743		31.650000
6744		32.362499
6745		32.125000
6746		32.599998
6747		32.893749
6748		33.875000
6749		34.318748
6750		35.000000
6751		35.681252
6752		36.512501
6753		38.231251
6754		38.856251
6755		39.443748
6756		39.887501
6757		39.593750
6758		40.481251
6759		41.075001
6760		41.375000
6761		41.137501
6762		40.956249
6763		41.075001
6764		40.693748
6765		40.156250
6766		39.625000
6767		39.950001
6768		39.743752
6769		39.562500
6770		39.118752
6771		37.724998
6772		37.281250
6773		37.962502
6774		36.568748
6775		37.131248
6776		36.987499
6777		36.750000
6778		35.650002
6779		35.799999
6780		36.687500
6781		35.950001
6782		35.887501
6783		35.681252
6784		34.943748
6785		35.506248
6786		35.743752
6787		36.187500
6788		35.887501
6789		35.799999
6790		36.093750
6791		37.193748
6792		36.450001
6793		37.724998
6794		37.581249
6795		37.224998
6796		37.343750
6797		37.487499
6798		36.331249
6799		36.243752
6800		35.981251
6801		35.768749
6802		35.650002
6803		35.743752
6804		35.387501
6805		35.562500
6806		34.143749
6807		34.143749
6808		33.312500
6809		33.518749
6810		32.481251
6811		32.393749
6812		31.443750
6813		31.500000
6814		30.881250
6815		30.912500
6816		30.406250
6817		30.700001
6818		29.931250
6819		29.993750
6820		29.812500
6821		29.637501
6822		29.812500
6823		28.981251
6824		28.275000
6825		28.299999
6826		27.943750
6827		27.381250
6828		27.206249
6829		26.762501
6830		25.725000
6831		26.049999
6832		25.987499
6833		25.662500
6834		25.543751
6835		25.368750
6836		25.368750
6837		25.337500
6838		24.950001
6839		24.625000
6840		24.450001
6841		24.212500
6842		24.150000
6843		23.856251
6844		24.031250
6845		23.887501
6846		23.262501
6847		23.325001
6848		23.793751
6849		23.206249
6850		22.700001
6851		22.256250
6852		21.606251
6853		20.893749
6854		20.475000
6855		19.943750
6856		19.056250
6857		18.400000
6858		17.956249
6859		17.275000
6860		16.475000
6861		15.737500
6862		14.962500
6863		14.250000
6864		14.250000
6865		13.037500
6866		12.800000
6867		12.387500
6868		11.881250
6869		11.381250
6870		11.437500
6871		10.962500
6872		11.706250
6873		11.350000
6874		11.350000
6875		10.668750
6876		10.843750
6877		11.050000
6878		11.050000
6879		11.112500
6880		11.468750
6881		11.168750
6882		11.881250
6883		12.325000
6884		11.825000
6885		10.693750
6886		11.143750
6887		9.806250
6888		10.931250
6889		11.112500
6890		11.525000
6891		11.406250
6892		11.350000
6893		10.400000
6894		9.687500
6895		9.306250
6896		9.600000
6897		8.475000
6898		8.831250
6899		8.087500
6900		8.737500
6901		8.293750
6902		7.675000
6903		7.437500
6904		8.387500
6905		8.150000
6906		9.125000
6907		9.331250
6908		9.925000
6909		9.775000
6910		9.006250
6911		8.118750
6912		7.256250
6913		6.756250
6914		6.900000
6915		6.900000
6916		7.256250
6917		7.968750
6918		8.531250
6919		8.593750
6920		8.387500
6921		7.850000
6922		6.931250
6923		6.250000
6924		6.662500
6925		6.218750
6926		6.518750
6927		6.456250
6928		5.568750
6929		4.975000
6930		4.975000
6931		4.737500
6932		4.531250
6933		4.000000
6934		3.675000
6935		3.050000
6936		3.462500
6937		2.962500
6938		3.168750
6939		3.050000
6940		3.050000
6941		2.662500
6942		3.225000
6943		2.306250
6944		2.218750
6945		2.218750
6946		2.518750
6947		2.518750
6948		2.843750
6949		2.487500
6950		2.162500
6951		1.481250
6952		1.125000
6953		1.006250
6954		0.681250
6955		1.150000
6956		0.943750
6957		1.031250
6958		0.500000
6959		1.062500
6960		0.143750
6961		-0.150000
6962		-0.212500
6963		0.025000
6964		-0.625000
6965		-0.625000
6966		-0.593750
6967		-0.031250
6968		0.112500
6969		0.737500
6970		0.350000
6971		0.531250
6972		-0.150000
6973		0.706250
6974		0.231250
6975		1.125000
6976		0.468750
6977		1.331250
6978		0.800000
6979		1.862500
6980		1.093750
6981		2.012500
6982		2.100000
6983		3.256250
6984		2.543750
6985		1.450000
6986		0.443750
6987		0.587500
6988		0.112500
6989		0.681250
6990		0.056250
6991		0.143750
6992		-1.068750
6993		-1.812500
6994		-2.906250
6995		-3.262500
6996		-3.681250
6997		-2.256250
6998		-2.668750
6999		-1.843750
7000		-1.725000
7001		-0.950000
7002		-2.018750
7003		-2.818750
7004		-3.443750
7005		-3.618750
7006		-3.562500
7007		-2.731250
7008		-2.643750
7009		-1.512500
7010		-1.393750
7011		-1.575000
7012		-1.900000
7013		-2.431250
7014		-3.175000
7015		-3.175000
7016		-1.781250
7017		-1.781250
7018		0.087500
7019		2.456250
7020		2.843750
7021		3.700000
7022		3.081250
7023		2.812500
7024		1.506250
7025		0.737500
7026		-0.300000
7027		-1.956250
7028		-3.443750
7029		-5.693750
7030		-6.437500
7031		-6.906250
7032		-6.050000
7033		-5.487500
7034		-4.362500
7035		-4.418750
7036		-4.600000
7037		-6.525000
7038		-7.175000
7039		-9.487500
7040		-11.531250
7041		-12.893750
7042		-13.012500
7043		-13.606250
7044		-12.718750
7045		-12.718750
7046		-10.937500
7047		-10.581250
7048		-7.025000
7049		-5.250000
7050		-3.350000
7051		-3.793750
7052		-4.212500
7053		-6.081250
7054		-7.087500
7055		-7.587500
7056		-7.975000
7057		-7.825000
7058		-6.437500
7059		-5.987500
7060		-5.306250
7061		-5.693750
7062		-5.575000
7063		-6.643750
7064		-5.781250
7065		-7.237500
7066		-8.062500
7067		-10.375000
7068		-11.618750
7069		-13.550000
7070		-14.587500
7071		-14.943750
7072		-14.587500
7073		-14.112500
7074		-12.512500
7075		-11.325000
7076		-11.325000
7077		-10.437500
7078		-10.493750
7079		-10.437500
7080		-9.962500
7081		-10.912500
7082		-10.437500
7083		-10.493750
7084		-9.637500
7085		-9.456250
7086		-8.956250
7087		-7.943750
7088		-7.500000
7089		-7.056250
7090		-6.525000
7091		-6.018750
7092		-6.493750
7093		-6.581250
7094		-8.156250
7095		-9.193750
7096		-10.350000
7097		-11.175000
7098		-12.006250
7099		-12.093750
7100		-11.887500
7101		-11.737500
7102		-10.881250
7103		-11.206250
7104		-10.406250
7105		-10.168750
7106		-9.812500
7107		-9.756250
7108		-9.012500
7109		-9.400000
7110		-8.512500
7111		-8.656250
7112		-8.625000
7113		-8.006250
7114		-7.475000
7115		-7.118750
7116		-6.731250
7117		-6.256250
7118		-6.968750
7119		-6.137500
7120		-6.787500
7121		-7.175000
7122		-8.625000
7123		-8.481250
7124		-9.606250
7125		-9.693750
7126		-10.050000
7127		-10.937500
7128		-10.818750
7129		-11.056250
7130		-11.087500
7131		-10.350000
7132		-10.881250
7133		-10.437500
7134		-10.675000
7135		-10.762500
7136		-11.150000
7137		-10.287500
7138		-9.456250
7139		-7.650000
7140		-6.612500
7141		-6.256250
7142		-5.812500
7143		-5.337500
7144		-4.893750
7145		-4.268750
7146		-4.568750
7147		-4.718750
7148		-4.600000
7149		-5.218750
7150		-5.337500
7151		-5.637500
7152		-5.843750
7153		-5.987500
7154		-6.287500
7155		-6.137500
7156		-6.018750
7157		-5.218750
7158		-5.606250
7159		-4.568750
7160		-5.131250
7161		-4.387500
7162		-4.893750
7163		-3.975000
7164		-3.975000
7165		-3.412500
7166		-3.325000
7167		-2.875000
7168		-3.206250
7169		-1.393750
7170		-1.812500
7171		-1.843750
7172		-1.843750
7173		-1.543750
7174		-1.487500
7175		-1.487500
7176		-1.487500
7177		-1.156250
7178		-1.393750
7179		-0.893750
7180		-1.662500
7181		-1.843750
7182		-1.543750
7183		-2.762500
7184		-3.175000
7185		-3.768750
7186		-3.912500
7187		-4.212500
7188		-3.912500
7189		-3.943750
7190		-3.412500
7191		-3.562500
7192		-3.350000
7193		-3.381250
7194		-3.231250
7195		-2.225000
7196		-2.668750
7197		-2.787500
7198		-2.581250
7199		-2.968750
7200		-2.968750
7201		-2.493750
7202		-2.375000
7203		-2.818750
7204		-2.375000
7205		-3.112500
7206		-2.462500
7207		-2.818750
7208		-2.787500
7209		-2.525000
7210		-2.050000
7211		-1.781250
7212		-1.306250
7213		-2.375000
7214		-1.781250
7215		-0.831250
7216		0.468750
7217		0.918750
7218		1.981250
7219		1.893750
7220		2.218750
7221		2.162500
7222		2.637500
7223		1.331250
7224		2.400000
7225		1.418750
7226		1.362500
7227		0.468750
7228		0.112500
7229		-0.981250
7230		-0.862500
7231		-1.575000
7232		-2.075000
7233		-2.668750
7234		-2.668750
7235		-3.618750
7236		-4.125000
7237		-5.187500
7238		-4.718750
7239		-4.950000
7240		-4.893750
7241		-5.250000
7242		-4.687500
7243		-4.656250
7244		-3.412500
7245		-3.175000
7246		-3.025000
7247		-2.431250
7248		-2.312500
7249		-2.787500
7250		-2.137500
7251		-3.025000
7252		-2.550000
7253		-2.462500
7254		-2.731250
7255		-4.300000
7256		-4.062500
7257		-5.218750
7258		-5.606250
7259		-5.750000
7260		-6.256250
7261		-6.818750
7262		-7.175000
7263		-8.718750
7264		-9.400000
7265		-10.493750
7266		-10.287500
7267		-10.375000
7268		-10.168750
7269		-10.081250
7270		-10.581250
7271		-11.268750
7272		-11.118750
7273		-11.356250
7274		-11.118750
7275		-10.937500
7276		-10.793750
7277		-9.756250
7278		-9.756250
7279		-9.543750
7280		-8.893750
7281		-7.975000
7282		-7.856250
7283		-8.300000
7284		-7.175000
7285		-7.175000
7286		-6.906250
7287		-5.931250
7288		-6.493750
7289		-6.731250
7290		-6.581250
7291		-6.731250
7292		-6.556250
7293		-5.187500
7294		-6.225000
7295		-6.818750
7296		-6.731250
7297		-7.056250
7298		-7.000000
7299		-7.562500
7300		-7.681250
7301		-7.681250
7302		-8.062500
7303		-8.362500
7304		-8.512500
7305		-8.806250
7306		-9.487500
7307		-9.456250
7308		-9.100000
7309		-8.300000
7310		-9.756250
7311		-8.362500
7312		-8.862500
7313		-8.743750
7314		-9.312500
7315		-9.518750
7316		-10.406250
7317		-10.050000
7318		-10.793750
7319		-11.031250
7320		-11.412500
7321		-11.412500
7322		-11.500000
7323		-11.087500
7324		-11.443750
7325		-10.881250
7326		-10.762500
7327		-10.762500
7328		-10.912500
7329		-11.206250
7330		-10.881250
7331		-10.556250
7332		-11.150000
7333		-11.237500
7334		-11.000000
7335		-10.406250
7336		-10.081250
7337		-10.168750
7338		-9.993750
7339		-8.837500
7340		-9.075000
7341		-8.925000
7342		-9.487500
7343		-10.081250
7344		-10.137500
7345		-9.606250
7346		-10.675000
7347		-10.525000
7348		-11.118750
7349		-11.475000
7350		-11.562500
7351		-12.631250
7352		-12.450000
7353		-13.312500
7354		-13.456250
7355		-13.693750
7356		-14.200000
7357		-13.906250
7358		-14.318750
7359		-14.706250
7360		-15.325000
7361		-14.493750
7362		-14.287500
7363		-14.643750
7364		-14.493750
7365		-14.731250
7366		-15.175000
7367		-15.031250
7368		-14.793750
7369		-14.643750
7370		-13.993750
7371		-13.993750
7372		-14.050000
7373		-14.050000
7374		-13.162500
7375		-13.518750
7376		-13.456250
7377		-13.575000
7378		-14.287500
7379		-14.643750
7380		-14.912500
7381		-14.493750
7382		-14.256250
7383		-14.525000
7384		-14.525000
7385		-15.000000
7386		-15.325000
7387		-16.631250
7388		-17.549999
7389		-17.312500
7390		-18.350000
7391		-17.993750
7392		-20.306250
7393		-19.893749
7394		-20.068750
7395		-20.243750
7396		-20.750000
7397		-20.600000
7398		-19.893749
7399		-19.862499
7400		-19.031250
7401		-19.893749
7402		-19.775000
7403		-19.981251
7404		-21.075001
7405		-21.225000
7406		-21.162500
7407		-20.424999
7408		-19.000000
7409		-18.674999
7410		-17.993750
7411		-17.131250
7412		-16.956249
7413		-17.431250
7414		-17.993750
7415		-18.200001
7416		-17.937500
7417		-17.606251
7418		-17.250000
7419		-17.312500
7420		-16.662500
7421		-16.956249
7422		-16.424999
7423		-16.900000
7424		-16.662500
7425		-16.600000
7426		-15.887500
7427		-15.918750
7428		-16.275000
7429		-15.950000
7430		-16.006250
7431		-15.918750
7432		-15.650000
7433		-15.506250
7434		-15.031250
7435		-14.612500
7436		-14.050000
7437		-14.437500
7438		-14.168750
7439		-13.843750
7440		-13.756250
7441		-13.787500
7442		-13.931250
7443		-13.456250
7444		-13.550000
7445		-13.668750
7446		-13.693750
7447		-14.231250
7448		-13.843750
7449		-13.993750
7450		-13.606250
7451		-14.287500
7452		-13.518750
7453		-13.337500
7454		-13.312500
7455		-13.312500
7456		-14.762500
7457		-14.081250
7458		-13.162500
7459		-12.306250
7460		-13.162500
7461		-12.893750
7462		-12.306250
7463		-12.893750
7464		-12.212500
7465		-11.325000
7466		-10.937500
7467		-10.556250
7468		-10.050000
7469		-10.112500
7470		-10.437500
7471		-9.400000
7472		-9.456250
7473		-9.518750
7474		-8.450000
7475		-8.300000
7476		-8.862500
7477		-8.837500
7478		-9.900000
7479		-10.287500
7480		-10.581250
7481		-10.287500
7482		-10.350000
7483		-10.937500
7484		-11.381250
7485		-12.512500
7486		-14.050000
7487		-13.843750
7488		-14.200000
7489		-13.487500
7490		-12.537500
7491		-10.968750
7492		-11.175000
7493		-11.475000
7494		-12.243750
7495		-12.306250
7496		-13.993750
7497		-13.843750
7498		-13.250000
7499		-12.125000
7500		-12.037500
7501		-10.731250
7502		-10.937500
7503		-10.081250
7504		-10.643750
7505		-11.175000
7506		-11.593750
7507		-11.531250
7508		-10.493750
7509		-8.093750
7510		-6.406250
7511		-5.518750
7512		-4.362500
7513		-4.300000
7514		-4.268750
7515		-3.143750
7516		-3.025000
7517		-2.875000
7518		-3.618750
7519		-5.250000
7520		-7.356250
7521		-8.687500
7522		-8.925000
7523		-8.212500
7524		-7.325000
7525		-5.250000
7526		-4.418750
7527		-3.468750
7528		-3.793750
7529		-4.300000
7530		-6.200000
7531		-7.475000
7532		-9.162500
7533		-9.693750
7534		-10.793750
7535		-9.781250
7536		-9.543750
7537		-8.062500
7538		-6.643750
7539		-4.181250
7540		-2.075000
7541		1.418750
7542		1.837500
7543		2.043750
7544		1.718750
7545		0.706250
7546		-0.775000
7547		-1.068750
7548		-1.218750
7549		-0.150000
7550		0.737500
7551		1.862500
7552		2.456250
7553		3.081250
7554		2.693750
7555		2.606250
7556		2.662500
7557		0.737500
7558		1.062500
7559		-0.568750
7560		-2.256250
7561		-4.212500
7562		-4.925000
7563		-5.637500
7564		-5.043750
7565		-3.706250
7566		-2.343750
7567		-0.712500
7568		0.293750
7569		1.031250
7570		0.737500
7571		1.031250
7572		1.243750
7573		1.837500
7574		1.656250
7575		3.493750
7576		4.000000
7577		4.325000
7578		5.775000
7579		6.606250
7580		7.793750
7581		8.443750
7582		9.481250
7583		9.275000
7584		9.331250
7585		9.331250
7586		8.618750
7587		7.493750
7588		6.575000
7589		5.837500
7590		5.981250
7591		5.181250
7592		6.043750
7593		6.368750
7594		7.081250
7595		7.643750
7596		8.475000
7597		9.512500
7598		9.806250
7599		9.806250
7600		10.487500
7601		10.962500
7602		11.706250
7603		11.881250
7604		12.506250
7605		12.981250
7606		13.662500
7607		14.250000
7608		15.618750
7609		16.118750
7610		16.593750
7611		16.150000
7612		15.618750
7613		14.962500
7614		14.787500
7615		14.106250
7616		14.106250
7617		13.868750
7618		13.568750
7619		14.162500
7620		13.806250
7621		13.781250
7622		13.868750
7623		13.837500
7624		14.312500
7625		14.462500
7626		14.606250
7627		15.437500
7628		15.737500
7629		16.387501
7630		16.831249
7631		18.312500
7632		18.993750
7633		19.618750
7634		20.031250
7635		20.743750
7636		21.487499
7637		21.337500
7638		21.575001
7639		20.831249
7640		21.250000
7641		20.831249
7642		20.656250
7643		19.943750
7644		19.556250
7645		20.062500
7646		19.650000
7647		20.387501
7648		20.331249
7649		21.156250
7650		21.012501
7651		21.337500
7652		21.037500
7653		22.018749
7654		22.168751
7655		23.143749
7656		22.762501
7657		23.350000
7658		24.062500
7659		24.831249
7660		25.043751
7661		25.518749
7662		25.725000
7663		26.700001
7664		26.343750
7665		27.262501
7666		27.025000
7667		27.293751
7668		27.681250
7669		28.537500
7670		28.481251
7671		28.837500
7672		29.075001
7673		29.131250
7674		28.450001
7675		28.600000
7676		28.181250
7677		28.687500
7678		28.062500
7679		28.181250
7680		27.443750
7681		28.331249
7682		29.043751
7683		29.043751
7684		28.743750
7685		29.281250
7686		29.637501
7687		30.556250
7688		30.937500
7689		31.381250
7690		31.737499
7691		31.918751
7692		31.887501
7693		31.412500
7694		31.150000
7695		31.206249
7696		31.562500
7697		31.887501
7698		31.087500
7699		31.118750
7700		30.556250
7701		30.818750
7702		30.731251
7703		30.525000
7704		30.700001
7705		30.375000
7706		29.900000
7707		31.443750
7708		31.356251
7709		32.093750
7710		32.418751
7711		32.599998
7712		33.012501
7713		32.481251
7714		32.450001
7715		32.537498
7716		31.856251
7717		31.856251
7718		31.412500
7719		31.056250
7720		29.931250
7721		29.812500
7722		29.725000
7723		29.543751
7724		28.956249
7725		29.250000
7726		28.156250
7727		28.718750
7728		28.450001
7729		28.037500
7730		28.718750
7731		29.131250
7732		29.725000
7733		29.756250
7734		30.700001
7735		30.793751
7736		32.775002
7737		33.337502
7738		34.468750
7739		35.174999
7740		35.268749
7741		35.356251
7742		36.806252
7743		36.543751
7744		36.543751
7745		37.487499
7746		37.818748
7747		36.837502
7748		36.900002
7749		36.306252
7750		36.837502
7751		36.662498
7752		36.362499
7753		35.743752
7754		35.412498
7755		34.793751
7756		34.612499
7757		34.256248
7758		34.674999
7759		35.150002
7760		35.000000
7761		34.674999
7762		35.000000
7763		34.674999
7764		34.706249
7765		34.731251
7766		34.643749
7767		34.587502
7768		35.412498
7769		35.506248
7770		35.887501
7771		36.006248
7772		36.781250
7773		36.868752
7774		37.312500
7775		36.599998
7776		37.343750
7777		37.518749
7778		38.231251
7779		37.818748
7780		38.143749
7781		37.668751
7782		37.400002
7783		36.543751
7784		36.924999
7785		36.068748
7786		36.987499
7787		36.481251
7788		35.743752
7789		35.743752
7790		34.493752
7791		34.349998
7792		33.337502
7793		32.537498
7794		32.750000
7795		31.531250
7796		31.356251
7797		30.881250
7798		30.168751
7799		31.150000
7800		30.556250
7801		30.318750
7802		29.725000
7803		29.162500
7804		28.924999
7805		28.837500
7806		28.243750
7807		27.706249
7808		27.412500
7809		27.412500
7810		27.118750
7811		26.731251
7812		26.968750
7813		26.225000
7814		26.018749
7815		25.456249
7816		26.225000
7817		25.518749
7818		26.168751
7819		26.049999
7820		25.693750
7821		25.662500
7822		25.693750
7823		25.606251
7824		25.337500
7825		25.250000
7826		24.712500
7827		24.687500
7828		24.568750
7829		24.981251
7830		24.506250
7831		24.125000
7832		24.481251
7833		24.387501
7834		23.562500
7835		23.293751
7836		21.868750
7837		21.662500
7838		20.743750
7839		20.418751
7840		19.174999
7841		18.906250
7842		17.481251
7843		17.037500
7844		16.325001
7845		15.287500
7846		14.581250
7847		14.225000
7848		13.781250
7849		13.125000
7850		12.768750
7851		12.887500
7852		12.531250
7853		12.443750
7854		11.643750
7855		11.943750
7856		11.493750
7857		11.587500
7858		11.587500
7859		11.081250
7860		11.350000
7861		10.843750
7862		10.106250
7863		10.693750
7864		10.456250
7865		10.875000
7866		11.318750
7867		11.381250
7868		10.993750
7869		10.312500
7870		9.656250
7871		9.275000
7872		9.125000
7873		9.806250
7874		10.162500
7875		10.400000
7876		9.868750
7877		9.243750
7878		8.268750
7879		7.675000
7880		7.112500
7881		6.756250
7882		6.606250
7883		6.931250
7884		6.131250
7885		6.162500
7886		5.956250
7887		6.075000
7888		5.837500
7889		6.606250
7890		6.812500
7891		8.031250
7892		7.793750
7893		7.643750
7894		7.137500
7895		6.250000
7896		6.518750
7897		6.400000
7898		6.368750
7899		6.637500
7900		8.618750
7901		7.937500
7902		9.125000
7903		9.631250
7904		8.412500
7905		7.937500
7906		7.912500
7907		7.525000
7908		7.762500
7909		6.875000
7910		7.643750
7911		7.762500
7912		7.437500
7913		6.931250
7914		6.368750
7915		5.687500
7916		6.012500
7917		5.568750
7918		5.037500
7919		4.475000
7920		4.737500
7921		4.562500
7922		4.475000
7923		4.118750
7924		4.531250
7925		4.025000
7926		4.206250
7927		3.881250
7928		3.881250
7929		3.406250
7930		3.375000
7931		4.175000
7932		4.056250
7933		2.781250
7934		2.693750
7935		1.981250
7936		2.250000
7937		1.893750
7938		2.068750
7939		1.331250
7940		1.331250
7941		1.243750
7942		1.062500
7943		0.768750
7944		0.468750
7945		0.143750
7946		0.143750
7947		-0.568750
7948		-0.593750
7949		-0.387500
7950		-0.806250
7951		-0.031250
7952		0.587500
7953		0.618750
7954		0.087500
7955		0.768750
7956		0.975000
7957		0.350000
7958		1.331250
7959		0.943750
7960		1.537500
7961		2.012500
7962		2.100000
7963		1.387500
7964		2.250000
7965		2.250000
7966		2.693750
7967		2.781250
7968		1.950000
7969		1.506250
7970		1.006250
7971		1.331250
7972		0.112500
7973		-0.181250
7974		0.000000
7975		-0.568750
7976		-0.712500
7977		-1.987500
7978		-2.993750
7979		-3.531250
7980		-3.468750
7981		-2.550000
7982		-2.225000
7983		-1.306250
7984		-1.012500
7985		-1.781250
7986		-3.531250
7987		-3.887500
7988		-4.718750
7989		-4.743750
7990		-4.418750
7991		-2.668750
7992		-2.137500
7993		-1.337500
7994		-1.606250
7995		-1.693750
7996		-1.750000
7997		-2.550000
7998		-2.968750
7999		-2.406250
8000		-1.900000
8001		0.293750
8002		1.625000
8003		2.843750
8004		3.200000
8005		3.881250
8006		3.050000
8007		3.643750
8008		3.850000
8009		3.556250
8010		2.518750
8011		0.468750
8012		-0.537500
8013		-1.543750
8014		-3.025000
8015		-1.900000
8016		-1.987500
8017		-0.712500
8018		-1.487500
8019		-0.568750
8020		-1.393750
8021		-2.106250
8022		-4.600000
8023		-6.581250
8024		-9.337500
8025		-9.637500
8026		-10.675000
8027		-10.168750
8028		-11.268750
8029		-9.931250
8030		-9.218750
8031		-7.293750
8032		-5.100000
8033		-3.025000
8034		-2.106250
8035		-1.987500
8036		-3.562500
8037		-5.662500
8038		-7.237500
8039		-7.206250
8040		-7.237500
8041		-6.343750
8042		-5.606250
8043		-4.418750
8044		-3.975000
8045		-4.600000
8046		-5.400000
8047		-3.975000
8048		-5.368750
8049		-5.900000
8050		-7.325000
8051		-8.956250
8052		-11.031250
8053		-12.600000
8054		-13.281250
8055		-14.200000
8056		-13.906250
8057		-12.481250
8058		-11.087500
8059		-9.456250
8060		-8.925000
8061		-8.837500
8062		-9.400000
8063		-9.250000
8064		-9.131250
8065		-8.925000
8066		-8.275000
8067		-8.362500
8068		-7.681250
8069		-6.906250
8070		-6.668750
8071		-5.575000
8072		-5.100000
8073		-4.656250
8074		-3.650000
8075		-4.031250
8076		-4.243750
8077		-5.368750
8078		-6.137500
8079		-7.237500
8080		-8.568750
8081		-9.281250
8082		-9.931250
8083		-10.200000
8084		-10.200000
8085		-9.843750
8086		-9.400000
8087		-9.162500
8088		-8.393750
8089		-8.512500
8090		-8.512500
8091		-8.450000
8092		-7.918750
8093		-8.006250
8094		-7.618750
8095		-7.293750
8096		-7.175000
8097		-6.493750
8098		-5.637500
8099		-5.606250
8100		-5.281250
8101		-4.950000
8102		-4.925000
8103		-5.281250
8104		-6.168750
8105		-7.206250
8106		-7.325000
8107		-8.275000
8108		-8.362500
8109		-8.981250
8110		-9.281250
8111		-9.218750
8112		-9.518750
8113		-9.843750
8114		-9.456250
8115		-10.200000
8116		-9.931250
8117		-10.081250
8118		-10.137500
8119		-10.287500
8120		-9.843750
8121		-9.193750
8122		-7.975000
8123		-7.768750
8124		-6.668750
8125		-6.168750
8126		-5.487500
8127		-4.600000
8128		-5.043750
8129		-4.568750
8130		-4.862500
8131		-5.637500
8132		-4.743750
8133		-6.225000
8134		-5.812500
8135		-6.137500
8136		-5.781250
8137		-6.525000
8138		-6.375000
8139		-6.493750
8140		-6.106250
8141		-6.200000
8142		-5.693750
8143		-5.931250
8144		-5.337500
8145		-4.981250
8146		-4.743750
8147		-4.300000
8148		-3.562500
8149		-3.262500
8150		-3.325000
8151		-2.906250
8152		-2.406250
8153		-2.075000
8154		-2.137500
8155		-1.487500
8156		-1.512500
8157		-1.250000
8158		-1.250000
8159		-0.862500
8160		-1.456250
8161		-0.356250
8162		-0.331250
8163		-0.062500
8164		-0.806250
8165		-0.656250
8166		-1.275000
8167		-1.512500
8168		-2.225000
8169		-2.850000
8170		-3.381250
8171		-3.056250
8172		-2.525000
8173		-2.343750
8174		-1.662500
8175		-2.375000
8176		-2.287500
8177		-1.843750
8178		-1.781250
8179		-1.456250
8180		-1.275000
8181		-0.537500
8182		-0.537500
8183		-1.012500
8184		-0.712500
8185		-0.775000
8186		-1.543750
8187		-1.037500
8188		-1.037500
8189		-0.450000
8190		-1.187500
8191		-1.606250
8192		-2.137500
8193		-1.575000
8194		-2.643750
8195		-1.606250
8196		-1.368750
8197		-0.568750
8198		-0.450000
8199		0.112500
8200		-0.356250
8201		-0.031250
8202		-1.218750
8203		-0.212500
8204		-0.450000
8205		-0.212500
8206		-0.862500
8207		-1.606250
8208		-2.137500
8209		-2.137500
8210		-2.937500
8211		-3.112500
8212		-3.025000
8213		-3.056250
8214		-3.618750
8215		-3.350000
8216		-3.887500
8217		-3.681250
8218		-3.825000
8219		-3.562500
8220		-3.562500
8221		-2.787500
8222		-2.075000
8223		-1.218750
8224		-0.893750
8225		-0.300000
8226		-0.212500
8227		0.206250
8228		0.143750
8229		-1.012500
8230		-0.150000
8231		-0.150000
8232		-0.593750
8233		-0.450000
8234		-1.631250
8235		-2.225000
8236		-3.231250
8237		-3.825000
8238		-4.450000
8239		-5.487500
8240		-5.637500
8241		-6.581250
8242		-6.850000
8243		-7.650000
8244		-7.918750
8245		-8.862500
8246		-9.218750
8247		-9.193750
8248		-9.637500
8249		-9.693750
8250		-9.606250
8251		-10.318750
8252		-10.350000
8253		-10.937500
8254		-10.581250
8255		-10.818750
8256		-10.462500
8257		-10.881250
8258		-9.781250
8259		-10.137500
8260		-9.812500
8261		-10.406250
8262		-9.843750
8263		-9.162500
8264		-9.100000
8265		-8.512500
8266		-7.887500
8267		-8.537500
8268		-8.600000
8269		-8.625000
8270		-8.568750
8271		-9.012500
8272		-8.156250
8273		-8.600000
8274		-8.718750
8275		-8.893750
8276		-8.718750
8277		-9.131250
8278		-9.431250
8279		-10.581250
8280		-10.200000
8281		-11.087500
8282		-10.762500
8283		-12.006250
8284		-11.950000
8285		-11.475000
8286		-11.356250
8287		-11.712500
8288		-11.975000
8289		-12.600000
8290		-11.325000
8291		-12.006250
8292		-11.175000
8293		-11.918750
8294		-11.918750
8295		-12.068750
8296		-12.275000
8297		-12.393750
8298		-12.600000
8299		-12.718750
8300		-12.450000
8301		-12.956250
8302		-13.162500
8303		-12.750000
8304		-12.125000
8305		-12.243750
8306		-12.306250
8307		-12.006250
8308		-11.531250
8309		-12.512500
8310		-11.800000
8311		-12.068750
8312		-11.831250
8313		-12.512500
8314		-11.887500
8315		-12.156250
8316		-12.125000
8317		-12.243750
8318		-11.356250
8319		-11.681250
8320		-11.800000
8321		-12.006250
8322		-12.212500
8323		-12.868750
8324		-12.600000
8325		-13.606250
8326		-13.400000
8327		-13.606250
8328		-14.643750
8329		-15.175000
8330		-15.087500
8331		-15.562500
8332		-16.512501
8333		-16.393749
8334		-17.043751
8335		-16.956249
8336		-16.924999
8337		-16.837500
8338		-17.312500
8339		-17.462500
8340		-16.750000
8341		-17.162500
8342		-17.250000
8343		-16.306250
8344		-16.568750
8345		-16.306250
8346		-16.750000
8347		-16.568750
8348		-16.924999
8349		-16.781250
8350		-16.718750
8351		-16.275000
8352		-16.543751
8353		-15.443750
8354		-14.643750
8355		-14.731250
8356		-15.000000
8357		-15.387500
8358		-15.087500
8359		-14.731250
8360		-14.793750
8361		-14.231250
8362		-14.493750
8363		-13.575000
8364		-14.437500
8365		-15.087500
8366		-15.712500
8367		-16.187500
8368		-17.487499
8369		-17.549999
8370		-17.549999
8371		-17.700001
8372		-18.049999
8373		-18.025000
8374		-18.287500
8375		-18.525000
8376		-18.143749
8377		-17.937500
8378		-17.637501
8379		-17.250000
8380		-17.700001
8381		-17.250000
8382		-18.437500
8383		-18.943750
8384		-19.775000
8385		-19.743750
8386		-20.512501
8387		-19.299999
8388		-19.418751
8389		-18.318750
8390		-18.200001
8391		-18.049999
8392		-18.525000
8393		-19.206249
8394		-19.981251
8395		-19.031250
8396		-19.681250
8397		-18.943750
8398		-20.156250
8399		-19.918751
8400		-20.068750
8401		-19.325001
8402		-19.893749
8403		-20.362499
8404		-19.387501
8405		-18.943750
8406		-19.475000
8407		-18.793751
8408		-18.587500
8409		-18.793751
8410		-18.262501
8411		-18.112499
8412		-17.993750
8413		-17.725000
8414		-17.606251
8415		-16.543751
8416		-16.331249
8417		-16.924999
8418		-16.243750
8419		-16.393749
8420		-16.481251
8421		-16.662500
8422		-16.243750
8423		-16.006250
8424		-15.593750
8425		-16.450001
8426		-16.037500
8427		-16.068750
8428		-15.712500
8429		-16.006250
8430		-15.768750
8431		-16.275000
8432		-16.362499
8433		-16.100000
8434		-16.212500
8435		-16.125000
8436		-16.187500
8437		-15.862500
8438		-15.887500
8439		-14.612500
8440		-14.881250
8441		-14.706250
8442		-14.143750
8443		-14.587500
8444		-13.550000
8445		-13.312500
8446		-12.512500
8447		-12.481250
8448		-13.043750
8449		-12.125000
8450		-11.712500
8451		-11.950000
8452		-10.731250
8453		-10.018750
8454		-9.337500
8455		-9.543750
8456		-9.487500
8457		-10.818750
8458		-10.937500
8459		-10.231250
8460		-11.118750
8461		-10.968750
8462		-11.618750
8463		-12.306250
8464		-13.075000
8465		-13.875000
8466		-14.587500
8467		-14.287500
8468		-13.693750
8469		-13.106250
8470		-12.068750
8471		-11.681250
8472		-10.556250
8473		-11.443750
8474		-12.600000
8475		-13.337500
8476		-14.168750
8477		-13.725000
8478		-12.718750
8479		-12.331250
8480		-12.156250
8481		-11.175000
8482		-11.000000
8483		-11.443750
8484		-11.593750
8485		-12.568750
8486		-12.362500
8487		-12.006250
8488		-10.881250
8489		-9.843750
8490		-8.156250
8491		-8.156250
8492		-6.018750
8493		-6.437500
8494		-6.343750
8495		-6.050000
8496		-5.400000
8497		-6.375000
8498		-6.556250
8499		-8.743750
8500		-10.137500
8501		-11.618750
8502		-12.306250
8503		-11.175000
8504		-9.693750
8505		-8.362500
8506		-7.475000
8507		-7.681250
8508		-8.362500
8509		-9.518750
8510		-11.268750
8511		-12.987500
8512		-13.337500
8513		-14.287500
8514		-14.231250
8515		-13.637500
8516		-13.250000
8517		-12.275000
8518		-10.437500
8519		-8.062500
8520		-5.250000
8521		-3.025000
8522		-1.812500
8523		-1.187500
8524		-2.075000
8525		-2.937500
8526		-4.418750
8527		-4.775000
8528		-4.300000
8529		-3.825000
8530		-2.525000
8531		-1.487500
8532		-0.150000
8533		-0.093750
8534		-0.181250
8535		-0.331250
8536		-1.250000
8537		-1.393750
8538		-3.325000
8539		-4.362500
8540		-5.900000
8541		-6.200000
8542		-7.618750
8543		-7.650000
8544		-7.000000
8545		-5.543750
8546		-4.212500
8547		-2.075000
8548		-1.931250
8549		-0.950000
8550		-1.037500
8551		-1.250000
8552		-0.743750
8553		-0.506250
8554		-0.331250
8555		1.243750
8556		1.862500
8557		2.250000
8558		3.050000
8559		4.443750
8560		4.887500
8561		6.637500
8562		6.075000
8563		6.693750
8564		5.862500
8565		5.331250
8566		4.618750
8567		3.968750
8568		2.843750
8569		3.462500
8570		2.162500
8571		3.375000
8572		3.318750
8573		4.443750
8574		4.531250
8575		5.181250
8576		5.981250
8577		6.962500
8578		7.587500
8579		7.850000
8580		7.731250
8581		8.531250
8582		8.712500
8583		9.687500
8584		10.343750
8585		11.025000
8586		11.643750
8587		12.387500
8588		12.743750
8589		13.037500
8590		13.275000
8591		12.800000
8592		12.387500
8593		12.593750
8594		11.406250
8595		10.812500
8596		11.643750
8597		11.143750
8598		10.843750
8599		10.906250
8600		10.993750
8601		11.168750
8602		11.350000
8603		11.112500
8604		11.468750
8605		11.731250
8606		13.125000
8607		13.037500
8608		13.718750
8609		14.668750
8610		15.437500
8611		16.775000
8612		17.693750
8613		18.493750
8614		19.350000
8615		19.825001
8616		20.093750
8617		20.062500
8618		20.331249
8619		20.000000
8620		20.031250
8621		19.587500
8622		19.618750
8623		19.412500
8624		19.500000
8625		18.968750
8626		19.350000
8627		19.437500
8628		20.181250
8629		20.031250
8630		20.450001
8631		20.181250
8632		21.187500
8633		20.831249
8634		21.662500
8635		21.337500
8636		22.668751
8637		22.375000
8638		23.262501
8639		23.443750
8640		23.943750
8641		24.062500
8642		25.100000
8643		25.068750
8644		25.487499
8645		24.387501
8646		25.900000
8647		25.487499
8648		26.225000
8649		26.612499
8650		26.968750
8651		27.143749
8652		27.143749
8653		26.343750
8654		26.462500
8655		25.631250
8656		26.668751
8657		25.987499
8658		26.106251
8659		25.631250
8660		26.462500
8661		26.462500
8662		27.056250
8663		27.500000
8664		28.006250
8665		28.537500
8666		29.131250
8667		29.424999
8668		30.256250
8669		31.150000
8670		31.356251
8671		31.381250
8672		31.950001
8673		31.150000
8674		31.293751
8675		31.681250
8676		32.037498
8677		31.975000
8678		32.331249
8679		31.356251
8680		31.681250
8681		31.737499
8682		31.887501
8683		32.481251
8684		31.950001
8685		31.650000
8686		31.737499
8687		32.481251
8688		32.893749
8689		34.081249
8690		34.318748
8691		34.525002
8692		34.112499
8693		34.793751
8694		33.931252
8695		33.549999
8696		33.312500
8697		33.106251
8698		32.362499
8699		32.393749
8700		31.293751
8701		31.562500
8702		30.643749
8703		30.493750
8704		30.081249
8705		30.018749
8706		29.606251
8707		29.218750
8708		29.218750
8709		29.131250
8710		29.250000
8711		29.962500
8712		29.575001
8713		30.112499
8714		30.112499
8715		31.118750
8716		31.887501
8717		32.924999
8718		32.450001
8719		33.606251
8720		33.337502
8721		34.168751
8722		34.375000
8723		34.525002
8724		34.912498
8725		34.881248
8726		33.875000
8727		34.081249
8728		32.868752
8729		33.637501
8730		33.337502
8731		33.575001
8732		32.750000
8733		33.012501
8734		32.512501
8735		32.568748
8736		32.037498
8737		31.768749
8738		32.537498
8739		32.775002
8740		32.187500
8741		31.831249
8742		32.837502
8743		32.418751
8744		32.599998
8745		32.893749
8746		32.750000
8747		33.456249
8748		33.875000
8749		34.143749
8750		34.318748
8751		35.150002
8752		34.731251
8753		35.743752
8754		35.506248
8755		36.212502
8756		37.043751
8757		37.724998
8758		37.581249
8759		37.962502
8760		37.668751
8761		37.606251
8762		37.581249
8763		37.843750
8764		37.518749
8765		37.787498
8766		37.606251
8767		36.481251
8768		37.224998
8769		36.331249
8770		35.681252
8771		35.506248
8772		34.849998
8773		34.556252
8774		33.875000
8775		32.750000
8776		32.331249
8777		31.831249
8778		32.006248
8779		31.562500
8780		31.918751
8781		31.150000
8782		30.731251
8783		31.000000
8784		30.350000
8785		30.318750
8786		29.543751
8787		28.600000
8788		29.131250
8789		28.687500
8790		28.156250
8791		28.393749
8792		27.056250
8793		27.118750
8794		26.968750
8795		27.056250
8796		27.143749
8797		27.056250
8798		27.381250
8799		26.437500
8800		26.081249
8801		25.456249
8802		25.987499
8803		25.962500
8804		26.375000
8805		25.456249
8806		26.343750
8807		25.962500
8808		26.612499
8809		26.375000
8810		26.225000
8811		26.018749
8812		26.643749
8813		25.543751
8814		25.606251
8815		24.600000
8816		24.362499
8817		23.262501
8818		23.443750
8819		22.106251
8820		21.725000
8821		20.981251
8822		20.950001
8823		20.237499
8824		19.737499
8825		18.612499
8826		17.931250
8827		17.393749
8828		16.918751
8829		16.237499
8830		16.537500
8831		15.556250
8832		15.643750
8833		14.962500
8834		15.112500
8835		14.400000
8836		14.106250
8837		13.450000
8838		13.806250
8839		13.481250
8840		12.593750
8841		11.793750
8842		12.300000
8843		12.181250
8844		13.100000
8845		12.743750
8846		13.068750
8847		12.887500
8848		12.412500
8849		11.468750
8850		11.025000
8851		10.487500
8852		11.437500
8853		11.143750
8854		11.675000
8855		11.200000
8856		10.225000
8857		8.950000
8858		8.618750
8859		7.287500
8860		6.875000
8861		6.662500
8862		6.131250
8863		6.550000
8864		6.218750
8865		5.656250
8866		5.481250
8867		5.062500
8868		5.775000
8869		5.775000
8870		6.250000
8871		7.050000
8872		6.162500
8873		6.281250
8874		5.893750
8875		5.125000
8876		4.618750
8877		4.381250
8878		4.593750
8879		5.656250
8880		6.518750
8881		7.406250
8882		7.112500
8883		7.350000
8884		6.900000
8885		6.075000
8886		5.775000
8887		5.806250
8888		5.743750
8889		5.837500
8890		6.162500
8891		6.400000
8892		5.775000
8893		5.862500
8894		5.718750
8895		5.862500
8896		4.918750
8897		5.862500
8898		5.331250
8899		5.450000
8900		5.418750
8901		5.418750
8902		5.275000
8903		5.631250
8904		6.218750
8905		5.862500
8906		5.481250
8907		5.631250
8908		5.156250
8909		5.450000
8910		5.331250
8911		5.806250
8912		5.331250
8913		4.856250
8914		4.681250
8915		4.325000
8916		4.175000
8917		4.025000
8918		3.200000
8919		3.793750
8920		3.106250
8921		3.018750
8922		2.843750
8923		2.281250
8924		2.068750
8925		2.606250
8926		1.362500
8927		1.925000
8928		1.925000
8929		1.981250
8930		1.481250
8931		1.806250
8932		1.600000
8933		1.862500
8934		1.950000
8935		2.606250
8936		2.368750
8937		2.518750
8938		1.625000
8939		2.068750
8940		2.368750
8941		2.812500
8942		3.050000
8943		2.962500
8944		3.581250
8945		4.175000
8946		3.850000
8947		3.793750
8948		2.662500
8949		2.456250
8950		2.250000
8951		2.043750
8952		1.718750
8953		1.125000
8954		1.481250
8955		0.768750
8956		-0.062500
8957		-1.131250
8958		-2.137500
8959		-2.256250
8960		-1.843750
8961		-1.393750
8962		0.087500
8963		0.468750
8964		0.381250
8965		-1.131250
8966		-1.393750
8967		-2.018750
8968		-3.025000
8969		-3.350000
8970		-2.343750
8971		-1.425000
8972		-0.950000
8973		-1.512500
8974		-0.743750
8975		-1.900000
8976		-1.987500
8977		-3.681250
8978		-3.025000
8979		-2.818750
8980		-1.456250
8981		-0.687500
8982		1.775000
8983		2.337500
8984		2.662500
8985		2.131250
8986		3.081250
8987		2.425000
8988		2.781250
8989		1.806250
8990		1.268750
8991		-1.456250
8992		-2.193750
8993		-3.618750
8994		-3.325000
8995		-3.143750
8996		-1.456250
8997		-0.450000
8998		-0.506250
8999		0.412500
9000		-0.418750
9001		-2.875000
9002		-4.450000
9003		-6.343750
9004		-6.968750
9005		-7.943750
9006		-8.181250
9007		-8.156250
9008		-7.206250
9009		-6.287500
9010		-4.893750
9011		-2.968750
9012		0.206250
9013		1.006250
9014		1.625000
9015		0.587500
9016		-0.925000
9017		-2.287500
9018		-3.531250
9019		-4.362500
9020		-3.706250
9021		-2.875000
9022		-2.375000
9023		-1.631250
9024		-2.256250
9025		-1.725000
9026		-2.168750
9027		-3.412500
9028		-4.181250
9029		-6.437500
9030		-6.493750
9031		-9.368750
9032		-10.437500
9033		-11.381250
9034		-11.150000
9035		-11.056250
9036		-10.168750
9037		-9.756250
9038		-9.162500
9039		-7.087500
9040		-7.000000
9041		-6.668750
9042		-7.087500
9043		-6.787500
9044		-6.818750
9045		-6.375000
9046		-6.731250
9047		-5.750000
9048		-5.400000
9049		-4.506250
9050		-3.650000
9051		-3.856250
9052		-3.175000
9053		-2.668750
9054		-2.375000
9055		-1.606250
9056		-2.193750
9057		-2.643750
9058		-4.362500
9059		-5.131250
9060		-7.118750
9061		-7.356250
9062		-8.125000
9063		-7.175000
9064		-8.125000
9065		-6.937500
9066		-6.881250
9067		-5.868750
9068		-5.781250
9069		-5.781250
9070		-5.606250
9071		-4.893750
9072		-5.162500
9073		-4.656250
9074		-4.950000
9075		-3.825000
9076		-4.150000
9077		-3.412500
9078		-4.362500
9079		-2.762500
9080		-3.325000
9081		-3.293750
9082		-3.650000
9083		-4.031250
9084		-5.306250
9085		-5.425000
9086		-5.900000
9087		-6.081250
9088		-7.000000
9089		-7.768750
9090		-8.600000
9091		-8.362500
9092		-8.362500
9093		-8.568750
9094		-9.012500
9095		-7.737500
9096		-8.600000
9097		-8.537500
9098		-8.718750
9099		-7.737500
9100		-7.825000
9101		-6.881250
9102		-7.175000
9103		-5.100000
9104		-4.481250
9105		-3.175000
9106		-3.706250
9107		-2.993750
9108		-2.612500
9109		-3.325000
9110		-2.937500
9111		-3.325000
9112		-4.125000
9113		-4.656250
9114		-4.450000
9115		-4.450000
9116		-5.187500
9117		-5.781250
9118		-5.781250
9119		-5.725000
9120		-5.487500
9121		-5.400000
9122		-5.250000
9123		-5.337500
9124		-4.656250
9125		-4.387500
9126		-4.125000
9127		-3.531250
9128		-3.025000
9129		-2.906250
9130		-2.937500
9131		-2.525000
9132		-1.543750
9133		-2.168750
9134		-1.156250
9135		-1.250000
9136		-0.806250
9137		-0.950000
9138		-0.331250
9139		-1.037500
9140		0.443750
9141		0.000000
9142		0.325000
9143		0.681250
9144		0.943750
9145		-0.118750
9146		-0.150000
9147		-0.862500
9148		-0.893750
9149		-1.662500
9150		-1.393750
9151		-1.368750
9152		-1.068750
9153		-0.893750
9154		-0.118750
9155		-0.212500
9156		0.231250
9157		0.443750
9158		1.031250
9159		1.268750
9160		2.187500
9161		1.950000
9162		2.131250
9163		1.687500
9164		2.400000
9165		1.656250
9166		2.162500
9167		1.775000
9168		2.218750
9169		1.450000
9170		1.331250
9171		0.500000
9172		0.825000
9173		1.212500
9174		1.450000
9175		0.500000
9176		0.500000
9177		0.587500
9178		0.381250
9179		0.681250
9180		1.031250
9181		1.481250
9182		1.862500
9183		1.950000
9184		2.218750
9185		1.568750
9186		2.218750
9187		1.981250
9188		2.043750
9189		0.975000
9190		0.262500
9191		-0.568750
9192		-0.862500
9193		-1.631250
9194		-1.662500
9195		-1.868750
9196		-2.225000
9197		-3.056250
9198		-3.443750
9199		-3.468750
9200		-3.562500
9201		-3.412500
9202		-3.912500
9203		-3.650000
9204		-2.818750
9205		-2.375000
9206		-1.987500
9207		-0.950000
9208		-0.506250
9209		0.143750
9210		0.918750
9211		0.056250
9212		-0.212500
9213		0.531250
9214		0.768750
9215		0.856250
9216		0.618750
9217		1.062500
9218		0.681250
9219		-0.356250
9220		-0.418750
9221		-1.250000
9222		-1.781250
9223		-1.900000
9224		-2.193750
9225		-3.175000
9226		-3.768750
9227		-4.331250
9228		-5.100000
9229		-4.150000
9230		-5.337500
9231		-5.400000
9232		-5.900000
9233		-5.931250
9234		-6.850000
9235		-6.525000
9236		-6.731250
9237		-6.818750
9238		-6.731250
9239		-6.731250
9240		-7.087500
9241		-6.818750
9242		-7.056250
9243		-7.443750
9244		-7.412500
9245		-7.025000
9246		-7.381250
9247		-6.612500
9248		-6.818750
9249		-6.668750
9250		-6.643750
9251		-7.118750
9252		-7.706250
9253		-7.975000
9254		-7.918750
9255		-7.706250
9256		-7.918750
9257		-8.125000
9258		-8.743750
9259		-8.687500
9260		-9.693750
9261		-9.456250
9262		-10.581250
9263		-11.056250
9264		-11.768750
9265		-11.325000
9266		-12.806250
9267		-12.893750
9268		-13.400000
9269		-13.337500
9270		-13.993750
9271		-13.725000
9272		-14.200000
9273		-13.312500
9274		-14.287500
9275		-13.906250
9276		-14.675000
9277		-13.962500
9278		-14.825000
9279		-15.175000
9280		-14.825000
9281		-15.206250
9282		-15.625000
9283		-15.593750
9284		-16.331249
9285		-15.681250
9286		-15.387500
9287		-15.118750
9288		-15.387500
9289		-14.850000
9290		-15.150000
9291		-14.675000
9292		-14.968750
9293		-14.081250
9294		-14.350000
9295		-13.400000
9296		-13.575000
9297		-13.193750
9298		-13.012500
9299		-13.106250
9300		-13.043750
9301		-12.512500
9302		-12.750000
9303		-12.362500
9304		-12.006250
9305		-11.918750
9306		-12.718750
9307		-13.312500
9308		-13.400000
9309		-13.756250
9310		-14.112500
9311		-14.556250
9312		-15.712500
9313		-16.068750
9314		-16.212500
9315		-17.250000
9316		-17.400000
9317		-18.143749
9318		-18.500000
9319		-19.000000
9320		-18.587500
9321		-19.681250
9322		-19.356251
9323		-20.100000
9324		-19.443750
9325		-19.918751
9326		-19.475000
9327		-19.418751
9328		-19.118750
9329		-19.537500
9330		-19.712500
9331		-19.799999
9332		-19.681250
9333		-19.775000
9334		-19.656250
9335		-19.268749
9336		-18.406250
9337		-17.818750
9338		-17.162500
9339		-16.956249
9340		-17.162500
9341		-17.637501
9342		-17.756250
9343		-18.231251
9344		-17.431250
9345		-16.662500
9346		-16.424999
9347		-17.106251
9348		-17.431250
9349		-18.825001
9350		-18.525000
9351		-19.743750
9352		-19.031250
9353		-19.893749
9354		-19.443750
9355		-19.418751
9356		-19.625000
9357		-19.893749
9358		-19.918751
9359		-19.537500
9360		-18.762501
9361		-18.856251
9362		-18.081249
9363		-18.287500
9364		-17.312500
9365		-17.937500
9366		-18.025000
9367		-18.737499
9368		-18.793751
9369		-19.268749
9370		-18.587500
9371		-18.525000
9372		-17.700001
9373		-17.043751
9374		-16.718750
9375		-17.312500
9376		-17.043751
9377		-17.637501
9378		-17.637501
9379		-18.643749
9380		-18.200001
9381		-18.968750
9382		-18.587500
9383		-18.500000
9384		-18.825001
9385		-19.031250
9386		-19.799999
9387		-19.593750
9388		-19.268749
9389		-19.537500
9390		-19.893749
9391		-19.562500
9392		-19.981251
9393		-19.743750
9394		-19.918751
9395		-20.362499
9396		-20.125000
9397		-19.681250
9398		-20.037500
9399		-19.181250
9400		-19.118750
9401		-19.237499
9402		-19.387501
9403		-19.181250
9404		-19.268749
9405		-18.643749
9406		-19.625000
9407		-19.268749
9408		-19.625000
9409		-19.775000
9410		-19.681250
9411		-19.387501
9412		-19.000000
9413		-18.556250
9414		-19.325001
9415		-18.674999
9416		-19.625000
9417		-19.000000
9418		-19.118750
9419		-18.525000
9420		-18.500000
9421		-17.581249
9422		-18.200001
9423		-17.162500
9424		-17.281250
9425		-16.512501
9426		-16.331249
9427		-15.981250
9428		-15.650000
9429		-15.356250
9430		-15.175000
9431		-14.493750
9432		-14.318750
9433		-14.050000
9434		-14.437500
9435		-13.431250
9436		-13.043750
9437		-12.125000
9438		-11.712500
9439		-11.381250
9440		-11.412500
9441		-12.306250
9442		-12.925000
9443		-12.806250
9444		-13.281250
9445		-13.756250
9446		-13.337500
9447		-12.806250
9448		-14.375000
9449		-14.406250
9450		-15.412500
9451		-14.675000
9452		-15.031250
9453		-14.350000
9454		-14.612500
9455		-14.350000
9456		-13.431250
9457		-13.312500
9458		-14.287500
9459		-14.081250
9460		-14.112500
9461		-14.287500
9462		-14.050000
9463		-13.281250
9464		-13.250000
9465		-12.212500
9466		-12.125000
9467		-13.456250
9468		-13.993750
9469		-14.143750
9470		-14.168750
9471		-12.512500
9472		-11.593750
9473		-9.400000
9474		-8.300000
9475		-7.325000
9476		-6.762500
9477		-6.643750
9478		-6.881250
9479		-6.906250
9480		-7.768750
9481		-9.100000
9482		-11.087500
9483		-12.687500
9484		-12.893750
9485		-13.456250
9486		-13.162500
9487		-12.718750
9488		-10.200000
9489		-9.843750
9490		-8.925000
9491		-9.431250
9492		-10.287500
9493		-12.275000
9494		-13.312500
9495		-15.175000
9496		-15.918750
9497		-16.600000
9498		-16.275000
9499		-16.306250
9500		-15.625000
9501		-13.225000
9502		-11.681250
9503		-9.337500
9504		-7.475000
9505		-6.581250
9506		-5.931250
9507		-7.025000
9508		-7.500000
9509		-9.193750
9510		-9.431250
9511		-9.312500
9512		-8.625000
9513		-8.062500
9514		-7.087500
9515		-6.525000
9516		-5.606250
9517		-4.950000
9518		-5.012500
9519		-5.400000
9520		-4.831250
9521		-6.225000
9522		-7.206250
9523		-7.856250
9524		-8.600000
9525		-10.050000
9526		-9.662500
9527		-9.693750
9528		-7.325000
9529		-6.612500
9530		-5.012500
9531		-4.300000
9532		-3.706250
9533		-3.206250
9534		-2.525000
9535		-2.731250
9536		-1.956250
9537		-1.868750
9538		-0.806250
9539		-0.950000
9540		0.587500
9541		-0.300000
9542		1.418750
9543		2.162500
9544		3.200000
9545		3.675000
9546		4.025000
9547		4.262500
9548		3.731250
9549		3.137500
9550		2.543750
9551		1.418750
9552		1.331250
9553		0.531250
9554		0.918750
9555		-0.062500
9556		0.975000
9557		1.625000
9558		2.543750
9559		2.693750
9560		3.850000
9561		4.175000
9562		5.181250
9563		5.631250
9564		5.925000
9565		7.050000
9566		7.350000
9567		7.406250
9568		8.175000
9569		8.443750
9570		8.650000
9571		9.718750
9572		10.368750
9573		10.193750
9574		10.162500
9575		10.162500
9576		9.537500
9577		9.537500
9578		8.768750
9579		8.831250
9580		8.650000
9581		8.975000
9582		8.293750
9583		8.918750
9584		8.475000
9585		9.037500
9586		8.531250
9587		9.275000
9588		9.656250
9589		9.775000
9590		9.750000
9591		10.487500
9592		11.262500
9593		12.475000
9594		12.981250
9595		14.487500
9596		14.462500
9597		16.000000
9598		16.831249
9599		17.781250
9600		17.362499
9601		18.375000
9602		17.718750
9603		17.956249
9604		17.600000
9605		18.018749
9606		17.812500
9607		18.018749
9608		17.931250
9609		18.462500
9610		18.312500
9611		18.937500
9612		18.343750
9613		19.556250
9614		19.262501
9615		20.387501
9616		20.000000
9617		21.218750
9618		20.918751
9619		21.781250
9620		22.256250
9621		23.087500
9622		23.325001
9623		24.387501
9624		23.856251
9625		24.481251
9626		24.331249
9627		24.387501
9628		24.537500
9629		25.456249
9630		25.100000
9631		25.281250
9632		25.812500
9633		26.375000
9634		25.868750
9635		26.700001
9636		25.812500
9637		26.318750
9638		25.306250
9639		25.575001
9640		24.981251
9641		24.481251
9642		24.831249
9643		25.281250
9644		24.924999
9645		25.575001
9646		25.631250
9647		26.256250
9648		26.256250
9649		27.118750
9650		27.000000
9651		28.450001
9652		28.981251
9653		29.075001
9654		29.487499
9655		29.725000
9656		29.725000
9657		29.424999
9658		31.056250
9659		30.406250
9660		30.612499
9661		30.612499
9662		30.556250
9663		30.018749
9664		30.525000
9665		31.056250
9666		30.850000
9667		31.237499
9668		31.056250
9669		30.700001
9670		31.712500
9671		32.037498
9672		33.549999
9673		34.375000
9674		34.825001
9675		34.468750
9676		34.881248
9677		34.587502
9678		34.525002
9679		34.231251
9680		34.706249
9681		34.025002
9682		34.493752
9683		32.568748
9684		33.281250
9685		32.893749
9686		32.512501
9687		32.006248
9688		31.618750
9689		31.531250
9690		31.325001
9691		30.762501
9692		30.762501
9693		30.375000
9694		30.968750
9695		30.912500
9696		31.412500
9697		31.737499
9698		32.568748
9699		32.775002
9700		33.756248
9701		33.962502
9702		35.000000
9703		34.849998
9704		35.150002
9705		35.625000
9706		35.712502
9707		35.174999
9708		35.593750
9709		34.881248
9710		34.375000
9711		33.906250
9712		33.431252
9713		33.518749
9714		32.418751
9715		32.299999
9716		32.006248
9717		31.562500
9718		30.231251
9719		30.112499
9720		29.250000
9721		28.981251
9722		29.075001
9723		29.337500
9724		29.456249
9725		29.518749
9726		29.518749
9727		29.131250
9728		29.131250
9729		29.368750
9730		29.637501
9731		29.543751
9732		30.406250
9733		31.031250
9734		32.037498
9735		32.093750
9736		32.243752
9737		32.750000
9738		33.337502
9739		33.962502
9740		34.525002
9741		35.237499
9742		34.825001
9743		35.387501
9744		35.237499
9745		35.443748
9746		35.412498
9747		35.743752
9748		35.206249
9749		35.293751
9750		34.968750
9751		35.206249
9752		34.731251
9753		34.349998
9754		34.825001
9755		34.256248
9756		33.668751
9757		33.906250
9758		33.281250
9759		32.393749
9760		31.768749
9761		32.212502
9762		32.037498
9763		32.481251
9764		31.531250
9765		31.887501
9766		31.618750
9767		31.918751
9768		31.031250
9769		31.475000
9770		30.112499
9771		30.112499
9772		29.487499
9773		29.487499
9774		29.162500
9775		29.843750
9776		28.806250
9777		28.893749
9778		28.537500
9779		28.718750
9780		28.687500
9781		28.181250
9782		27.500000
9783		27.500000
9784		27.768749
9785		28.093750
9786		27.143749
9787		27.381250
9788		26.106251
9789		27.000000
9790		26.525000
9791		27.000000
9792		26.225000
9793		26.881250
9794		26.668751
9795		26.581249
9796		26.762501
9797		25.100000
9798		24.687500
9799		24.243750
9800		23.531250
9801		23.381250
9802		21.693750
9803		22.168751
9804		20.893749
9805		20.687500
9806		19.556250
9807		19.500000
9808		18.756250
9809		19.056250
9810		18.043751
9811		17.718750
9812		16.831249
9813		17.037500
9814		16.831249
9815		16.950001
9816		16.325001
9817		17.125000
9818		16.681250
9819		16.387501
9820		15.737500
9821		16.093750
9822		15.525000
9823		14.550000
9824		14.993750
9825		14.606250
9826		14.400000
9827		14.906250
9828		14.818750
9829		14.368750
9830		14.606250
9831		14.343750
9832		13.275000
9833		13.037500
9834		13.243750
9835		12.800000
9836		13.393750
9837		13.068750
9838		12.831250
9839		11.793750
9840		10.993750
9841		9.956250
9842		8.918750
9843		7.968750
9844		7.731250
9845		8.150000
9846		7.881250
9847		6.875000
9848		7.081250
9849		6.662500
9850		7.112500
9851		6.487500
9852		7.437500
9853		7.700000
9854		8.325000
9855		8.031250
9856		8.118750
9857		7.406250
9858		6.456250
9859		5.656250
9860		5.512500
9861		5.125000
9862		5.956250
9863		6.368750
9864		7.168750
9865		7.137500
9866		7.318750
9867		6.962500
9868		6.312500
9869		5.775000
9870		5.181250
9871		5.656250
9872		5.893750
9873		5.481250
9874		5.418750
9875		4.531250
9876		5.243750
9877		5.156250
9878		5.631250
9879		4.500000
9880		5.418750
9881		4.443750
9882		4.918750
9883		4.531250
9884		4.768750
9885		4.531250
9886		4.918750
9887		4.593750
9888		5.181250
9889		4.800000
9890		5.775000
9891		5.275000
9892		5.125000
9893		5.481250
9894		6.518750
9895		6.431250
9896		6.518750
9897		5.331250
9898		6.312500
9899		6.218750
9900		5.718750
9901		6.131250
9902		5.981250
9903		5.481250
9904		5.656250
9905		5.537500
9906		5.512500
9907		5.093750
9908		5.600000
9909		3.850000
9910		4.500000
9911		4.206250
9912		4.475000
9913		4.325000
9914		4.381250
9915		4.025000
9916		4.000000
9917		4.325000
9918		4.175000
9919		4.237500
9920		4.381250
9921		4.712500
9922		4.475000
9923		4.175000
9924		4.562500
9925		4.531250
9926		4.325000
9927		4.918750
9928		5.300000
9929		5.125000
9930		5.600000
9931		5.037500
9932		4.143750
9933		3.287500
9934		2.931250
9935		2.812500
9936		1.925000
9937		2.281250
9938		2.100000
9939		1.062500
9940		0.231250
9941		-0.181250
9942		-1.393750
9943		-1.631250
9944		-0.950000
9945		-0.181250
9946		0.381250
9947		1.093750
9948		0.350000
9949		0.025000
9950		-1.456250
9951		-1.931250
9952		-2.581250
9953		-1.931250
9954		-0.625000
9955		-0.118750
9956		-0.031250
9957		1.125000
9958		-0.212500
9959		-0.593750
9960		-1.693750
9961		-2.431250
9962		-1.987500
9963		-0.418750
9964		1.331250
9965		2.281250
9966		3.762500
9967		4.475000
9968		5.037500
9969		5.062500
9970		4.593750
9971		4.000000
9972		3.493750
9973		1.600000
9974		0.650000
9975		-1.337500
9976		-2.700000
9977		-0.981250
9978		-1.575000
9979		-0.950000
9980		-0.356250
9981		1.125000
9982		0.443750
9983		0.681250
9984		-0.300000
9985		-1.662500
9986		-3.531250
9987		-4.925000
9988		-6.225000
9989		-7.143750
9990		-7.412500
9991		-6.968750
9992		-5.725000
9993		-4.806250
9994		-2.050000
9995		0.325000
9996		2.068750
9997		2.931250
9998		2.218750
9999		1.506250
10000		0.381250
