Channel              :		CH1
Frequency            :		100.4Hz
Period               :		9.960ms
PK-PK                :		15.23mV
Average              :		0.149mV
Vertical pos         :		1.000000mV
Probe attenuation    :		1X
Voltage per ADC value:		0.001563mV
Time interval        :		4.00000uS

index		CH1_Voltage(mV)
1		1.437500
2		1.462500
3		1.643750
4		1.818750
5		1.462500
6		1.493750
7		1.556250
8		1.137500
9		1.375000
10		1.793750
11		1.581250
12		1.612500
13		1.731250
14		1.437500
15		1.493750
16		1.968750
17		1.675000
18		2.056250
19		1.493750
20		1.643750
21		1.700000
22		1.700000
23		1.731250
24		1.850000
25		1.937500
26		1.937500
27		2.143750
28		1.968750
29		2.175000
30		2.118750
31		2.087500
32		2.293750
33		2.593750
34		2.500000
35		2.825000
36		2.712500
37		2.593750
38		2.500000
39		2.475000
40		2.650000
41		2.737500
42		2.737500
43		2.293750
44		3.062500
45		2.943750
46		2.737500
47		2.650000
48		2.531250
49		3.125000
50		2.650000
51		3.037500
52		2.681250
53		3.512500
54		2.768750
55		2.712500
56		2.737500
57		3.006250
58		3.062500
59		2.975000
60		3.037500
61		3.212500
62		3.037500
63		3.418750
64		3.481250
65		3.568750
66		3.362500
67		3.837500
68		4.012500
69		3.743750
70		3.981250
71		4.218750
72		4.100000
73		4.012500
74		4.250000
75		4.431250
76		3.925000
77		4.400000
78		4.400000
79		4.131250
80		4.250000
81		4.162500
82		4.250000
83		4.431250
84		3.956250
85		4.100000
86		3.981250
87		4.518750
88		3.956250
89		3.568750
90		4.100000
91		4.131250
92		3.743750
93		3.450000
94		2.918750
95		3.212500
96		3.037500
97		3.362500
98		2.856250
99		2.768750
100		2.768750
101		2.681250
102		2.325000
103		2.475000
104		2.475000
105		2.381250
106		2.443750
107		2.381250
108		2.618750
109		2.087500
110		2.237500
111		2.293750
112		2.593750
113		2.118750
114		2.237500
115		1.937500
116		2.175000
117		2.475000
118		2.262500
119		2.175000
120		2.000000
121		2.206250
122		1.937500
123		1.850000
124		1.700000
125		1.700000
126		1.406250
127		1.581250
128		1.731250
129		1.881250
130		1.793750
131		2.000000
132		1.581250
133		1.906250
134		1.937500
135		1.818750
136		2.381250
137		2.118750
138		2.443750
139		2.650000
140		2.562500
141		2.737500
142		3.062500
143		3.512500
144		3.362500
145		3.568750
146		3.656250
147		3.568750
148		3.718750
149		3.656250
150		3.718750
151		4.250000
152		4.162500
153		4.218750
154		4.193750
155		4.250000
156		4.218750
157		4.131250
158		4.162500
159		3.481250
160		3.925000
161		3.687500
162		3.718750
163		3.743750
164		3.862500
165		3.687500
166		3.568750
167		3.656250
168		3.806250
169		3.806250
170		3.631250
171		3.806250
172		3.481250
173		3.862500
174		4.012500
175		4.431250
176		4.606250
177		4.518750
178		4.550000
179		4.250000
180		4.250000
181		4.368750
182		4.575000
183		4.756250
184		4.550000
185		4.843750
186		4.900000
187		4.900000
188		5.018750
189		5.081250
190		4.900000
191		4.962500
192		4.693750
193		4.756250
194		4.368750
195		4.456250
196		4.518750
197		4.431250
198		4.312500
199		4.456250
200		4.162500
201		4.162500
202		3.718750
203		3.600000
204		3.862500
205		3.631250
206		3.568750
207		3.418750
208		3.275000
209		3.481250
210		3.212500
211		3.037500
212		3.006250
213		3.300000
214		2.825000
215		2.768750
216		2.500000
217		2.943750
218		2.356250
219		2.175000
220		2.618750
221		2.562500
222		2.681250
223		2.737500
224		2.737500
225		2.856250
226		2.531250
227		2.768750
228		3.062500
229		3.093750
230		2.856250
231		3.275000
232		3.568750
233		2.825000
234		3.212500
235		3.362500
236		3.631250
237		3.568750
238		3.631250
239		3.687500
240		4.075000
241		3.631250
242		3.512500
243		3.893750
244		3.806250
245		3.537500
246		3.718750
247		3.687500
248		3.093750
249		2.856250
250		3.156250
251		2.943750
252		2.737500
253		2.381250
254		2.056250
255		2.143750
256		2.262500
257		2.531250
258		2.025000
259		2.175000
260		2.000000
261		1.968750
262		1.700000
263		1.881250
264		2.143750
265		1.881250
266		2.025000
267		2.087500
268		2.000000
269		2.887500
270		2.593750
271		3.125000
272		2.825000
273		3.418750
274		3.687500
275		3.481250
276		4.250000
277		4.218750
278		4.756250
279		5.112500
280		5.200000
281		5.168750
282		5.350000
283		5.350000
284		5.406250
285		6.000000
286		6.056250
287		6.356250
288		6.506250
289		6.175000
290		6.593750
291		6.387500
292		6.562500
293		6.237500
294		6.118750
295		5.912500
296		6.237500
297		6.087500
298		6.087500
299		5.881250
300		5.612500
301		5.406250
302		5.256250
303		5.287500
304		4.993750
305		4.900000
306		4.662500
307		4.756250
308		4.812500
309		4.456250
310		4.100000
311		4.250000
312		3.656250
313		3.512500
314		3.181250
315		2.887500
316		2.887500
317		3.062500
318		3.006250
319		2.975000
320		2.712500
321		2.825000
322		2.975000
323		3.156250
324		2.237500
325		2.681250
326		2.593750
327		2.475000
328		2.681250
329		2.531250
330		2.293750
331		2.293750
332		2.531250
333		2.618750
334		2.737500
335		2.825000
336		2.618750
337		2.681250
338		2.887500
339		3.062500
340		3.037500
341		3.062500
342		2.918750
343		3.125000
344		2.918750
345		3.156250
346		2.943750
347		2.918750
348		2.681250
349		3.006250
350		2.593750
351		2.975000
352		2.712500
353		2.412500
354		2.593750
355		2.025000
356		2.475000
357		2.443750
358		2.293750
359		2.143750
360		1.818750
361		1.906250
362		1.581250
363		1.731250
364		1.581250
365		1.437500
366		1.343750
367		1.437500
368		1.287500
369		1.581250
370		1.437500
371		0.987500
372		1.343750
373		1.225000
374		1.225000
375		1.200000
376		1.850000
377		1.343750
378		1.675000
379		1.731250
380		1.762500
381		1.581250
382		1.643750
383		1.581250
384		2.237500
385		2.293750
386		2.237500
387		2.381250
388		2.500000
389		2.650000
390		2.381250
391		2.975000
392		2.887500
393		2.825000
394		3.093750
395		2.825000
396		3.362500
397		3.062500
398		3.181250
399		3.125000
400		3.300000
401		3.362500
402		3.125000
403		3.275000
404		3.243750
405		3.331250
406		3.212500
407		3.125000
408		3.156250
409		3.212500
410		3.212500
411		3.418750
412		3.537500
413		3.243750
414		3.243750
415		3.300000
416		3.331250
417		3.243750
418		2.856250
419		3.006250
420		2.943750
421		3.181250
422		2.887500
423		2.800000
424		3.125000
425		2.618750
426		3.181250
427		2.975000
428		2.975000
429		3.037500
430		3.125000
431		3.093750
432		2.856250
433		3.275000
434		2.975000
435		2.887500
436		2.943750
437		2.681250
438		2.943750
439		2.887500
440		2.918750
441		2.975000
442		3.006250
443		2.800000
444		2.737500
445		2.681250
446		2.650000
447		2.618750
448		2.262500
449		2.325000
450		1.968750
451		2.737500
452		2.087500
453		1.700000
454		2.056250
455		2.118750
456		1.731250
457		1.731250
458		0.987500
459		1.731250
460		1.406250
461		1.850000
462		1.287500
463		1.493750
464		1.581250
465		1.256250
466		1.106250
467		1.318750
468		1.018750
469		1.343750
470		0.725000
471		1.200000
472		0.843750
473		1.050000
474		0.693750
475		0.931250
476		0.931250
477		0.693750
478		0.868750
479		0.962500
480		1.168750
481		0.900000
482		1.018750
483		0.931250
484		0.900000
485		1.050000
486		0.868750
487		0.725000
488		0.843750
489		1.225000
490		1.106250
491		0.843750
492		1.256250
493		0.606250
494		1.287500
495		1.081250
496		0.843750
497		1.137500
498		1.287500
499		1.256250
500		1.200000
501		1.050000
502		1.137500
503		1.256250
504		1.256250
505		0.812500
506		1.137500
507		1.200000
508		1.137500
509		1.343750
510		1.556250
511		1.168750
512		1.200000
513		1.462500
514		1.643750
515		1.200000
516		1.168750
517		1.581250
518		1.287500
519		1.493750
520		1.287500
521		1.050000
522		1.375000
523		1.318750
524		1.375000
525		1.700000
526		1.200000
527		1.343750
528		1.556250
529		1.556250
530		1.493750
531		1.731250
532		1.581250
533		1.106250
534		1.793750
535		1.525000
536		1.700000
537		1.437500
538		1.675000
539		1.906250
540		1.643750
541		2.118750
542		2.175000
543		1.850000
544		1.937500
545		2.143750
546		2.237500
547		2.237500
548		2.025000
549		2.118750
550		2.237500
551		2.262500
552		2.143750
553		2.325000
554		1.762500
555		1.731250
556		2.175000
557		2.025000
558		2.000000
559		1.793750
560		2.118750
561		1.850000
562		1.968750
563		1.256250
564		1.493750
565		1.343750
566		1.556250
567		1.081250
568		1.050000
569		1.137500
570		1.106250
571		1.018750
572		0.812500
573		0.606250
574		0.662500
575		0.543750
576		0.400000
577		0.456250
578		0.218750
579		0.543750
580		0.662500
581		0.131250
582		0.012500
583		0.012500
584		0.012500
585		0.068750
586		0.012500
587		0.250000
588		0.250000
589		-0.281250
590		0.368750
591		0.518750
592		0.306250
593		0.606250
594		0.162500
595		0.487500
596		0.662500
597		0.812500
598		0.843750
599		1.050000
600		0.756250
601		0.962500
602		0.962500
603		1.050000
604		0.900000
605		0.962500
606		1.081250
607		0.868750
608		1.318750
609		0.756250
610		1.081250
611		1.050000
612		1.106250
613		1.018750
614		1.106250
615		0.662500
616		0.843750
617		0.368750
618		1.018750
619		0.693750
620		0.606250
621		0.812500
622		0.637500
623		0.756250
624		0.518750
625		0.518750
626		0.368750
627		0.575000
628		0.368750
629		0.162500
630		0.725000
631		0.456250
632		0.306250
633		0.337500
634		0.306250
635		0.575000
636		0.487500
637		0.250000
638		0.543750
639		0.518750
640		0.812500
641		0.456250
642		1.256250
643		0.868750
644		1.106250
645		0.931250
646		0.843750
647		0.868750
648		1.018750
649		1.137500
650		0.931250
651		1.375000
652		1.168750
653		1.137500
654		0.843750
655		0.987500
656		0.987500
657		1.343750
658		1.050000
659		0.812500
660		1.287500
661		0.756250
662		1.137500
663		1.256250
664		1.556250
665		1.343750
666		0.756250
667		1.050000
668		0.900000
669		1.106250
670		1.106250
671		0.843750
672		0.962500
673		0.843750
674		0.868750
675		0.400000
676		0.662500
677		0.962500
678		0.756250
679		0.812500
680		0.400000
681		0.693750
682		0.575000
683		0.456250
684		0.218750
685		0.368750
686		0.368750
687		0.518750
688		0.456250
689		0.637500
690		0.962500
691		1.050000
692		0.368750
693		0.662500
694		0.693750
695		0.725000
696		0.368750
697		0.281250
698		0.337500
699		0.306250
700		0.162500
701		0.281250
702		0.068750
703		-0.050000
704		-0.075000
705		-0.431250
706		-0.312500
707		-0.137500
708		-0.612500
709		-0.343750
710		-0.581250
711		-0.637500
712		-0.668750
713		-0.906250
714		-0.550000
715		-0.431250
716		-0.462500
717		-0.731250
718		-0.343750
719		-0.312500
720		-0.431250
721		-0.281250
722		-0.400000
723		-0.106250
724		-0.018750
725		0.368750
726		0.543750
727		0.518750
728		1.050000
729		0.781250
730		0.931250
731		1.225000
732		1.406250
733		0.987500
734		1.493750
735		1.225000
736		1.106250
737		1.200000
738		0.962500
739		0.868750
740		0.812500
741		0.725000
742		0.425000
743		0.250000
744		0.425000
745		-0.462500
746		-0.375000
747		-0.700000
748		-0.581250
749		-1.081250
750		-0.731250
751		-1.175000
752		-1.081250
753		-1.293750
754		-1.318750
755		-1.412500
756		-1.556250
757		-1.318750
758		-1.856250
759		-1.175000
760		-1.381250
761		-1.081250
762		-1.175000
763		-1.468750
764		-1.081250
765		-0.906250
766		-0.906250
767		-1.025000
768		-0.937500
769		-1.262500
770		-1.350000
771		-1.231250
772		-1.556250
773		-1.650000
774		-1.381250
775		-1.912500
776		-1.825000
777		-2.000000
778		-2.000000
779		-1.943750
780		-1.793750
781		-2.212500
782		-2.150000
783		-2.268750
784		-2.181250
785		-2.387500
786		-1.912500
787		-1.556250
788		-1.975000
789		-2.000000
790		-1.737500
791		-1.412500
792		-1.531250
793		-1.381250
794		-0.850000
795		-0.343750
796		-0.375000
797		-0.075000
798		0.100000
799		0.543750
800		0.843750
801		1.050000
802		1.437500
803		1.700000
804		2.087500
805		2.000000
806		2.618750
807		2.618750
808		3.062500
809		2.737500
810		3.212500
811		3.243750
812		3.656250
813		3.181250
814		3.956250
815		3.806250
816		4.162500
817		4.043750
818		4.456250
819		3.981250
820		4.075000
821		4.250000
822		4.100000
823		4.550000
824		4.250000
825		4.431250
826		4.193750
827		4.218750
828		4.012500
829		4.043750
830		3.956250
831		3.956250
832		3.837500
833		3.956250
834		3.656250
835		3.956250
836		3.775000
837		4.075000
838		4.075000
839		4.012500
840		4.100000
841		4.218750
842		4.250000
843		4.518750
844		4.606250
845		4.662500
846		5.287500
847		4.900000
848		5.287500
849		5.643750
850		5.468750
851		6.000000
852		5.793750
853		6.237500
854		6.506250
855		6.618750
856		6.118750
857		6.293750
858		6.056250
859		5.850000
860		5.912500
861		5.793750
862		5.437500
863		5.493750
864		4.993750
865		4.368750
866		4.012500
867		3.512500
868		3.156250
869		2.412500
870		2.381250
871		1.137500
872		0.843750
873		0.606250
874		-0.493750
875		-0.787500
876		-1.081250
877		-1.912500
878		-2.356250
879		-3.037500
880		-3.037500
881		-3.337500
882		-4.050000
883		-4.075000
884		-4.431250
885		-4.612500
886		-4.937500
887		-5.112500
888		-4.993750
889		-5.262500
890		-5.443750
891		-5.912500
892		-5.825000
893		-5.768750
894		-5.587500
895		-5.706250
896		-5.975000
897		-5.618750
898		-5.856250
899		-5.706250
900		-5.618750
901		-5.531250
902		-5.681250
903		-5.468750
904		-5.325000
905		-5.531250
906		-5.912500
907		-5.706250
908		-6.125000
909		-5.562500
910		-5.856250
911		-5.737500
912		-5.562500
913		-5.650000
914		-5.175000
915		-5.025000
916		-5.293750
917		-4.075000
918		-4.312500
919		-4.168750
920		-4.106250
921		-3.987500
922		-4.106250
923		-3.100000
924		-2.981250
925		-2.743750
926		-2.862500
927		-2.150000
928		-1.675000
929		-1.825000
930		-1.025000
931		-1.081250
932		-0.518750
933		-0.731250
934		-0.581250
935		-0.137500
936		0.337500
937		0.756250
938		0.543750
939		0.662500
940		0.900000
941		1.225000
942		1.818750
943		1.406250
944		1.256250
945		2.143750
946		2.325000
947		2.531250
948		2.118750
949		2.712500
950		2.975000
951		3.275000
952		3.275000
953		3.418750
954		3.743750
955		3.718750
956		3.743750
957		3.775000
958		4.487500
959		4.162500
960		4.550000
961		4.931250
962		4.993750
963		5.350000
964		5.612500
965		5.850000
966		5.731250
967		6.443750
968		6.206250
969		6.356250
970		6.506250
971		6.593750
972		6.475000
973		6.887500
974		6.887500
975		6.831250
976		7.156250
977		7.243750
978		6.887500
979		7.156250
980		7.037500
981		6.975000
982		6.681250
983		6.768750
984		6.831250
985		6.681250
986		6.768750
987		6.800000
988		6.562500
989		6.531250
990		6.150000
991		6.031250
992		5.850000
993		5.937500
994		5.881250
995		5.643750
996		5.700000
997		5.731250
998		5.081250
999		5.200000
1000		4.312500
1001		4.456250
1002		4.075000
1003		4.662500
1004		3.956250
1005		4.250000
1006		3.837500
1007		3.600000
1008		3.775000
1009		3.212500
1010		3.300000
1011		3.300000
1012		3.062500
1013		3.275000
1014		3.125000
1015		2.825000
1016		2.856250
1017		2.975000
1018		2.681250
1019		2.531250
1020		2.237500
1021		2.118750
1022		2.000000
1023		1.318750
1024		1.700000
1025		1.556250
1026		1.406250
1027		1.018750
1028		1.050000
1029		1.018750
1030		0.843750
1031		0.518750
1032		0.218750
1033		0.518750
1034		-0.225000
1035		-0.637500
1036		-0.731250
1037		-0.787500
1038		-0.875000
1039		-1.350000
1040		-1.112500
1041		-1.706250
1042		-2.150000
1043		-1.143750
1044		-1.768750
1045		-1.856250
1046		-2.118750
1047		-1.793750
1048		-2.093750
1049		-2.150000
1050		-2.237500
1051		-2.475000
1052		-2.387500
1053		-2.418750
1054		-2.387500
1055		-2.387500
1056		-2.656250
1057		-2.656250
1058		-2.806250
1059		-2.862500
1060		-2.743750
1061		-2.687500
1062		-2.862500
1063		-3.368750
1064		-3.306250
1065		-3.425000
1066		-3.306250
1067		-3.693750
1068		-3.956250
1069		-3.543750
1070		-3.456250
1071		-3.456250
1072		-3.606250
1073		-3.843750
1074		-3.693750
1075		-4.018750
1076		-3.393750
1077		-3.250000
1078		-3.037500
1079		-3.337500
1080		-3.068750
1081		-2.712500
1082		-2.418750
1083		-1.943750
1084		-1.887500
1085		-1.675000
1086		-1.231250
1087		-1.350000
1088		-1.350000
1089		-0.875000
1090		-0.375000
1091		-0.581250
1092		-0.518750
1093		-0.162500
1094		0.487500
1095		0.337500
1096		0.306250
1097		0.456250
1098		0.606250
1099		0.725000
1100		0.812500
1101		0.606250
1102		0.725000
1103		0.606250
1104		0.218750
1105		0.337500
1106		0.543750
1107		0.606250
1108		0.456250
1109		-0.162500
1110		0.012500
1111		0.162500
1112		-0.137500
1113		-0.400000
1114		-0.431250
1115		-0.431250
1116		-0.400000
1117		-0.343750
1118		-0.668750
1119		-0.281250
1120		-0.281250
1121		-0.375000
1122		0.012500
1123		-0.312500
1124		-0.343750
1125		-0.162500
1126		-0.431250
1127		-0.637500
1128		0.012500
1129		0.131250
1130		0.368750
1131		0.518750
1132		0.543750
1133		0.606250
1134		0.931250
1135		0.725000
1136		1.287500
1137		1.106250
1138		1.437500
1139		1.850000
1140		2.087500
1141		2.000000
1142		2.000000
1143		2.593750
1144		2.412500
1145		2.356250
1146		2.737500
1147		3.212500
1148		2.768750
1149		3.006250
1150		3.125000
1151		3.275000
1152		2.975000
1153		3.300000
1154		3.006250
1155		3.450000
1156		3.568750
1157		3.512500
1158		3.656250
1159		3.481250
1160		3.537500
1161		3.600000
1162		3.600000
1163		3.568750
1164		3.450000
1165		3.362500
1166		3.631250
1167		3.631250
1168		3.362500
1169		3.125000
1170		3.275000
1171		3.181250
1172		3.300000
1173		3.275000
1174		3.481250
1175		2.768750
1176		3.537500
1177		3.275000
1178		3.418750
1179		3.062500
1180		3.181250
1181		3.125000
1182		3.006250
1183		3.275000
1184		2.918750
1185		3.300000
1186		2.975000
1187		2.737500
1188		3.181250
1189		3.125000
1190		3.181250
1191		3.062500
1192		3.037500
1193		3.212500
1194		3.037500
1195		3.275000
1196		3.181250
1197		3.393750
1198		2.975000
1199		3.181250
1200		3.212500
1201		3.275000
1202		3.156250
1203		2.975000
1204		3.243750
1205		3.006250
1206		2.768750
1207		2.825000
1208		3.156250
1209		3.156250
1210		3.243750
1211		2.618750
1212		2.681250
1213		2.887500
1214		3.037500
1215		2.856250
1216		2.681250
1217		2.593750
1218		2.650000
1219		2.412500
1220		2.443750
1221		2.087500
1222		2.000000
1223		2.143750
1224		1.643750
1225		1.700000
1226		1.256250
1227		1.050000
1228		1.200000
1229		0.900000
1230		0.900000
1231		0.543750
1232		0.218750
1233		-0.018750
1234		-0.193750
1235		-0.343750
1236		-1.175000
1237		-0.875000
1238		-1.056250
1239		-1.381250
1240		-1.706250
1241		-1.437500
1242		-1.437500
1243		-1.531250
1244		-2.062500
1245		-2.062500
1246		-2.356250
1247		-2.268750
1248		-2.893750
1249		-2.656250
1250		-2.656250
1251		-2.300000
1252		-2.925000
1253		-2.418750
1254		-2.625000
1255		-2.568750
1256		-2.537500
1257		-2.356250
1258		-2.418750
1259		-2.356250
1260		-2.625000
1261		-2.418750
1262		-2.356250
1263		-2.506250
1264		-2.712500
1265		-2.331250
1266		-2.300000
1267		-2.506250
1268		-2.475000
1269		-2.568750
1270		-2.656250
1271		-2.656250
1272		-2.593750
1273		-1.975000
1274		-2.212500
1275		-2.418750
1276		-2.150000
1277		-1.856250
1278		-1.943750
1279		-1.768750
1280		-1.975000
1281		-1.975000
1282		-1.768750
1283		-1.650000
1284		-1.318750
1285		-1.350000
1286		-1.081250
1287		-0.937500
1288		-0.937500
1289		-0.637500
1290		-0.431250
1291		-0.375000
1292		-0.343750
1293		0.012500
1294		0.131250
1295		-0.137500
1296		0.218750
1297		0.068750
1298		0.100000
1299		0.487500
1300		0.368750
1301		0.306250
1302		0.456250
1303		0.606250
1304		0.368750
1305		0.543750
1306		0.337500
1307		0.368750
1308		0.306250
1309		0.131250
1310		0.518750
1311		-0.225000
1312		0.400000
1313		0.131250
1314		0.162500
1315		-0.075000
1316		-0.075000
1317		0.281250
1318		0.012500
1319		0.306250
1320		0.043750
1321		0.068750
1322		-0.162500
1323		-0.050000
1324		0.306250
1325		0.162500
1326		0.100000
1327		0.068750
1328		0.218750
1329		0.012500
1330		0.281250
1331		-0.018750
1332		0.187500
1333		0.250000
1334		-0.050000
1335		0.131250
1336		0.400000
1337		-0.050000
1338		0.337500
1339		-0.050000
1340		0.100000
1341		0.575000
1342		0.543750
1343		0.187500
1344		-0.018750
1345		0.306250
1346		0.306250
1347		0.012500
1348		0.131250
1349		0.281250
1350		0.250000
1351		0.131250
1352		0.162500
1353		-0.106250
1354		-0.162500
1355		-0.281250
1356		-0.343750
1357		-0.431250
1358		-0.518750
1359		-0.375000
1360		-0.518750
1361		-0.581250
1362		-0.993750
1363		-0.637500
1364		-0.937500
1365		-1.531250
1366		-1.412500
1367		-1.381250
1368		-1.650000
1369		-1.531250
1370		-1.318750
1371		-1.618750
1372		-1.912500
1373		-1.675000
1374		-2.118750
1375		-2.150000
1376		-2.418750
1377		-1.975000
1378		-2.506250
1379		-3.012500
1380		-2.000000
1381		-2.450000
1382		-2.537500
1383		-2.806250
1384		-2.593750
1385		-2.475000
1386		-2.000000
1387		-2.593750
1388		-2.356250
1389		-2.656250
1390		-2.237500
1391		-2.743750
1392		-2.300000
1393		-2.568750
1394		-2.062500
1395		-2.418750
1396		-2.237500
1397		-2.212500
1398		-1.768750
1399		-2.000000
1400		-1.618750
1401		-1.768750
1402		-1.587500
1403		-1.737500
1404		-1.768750
1405		-1.793750
1406		-1.556250
1407		-1.318750
1408		-1.437500
1409		-1.262500
1410		-1.143750
1411		-1.231250
1412		-0.906250
1413		-1.262500
1414		-0.993750
1415		-1.112500
1416		-0.875000
1417		-0.993750
1418		-0.637500
1419		-0.875000
1420		-0.937500
1421		-0.668750
1422		-0.493750
1423		-0.668750
1424		-0.612500
1425		-0.493750
1426		-0.493750
1427		-0.431250
1428		-0.550000
1429		-0.550000
1430		-1.056250
1431		-0.668750
1432		-0.668750
1433		-0.818750
1434		-0.787500
1435		-0.993750
1436		-0.787500
1437		-1.112500
1438		-0.937500
1439		-1.175000
1440		-1.025000
1441		-0.968750
1442		-1.500000
1443		-1.262500
1444		-1.293750
1445		-1.231250
1446		-1.231250
1447		-1.768750
1448		-1.231250
1449		-1.531250
1450		-1.556250
1451		-1.768750
1452		-1.768750
1453		-1.825000
1454		-2.000000
1455		-1.231250
1456		-1.706250
1457		-1.912500
1458		-1.975000
1459		-1.706250
1460		-1.675000
1461		-1.912500
1462		-1.675000
1463		-2.000000
1464		-2.031250
1465		-1.912500
1466		-2.000000
1467		-1.706250
1468		-1.793750
1469		-2.237500
1470		-2.150000
1471		-2.268750
1472		-2.031250
1473		-2.212500
1474		-1.912500
1475		-2.475000
1476		-1.618750
1477		-2.300000
1478		-2.568750
1479		-3.131250
1480		-2.893750
1481		-2.950000
1482		-2.712500
1483		-2.981250
1484		-2.775000
1485		-2.831250
1486		-3.156250
1487		-3.100000
1488		-3.037500
1489		-3.037500
1490		-2.893750
1491		-3.131250
1492		-3.100000
1493		-3.037500
1494		-2.862500
1495		-3.306250
1496		-3.100000
1497		-2.743750
1498		-3.037500
1499		-2.950000
1500		-2.831250
1501		-2.743750
1502		-2.625000
1503		-2.687500
1504		-2.356250
1505		-2.300000
1506		-2.450000
1507		-1.912500
1508		-2.118750
1509		-1.912500
1510		-2.181250
1511		-2.118750
1512		-1.825000
1513		-1.737500
1514		-1.587500
1515		-1.706250
1516		-1.175000
1517		-1.381250
1518		-1.200000
1519		-1.500000
1520		-0.993750
1521		-0.518750
1522		-1.143750
1523		-0.850000
1524		-0.581250
1525		-0.256250
1526		-0.281250
1527		-0.075000
1528		0.306250
1529		0.368750
1530		0.306250
1531		0.281250
1532		0.368750
1533		0.756250
1534		0.456250
1535		0.843750
1536		0.843750
1537		1.137500
1538		1.106250
1539		0.756250
1540		0.781250
1541		0.843750
1542		1.018750
1543		0.812500
1544		0.693750
1545		0.606250
1546		0.931250
1547		1.018750
1548		0.543750
1549		0.518750
1550		0.306250
1551		0.306250
1552		0.337500
1553		0.218750
1554		0.068750
1555		-0.106250
1556		0.337500
1557		0.250000
1558		-0.050000
1559		0.068750
1560		-0.075000
1561		-0.375000
1562		-0.375000
1563		-0.668750
1564		-0.637500
1565		-0.668750
1566		-0.518750
1567		-0.937500
1568		-0.731250
1569		-0.937500
1570		-0.818750
1571		-0.937500
1572		-0.906250
1573		-0.875000
1574		-0.993750
1575		-0.937500
1576		-1.231250
1577		-0.968750
1578		-1.200000
1579		-1.025000
1580		-1.231250
1581		-1.262500
1582		-0.850000
1583		-1.200000
1584		-0.968750
1585		-0.993750
1586		-1.081250
1587		-1.081250
1588		-0.937500
1589		-1.143750
1590		-0.968750
1591		-0.937500
1592		-0.731250
1593		-0.550000
1594		-0.731250
1595		-0.225000
1596		-0.518750
1597		-0.937500
1598		-0.462500
1599		-0.050000
1600		0.100000
1601		-0.431250
1602		-0.050000
1603		-0.225000
1604		-0.137500
1605		0.068750
1606		-0.193750
1607		-0.137500
1608		-0.137500
1609		-0.050000
1610		0.068750
1611		-0.375000
1612		0.162500
1613		-0.193750
1614		-0.193750
1615		0.162500
1616		-0.075000
1617		0.012500
1618		0.487500
1619		0.250000
1620		0.012500
1621		0.012500
1622		0.187500
1623		0.368750
1624		0.218750
1625		0.368750
1626		0.250000
1627		0.456250
1628		0.456250
1629		0.456250
1630		0.662500
1631		0.931250
1632		0.368750
1633		0.543750
1634		0.756250
1635		0.400000
1636		0.400000
1637		0.250000
1638		0.900000
1639		0.400000
1640		0.843750
1641		0.662500
1642		0.368750
1643		0.518750
1644		0.518750
1645		0.456250
1646		0.250000
1647		0.218750
1648		0.187500
1649		-0.075000
1650		-0.075000
1651		0.100000
1652		-0.225000
1653		-0.193750
1654		-0.493750
1655		-0.550000
1656		-0.637500
1657		-0.343750
1658		-0.050000
1659		-0.225000
1660		-0.668750
1661		-0.075000
1662		-0.225000
1663		-0.281250
1664		-0.162500
1665		-0.431250
1666		0.012500
1667		0.218750
1668		-0.075000
1669		0.250000
1670		0.131250
1671		0.250000
1672		0.218750
1673		0.662500
1674		0.456250
1675		0.756250
1676		0.606250
1677		0.843750
1678		0.456250
1679		0.662500
1680		0.543750
1681		0.575000
1682		0.693750
1683		0.456250
1684		0.518750
1685		0.400000
1686		0.487500
1687		0.368750
1688		0.281250
1689		0.162500
1690		0.068750
1691		0.100000
1692		0.131250
1693		-0.050000
1694		0.012500
1695		0.068750
1696		-0.343750
1697		-0.225000
1698		-0.018750
1699		-0.193750
1700		-0.431250
1701		-0.375000
1702		-0.637500
1703		-0.400000
1704		-0.281250
1705		-0.731250
1706		-0.700000
1707		-0.281250
1708		-0.162500
1709		-0.106250
1710		-0.075000
1711		-0.462500
1712		-0.106250
1713		-0.343750
1714		-0.137500
1715		-0.018750
1716		-0.050000
1717		0.012500
1718		-0.050000
1719		0.131250
1720		0.187500
1721		0.012500
1722		0.306250
1723		0.456250
1724		0.637500
1725		0.543750
1726		0.693750
1727		0.637500
1728		0.756250
1729		0.962500
1730		0.843750
1731		1.106250
1732		0.987500
1733		0.900000
1734		1.225000
1735		0.812500
1736		1.137500
1737		0.987500
1738		0.868750
1739		1.050000
1740		1.137500
1741		0.843750
1742		1.050000
1743		0.868750
1744		1.106250
1745		1.225000
1746		0.756250
1747		0.756250
1748		0.637500
1749		0.637500
1750		0.693750
1751		0.662500
1752		0.575000
1753		0.606250
1754		0.337500
1755		0.218750
1756		0.487500
1757		0.368750
1758		0.368750
1759		0.337500
1760		0.456250
1761		0.162500
1762		0.218750
1763		0.518750
1764		0.368750
1765		0.487500
1766		0.606250
1767		0.487500
1768		0.518750
1769		0.306250
1770		0.543750
1771		0.337500
1772		0.487500
1773		0.662500
1774		0.662500
1775		0.543750
1776		0.250000
1777		0.425000
1778		0.662500
1779		0.456250
1780		0.756250
1781		0.868750
1782		0.187500
1783		0.693750
1784		0.725000
1785		0.543750
1786		0.306250
1787		0.518750
1788		0.637500
1789		0.900000
1790		0.781250
1791		0.606250
1792		0.456250
1793		0.606250
1794		0.518750
1795		0.812500
1796		0.543750
1797		0.843750
1798		0.518750
1799		0.518750
1800		0.756250
1801		0.693750
1802		0.368750
1803		0.337500
1804		1.225000
1805		0.306250
1806		0.756250
1807		0.518750
1808		0.900000
1809		0.425000
1810		0.725000
1811		0.812500
1812		0.693750
1813		0.518750
1814		0.368750
1815		0.662500
1816		0.400000
1817		0.100000
1818		0.162500
1819		0.068750
1820		-0.375000
1821		0.250000
1822		-0.050000
1823		-0.106250
1824		-0.281250
1825		-0.431250
1826		-0.493750
1827		-0.518750
1828		-0.462500
1829		-0.581250
1830		-0.637500
1831		-0.637500
1832		-0.518750
1833		-0.493750
1834		-0.637500
1835		-0.850000
1836		-0.550000
1837		-0.256250
1838		-0.637500
1839		-0.281250
1840		-0.281250
1841		-0.281250
1842		-0.050000
1843		0.281250
1844		0.306250
1845		0.606250
1846		0.337500
1847		0.337500
1848		0.543750
1849		0.843750
1850		0.518750
1851		0.843750
1852		0.725000
1853		0.606250
1854		0.843750
1855		0.725000
1856		0.900000
1857		0.725000
1858		1.050000
1859		0.987500
1860		0.662500
1861		1.200000
1862		1.200000
1863		1.050000
1864		0.987500
1865		1.106250
1866		0.868750
1867		1.256250
1868		1.168750
1869		1.287500
1870		1.556250
1871		1.556250
1872		2.000000
1873		1.850000
1874		2.262500
1875		1.793750
1876		1.818750
1877		2.237500
1878		2.056250
1879		2.562500
1880		2.475000
1881		2.618750
1882		2.800000
1883		2.618750
1884		2.531250
1885		2.443750
1886		2.325000
1887		2.381250
1888		2.175000
1889		2.143750
1890		1.793750
1891		2.293750
1892		1.968750
1893		2.000000
1894		2.000000
1895		1.881250
1896		1.881250
1897		1.937500
1898		1.793750
1899		1.881250
1900		1.731250
1901		2.325000
1902		1.937500
1903		2.381250
1904		2.356250
1905		2.650000
1906		2.356250
1907		1.937500
1908		2.175000
1909		2.262500
1910		2.325000
1911		2.737500
1912		2.381250
1913		2.443750
1914		2.443750
1915		2.262500
1916		2.475000
1917		2.381250
1918		1.793750
1919		2.025000
1920		2.262500
1921		1.881250
1922		2.056250
1923		1.700000
1924		2.025000
1925		1.643750
1926		1.556250
1927		1.437500
1928		1.343750
1929		1.343750
1930		1.343750
1931		1.200000
1932		1.050000
1933		1.200000
1934		1.256250
1935		0.962500
1936		0.868750
1937		1.050000
1938		1.106250
1939		0.987500
1940		1.256250
1941		0.781250
1942		0.693750
1943		0.575000
1944		0.337500
1945		0.456250
1946		0.518750
1947		0.218750
1948		0.487500
1949		0.425000
1950		0.575000
1951		0.337500
1952		0.518750
1953		0.162500
1954		0.368750
1955		-0.137500
1956		0.218750
1957		0.100000
1958		0.068750
1959		0.012500
1960		0.068750
1961		0.162500
1962		-0.018750
1963		-0.018750
1964		0.162500
1965		0.162500
1966		0.456250
1967		0.068750
1968		0.250000
1969		0.250000
1970		0.637500
1971		0.518750
1972		0.456250
1973		0.543750
1974		0.368750
1975		0.756250
1976		0.456250
1977		0.400000
1978		0.812500
1979		0.843750
1980		0.518750
1981		0.662500
1982		0.606250
1983		0.606250
1984		0.162500
1985		0.456250
1986		0.100000
1987		0.487500
1988		0.162500
1989		-0.018750
1990		-0.375000
1991		-0.281250
1992		-0.731250
1993		-0.993750
1994		-0.731250
1995		-0.937500
1996		-0.937500
1997		-0.850000
1998		-0.906250
1999		-1.293750
2000		-1.143750
2001		-0.968750
2002		-1.081250
2003		-1.437500
2004		-1.318750
2005		-1.231250
2006		-1.262500
2007		-1.500000
2008		-1.318750
2009		-1.587500
2010		-1.650000
2011		-1.706250
2012		-1.412500
2013		-1.318750
2014		-1.143750
2015		-1.112500
2016		-1.381250
2017		-1.262500
2018		-1.318750
2019		-1.081250
2020		-0.937500
2021		-1.381250
2022		-1.200000
2023		-1.112500
2024		-1.175000
2025		-0.937500
2026		-1.293750
2027		-1.112500
2028		-1.200000
2029		-1.200000
2030		-1.706250
2031		-1.200000
2032		-0.850000
2033		-0.818750
2034		-1.112500
2035		-1.350000
2036		-0.993750
2037		-1.231250
2038		-1.112500
2039		-1.112500
2040		-1.143750
2041		-1.175000
2042		-1.081250
2043		-1.056250
2044		-0.937500
2045		-0.668750
2046		-0.731250
2047		-0.493750
2048		-0.400000
2049		-0.637500
2050		-0.431250
2051		-0.375000
2052		-0.137500
2053		0.162500
2054		-0.256250
2055		0.456250
2056		0.131250
2057		0.162500
2058		0.250000
2059		0.043750
2060		0.281250
2061		-0.075000
2062		0.456250
2063		0.518750
2064		0.725000
2065		1.050000
2066		1.287500
2067		1.256250
2068		0.987500
2069		1.406250
2070		1.462500
2071		1.256250
2072		1.375000
2073		1.493750
2074		1.762500
2075		2.000000
2076		2.000000
2077		2.118750
2078		2.206250
2079		2.143750
2080		2.175000
2081		2.206250
2082		2.475000
2083		2.325000
2084		2.443750
2085		2.531250
2086		2.475000
2087		2.531250
2088		2.618750
2089		2.531250
2090		2.825000
2091		2.618750
2092		2.737500
2093		2.825000
2094		3.062500
2095		2.975000
2096		2.943750
2097		2.825000
2098		2.825000
2099		2.943750
2100		2.768750
2101		3.037500
2102		2.887500
2103		2.618750
2104		2.918750
2105		2.412500
2106		2.531250
2107		2.593750
2108		2.650000
2109		2.618750
2110		2.412500
2111		2.412500
2112		2.087500
2113		2.325000
2114		2.531250
2115		2.293750
2116		1.818750
2117		1.850000
2118		2.143750
2119		2.000000
2120		1.700000
2121		1.700000
2122		1.818750
2123		1.700000
2124		1.581250
2125		1.493750
2126		1.762500
2127		1.343750
2128		1.406250
2129		1.256250
2130		1.287500
2131		0.962500
2132		0.812500
2133		0.637500
2134		0.812500
2135		0.575000
2136		-0.050000
2137		0.456250
2138		-0.050000
2139		-0.312500
2140		-0.668750
2141		-0.731250
2142		-0.731250
2143		-0.787500
2144		-1.262500
2145		-1.468750
2146		-1.318750
2147		-1.500000
2148		-1.618750
2149		-1.706250
2150		-1.556250
2151		-1.650000
2152		-1.943750
2153		-1.912500
2154		-1.887500
2155		-1.856250
2156		-1.737500
2157		-2.118750
2158		-1.912500
2159		-1.975000
2160		-2.150000
2161		-1.768750
2162		-2.118750
2163		-1.618750
2164		-1.887500
2165		-1.825000
2166		-1.975000
2167		-1.675000
2168		-1.912500
2169		-1.825000
2170		-2.062500
2171		-2.118750
2172		-2.000000
2173		-2.268750
2174		-2.331250
2175		-2.300000
2176		-2.475000
2177		-2.925000
2178		-2.506250
2179		-2.656250
2180		-2.656250
2181		-2.625000
2182		-2.656250
2183		-2.925000
2184		-2.775000
2185		-2.537500
2186		-2.418750
2187		-2.656250
2188		-2.356250
2189		-2.300000
2190		-2.331250
2191		-2.181250
2192		-2.356250
2193		-1.912500
2194		-2.062500
2195		-1.825000
2196		-1.768750
2197		-1.618750
2198		-1.556250
2199		-1.675000
2200		-1.293750
2201		-1.412500
2202		-1.262500
2203		-1.262500
2204		-1.231250
2205		-0.668750
2206		-0.937500
2207		-0.875000
2208		-0.906250
2209		-0.612500
2210		-0.581250
2211		-1.025000
2212		-0.637500
2213		-0.612500
2214		-0.818750
2215		-0.637500
2216		-0.493750
2217		-0.137500
2218		-0.137500
2219		-0.106250
2220		-0.281250
2221		0.100000
2222		-0.637500
2223		-0.343750
2224		-0.075000
2225		0.012500
2226		0.250000
2227		0.250000
2228		0.250000
2229		0.337500
2230		-0.018750
2231		0.306250
2232		0.900000
2233		0.900000
2234		0.487500
2235		0.518750
2236		0.662500
2237		0.637500
2238		0.900000
2239		0.543750
2240		1.375000
2241		0.868750
2242		0.868750
2243		1.137500
2244		0.812500
2245		1.106250
2246		1.318750
2247		1.343750
2248		1.225000
2249		1.525000
2250		1.375000
2251		1.106250
2252		1.581250
2253		1.731250
2254		1.556250
2255		1.612500
2256		1.731250
2257		1.731250
2258		1.793750
2259		2.025000
2260		1.793750
2261		2.237500
2262		2.000000
2263		1.493750
2264		1.612500
2265		1.700000
2266		1.850000
2267		2.087500
2268		2.237500
2269		1.643750
2270		1.612500
2271		1.343750
2272		1.168750
2273		1.137500
2274		0.843750
2275		1.106250
2276		0.843750
2277		0.606250
2278		0.606250
2279		0.425000
2280		0.487500
2281		0.400000
2282		0.068750
2283		-0.343750
2284		-0.225000
2285		-0.225000
2286		-0.462500
2287		-0.581250
2288		-0.993750
2289		-1.175000
2290		-1.231250
2291		-1.412500
2292		-1.675000
2293		-1.912500
2294		-1.618750
2295		-2.387500
2296		-2.356250
2297		-2.331250
2298		-2.743750
2299		-2.775000
2300		-3.275000
2301		-2.950000
2302		-3.306250
2303		-3.456250
2304		-3.368750
2305		-3.868750
2306		-4.050000
2307		-3.931250
2308		-3.631250
2309		-3.987500
2310		-4.075000
2311		-4.225000
2312		-4.137500
2313		-4.406250
2314		-4.731250
2315		-4.225000
2316		-4.525000
2317		-4.168750
2318		-4.581250
2319		-4.406250
2320		-4.168750
2321		-4.525000
2322		-4.287500
2323		-3.987500
2324		-4.050000
2325		-4.075000
2326		-3.900000
2327		-4.050000
2328		-3.543750
2329		-4.075000
2330		-3.662500
2331		-3.631250
2332		-3.931250
2333		-3.781250
2334		-3.750000
2335		-3.250000
2336		-3.425000
2337		-3.631250
2338		-3.812500
2339		-3.606250
2340		-3.693750
2341		-3.987500
2342		-3.987500
2343		-3.987500
2344		-3.956250
2345		-3.931250
2346		-3.956250
2347		-4.225000
2348		-4.287500
2349		-4.287500
2350		-4.287500
2351		-4.525000
2352		-4.256250
2353		-4.075000
2354		-4.375000
2355		-4.343750
2356		-4.287500
2357		-4.431250
2358		-4.431250
2359		-4.193750
2360		-4.225000
2361		-4.287500
2362		-4.168750
2363		-3.987500
2364		-4.018750
2365		-3.931250
2366		-3.631250
2367		-3.931250
2368		-3.156250
2369		-3.337500
2370		-3.425000
2371		-3.037500
2372		-3.456250
2373		-3.100000
2374		-2.712500
2375		-2.418750
2376		-2.418750
2377		-2.331250
2378		-2.062500
2379		-2.093750
2380		-2.000000
2381		-1.412500
2382		-1.706250
2383		-1.381250
2384		-1.412500
2385		-0.906250
2386		-0.818750
2387		-1.175000
2388		-0.818750
2389		-0.787500
2390		-0.431250
2391		-0.493750
2392		-0.400000
2393		-0.493750
2394		-0.756250
2395		-0.493750
2396		-0.818750
2397		-0.431250
2398		-0.375000
2399		-0.431250
2400		-0.431250
2401		-0.050000
2402		-0.400000
2403		-0.731250
2404		-0.400000
2405		-0.612500
2406		-0.700000
2407		-0.431250
2408		-0.668750
2409		-0.787500
2410		-0.493750
2411		-0.731250
2412		-0.700000
2413		-0.518750
2414		-0.906250
2415		-0.968750
2416		-0.818750
2417		-0.993750
2418		-0.137500
2419		-0.493750
2420		-0.281250
2421		-0.256250
2422		-0.281250
2423		-0.193750
2424		-0.312500
2425		-0.462500
2426		-0.225000
2427		-0.050000
2428		-0.075000
2429		-0.018750
2430		0.162500
2431		-0.075000
2432		0.306250
2433		0.306250
2434		0.100000
2435		0.068750
2436		0.218750
2437		0.518750
2438		0.456250
2439		0.693750
2440		0.662500
2441		0.456250
2442		1.018750
2443		0.637500
2444		0.456250
2445		0.487500
2446		0.693750
2447		0.662500
2448		0.756250
2449		1.081250
2450		0.900000
2451		0.756250
2452		0.693750
2453		1.168750
2454		0.781250
2455		0.637500
2456		0.518750
2457		0.606250
2458		0.868750
2459		0.487500
2460		0.693750
2461		0.043750
2462		0.756250
2463		0.756250
2464		0.218750
2465		0.250000
2466		0.131250
2467		0.100000
2468		0.250000
2469		0.043750
2470		0.043750
2471		0.012500
2472		-0.225000
2473		-0.050000
2474		-0.493750
2475		-1.056250
2476		-0.968750
2477		-0.637500
2478		-1.143750
2479		-0.937500
2480		-1.056250
2481		-1.318750
2482		-1.500000
2483		-1.468750
2484		-1.768750
2485		-1.350000
2486		-1.556250
2487		-1.856250
2488		-1.975000
2489		-1.675000
2490		-1.856250
2491		-1.737500
2492		-2.118750
2493		-1.912500
2494		-1.912500
2495		-1.825000
2496		-2.150000
2497		-1.912500
2498		-2.268750
2499		-1.556250
2500		-1.412500
2501		-1.618750
2502		-1.737500
2503		-1.793750
2504		-1.587500
2505		-1.112500
2506		-1.318750
2507		-1.556250
2508		-1.350000
2509		-1.112500
2510		-0.787500
2511		-1.025000
2512		-1.056250
2513		-0.937500
2514		-0.581250
2515		-0.850000
2516		-0.787500
2517		-0.550000
2518		-0.637500
2519		-0.581250
2520		-0.343750
2521		-0.550000
2522		-0.518750
2523		-0.193750
2524		-0.018750
2525		-0.281250
2526		-0.106250
2527		-0.193750
2528		-0.400000
2529		-0.050000
2530		-0.256250
2531		0.100000
2532		-0.075000
2533		-0.375000
2534		0.162500
2535		0.162500
2536		0.012500
2537		-0.050000
2538		0.250000
2539		0.012500
2540		0.043750
2541		-0.106250
2542		0.250000
2543		0.368750
2544		-0.137500
2545		0.250000
2546		0.131250
2547		0.043750
2548		0.162500
2549		0.281250
2550		-0.018750
2551		0.131250
2552		0.162500
2553		0.306250
2554		0.218750
2555		0.218750
2556		0.575000
2557		-0.225000
2558		0.162500
2559		0.400000
2560		0.487500
2561		0.218750
2562		0.218750
2563		0.162500
2564		0.518750
2565		0.456250
2566		0.606250
2567		0.218750
2568		1.200000
2569		0.987500
2570		0.606250
2571		1.168750
2572		1.106250
2573		1.343750
2574		1.375000
2575		1.850000
2576		1.731250
2577		1.850000
2578		1.731250
2579		2.087500
2580		2.000000
2581		2.500000
2582		2.381250
2583		2.325000
2584		2.087500
2585		2.593750
2586		2.381250
2587		1.937500
2588		2.443750
2589		2.087500
2590		2.118750
2591		2.000000
2592		2.381250
2593		1.937500
2594		1.881250
2595		1.731250
2596		1.643750
2597		1.256250
2598		1.168750
2599		1.343750
2600		1.081250
2601		0.931250
2602		0.756250
2603		0.931250
2604		0.900000
2605		0.812500
2606		0.543750
2607		0.368750
2608		0.337500
2609		0.306250
2610		0.281250
2611		0.281250
2612		0.250000
2613		0.337500
2614		0.368750
2615		0.131250
2616		0.306250
2617		-0.106250
2618		-0.018750
2619		0.012500
2620		0.012500
2621		-0.018750
2622		0.250000
2623		0.162500
2624		0.281250
2625		0.100000
2626		0.100000
2627		0.306250
2628		0.043750
2629		0.012500
2630		0.131250
2631		-0.050000
2632		-0.193750
2633		0.218750
2634		-0.375000
2635		-0.343750
2636		0.068750
2637		-0.668750
2638		-0.343750
2639		-0.343750
2640		-0.193750
2641		-0.281250
2642		-0.581250
2643		-0.256250
2644		-0.400000
2645		-0.193750
2646		-0.137500
2647		-0.137500
2648		0.012500
2649		0.368750
2650		0.425000
2651		0.606250
2652		0.543750
2653		0.812500
2654		1.050000
2655		0.812500
2656		0.931250
2657		1.343750
2658		0.987500
2659		1.137500
2660		1.462500
2661		1.018750
2662		1.406250
2663		1.200000
2664		1.343750
2665		1.406250
2666		1.437500
2667		1.256250
2668		1.462500
2669		1.612500
2670		0.900000
2671		1.106250
2672		1.406250
2673		1.287500
2674		1.256250
2675		1.256250
2676		1.493750
2677		1.406250
2678		0.868750
2679		1.106250
2680		1.581250
2681		1.406250
2682		1.462500
2683		1.318750
2684		2.000000
2685		1.700000
2686		1.493750
2687		1.937500
2688		1.643750
2689		1.850000
2690		2.087500
2691		1.525000
2692		2.381250
2693		1.968750
2694		1.881250
2695		2.087500
2696		1.968750
2697		2.262500
2698		1.731250
2699		1.850000
2700		2.143750
2701		1.881250
2702		1.406250
2703		1.675000
2704		1.581250
2705		1.643750
2706		1.700000
2707		1.256250
2708		0.987500
2709		1.106250
2710		0.900000
2711		0.662500
2712		0.900000
2713		0.781250
2714		0.843750
2715		0.543750
2716		0.543750
2717		0.281250
2718		0.162500
2719		0.162500
2720		0.012500
2721		0.100000
2722		-0.431250
2723		-0.281250
2724		-0.075000
2725		-0.375000
2726		-0.462500
2727		-0.375000
2728		-0.375000
2729		-0.581250
2730		-0.518750
2731		-0.343750
2732		-0.018750
2733		-0.225000
2734		0.012500
2735		-0.018750
2736		0.162500
2737		0.218750
2738		0.250000
2739		0.456250
2740		0.306250
2741		0.368750
2742		0.518750
2743		0.693750
2744		0.843750
2745		0.575000
2746		0.987500
2747		0.756250
2748		0.662500
2749		0.518750
2750		0.637500
2751		0.487500
2752		0.487500
2753		0.487500
2754		0.543750
2755		0.400000
2756		0.368750
2757		-0.106250
2758		-0.137500
2759		0.068750
2760		-0.256250
2761		-0.256250
2762		-0.637500
2763		-0.700000
2764		-0.637500
2765		-1.025000
2766		-1.231250
2767		-0.756250
2768		-1.025000
2769		-1.025000
2770		-0.818750
2771		-0.637500
2772		-0.968750
2773		-0.281250
2774		-0.225000
2775		-0.668750
2776		-0.225000
2777		-0.018750
2778		-0.050000
2779		0.162500
2780		0.756250
2781		0.693750
2782		0.812500
2783		1.168750
2784		1.556250
2785		1.643750
2786		2.175000
2787		2.000000
2788		2.325000
2789		2.443750
2790		2.768750
2791		2.825000
2792		3.156250
2793		2.887500
2794		3.418750
2795		3.362500
2796		3.631250
2797		3.718750
2798		3.925000
2799		3.512500
2800		3.481250
2801		3.775000
2802		3.568750
2803		3.418750
2804		3.718750
2805		3.775000
2806		3.568750
2807		3.212500
2808		3.212500
2809		3.037500
2810		2.975000
2811		2.475000
2812		2.712500
2813		2.237500
2814		2.325000
2815		2.087500
2816		1.906250
2817		1.793750
2818		1.556250
2819		1.525000
2820		1.225000
2821		0.812500
2822		0.637500
2823		0.725000
2824		0.306250
2825		0.662500
2826		0.543750
2827		0.337500
2828		0.543750
2829		0.043750
2830		0.518750
2831		0.218750
2832		-0.050000
2833		0.100000
2834		-0.075000
2835		0.337500
2836		0.162500
2837		0.487500
2838		-0.193750
2839		0.100000
2840		0.306250
2841		-0.018750
2842		0.400000
2843		0.012500
2844		0.456250
2845		0.218750
2846		0.012500
2847		0.400000
2848		0.812500
2849		0.400000
2850		0.162500
2851		0.543750
2852		0.281250
2853		0.218750
2854		0.425000
2855		0.218750
2856		0.187500
2857		0.606250
2858		0.162500
2859		0.187500
2860		-0.018750
2861		0.131250
2862		0.043750
2863		-0.193750
2864		0.012500
2865		-0.375000
2866		-0.462500
2867		-0.612500
2868		-0.756250
2869		-0.850000
2870		-1.381250
2871		-1.262500
2872		-1.318750
2873		-1.112500
2874		-1.143750
2875		-1.381250
2876		-1.025000
2877		-1.468750
2878		-1.175000
2879		-1.175000
2880		-1.556250
2881		-1.737500
2882		-1.175000
2883		-1.318750
2884		-1.025000
2885		-1.081250
2886		-1.025000
2887		-0.731250
2888		-1.025000
2889		-0.937500
2890		-0.818750
2891		-0.518750
2892		-0.700000
2893		-0.462500
2894		-0.400000
2895		-0.312500
2896		-0.375000
2897		-0.343750
2898		-0.162500
2899		0.306250
2900		0.250000
2901		0.043750
2902		-0.137500
2903		0.400000
2904		-0.162500
2905		0.100000
2906		0.662500
2907		0.518750
2908		0.487500
2909		0.781250
2910		0.456250
2911		0.281250
2912		0.456250
2913		0.693750
2914		0.662500
2915		0.693750
2916		0.606250
2917		0.725000
2918		0.756250
2919		0.900000
2920		1.106250
2921		0.543750
2922		0.987500
2923		0.606250
2924		0.868750
2925		0.812500
2926		0.962500
2927		1.018750
2928		0.900000
2929		0.662500
2930		0.781250
2931		0.812500
2932		0.606250
2933		0.725000
2934		0.606250
2935		0.781250
2936		0.962500
2937		0.962500
2938		0.693750
2939		0.812500
2940		0.868750
2941		0.543750
2942		0.693750
2943		1.050000
2944		0.100000
2945		0.843750
2946		0.487500
2947		0.756250
2948		0.693750
2949		0.756250
2950		0.487500
2951		0.368750
2952		-0.106250
2953		0.100000
2954		-0.162500
2955		0.100000
2956		-0.193750
2957		-0.162500
2958		-0.075000
2959		-0.637500
2960		-0.493750
2961		-0.281250
2962		-0.581250
2963		-0.787500
2964		-0.731250
2965		-0.787500
2966		-0.968750
2967		-0.875000
2968		-1.081250
2969		-0.937500
2970		-1.081250
2971		-0.850000
2972		-1.412500
2973		-0.937500
2974		-1.081250
2975		-1.200000
2976		-1.175000
2977		-1.025000
2978		-1.112500
2979		-1.231250
2980		-1.231250
2981		-1.112500
2982		-1.081250
2983		-1.412500
2984		-1.318750
2985		-1.025000
2986		-1.025000
2987		-1.081250
2988		-0.968750
2989		-1.381250
2990		-1.318750
2991		-1.231250
2992		-1.412500
2993		-1.650000
2994		-1.025000
2995		-1.381250
2996		-1.318750
2997		-1.081250
2998		-1.025000
2999		-1.231250
3000		-1.262500
3001		-1.318750
3002		-1.650000
3003		-1.618750
3004		-1.437500
3005		-1.768750
3006		-1.231250
3007		-1.318750
3008		-1.200000
3009		-1.737500
3010		-1.056250
3011		-1.262500
3012		-1.262500
3013		-1.412500
3014		-1.381250
3015		-1.500000
3016		-1.675000
3017		-1.293750
3018		-1.318750
3019		-1.262500
3020		-0.993750
3021		-1.056250
3022		-1.262500
3023		-1.468750
3024		-0.431250
3025		-0.968750
3026		-1.143750
3027		-0.787500
3028		-1.112500
3029		-0.968750
3030		-1.025000
3031		-1.143750
3032		-1.112500
3033		-0.875000
3034		-0.493750
3035		-0.731250
3036		-0.493750
3037		-1.025000
3038		-0.375000
3039		-0.731250
3040		-0.281250
3041		-0.312500
3042		0.162500
3043		-0.493750
3044		-0.550000
3045		-0.637500
3046		-0.343750
3047		-0.343750
3048		-0.225000
3049		-0.612500
3050		-0.193750
3051		-0.312500
3052		0.187500
3053		-0.375000
3054		-0.518750
3055		-0.281250
3056		-0.375000
3057		-0.312500
3058		0.162500
3059		-0.400000
3060		-0.256250
3061		-0.431250
3062		-0.462500
3063		-0.375000
3064		-0.493750
3065		-0.518750
3066		-0.518750
3067		-0.518750
3068		-0.518750
3069		-0.850000
3070		-0.787500
3071		-0.637500
3072		-0.700000
3073		-0.906250
3074		-1.175000
3075		-1.143750
3076		-1.231250
3077		-1.175000
3078		-1.081250
3079		-1.081250
3080		-1.318750
3081		-1.262500
3082		-1.468750
3083		-1.650000
3084		-1.793750
3085		-1.825000
3086		-2.062500
3087		-1.825000
3088		-1.912500
3089		-2.150000
3090		-2.062500
3091		-1.943750
3092		-2.062500
3093		-1.975000
3094		-2.450000
3095		-2.031250
3096		-1.975000
3097		-2.118750
3098		-1.975000
3099		-1.975000
3100		-1.531250
3101		-1.706250
3102		-2.300000
3103		-1.825000
3104		-1.975000
3105		-1.887500
3106		-1.675000
3107		-1.768750
3108		-1.468750
3109		-1.175000
3110		-1.318750
3111		-1.262500
3112		-1.143750
3113		-1.531250
3114		-1.556250
3115		-1.231250
3116		-0.993750
3117		-1.618750
3118		-1.081250
3119		-1.262500
3120		-1.231250
3121		-1.200000
3122		-1.381250
3123		-0.968750
3124		-1.262500
3125		-1.081250
3126		-1.231250
3127		-1.706250
3128		-1.381250
3129		-1.175000
3130		-1.262500
3131		-1.531250
3132		-1.675000
3133		-1.231250
3134		-1.531250
3135		-1.618750
3136		-1.618750
3137		-1.437500
3138		-1.318750
3139		-1.437500
3140		-1.412500
3141		-1.293750
3142		-1.556250
3143		-1.081250
3144		-1.262500
3145		-1.318750
3146		-1.381250
3147		-0.875000
3148		-1.381250
3149		-1.025000
3150		-1.318750
3151		-0.968750
3152		-0.968750
3153		-1.231250
3154		-1.175000
3155		-1.231250
3156		-1.025000
3157		-1.318750
3158		-1.025000
3159		-1.262500
3160		-0.968750
3161		-1.262500
3162		-1.531250
3163		-0.756250
3164		-1.143750
3165		-1.318750
3166		-1.112500
3167		-0.937500
3168		-0.850000
3169		-0.581250
3170		-0.937500
3171		-0.787500
3172		-0.937500
3173		-0.875000
3174		-0.850000
3175		-0.993750
3176		-0.818750
3177		-0.756250
3178		-0.875000
3179		-0.731250
3180		-0.818750
3181		-1.025000
3182		-0.581250
3183		-0.937500
3184		-0.668750
3185		-1.112500
3186		-0.968750
3187		-1.262500
3188		-0.850000
3189		-0.875000
3190		-0.875000
3191		-0.731250
3192		-0.968750
3193		-0.937500
3194		-1.231250
3195		-1.318750
3196		-1.262500
3197		-0.968750
3198		-0.993750
3199		-1.381250
3200		-1.025000
3201		-1.381250
3202		-1.262500
3203		-1.412500
3204		-1.412500
3205		-1.381250
3206		-1.856250
3207		-1.887500
3208		-1.556250
3209		-2.268750
3210		-1.975000
3211		-1.856250
3212		-2.300000
3213		-2.181250
3214		-2.475000
3215		-2.475000
3216		-2.506250
3217		-2.450000
3218		-2.625000
3219		-2.656250
3220		-2.925000
3221		-2.712500
3222		-2.806250
3223		-2.712500
3224		-2.862500
3225		-1.887500
3226		-3.156250
3227		-2.387500
3228		-2.418750
3229		-1.975000
3230		-1.768750
3231		-1.468750
3232		-1.618750
3233		-1.825000
3234		-1.025000
3235		-1.318750
3236		-0.850000
3237		-0.668750
3238		-0.581250
3239		-0.493750
3240		-0.518750
3241		-0.343750
3242		-0.281250
3243		0.368750
3244		-0.137500
3245		-0.050000
3246		-0.431250
3247		-0.281250
3248		-0.550000
3249		-0.906250
3250		-1.381250
3251		-1.437500
3252		-1.468750
3253		-1.262500
3254		-1.768750
3255		-1.737500
3256		-2.118750
3257		-2.300000
3258		-2.506250
3259		-2.712500
3260		-2.950000
3261		-2.712500
3262		-3.068750
3263		-2.743750
3264		-2.743750
3265		-2.981250
3266		-3.100000
3267		-3.575000
3268		-3.131250
3269		-2.656250
3270		-3.037500
3271		-3.012500
3272		-2.743750
3273		-2.593750
3274		-2.743750
3275		-3.037500
3276		-3.337500
3277		-2.687500
3278		-2.537500
3279		-2.712500
3280		-2.537500
3281		-2.300000
3282		-2.356250
3283		-2.712500
3284		-3.100000
3285		-2.981250
3286		-2.893750
3287		-3.012500
3288		-2.893750
3289		-3.275000
3290		-3.275000
3291		-3.275000
3292		-3.512500
3293		-3.250000
3294		-3.337500
3295		-3.606250
3296		-3.100000
3297		-3.250000
3298		-2.893750
3299		-3.156250
3300		-2.593750
3301		-2.506250
3302		-2.031250
3303		-2.387500
3304		-1.912500
3305		-1.793750
3306		-1.650000
3307		-1.437500
3308		-1.350000
3309		-0.193750
3310		-0.462500
3311		-0.343750
3312		-0.343750
3313		0.162500
3314		0.187500
3315		0.756250
3316		1.018750
3317		1.643750
3318		1.406250
3319		1.137500
3320		1.700000
3321		1.287500
3322		1.937500
3323		2.206250
3324		2.443750
3325		2.500000
3326		2.593750
3327		2.562500
3328		2.825000
3329		2.975000
3330		2.650000
3331		2.325000
3332		3.062500
3333		2.975000
3334		3.212500
3335		2.887500
3336		3.275000
3337		2.712500
3338		2.681250
3339		2.712500
3340		2.381250
3341		2.975000
3342		2.562500
3343		2.531250
3344		2.681250
3345		2.887500
3346		2.681250
3347		2.237500
3348		3.181250
3349		2.650000
3350		3.212500
3351		3.181250
3352		3.093750
3353		3.243750
3354		3.300000
3355		3.418750
3356		3.687500
3357		3.718750
3358		3.806250
3359		3.862500
3360		4.368750
3361		3.925000
3362		4.456250
3363		4.662500
3364		4.400000
3365		4.518750
3366		4.456250
3367		4.012500
3368		4.400000
3369		4.012500
3370		4.281250
3371		3.862500
3372		3.418750
3373		3.062500
3374		2.681250
3375		2.262500
3376		1.793750
3377		1.437500
3378		0.843750
3379		0.543750
3380		-0.431250
3381		-0.518750
3382		-1.381250
3383		-1.318750
3384		-1.975000
3385		-2.593750
3386		-2.950000
3387		-3.543750
3388		-3.900000
3389		-4.431250
3390		-4.612500
3391		-4.968750
3392		-5.325000
3393		-6.006250
3394		-6.181250
3395		-5.975000
3396		-6.362500
3397		-6.418750
3398		-6.806250
3399		-6.718750
3400		-6.862500
3401		-7.131250
3402		-7.131250
3403		-7.162500
3404		-7.218750
3405		-7.187500
3406		-7.306250
3407		-6.981250
3408		-7.337500
3409		-7.725000
3410		-7.337500
3411		-7.281250
3412		-6.862500
3413		-7.162500
3414		-7.218750
3415		-7.662500
3416		-7.400000
3417		-7.337500
3418		-7.543750
3419		-7.337500
3420		-7.043750
3421		-7.250000
3422		-6.981250
3423		-6.268750
3424		-6.656250
3425		-6.506250
3426		-6.062500
3427		-5.887500
3428		-5.650000
3429		-5.618750
3430		-5.231250
3431		-4.968750
3432		-4.431250
3433		-4.431250
3434		-4.075000
3435		-3.368750
3436		-3.368750
3437		-2.743750
3438		-2.568750
3439		-2.475000
3440		-2.181250
3441		-1.706250
3442		-1.912500
3443		-1.412500
3444		-0.937500
3445		-0.906250
3446		-0.493750
3447		-0.050000
3448		-0.225000
3449		-0.137500
3450		-0.075000
3451		0.400000
3452		0.518750
3453		0.868750
3454		0.900000
3455		1.106250
3456		1.318750
3457		1.556250
3458		1.493750
3459		1.675000
3460		2.000000
3461		2.175000
3462		2.293750
3463		2.475000
3464		2.475000
3465		3.037500
3466		2.825000
3467		3.037500
3468		3.156250
3469		3.212500
3470		3.687500
3471		3.806250
3472		4.218750
3473		4.487500
3474		4.012500
3475		4.518750
3476		4.843750
3477		4.962500
3478		5.018750
3479		5.612500
3480		5.493750
3481		5.587500
3482		6.031250
3483		5.587500
3484		5.818750
3485		6.293750
3486		6.356250
3487		6.412500
3488		6.356250
3489		6.768750
3490		6.506250
3491		6.325000
3492		6.475000
3493		6.031250
3494		6.268750
3495		5.850000
3496		6.150000
3497		5.818750
3498		5.912500
3499		5.587500
3500		5.731250
3501		5.612500
3502		5.406250
3503		5.050000
3504		4.900000
3505		4.575000
3506		4.725000
3507		4.368750
3508		3.893750
3509		3.718750
3510		3.687500
3511		2.975000
3512		3.837500
3513		3.093750
3514		2.618750
3515		3.212500
3516		2.825000
3517		2.975000
3518		2.712500
3519		2.025000
3520		2.475000
3521		2.118750
3522		2.056250
3523		1.881250
3524		1.731250
3525		1.937500
3526		1.581250
3527		1.612500
3528		1.556250
3529		1.437500
3530		1.375000
3531		1.050000
3532		0.987500
3533		0.693750
3534		0.543750
3535		0.606250
3536		0.250000
3537		0.518750
3538		0.575000
3539		-0.106250
3540		-0.256250
3541		-0.312500
3542		-0.756250
3543		-0.731250
3544		-0.937500
3545		-1.381250
3546		-1.825000
3547		-1.793750
3548		-1.793750
3549		-2.000000
3550		-2.237500
3551		-2.268750
3552		-2.568750
3553		-2.450000
3554		-2.775000
3555		-2.687500
3556		-2.656250
3557		-2.593750
3558		-3.218750
3559		-3.275000
3560		-2.950000
3561		-3.512500
3562		-3.393750
3563		-3.543750
3564		-3.487500
3565		-3.868750
3566		-3.575000
3567		-3.931250
3568		-3.456250
3569		-3.750000
3570		-4.018750
3571		-4.193750
3572		-4.256250
3573		-4.050000
3574		-4.075000
3575		-4.375000
3576		-4.375000
3577		-4.312500
3578		-4.612500
3579		-4.731250
3580		-4.787500
3581		-4.375000
3582		-4.581250
3583		-4.106250
3584		-4.550000
3585		-4.431250
3586		-4.731250
3587		-3.606250
3588		-3.868750
3589		-3.456250
3590		-3.662500
3591		-3.131250
3592		-3.012500
3593		-2.862500
3594		-2.450000
3595		-2.212500
3596		-1.768750
3597		-1.943750
3598		-1.650000
3599		-1.531250
3600		-0.968750
3601		-1.025000
3602		-1.025000
3603		-0.668750
3604		-0.581250
3605		-0.343750
3606		-0.137500
3607		-0.431250
3608		-0.343750
3609		-0.018750
3610		-0.075000
3611		-0.375000
3612		-0.431250
3613		-0.431250
3614		-0.637500
3615		-0.493750
3616		-0.612500
3617		-0.637500
3618		-1.025000
3619		-0.818750
3620		-0.968750
3621		-1.112500
3622		-0.875000
3623		-0.875000
3624		-1.143750
3625		-1.381250
3626		-1.200000
3627		-1.531250
3628		-1.231250
3629		-0.993750
3630		-1.200000
3631		-1.231250
3632		-1.143750
3633		-1.175000
3634		-0.756250
3635		-0.850000
3636		-0.850000
3637		-0.550000
3638		-0.281250
3639		-0.162500
3640		-0.137500
3641		0.043750
3642		0.456250
3643		0.281250
3644		0.781250
3645		0.606250
3646		0.781250
3647		1.106250
3648		1.375000
3649		1.643750
3650		1.556250
3651		1.437500
3652		1.793750
3653		2.143750
3654		2.025000
3655		2.087500
3656		2.293750
3657		2.356250
3658		2.593750
3659		2.356250
3660		2.443750
3661		2.618750
3662		2.500000
3663		2.562500
3664		2.618750
3665		2.381250
3666		2.737500
3667		2.825000
3668		2.975000
3669		2.562500
3670		2.825000
3671		2.618750
3672		2.918750
3673		2.175000
3674		2.593750
3675		2.681250
3676		3.037500
3677		2.531250
3678		2.143750
3679		2.650000
3680		2.618750
3681		2.356250
3682		2.475000
3683		2.887500
3684		2.475000
3685		2.681250
3686		2.618750
3687		2.443750
3688		2.737500
3689		2.618750
3690		2.593750
3691		2.618750
3692		2.800000
3693		2.412500
3694		2.768750
3695		2.325000
3696		2.887500
3697		2.237500
3698		2.768750
3699		2.500000
3700		2.800000
3701		2.562500
3702		2.712500
3703		2.712500
3704		2.475000
3705		2.531250
3706		2.712500
3707		2.800000
3708		2.800000
3709		2.681250
3710		2.593750
3711		2.175000
3712		2.381250
3713		2.143750
3714		1.968750
3715		2.087500
3716		2.175000
3717		1.968750
3718		2.056250
3719		1.968750
3720		1.731250
3721		1.906250
3722		1.937500
3723		1.793750
3724		1.437500
3725		1.556250
3726		1.556250
3727		1.168750
3728		1.287500
3729		0.962500
3730		0.756250
3731		0.756250
3732		0.812500
3733		0.543750
3734		0.543750
3735		0.400000
3736		0.068750
3737		0.012500
3738		-0.050000
3739		-0.225000
3740		-0.668750
3741		-0.731250
3742		-0.818750
3743		-1.500000
3744		-1.262500
3745		-1.531250
3746		-1.618750
3747		-1.531250
3748		-2.300000
3749		-2.181250
3750		-2.593750
3751		-2.450000
3752		-3.337500
3753		-2.950000
3754		-3.337500
3755		-3.393750
3756		-3.337500
3757		-3.037500
3758		-3.306250
3759		-3.693750
3760		-3.750000
3761		-3.781250
3762		-3.631250
3763		-3.487500
3764		-4.312500
3765		-3.843750
3766		-3.575000
3767		-3.606250
3768		-3.575000
3769		-3.843750
3770		-3.843750
3771		-3.393750
3772		-3.543750
3773		-3.750000
3774		-3.337500
3775		-3.606250
3776		-3.693750
3777		-3.725000
3778		-3.781250
3779		-3.275000
3780		-3.393750
3781		-3.393750
3782		-2.925000
3783		-3.306250
3784		-3.100000
3785		-3.156250
3786		-3.100000
3787		-2.950000
3788		-2.893750
3789		-2.893750
3790		-2.568750
3791		-2.181250
3792		-2.300000
3793		-2.062500
3794		-2.000000
3795		-1.556250
3796		-1.650000
3797		-1.618750
3798		-1.175000
3799		-1.175000
3800		-0.937500
3801		-0.850000
3802		-0.937500
3803		-0.787500
3804		-0.581250
3805		-0.787500
3806		-0.700000
3807		-0.493750
3808		-0.431250
3809		-0.343750
3810		-0.400000
3811		-0.581250
3812		-0.431250
3813		-0.906250
3814		-0.518750
3815		-0.668750
3816		-0.668750
3817		-0.756250
3818		-0.668750
3819		-0.731250
3820		-0.787500
3821		-0.787500
3822		-0.637500
3823		-1.175000
3824		-0.700000
3825		-0.875000
3826		-0.875000
3827		-0.875000
3828		-0.700000
3829		-0.787500
3830		-1.143750
3831		-0.518750
3832		-0.581250
3833		-0.731250
3834		-0.731250
3835		-0.225000
3836		-0.343750
3837		-0.431250
3838		0.012500
3839		-0.375000
3840		-0.075000
3841		0.187500
3842		-0.137500
3843		0.162500
3844		0.012500
3845		0.012500
3846		-0.137500
3847		-0.050000
3848		0.012500
3849		0.043750
3850		0.131250
3851		0.131250
3852		0.100000
3853		0.068750
3854		0.100000
3855		-0.018750
3856		-0.075000
3857		-0.137500
3858		-0.106250
3859		-0.431250
3860		-0.462500
3861		-0.375000
3862		-0.493750
3863		-0.850000
3864		-1.025000
3865		-0.818750
3866		-1.112500
3867		-1.318750
3868		-1.468750
3869		-1.231250
3870		-1.437500
3871		-1.468750
3872		-1.768750
3873		-1.856250
3874		-1.856250
3875		-2.181250
3876		-2.300000
3877		-2.062500
3878		-2.150000
3879		-2.356250
3880		-2.568750
3881		-2.356250
3882		-2.356250
3883		-2.743750
3884		-2.806250
3885		-2.950000
3886		-3.250000
3887		-2.981250
3888		-2.537500
3889		-3.037500
3890		-3.187500
3891		-3.187500
3892		-2.806250
3893		-2.862500
3894		-2.831250
3895		-2.568750
3896		-2.506250
3897		-2.893750
3898		-2.712500
3899		-2.925000
3900		-2.418750
3901		-2.806250
3902		-2.506250
3903		-2.450000
3904		-2.537500
3905		-2.300000
3906		-2.593750
3907		-2.268750
3908		-2.212500
3909		-2.031250
3910		-1.912500
3911		-2.568750
3912		-2.031250
3913		-2.150000
3914		-1.793750
3915		-1.556250
3916		-1.887500
3917		-1.975000
3918		-1.975000
3919		-1.675000
3920		-1.768750
3921		-1.975000
3922		-1.650000
3923		-1.556250
3924		-1.587500
3925		-1.531250
3926		-1.468750
3927		-1.706250
3928		-1.412500
3929		-1.262500
3930		-1.500000
3931		-1.175000
3932		-1.318750
3933		-1.293750
3934		-1.025000
3935		-1.056250
3936		-1.081250
3937		-1.231250
3938		-1.143750
3939		-1.350000
3940		-1.056250
3941		-0.787500
3942		-1.412500
3943		-1.262500
3944		-1.231250
3945		-1.081250
3946		-1.112500
3947		-1.143750
3948		-1.025000
3949		-1.675000
3950		-1.293750
3951		-1.675000
3952		-1.350000
3953		-1.768750
3954		-1.825000
3955		-1.531250
3956		-1.381250
3957		-1.437500
3958		-1.706250
3959		-1.912500
3960		-1.856250
3961		-1.825000
3962		-2.062500
3963		-2.150000
3964		-1.912500
3965		-1.856250
3966		-2.212500
3967		-2.537500
3968		-2.118750
3969		-2.150000
3970		-2.150000
3971		-2.268750
3972		-2.150000
3973		-2.537500
3974		-2.743750
3975		-2.475000
3976		-2.418750
3977		-3.012500
3978		-2.268750
3979		-2.712500
3980		-2.506250
3981		-2.506250
3982		-2.687500
3983		-2.506250
3984		-2.093750
3985		-2.831250
3986		-2.537500
3987		-2.806250
3988		-3.100000
3989		-2.687500
3990		-3.068750
3991		-3.218750
3992		-2.743750
3993		-2.950000
3994		-2.743750
3995		-3.275000
3996		-2.893750
3997		-2.950000
3998		-3.187500
3999		-2.775000
4000		-3.100000
4001		-2.950000
4002		-2.743750
4003		-2.656250
4004		-2.806250
4005		-2.775000
4006		-2.981250
4007		-2.831250
4008		-2.568750
4009		-2.656250
4010		-2.450000
4011		-2.418750
4012		-2.000000
4013		-1.975000
4014		-2.181250
4015		-2.268750
4016		-2.356250
4017		-1.768750
4018		-2.212500
4019		-1.975000
4020		-1.793750
4021		-1.768750
4022		-1.587500
4023		-1.468750
4024		-1.531250
4025		-1.412500
4026		-1.025000
4027		-0.937500
4028		-0.937500
4029		-0.968750
4030		-0.431250
4031		-0.756250
4032		-0.162500
4033		-0.256250
4034		-0.312500
4035		-0.162500
4036		0.368750
4037		0.456250
4038		0.518750
4039		0.456250
4040		0.662500
4041		0.693750
4042		1.081250
4043		0.843750
4044		1.050000
4045		1.287500
4046		1.437500
4047		1.256250
4048		1.200000
4049		1.406250
4050		1.493750
4051		1.318750
4052		0.781250
4053		1.050000
4054		0.843750
4055		0.931250
4056		0.693750
4057		0.693750
4058		0.781250
4059		0.693750
4060		0.456250
4061		-0.075000
4062		0.250000
4063		-0.018750
4064		0.131250
4065		-0.193750
4066		-0.162500
4067		-0.225000
4068		-0.137500
4069		-0.818750
4070		-0.518750
4071		-0.968750
4072		-0.993750
4073		-0.731250
4074		-0.875000
4075		-1.618750
4076		-0.906250
4077		-1.531250
4078		-1.081250
4079		-1.381250
4080		-1.081250
4081		-1.293750
4082		-1.500000
4083		-1.650000
4084		-1.318750
4085		-1.531250
4086		-1.262500
4087		-0.993750
4088		-1.556250
4089		-1.412500
4090		-1.318750
4091		-1.318750
4092		-1.412500
4093		-1.231250
4094		-1.231250
4095		-1.025000
4096		-1.056250
4097		-1.056250
4098		-0.787500
4099		-0.700000
4100		-0.550000
4101		-0.312500
4102		-0.612500
4103		-0.612500
4104		-0.668750
4105		-0.518750
4106		-0.581250
4107		-0.375000
4108		-0.225000
4109		0.012500
4110		-0.193750
4111		-0.137500
4112		0.012500
4113		-0.281250
4114		-0.312500
4115		0.012500
4116		-0.343750
4117		-0.106250
4118		-0.018750
4119		-0.343750
4120		-0.518750
4121		-0.431250
4122		-0.137500
4123		0.100000
4124		-0.106250
4125		-0.375000
4126		-0.400000
4127		-0.137500
4128		-0.462500
4129		-0.193750
4130		0.162500
4131		0.012500
4132		-0.050000
4133		0.012500
4134		0.012500
4135		0.218750
4136		0.162500
4137		0.012500
4138		0.162500
4139		0.400000
4140		0.575000
4141		0.543750
4142		0.725000
4143		0.518750
4144		0.962500
4145		0.931250
4146		0.987500
4147		0.900000
4148		0.606250
4149		1.137500
4150		0.843750
4151		0.812500
4152		0.543750
4153		0.662500
4154		0.606250
4155		0.518750
4156		0.756250
4157		0.218750
4158		0.306250
4159		0.281250
4160		0.250000
4161		0.068750
4162		-0.050000
4163		0.281250
4164		0.306250
4165		0.250000
4166		-0.106250
4167		0.250000
4168		0.162500
4169		-0.193750
4170		-0.431250
4171		-0.106250
4172		-0.343750
4173		0.187500
4174		-0.225000
4175		0.162500
4176		-0.050000
4177		0.281250
4178		0.100000
4179		0.100000
4180		0.543750
4181		0.575000
4182		0.781250
4183		0.518750
4184		0.962500
4185		0.756250
4186		0.693750
4187		0.693750
4188		0.662500
4189		0.812500
4190		1.106250
4191		0.900000
4192		0.843750
4193		0.543750
4194		0.543750
4195		0.662500
4196		0.637500
4197		0.218750
4198		0.781250
4199		0.543750
4200		0.425000
4201		0.306250
4202		0.487500
4203		0.337500
4204		0.425000
4205		0.400000
4206		0.012500
4207		0.306250
4208		-0.343750
4209		-0.162500
4210		0.012500
4211		-0.375000
4212		-0.400000
4213		-0.312500
4214		-0.518750
4215		-0.431250
4216		-0.431250
4217		-0.193750
4218		0.012500
4219		-0.050000
4220		-0.375000
4221		-0.312500
4222		-0.375000
4223		-0.281250
4224		-0.137500
4225		-0.281250
4226		-0.637500
4227		0.012500
4228		0.068750
4229		-0.050000
4230		-0.193750
4231		0.162500
4232		0.100000
4233		0.487500
4234		0.068750
4235		0.518750
4236		0.518750
4237		0.218750
4238		0.606250
4239		0.843750
4240		0.987500
4241		0.931250
4242		1.137500
4243		0.756250
4244		1.018750
4245		1.050000
4246		0.962500
4247		1.287500
4248		1.200000
4249		1.106250
4250		1.406250
4251		1.168750
4252		0.962500
4253		0.987500
4254		0.812500
4255		1.106250
4256		0.693750
4257		1.137500
4258		0.281250
4259		0.637500
4260		0.693750
4261		0.693750
4262		0.606250
4263		0.368750
4264		0.250000
4265		0.693750
4266		0.693750
4267		0.337500
4268		0.218750
4269		0.543750
4270		0.456250
4271		-0.137500
4272		0.012500
4273		0.425000
4274		0.543750
4275		0.218750
4276		0.606250
4277		0.518750
4278		0.400000
4279		0.662500
4280		0.693750
4281		0.518750
4282		0.575000
4283		0.543750
4284		0.306250
4285		0.368750
4286		0.662500
4287		0.693750
4288		0.606250
4289		0.518750
4290		0.781250
4291		0.693750
4292		0.756250
4293		0.425000
4294		0.368750
4295		0.575000
4296		0.518750
4297		0.606250
4298		0.306250
4299		0.693750
4300		0.843750
4301		0.931250
4302		0.900000
4303		0.843750
4304		1.675000
4305		0.900000
4306		1.018750
4307		0.725000
4308		1.106250
4309		0.843750
4310		0.843750
4311		0.900000
4312		0.812500
4313		0.543750
4314		0.812500
4315		0.812500
4316		0.843750
4317		0.843750
4318		0.637500
4319		0.575000
4320		0.662500
4321		0.100000
4322		0.218750
4323		0.250000
4324		0.162500
4325		0.068750
4326		-0.137500
4327		0.131250
4328		-0.050000
4329		-0.343750
4330		0.100000
4331		-0.312500
4332		-0.225000
4333		-0.612500
4334		-0.137500
4335		-0.431250
4336		-0.581250
4337		-0.637500
4338		-0.493750
4339		0.456250
4340		-0.668750
4341		-0.668750
4342		-0.343750
4343		-0.225000
4344		-0.518750
4345		-0.050000
4346		-0.431250
4347		0.218750
4348		0.100000
4349		0.368750
4350		0.693750
4351		0.543750
4352		0.425000
4353		0.725000
4354		1.168750
4355		0.868750
4356		0.962500
4357		1.818750
4358		1.200000
4359		1.256250
4360		1.462500
4361		1.406250
4362		1.406250
4363		1.318750
4364		1.343750
4365		1.462500
4366		1.437500
4367		1.256250
4368		1.406250
4369		1.700000
4370		1.612500
4371		1.581250
4372		1.675000
4373		1.437500
4374		1.437500
4375		1.343750
4376		1.731250
4377		1.731250
4378		1.556250
4379		1.493750
4380		1.937500
4381		2.325000
4382		2.143750
4383		2.475000
4384		2.562500
4385		2.681250
4386		2.475000
4387		2.975000
4388		3.125000
4389		2.975000
4390		3.062500
4391		3.212500
4392		3.181250
4393		3.512500
4394		2.918750
4395		3.062500
4396		3.181250
4397		2.943750
4398		3.212500
4399		3.093750
4400		3.125000
4401		3.275000
4402		3.093750
4403		2.825000
4404		2.800000
4405		2.825000
4406		2.943750
4407		2.825000
4408		2.887500
4409		2.975000
4410		2.712500
4411		3.037500
4412		3.362500
4413		3.300000
4414		3.418750
4415		3.362500
4416		3.125000
4417		3.512500
4418		3.062500
4419		3.537500
4420		3.418750
4421		3.275000
4422		3.006250
4423		3.418750
4424		3.275000
4425		3.243750
4426		2.825000
4427		3.037500
4428		3.212500
4429		3.125000
4430		2.593750
4431		2.500000
4432		2.443750
4433		2.681250
4434		2.618750
4435		2.237500
4436		1.793750
4437		2.206250
4438		2.025000
4439		1.643750
4440		1.818750
4441		1.675000
4442		2.206250
4443		1.793750
4444		1.581250
4445		1.818750
4446		1.850000
4447		1.700000
4448		1.643750
4449		1.850000
4450		1.612500
4451		1.437500
4452		1.375000
4453		1.906250
4454		1.793750
4455		1.343750
4456		1.850000
4457		1.462500
4458		1.700000
4459		1.287500
4460		1.050000
4461		1.343750
4462		1.018750
4463		1.200000
4464		0.812500
4465		0.987500
4466		1.256250
4467		0.756250
4468		0.812500
4469		0.931250
4470		0.781250
4471		0.812500
4472		0.843750
4473		1.050000
4474		0.693750
4475		0.812500
4476		1.225000
4477		1.050000
4478		1.050000
4479		0.900000
4480		1.406250
4481		1.137500
4482		1.200000
4483		1.287500
4484		1.168750
4485		0.931250
4486		1.287500
4487		1.256250
4488		1.287500
4489		1.200000
4490		1.200000
4491		1.050000
4492		1.318750
4493		1.050000
4494		1.406250
4495		0.843750
4496		1.168750
4497		0.900000
4498		0.843750
4499		0.756250
4500		0.962500
4501		0.812500
4502		0.575000
4503		1.018750
4504		0.756250
4505		0.725000
4506		0.518750
4507		0.662500
4508		0.425000
4509		0.456250
4510		0.400000
4511		0.068750
4512		0.306250
4513		0.218750
4514		0.518750
4515		0.368750
4516		0.250000
4517		0.368750
4518		0.306250
4519		0.368750
4520		0.281250
4521		-0.050000
4522		0.162500
4523		0.400000
4524		0.306250
4525		0.131250
4526		0.068750
4527		0.187500
4528		-0.137500
4529		0.218750
4530		0.187500
4531		-0.281250
4532		0.043750
4533		0.250000
4534		-0.018750
4535		0.131250
4536		0.068750
4537		-0.137500
4538		-0.137500
4539		-0.137500
4540		0.162500
4541		0.012500
4542		0.131250
4543		-0.050000
4544		0.306250
4545		0.337500
4546		-0.106250
4547		0.425000
4548		0.068750
4549		-0.343750
4550		0.518750
4551		0.218750
4552		0.606250
4553		0.781250
4554		0.756250
4555		0.987500
4556		0.756250
4557		0.987500
4558		1.200000
4559		1.168750
4560		1.406250
4561		1.437500
4562		1.793750
4563		1.556250
4564		1.318750
4565		1.675000
4566		1.881250
4567		2.025000
4568		2.356250
4569		2.237500
4570		2.087500
4571		2.000000
4572		2.356250
4573		2.531250
4574		2.443750
4575		2.681250
4576		2.325000
4577		2.475000
4578		2.887500
4579		2.293750
4580		2.618750
4581		2.681250
4582		2.618750
4583		2.800000
4584		2.768750
4585		3.037500
4586		2.918750
4587		3.275000
4588		3.125000
4589		3.062500
4590		3.393750
4591		3.631250
4592		3.481250
4593		3.275000
4594		3.656250
4595		3.925000
4596		3.600000
4597		3.862500
4598		3.806250
4599		3.862500
4600		3.631250
4601		4.250000
4602		4.456250
4603		4.012500
4604		4.518750
4605		4.218750
4606		4.043750
4607		4.606250
4608		4.218750
4609		4.575000
4610		4.012500
4611		4.250000
4612		4.368750
4613		4.368750
4614		4.312500
4615		4.218750
4616		4.312500
4617		4.075000
4618		4.100000
4619		3.775000
4620		3.862500
4621		3.718750
4622		4.075000
4623		3.687500
4624		3.687500
4625		3.568750
4626		3.600000
4627		3.450000
4628		3.212500
4629		3.062500
4630		2.975000
4631		3.275000
4632		3.331250
4633		2.825000
4634		2.768750
4635		2.856250
4636		2.650000
4637		2.593750
4638		2.293750
4639		2.475000
4640		2.262500
4641		2.237500
4642		2.175000
4643		2.025000
4644		1.700000
4645		1.437500
4646		1.762500
4647		1.287500
4648		1.581250
4649		1.375000
4650		0.693750
4651		0.725000
4652		0.725000
4653		0.693750
4654		0.281250
4655		0.368750
4656		0.637500
4657		0.012500
4658		0.306250
4659		0.068750
4660		0.281250
4661		0.306250
4662		0.162500
4663		0.250000
4664		-0.018750
4665		0.012500
4666		-0.018750
4667		0.306250
4668		0.756250
4669		0.131250
4670		0.162500
4671		0.162500
4672		0.518750
4673		0.100000
4674		0.368750
4675		0.456250
4676		0.575000
4677		0.456250
4678		0.543750
4679		0.162500
4680		0.425000
4681		-0.050000
4682		-0.050000
4683		0.162500
4684		-0.050000
4685		0.250000
4686		-0.431250
4687		-0.343750
4688		-0.193750
4689		-0.343750
4690		-0.050000
4691		-0.581250
4692		-0.518750
4693		-0.375000
4694		-0.518750
4695		-0.493750
4696		0.012500
4697		-0.375000
4698		-0.106250
4699		-0.075000
4700		-0.256250
4701		-0.050000
4702		0.100000
4703		0.368750
4704		0.725000
4705		0.606250
4706		0.900000
4707		0.662500
4708		0.725000
4709		1.106250
4710		1.200000
4711		1.437500
4712		1.643750
4713		1.437500
4714		1.581250
4715		1.675000
4716		1.675000
4717		1.700000
4718		1.700000
4719		1.850000
4720		1.850000
4721		1.675000
4722		1.850000
4723		2.025000
4724		1.818750
4725		2.175000
4726		2.087500
4727		2.175000
4728		1.937500
4729		1.793750
4730		1.700000
4731		1.906250
4732		1.850000
4733		2.237500
4734		2.087500
4735		2.237500
4736		2.175000
4737		2.025000
4738		2.237500
4739		2.237500
4740		2.681250
4741		2.475000
4742		2.593750
4743		2.618750
4744		2.650000
4745		2.975000
4746		2.356250
4747		2.856250
4748		2.737500
4749		3.062500
4750		3.006250
4751		3.125000
4752		3.062500
4753		3.300000
4754		3.181250
4755		3.125000
4756		3.631250
4757		3.512500
4758		3.568750
4759		3.600000
4760		3.631250
4761		3.600000
4762		3.862500
4763		4.075000
4764		3.806250
4765		3.806250
4766		3.862500
4767		3.981250
4768		4.100000
4769		3.925000
4770		4.075000
4771		3.775000
4772		4.250000
4773		4.043750
4774		3.956250
4775		4.012500
4776		3.600000
4777		3.718750
4778		3.568750
4779		3.568750
4780		3.568750
4781		3.275000
4782		3.181250
4783		2.768750
4784		2.918750
4785		2.825000
4786		2.650000
4787		2.737500
4788		2.531250
4789		2.737500
4790		2.325000
4791		2.175000
4792		1.643750
4793		1.968750
4794		2.025000
4795		1.793750
4796		1.731250
4797		1.287500
4798		1.556250
4799		1.287500
4800		1.581250
4801		1.018750
4802		0.725000
4803		0.812500
4804		0.662500
4805		0.756250
4806		0.306250
4807		0.400000
4808		0.425000
4809		0.100000
4810		0.012500
4811		-0.312500
4812		-0.518750
4813		-0.700000
4814		-0.612500
4815		-0.637500
4816		-1.143750
4817		-0.818750
4818		-1.262500
4819		-0.818750
4820		-1.318750
4821		-1.175000
4822		-1.556250
4823		-1.587500
4824		-1.737500
4825		-1.618750
4826		-1.556250
4827		-1.381250
4828		-1.412500
4829		-1.650000
4830		-1.350000
4831		-1.856250
4832		-1.793750
4833		-1.531250
4834		-1.587500
4835		-1.112500
4836		-1.381250
4837		-1.381250
4838		-1.025000
4839		-1.175000
4840		-1.175000
4841		-0.668750
4842		-0.968750
4843		-1.081250
4844		-0.818750
4845		-0.818750
4846		-0.937500
4847		-0.875000
4848		-0.756250
4849		-1.025000
4850		-1.056250
4851		-1.081250
4852		-0.906250
4853		-1.081250
4854		-1.112500
4855		-1.200000
4856		-1.081250
4857		-0.968750
4858		-1.381250
4859		-1.231250
4860		-0.731250
4861		-1.081250
4862		-0.937500
4863		-1.556250
4864		-1.318750
4865		-1.318750
4866		-1.112500
4867		-1.318750
4868		-1.381250
4869		-1.262500
4870		-0.906250
4871		-1.200000
4872		-0.993750
4873		-0.731250
4874		-0.993750
4875		-0.818750
4876		-0.700000
4877		-0.612500
4878		-0.075000
4879		-0.281250
4880		-0.193750
4881		-0.518750
4882		-0.193750
4883		0.012500
4884		-0.106250
4885		0.218750
4886		0.281250
4887		0.337500
4888		0.575000
4889		0.662500
4890		0.987500
4891		1.050000
4892		1.343750
4893		1.137500
4894		1.343750
4895		1.493750
4896		1.731250
4897		1.556250
4898		1.612500
4899		1.937500
4900		1.731250
4901		1.906250
4902		2.237500
4903		2.087500
4904		2.237500
4905		2.175000
4906		2.618750
4907		2.618750
4908		2.143750
4909		2.531250
4910		2.293750
4911		2.325000
4912		2.381250
4913		2.237500
4914		2.087500
4915		2.500000
4916		2.293750
4917		2.143750
4918		2.118750
4919		1.731250
4920		2.143750
4921		1.700000
4922		1.968750
4923		1.675000
4924		2.000000
4925		2.206250
4926		1.937500
4927		2.000000
4928		1.850000
4929		2.000000
4930		1.700000
4931		1.906250
4932		1.287500
4933		1.493750
4934		1.643750
4935		1.937500
4936		1.818750
4937		2.237500
4938		1.937500
4939		2.356250
4940		2.143750
4941		2.087500
4942		2.237500
4943		1.731250
4944		2.381250
4945		2.381250
4946		2.650000
4947		2.381250
4948		2.918750
4949		2.737500
4950		2.593750
4951		2.943750
4952		2.562500
4953		3.093750
4954		2.681250
4955		3.093750
4956		3.450000
4957		3.062500
4958		3.062500
4959		3.275000
4960		3.275000
4961		3.062500
4962		3.275000
4963		3.362500
4964		3.331250
4965		3.512500
4966		3.331250
4967		3.275000
4968		3.125000
4969		3.393750
4970		3.418750
4971		3.362500
4972		3.181250
4973		2.918750
4974		3.212500
4975		2.887500
4976		2.618750
4977		2.681250
4978		2.618750
4979		2.412500
4980		2.262500
4981		2.293750
4982		2.293750
4983		2.025000
4984		1.906250
4985		2.025000
4986		1.793750
4987		1.643750
4988		1.462500
4989		1.493750
4990		1.343750
4991		1.137500
4992		0.962500
4993		1.106250
4994		0.843750
4995		0.781250
4996		0.812500
4997		0.662500
4998		0.900000
4999		0.456250
5000		0.368750
5001		0.400000
5002		0.456250
5003		0.543750
5004		0.218750
5005		0.543750
5006		0.900000
5007		0.693750
5008		0.812500
5009		0.868750
5010		1.137500
5011		1.050000
5012		1.018750
5013		1.106250
5014		1.406250
5015		1.343750
5016		1.462500
5017		1.643750
5018		1.581250
5019		1.762500
5020		1.850000
5021		1.675000
5022		1.850000
5023		1.906250
5024		1.968750
5025		1.937500
5026		2.293750
5027		2.237500
5028		2.325000
5029		2.650000
5030		2.175000
5031		2.443750
5032		2.681250
5033		2.681250
5034		2.443750
5035		2.175000
5036		2.175000
5037		2.237500
5038		2.475000
5039		2.443750
5040		2.593750
5041		2.618750
5042		2.681250
5043		2.681250
5044		2.443750
5045		2.918750
5046		2.712500
5047		2.918750
5048		2.618750
5049		2.918750
5050		2.800000
5051		2.887500
5052		2.856250
5053		2.681250
5054		3.062500
5055		2.768750
5056		2.918750
5057		3.037500
5058		3.006250
5059		3.362500
5060		3.631250
5061		3.275000
5062		3.362500
5063		3.125000
5064		3.362500
5065		3.212500
5066		3.481250
5067		2.825000
5068		3.181250
5069		3.362500
5070		3.037500
5071		3.418750
5072		3.362500
5073		3.181250
5074		3.393750
5075		3.156250
5076		3.568750
5077		3.481250
5078		3.956250
5079		3.275000
5080		4.100000
5081		3.568750
5082		3.743750
5083		3.656250
5084		4.012500
5085		4.100000
5086		4.250000
5087		4.400000
5088		4.337500
5089		4.218750
5090		4.337500
5091		4.518750
5092		4.662500
5093		4.312500
5094		4.781250
5095		4.337500
5096		4.518750
5097		4.725000
5098		4.162500
5099		4.487500
5100		4.162500
5101		4.456250
5102		4.218750
5103		4.043750
5104		3.956250
5105		4.012500
5106		3.837500
5107		4.100000
5108		4.043750
5109		3.981250
5110		3.631250
5111		3.656250
5112		3.600000
5113		3.275000
5114		3.568750
5115		3.512500
5116		3.062500
5117		3.212500
5118		3.181250
5119		3.037500
5120		3.125000
5121		3.062500
5122		2.975000
5123		3.037500
5124		2.768750
5125		3.125000
5126		2.737500
5127		2.825000
5128		2.768750
5129		2.531250
5130		2.768750
5131		2.500000
5132		2.650000
5133		2.681250
5134		2.381250
5135		2.475000
5136		2.681250
5137		2.325000
5138		2.237500
5139		2.500000
5140		2.143750
5141		2.356250
5142		2.237500
5143		2.500000
5144		2.381250
5145		2.056250
5146		2.443750
5147		2.143750
5148		2.293750
5149		2.175000
5150		2.000000
5151		2.325000
5152		2.531250
5153		2.593750
5154		2.412500
5155		2.500000
5156		2.356250
5157		3.037500
5158		3.125000
5159		3.093750
5160		3.331250
5161		3.775000
5162		3.862500
5163		3.718750
5164		3.837500
5165		4.218750
5166		4.218750
5167		4.400000
5168		4.368750
5169		4.312500
5170		4.456250
5171		4.606250
5172		4.312500
5173		4.518750
5174		4.550000
5175		4.550000
5176		4.693750
5177		4.456250
5178		4.400000
5179		4.781250
5180		4.218750
5181		4.400000
5182		4.400000
5183		4.431250
5184		4.218750
5185		4.250000
5186		4.162500
5187		4.312500
5188		4.162500
5189		4.250000
5190		4.218750
5191		4.662500
5192		4.550000
5193		4.637500
5194		4.606250
5195		4.662500
5196		4.606250
5197		4.725000
5198		4.993750
5199		5.137500
5200		4.993750
5201		4.931250
5202		5.050000
5203		5.793750
5204		4.843750
5205		5.200000
5206		5.231250
5207		5.018750
5208		4.725000
5209		5.081250
5210		4.637500
5211		5.018750
5212		4.962500
5213		5.018750
5214		4.843750
5215		4.550000
5216		4.993750
5217		4.400000
5218		4.962500
5219		4.518750
5220		4.518750
5221		4.368750
5222		4.218750
5223		4.131250
5224		3.981250
5225		4.012500
5226		3.775000
5227		3.862500
5228		3.862500
5229		3.806250
5230		3.631250
5231		3.537500
5232		3.393750
5233		3.418750
5234		3.275000
5235		3.393750
5236		2.918750
5237		3.125000
5238		2.887500
5239		2.768750
5240		3.125000
5241		3.093750
5242		3.125000
5243		3.331250
5244		2.975000
5245		3.537500
5246		3.418750
5247		3.537500
5248		3.687500
5249		3.956250
5250		3.512500
5251		4.162500
5252		3.568750
5253		4.043750
5254		3.775000
5255		3.956250
5256		3.806250
5257		3.743750
5258		3.862500
5259		4.012500
5260		3.837500
5261		4.100000
5262		4.075000
5263		4.043750
5264		3.362500
5265		3.631250
5266		3.481250
5267		3.481250
5268		3.062500
5269		3.212500
5270		2.975000
5271		2.887500
5272		2.325000
5273		2.475000
5274		2.356250
5275		2.593750
5276		2.206250
5277		2.475000
5278		2.056250
5279		2.618750
5280		2.143750
5281		2.356250
5282		2.443750
5283		2.475000
5284		2.443750
5285		2.325000
5286		2.531250
5287		2.531250
5288		2.618750
5289		3.093750
5290		3.393750
5291		3.631250
5292		3.806250
5293		4.100000
5294		4.368750
5295		4.456250
5296		4.550000
5297		5.018750
5298		5.231250
5299		5.256250
5300		5.793750
5301		5.556250
5302		5.587500
5303		6.087500
5304		6.087500
5305		6.387500
5306		6.087500
5307		6.506250
5308		6.150000
5309		6.387500
5310		6.293750
5311		6.325000
5312		6.737500
5313		6.237500
5314		6.412500
5315		6.562500
5316		6.443750
5317		5.912500
5318		5.762500
5319		5.731250
5320		5.643750
5321		5.587500
5322		4.993750
5323		5.050000
5324		4.812500
5325		4.900000
5326		4.756250
5327		4.487500
5328		4.456250
5329		4.193750
5330		4.075000
5331		4.075000
5332		3.362500
5333		3.687500
5334		3.512500
5335		3.450000
5336		3.275000
5337		3.093750
5338		2.887500
5339		3.037500
5340		2.975000
5341		2.943750
5342		2.856250
5343		2.943750
5344		2.650000
5345		2.737500
5346		2.943750
5347		2.618750
5348		2.593750
5349		2.825000
5350		2.825000
5351		2.887500
5352		3.006250
5353		2.443750
5354		2.918750
5355		2.768750
5356		2.918750
5357		2.618750
5358		3.006250
5359		2.681250
5360		3.156250
5361		3.512500
5362		2.975000
5363		3.481250
5364		3.275000
5365		3.125000
5366		3.275000
5367		3.418750
5368		2.856250
5369		3.212500
5370		2.918750
5371		3.037500
5372		2.975000
5373		2.825000
5374		2.768750
5375		2.918750
5376		2.381250
5377		2.475000
5378		2.000000
5379		2.293750
5380		2.087500
5381		1.731250
5382		2.056250
5383		1.643750
5384		1.375000
5385		1.437500
5386		1.581250
5387		1.937500
5388		1.287500
5389		1.318750
5390		1.137500
5391		1.256250
5392		1.406250
5393		1.437500
5394		1.406250
5395		1.406250
5396		1.493750
5397		1.700000
5398		2.025000
5399		1.700000
5400		1.850000
5401		2.000000
5402		1.818750
5403		2.237500
5404		2.593750
5405		2.237500
5406		2.356250
5407		2.443750
5408		2.887500
5409		2.531250
5410		2.975000
5411		2.825000
5412		2.943750
5413		3.037500
5414		3.275000
5415		2.918750
5416		3.393750
5417		3.275000
5418		3.362500
5419		3.275000
5420		3.300000
5421		3.481250
5422		3.037500
5423		3.275000
5424		3.631250
5425		3.718750
5426		3.275000
5427		3.362500
5428		3.512500
5429		3.631250
5430		3.243750
5431		3.481250
5432		3.481250
5433		3.393750
5434		3.331250
5435		3.418750
5436		3.362500
5437		3.300000
5438		3.481250
5439		2.712500
5440		2.887500
5441		3.037500
5442		2.681250
5443		2.737500
5444		3.331250
5445		2.975000
5446		3.037500
5447		3.125000
5448		2.856250
5449		2.887500
5450		2.918750
5451		2.887500
5452		2.918750
5453		3.037500
5454		2.975000
5455		2.825000
5456		2.887500
5457		2.618750
5458		2.887500
5459		2.887500
5460		2.918750
5461		2.593750
5462		2.618750
5463		2.618750
5464		2.618750
5465		2.943750
5466		2.650000
5467		2.087500
5468		2.025000
5469		2.500000
5470		2.025000
5471		2.293750
5472		2.143750
5473		1.881250
5474		1.968750
5475		1.937500
5476		1.968750
5477		1.643750
5478		1.581250
5479		1.287500
5480		1.556250
5481		1.700000
5482		1.643750
5483		1.881250
5484		1.612500
5485		1.406250
5486		1.287500
5487		1.375000
5488		1.137500
5489		1.287500
5490		1.168750
5491		1.106250
5492		1.050000
5493		0.900000
5494		0.931250
5495		1.018750
5496		1.050000
5497		0.987500
5498		0.900000
5499		0.987500
5500		0.931250
5501		0.843750
5502		1.225000
5503		0.337500
5504		1.200000
5505		1.137500
5506		1.137500
5507		0.900000
5508		1.050000
5509		0.962500
5510		0.693750
5511		0.987500
5512		1.287500
5513		1.406250
5514		1.050000
5515		0.843750
5516		1.437500
5517		1.462500
5518		1.731250
5519		1.137500
5520		1.200000
5521		1.581250
5522		1.106250
5523		1.643750
5524		1.343750
5525		1.493750
5526		1.643750
5527		1.493750
5528		1.375000
5529		1.493750
5530		1.793750
5531		1.731250
5532		1.675000
5533		1.793750
5534		1.437500
5535		1.643750
5536		1.581250
5537		1.793750
5538		1.675000
5539		1.437500
5540		1.731250
5541		1.556250
5542		1.700000
5543		1.762500
5544		1.818750
5545		1.731250
5546		1.906250
5547		1.818750
5548		1.850000
5549		2.025000
5550		1.793750
5551		2.175000
5552		1.818750
5553		2.143750
5554		2.087500
5555		2.087500
5556		1.937500
5557		2.325000
5558		2.118750
5559		2.025000
5560		2.143750
5561		2.356250
5562		2.143750
5563		2.000000
5564		2.056250
5565		2.325000
5566		2.206250
5567		2.293750
5568		2.500000
5569		2.237500
5570		2.562500
5571		2.143750
5572		2.443750
5573		2.325000
5574		2.237500
5575		2.325000
5576		2.118750
5577		2.262500
5578		1.881250
5579		1.937500
5580		2.087500
5581		1.906250
5582		1.731250
5583		1.762500
5584		1.675000
5585		1.343750
5586		1.556250
5587		1.525000
5588		1.287500
5589		1.200000
5590		1.256250
5591		1.081250
5592		0.606250
5593		0.487500
5594		0.693750
5595		0.518750
5596		0.162500
5597		0.575000
5598		0.281250
5599		0.306250
5600		-0.225000
5601		-0.075000
5602		0.162500
5603		0.518750
5604		0.068750
5605		0.012500
5606		0.100000
5607		0.250000
5608		0.162500
5609		0.131250
5610		-0.050000
5611		0.187500
5612		0.306250
5613		0.543750
5614		0.693750
5615		0.756250
5616		0.281250
5617		0.900000
5618		1.050000
5619		1.050000
5620		0.900000
5621		0.843750
5622		0.962500
5623		1.081250
5624		1.375000
5625		1.406250
5626		1.168750
5627		1.168750
5628		1.375000
5629		1.050000
5630		1.437500
5631		1.256250
5632		1.106250
5633		1.081250
5634		0.900000
5635		1.406250
5636		1.050000
5637		0.931250
5638		1.106250
5639		0.987500
5640		1.106250
5641		1.050000
5642		0.756250
5643		1.081250
5644		0.575000
5645		0.693750
5646		0.756250
5647		0.812500
5648		0.812500
5649		1.050000
5650		0.843750
5651		0.693750
5652		0.868750
5653		1.018750
5654		0.962500
5655		0.812500
5656		0.843750
5657		0.843750
5658		0.962500
5659		0.987500
5660		0.662500
5661		1.287500
5662		0.900000
5663		1.050000
5664		1.200000
5665		1.018750
5666		1.106250
5667		1.343750
5668		1.050000
5669		1.106250
5670		1.287500
5671		1.406250
5672		1.287500
5673		1.493750
5674		1.287500
5675		1.050000
5676		1.287500
5677		1.343750
5678		1.462500
5679		1.437500
5680		1.287500
5681		1.437500
5682		1.050000
5683		0.987500
5684		1.256250
5685		1.106250
5686		0.962500
5687		1.406250
5688		1.256250
5689		1.256250
5690		1.256250
5691		0.987500
5692		1.168750
5693		0.987500
5694		0.843750
5695		0.962500
5696		1.050000
5697		0.693750
5698		0.812500
5699		1.050000
5700		0.900000
5701		1.256250
5702		0.756250
5703		0.962500
5704		0.693750
5705		0.662500
5706		0.900000
5707		0.900000
5708		0.487500
5709		0.518750
5710		0.756250
5711		0.425000
5712		0.487500
5713		0.543750
5714		0.400000
5715		0.606250
5716		0.306250
5717		0.281250
5718		0.337500
5719		0.368750
5720		0.250000
5721		0.162500
5722		0.131250
5723		-0.137500
5724		-0.137500
5725		-0.343750
5726		-0.581250
5727		-0.462500
5728		-0.581250
5729		-0.581250
5730		-0.787500
5731		-0.756250
5732		-0.937500
5733		-0.637500
5734		-0.668750
5735		-0.668750
5736		-0.668750
5737		-0.668750
5738		-0.225000
5739		-0.225000
5740		-0.193750
5741		-0.225000
5742		0.368750
5743		0.218750
5744		0.218750
5745		0.400000
5746		0.543750
5747		0.987500
5748		0.843750
5749		1.343750
5750		1.287500
5751		1.106250
5752		1.556250
5753		1.343750
5754		1.050000
5755		1.256250
5756		1.050000
5757		1.343750
5758		1.225000
5759		1.168750
5760		0.662500
5761		0.425000
5762		0.400000
5763		-0.050000
5764		0.368750
5765		-0.162500
5766		-0.581250
5767		-0.581250
5768		-0.518750
5769		-0.581250
5770		-0.637500
5771		-0.518750
5772		-1.081250
5773		-1.025000
5774		-0.968750
5775		-1.081250
5776		-0.968750
5777		-0.668750
5778		-0.637500
5779		-0.518750
5780		-0.581250
5781		-0.375000
5782		-0.493750
5783		-0.493750
5784		-0.493750
5785		-0.018750
5786		-0.343750
5787		-0.312500
5788		-0.137500
5789		-0.256250
5790		-0.281250
5791		-0.375000
5792		-0.668750
5793		-0.493750
5794		-0.787500
5795		-0.968750
5796		-1.231250
5797		-0.937500
5798		-1.381250
5799		-1.350000
5800		-1.231250
5801		-1.856250
5802		-1.943750
5803		-1.943750
5804		-1.825000
5805		-2.356250
5806		-1.975000
5807		-1.468750
5808		-1.825000
5809		-1.675000
5810		-1.556250
5811		-1.200000
5812		-1.143750
5813		-0.850000
5814		-1.056250
5815		-0.312500
5816		-0.431250
5817		-0.431250
5818		0.518750
5819		0.518750
5820		1.081250
5821		1.256250
5822		1.462500
5823		2.000000
5824		2.025000
5825		2.737500
5826		2.887500
5827		2.800000
5828		3.450000
5829		3.481250
5830		3.537500
5831		3.687500
5832		4.693750
5833		4.218750
5834		4.368750
5835		4.193750
5836		4.662500
5837		4.725000
5838		4.843750
5839		4.962500
5840		4.962500
5841		5.081250
5842		4.931250
5843		4.931250
5844		5.231250
5845		4.693750
5846		4.962500
5847		4.693750
5848		4.575000
5849		4.400000
5850		4.456250
5851		4.487500
5852		4.131250
5853		4.162500
5854		3.806250
5855		4.368750
5856		4.218750
5857		4.456250
5858		4.456250
5859		4.400000
5860		4.606250
5861		4.518750
5862		4.781250
5863		4.900000
5864		4.993750
5865		5.112500
5866		5.112500
5867		5.375000
5868		5.525000
5869		5.881250
5870		6.175000
5871		6.325000
5872		6.506250
5873		6.475000
5874		6.325000
5875		6.475000
5876		6.325000
5877		6.593750
5878		5.850000
5879		6.325000
5880		5.968750
5881		5.493750
5882		5.256250
5883		4.962500
5884		4.606250
5885		4.012500
5886		3.718750
5887		3.275000
5888		2.800000
5889		2.325000
5890		1.493750
5891		0.962500
5892		0.456250
5893		0.012500
5894		-0.668750
5895		-1.025000
5896		-1.975000
5897		-2.475000
5898		-2.475000
5899		-2.925000
5900		-3.575000
5901		-3.900000
5902		-4.193750
5903		-4.406250
5904		-4.787500
5905		-5.112500
5906		-5.087500
5907		-5.468750
5908		-5.587500
5909		-5.706250
5910		-5.562500
5911		-5.650000
5912		-5.768750
5913		-5.975000
5914		-5.681250
5915		-5.856250
5916		-5.943750
5917		-6.268750
5918		-5.650000
5919		-5.912500
5920		-6.125000
5921		-5.562500
5922		-5.112500
5923		-5.943750
5924		-6.125000
5925		-5.825000
5926		-5.768750
5927		-5.887500
5928		-5.681250
5929		-5.737500
5930		-5.500000
5931		-5.175000
5932		-5.412500
5933		-4.968750
5934		-5.112500
5935		-4.581250
5936		-4.906250
5937		-4.375000
5938		-4.312500
5939		-4.050000
5940		-3.781250
5941		-3.487500
5942		-2.925000
5943		-3.012500
5944		-2.568750
5945		-2.300000
5946		-1.825000
5947		-1.912500
5948		-1.556250
5949		-1.412500
5950		-0.993750
5951		-0.668750
5952		-0.281250
5953		-0.225000
5954		0.068750
5955		0.425000
5956		0.543750
5957		0.575000
5958		0.900000
5959		1.256250
5960		1.556250
5961		1.731250
5962		2.025000
5963		2.175000
5964		2.206250
5965		2.087500
5966		2.887500
5967		2.768750
5968		3.212500
5969		3.156250
5970		3.062500
5971		3.275000
5972		3.775000
5973		4.131250
5974		3.862500
5975		4.456250
5976		4.368750
5977		4.725000
5978		4.606250
5979		4.993750
5980		5.437500
5981		5.468750
5982		5.168750
5983		5.700000
5984		6.268750
5985		5.937500
5986		6.412500
5987		6.975000
5988		6.475000
5989		7.037500
5990		7.212500
5991		6.950000
5992		7.362500
5993		7.275000
5994		7.450000
5995		7.481250
5996		7.362500
5997		7.393750
5998		7.362500
5999		7.187500
6000		7.362500
6001		7.425000
6002		7.068750
6003		7.156250
6004		7.393750
6005		7.187500
6006		6.768750
6007		6.506250
6008		6.593750
6009		6.856250
6010		6.443750
6011		6.175000
6012		6.237500
6013		5.912500
6014		5.912500
6015		5.731250
6016		5.137500
6017		5.137500
6018		5.112500
6019		4.756250
6020		4.400000
6021		4.162500
6022		3.925000
6023		3.775000
6024		4.043750
6025		3.775000
6026		3.537500
6027		3.537500
6028		3.418750
6029		3.037500
6030		3.125000
6031		3.212500
6032		2.768750
6033		2.531250
6034		2.712500
6035		2.531250
6036		2.381250
6037		2.000000
6038		1.937500
6039		2.118750
6040		1.968750
6041		1.675000
6042		2.025000
6043		1.406250
6044		0.812500
6045		1.318750
6046		0.962500
6047		0.843750
6048		0.543750
6049		-0.018750
6050		0.043750
6051		0.012500
6052		-0.518750
6053		-0.550000
6054		-0.968750
6055		-1.175000
6056		-1.293750
6057		-1.468750
6058		-1.556250
6059		-1.768750
6060		-1.887500
6061		-1.706250
6062		-2.000000
6063		-2.356250
6064		-1.793750
6065		-2.331250
6066		-2.418750
6067		-2.356250
6068		-2.743750
6069		-2.450000
6070		-2.387500
6071		-2.568750
6072		-2.593750
6073		-2.506250
6074		-2.181250
6075		-2.893750
6076		-2.743750
6077		-3.037500
6078		-2.806250
6079		-2.743750
6080		-3.068750
6081		-3.100000
6082		-2.806250
6083		-3.393750
6084		-3.487500
6085		-3.187500
6086		-3.693750
6087		-3.575000
6088		-3.337500
6089		-3.900000
6090		-3.393750
6091		-3.693750
6092		-3.693750
6093		-3.725000
6094		-3.781250
6095		-3.425000
6096		-3.156250
6097		-3.100000
6098		-3.012500
6099		-2.687500
6100		-2.712500
6101		-2.356250
6102		-1.856250
6103		-1.675000
6104		-1.912500
6105		-1.262500
6106		-1.381250
6107		-0.968750
6108		-0.731250
6109		-0.581250
6110		-0.700000
6111		-0.106250
6112		-0.050000
6113		0.281250
6114		0.187500
6115		0.400000
6116		0.693750
6117		0.725000
6118		0.725000
6119		0.693750
6120		0.843750
6121		0.543750
6122		0.812500
6123		0.337500
6124		0.456250
6125		0.218750
6126		0.518750
6127		0.162500
6128		0.131250
6129		-0.193750
6130		-0.050000
6131		0.012500
6132		0.131250
6133		-0.137500
6134		-0.256250
6135		-0.312500
6136		-0.375000
6137		-0.581250
6138		-0.462500
6139		0.131250
6140		-0.343750
6141		-0.225000
6142		0.100000
6143		-0.106250
6144		0.068750
6145		0.100000
6146		0.162500
6147		-0.050000
6148		0.306250
6149		0.606250
6150		0.306250
6151		0.518750
6152		0.518750
6153		1.018750
6154		0.843750
6155		1.050000
6156		1.225000
6157		1.318750
6158		1.437500
6159		1.700000
6160		1.968750
6161		2.237500
6162		2.025000
6163		2.237500
6164		2.000000
6165		2.356250
6166		2.325000
6167		2.593750
6168		2.293750
6169		2.618750
6170		2.737500
6171		2.800000
6172		2.681250
6173		2.918750
6174		2.918750
6175		2.887500
6176		2.712500
6177		2.975000
6178		2.825000
6179		3.481250
6180		2.918750
6181		2.681250
6182		3.212500
6183		3.275000
6184		3.125000
6185		2.712500
6186		3.125000
6187		3.275000
6188		3.037500
6189		2.918750
6190		2.918750
6191		3.362500
6192		3.656250
6193		3.125000
6194		3.362500
6195		3.125000
6196		3.362500
6197		3.300000
6198		3.212500
6199		3.450000
6200		2.593750
6201		3.062500
6202		2.918750
6203		3.181250
6204		3.212500
6205		3.331250
6206		3.362500
6207		3.125000
6208		3.275000
6209		2.856250
6210		3.481250
6211		3.212500
6212		3.156250
6213		3.243750
6214		3.156250
6215		3.181250
6216		3.212500
6217		3.156250
6218		3.181250
6219		3.331250
6220		3.037500
6221		2.918750
6222		2.800000
6223		2.681250
6224		3.125000
6225		2.918750
6226		3.006250
6227		2.943750
6228		2.800000
6229		2.562500
6230		2.650000
6231		2.500000
6232		2.475000
6233		2.943750
6234		2.650000
6235		2.768750
6236		2.325000
6237		2.712500
6238		2.143750
6239		1.731250
6240		1.762500
6241		1.881250
6242		1.556250
6243		1.437500
6244		1.406250
6245		1.256250
6246		0.637500
6247		1.050000
6248		0.400000
6249		0.218750
6250		-0.050000
6251		-0.281250
6252		-0.906250
6253		-0.818750
6254		-0.787500
6255		-1.081250
6256		-1.112500
6257		-1.500000
6258		-2.212500
6259		-1.318750
6260		-2.118750
6261		-2.031250
6262		-2.331250
6263		-2.268750
6264		-2.712500
6265		-2.506250
6266		-2.806250
6267		-2.925000
6268		-2.981250
6269		-3.037500
6270		-3.100000
6271		-3.218750
6272		-2.981250
6273		-2.950000
6274		-2.831250
6275		-2.568750
6276		-2.831250
6277		-2.950000
6278		-2.331250
6279		-2.656250
6280		-2.925000
6281		-3.012500
6282		-2.356250
6283		-2.831250
6284		-2.687500
6285		-2.506250
6286		-2.568750
6287		-2.418750
6288		-2.925000
6289		-2.450000
6290		-2.537500
6291		-2.537500
6292		-2.831250
6293		-2.356250
6294		-2.418750
6295		-2.687500
6296		-1.975000
6297		-2.331250
6298		-2.356250
6299		-2.118750
6300		-2.387500
6301		-1.856250
6302		-2.118750
6303		-2.300000
6304		-1.887500
6305		-1.618750
6306		-1.468750
6307		-0.993750
6308		-1.350000
6309		-0.906250
6310		-1.056250
6311		-1.231250
6312		-0.612500
6313		-0.493750
6314		-0.518750
6315		-0.375000
6316		-0.787500
6317		-0.050000
6318		-0.106250
6319		-0.050000
6320		-0.225000
6321		0.100000
6322		-0.162500
6323		-0.431250
6324		-0.106250
6325		0.068750
6326		-0.106250
6327		-0.018750
6328		0.068750
6329		0.012500
6330		0.131250
6331		-0.075000
6332		0.012500
6333		-0.018750
6334		0.306250
6335		0.100000
6336		-0.075000
6337		0.043750
6338		0.250000
6339		0.100000
6340		0.131250
6341		0.162500
6342		0.368750
6343		0.100000
6344		0.281250
6345		0.543750
6346		0.250000
6347		0.543750
6348		0.756250
6349		0.250000
6350		0.843750
6351		0.662500
6352		0.693750
6353		0.637500
6354		0.662500
6355		0.756250
6356		0.250000
6357		0.756250
6358		0.337500
6359		0.218750
6360		0.400000
6361		0.575000
6362		0.337500
6363		-0.075000
6364		0.250000
6365		0.518750
6366		0.012500
6367		0.068750
6368		-0.193750
6369		0.043750
6370		-0.431250
6371		-0.462500
6372		-0.343750
6373		-0.462500
6374		-0.581250
6375		-0.818750
6376		-0.581250
6377		-0.818750
6378		-1.025000
6379		-1.112500
6380		-1.231250
6381		-1.025000
6382		-1.768750
6383		-1.318750
6384		-1.531250
6385		-1.500000
6386		-1.556250
6387		-1.768750
6388		-1.768750
6389		-1.856250
6390		-1.856250
6391		-2.268750
6392		-2.093750
6393		-2.268750
6394		-2.656250
6395		-2.212500
6396		-2.806250
6397		-2.743750
6398		-2.418750
6399		-2.593750
6400		-2.950000
6401		-2.418750
6402		-2.356250
6403		-3.456250
6404		-2.893750
6405		-3.037500
6406		-2.831250
6407		-2.862500
6408		-2.537500
6409		-3.187500
6410		-2.450000
6411		-2.475000
6412		-2.450000
6413		-2.506250
6414		-1.856250
6415		-2.862500
6416		-2.356250
6417		-2.387500
6418		-2.506250
6419		-2.475000
6420		-2.237500
6421		-2.450000
6422		-2.356250
6423		-1.943750
6424		-2.118750
6425		-2.418750
6426		-2.268750
6427		-1.793750
6428		-1.618750
6429		-0.787500
6430		-1.825000
6431		-1.793750
6432		-1.556250
6433		-1.381250
6434		-1.556250
6435		-1.318750
6436		-1.587500
6437		-1.500000
6438		-1.175000
6439		-1.081250
6440		-1.200000
6441		-0.875000
6442		-1.262500
6443		-1.468750
6444		-1.231250
6445		-1.175000
6446		-1.437500
6447		-1.112500
6448		-1.081250
6449		-1.025000
6450		-1.262500
6451		-0.993750
6452		-1.437500
6453		-1.112500
6454		-1.437500
6455		-1.556250
6456		-1.231250
6457		-1.556250
6458		-1.556250
6459		-1.412500
6460		-1.531250
6461		-1.856250
6462		-1.706250
6463		-1.531250
6464		-2.000000
6465		-1.618750
6466		-1.737500
6467		-1.706250
6468		-1.825000
6469		-1.675000
6470		-1.856250
6471		-1.912500
6472		-1.737500
6473		-1.975000
6474		-2.212500
6475		-1.975000
6476		-2.212500
6477		-1.975000
6478		-2.450000
6479		-1.887500
6480		-1.856250
6481		-1.887500
6482		-2.118750
6483		-2.356250
6484		-1.793750
6485		-1.856250
6486		-1.793750
6487		-2.093750
6488		-2.212500
6489		-2.300000
6490		-2.356250
6491		-2.093750
6492		-2.831250
6493		-2.806250
6494		-2.300000
6495		-2.212500
6496		-2.150000
6497		-2.593750
6498		-2.268750
6499		-2.450000
6500		-2.687500
6501		-2.418750
6502		-2.150000
6503		-2.450000
6504		-3.275000
6505		-3.306250
6506		-3.250000
6507		-2.893750
6508		-3.218750
6509		-3.393750
6510		-3.156250
6511		-2.743750
6512		-3.187500
6513		-3.100000
6514		-3.100000
6515		-3.037500
6516		-3.100000
6517		-3.131250
6518		-3.156250
6519		-2.950000
6520		-3.012500
6521		-2.625000
6522		-2.475000
6523		-2.656250
6524		-2.506250
6525		-2.687500
6526		-2.300000
6527		-2.150000
6528		-2.150000
6529		-2.331250
6530		-2.418750
6531		-2.000000
6532		-1.912500
6533		-1.556250
6534		-1.437500
6535		-1.500000
6536		-1.437500
6537		-1.143750
6538		-0.850000
6539		-1.081250
6540		-0.731250
6541		-0.700000
6542		-0.700000
6543		-0.431250
6544		-0.050000
6545		0.250000
6546		0.043750
6547		0.250000
6548		0.250000
6549		0.368750
6550		0.337500
6551		0.606250
6552		0.756250
6553		0.456250
6554		1.256250
6555		0.868750
6556		0.606250
6557		1.081250
6558		1.106250
6559		0.756250
6560		1.200000
6561		0.606250
6562		0.693750
6563		0.606250
6564		0.456250
6565		0.306250
6566		0.368750
6567		0.100000
6568		0.456250
6569		-0.075000
6570		0.100000
6571		0.100000
6572		0.218750
6573		-0.137500
6574		-0.193750
6575		-0.137500
6576		-0.668750
6577		-0.731250
6578		-0.875000
6579		-0.518750
6580		-0.875000
6581		-0.375000
6582		-0.637500
6583		-1.262500
6584		-1.056250
6585		-1.231250
6586		-1.381250
6587		-0.993750
6588		-1.468750
6589		-1.112500
6590		-1.262500
6591		-1.175000
6592		-1.231250
6593		-1.318750
6594		-1.112500
6595		-1.737500
6596		-1.175000
6597		-1.293750
6598		-1.531250
6599		-1.468750
6600		-1.706250
6601		-1.468750
6602		-1.412500
6603		-1.587500
6604		-1.025000
6605		-1.175000
6606		-1.531250
6607		-1.412500
6608		-0.968750
6609		-1.200000
6610		-0.937500
6611		-1.025000
6612		-1.081250
6613		-0.756250
6614		-0.937500
6615		-1.025000
6616		-0.875000
6617		-0.518750
6618		-0.937500
6619		-0.375000
6620		-0.612500
6621		-0.787500
6622		-0.462500
6623		-0.581250
6624		-0.281250
6625		-0.431250
6626		-0.343750
6627		-0.312500
6628		-0.581250
6629		-0.162500
6630		-0.518750
6631		-0.312500
6632		-0.106250
6633		-0.225000
6634		-0.050000
6635		-0.875000
6636		-0.312500
6637		-0.281250
6638		-0.075000
6639		0.100000
6640		-0.137500
6641		0.068750
6642		-0.493750
6643		0.606250
6644		0.281250
6645		0.606250
6646		0.400000
6647		0.425000
6648		0.425000
6649		0.543750
6650		0.962500
6651		0.456250
6652		0.781250
6653		0.543750
6654		0.606250
6655		0.543750
6656		0.487500
6657		0.637500
6658		0.400000
6659		0.400000
6660		0.368750
6661		0.250000
6662		0.250000
6663		0.368750
6664		0.368750
6665		-0.137500
6666		-0.162500
6667		0.068750
6668		-0.431250
6669		-0.193750
6670		-0.375000
6671		-0.281250
6672		-0.787500
6673		-1.025000
6674		-0.700000
6675		-0.700000
6676		-0.700000
6677		-0.850000
6678		-0.731250
6679		-1.081250
6680		-0.787500
6681		-0.993750
6682		-0.581250
6683		-0.550000
6684		-0.875000
6685		-0.493750
6686		-0.375000
6687		-0.225000
6688		-0.050000
6689		0.162500
6690		0.131250
6691		0.400000
6692		0.218750
6693		0.518750
6694		0.281250
6695		0.250000
6696		0.518750
6697		0.606250
6698		0.487500
6699		0.543750
6700		0.518750
6701		0.518750
6702		0.456250
6703		0.781250
6704		0.518750
6705		0.662500
6706		0.368750
6707		0.162500
6708		0.281250
6709		0.218750
6710		0.456250
6711		0.068750
6712		-0.637500
6713		-0.193750
6714		-0.281250
6715		-0.281250
6716		-0.343750
6717		-0.968750
6718		-0.518750
6719		-0.787500
6720		-0.493750
6721		-0.937500
6722		-0.756250
6723		-1.025000
6724		-1.143750
6725		-1.056250
6726		-0.850000
6727		-0.731250
6728		-0.731250
6729		-1.056250
6730		-0.818750
6731		-0.756250
6732		-0.162500
6733		-0.431250
6734		-0.462500
6735		-0.637500
6736		-0.193750
6737		-0.256250
6738		-0.518750
6739		0.043750
6740		0.162500
6741		0.100000
6742		0.425000
6743		0.250000
6744		0.337500
6745		0.456250
6746		0.306250
6747		0.487500
6748		0.756250
6749		0.812500
6750		0.756250
6751		1.081250
6752		1.106250
6753		1.050000
6754		1.137500
6755		0.931250
6756		1.137500
6757		0.662500
6758		1.200000
6759		0.725000
6760		0.868750
6761		0.637500
6762		0.756250
6763		0.662500
6764		0.543750
6765		0.812500
6766		0.425000
6767		0.487500
6768		0.543750
6769		0.306250
6770		0.306250
6771		0.306250
6772		0.281250
6773		0.306250
6774		-0.256250
6775		-0.075000
6776		0.043750
6777		0.043750
6778		0.043750
6779		0.043750
6780		0.162500
6781		-0.137500
6782		0.218750
6783		-0.162500
6784		0.100000
6785		0.400000
6786		0.725000
6787		-0.106250
6788		0.487500
6789		0.606250
6790		0.100000
6791		0.662500
6792		0.306250
6793		0.306250
6794		0.100000
6795		0.306250
6796		0.250000
6797		0.306250
6798		0.218750
6799		-0.018750
6800		0.543750
6801		0.250000
6802		0.187500
6803		0.400000
6804		0.281250
6805		0.187500
6806		0.518750
6807		0.368750
6808		0.131250
6809		0.281250
6810		0.368750
6811		0.218750
6812		0.518750
6813		0.400000
6814		0.131250
6815		0.400000
6816		0.456250
6817		0.456250
6818		0.637500
6819		0.368750
6820		0.281250
6821		0.456250
6822		0.400000
6823		0.518750
6824		0.337500
6825		0.131250
6826		0.218750
6827		-0.225000
6828		0.250000
6829		-0.050000
6830		0.162500
6831		-0.075000
6832		-0.581250
6833		-0.106250
6834		-0.281250
6835		0.162500
6836		-0.075000
6837		-0.431250
6838		-0.137500
6839		-0.637500
6840		-0.375000
6841		-0.518750
6842		-0.637500
6843		-0.818750
6844		-0.581250
6845		-0.818750
6846		-1.056250
6847		-0.937500
6848		-1.081250
6849		-0.906250
6850		-0.756250
6851		-0.875000
6852		-0.493750
6853		-1.350000
6854		-0.968750
6855		-0.818750
6856		-0.787500
6857		-0.462500
6858		-0.637500
6859		-0.431250
6860		-0.400000
6861		-0.431250
6862		-0.375000
6863		-0.137500
6864		0.012500
6865		0.250000
6866		0.306250
6867		-0.225000
6868		0.518750
6869		0.100000
6870		0.400000
6871		0.187500
6872		0.456250
6873		0.306250
6874		0.900000
6875		0.425000
6876		0.218750
6877		0.218750
6878		0.306250
6879		0.456250
6880		0.425000
6881		0.162500
6882		0.543750
6883		0.281250
6884		0.425000
6885		-0.050000
6886		0.487500
6887		0.425000
6888		0.693750
6889		0.900000
6890		0.900000
6891		1.256250
6892		1.200000
6893		1.581250
6894		1.525000
6895		1.643750
6896		1.700000
6897		1.881250
6898		1.906250
6899		2.025000
6900		1.968750
6901		2.356250
6902		2.293750
6903		2.381250
6904		2.087500
6905		2.293750
6906		2.500000
6907		2.443750
6908		2.087500
6909		2.443750
6910		2.237500
6911		2.056250
6912		1.968750
6913		1.937500
6914		1.906250
6915		1.643750
6916		1.881250
6917		1.581250
6918		1.731250
6919		1.968750
6920		2.025000
6921		2.118750
6922		2.143750
6923		1.937500
6924		2.056250
6925		2.025000
6926		2.143750
6927		2.175000
6928		2.175000
6929		2.056250
6930		2.381250
6931		2.650000
6932		2.056250
6933		2.237500
6934		2.143750
6935		2.237500
6936		2.143750
6937		2.475000
6938		2.118750
6939		2.237500
6940		1.793750
6941		1.850000
6942		1.700000
6943		1.581250
6944		1.643750
6945		1.731250
6946		1.375000
6947		1.137500
6948		1.406250
6949		0.606250
6950		0.900000
6951		0.662500
6952		0.725000
6953		0.725000
6954		0.812500
6955		0.637500
6956		0.368750
6957		0.518750
6958		0.250000
6959		0.456250
6960		0.250000
6961		0.250000
6962		0.425000
6963		0.131250
6964		0.368750
6965		0.068750
6966		-0.050000
6967		-0.225000
6968		0.043750
6969		-0.281250
6970		-0.312500
6971		0.012500
6972		-0.193750
6973		-0.431250
6974		-0.550000
6975		-0.137500
6976		-0.612500
6977		-0.668750
6978		-0.637500
6979		-0.787500
6980		-0.875000
6981		-0.906250
6982		-0.875000
6983		-0.637500
6984		-0.700000
6985		-0.668750
6986		-0.493750
6987		-0.312500
6988		0.012500
6989		-0.281250
6990		-0.050000
6991		0.100000
6992		0.012500
6993		0.218750
6994		-0.075000
6995		0.043750
6996		0.162500
6997		0.043750
6998		0.068750
6999		-0.137500
7000		-0.256250
7001		0.218750
7002		-0.050000
7003		-0.375000
7004		0.250000
7005		-0.375000
7006		-0.493750
7007		-0.256250
7008		-0.375000
7009		-0.281250
7010		-0.787500
7011		-0.637500
7012		-1.262500
7013		-1.350000
7014		-1.231250
7015		-1.618750
7016		-1.825000
7017		-1.468750
7018		-1.381250
7019		-1.912500
7020		-1.768750
7021		-2.093750
7022		-1.912500
7023		-1.706250
7024		-1.793750
7025		-1.975000
7026		-2.062500
7027		-2.000000
7028		-1.856250
7029		-2.150000
7030		-1.737500
7031		-2.000000
7032		-1.556250
7033		-1.587500
7034		-1.350000
7035		-1.381250
7036		-1.650000
7037		-1.556250
7038		-1.112500
7039		-1.081250
7040		-1.231250
7041		-0.787500
7042		-1.200000
7043		-0.875000
7044		-0.581250
7045		-1.293750
7046		-0.875000
7047		-0.968750
7048		-1.293750
7049		-0.818750
7050		-1.175000
7051		-0.850000
7052		-0.875000
7053		-0.431250
7054		-0.756250
7055		-0.731250
7056		-0.875000
7057		-1.025000
7058		-1.025000
7059		-0.937500
7060		-0.850000
7061		-0.818750
7062		-0.756250
7063		-0.787500
7064		-0.818750
7065		-0.850000
7066		-0.256250
7067		-0.700000
7068		-0.462500
7069		-0.581250
7070		-0.668750
7071		-0.518750
7072		-0.400000
7073		-0.431250
7074		-0.400000
7075		-0.375000
7076		-0.518750
7077		-0.106250
7078		-0.137500
7079		-0.431250
7080		-0.106250
7081		-0.162500
7082		0.400000
7083		0.187500
7084		0.162500
7085		0.100000
7086		0.012500
7087		0.218750
7088		0.162500
7089		0.543750
7090		0.543750
7091		0.662500
7092		0.575000
7093		0.987500
7094		0.662500
7095		0.868750
7096		1.343750
7097		1.287500
7098		1.675000
7099		1.525000
7100		1.612500
7101		1.881250
7102		1.850000
7103		2.087500
7104		1.937500
7105		1.818750
7106		2.025000
7107		2.025000
7108		1.731250
7109		2.175000
7110		2.118750
7111		2.118750
7112		2.175000
7113		1.762500
7114		2.025000
7115		2.206250
7116		2.293750
7117		2.262500
7118		2.206250
7119		2.143750
7120		2.143750
7121		1.793750
7122		1.906250
7123		1.731250
7124		2.000000
7125		2.000000
7126		1.850000
7127		1.406250
7128		2.025000
7129		1.556250
7130		1.343750
7131		1.493750
7132		1.493750
7133		1.287500
7134		1.375000
7135		1.437500
7136		0.868750
7137		0.662500
7138		0.962500
7139		1.106250
7140		0.900000
7141		0.662500
7142		0.900000
7143		1.137500
7144		0.812500
7145		0.843750
7146		0.637500
7147		0.400000
7148		0.518750
7149		0.662500
7150		0.012500
7151		0.281250
7152		0.162500
7153		0.187500
7154		0.012500
7155		-0.193750
7156		-0.075000
7157		-0.431250
7158		-0.700000
7159		-0.731250
7160		-0.550000
7161		-1.350000
7162		-1.025000
7163		-1.318750
7164		-1.412500
7165		-1.556250
7166		-1.706250
7167		-1.675000
7168		-1.912500
7169		-2.212500
7170		-1.912500
7171		-2.212500
7172		-2.062500
7173		-1.650000
7174		-2.268750
7175		-1.856250
7176		-1.912500
7177		-2.150000
7178		-2.300000
7179		-1.975000
7180		-2.118750
7181		-1.825000
7182		-2.181250
7183		-1.912500
7184		-1.975000
7185		-2.150000
7186		-2.212500
7187		-2.268750
7188		-2.593750
7189		-1.825000
7190		-1.768750
7191		-1.943750
7192		-2.268750
7193		-2.181250
7194		-2.212500
7195		-1.706250
7196		-1.975000
7197		-2.506250
7198		-2.237500
7199		-2.593750
7200		-2.387500
7201		-2.475000
7202		-2.118750
7203		-2.331250
7204		-2.568750
7205		-2.356250
7206		-2.268750
7207		-2.450000
7208		-2.300000
7209		-2.062500
7210		-2.418750
7211		-2.000000
7212		-2.062500
7213		-1.856250
7214		-1.531250
7215		-1.650000
7216		-1.768750
7217		-2.000000
7218		-1.556250
7219		-1.231250
7220		-1.381250
7221		-1.081250
7222		-1.081250
7223		-0.968750
7224		-0.875000
7225		-0.850000
7226		-0.937500
7227		-0.581250
7228		-0.668750
7229		-0.668750
7230		-0.731250
7231		-0.637500
7232		-0.787500
7233		-0.343750
7234		-0.581250
7235		-0.400000
7236		-0.312500
7237		-0.731250
7238		-0.818750
7239		-0.375000
7240		-0.787500
7241		-0.518750
7242		-0.193750
7243		-0.075000
7244		-0.075000
7245		-0.137500
7246		-0.193750
7247		0.012500
7248		-0.162500
7249		-0.312500
7250		0.131250
7251		-0.050000
7252		-0.137500
7253		-0.018750
7254		0.068750
7255		0.368750
7256		0.012500
7257		0.281250
7258		0.306250
7259		0.456250
7260		0.250000
7261		0.218750
7262		0.162500
7263		0.931250
7264		0.456250
7265		0.518750
7266		0.250000
7267		0.487500
7268		0.400000
7269		0.543750
7270		1.106250
7271		0.756250
7272		0.693750
7273		0.781250
7274		0.962500
7275		0.962500
7276		0.900000
7277		1.106250
7278		0.843750
7279		1.081250
7280		1.256250
7281		1.287500
7282		0.900000
7283		1.287500
7284		1.287500
7285		1.106250
7286		0.900000
7287		0.843750
7288		1.168750
7289		0.456250
7290		0.900000
7291		0.306250
7292		1.106250
7293		0.306250
7294		0.250000
7295		0.487500
7296		0.337500
7297		0.100000
7298		-0.281250
7299		0.187500
7300		-0.281250
7301		-0.731250
7302		-0.400000
7303		-0.581250
7304		-0.787500
7305		-1.143750
7306		-0.937500
7307		-1.262500
7308		-1.081250
7309		-1.318750
7310		-1.675000
7311		-1.618750
7312		-1.856250
7313		-1.887500
7314		-2.237500
7315		-2.031250
7316		-2.331250
7317		-2.656250
7318		-2.950000
7319		-3.100000
7320		-3.306250
7321		-2.981250
7322		-3.487500
7323		-3.487500
7324		-3.750000
7325		-3.781250
7326		-3.931250
7327		-3.781250
7328		-3.931250
7329		-4.106250
7330		-4.137500
7331		-4.375000
7332		-4.525000
7333		-4.431250
7334		-4.731250
7335		-4.700000
7336		-4.643750
7337		-4.731250
7338		-4.493750
7339		-4.193750
7340		-4.643750
7341		-4.493750
7342		-4.193750
7343		-4.075000
7344		-4.193750
7345		-4.050000
7346		-4.225000
7347		-3.900000
7348		-3.781250
7349		-3.931250
7350		-4.075000
7351		-3.693750
7352		-3.693750
7353		-3.543750
7354		-3.393750
7355		-3.631250
7356		-3.543750
7357		-3.575000
7358		-3.368750
7359		-3.425000
7360		-3.543750
7361		-3.843750
7362		-3.487500
7363		-3.456250
7364		-3.725000
7365		-3.750000
7366		-3.750000
7367		-3.931250
7368		-4.343750
7369		-3.931250
7370		-4.343750
7371		-4.225000
7372		-4.168750
7373		-4.312500
7374		-4.287500
7375		-4.406250
7376		-4.225000
7377		-4.193750
7378		-4.525000
7379		-4.168750
7380		-4.406250
7381		-4.312500
7382		-4.075000
7383		-4.287500
7384		-3.868750
7385		-3.843750
7386		-3.543750
7387		-3.868750
7388		-3.931250
7389		-3.750000
7390		-3.456250
7391		-3.250000
7392		-3.187500
7393		-2.656250
7394		-2.687500
7395		-2.593750
7396		-2.537500
7397		-1.975000
7398		-2.212500
7399		-2.062500
7400		-1.768750
7401		-1.825000
7402		-1.768750
7403		-1.737500
7404		-1.587500
7405		-1.231250
7406		-1.200000
7407		-0.937500
7408		-0.787500
7409		-0.818750
7410		-0.668750
7411		-0.937500
7412		-0.581250
7413		-0.162500
7414		-0.018750
7415		-0.106250
7416		-0.225000
7417		-0.050000
7418		-0.343750
7419		-0.225000
7420		-0.256250
7421		-0.375000
7422		-0.400000
7423		-0.281250
7424		-0.518750
7425		-0.550000
7426		-0.637500
7427		-0.668750
7428		-0.462500
7429		-1.112500
7430		-1.175000
7431		-1.081250
7432		-0.668750
7433		-1.025000
7434		-1.081250
7435		-1.175000
7436		-1.293750
7437		-1.112500
7438		-1.112500
7439		-1.175000
7440		-1.231250
7441		-0.937500
7442		-0.787500
7443		-0.968750
7444		-1.025000
7445		-0.968750
7446		-0.968750
7447		-0.937500
7448		-1.112500
7449		-0.787500
7450		-0.493750
7451		-0.581250
7452		-0.193750
7453		-0.281250
7454		-0.400000
7455		-0.993750
7456		-0.731250
7457		-0.193750
7458		-0.075000
7459		0.250000
7460		-0.256250
7461		0.306250
7462		0.043750
7463		0.100000
7464		0.162500
7465		0.218750
7466		0.456250
7467		0.306250
7468		0.162500
7469		0.518750
7470		0.187500
7471		0.400000
7472		0.187500
7473		0.337500
7474		0.162500
7475		0.543750
7476		0.306250
7477		0.606250
7478		0.100000
7479		0.487500
7480		0.281250
7481		0.425000
7482		0.100000
7483		0.043750
7484		0.162500
7485		0.068750
7486		-0.018750
7487		0.012500
7488		-0.375000
7489		-0.193750
7490		-0.050000
7491		-0.343750
7492		-0.818750
7493		-0.968750
7494		-0.968750
7495		-0.993750
7496		-0.731250
7497		-1.112500
7498		-1.262500
7499		-0.968750
7500		-1.175000
7501		-1.350000
7502		-1.112500
7503		-1.318750
7504		-1.768750
7505		-1.768750
7506		-1.856250
7507		-1.825000
7508		-1.675000
7509		-1.500000
7510		-1.500000
7511		-1.793750
7512		-1.856250
7513		-2.118750
7514		-1.912500
7515		-1.825000
7516		-1.737500
7517		-1.912500
7518		-1.825000
7519		-1.737500
7520		-1.825000
7521		-1.975000
7522		-1.650000
7523		-1.587500
7524		-1.262500
7525		-1.318750
7526		-1.262500
7527		-1.175000
7528		-1.081250
7529		-0.787500
7530		-0.637500
7531		-0.731250
7532		-0.756250
7533		-0.787500
7534		-0.637500
7535		-0.493750
7536		-0.375000
7537		-0.075000
7538		-0.225000
7539		0.068750
7540		-0.162500
7541		-0.193750
7542		-0.343750
7543		0.187500
7544		-0.493750
7545		0.043750
7546		0.012500
7547		0.043750
7548		0.218750
7549		0.187500
7550		0.306250
7551		0.162500
7552		0.131250
7553		-0.050000
7554		0.281250
7555		0.162500
7556		0.306250
7557		0.368750
7558		0.456250
7559		0.425000
7560		0.131250
7561		0.425000
7562		0.337500
7563		0.306250
7564		0.400000
7565		0.456250
7566		0.543750
7567		0.756250
7568		0.425000
7569		0.843750
7570		0.931250
7571		0.337500
7572		0.456250
7573		0.543750
7574		0.606250
7575		0.456250
7576		0.662500
7577		0.662500
7578		0.518750
7579		0.400000
7580		0.606250
7581		0.662500
7582		0.575000
7583		0.306250
7584		0.281250
7585		0.487500
7586		0.756250
7587		0.843750
7588		0.637500
7589		0.843750
7590		1.106250
7591		0.781250
7592		1.106250
7593		1.462500
7594		1.343750
7595		1.137500
7596		1.556250
7597		1.675000
7598		1.881250
7599		2.056250
7600		2.025000
7601		2.056250
7602		1.762500
7603		1.643750
7604		2.025000
7605		2.356250
7606		1.731250
7607		1.881250
7608		1.762500
7609		2.000000
7610		1.643750
7611		1.937500
7612		1.793750
7613		1.850000
7614		1.762500
7615		1.556250
7616		1.643750
7617		1.200000
7618		1.731250
7619		1.050000
7620		0.931250
7621		0.962500
7622		0.812500
7623		0.543750
7624		0.518750
7625		0.337500
7626		0.012500
7627		-0.018750
7628		0.100000
7629		-0.050000
7630		-0.137500
7631		-0.343750
7632		-0.193750
7633		-0.281250
7634		-0.343750
7635		-0.225000
7636		-0.431250
7637		-0.493750
7638		-0.518750
7639		-0.312500
7640		-0.493750
7641		-0.637500
7642		-0.225000
7643		-0.612500
7644		-0.612500
7645		-0.700000
7646		-0.518750
7647		-0.612500
7648		-0.193750
7649		-0.312500
7650		-0.162500
7651		-0.375000
7652		-0.550000
7653		-0.637500
7654		-0.343750
7655		-0.518750
7656		-0.518750
7657		-0.637500
7658		-0.818750
7659		-0.518750
7660		-0.162500
7661		-0.375000
7662		-0.756250
7663		-0.668750
7664		-0.787500
7665		-0.518750
7666		-0.462500
7667		-0.162500
7668		-0.137500
7669		-0.137500
7670		0.218750
7671		0.306250
7672		0.068750
7673		0.487500
7674		0.368750
7675		0.575000
7676		0.543750
7677		0.843750
7678		0.868750
7679		0.843750
7680		1.200000
7681		1.343750
7682		1.168750
7683		0.987500
7684		1.200000
7685		1.406250
7686		1.462500
7687		1.256250
7688		1.493750
7689		1.081250
7690		1.050000
7691		1.343750
7692		1.225000
7693		1.081250
7694		0.781250
7695		1.106250
7696		0.931250
7697		1.050000
7698		1.256250
7699		1.200000
7700		1.406250
7701		1.525000
7702		1.406250
7703		1.700000
7704		1.881250
7705		1.850000
7706		1.700000
7707		2.025000
7708		1.881250
7709		2.000000
7710		2.000000
7711		2.325000
7712		2.143750
7713		2.412500
7714		2.293750
7715		2.443750
7716		2.562500
7717		2.531250
7718		2.800000
7719		2.531250
7720		2.531250
7721		2.475000
7722		2.000000
7723		1.881250
7724		1.731250
7725		1.700000
7726		1.437500
7727		1.343750
7728		1.343750
7729		1.106250
7730		1.137500
7731		1.375000
7732		0.962500
7733		0.725000
7734		0.987500
7735		0.756250
7736		0.662500
7737		0.693750
7738		0.456250
7739		0.337500
7740		0.162500
7741		0.187500
7742		-0.075000
7743		0.131250
7744		0.012500
7745		0.012500
7746		-0.225000
7747		-0.193750
7748		0.068750
7749		-0.075000
7750		-0.018750
7751		0.012500
7752		0.043750
7753		0.100000
7754		0.337500
7755		-0.018750
7756		0.606250
7757		0.606250
7758		0.543750
7759		0.162500
7760		0.693750
7761		0.606250
7762		0.606250
7763		0.868750
7764		0.662500
7765		0.812500
7766		0.987500
7767		0.543750
7768		0.868750
7769		0.843750
7770		0.543750
7771		0.693750
7772		0.781250
7773		0.756250
7774		0.425000
7775		0.518750
7776		0.131250
7777		0.400000
7778		-0.018750
7779		-0.050000
7780		-0.281250
7781		-0.493750
7782		-0.493750
7783		-0.518750
7784		-0.756250
7785		-1.056250
7786		-1.262500
7787		-0.968750
7788		-0.937500
7789		-1.231250
7790		-1.175000
7791		-0.937500
7792		-1.025000
7793		-0.937500
7794		-0.581250
7795		-0.550000
7796		-0.637500
7797		-0.612500
7798		-0.462500
7799		-0.018750
7800		0.068750
7801		0.306250
7802		0.281250
7803		0.756250
7804		0.931250
7805		1.462500
7806		1.525000
7807		1.731250
7808		1.850000
7809		2.143750
7810		2.500000
7811		2.325000
7812		2.443750
7813		2.500000
7814		2.975000
7815		2.800000
7816		3.156250
7817		3.093750
7818		3.275000
7819		3.212500
7820		3.393750
7821		3.481250
7822		3.537500
7823		3.537500
7824		3.775000
7825		3.331250
7826		3.125000
7827		3.125000
7828		2.825000
7829		2.681250
7830		2.943750
7831		2.562500
7832		2.206250
7833		2.237500
7834		2.056250
7835		2.000000
7836		1.643750
7837		1.793750
7838		1.406250
7839		1.462500
7840		1.343750
7841		1.200000
7842		1.018750
7843		0.756250
7844		0.781250
7845		0.812500
7846		0.543750
7847		0.456250
7848		0.306250
7849		0.218750
7850		0.662500
7851		0.218750
7852		0.693750
7853		0.518750
7854		0.281250
7855		0.456250
7856		-0.050000
7857		0.250000
7858		0.012500
7859		0.218750
7860		0.281250
7861		0.306250
7862		0.281250
7863		0.400000
7864		0.306250
7865		0.100000
7866		0.306250
7867		0.368750
7868		0.400000
7869		0.543750
7870		0.218750
7871		0.662500
7872		0.425000
7873		0.518750
7874		0.781250
7875		0.250000
7876		0.606250
7877		0.131250
7878		0.400000
7879		0.250000
7880		0.218750
7881		0.518750
7882		0.250000
7883		0.281250
7884		0.218750
7885		-0.137500
7886		0.162500
7887		-0.343750
7888		0.068750
7889		-0.281250
7890		-0.343750
7891		0.100000
7892		-0.550000
7893		-0.668750
7894		-0.818750
7895		-0.818750
7896		-0.875000
7897		-0.731250
7898		-1.437500
7899		-1.175000
7900		-1.056250
7901		-1.025000
7902		-0.756250
7903		-1.056250
7904		-0.968750
7905		-0.700000
7906		-0.612500
7907		-0.700000
7908		-0.875000
7909		-0.787500
7910		-0.637500
7911		-0.493750
7912		-0.493750
7913		-0.312500
7914		-0.137500
7915		0.100000
7916		-0.375000
7917		0.187500
7918		0.518750
7919		0.487500
7920		0.281250
7921		0.543750
7922		0.337500
7923		0.725000
7924		0.693750
7925		0.662500
7926		0.543750
7927		0.306250
7928		0.543750
7929		0.606250
7930		0.306250
7931		0.962500
7932		0.843750
7933		0.812500
7934		0.543750
7935		0.868750
7936		0.662500
7937		0.868750
7938		0.756250
7939		0.606250
7940		0.693750
7941		0.812500
7942		0.518750
7943		0.693750
7944		0.725000
7945		0.843750
7946		0.781250
7947		0.662500
7948		0.368750
7949		0.306250
7950		0.425000
7951		0.218750
7952		0.400000
7953		0.662500
7954		0.306250
7955		0.456250
7956		0.543750
7957		0.218750
7958		0.543750
7959		0.368750
7960		0.368750
7961		0.281250
7962		0.306250
7963		0.606250
7964		0.250000
7965		0.368750
7966		0.012500
7967		0.400000
7968		-0.018750
7969		-0.050000
7970		-0.075000
7971		0.218750
7972		0.100000
7973		-0.281250
7974		0.068750
7975		-0.281250
7976		-0.256250
7977		-0.193750
7978		-0.637500
7979		-0.343750
7980		-0.581250
7981		-0.493750
7982		-0.937500
7983		-1.143750
7984		-0.818750
7985		-0.668750
7986		-1.112500
7987		-1.200000
7988		-0.937500
7989		-1.175000
7990		-1.231250
7991		-1.200000
7992		-1.587500
7993		-1.262500
7994		-1.112500
7995		-1.262500
7996		-1.468750
7997		-1.556250
7998		-1.412500
7999		-1.412500
8000		-1.350000
8001		-1.468750
8002		-1.231250
8003		-1.318750
8004		-1.262500
8005		-1.112500
8006		-1.112500
8007		-1.500000
8008		-1.531250
8009		-1.500000
8010		-1.437500
8011		-1.468750
8012		-1.468750
8013		-1.531250
8014		-1.318750
8015		-1.556250
8016		-1.556250
8017		-1.468750
8018		-1.675000
8019		-1.412500
8020		-1.618750
8021		-1.556250
8022		-1.412500
8023		-1.350000
8024		-1.556250
8025		-1.293750
8026		-1.381250
8027		-1.112500
8028		-1.437500
8029		-1.618750
8030		-0.731250
8031		-1.556250
8032		-1.318750
8033		-1.025000
8034		-1.262500
8035		-1.293750
8036		-1.175000
8037		-1.081250
8038		-0.906250
8039		-1.112500
8040		-0.968750
8041		-0.787500
8042		-1.025000
8043		-0.937500
8044		-0.968750
8045		-1.056250
8046		-0.818750
8047		-1.056250
8048		-1.412500
8049		-0.581250
8050		-0.818750
8051		-0.787500
8052		-1.112500
8053		-0.225000
8054		-0.493750
8055		-0.637500
8056		-0.550000
8057		-0.550000
8058		-0.343750
8059		-0.818750
8060		-0.193750
8061		-0.787500
8062		-0.518750
8063		-0.312500
8064		-0.431250
8065		-0.343750
8066		-0.075000
8067		-0.137500
8068		-0.431250
8069		-0.225000
8070		-0.106250
8071		-0.075000
8072		-0.137500
8073		0.306250
8074		-0.431250
8075		0.131250
8076		-0.018750
8077		0.218750
8078		-0.256250
8079		-0.193750
8080		-0.312500
8081		-0.162500
8082		-0.050000
8083		-0.137500
8084		-0.400000
8085		-0.431250
8086		-0.493750
8087		-0.462500
8088		-0.518750
8089		-0.581250
8090		-0.787500
8091		-0.493750
8092		-0.731250
8093		-0.637500
8094		-0.993750
8095		-0.731250
8096		-0.968750
8097		-1.081250
8098		-1.231250
8099		-1.318750
8100		-1.293750
8101		-1.412500
8102		-1.531250
8103		-1.675000
8104		-1.587500
8105		-1.618750
8106		-1.675000
8107		-1.793750
8108		-1.825000
8109		-1.468750
8110		-1.975000
8111		-1.825000
8112		-1.706250
8113		-2.118750
8114		-2.000000
8115		-2.031250
8116		-2.593750
8117		-2.000000
8118		-1.650000
8119		-2.000000
8120		-2.181250
8121		-1.975000
8122		-2.000000
8123		-2.150000
8124		-1.350000
8125		-2.062500
8126		-1.650000
8127		-1.500000
8128		-1.825000
8129		-1.768750
8130		-1.112500
8131		-1.618750
8132		-1.231250
8133		-1.556250
8134		-1.437500
8135		-1.468750
8136		-1.556250
8137		-1.412500
8138		-1.293750
8139		-1.556250
8140		-1.412500
8141		-1.587500
8142		-1.381250
8143		-1.531250
8144		-1.468750
8145		-1.081250
8146		-1.531250
8147		-1.675000
8148		-1.587500
8149		-1.531250
8150		-1.618750
8151		-1.468750
8152		-1.293750
8153		-1.912500
8154		-1.825000
8155		-1.468750
8156		-1.768750
8157		-1.856250
8158		-1.856250
8159		-1.175000
8160		-1.531250
8161		-1.556250
8162		-1.650000
8163		-1.500000
8164		-1.318750
8165		-1.618750
8166		-1.381250
8167		-1.437500
8168		-1.262500
8169		-1.737500
8170		-1.531250
8171		-0.993750
8172		-0.993750
8173		-1.468750
8174		-1.175000
8175		-1.262500
8176		-1.318750
8177		-0.968750
8178		-1.231250
8179		-1.056250
8180		-1.143750
8181		-1.350000
8182		-1.437500
8183		-1.200000
8184		-1.318750
8185		-1.175000
8186		-1.231250
8187		-0.937500
8188		-1.381250
8189		-1.318750
8190		-1.231250
8191		-1.200000
8192		-1.056250
8193		-1.262500
8194		-1.175000
8195		-1.112500
8196		-1.112500
8197		-1.175000
8198		-1.468750
8199		-1.437500
8200		-1.025000
8201		-1.350000
8202		-0.968750
8203		-1.112500
8204		-1.556250
8205		-1.412500
8206		-1.056250
8207		-1.262500
8208		-1.231250
8209		-1.350000
8210		-1.350000
8211		-1.200000
8212		-1.056250
8213		-1.318750
8214		-1.143750
8215		-1.112500
8216		-1.056250
8217		-1.143750
8218		-1.381250
8219		-1.231250
8220		-1.500000
8221		-1.175000
8222		-1.200000
8223		-1.293750
8224		-1.381250
8225		-1.350000
8226		-1.412500
8227		-1.437500
8228		-1.587500
8229		-1.768750
8230		-1.381250
8231		-1.887500
8232		-1.706250
8233		-1.912500
8234		-2.150000
8235		-2.150000
8236		-2.568750
8237		-2.062500
8238		-2.387500
8239		-2.537500
8240		-2.418750
8241		-2.356250
8242		-2.593750
8243		-2.506250
8244		-2.537500
8245		-2.537500
8246		-2.568750
8247		-2.031250
8248		-2.212500
8249		-2.300000
8250		-1.737500
8251		-1.675000
8252		-1.175000
8253		-1.231250
8254		-1.175000
8255		-1.412500
8256		-0.550000
8257		-0.937500
8258		-0.493750
8259		-0.581250
8260		-0.818750
8261		-0.668750
8262		-0.400000
8263		-0.106250
8264		-0.431250
8265		-0.581250
8266		-0.731250
8267		-1.025000
8268		-1.231250
8269		-1.318750
8270		-1.556250
8271		-1.737500
8272		-1.856250
8273		-2.000000
8274		-2.356250
8275		-2.212500
8276		-2.568750
8277		-2.950000
8278		-3.337500
8279		-3.393750
8280		-3.218750
8281		-3.218750
8282		-3.631250
8283		-3.393750
8284		-3.337500
8285		-3.487500
8286		-3.456250
8287		-3.156250
8288		-2.925000
8289		-3.037500
8290		-2.950000
8291		-2.806250
8292		-2.981250
8293		-2.593750
8294		-2.356250
8295		-2.387500
8296		-2.237500
8297		-2.950000
8298		-2.656250
8299		-2.300000
8300		-2.418750
8301		-2.387500
8302		-2.806250
8303		-2.475000
8304		-2.862500
8305		-2.775000
8306		-3.275000
8307		-3.156250
8308		-3.131250
8309		-3.393750
8310		-3.606250
8311		-3.156250
8312		-3.156250
8313		-3.393750
8314		-3.393750
8315		-3.987500
8316		-3.456250
8317		-3.250000
8318		-3.250000
8319		-2.712500
8320		-3.037500
8321		-3.037500
8322		-2.506250
8323		-2.593750
8324		-2.506250
8325		-2.212500
8326		-1.650000
8327		-1.468750
8328		-1.412500
8329		-1.112500
8330		-1.412500
8331		-0.612500
8332		-0.162500
8333		-0.312500
8334		0.250000
8335		0.306250
8336		0.756250
8337		0.456250
8338		0.900000
8339		1.137500
8340		1.675000
8341		1.643750
8342		1.793750
8343		1.850000
8344		2.206250
8345		2.562500
8346		2.562500
8347		2.943750
8348		2.650000
8349		2.381250
8350		3.006250
8351		3.212500
8352		2.943750
8353		2.768750
8354		3.006250
8355		3.300000
8356		2.856250
8357		2.975000
8358		2.856250
8359		2.593750
8360		2.737500
8361		2.593750
8362		2.475000
8363		2.593750
8364		2.443750
8365		2.918750
8366		3.156250
8367		2.712500
8368		2.825000
8369		2.681250
8370		2.918750
8371		2.887500
8372		3.537500
8373		3.481250
8374		3.631250
8375		3.775000
8376		3.893750
8377		4.162500
8378		4.337500
8379		3.925000
8380		4.487500
8381		4.312500
8382		4.606250
8383		5.018750
8384		4.900000
8385		4.781250
8386		4.550000
8387		4.337500
8388		4.431250
8389		4.456250
8390		4.100000
8391		3.512500
8392		3.393750
8393		2.681250
8394		2.475000
8395		2.143750
8396		1.556250
8397		1.050000
8398		0.456250
8399		0.043750
8400		-0.668750
8401		-1.231250
8402		-1.768750
8403		-2.300000
8404		-2.593750
8405		-3.012500
8406		-3.725000
8407		-4.137500
8408		-4.193750
8409		-4.906250
8410		-5.112500
8411		-5.768750
8412		-5.887500
8413		-6.093750
8414		-6.656250
8415		-6.743750
8416		-6.568750
8417		-6.950000
8418		-6.981250
8419		-7.337500
8420		-7.162500
8421		-7.337500
8422		-7.068750
8423		-7.043750
8424		-7.368750
8425		-7.337500
8426		-7.750000
8427		-7.337500
8428		-7.400000
8429		-7.518750
8430		-7.456250
8431		-7.306250
8432		-6.743750
8433		-7.693750
8434		-7.162500
8435		-7.543750
8436		-7.456250
8437		-7.012500
8438		-7.487500
8439		-7.337500
8440		-6.743750
8441		-6.806250
8442		-7.043750
8443		-6.718750
8444		-6.656250
8445		-6.125000
8446		-6.212500
8447		-6.006250
8448		-5.381250
8449		-5.231250
8450		-5.112500
8451		-5.087500
8452		-4.762500
8453		-4.493750
8454		-4.287500
8455		-3.812500
8456		-3.543750
8457		-3.100000
8458		-2.893750
8459		-2.356250
8460		-2.237500
8461		-2.300000
8462		-1.825000
8463		-1.293750
8464		-1.318750
8465		-1.412500
8466		-0.343750
8467		-0.581250
8468		-0.493750
8469		-0.050000
8470		-0.162500
8471		0.100000
8472		0.281250
8473		0.487500
8474		1.287500
8475		0.306250
8476		1.437500
8477		0.987500
8478		1.168750
8479		1.700000
8480		1.881250
8481		1.437500
8482		2.143750
8483		1.906250
8484		2.475000
8485		2.681250
8486		2.768750
8487		2.975000
8488		2.943750
8489		3.568750
8490		3.718750
8491		4.075000
8492		4.012500
8493		4.368750
8494		4.400000
8495		4.725000
8496		4.812500
8497		5.137500
8498		5.375000
8499		5.437500
8500		5.556250
8501		5.850000
8502		6.031250
8503		6.237500
8504		6.206250
8505		6.150000
8506		6.443750
8507		6.443750
8508		6.412500
8509		6.650000
8510		6.268750
8511		6.712500
8512		6.206250
8513		6.475000
8514		6.268750
8515		5.793750
8516		5.675000
8517		5.587500
8518		5.256250
8519		5.556250
8520		5.231250
8521		5.137500
8522		4.756250
8523		4.575000
8524		4.781250
8525		4.456250
8526		4.075000
8527		3.775000
8528		3.600000
8529		3.275000
8530		3.275000
8531		2.800000
8532		2.443750
8533		2.325000
8534		2.443750
8535		2.087500
8536		2.237500
8537		2.293750
8538		2.056250
8539		2.000000
8540		1.700000
8541		1.818750
8542		1.731250
8543		1.406250
8544		0.931250
8545		1.225000
8546		0.962500
8547		0.868750
8548		0.606250
8549		0.662500
8550		0.487500
8551		0.543750
8552		0.400000
8553		0.400000
8554		0.400000
8555		-0.050000
8556		-0.281250
8557		0.012500
8558		-0.225000
8559		-0.731250
8560		-1.112500
8561		-0.818750
8562		-1.318750
8563		-1.468750
8564		-1.825000
8565		-1.912500
8566		-1.975000
8567		-2.387500
8568		-2.656250
8569		-2.568750
8570		-3.037500
8571		-2.862500
8572		-3.037500
8573		-3.012500
8574		-3.187500
8575		-3.068750
8576		-3.156250
8577		-3.306250
8578		-3.187500
8579		-3.606250
8580		-3.337500
8581		-3.693750
8582		-4.018750
8583		-4.225000
8584		-3.900000
8585		-3.631250
8586		-3.931250
8587		-4.375000
8588		-4.075000
8589		-3.987500
8590		-4.137500
8591		-4.287500
8592		-4.493750
8593		-4.787500
8594		-4.668750
8595		-4.700000
8596		-4.525000
8597		-5.087500
8598		-4.731250
8599		-4.875000
8600		-4.875000
8601		-4.906250
8602		-4.937500
8603		-4.525000
8604		-4.462500
8605		-4.225000
8606		-4.375000
8607		-4.106250
8608		-3.631250
8609		-3.337500
8610		-3.218750
8611		-2.806250
8612		-2.862500
8613		-2.568750
8614		-2.387500
8615		-2.212500
8616		-2.000000
8617		-1.618750
8618		-1.618750
8619		-1.381250
8620		-1.081250
8621		-0.993750
8622		-0.637500
8623		-0.075000
8624		-0.162500
8625		-0.668750
8626		-0.050000
8627		-0.225000
8628		-0.050000
8629		0.012500
8630		0.012500
8631		-0.225000
8632		-0.343750
8633		-0.581250
8634		-0.493750
8635		-0.431250
8636		-0.193750
8637		-0.937500
8638		-0.875000
8639		-0.850000
8640		-1.056250
8641		-1.587500
8642		-1.231250
8643		-1.081250
8644		-1.112500
8645		-1.262500
8646		-1.231250
8647		-1.531250
8648		-1.437500
8649		-1.531250
8650		-1.412500
8651		-1.412500
8652		-1.200000
8653		-1.675000
8654		-1.112500
8655		-1.112500
8656		-0.968750
8657		-0.875000
8658		-0.968750
8659		-1.143750
8660		-0.968750
8661		-0.581250
8662		-0.075000
8663		-0.137500
8664		0.068750
8665		0.606250
8666		0.250000
8667		0.662500
8668		0.250000
8669		1.137500
8670		1.106250
8671		1.256250
8672		1.106250
8673		1.050000
8674		1.700000
8675		1.793750
8676		1.731250
8677		1.525000
8678		1.643750
8679		1.937500
8680		1.643750
8681		1.937500
8682		1.968750
8683		2.000000
8684		1.762500
8685		1.137500
8686		2.143750
8687		2.206250
8688		1.937500
8689		2.412500
8690		2.025000
8691		2.087500
8692		2.593750
8693		1.881250
8694		1.937500
8695		2.206250
8696		2.175000
8697		2.237500
8698		1.881250
8699		2.293750
8700		1.581250
8701		1.581250
8702		1.612500
8703		1.937500
8704		1.881250
8705		2.262500
8706		2.237500
8707		2.118750
8708		2.293750
8709		2.325000
8710		2.325000
8711		2.325000
8712		2.237500
8713		2.237500
8714		2.712500
8715		2.237500
8716		2.356250
8717		1.700000
8718		2.237500
8719		1.406250
8720		2.443750
8721		2.475000
8722		2.293750
8723		2.237500
8724		2.562500
8725		2.143750
8726		2.143750
8727		2.237500
8728		2.443750
8729		2.000000
8730		2.325000
8731		2.206250
8732		2.118750
8733		2.025000
8734		1.793750
8735		1.437500
8736		1.818750
8737		1.818750
8738		1.556250
8739		1.556250
8740		1.375000
8741		1.762500
8742		1.493750
8743		1.493750
8744		0.987500
8745		1.168750
8746		1.106250
8747		0.756250
8748		1.018750
8749		0.987500
8750		1.081250
8751		0.756250
8752		0.868750
8753		0.306250
8754		0.337500
8755		-0.050000
8756		0.068750
8757		-0.075000
8758		-0.162500
8759		-0.400000
8760		-0.281250
8761		-0.256250
8762		-1.025000
8763		-1.112500
8764		-1.437500
8765		-1.437500
8766		-1.618750
8767		-1.650000
8768		-2.150000
8769		-2.268750
8770		-2.893750
8771		-2.568750
8772		-3.100000
8773		-2.950000
8774		-3.543750
8775		-3.275000
8776		-3.275000
8777		-3.250000
8778		-3.425000
8779		-3.393750
8780		-3.487500
8781		-3.606250
8782		-3.750000
8783		-3.543750
8784		-3.662500
8785		-3.931250
8786		-3.987500
8787		-3.931250
8788		-3.750000
8789		-4.225000
8790		-3.750000
8791		-4.137500
8792		-4.050000
8793		-3.956250
8794		-3.750000
8795		-3.750000
8796		-3.843750
8797		-3.843750
8798		-3.987500
8799		-3.456250
8800		-3.843750
8801		-3.606250
8802		-3.662500
8803		-3.218750
8804		-3.512500
8805		-3.750000
8806		-3.337500
8807		-3.187500
8808		-3.337500
8809		-2.775000
8810		-3.156250
8811		-2.712500
8812		-2.593750
8813		-2.656250
8814		-2.212500
8815		-1.856250
8816		-1.975000
8817		-1.856250
8818		-1.531250
8819		-1.468750
8820		-1.468750
8821		-1.381250
8822		-0.968750
8823		-0.875000
8824		-0.731250
8825		-0.700000
8826		-0.581250
8827		-0.787500
8828		-0.431250
8829		-0.875000
8830		-0.493750
8831		-0.700000
8832		-0.550000
8833		-0.731250
8834		-0.787500
8835		-0.731250
8836		-0.787500
8837		-0.518750
8838		-0.518750
8839		-0.731250
8840		-0.850000
8841		-0.993750
8842		-1.231250
8843		-1.412500
8844		-1.293750
8845		-0.937500
8846		-1.200000
8847		-1.293750
8848		-1.318750
8849		-1.025000
8850		-1.200000
8851		-1.056250
8852		-0.993750
8853		-0.937500
8854		-1.262500
8855		-1.262500
8856		-1.081250
8857		-1.081250
8858		-0.668750
8859		-1.143750
8860		-0.756250
8861		-0.581250
8862		-0.731250
8863		-0.518750
8864		-0.731250
8865		-0.343750
8866		-0.637500
8867		-0.493750
8868		-0.493750
8869		-0.581250
8870		-0.518750
8871		-0.731250
8872		-0.731250
8873		-0.493750
8874		-0.343750
8875		-0.431250
8876		-0.731250
8877		-0.518750
8878		-0.731250
8879		-0.400000
8880		-0.906250
8881		-0.850000
8882		-0.875000
8883		-0.787500
8884		-1.318750
8885		-1.381250
8886		-0.993750
8887		-1.618750
8888		-1.531250
8889		-1.231250
8890		-1.675000
8891		-1.650000
8892		-1.793750
8893		-1.856250
8894		-1.912500
8895		-2.062500
8896		-2.237500
8897		-2.593750
8898		-2.181250
8899		-2.506250
8900		-2.506250
8901		-2.268750
8902		-3.068750
8903		-2.387500
8904		-2.806250
8905		-2.568750
8906		-3.543750
8907		-3.012500
8908		-2.893750
8909		-3.131250
8910		-3.306250
8911		-3.100000
8912		-3.100000
8913		-2.981250
8914		-2.806250
8915		-2.981250
8916		-3.012500
8917		-3.156250
8918		-3.100000
8919		-3.393750
8920		-2.893750
8921		-2.268750
8922		-2.862500
8923		-2.862500
8924		-3.068750
8925		-2.775000
8926		-2.950000
8927		-2.981250
8928		-2.537500
8929		-2.625000
8930		-2.656250
8931		-2.593750
8932		-2.506250
8933		-2.537500
8934		-2.268750
8935		-2.268750
8936		-2.356250
8937		-2.450000
8938		-2.806250
8939		-2.656250
8940		-2.356250
8941		-2.031250
8942		-2.300000
8943		-2.000000
8944		-1.706250
8945		-1.856250
8946		-2.212500
8947		-1.618750
8948		-1.706250
8949		-1.825000
8950		-1.500000
8951		-1.556250
8952		-1.556250
8953		-1.318750
8954		-1.318750
8955		-1.350000
8956		-1.618750
8957		-1.768750
8958		-1.618750
8959		-1.293750
8960		-1.768750
8961		-1.112500
8962		-1.618750
8963		-1.262500
8964		-1.468750
8965		-1.768750
8966		-1.081250
8967		-1.381250
8968		-1.587500
8969		-1.587500
8970		-1.768750
8971		-1.975000
8972		-1.675000
8973		-1.943750
8974		-2.237500
8975		-1.706250
8976		-1.943750
8977		-1.943750
8978		-1.825000
8979		-2.118750
8980		-2.118750
8981		-2.268750
8982		-2.237500
8983		-2.356250
8984		-2.387500
8985		-2.568750
8986		-2.593750
8987		-2.181250
8988		-2.893750
8989		-1.912500
8990		-2.568750
8991		-2.893750
8992		-3.068750
8993		-2.925000
8994		-3.012500
8995		-2.950000
8996		-2.656250
8997		-3.425000
8998		-3.012500
8999		-2.950000
9000		-2.981250
9001		-3.100000
9002		-3.250000
9003		-3.275000
9004		-3.456250
9005		-3.068750
9006		-3.456250
9007		-3.100000
9008		-3.156250
9009		-3.393750
9010		-3.275000
9011		-3.543750
9012		-3.456250
9013		-3.100000
9014		-3.100000
9015		-3.487500
9016		-3.187500
9017		-2.950000
9018		-3.131250
9019		-2.981250
9020		-3.156250
9021		-3.393750
9022		-2.862500
9023		-2.862500
9024		-2.743750
9025		-3.037500
9026		-2.831250
9027		-2.743750
9028		-2.656250
9029		-2.418750
9030		-2.450000
9031		-2.356250
9032		-2.387500
9033		-2.150000
9034		-2.181250
9035		-2.475000
9036		-2.118750
9037		-2.331250
9038		-1.856250
9039		-1.975000
9040		-1.912500
9041		-1.912500
9042		-2.062500
9043		-1.618750
9044		-1.943750
9045		-1.618750
9046		-1.381250
9047		-1.468750
9048		-1.293750
9049		-1.381250
9050		-0.875000
9051		-1.081250
9052		-0.700000
9053		-0.850000
9054		-0.375000
9055		-0.281250
9056		-0.462500
9057		-0.075000
9058		-0.493750
9059		0.281250
9060		0.100000
9061		0.518750
9062		0.250000
9063		0.606250
9064		1.050000
9065		0.606250
9066		0.812500
9067		1.050000
9068		0.812500
9069		0.725000
9070		0.843750
9071		1.106250
9072		0.725000
9073		0.400000
9074		0.756250
9075		0.218750
9076		0.337500
9077		0.306250
9078		0.306250
9079		0.162500
9080		0.543750
9081		0.306250
9082		-0.518750
9083		-0.400000
9084		-0.312500
9085		-0.162500
9086		-0.518750
9087		-0.493750
9088		-0.431250
9089		-0.518750
9090		-0.518750
9091		-0.493750
9092		-0.818750
9093		-1.175000
9094		-1.231250
9095		-0.875000
9096		-1.175000
9097		-1.231250
9098		-1.262500
9099		-1.231250
9100		-1.175000
9101		-1.231250
9102		-1.081250
9103		-1.175000
9104		-0.968750
9105		-1.293750
9106		-1.262500
9107		-1.500000
9108		-1.175000
9109		-1.943750
9110		-1.531250
9111		-1.412500
9112		-1.468750
9113		-1.231250
9114		-1.081250
9115		-0.906250
9116		-1.112500
9117		-1.587500
9118		-0.787500
9119		-0.818750
9120		-0.937500
9121		-0.875000
9122		-0.581250
9123		-0.637500
9124		-0.137500
9125		-0.875000
9126		-0.937500
9127		-0.637500
9128		-0.731250
9129		-0.612500
9130		-0.400000
9131		-0.787500
9132		-0.731250
9133		-0.581250
9134		-0.581250
9135		-0.581250
9136		-0.581250
9137		-0.581250
9138		-0.731250
9139		-0.375000
9140		-0.668750
9141		-0.850000
9142		-0.550000
9143		-0.818750
9144		-0.281250
9145		-0.756250
9146		-0.343750
9147		-0.375000
9148		-0.281250
9149		-0.731250
9150		-0.312500
9151		-0.343750
9152		-0.431250
9153		-0.518750
9154		0.012500
9155		-0.193750
9156		-0.281250
9157		-0.050000
9158		-0.225000
9159		-0.225000
9160		0.281250
9161		0.012500
9162		0.100000
9163		0.162500
9164		0.068750
9165		0.162500
9166		0.337500
9167		0.487500
9168		0.100000
9169		0.281250
9170		0.250000
9171		0.100000
9172		-0.050000
9173		-0.075000
9174		-0.075000
9175		-0.050000
9176		-0.018750
9177		-0.493750
9178		-0.281250
9179		-0.493750
9180		-0.550000
9181		-0.700000
9182		-0.493750
9183		-0.637500
9184		-0.225000
9185		-1.025000
9186		-0.875000
9187		-0.637500
9188		-0.493750
9189		-0.731250
9190		-0.518750
9191		-0.637500
9192		-0.637500
9193		-0.225000
9194		-0.668750
9195		-0.518750
9196		-0.550000
9197		-0.106250
9198		-0.256250
9199		-0.256250
9200		-0.106250
9201		-0.075000
9202		-0.225000
9203		0.250000
9204		0.368750
9205		0.487500
9206		0.518750
9207		0.456250
9208		0.250000
9209		0.518750
9210		0.281250
9211		0.281250
9212		0.162500
9213		0.400000
9214		0.337500
9215		0.368750
9216		0.250000
9217		0.543750
9218		0.400000
9219		-0.018750
9220		0.100000
9221		-0.137500
9222		-0.050000
9223		-0.075000
9224		0.162500
9225		-0.281250
9226		-0.225000
9227		-0.106250
9228		0.012500
9229		-0.668750
9230		-0.518750
9231		-0.375000
9232		-0.431250
9233		-0.431250
9234		-0.493750
9235		-0.968750
9236		-0.431250
9237		-0.612500
9238		-0.312500
9239		-0.612500
9240		-0.431250
9241		-0.637500
9242		-0.400000
9243		-0.875000
9244		-0.756250
9245		-0.493750
9246		-0.431250
9247		-0.493750
9248		-0.343750
9249		-0.312500
9250		0.131250
9251		-0.106250
9252		-0.162500
9253		-0.193750
9254		0.306250
9255		0.400000
9256		0.218750
9257		0.337500
9258		0.250000
9259		0.250000
9260		0.337500
9261		0.306250
9262		0.543750
9263		0.725000
9264		0.368750
9265		0.756250
9266		0.843750
9267		0.812500
9268		1.050000
9269		0.725000
9270		0.662500
9271		0.637500
9272		0.518750
9273		0.662500
9274		0.456250
9275		0.693750
9276		0.456250
9277		0.606250
9278		0.606250
9279		0.400000
9280		0.306250
9281		0.068750
9282		0.543750
9283		0.250000
9284		0.281250
9285		0.281250
9286		0.368750
9287		0.043750
9288		0.012500
9289		0.250000
9290		0.218750
9291		0.218750
9292		0.043750
9293		0.043750
9294		-0.050000
9295		-0.193750
9296		0.400000
9297		0.187500
9298		0.456250
9299		0.518750
9300		0.162500
9301		0.756250
9302		0.400000
9303		0.456250
9304		0.725000
9305		0.812500
9306		0.606250
9307		0.756250
9308		0.781250
9309		0.306250
9310		0.606250
9311		0.543750
9312		0.487500
9313		0.812500
9314		0.543750
9315		0.606250
9316		0.843750
9317		0.543750
9318		0.725000
9319		1.018750
9320		1.018750
9321		0.931250
9322		0.900000
9323		0.250000
9324		0.962500
9325		0.812500
9326		1.050000
9327		0.756250
9328		0.868750
9329		0.637500
9330		1.018750
9331		0.900000
9332		0.725000
9333		0.543750
9334		0.543750
9335		0.868750
9336		0.662500
9337		0.162500
9338		0.368750
9339		0.306250
9340		0.218750
9341		0.306250
9342		0.543750
9343		0.368750
9344		-0.075000
9345		-0.050000
9346		-0.343750
9347		-0.281250
9348		-0.312500
9349		-0.462500
9350		-0.281250
9351		-0.731250
9352		-0.225000
9353		-0.493750
9354		-0.700000
9355		-0.668750
9356		-1.056250
9357		-1.175000
9358		-1.081250
9359		-0.906250
9360		-0.818750
9361		-1.200000
9362		-1.175000
9363		-1.231250
9364		-0.937500
9365		-0.968750
9366		-0.281250
9367		-0.875000
9368		-0.818750
9369		-0.256250
9370		-0.400000
9371		-0.281250
9372		-0.225000
9373		0.068750
9374		-0.050000
9375		0.100000
9376		0.337500
9377		0.487500
9378		0.812500
9379		0.812500
9380		0.931250
9381		0.250000
9382		0.812500
9383		1.106250
9384		0.756250
9385		0.662500
9386		1.050000
9387		1.106250
9388		0.987500
9389		0.962500
9390		1.106250
9391		0.962500
9392		0.987500
9393		0.843750
9394		1.437500
9395		1.493750
9396		1.081250
9397		1.406250
9398		1.137500
9399		1.556250
9400		1.493750
9401		1.406250
9402		1.881250
9403		2.262500
9404		2.293750
9405		2.087500
9406		2.475000
9407		2.262500
9408		2.768750
9409		2.593750
9410		2.593750
9411		3.093750
9412		3.006250
9413		3.156250
9414		3.181250
9415		3.125000
9416		3.243750
9417		3.037500
9418		3.062500
9419		2.887500
9420		3.243750
9421		2.800000
9422		3.181250
9423		2.825000
9424		2.943750
9425		2.856250
9426		2.412500
9427		3.006250
9428		2.825000
9429		2.737500
9430		2.800000
9431		2.918750
9432		2.975000
9433		3.037500
9434		3.537500
9435		2.943750
9436		3.212500
9437		3.243750
9438		3.481250
9439		3.418750
9440		3.125000
9441		3.362500
9442		3.275000
9443		3.037500
9444		3.362500
9445		2.887500
9446		3.062500
9447		2.768750
9448		3.181250
9449		2.918750
9450		2.737500
9451		2.475000
9452		2.681250
9453		2.443750
9454		2.143750
9455		2.500000
9456		2.443750
9457		2.025000
9458		2.443750
9459		2.056250
9460		1.968750
9461		1.881250
9462		1.731250
9463		1.612500
9464		1.968750
9465		1.937500
9466		1.556250
9467		1.700000
9468		1.700000
9469		1.406250
9470		1.437500
9471		1.493750
9472		1.493750
9473		1.462500
9474		1.581250
9475		1.406250
9476		1.643750
9477		1.287500
9478		1.343750
9479		1.106250
9480		1.256250
9481		1.018750
9482		1.081250
9483		0.962500
9484		0.518750
9485		0.487500
9486		0.606250
9487		0.368750
9488		0.306250
9489		0.162500
9490		0.518750
9491		0.337500
9492		0.187500
9493		0.068750
9494		-0.106250
9495		0.100000
9496		-0.075000
9497		-0.193750
9498		0.068750
9499		0.425000
9500		0.368750
9501		0.400000
9502		0.162500
9503		0.162500
9504		0.218750
9505		0.250000
9506		0.456250
9507		0.456250
9508		0.368750
9509		0.250000
9510		0.400000
9511		0.306250
9512		0.425000
9513		0.218750
9514		0.043750
9515		0.306250
9516		0.306250
9517		0.100000
9518		0.100000
9519		-0.281250
9520		-0.281250
9521		-0.431250
9522		-0.075000
9523		-0.137500
9524		-0.193750
9525		-0.493750
9526		-0.431250
9527		-0.787500
9528		-0.375000
9529		-0.550000
9530		-0.312500
9531		-0.637500
9532		-0.431250
9533		-0.431250
9534		-0.612500
9535		-0.550000
9536		-0.612500
9537		-0.343750
9538		-0.375000
9539		-0.225000
9540		-0.400000
9541		-0.137500
9542		-0.050000
9543		-0.106250
9544		0.100000
9545		0.100000
9546		0.068750
9547		0.043750
9548		0.043750
9549		0.100000
9550		0.306250
9551		0.250000
9552		-0.075000
9553		0.337500
9554		0.368750
9555		0.012500
9556		0.606250
9557		0.281250
9558		0.400000
9559		0.400000
9560		0.456250
9561		0.543750
9562		0.281250
9563		0.843750
9564		0.518750
9565		0.606250
9566		0.218750
9567		0.337500
9568		0.518750
9569		0.306250
9570		0.187500
9571		0.543750
9572		0.843750
9573		0.843750
9574		0.931250
9575		1.050000
9576		0.962500
9577		1.256250
9578		1.225000
9579		1.256250
9580		1.200000
9581		1.437500
9582		1.493750
9583		1.406250
9584		1.731250
9585		1.793750
9586		1.581250
9587		1.906250
9588		1.818750
9589		1.937500
9590		2.143750
9591		1.881250
9592		2.262500
9593		2.056250
9594		2.443750
9595		2.293750
9596		2.531250
9597		2.237500
9598		2.825000
9599		2.618750
9600		2.737500
9601		2.381250
9602		2.593750
9603		2.943750
9604		2.887500
9605		2.975000
9606		2.737500
9607		3.181250
9608		2.768750
9609		2.768750
9610		3.331250
9611		3.093750
9612		3.450000
9613		3.093750
9614		3.275000
9615		3.362500
9616		3.393750
9617		3.181250
9618		3.062500
9619		3.512500
9620		3.125000
9621		3.600000
9622		3.300000
9623		3.481250
9624		3.568750
9625		3.687500
9626		3.775000
9627		3.718750
9628		3.956250
9629		3.837500
9630		3.862500
9631		3.568750
9632		3.718750
9633		3.743750
9634		3.656250
9635		3.481250
9636		3.481250
9637		3.331250
9638		3.512500
9639		3.418750
9640		3.156250
9641		3.093750
9642		3.093750
9643		2.975000
9644		3.062500
9645		2.887500
9646		2.856250
9647		2.800000
9648		2.768750
9649		2.443750
9650		2.475000
9651		2.443750
9652		2.443750
9653		2.143750
9654		2.118750
9655		2.087500
9656		2.025000
9657		1.968750
9658		2.056250
9659		2.000000
9660		1.581250
9661		1.793750
9662		1.406250
9663		1.525000
9664		1.375000
9665		1.556250
9666		1.168750
9667		1.256250
9668		0.931250
9669		0.987500
9670		0.543750
9671		0.662500
9672		0.162500
9673		0.368750
9674		0.400000
9675		0.306250
9676		-0.431250
9677		0.281250
9678		0.368750
9679		-0.281250
9680		0.068750
9681		-0.106250
9682		-0.281250
9683		-0.343750
9684		-0.581250
9685		-0.225000
9686		0.456250
9687		-0.137500
9688		-0.400000
9689		-0.281250
9690		0.043750
9691		-0.162500
9692		-0.137500
9693		-0.075000
9694		0.218750
9695		0.131250
9696		-0.050000
9697		-0.050000
9698		-0.018750
9699		-0.281250
9700		-0.312500
9701		-0.137500
9702		-0.225000
9703		0.012500
9704		-0.193750
9705		-0.550000
9706		-0.050000
9707		-0.075000
9708		-0.375000
9709		-0.343750
9710		-0.281250
9711		-0.137500
9712		-0.281250
9713		-0.281250
9714		-0.375000
9715		-0.225000
9716		-0.375000
9717		-0.137500
9718		0.250000
9719		-0.431250
9720		-0.018750
9721		-0.256250
9722		0.068750
9723		-0.281250
9724		0.662500
9725		0.812500
9726		0.693750
9727		0.900000
9728		0.900000
9729		0.962500
9730		1.581250
9731		1.106250
9732		1.318750
9733		0.987500
9734		1.581250
9735		0.425000
9736		1.793750
9737		1.581250
9738		1.881250
9739		1.343750
9740		1.643750
9741		1.818750
9742		1.968750
9743		1.700000
9744		1.850000
9745		1.937500
9746		1.968750
9747		2.087500
9748		1.850000
9749		1.937500
9750		1.793750
9751		1.700000
9752		1.937500
9753		2.087500
9754		1.700000
9755		2.593750
9756		1.937500
9757		2.443750
9758		1.937500
9759		2.087500
9760		2.237500
9761		1.556250
9762		2.531250
9763		2.293750
9764		2.443750
9765		2.500000
9766		2.206250
9767		2.475000
9768		2.087500
9769		2.500000
9770		2.356250
9771		2.618750
9772		2.443750
9773		2.531250
9774		2.825000
9775		2.712500
9776		2.800000
9777		2.681250
9778		3.181250
9779		3.037500
9780		2.856250
9781		3.181250
9782		3.125000
9783		3.062500
9784		3.450000
9785		3.331250
9786		3.362500
9787		3.631250
9788		3.481250
9789		3.362500
9790		3.631250
9791		3.568750
9792		3.481250
9793		3.512500
9794		3.568750
9795		3.481250
9796		3.362500
9797		3.418750
9798		3.481250
9799		3.093750
9800		3.331250
9801		3.212500
9802		3.037500
9803		2.800000
9804		2.825000
9805		2.618750
9806		2.712500
9807		2.443750
9808		2.475000
9809		2.237500
9810		2.118750
9811		1.906250
9812		1.525000
9813		1.850000
9814		1.762500
9815		1.462500
9816		1.556250
9817		1.462500
9818		0.987500
9819		0.962500
9820		0.962500
9821		0.725000
9822		0.812500
9823		0.425000
9824		0.218750
9825		0.637500
9826		0.100000
9827		-0.162500
9828		-0.375000
9829		-0.256250
9830		-0.431250
9831		-0.756250
9832		-0.668750
9833		-0.668750
9834		-1.025000
9835		-1.200000
9836		-1.500000
9837		-1.531250
9838		-1.587500
9839		-1.618750
9840		-1.500000
9841		-1.737500
9842		-1.675000
9843		-2.118750
9844		-2.268750
9845		-1.943750
9846		-1.975000
9847		-1.912500
9848		-2.150000
9849		-2.300000
9850		-2.093750
9851		-1.675000
9852		-2.268750
9853		-2.118750
9854		-1.793750
9855		-1.768750
9856		-2.031250
9857		-1.825000
9858		-1.468750
9859		-1.912500
9860		-1.706250
9861		-1.412500
9862		-1.587500
9863		-1.531250
9864		-1.618750
9865		-1.112500
9866		-1.350000
9867		-1.531250
9868		-1.081250
9869		-1.081250
9870		-1.231250
9871		-1.318750
9872		-1.112500
9873		-1.531250
9874		-1.556250
9875		-1.381250
9876		-1.437500
9877		-1.175000
9878		-1.531250
9879		-0.968750
9880		-1.500000
9881		-1.112500
9882		-1.025000
9883		-1.706250
9884		-1.412500
9885		-1.737500
9886		-1.381250
9887		-1.500000
9888		-1.556250
9889		-1.350000
9890		-1.650000
9891		-1.081250
9892		-1.350000
9893		-1.412500
9894		-1.112500
9895		-1.412500
9896		-1.381250
9897		-1.025000
9898		-0.756250
9899		-0.968750
9900		-0.375000
9901		-0.343750
9902		-0.518750
9903		-0.375000
9904		-0.493750
9905		-0.281250
9906		-0.193750
9907		0.012500
9908		0.337500
9909		0.456250
9910		0.756250
9911		0.575000
9912		0.868750
9913		1.050000
9914		0.843750
9915		1.437500
9916		1.318750
9917		1.343750
9918		1.493750
9919		1.793750
9920		1.731250
9921		2.381250
9922		2.056250
9923		2.087500
9924		1.850000
9925		2.475000
9926		2.237500
9927		2.381250
9928		2.381250
9929		2.475000
9930		2.056250
9931		2.475000
9932		2.262500
9933		2.175000
9934		2.087500
9935		1.968750
9936		1.881250
9937		1.881250
9938		1.731250
9939		1.700000
9940		1.643750
9941		1.762500
9942		1.731250
9943		1.643750
9944		1.700000
9945		1.343750
9946		1.406250
9947		1.137500
9948		1.137500
9949		1.581250
9950		1.581250
9951		1.493750
9952		1.406250
9953		1.287500
9954		1.581250
9955		1.106250
9956		1.437500
9957		1.731250
9958		1.462500
9959		1.525000
9960		1.731250
9961		1.612500
9962		1.581250
9963		1.675000
9964		1.818750
9965		1.675000
9966		1.850000
9967		2.000000
9968		1.906250
9969		1.793750
9970		2.262500
9971		2.237500
9972		2.175000
9973		2.356250
9974		2.237500
9975		2.293750
9976		2.381250
9977		2.412500
9978		2.618750
9979		2.887500
9980		2.975000
9981		3.037500
9982		2.681250
9983		2.681250
9984		2.887500
9985		3.062500
9986		2.918750
9987		2.975000
9988		3.156250
9989		2.887500
9990		3.212500
9991		2.712500
9992		2.887500
9993		2.918750
9994		2.800000
9995		2.618750
9996		2.681250
9997		2.412500
9998		2.356250
9999		2.262500
10000		2.293750
