Channel              :		CH1
Frequency            :		16.58Hz
Period               :		60.30ms
PK-PK                :		23.80mV
Average              :		-0.394mV
Vertical pos         :		1.000000mV
Probe attenuation    :		1X
Voltage per ADC value:		0.001563mV
Time interval        :		10.00000uS

index		CH1_Voltage(mV)
1		0.425000
2		0.100000
3		0.306250
4		0.131250
5		0.368750
6		0.043750
7		-0.431250
8		-0.256250
9		-0.193750
10		-0.731250
11		-0.787500
12		-0.906250
13		-0.850000
14		-0.875000
15		-0.375000
16		0.012500
17		0.012500
18		0.187500
19		0.543750
20		0.518750
21		0.662500
22		0.843750
23		1.287500
24		1.406250
25		1.556250
26		1.731250
27		1.850000
28		1.700000
29		2.000000
30		1.643750
31		1.493750
32		1.581250
33		1.612500
34		1.556250
35		1.256250
36		1.106250
37		1.287500
38		1.200000
39		1.018750
40		1.050000
41		0.693750
42		0.012500
43		0.368750
44		0.100000
45		-0.075000
46		-0.462500
47		-0.193750
48		-0.581250
49		-0.637500
50		-0.731250
51		-0.700000
52		-1.025000
53		-0.993750
54		-1.175000
55		-1.262500
56		-0.937500
57		-0.968750
58		-0.993750
59		-0.968750
60		-0.818750
61		-0.968750
62		-0.906250
63		-0.937500
64		-0.787500
65		-0.281250
66		-0.075000
67		-0.193750
68		0.400000
69		0.400000
70		0.987500
71		1.256250
72		0.812500
73		1.200000
74		1.256250
75		1.287500
76		1.137500
77		1.106250
78		0.843750
79		0.900000
80		0.162500
81		0.518750
82		0.518750
83		0.543750
84		0.781250
85		0.250000
86		1.168750
87		0.756250
88		0.456250
89		0.693750
90		0.575000
91		0.900000
92		0.368750
93		0.306250
94		0.812500
95		0.843750
96		0.962500
97		1.437500
98		0.900000
99		0.987500
100		0.868750
101		0.756250
102		1.081250
103		0.606250
104		0.487500
105		0.425000
106		0.518750
107		0.456250
108		0.250000
109		0.543750
110		0.131250
111		0.012500
112		0.068750
113		-0.162500
114		-0.493750
115		-0.550000
116		-1.381250
117		-1.056250
118		-1.412500
119		-1.587500
120		-1.825000
121		-2.062500
122		-2.212500
123		-2.181250
124		-2.212500
125		-2.506250
126		-2.743750
127		-3.037500
128		-2.712500
129		-2.743750
130		-3.012500
131		-3.037500
132		-2.625000
133		-2.925000
134		-2.743750
135		-2.418750
136		-2.831250
137		-2.568750
138		-2.475000
139		-2.656250
140		-2.450000
141		-2.387500
142		-2.062500
143		-1.768750
144		-1.531250
145		-1.318750
146		-1.262500
147		-1.175000
148		-0.581250
149		-0.756250
150		-0.312500
151		-0.375000
152		-0.343750
153		0.100000
154		0.012500
155		-0.493750
156		-0.343750
157		0.162500
158		-0.137500
159		-0.137500
160		0.162500
161		-0.050000
162		0.518750
163		0.425000
164		0.218750
165		0.043750
166		-0.050000
167		0.068750
168		-0.050000
169		-0.162500
170		-0.518750
171		-0.312500
172		-0.343750
173		-0.462500
174		-0.731250
175		-0.787500
176		-1.112500
177		-0.550000
178		-0.993750
179		-0.875000
180		-1.025000
181		-1.381250
182		-1.531250
183		-1.437500
184		-1.618750
185		-1.975000
186		-2.031250
187		-1.706250
188		-2.093750
189		-2.387500
190		-2.506250
191		-2.775000
192		-2.506250
193		-2.743750
194		-2.806250
195		-3.037500
196		-2.656250
197		-3.012500
198		-2.893750
199		-2.418750
200		-2.893750
201		-2.806250
202		-3.100000
203		-2.950000
204		-3.037500
205		-2.893750
206		-3.100000
207		-3.037500
208		-3.337500
209		-3.575000
210		-3.631250
211		-3.337500
212		-3.368750
213		-3.606250
214		-3.425000
215		-3.456250
216		-3.100000
217		-2.806250
218		-2.925000
219		-3.156250
220		-2.806250
221		-2.862500
222		-2.775000
223		-2.862500
224		-2.831250
225		-2.450000
226		-2.506250
227		-2.506250
228		-2.687500
229		-2.712500
230		-2.656250
231		-2.593750
232		-2.418750
233		-2.656250
234		-2.450000
235		-2.656250
236		-2.712500
237		-2.831250
238		-2.537500
239		-2.687500
240		-3.250000
241		-3.275000
242		-3.187500
243		-3.068750
244		-3.306250
245		-3.337500
246		-3.487500
247		-4.018750
248		-3.631250
249		-3.512500
250		-3.337500
251		-3.156250
252		-2.893750
253		-2.387500
254		-2.356250
255		-2.331250
256		-1.675000
257		-1.531250
258		-1.500000
259		-1.706250
260		-1.618750
261		-2.212500
262		-2.743750
263		-3.100000
264		-3.456250
265		-3.631250
266		-4.225000
267		-4.193750
268		-4.875000
269		-4.818750
270		-4.937500
271		-5.231250
272		-5.112500
273		-5.650000
274		-5.412500
275		-6.125000
276		-5.856250
277		-5.706250
278		-5.618750
279		-5.381250
280		-5.087500
281		-5.025000
282		-4.668750
283		-4.787500
284		-3.606250
285		-3.606250
286		-3.393750
287		-3.812500
288		-3.543750
289		-3.843750
290		-3.812500
291		-3.606250
292		-3.781250
293		-4.106250
294		-4.375000
295		-4.850000
296		-4.193750
297		-4.168750
298		-3.725000
299		-3.631250
300		-3.187500
301		-2.893750
302		-2.300000
303		-2.212500
304		-1.887500
305		-1.468750
306		-1.175000
307		-1.531250
308		-1.650000
309		-1.856250
310		-2.593750
311		-2.831250
312		-3.368750
313		-3.693750
314		-4.137500
315		-4.762500
316		-5.112500
317		-5.087500
318		-5.412500
319		-5.825000
320		-5.325000
321		-5.681250
322		-5.737500
323		-5.468750
324		-5.856250
325		-5.768750
326		-5.706250
327		-6.268750
328		-6.506250
329		-6.893750
330		-7.250000
331		-8.050000
332		-8.200000
333		-8.318750
334		-8.787500
335		-8.968750
336		-9.293750
337		-9.262500
338		-9.175000
339		-9.531250
340		-8.700000
341		-8.375000
342		-7.843750
343		-7.068750
344		-6.450000
345		-5.681250
346		-4.968750
347		-4.787500
348		-3.956250
349		-3.543750
350		-3.012500
351		-2.950000
352		-2.593750
353		-2.568750
354		-2.181250
355		-2.150000
356		-1.943750
357		-2.356250
358		-2.268750
359		-2.418750
360		-2.981250
361		-3.012500
362		-2.656250
363		-3.012500
364		-2.743750
365		-2.775000
366		-2.625000
367		-2.775000
368		-2.356250
369		-2.418750
370		-1.912500
371		-1.706250
372		-1.768750
373		-1.175000
374		-1.143750
375		-1.081250
376		-0.731250
377		-0.581250
378		-0.343750
379		-0.637500
380		-0.787500
381		-0.225000
382		-0.550000
383		-0.431250
384		-0.875000
385		-1.231250
386		-1.675000
387		-2.000000
388		-2.743750
389		-3.631250
390		-4.018750
391		-5.293750
392		-5.681250
393		-6.568750
394		-7.487500
395		-7.962500
396		-8.818750
397		-9.531250
398		-9.825000
399		-10.418750
400		-11.043750
401		-11.543750
402		-11.875000
403		-12.168750
404		-12.287500
405		-12.793750
406		-12.350000
407		-12.675000
408		-12.350000
409		-12.231250
410		-11.606250
411		-11.100000
412		-10.687500
413		-9.706250
414		-9.025000
415		-8.343750
416		-7.187500
417		-6.481250
418		-5.768750
419		-4.818750
420		-3.900000
421		-3.543750
422		-3.100000
423		-2.300000
424		-1.975000
425		-1.468750
426		-0.637500
427		-0.375000
428		-0.518750
429		-0.075000
430		-0.106250
431		-0.256250
432		0.518750
433		0.368750
434		0.337500
435		0.456250
436		0.100000
437		0.187500
438		0.100000
439		-0.343750
440		0.306250
441		-0.256250
442		-0.075000
443		-0.018750
444		-0.256250
445		-0.581250
446		-0.162500
447		-0.162500
448		-0.612500
449		-0.581250
450		-0.968750
451		-1.293750
452		-1.825000
453		-1.912500
454		-2.331250
455		-2.981250
456		-3.037500
457		-3.956250
458		-4.462500
459		-5.087500
460		-5.325000
461		-5.887500
462		-6.150000
463		-6.831250
464		-7.068750
465		-7.368750
466		-8.018750
467		-8.018750
468		-8.318750
469		-8.018750
470		-8.493750
471		-8.462500
472		-8.818750
473		-8.525000
474		-8.881250
475		-9.325000
476		-8.881250
477		-9.087500
478		-9.175000
479		-9.056250
480		-9.412500
481		-9.293750
482		-9.356250
483		-9.381250
484		-9.262500
485		-9.381250
486		-8.787500
487		-8.787500
488		-8.437500
489		-7.543750
490		-7.162500
491		-6.806250
492		-6.506250
493		-6.093750
494		-5.768750
495		-5.325000
496		-4.875000
497		-4.137500
498		-3.812500
499		-2.806250
500		-2.593750
501		-2.212500
502		-1.825000
503		-1.556250
504		-1.437500
505		-1.231250
506		-0.756250
507		-0.850000
508		-0.550000
509		-0.493750
510		-0.731250
511		-0.937500
512		-0.993750
513		-1.143750
514		-1.737500
515		-2.150000
516		-2.031250
517		-2.237500
518		-2.418750
519		-2.743750
520		-2.687500
521		-3.337500
522		-3.306250
523		-3.100000
524		-3.393750
525		-3.512500
526		-3.543750
527		-3.900000
528		-4.050000
529		-3.631250
530		-4.018750
531		-4.787500
532		-4.375000
533		-4.818750
534		-4.993750
535		-5.381250
536		-5.650000
537		-5.562500
538		-6.062500
539		-6.450000
540		-6.775000
541		-7.281250
542		-7.400000
543		-7.543750
544		-6.981250
545		-7.843750
546		-7.456250
547		-7.812500
548		-7.843750
549		-8.081250
550		-7.781250
551		-7.606250
552		-7.637500
553		-7.306250
554		-7.337500
555		-7.043750
556		-6.893750
557		-6.537500
558		-6.743750
559		-6.362500
560		-5.793750
561		-5.143750
562		-4.968750
563		-4.550000
564		-4.075000
565		-3.606250
566		-3.012500
567		-2.656250
568		-1.856250
569		-1.825000
570		-0.787500
571		-0.637500
572		-0.493750
573		-0.225000
574		0.131250
575		0.693750
576		0.662500
577		1.168750
578		0.900000
579		0.962500
580		1.106250
581		1.556250
582		1.287500
583		0.900000
584		0.662500
585		0.368750
586		0.662500
587		0.662500
588		0.400000
589		0.456250
590		0.368750
591		0.368750
592		0.306250
593		0.281250
594		0.368750
595		0.662500
596		0.487500
597		0.756250
598		0.756250
599		0.575000
600		0.900000
601		0.962500
602		1.200000
603		1.018750
604		1.493750
605		1.050000
606		1.612500
607		1.318750
608		1.493750
609		2.000000
610		2.000000
611		1.675000
612		1.850000
613		2.025000
614		2.025000
615		1.612500
616		1.556250
617		1.731250
618		1.437500
619		0.987500
620		0.843750
621		0.900000
622		0.543750
623		0.693750
624		0.518750
625		0.518750
626		0.187500
627		0.368750
628		0.662500
629		0.281250
630		0.606250
631		0.606250
632		0.900000
633		0.900000
634		0.575000
635		0.962500
636		1.018750
637		1.556250
638		0.868750
639		1.493750
640		1.200000
641		1.462500
642		1.731250
643		1.700000
644		2.325000
645		2.531250
646		2.825000
647		3.275000
648		3.062500
649		3.775000
650		4.368750
651		4.075000
652		4.012500
653		4.218750
654		4.218750
655		4.012500
656		4.131250
657		3.956250
658		4.131250
659		4.100000
660		3.775000
661		3.862500
662		4.100000
663		3.418750
664		3.631250
665		3.331250
666		3.275000
667		3.212500
668		3.181250
669		3.006250
670		2.918750
671		3.181250
672		2.768750
673		3.062500
674		2.618750
675		2.206250
676		2.056250
677		1.937500
678		2.206250
679		2.381250
680		1.762500
681		1.881250
682		1.818750
683		2.056250
684		2.175000
685		1.850000
686		1.612500
687		1.700000
688		1.493750
689		1.406250
690		1.256250
691		0.693750
692		0.606250
693		0.662500
694		0.725000
695		0.662500
696		0.962500
697		0.812500
698		1.581250
699		1.581250
700		1.612500
701		1.437500
702		2.000000
703		2.056250
704		2.025000
705		2.262500
706		2.618750
707		3.125000
708		3.243750
709		3.806250
710		4.518750
711		4.900000
712		5.350000
713		6.031250
714		6.175000
715		6.950000
716		7.187500
717		7.037500
718		7.093750
719		7.068750
720		6.800000
721		6.737500
722		6.975000
723		6.475000
724		6.681250
725		6.268750
726		6.031250
727		6.206250
728		5.643750
729		5.287500
730		4.993750
731		4.725000
732		4.606250
733		4.162500
734		3.775000
735		3.806250
736		3.212500
737		3.331250
738		2.825000
739		2.531250
740		2.475000
741		2.143750
742		2.206250
743		1.937500
744		2.087500
745		1.731250
746		1.437500
747		1.581250
748		1.343750
749		1.018750
750		0.843750
751		0.662500
752		0.543750
753		0.218750
754		0.187500
755		-0.375000
756		-0.050000
757		-0.375000
758		0.012500
759		0.012500
760		0.218750
761		0.187500
762		0.812500
763		0.868750
764		0.900000
765		1.200000
766		1.731250
767		1.762500
768		1.581250
769		2.618750
770		2.975000
771		3.037500
772		3.181250
773		3.568750
774		3.956250
775		3.656250
776		3.837500
777		3.568750
778		3.656250
779		3.631250
780		3.775000
781		3.893750
782		3.362500
783		4.193750
784		4.075000
785		4.100000
786		3.806250
787		4.012500
788		4.250000
789		4.162500
790		4.312500
791		4.312500
792		4.312500
793		4.250000
794		4.075000
795		4.431250
796		4.218750
797		4.250000
798		3.718750
799		4.162500
800		4.162500
801		3.837500
802		3.393750
803		3.481250
804		2.768750
805		2.768750
806		2.443750
807		1.937500
808		2.175000
809		1.525000
810		1.437500
811		1.375000
812		1.793750
813		0.962500
814		1.581250
815		1.937500
816		2.056250
817		2.087500
818		1.850000
819		2.293750
820		2.293750
821		1.881250
822		2.118750
823		1.700000
824		1.937500
825		1.731250
826		2.000000
827		1.937500
828		1.675000
829		2.325000
830		1.906250
831		1.937500
832		1.581250
833		1.881250
834		1.225000
835		1.406250
836		1.437500
837		1.168750
838		1.200000
839		1.287500
840		1.437500
841		1.406250
842		1.493750
843		1.850000
844		1.581250
845		1.700000
846		1.793750
847		1.437500
848		1.437500
849		0.987500
850		0.931250
851		0.693750
852		0.518750
853		0.400000
854		0.368750
855		0.456250
856		0.543750
857		1.018750
858		0.162500
859		0.162500
860		0.543750
861		0.781250
862		0.987500
863		0.868750
864		1.137500
865		1.137500
866		1.137500
867		1.343750
868		1.343750
869		1.343750
870		0.987500
871		1.318750
872		1.437500
873		1.050000
874		1.287500
875		1.525000
876		1.643750
877		2.000000
878		1.493750
879		1.675000
880		2.143750
881		1.643750
882		1.906250
883		1.525000
884		1.581250
885		1.881250
886		1.612500
887		1.137500
888		1.556250
889		1.050000
890		0.962500
891		0.987500
892		1.050000
893		1.106250
894		0.456250
895		0.868750
896		0.812500
897		0.518750
898		0.456250
899		0.100000
900		-0.462500
901		-0.256250
902		-0.400000
903		-0.281250
904		-0.875000
905		-0.993750
906		-1.231250
907		-1.112500
908		-1.056250
909		-0.518750
910		-0.850000
911		-0.937500
912		-1.175000
913		-0.818750
914		-0.731250
915		-0.668750
916		-0.431250
917		-0.431250
918		-0.787500
919		-0.312500
920		-0.343750
921		-0.281250
922		-0.431250
923		-0.612500
924		-0.162500
925		-0.193750
926		-0.493750
927		-0.581250
928		-0.493750
929		-0.281250
930		0.187500
931		0.368750
932		0.368750
933		1.018750
934		1.375000
935		1.318750
936		1.700000
937		1.937500
938		1.881250
939		2.325000
940		2.618750
941		2.500000
942		2.681250
943		2.475000
944		2.118750
945		2.531250
946		2.412500
947		2.325000
948		2.325000
949		2.412500
950		2.237500
951		2.087500
952		1.793750
953		1.643750
954		1.937500
955		1.256250
956		0.900000
957		0.812500
958		0.306250
959		0.518750
960		0.306250
961		0.162500
962		-0.050000
963		0.043750
964		0.100000
965		-0.225000
966		-0.075000
967		-0.050000
968		0.100000
969		0.068750
970		-0.075000
971		0.043750
972		-0.137500
973		-0.225000
974		0.100000
975		0.012500
976		0.306250
977		0.250000
978		0.456250
979		-0.050000
980		0.068750
981		0.068750
982		0.100000
983		0.425000
984		0.012500
985		0.100000
986		0.250000
987		-0.137500
988		0.162500
989		0.043750
990		0.162500
991		0.400000
992		0.100000
993		0.606250
994		0.637500
995		0.843750
996		1.225000
997		1.106250
998		1.137500
999		1.437500
1000		1.050000
1001		1.256250
1002		1.106250
1003		0.725000
1004		0.575000
1005		0.456250
1006		0.368750
1007		-0.075000
1008		-0.050000
1009		0.012500
1010		0.012500
1011		-0.343750
1012		-0.075000
1013		-0.550000
1014		-0.256250
1015		0.012500
1016		-0.281250
1017		-0.518750
1018		-0.787500
1019		-0.431250
1020		-0.281250
1021		-0.075000
1022		0.068750
1023		-0.050000
1024		0.812500
1025		0.306250
1026		1.106250
1027		1.137500
1028		1.287500
1029		1.318750
1030		1.406250
1031		1.168750
1032		1.493750
1033		1.437500
1034		1.556250
1035		2.000000
1036		1.906250
1037		2.000000
1038		1.700000
1039		1.731250
1040		1.731250
1041		1.643750
1042		1.731250
1043		1.406250
1044		1.018750
1045		0.962500
1046		0.812500
1047		0.306250
1048		0.162500
1049		0.043750
1050		0.250000
1051		-0.193750
1052		-0.581250
1053		-0.937500
1054		-0.731250
1055		-0.581250
1056		-0.375000
1057		-0.431250
1058		-0.375000
1059		-0.637500
1060		-0.518750
1061		-0.937500
1062		-0.993750
1063		-0.787500
1064		-1.143750
1065		-0.968750
1066		-1.231250
1067		-0.937500
1068		-0.731250
1069		-0.937500
1070		-0.256250
1071		-0.462500
1072		-0.137500
1073		0.162500
1074		0.843750
1075		0.606250
1076		0.868750
1077		1.343750
1078		1.375000
1079		1.106250
1080		1.343750
1081		1.462500
1082		1.375000
1083		1.225000
1084		1.137500
1085		1.256250
1086		0.781250
1087		1.287500
1088		0.987500
1089		0.662500
1090		0.900000
1091		0.693750
1092		0.781250
1093		0.931250
1094		0.662500
1095		1.168750
1096		1.256250
1097		1.137500
1098		1.643750
1099		1.225000
1100		1.106250
1101		1.287500
1102		1.200000
1103		1.437500
1104		1.556250
1105		1.493750
1106		0.962500
1107		1.081250
1108		1.050000
1109		1.375000
1110		0.962500
1111		1.137500
1112		1.081250
1113		0.868750
1114		0.987500
1115		0.487500
1116		0.756250
1117		1.050000
1118		0.518750
1119		0.575000
1120		0.012500
1121		-0.018750
1122		-0.225000
1123		-0.400000
1124		-0.731250
1125		-1.112500
1126		-1.318750
1127		-1.500000
1128		-1.706250
1129		-2.118750
1130		-1.768750
1131		-1.975000
1132		-1.912500
1133		-2.093750
1134		-2.118750
1135		-2.181250
1136		-1.975000
1137		-1.437500
1138		-1.825000
1139		-1.500000
1140		-1.587500
1141		-1.706250
1142		-1.231250
1143		-1.531250
1144		-1.437500
1145		-1.318750
1146		-1.293750
1147		-1.468750
1148		-1.350000
1149		-0.581250
1150		-0.312500
1151		-0.462500
1152		-0.137500
1153		-0.225000
1154		0.068750
1155		0.368750
1156		0.456250
1157		-0.075000
1158		0.931250
1159		0.637500
1160		1.106250
1161		1.081250
1162		1.437500
1163		1.318750
1164		1.493750
1165		1.375000
1166		1.256250
1167		1.287500
1168		1.225000
1169		1.200000
1170		1.200000
1171		0.725000
1172		1.106250
1173		1.137500
1174		0.900000
1175		0.368750
1176		0.637500
1177		0.662500
1178		0.725000
1179		0.662500
1180		0.606250
1181		0.456250
1182		0.250000
1183		0.400000
1184		0.218750
1185		0.218750
1186		-0.193750
1187		-0.225000
1188		-0.256250
1189		-0.581250
1190		-0.431250
1191		-1.112500
1192		-1.143750
1193		-1.293750
1194		-1.556250
1195		-1.350000
1196		-2.062500
1197		-1.706250
1198		-1.318750
1199		-1.293750
1200		-1.262500
1201		-1.262500
1202		-1.112500
1203		-1.531250
1204		-1.437500
1205		-1.318750
1206		-1.856250
1207		-1.825000
1208		-1.675000
1209		-1.650000
1210		-1.887500
1211		-2.000000
1212		-2.237500
1213		-1.912500
1214		-2.062500
1215		-2.093750
1216		-2.118750
1217		-1.381250
1218		-1.587500
1219		-1.381250
1220		-1.675000
1221		-1.768750
1222		-1.468750
1223		-1.200000
1224		-1.350000
1225		-1.318750
1226		-1.081250
1227		-1.175000
1228		-1.025000
1229		-0.756250
1230		-1.318750
1231		-1.381250
1232		-1.262500
1233		-1.112500
1234		-1.175000
1235		-1.200000
1236		-1.081250
1237		-0.875000
1238		-0.637500
1239		-1.318750
1240		-1.175000
1241		-0.581250
1242		-1.025000
1243		-0.637500
1244		-0.906250
1245		-1.318750
1246		-1.143750
1247		-2.062500
1248		-1.587500
1249		-1.825000
1250		-1.825000
1251		-2.593750
1252		-2.150000
1253		-2.000000
1254		-1.737500
1255		-1.768750
1256		-1.650000
1257		-1.618750
1258		-0.906250
1259		-0.700000
1260		-0.281250
1261		0.218750
1262		-0.137500
1263		-0.281250
1264		0.012500
1265		0.100000
1266		-0.818750
1267		-0.612500
1268		-0.993750
1269		-1.618750
1270		-2.181250
1271		-2.418750
1272		-2.450000
1273		-3.575000
1274		-3.306250
1275		-3.487500
1276		-3.250000
1277		-3.156250
1278		-3.931250
1279		-3.606250
1280		-3.543750
1281		-3.781250
1282		-3.606250
1283		-3.456250
1284		-3.512500
1285		-3.012500
1286		-2.950000
1287		-2.475000
1288		-2.268750
1289		-1.856250
1290		-1.856250
1291		-1.618750
1292		-1.618750
1293		-1.768750
1294		-1.350000
1295		-1.825000
1296		-2.118750
1297		-1.975000
1298		-1.825000
1299		-1.856250
1300		-2.181250
1301		-1.825000
1302		-1.975000
1303		-1.056250
1304		-1.350000
1305		-0.875000
1306		-0.343750
1307		-0.400000
1308		-0.018750
1309		0.400000
1310		0.900000
1311		0.456250
1312		0.606250
1313		0.218750
1314		-0.193750
1315		-0.281250
1316		-0.818750
1317		-1.437500
1318		-1.531250
1319		-2.212500
1320		-2.656250
1321		-3.275000
1322		-2.950000
1323		-3.543750
1324		-3.631250
1325		-4.312500
1326		-3.543750
1327		-3.750000
1328		-3.487500
1329		-3.956250
1330		-4.431250
1331		-4.343750
1332		-4.612500
1333		-4.787500
1334		-5.412500
1335		-6.031250
1336		-6.268750
1337		-6.243750
1338		-6.950000
1339		-7.043750
1340		-7.337500
1341		-7.306250
1342		-7.218750
1343		-6.925000
1344		-6.806250
1345		-6.418750
1346		-5.912500
1347		-5.562500
1348		-5.350000
1349		-4.731250
1350		-4.287500
1351		-3.843750
1352		-3.156250
1353		-1.856250
1354		-1.293750
1355		-1.175000
1356		-1.175000
1357		-0.787500
1358		-0.400000
1359		0.012500
1360		-0.162500
1361		0.218750
1362		0.337500
1363		-0.193750
1364		0.162500
1365		-0.106250
1366		-0.225000
1367		-0.431250
1368		-0.343750
1369		-0.400000
1370		-0.137500
1371		-0.225000
1372		-0.225000
1373		-0.137500
1374		0.100000
1375		0.250000
1376		0.306250
1377		0.306250
1378		0.987500
1379		0.843750
1380		1.106250
1381		1.493750
1382		2.087500
1383		1.850000
1384		1.937500
1385		1.793750
1386		2.356250
1387		1.700000
1388		1.406250
1389		0.868750
1390		0.518750
1391		-0.281250
1392		-1.200000
1393		-2.118750
1394		-2.506250
1395		-3.543750
1396		-4.550000
1397		-5.087500
1398		-6.062500
1399		-6.862500
1400		-7.518750
1401		-8.225000
1402		-8.493750
1403		-9.175000
1404		-9.475000
1405		-9.856250
1406		-10.300000
1407		-10.743750
1408		-11.075000
1409		-11.400000
1410		-11.100000
1411		-11.281250
1412		-10.806250
1413		-10.481250
1414		-9.887500
1415		-9.262500
1416		-8.762500
1417		-7.868750
1418		-6.743750
1419		-6.006250
1420		-5.143750
1421		-4.375000
1422		-3.131250
1423		-2.150000
1424		-1.468750
1425		-0.968750
1426		-0.256250
1427		0.162500
1428		0.781250
1429		1.437500
1430		1.287500
1431		1.700000
1432		2.087500
1433		2.175000
1434		2.262500
1435		1.968750
1436		2.681250
1437		2.737500
1438		2.800000
1439		3.212500
1440		2.975000
1441		2.887500
1442		2.562500
1443		2.531250
1444		2.681250
1445		2.443750
1446		2.381250
1447		2.618750
1448		2.356250
1449		2.443750
1450		1.937500
1451		2.237500
1452		2.025000
1453		1.556250
1454		1.493750
1455		1.168750
1456		0.962500
1457		0.162500
1458		0.250000
1459		-0.612500
1460		-0.875000
1461		-1.531250
1462		-1.943750
1463		-2.656250
1464		-3.012500
1465		-3.425000
1466		-3.781250
1467		-4.312500
1468		-4.875000
1469		-5.231250
1470		-5.793750
1471		-5.706250
1472		-6.481250
1473		-6.268750
1474		-6.506250
1475		-6.806250
1476		-6.862500
1477		-7.187500
1478		-6.950000
1479		-7.162500
1480		-6.806250
1481		-7.043750
1482		-6.743750
1483		-6.450000
1484		-7.012500
1485		-6.775000
1486		-6.806250
1487		-6.506250
1488		-6.831250
1489		-6.450000
1490		-6.268750
1491		-5.943750
1492		-5.768750
1493		-5.412500
1494		-5.325000
1495		-4.431250
1496		-4.193750
1497		-3.487500
1498		-2.593750
1499		-2.806250
1500		-2.118750
1501		-1.675000
1502		-1.231250
1503		-0.550000
1504		-0.375000
1505		0.425000
1506		0.812500
1507		1.137500
1508		1.612500
1509		1.581250
1510		2.025000
1511		1.731250
1512		1.906250
1513		1.406250
1514		1.081250
1515		1.225000
1516		0.900000
1517		0.662500
1518		0.637500
1519		-0.075000
1520		-0.018750
1521		-0.550000
1522		-0.493750
1523		-0.937500
1524		-0.850000
1525		-1.025000
1526		-0.818750
1527		-1.706250
1528		-1.500000
1529		-1.650000
1530		-1.856250
1531		-1.768750
1532		-1.887500
1533		-2.118750
1534		-2.356250
1535		-2.568750
1536		-2.775000
1537		-2.743750
1538		-3.068750
1539		-2.950000
1540		-3.306250
1541		-3.725000
1542		-3.843750
1543		-3.337500
1544		-4.375000
1545		-4.225000
1546		-4.493750
1547		-4.818750
1548		-4.668750
1549		-4.875000
1550		-5.231250
1551		-5.231250
1552		-5.175000
1553		-6.006250
1554		-5.412500
1555		-5.443750
1556		-5.175000
1557		-5.562500
1558		-5.025000
1559		-5.112500
1560		-4.875000
1561		-4.525000
1562		-4.643750
1563		-4.168750
1564		-3.662500
1565		-3.100000
1566		-3.100000
1567		-2.506250
1568		-1.912500
1569		-1.975000
1570		-1.706250
1571		-1.437500
1572		-1.112500
1573		-0.637500
1574		-0.637500
1575		-0.400000
1576		-0.075000
1577		0.100000
1578		0.662500
1579		0.843750
1580		1.225000
1581		1.462500
1582		1.612500
1583		1.731250
1584		2.118750
1585		2.056250
1586		2.025000
1587		2.293750
1588		2.087500
1589		2.056250
1590		2.381250
1591		2.025000
1592		2.262500
1593		1.906250
1594		1.818750
1595		1.793750
1596		2.293750
1597		1.850000
1598		2.056250
1599		2.206250
1600		2.650000
1601		2.356250
1602		2.206250
1603		2.737500
1604		3.062500
1605		2.943750
1606		3.037500
1607		3.418750
1608		2.856250
1609		3.418750
1610		3.450000
1611		3.275000
1612		3.568750
1613		3.806250
1614		3.656250
1615		3.981250
1616		3.925000
1617		4.100000
1618		3.806250
1619		3.775000
1620		3.568750
1621		3.600000
1622		3.568750
1623		3.718750
1624		3.181250
1625		3.181250
1626		2.887500
1627		2.737500
1628		2.681250
1629		2.712500
1630		2.475000
1631		2.618750
1632		2.412500
1633		2.618750
1634		3.393750
1635		2.443750
1636		2.500000
1637		2.618750
1638		3.037500
1639		2.531250
1640		3.275000
1641		3.300000
1642		3.062500
1643		3.631250
1644		3.631250
1645		3.568750
1646		4.250000
1647		4.400000
1648		4.337500
1649		4.725000
1650		4.812500
1651		5.587500
1652		5.731250
1653		5.793750
1654		6.206250
1655		6.175000
1656		6.031250
1657		6.293750
1658		6.387500
1659		6.531250
1660		6.562500
1661		6.000000
1662		6.206250
1663		6.000000
1664		5.731250
1665		5.731250
1666		5.818750
1667		5.406250
1668		5.556250
1669		4.900000
1670		5.256250
1671		4.962500
1672		5.168750
1673		4.456250
1674		4.843750
1675		4.575000
1676		4.218750
1677		4.162500
1678		3.687500
1679		3.631250
1680		3.568750
1681		3.481250
1682		3.418750
1683		2.768750
1684		3.362500
1685		3.656250
1686		3.418750
1687		3.062500
1688		3.275000
1689		3.037500
1690		3.181250
1691		2.975000
1692		2.943750
1693		2.681250
1694		2.618750
1695		2.293750
1696		2.143750
1697		2.025000
1698		2.175000
1699		2.000000
1700		1.881250
1701		2.293750
1702		2.381250
1703		2.825000
1704		2.887500
1705		3.093750
1706		3.718750
1707		3.718750
1708		3.862500
1709		4.218750
1710		4.312500
1711		4.368750
1712		4.693750
1713		5.587500
1714		5.881250
1715		6.531250
1716		6.887500
1717		7.718750
1718		7.925000
1719		8.787500
1720		8.812500
1721		9.112500
1722		9.350000
1723		9.318750
1724		8.812500
1725		8.756250
1726		8.993750
1727		8.431250
1728		8.487500
1729		8.281250
1730		7.868750
1731		7.806250
1732		7.068750
1733		6.918750
1734		6.475000
1735		6.325000
1736		5.587500
1737		5.200000
1738		5.112500
1739		4.812500
1740		4.756250
1741		4.218750
1742		4.100000
1743		4.312500
1744		3.418750
1745		3.481250
1746		3.275000
1747		3.156250
1748		2.918750
1749		2.918750
1750		2.562500
1751		2.712500
1752		2.768750
1753		2.593750
1754		2.531250
1755		2.293750
1756		2.325000
1757		1.643750
1758		1.731250
1759		1.200000
1760		1.200000
1761		0.987500
1762		1.343750
1763		1.256250
1764		1.137500
1765		1.462500
1766		1.968750
1767		2.143750
1768		2.175000
1769		2.531250
1770		2.768750
1771		3.156250
1772		3.450000
1773		3.418750
1774		3.718750
1775		4.043750
1776		4.218750
1777		4.400000
1778		4.518750
1779		4.662500
1780		4.337500
1781		4.487500
1782		4.637500
1783		4.400000
1784		4.400000
1785		4.756250
1786		4.962500
1787		4.962500
1788		4.993750
1789		4.993750
1790		5.256250
1791		5.018750
1792		5.137500
1793		5.350000
1794		5.587500
1795		5.612500
1796		5.137500
1797		5.137500
1798		5.050000
1799		5.018750
1800		4.812500
1801		4.725000
1802		5.081250
1803		5.231250
1804		4.812500
1805		4.781250
1806		4.606250
1807		4.518750
1808		3.718750
1809		3.837500
1810		3.418750
1811		3.418750
1812		2.768750
1813		2.737500
1814		2.475000
1815		2.500000
1816		2.356250
1817		2.087500
1818		2.325000
1819		2.475000
1820		2.531250
1821		2.681250
1822		2.856250
1823		2.768750
1824		2.681250
1825		2.737500
1826		2.618750
1827		3.062500
1828		2.918750
1829		2.943750
1830		2.975000
1831		3.093750
1832		2.856250
1833		3.600000
1834		3.212500
1835		3.331250
1836		3.037500
1837		2.825000
1838		2.712500
1839		2.681250
1840		2.175000
1841		2.175000
1842		2.175000
1843		2.237500
1844		2.237500
1845		2.175000
1846		2.500000
1847		2.650000
1848		2.887500
1849		2.443750
1850		2.975000
1851		2.593750
1852		2.500000
1853		2.175000
1854		2.381250
1855		1.937500
1856		1.700000
1857		1.318750
1858		0.962500
1859		0.900000
1860		0.693750
1861		1.106250
1862		1.081250
1863		1.437500
1864		1.700000
1865		1.581250
1866		1.850000
1867		2.000000
1868		1.968750
1869		2.237500
1870		2.381250
1871		2.325000
1872		2.412500
1873		2.262500
1874		2.237500
1875		2.531250
1876		2.293750
1877		2.443750
1878		3.062500
1879		2.475000
1880		2.562500
1881		2.650000
1882		2.825000
1883		2.825000
1884		2.825000
1885		2.975000
1886		2.681250
1887		2.475000
1888		1.937500
1889		2.562500
1890		2.681250
1891		2.681250
1892		2.381250
1893		2.237500
1894		2.443750
1895		2.143750
1896		2.175000
1897		2.143750
1898		2.475000
1899		1.343750
1900		1.675000
1901		1.437500
1902		1.200000
1903		0.900000
1904		0.843750
1905		0.281250
1906		0.100000
1907		0.337500
1908		-0.493750
1909		0.250000
1910		-0.050000
1911		-0.281250
1912		-0.137500
1913		-0.137500
1914		-0.281250
1915		-0.637500
1916		-0.637500
1917		-0.637500
1918		-0.050000
1919		-0.431250
1920		-0.281250
1921		-0.137500
1922		-0.050000
1923		-0.018750
1924		0.368750
1925		-0.431250
1926		0.068750
1927		0.100000
1928		0.456250
1929		0.281250
1930		0.400000
1931		-0.106250
1932		0.068750
1933		0.456250
1934		0.543750
1935		0.606250
1936		1.168750
1937		1.200000
1938		1.581250
1939		1.581250
1940		2.025000
1941		2.206250
1942		1.881250
1943		2.475000
1944		2.681250
1945		2.943750
1946		3.062500
1947		2.825000
1948		3.212500
1949		3.300000
1950		2.943750
1951		2.918750
1952		3.393750
1953		2.943750
1954		3.212500
1955		2.500000
1956		2.618750
1957		2.475000
1958		2.000000
1959		1.731250
1960		1.462500
1961		1.256250
1962		0.368750
1963		0.931250
1964		0.662500
1965		0.368750
1966		0.162500
1967		-0.075000
1968		0.456250
1969		0.306250
1970		0.456250
1971		0.400000
1972		0.400000
1973		0.100000
1974		0.543750
1975		0.043750
1976		0.012500
1977		0.131250
1978		0.218750
1979		-0.050000
1980		-0.137500
1981		-0.018750
1982		-0.075000
1983		-0.075000
1984		-0.162500
1985		0.131250
1986		0.368750
1987		0.456250
1988		0.162500
1989		-0.018750
1990		0.400000
1991		0.131250
1992		0.162500
1993		0.306250
1994		0.400000
1995		0.543750
1996		0.756250
1997		0.931250
1998		0.812500
1999		0.868750
2000		1.106250
2001		1.018750
2002		1.050000
2003		0.987500
2004		1.137500
2005		1.106250
2006		1.287500
2007		1.106250
2008		1.050000
2009		1.200000
2010		1.018750
2011		0.606250
2012		0.606250
2013		0.518750
2014		0.400000
2015		0.162500
2016		-0.343750
2017		0.100000
2018		0.068750
2019		-0.162500
2020		0.068750
2021		-0.256250
2022		-0.581250
2023		-0.668750
2024		-0.256250
2025		-0.312500
2026		0.543750
2027		-0.312500
2028		0.400000
2029		0.756250
2030		0.781250
2031		0.962500
2032		1.406250
2033		1.612500
2034		1.287500
2035		1.406250
2036		1.137500
2037		1.200000
2038		1.556250
2039		1.700000
2040		1.225000
2041		1.525000
2042		1.731250
2043		1.793750
2044		1.793750
2045		1.375000
2046		1.437500
2047		1.437500
2048		0.843750
2049		1.137500
2050		0.962500
2051		0.725000
2052		0.368750
2053		0.575000
2054		0.400000
2055		0.100000
2056		-0.050000
2057		-0.137500
2058		-0.193750
2059		-0.312500
2060		-0.375000
2061		-0.581250
2062		-0.431250
2063		-0.668750
2064		-0.612500
2065		-0.668750
2066		-0.668750
2067		-0.850000
2068		-1.081250
2069		-0.993750
2070		-1.175000
2071		-1.025000
2072		-0.968750
2073		-0.850000
2074		-0.731250
2075		-0.850000
2076		0.187500
2077		0.162500
2078		0.162500
2079		0.575000
2080		0.812500
2081		0.662500
2082		1.287500
2083		1.106250
2084		0.962500
2085		1.168750
2086		1.493750
2087		1.437500
2088		0.962500
2089		1.225000
2090		1.137500
2091		0.987500
2092		0.693750
2093		1.050000
2094		1.081250
2095		0.812500
2096		1.081250
2097		1.225000
2098		0.843750
2099		1.137500
2100		0.756250
2101		1.050000
2102		0.843750
2103		0.637500
2104		0.693750
2105		0.637500
2106		0.843750
2107		0.812500
2108		0.843750
2109		1.081250
2110		0.962500
2111		0.606250
2112		0.931250
2113		0.693750
2114		0.843750
2115		0.606250
2116		0.606250
2117		0.368750
2118		0.487500
2119		0.368750
2120		0.250000
2121		0.012500
2122		-0.225000
2123		0.012500
2124		-0.668750
2125		-0.787500
2126		-0.668750
2127		-1.675000
2128		-1.143750
2129		-1.500000
2130		-2.356250
2131		-2.212500
2132		-2.181250
2133		-2.387500
2134		-2.300000
2135		-2.387500
2136		-2.743750
2137		-2.893750
2138		-2.831250
2139		-2.568750
2140		-3.068750
2141		-2.593750
2142		-2.593750
2143		-2.387500
2144		-2.593750
2145		-2.475000
2146		-2.093750
2147		-1.737500
2148		-2.300000
2149		-2.356250
2150		-1.706250
2151		-2.150000
2152		-1.437500
2153		-1.381250
2154		-1.381250
2155		-1.081250
2156		-0.968750
2157		-0.731250
2158		-0.700000
2159		-0.550000
2160		-0.612500
2161		-0.818750
2162		-0.281250
2163		-0.193750
2164		-0.343750
2165		-0.137500
2166		0.012500
2167		-0.050000
2168		0.131250
2169		0.131250
2170		0.100000
2171		0.100000
2172		-0.137500
2173		-0.312500
2174		-0.050000
2175		0.068750
2176		-0.050000
2177		-0.281250
2178		-0.343750
2179		-0.612500
2180		-0.518750
2181		-0.581250
2182		-0.668750
2183		-0.731250
2184		-0.581250
2185		-0.993750
2186		-0.875000
2187		-1.081250
2188		-1.025000
2189		-1.175000
2190		-1.350000
2191		-1.437500
2192		-1.531250
2193		-1.825000
2194		-1.675000
2195		-1.856250
2196		-2.150000
2197		-2.537500
2198		-2.593750
2199		-2.568750
2200		-2.537500
2201		-2.712500
2202		-2.743750
2203		-2.862500
2204		-2.687500
2205		-2.806250
2206		-2.831250
2207		-2.862500
2208		-3.131250
2209		-2.712500
2210		-2.712500
2211		-2.475000
2212		-2.450000
2213		-2.862500
2214		-3.012500
2215		-2.806250
2216		-3.131250
2217		-3.012500
2218		-3.012500
2219		-3.393750
2220		-3.250000
2221		-2.950000
2222		-2.831250
2223		-3.337500
2224		-2.893750
2225		-3.012500
2226		-2.775000
2227		-2.656250
2228		-2.506250
2229		-2.981250
2230		-2.687500
2231		-2.568750
2232		-2.387500
2233		-2.150000
2234		-2.268750
2235		-2.237500
2236		-2.537500
2237		-2.268750
2238		-2.806250
2239		-2.506250
2240		-2.593750
2241		-2.862500
2242		-2.806250
2243		-2.418750
2244		-2.450000
2245		-2.862500
2246		-2.568750
2247		-2.862500
2248		-2.893750
2249		-2.981250
2250		-3.187500
2251		-3.306250
2252		-3.187500
2253		-3.606250
2254		-3.543750
2255		-3.631250
2256		-3.987500
2257		-3.931250
2258		-3.843750
2259		-3.250000
2260		-3.750000
2261		-3.693750
2262		-3.393750
2263		-3.037500
2264		-2.568750
2265		-2.331250
2266		-2.000000
2267		-2.118750
2268		-1.706250
2269		-1.856250
2270		-2.237500
2271		-2.475000
2272		-3.156250
2273		-3.100000
2274		-3.393750
2275		-3.662500
2276		-4.075000
2277		-4.525000
2278		-4.875000
2279		-4.850000
2280		-4.818750
2281		-4.906250
2282		-5.531250
2283		-5.112500
2284		-5.618750
2285		-5.706250
2286		-5.231250
2287		-5.793750
2288		-6.243750
2289		-5.381250
2290		-5.087500
2291		-4.937500
2292		-4.581250
2293		-3.987500
2294		-3.843750
2295		-3.337500
2296		-3.187500
2297		-2.356250
2298		-3.100000
2299		-2.831250
2300		-3.131250
2301		-3.100000
2302		-3.156250
2303		-2.806250
2304		-3.187500
2305		-3.393750
2306		-3.456250
2307		-3.250000
2308		-3.393750
2309		-2.831250
2310		-2.743750
2311		-2.356250
2312		-2.062500
2313		-1.650000
2314		-1.293750
2315		-0.637500
2316		-0.875000
2317		-0.850000
2318		-0.875000
2319		-1.381250
2320		-2.093750
2321		-2.593750
2322		-3.100000
2323		-4.018750
2324		-4.406250
2325		-5.262500
2326		-5.618750
2327		-6.506250
2328		-6.181250
2329		-6.300000
2330		-6.212500
2331		-6.387500
2332		-6.268750
2333		-6.418750
2334		-6.718750
2335		-6.537500
2336		-6.625000
2337		-6.775000
2338		-7.518750
2339		-7.868750
2340		-8.168750
2341		-8.137500
2342		-8.818750
2343		-8.787500
2344		-9.412500
2345		-9.175000
2346		-9.237500
2347		-9.118750
2348		-8.881250
2349		-8.787500
2350		-8.787500
2351		-7.987500
2352		-7.337500
2353		-6.625000
2354		-6.450000
2355		-5.856250
2356		-4.968750
2357		-4.168750
2358		-3.868750
2359		-3.187500
2360		-3.100000
2361		-2.387500
2362		-2.475000
2363		-2.331250
2364		-2.062500
2365		-1.768750
2366		-1.825000
2367		-1.531250
2368		-1.587500
2369		-1.975000
2370		-1.768750
2371		-2.000000
2372		-1.768750
2373		-1.531250
2374		-1.556250
2375		-1.350000
2376		-1.350000
2377		-1.175000
2378		-0.637500
2379		-0.343750
2380		-0.431250
2381		0.012500
2382		-0.050000
2383		0.068750
2384		0.250000
2385		0.100000
2386		0.068750
2387		0.218750
2388		0.250000
2389		0.068750
2390		-0.018750
2391		-0.050000
2392		-0.906250
2393		-1.468750
2394		-2.000000
2395		-2.625000
2396		-3.425000
2397		-4.493750
2398		-5.468750
2399		-6.506250
2400		-7.606250
2401		-8.137500
2402		-8.762500
2403		-9.531250
2404		-10.862500
2405		-11.431250
2406		-12.050000
2407		-12.406250
2408		-13.118750
2409		-13.206250
2410		-13.562500
2411		-13.712500
2412		-13.856250
2413		-14.212500
2414		-13.975000
2415		-13.800000
2416		-13.031250
2417		-12.318750
2418		-11.812500
2419		-11.312500
2420		-10.006250
2421		-9.681250
2422		-8.462500
2423		-7.306250
2424		-6.718750
2425		-5.562500
2426		-5.056250
2427		-3.750000
2428		-3.306250
2429		-2.656250
2430		-2.000000
2431		-1.318750
2432		-0.906250
2433		-0.225000
2434		0.100000
2435		0.337500
2436		0.368750
2437		0.606250
2438		0.518750
2439		0.756250
2440		0.543750
2441		0.456250
2442		0.812500
2443		0.693750
2444		0.425000
2445		0.487500
2446		0.368750
2447		0.131250
2448		0.043750
2449		-0.075000
2450		0.306250
2451		-0.193750
2452		-0.225000
2453		-0.612500
2454		-0.493750
2455		-0.518750
2456		-0.968750
2457		-0.937500
2458		-1.112500
2459		-1.468750
2460		-1.768750
2461		-2.237500
2462		-2.981250
2463		-3.037500
2464		-3.693750
2465		-4.343750
2466		-4.818750
2467		-5.737500
2468		-6.418750
2469		-6.625000
2470		-7.400000
2471		-7.868750
2472		-8.168750
2473		-8.493750
2474		-9.087500
2475		-9.118750
2476		-9.531250
2477		-9.706250
2478		-9.650000
2479		-9.856250
2480		-9.800000
2481		-9.681250
2482		-9.706250
2483		-9.562500
2484		-9.175000
2485		-9.237500
2486		-9.237500
2487		-8.937500
2488		-8.937500
2489		-9.143750
2490		-8.612500
2491		-8.168750
2492		-8.343750
2493		-7.987500
2494		-7.637500
2495		-7.187500
2496		-7.012500
2497		-6.775000
2498		-5.912500
2499		-5.681250
2500		-5.325000
2501		-4.493750
2502		-4.225000
2503		-3.631250
2504		-3.156250
2505		-2.593750
2506		-2.475000
2507		-2.000000
2508		-1.768750
2509		-1.175000
2510		-1.200000
2511		-0.875000
2512		-0.343750
2513		-0.075000
2514		0.100000
2515		-0.343750
2516		-0.518750
2517		-0.137500
2518		-0.668750
2519		-0.493750
2520		-0.668750
2521		-1.143750
2522		-1.531250
2523		-2.118750
2524		-2.118750
2525		-2.712500
2526		-2.806250
2527		-3.037500
2528		-3.631250
2529		-3.543750
2530		-3.931250
2531		-4.106250
2532		-4.050000
2533		-4.612500
2534		-4.343750
2535		-4.762500
2536		-4.375000
2537		-4.968750
2538		-4.375000
2539		-5.175000
2540		-5.143750
2541		-4.968750
2542		-5.468750
2543		-5.381250
2544		-6.125000
2545		-5.768750
2546		-6.418750
2547		-6.362500
2548		-6.893750
2549		-7.131250
2550		-7.100000
2551		-7.068750
2552		-6.806250
2553		-7.456250
2554		-7.487500
2555		-7.306250
2556		-7.368750
2557		-7.456250
2558		-7.218750
2559		-7.337500
2560		-6.925000
2561		-6.925000
2562		-6.625000
2563		-6.893750
2564		-6.481250
2565		-6.125000
2566		-6.331250
2567		-5.975000
2568		-5.231250
2569		-5.468750
2570		-5.143750
2571		-4.850000
2572		-4.525000
2573		-4.225000
2574		-3.987500
2575		-3.812500
2576		-3.781250
2577		-3.487500
2578		-3.187500
2579		-2.712500
2580		-2.418750
2581		-2.268750
2582		-2.093750
2583		-1.912500
2584		-1.556250
2585		-1.318750
2586		-1.412500
2587		-1.143750
2588		-0.818750
2589		-0.787500
2590		-1.262500
2591		-1.381250
2592		-1.262500
2593		-1.618750
2594		-1.231250
2595		-1.293750
2596		-1.675000
2597		-1.706250
2598		-1.706250
2599		-1.531250
2600		-1.381250
2601		-1.468750
2602		-1.381250
2603		-1.706250
2604		-0.993750
2605		-1.025000
2606		-1.293750
2607		-0.756250
2608		-0.162500
2609		-0.850000
2610		-0.581250
2611		-0.462500
2612		-0.637500
2613		-0.193750
2614		-0.137500
2615		0.162500
2616		0.281250
2617		0.456250
2618		0.368750
2619		0.693750
2620		0.812500
2621		0.931250
2622		0.456250
2623		1.462500
2624		0.962500
2625		0.931250
2626		0.868750
2627		0.575000
2628		0.400000
2629		0.812500
2630		0.068750
2631		0.043750
2632		-0.137500
2633		0.100000
2634		-0.612500
2635		-0.343750
2636		-0.462500
2637		-0.050000
2638		-0.431250
2639		-0.050000
2640		0.162500
2641		0.281250
2642		0.725000
2643		1.287500
2644		0.931250
2645		1.375000
2646		1.700000
2647		1.050000
2648		1.881250
2649		1.968750
2650		1.881250
2651		2.237500
2652		2.975000
2653		3.037500
2654		3.062500
2655		3.275000
2656		3.631250
2657		3.775000
2658		3.862500
2659		3.956250
2660		4.993750
2661		4.662500
2662		4.900000
2663		4.693750
2664		4.606250
2665		4.900000
2666		4.575000
2667		4.550000
2668		4.518750
2669		4.131250
2670		3.862500
2671		3.687500
2672		3.600000
2673		3.331250
2674		3.512500
2675		2.737500
2676		2.681250
2677		2.618750
2678		2.143750
2679		2.381250
2680		1.906250
2681		2.175000
2682		2.087500
2683		1.406250
2684		1.437500
2685		1.731250
2686		1.493750
2687		1.437500
2688		1.375000
2689		0.987500
2690		1.256250
2691		0.812500
2692		0.900000
2693		0.693750
2694		0.756250
2695		0.218750
2696		0.543750
2697		0.543750
2698		0.543750
2699		0.100000
2700		-0.137500
2701		0.162500
2702		0.187500
2703		0.068750
2704		0.012500
2705		0.218750
2706		0.693750
2707		0.812500
2708		1.106250
2709		1.406250
2710		1.343750
2711		1.731250
2712		1.643750
2713		2.412500
2714		2.293750
2715		2.562500
2716		3.331250
2717		3.418750
2718		4.012500
2719		4.368750
2720		5.137500
2721		5.793750
2722		6.531250
2723		6.618750
2724		7.275000
2725		7.306250
2726		7.331250
2727		7.393750
2728		7.425000
2729		7.187500
2730		7.212500
2731		7.093750
2732		6.856250
2733		6.737500
2734		6.618750
2735		6.175000
2736		6.056250
2737		5.468750
2738		5.612500
2739		5.231250
2740		4.606250
2741		4.218750
2742		4.100000
2743		3.656250
2744		3.450000
2745		3.156250
2746		2.975000
2747		2.768750
2748		2.356250
2749		2.293750
2750		1.937500
2751		1.556250
2752		0.987500
2753		1.137500
2754		0.812500
2755		0.662500
2756		0.756250
2757		0.812500
2758		0.456250
2759		0.250000
2760		0.043750
2761		-0.050000
2762		0.250000
2763		0.250000
2764		-0.050000
2765		0.100000
2766		0.368750
2767		-0.137500
2768		-0.075000
2769		0.100000
2770		0.306250
2771		0.843750
2772		0.812500
2773		1.225000
2774		1.343750
2775		1.612500
2776		2.056250
2777		2.531250
2778		2.943750
2779		3.181250
2780		3.418750
2781		3.331250
2782		3.718750
2783		4.075000
2784		4.162500
2785		3.718750
2786		3.718750
2787		3.631250
2788		3.656250
2789		3.893750
2790		3.956250
2791		3.718750
2792		3.862500
2793		3.743750
2794		4.312500
2795		4.962500
2796		4.312500
2797		4.368750
2798		4.250000
2799		4.218750
2800		3.956250
2801		4.431250
2802		4.606250
2803		4.400000
2804		4.218750
2805		4.043750
2806		4.075000
2807		3.631250
2808		3.981250
2809		3.893750
2810		3.806250
2811		3.512500
2812		2.825000
2813		3.062500
2814		2.562500
2815		2.443750
2816		1.818750
2817		1.793750
2818		1.343750
2819		1.731250
2820		1.375000
2821		1.406250
2822		1.406250
2823		1.793750
2824		2.025000
2825		2.175000
2826		2.143750
2827		2.206250
2828		2.143750
2829		2.143750
2830		2.087500
2831		2.087500
2832		2.325000
2833		2.000000
2834		2.175000
2835		2.206250
2836		2.325000
2837		2.593750
2838		2.800000
2839		2.650000
2840		1.525000
2841		2.175000
2842		2.206250
2843		2.143750
2844		1.968750
2845		1.700000
2846		1.700000
2847		1.731250
2848		2.025000
2849		2.025000
2850		1.937500
2851		2.381250
2852		2.800000
2853		2.325000
2854		2.381250
2855		2.237500
2856		2.531250
2857		1.881250
2858		1.643750
2859		1.256250
2860		1.318750
2861		0.756250
2862		0.606250
2863		0.662500
2864		0.518750
2865		0.518750
2866		0.575000
2867		0.606250
2868		1.106250
2869		1.050000
2870		1.168750
2871		0.900000
2872		1.200000
2873		1.462500
2874		1.050000
2875		1.437500
2876		1.256250
2877		1.643750
2878		1.556250
2879		1.700000
2880		1.581250
2881		1.343750
2882		1.793750
2883		2.356250
2884		2.143750
2885		2.237500
2886		2.443750
2887		2.618750
2888		2.593750
2889		2.475000
2890		2.562500
2891		2.593750
2892		2.825000
2893		2.475000
2894		2.175000
2895		2.531250
2896		2.175000
2897		2.143750
2898		1.937500
2899		2.056250
2900		2.206250
2901		1.937500
2902		1.700000
2903		1.612500
2904		1.375000
2905		1.675000
2906		1.287500
2907		1.200000
2908		0.812500
2909		0.812500
2910		0.368750
2911		0.162500
2912		0.368750
2913		0.162500
2914		-0.256250
2915		-0.256250
2916		0.012500
2917		-0.756250
2918		-0.518750
2919		-0.462500
2920		-0.731250
2921		-0.668750
2922		-0.818750
2923		-0.312500
2924		-0.193750
2925		0.068750
2926		-0.018750
2927		-0.050000
2928		0.162500
2929		0.100000
2930		0.400000
2931		0.337500
2932		0.368750
2933		0.306250
2934		0.543750
2935		0.218750
2936		0.250000
2937		0.012500
2938		0.518750
2939		0.868750
2940		1.106250
2941		0.962500
2942		1.081250
2943		1.200000
2944		2.025000
2945		1.906250
2946		2.056250
2947		2.381250
2948		2.475000
2949		3.037500
2950		3.062500
2951		2.943750
2952		2.975000
2953		2.800000
2954		3.125000
2955		2.825000
2956		2.531250
2957		2.825000
2958		2.737500
2959		2.800000
2960		2.825000
2961		2.500000
2962		2.000000
2963		1.700000
2964		1.793750
2965		1.256250
2966		1.081250
2967		1.018750
2968		0.662500
2969		0.543750
2970		0.606250
2971		0.662500
2972		0.637500
2973		0.637500
2974		0.662500
2975		0.250000
2976		0.400000
2977		0.575000
2978		0.400000
2979		0.368750
2980		0.306250
2981		0.218750
2982		0.425000
2983		0.100000
2984		0.131250
2985		0.400000
2986		0.456250
2987		0.337500
2988		0.456250
2989		0.400000
2990		0.843750
2991		0.637500
2992		0.756250
2993		0.843750
2994		0.725000
2995		0.337500
2996		0.518750
2997		0.693750
2998		0.781250
2999		0.812500
3000		0.781250
3001		0.900000
3002		1.137500
3003		1.081250
3004		0.843750
3005		1.256250
3006		1.137500
3007		1.200000
3008		1.437500
3009		1.493750
3010		1.581250
3011		1.287500
3012		1.200000
3013		1.137500
3014		1.137500
3015		1.256250
3016		0.368750
3017		0.693750
3018		0.756250
3019		0.456250
3020		0.218750
3021		-0.050000
3022		-0.225000
3023		-0.637500
3024		-0.612500
3025		-0.518750
3026		-0.225000
3027		-0.375000
3028		-0.700000
3029		-0.668750
3030		-0.431250
3031		-0.106250
3032		0.456250
3033		0.812500
3034		0.456250
3035		0.425000
3036		0.962500
3037		0.962500
3038		1.106250
3039		1.050000
3040		0.900000
3041		1.318750
3042		1.343750
3043		1.793750
3044		1.643750
3045		1.818750
3046		1.700000
3047		2.143750
3048		1.968750
3049		1.818750
3050		2.143750
3051		2.000000
3052		1.643750
3053		1.556250
3054		1.462500
3055		0.962500
3056		0.868750
3057		0.693750
3058		0.250000
3059		0.518750
3060		0.337500
3061		0.425000
3062		0.218750
3063		-0.343750
3064		0.131250
3065		0.012500
3066		-0.162500
3067		-0.343750
3068		-0.400000
3069		-0.193750
3070		-0.343750
3071		-0.700000
3072		-0.993750
3073		-0.906250
3074		-0.637500
3075		-0.731250
3076		-1.231250
3077		-1.231250
3078		-0.850000
3079		-0.731250
3080		-0.637500
3081		-0.137500
3082		-0.075000
3083		-0.050000
3084		0.637500
3085		0.606250
3086		1.200000
3087		1.287500
3088		1.287500
3089		1.256250
3090		1.225000
3091		1.200000
3092		1.200000
3093		1.581250
3094		1.462500
3095		1.318750
3096		1.406250
3097		0.693750
3098		0.843750
3099		0.781250
3100		1.343750
3101		0.812500
3102		0.987500
3103		1.343750
3104		1.343750
3105		1.437500
3106		1.200000
3107		1.437500
3108		1.437500
3109		1.406250
3110		1.581250
3111		1.343750
3112		1.437500
3113		1.556250
3114		1.493750
3115		1.493750
3116		1.287500
3117		0.962500
3118		0.987500
3119		1.256250
3120		1.256250
3121		0.900000
3122		0.606250
3123		0.868750
3124		0.662500
3125		0.662500
3126		0.487500
3127		0.962500
3128		0.456250
3129		0.487500
3130		0.162500
3131		0.218750
3132		-0.018750
3133		-0.431250
3134		-0.281250
3135		-0.756250
3136		-1.143750
3137		-1.231250
3138		-1.025000
3139		-1.556250
3140		-1.975000
3141		-1.943750
3142		-1.706250
3143		-1.531250
3144		-1.350000
3145		-1.143750
3146		-1.381250
3147		-1.175000
3148		-0.875000
3149		-0.637500
3150		-0.731250
3151		-0.875000
3152		-0.550000
3153		-0.787500
3154		-0.731250
3155		-0.637500
3156		-0.581250
3157		-0.225000
3158		-0.312500
3159		-0.050000
3160		-0.193750
3161		-0.137500
3162		0.043750
3163		0.218750
3164		0.100000
3165		0.218750
3166		0.456250
3167		0.543750
3168		0.606250
3169		1.137500
3170		0.900000
3171		1.018750
3172		0.812500
3173		0.962500
3174		0.900000
3175		0.781250
3176		1.256250
3177		1.137500
3178		0.693750
3179		0.843750
3180		0.456250
3181		0.662500
3182		0.306250
3183		0.518750
3184		0.368750
3185		0.543750
3186		0.487500
3187		0.218750
3188		0.543750
3189		0.306250
3190		0.518750
3191		0.543750
3192		0.131250
3193		0.306250
3194		0.012500
3195		-0.193750
3196		-0.343750
3197		-0.193750
3198		-0.668750
3199		-0.787500
3200		-1.112500
3201		-1.175000
3202		-1.468750
3203		-1.675000
3204		-1.468750
3205		-1.768750
3206		-1.943750
3207		-1.675000
3208		-1.412500
3209		-1.500000
3210		-1.531250
3211		-1.737500
3212		-1.381250
3213		-1.468750
3214		-1.175000
3215		-1.231250
3216		-1.500000
3217		-1.231250
3218		-1.350000
3219		-1.650000
3220		-1.887500
3221		-1.825000
3222		-2.387500
3223		-2.000000
3224		-1.618750
3225		-2.031250
3226		-1.856250
3227		-1.856250
3228		-1.706250
3229		-1.468750
3230		-1.112500
3231		-1.262500
3232		-1.143750
3233		-1.381250
3234		-0.818750
3235		-1.081250
3236		-0.993750
3237		-1.143750
3238		-0.906250
3239		-1.112500
3240		-0.968750
3241		-0.937500
3242		-0.818750
3243		-0.937500
3244		-0.787500
3245		-0.875000
3246		-1.175000
3247		-1.200000
3248		-1.468750
3249		-0.937500
3250		-0.756250
3251		-1.025000
3252		-0.906250
3253		-1.056250
3254		-1.262500
3255		-1.350000
3256		-1.318750
3257		-1.556250
3258		-1.706250
3259		-1.975000
3260		-2.150000
3261		-2.387500
3262		-2.712500
3263		-2.387500
3264		-1.975000
3265		-2.268750
3266		-2.031250
3267		-1.531250
3268		-1.112500
3269		-0.518750
3270		-0.343750
3271		-0.193750
3272		0.518750
3273		-0.343750
3274		0.068750
3275		-0.400000
3276		-0.818750
3277		-1.231250
3278		-1.556250
3279		-1.887500
3280		-2.268750
3281		-2.656250
3282		-2.806250
3283		-2.656250
3284		-3.012500
3285		-3.187500
3286		-3.337500
3287		-3.393750
3288		-3.456250
3289		-3.900000
3290		-3.812500
3291		-3.575000
3292		-3.750000
3293		-3.575000
3294		-3.693750
3295		-3.187500
3296		-2.656250
3297		-2.450000
3298		-2.268750
3299		-2.000000
3300		-1.706250
3301		-1.618750
3302		-1.556250
3303		-1.437500
3304		-1.231250
3305		-0.968750
3306		-1.081250
3307		-1.231250
3308		-1.262500
3309		-1.437500
3310		-1.175000
3311		-1.231250
3312		-0.668750
3313		-0.700000
3314		-0.018750
3315		-0.162500
3316		0.400000
3317		0.487500
3318		0.812500
3319		1.106250
3320		0.693750
3321		1.106250
3322		0.725000
3323		0.400000
3324		-0.581250
3325		-1.025000
3326		-1.175000
3327		-2.093750
3328		-2.687500
3329		-3.100000
3330		-3.425000
3331		-3.575000
3332		-3.781250
3333		-4.050000
3334		-4.462500
3335		-3.900000
3336		-4.168750
3337		-4.406250
3338		-4.431250
3339		-4.287500
3340		-4.787500
3341		-5.381250
3342		-4.993750
3343		-5.562500
3344		-5.793750
3345		-6.268750
3346		-6.125000
3347		-6.537500
3348		-7.043750
3349		-7.131250
3350		-7.043750
3351		-7.068750
3352		-7.100000
3353		-6.743750
3354		-6.031250
3355		-6.300000
3356		-5.825000
3357		-4.875000
3358		-4.431250
3359		-3.487500
3360		-3.487500
3361		-3.156250
3362		-2.062500
3363		-1.768750
3364		-1.468750
3365		-1.025000
3366		-0.400000
3367		-0.850000
3368		-0.256250
3369		-0.818750
3370		0.043750
3371		-0.075000
3372		0.218750
3373		0.368750
3374		0.250000
3375		0.306250
3376		0.781250
3377		0.100000
3378		0.693750
3379		0.781250
3380		0.756250
3381		0.756250
3382		0.900000
3383		1.287500
3384		1.256250
3385		1.493750
3386		2.087500
3387		2.175000
3388		2.531250
3389		2.381250
3390		2.237500
3391		3.093750
3392		2.712500
3393		2.618750
3394		2.293750
3395		1.762500
3396		1.200000
3397		0.606250
3398		0.100000
3399		-0.968750
3400		-2.062500
3401		-2.950000
3402		-4.343750
3403		-5.262500
3404		-6.212500
3405		-7.306250
3406		-8.200000
3407		-8.731250
3408		-9.118750
3409		-9.650000
3410		-10.331250
3411		-10.837500
3412		-10.656250
3413		-11.043750
3414		-11.637500
3415		-11.400000
3416		-11.312500
3417		-11.756250
3418		-11.400000
3419		-11.162500
3420		-10.806250
3421		-9.768750
3422		-9.118750
3423		-8.168750
3424		-7.456250
3425		-6.450000
3426		-5.681250
3427		-4.643750
3428		-3.337500
3429		-2.743750
3430		-2.212500
3431		-1.081250
3432		-0.225000
3433		0.543750
3434		1.406250
3435		1.525000
3436		2.175000
3437		2.475000
3438		2.475000
3439		2.593750
3440		2.918750
3441		2.768750
3442		2.737500
3443		2.768750
3444		2.356250
3445		2.531250
3446		2.800000
3447		2.443750
3448		2.800000
3449		2.825000
3450		2.356250
3451		2.531250
3452		2.443750
3453		2.475000
3454		2.381250
3455		2.325000
3456		2.500000
3457		1.881250
3458		1.881250
3459		1.762500
3460		1.493750
3461		0.931250
3462		0.606250
3463		0.575000
3464		-0.050000
3465		-0.787500
3466		-1.081250
3467		-1.825000
3468		-2.418750
3469		-3.012500
3470		-3.631250
3471		-4.287500
3472		-4.762500
3473		-5.231250
3474		-5.825000
3475		-6.625000
3476		-6.718750
3477		-6.981250
3478		-7.306250
3479		-7.162500
3480		-7.306250
3481		-7.693750
3482		-7.456250
3483		-7.900000
3484		-7.750000
3485		-7.662500
3486		-7.100000
3487		-7.250000
3488		-6.981250
3489		-6.806250
3490		-6.568750
3491		-6.006250
3492		-5.856250
3493		-5.381250
3494		-5.143750
3495		-4.731250
3496		-4.193750
3497		-4.643750
3498		-4.493750
3499		-3.693750
3500		-3.606250
3501		-3.275000
3502		-2.950000
3503		-2.356250
3504		-2.568750
3505		-2.150000
3506		-1.675000
3507		-1.175000
3508		-0.906250
3509		-0.612500
3510		-0.137500
3511		0.187500
3512		0.518750
3513		0.756250
3514		1.343750
3515		1.643750
3516		1.437500
3517		1.937500
3518		1.881250
3519		1.850000
3520		1.700000
3521		1.556250
3522		1.581250
3523		1.200000
3524		1.050000
3525		0.575000
3526		0.662500
3527		0.250000
3528		-0.431250
3529		-0.493750
3530		-0.875000
3531		-1.143750
3532		-1.381250
3533		-1.350000
3534		-1.706250
3535		-1.412500
3536		-1.887500
3537		-2.031250
3538		-2.237500
3539		-2.237500
3540		-2.300000
3541		-2.418750
3542		-2.387500
3543		-2.506250
3544		-2.950000
3545		-3.156250
3546		-3.275000
3547		-3.456250
3548		-3.868750
3549		-4.050000
3550		-3.631250
3551		-4.018750
3552		-4.343750
3553		-4.525000
3554		-4.225000
3555		-4.225000
3556		-4.875000
3557		-4.312500
3558		-4.525000
3559		-4.462500
3560		-4.256250
3561		-4.612500
3562		-4.525000
3563		-4.875000
3564		-4.225000
3565		-4.550000
3566		-3.781250
3567		-3.250000
3568		-3.575000
3569		-3.306250
3570		-3.218750
3571		-2.893750
3572		-2.506250
3573		-2.568750
3574		-1.706250
3575		-1.825000
3576		-1.768750
3577		-1.143750
3578		-1.381250
3579		-0.850000
3580		-0.612500
3581		-0.668750
3582		-0.225000
3583		0.250000
3584		0.068750
3585		0.162500
3586		0.400000
3587		0.543750
3588		0.606250
3589		0.456250
3590		0.900000
3591		1.343750
3592		1.050000
3593		1.081250
3594		1.287500
3595		0.987500
3596		1.581250
3597		1.581250
3598		1.287500
3599		1.287500
3600		1.318750
3601		0.337500
3602		0.756250
3603		0.868750
3604		1.137500
3605		0.606250
3606		0.487500
3607		0.756250
3608		0.637500
3609		0.543750
3610		0.868750
3611		0.637500
3612		0.725000
3613		0.868750
3614		1.256250
3615		1.493750
3616		1.793750
3617		1.643750
3618		1.850000
3619		2.175000
3620		2.087500
3621		2.143750
3622		1.850000
3623		2.175000
3624		2.412500
3625		2.237500
3626		2.593750
3627		2.531250
3628		2.737500
3629		2.562500
3630		2.737500
3631		2.737500
3632		2.500000
3633		2.087500
3634		2.143750
3635		2.143750
3636		2.237500
3637		1.850000
3638		2.143750
3639		1.762500
3640		1.937500
3641		1.525000
3642		1.850000
3643		1.968750
3644		1.881250
3645		2.500000
3646		2.381250
3647		2.737500
3648		3.037500
3649		2.475000
3650		3.181250
3651		3.275000
3652		3.300000
3653		3.862500
3654		4.131250
3655		4.550000
3656		4.662500
3657		4.900000
3658		5.050000
3659		5.556250
3660		6.412500
3661		6.175000
3662		6.237500
3663		6.387500
3664		6.387500
3665		6.325000
3666		6.325000
3667		6.237500
3668		6.293750
3669		6.206250
3670		6.000000
3671		6.175000
3672		6.087500
3673		5.437500
3674		5.675000
3675		5.493750
3676		5.762500
3677		5.643750
3678		5.200000
3679		5.137500
3680		4.606250
3681		4.875000
3682		4.250000
3683		4.131250
3684		4.606250
3685		3.537500
3686		3.481250
3687		3.212500
3688		3.062500
3689		3.125000
3690		2.618750
3691		2.593750
3692		2.475000
3693		2.593750
3694		2.618750
3695		2.087500
3696		2.412500
3697		1.937500
3698		2.087500
3699		2.000000
3700		2.118750
3701		1.881250
3702		1.731250
3703		2.118750
3704		1.493750
3705		1.937500
3706		1.081250
3707		1.137500
3708		1.137500
3709		1.881250
3710		1.643750
3711		1.937500
3712		1.937500
3713		2.475000
3714		2.325000
3715		2.887500
3716		3.362500
3717		3.956250
3718		3.806250
3719		4.162500
3720		4.550000
3721		5.200000
3722		5.168750
3723		5.937500
3724		6.325000
3725		6.618750
3726		7.006250
3727		7.362500
3728		8.106250
3729		7.925000
3730		7.987500
3731		8.400000
3732		8.575000
3733		8.250000
3734		8.312500
3735		8.043750
3736		7.718750
3737		8.162500
3738		7.775000
3739		7.331250
3740		7.393750
3741		7.068750
3742		6.918750
3743		6.387500
3744		6.593750
3745		6.175000
3746		5.350000
3747		5.256250
3748		4.812500
3749		4.875000
3750		4.550000
3751		3.718750
3752		3.806250
3753		3.806250
3754		3.331250
3755		3.212500
3756		2.943750
3757		2.681250
3758		2.800000
3759		2.712500
3760		2.593750
3761		2.293750
3762		2.025000
3763		2.087500
3764		2.000000
3765		2.000000
3766		1.700000
3767		1.050000
3768		1.081250
3769		0.868750
3770		0.931250
3771		0.575000
3772		1.050000
3773		1.050000
3774		1.437500
3775		1.256250
3776		2.000000
3777		1.968750
3778		2.443750
3779		2.768750
3780		2.800000
3781		3.331250
3782		3.862500
3783		4.012500
3784		3.862500
3785		4.312500
3786		4.100000
3787		4.518750
3788		4.456250
3789		4.550000
3790		4.575000
3791		4.312500
3792		4.281250
3793		4.162500
3794		4.693750
3795		4.518750
3796		4.550000
3797		4.606250
3798		4.456250
3799		5.112500
3800		4.843750
3801		5.287500
3802		5.050000
3803		4.900000
3804		4.575000
3805		5.050000
3806		5.256250
3807		5.112500
3808		5.350000
3809		4.962500
3810		4.725000
3811		5.200000
3812		4.843750
3813		4.843750
3814		5.137500
3815		4.756250
3816		4.693750
3817		4.337500
3818		3.862500
3819		3.925000
3820		3.687500
3821		3.062500
3822		3.093750
3823		2.800000
3824		2.681250
3825		3.362500
3826		2.475000
3827		2.825000
3828		2.887500
3829		3.125000
3830		3.331250
3831		2.975000
3832		3.631250
3833		3.512500
3834		3.631250
3835		3.631250
3836		3.450000
3837		3.275000
3838		3.806250
3839		3.362500
3840		3.862500
3841		3.418750
3842		3.743750
3843		3.512500
3844		3.718750
3845		3.418750
3846		2.887500
3847		3.156250
3848		2.262500
3849		2.618750
3850		2.475000
3851		2.000000
3852		2.143750
3853		2.087500
3854		2.475000
3855		2.531250
3856		2.531250
3857		2.712500
3858		3.212500
3859		3.125000
3860		2.856250
3861		2.825000
3862		2.800000
3863		2.206250
3864		2.056250
3865		1.881250
3866		2.025000
3867		1.850000
3868		1.556250
3869		1.612500
3870		1.581250
3871		1.731250
3872		1.850000
3873		1.731250
3874		2.087500
3875		2.443750
3876		2.593750
3877		2.325000
3878		2.768750
3879		2.918750
3880		2.975000
3881		3.181250
3882		2.943750
3883		3.125000
3884		3.062500
3885		3.481250
3886		3.125000
3887		3.275000
3888		3.331250
3889		3.181250
3890		3.300000
3891		3.537500
3892		3.418750
3893		3.481250
3894		3.243750
3895		3.837500
3896		3.418750
3897		3.600000
3898		3.275000
3899		3.862500
3900		3.481250
3901		3.362500
3902		3.125000
3903		2.768750
3904		2.737500
3905		2.443750
3906		2.531250
3907		2.356250
3908		2.025000
3909		1.700000
3910		1.793750
3911		1.556250
3912		0.812500
3913		0.900000
3914		0.812500
3915		0.843750
3916		0.575000
3917		0.306250
3918		0.131250
3919		0.400000
3920		-0.281250
3921		-0.193750
3922		-0.581250
3923		-0.162500
3924		-0.225000
3925		-0.281250
3926		0.043750
3927		0.306250
3928		0.131250
3929		-0.193750
3930		0.518750
3931		0.425000
3932		0.606250
3933		0.606250
3934		0.487500
3935		0.756250
3936		0.693750
3937		0.756250
3938		0.518750
3939		1.081250
3940		0.693750
3941		1.106250
3942		1.643750
3943		1.493750
3944		1.675000
3945		1.793750
3946		1.968750
3947		2.293750
3948		2.618750
3949		2.500000
3950		2.650000
3951		2.768750
3952		2.975000
3953		3.362500
3954		3.212500
3955		3.512500
3956		3.600000
3957		3.393750
3958		3.718750
3959		3.600000
3960		4.012500
3961		3.656250
3962		3.656250
3963		3.243750
3964		3.362500
3965		2.800000
3966		2.618750
3967		2.325000
3968		2.143750
3969		2.025000
3970		1.287500
3971		1.050000
3972		0.900000
3973		0.725000
3974		0.606250
3975		0.725000
3976		0.250000
3977		0.131250
3978		0.162500
3979		0.012500
3980		0.662500
3981		0.400000
3982		0.100000
3983		0.043750
3984		0.162500
3985		0.100000
3986		0.306250
3987		0.250000
3988		0.218750
3989		-0.050000
3990		0.162500
3991		0.337500
3992		0.693750
3993		0.487500
3994		0.400000
3995		0.693750
3996		0.543750
3997		0.400000
3998		0.725000
3999		0.693750
4000		0.250000
4001		0.693750
4002		1.106250
4003		1.343750
4004		1.287500
4005		0.812500
4006		1.168750
4007		1.343750
4008		1.731250
4009		1.437500
4010		1.793750
4011		1.581250
4012		1.643750
4013		1.525000
4014		1.493750
4015		1.287500
4016		1.287500
4017		1.525000
4018		1.137500
4019		1.106250
4020		1.375000
4021		1.050000
4022		0.962500
4023		0.900000
4024		0.662500
4025		0.606250
4026		0.250000
4027		0.218750
4028		0.456250
4029		-0.162500
4030		-0.612500
4031		-0.375000
4032		-0.668750
4033		-0.431250
4034		-0.431250
4035		-0.518750
4036		-0.343750
4037		0.250000
4038		0.068750
4039		-0.462500
4040		0.456250
4041		0.843750
4042		0.868750
4043		0.962500
4044		1.406250
4045		1.493750
4046		1.643750
4047		1.256250
4048		1.612500
4049		1.581250
4050		1.850000
4051		1.643750
4052		1.700000
4053		1.343750
4054		1.437500
4055		1.462500
4056		1.581250
4057		1.437500
4058		1.556250
4059		1.200000
4060		1.137500
4061		0.900000
4062		0.900000
4063		0.931250
4064		0.518750
4065		0.662500
4066		0.250000
4067		0.218750
4068		-0.162500
4069		-0.137500
4070		-0.225000
4071		-0.018750
4072		-0.431250
4073		-0.518750
4074		-0.431250
4075		-0.787500
4076		-0.225000
4077		-0.787500
4078		-0.637500
4079		-0.937500
4080		-1.143750
4081		-1.231250
4082		-1.293750
4083		-1.025000
4084		-0.937500
4085		-0.518750
4086		-0.581250
4087		-0.937500
4088		0.043750
4089		0.693750
4090		0.306250
4091		0.843750
4092		0.868750
4093		0.962500
4094		1.050000
4095		1.200000
4096		1.225000
4097		1.287500
4098		1.200000
4099		0.843750
4100		1.018750
4101		0.781250
4102		1.050000
4103		0.543750
4104		0.962500
4105		0.781250
4106		0.987500
4107		0.987500
4108		1.200000
4109		1.256250
4110		1.406250
4111		1.287500
4112		1.050000
4113		1.106250
4114		0.756250
4115		0.962500
4116		1.137500
4117		0.606250
4118		0.812500
4119		0.900000
4120		0.812500
4121		0.662500
4122		0.487500
4123		0.868750
4124		0.900000
4125		0.543750
4126		0.306250
4127		0.250000
4128		0.100000
4129		0.100000
4130		-0.106250
4131		0.012500
4132		0.012500
4133		-0.668750
4134		-0.787500
4135		-1.025000
4136		-1.081250
4137		-1.531250
4138		-1.706250
4139		-1.618750
4140		-1.975000
4141		-2.118750
4142		-2.450000
4143		-2.450000
4144		-2.118750
4145		-2.450000
4146		-2.300000
4147		-2.537500
4148		-1.943750
4149		-2.031250
4150		-2.150000
4151		-1.943750
4152		-1.912500
4153		-2.181250
4154		-1.768750
4155		-2.000000
4156		-1.912500
4157		-2.093750
4158		-1.737500
4159		-1.675000
4160		-1.618750
4161		-1.556250
4162		-1.262500
4163		-1.056250
4164		-0.993750
4165		-0.787500
4166		-0.937500
4167		-0.225000
4168		-0.343750
4169		-0.668750
4170		-0.493750
4171		-0.375000
4172		-0.343750
4173		-0.075000
4174		-0.225000
4175		-0.281250
4176		-0.343750
4177		-0.343750
4178		-0.343750
4179		-0.400000
4180		0.162500
4181		0.043750
4182		0.306250
4183		0.100000
4184		-0.343750
4185		0.012500
4186		0.068750
4187		-0.400000
4188		-0.256250
4189		-0.493750
4190		-0.668750
4191		-0.637500
4192		-0.875000
4193		-0.937500
4194		-0.462500
4195		-0.818750
4196		-0.937500
4197		-0.850000
4198		-0.818750
4199		-1.200000
4200		-1.618750
4201		-2.000000
4202		-2.031250
4203		-2.062500
4204		-1.975000
4205		-2.118750
4206		-2.656250
4207		-2.356250
4208		-2.862500
4209		-2.237500
4210		-2.806250
4211		-2.893750
4212		-2.950000
4213		-2.950000
4214		-2.743750
4215		-2.925000
4216		-3.037500
4217		-2.950000
4218		-2.775000
4219		-3.306250
4220		-2.568750
4221		-2.831250
4222		-2.743750
4223		-2.981250
4224		-2.862500
4225		-3.100000
4226		-3.131250
4227		-3.100000
4228		-2.950000
4229		-3.393750
4230		-3.100000
4231		-3.393750
4232		-2.862500
4233		-3.156250
4234		-3.100000
4235		-2.862500
4236		-3.275000
4237		-2.862500
4238		-2.356250
4239		-2.506250
4240		-2.593750
4241		-2.506250
4242		-2.356250
4243		-2.475000
4244		-2.181250
4245		-1.975000
4246		-2.118750
4247		-2.450000
4248		-2.356250
4249		-2.212500
4250		-2.212500
4251		-2.300000
4252		-2.656250
4253		-2.450000
4254		-2.268750
4255		-3.068750
4256		-2.450000
4257		-3.187500
4258		-2.893750
4259		-2.893750
4260		-3.306250
4261		-3.250000
4262		-3.306250
4263		-3.812500
4264		-3.487500
4265		-3.781250
4266		-3.781250
4267		-3.693750
4268		-3.843750
4269		-3.750000
4270		-3.543750
4271		-3.037500
4272		-2.893750
4273		-2.593750
4274		-1.912500
4275		-2.150000
4276		-2.000000
4277		-1.587500
4278		-1.825000
4279		-1.975000
4280		-2.506250
4281		-2.656250
4282		-3.068750
4283		-3.337500
4284		-3.843750
4285		-3.606250
4286		-4.343750
4287		-4.225000
4288		-4.343750
4289		-4.787500
4290		-4.668750
4291		-5.112500
4292		-4.968750
4293		-5.412500
4294		-5.262500
4295		-5.706250
4296		-6.212500
4297		-5.825000
4298		-5.768750
4299		-5.887500
4300		-5.025000
4301		-4.787500
4302		-4.137500
4303		-3.931250
4304		-3.693750
4305		-3.068750
4306		-2.212500
4307		-2.625000
4308		-2.743750
4309		-2.356250
4310		-2.806250
4311		-2.893750
4312		-2.687500
4313		-2.806250
4314		-2.743750
4315		-3.037500
4316		-2.300000
4317		-2.893750
4318		-2.387500
4319		-1.081250
4320		-1.912500
4321		-1.350000
4322		-1.025000
4323		-0.968750
4324		-1.025000
4325		-0.312500
4326		-0.787500
4327		-1.025000
4328		-1.381250
4329		-2.000000
4330		-2.656250
4331		-2.981250
4332		-3.781250
4333		-4.643750
4334		-5.231250
4335		-5.325000
4336		-6.031250
4337		-6.062500
4338		-6.243750
4339		-6.243750
4340		-6.006250
4341		-6.150000
4342		-6.150000
4343		-6.212500
4344		-6.362500
4345		-6.925000
4346		-6.362500
4347		-6.743750
4348		-7.518750
4349		-7.637500
4350		-7.725000
4351		-7.868750
4352		-7.987500
4353		-8.525000
4354		-8.375000
4355		-8.700000
4356		-9.056250
4357		-8.581250
4358		-8.318750
4359		-7.987500
4360		-7.456250
4361		-7.306250
4362		-6.600000
4363		-5.856250
4364		-5.206250
4365		-4.550000
4366		-4.225000
4367		-3.693750
4368		-3.131250
4369		-2.268750
4370		-2.237500
4371		-1.856250
4372		-1.887500
4373		-1.856250
4374		-1.768750
4375		-1.412500
4376		-1.675000
4377		-1.768750
4378		-1.556250
4379		-2.000000
4380		-2.150000
4381		-2.031250
4382		-1.887500
4383		-1.650000
4384		-1.587500
4385		-1.293750
4386		-0.875000
4387		-0.968750
4388		-0.581250
4389		-0.075000
4390		0.250000
4391		0.162500
4392		0.518750
4393		0.606250
4394		0.368750
4395		0.756250
4396		0.693750
4397		0.725000
4398		0.100000
4399		-0.050000
4400		-0.668750
4401		-1.056250
4402		-1.737500
4403		-2.806250
4404		-3.456250
4405		-4.643750
4406		-5.618750
4407		-6.450000
4408		-7.250000
4409		-8.937500
4410		-9.587500
4411		-10.512500
4412		-10.837500
4413		-11.662500
4414		-12.231250
4415		-12.525000
4416		-12.850000
4417		-13.356250
4418		-13.381250
4419		-13.593750
4420		-13.712500
4421		-13.531250
4422		-13.618750
4423		-13.325000
4424		-12.112500
4425		-12.350000
4426		-11.875000
4427		-10.687500
4428		-9.531250
4429		-8.937500
4430		-7.750000
4431		-6.656250
4432		-5.975000
4433		-5.056250
4434		-3.987500
4435		-3.218750
4436		-2.925000
4437		-2.418750
4438		-1.468750
4439		-1.056250
4440		-0.731250
4441		-0.400000
4442		-0.075000
4443		0.218750
4444		0.162500
4445		-0.018750
4446		0.162500
4447		0.368750
4448		0.162500
4449		0.543750
4450		0.306250
4451		0.306250
4452		0.368750
4453		0.456250
4454		0.400000
4455		-0.050000
4456		0.012500
4457		0.162500
4458		0.068750
4459		-0.193750
4460		-0.550000
4461		-0.668750
4462		-0.818750
4463		-0.700000
4464		-1.025000
4465		-1.231250
4466		-1.381250
4467		-1.825000
4468		-2.118750
4469		-2.568750
4470		-3.012500
4471		-3.631250
4472		-4.287500
4473		-5.025000
4474		-5.793750
4475		-6.268750
4476		-6.625000
4477		-7.487500
4478		-8.525000
4479		-8.818750
4480		-9.356250
4481		-9.237500
4482		-9.356250
4483		-9.918750
4484		-10.181250
4485		-10.212500
4486		-10.212500
4487		-10.125000
4488		-9.856250
4489		-9.768750
4490		-9.325000
4491		-9.262500
4492		-8.850000
4493		-8.612500
4494		-8.406250
4495		-8.081250
4496		-7.781250
4497		-7.337500
4498		-7.250000
4499		-7.337500
4500		-7.012500
4501		-6.862500
4502		-6.450000
4503		-6.150000
4504		-5.856250
4505		-5.381250
4506		-5.381250
4507		-5.262500
4508		-4.787500
4509		-3.931250
4510		-3.781250
4511		-3.218750
4512		-2.831250
4513		-2.712500
4514		-2.356250
4515		-2.000000
4516		-1.531250
4517		-1.318750
4518		-1.112500
4519		-0.875000
4520		-0.731250
4521		-0.637500
4522		-0.225000
4523		-0.550000
4524		0.012500
4525		-0.225000
4526		-0.937500
4527		-0.937500
4528		-1.112500
4529		-0.993750
4530		-1.318750
4531		-1.618750
4532		-2.300000
4533		-2.331250
4534		-2.568750
4535		-2.625000
4536		-3.337500
4537		-3.693750
4538		-3.456250
4539		-4.193750
4540		-4.462500
4541		-4.343750
4542		-4.525000
4543		-4.612500
4544		-4.581250
4545		-4.581250
4546		-4.550000
4547		-4.818750
4548		-5.087500
4549		-4.850000
4550		-4.968750
4551		-5.443750
4552		-5.887500
4553		-5.618750
4554		-5.912500
4555		-6.537500
4556		-6.775000
4557		-6.687500
4558		-6.718750
4559		-7.131250
4560		-7.337500
4561		-7.637500
4562		-6.925000
4563		-6.950000
4564		-7.100000
4565		-7.250000
4566		-6.950000
4567		-6.687500
4568		-6.718750
4569		-6.300000
4570		-6.062500
4571		-6.062500
4572		-6.125000
4573		-5.587500
4574		-5.618750
4575		-4.937500
4576		-5.112500
4577		-4.968750
4578		-4.612500
4579		-4.550000
4580		-4.312500
4581		-3.781250
4582		-3.843750
4583		-3.606250
4584		-3.250000
4585		-3.306250
4586		-3.100000
4587		-2.893750
4588		-2.950000
4589		-2.268750
4590		-1.856250
4591		-1.912500
4592		-1.825000
4593		-1.412500
4594		-1.293750
4595		-1.175000
4596		-1.025000
4597		-1.318750
4598		-0.493750
4599		-1.081250
4600		-1.293750
4601		-1.143750
4602		-1.143750
4603		-1.262500
4604		-1.587500
4605		-1.618750
4606		-1.500000
4607		-1.556250
4608		-1.768750
4609		-1.825000
4610		-1.856250
4611		-1.912500
4612		-1.825000
4613		-1.500000
4614		-1.468750
4615		-1.318750
4616		-1.437500
4617		-1.381250
4618		-1.200000
4619		-1.175000
4620		-1.175000
4621		-1.081250
4622		-1.412500
4623		-0.787500
4624		-0.375000
4625		-0.375000
4626		-0.075000
4627		-0.193750
4628		0.100000
4629		0.218750
4630		0.400000
4631		0.518750
4632		0.843750
4633		0.781250
4634		0.962500
4635		0.812500
4636		0.812500
4637		0.518750
4638		0.400000
4639		0.487500
4640		0.162500
4641		-0.281250
4642		-0.343750
4643		-0.431250
4644		-0.375000
4645		-0.493750
4646		-0.731250
4647		-0.581250
4648		-0.668750
4649		-0.225000
4650		0.218750
4651		0.368750
4652		0.575000
4653		0.606250
4654		0.987500
4655		1.256250
4656		1.437500
4657		1.318750
4658		1.906250
4659		2.237500
4660		2.293750
4661		2.500000
4662		2.768750
4663		3.156250
4664		3.631250
4665		3.806250
4666		3.743750
4667		4.312500
4668		4.218750
4669		4.575000
4670		4.725000
4671		4.456250
4672		4.843750
4673		4.725000
4674		4.875000
4675		4.400000
4676		4.368750
4677		3.925000
4678		4.100000
4679		3.631250
4680		3.450000
4681		3.062500
4682		3.212500
4683		2.650000
4684		2.825000
4685		2.443750
4686		2.237500
4687		2.443750
4688		2.293750
4689		1.906250
4690		1.906250
4691		1.881250
4692		1.581250
4693		1.556250
4694		1.493750
4695		1.050000
4696		1.437500
4697		0.812500
4698		0.812500
4699		1.200000
4700		0.987500
4701		0.693750
4702		0.637500
4703		0.662500
4704		0.456250
4705		0.425000
4706		0.518750
4707		-0.493750
4708		-0.281250
4709		-0.343750
4710		0.068750
4711		-0.106250
4712		-0.050000
4713		0.187500
4714		0.218750
4715		0.250000
4716		0.368750
4717		0.756250
4718		1.437500
4719		1.318750
4720		1.643750
4721		1.937500
4722		2.237500
4723		2.500000
4724		2.618750
4725		2.681250
4726		3.418750
4727		3.925000
4728		4.218750
4729		4.550000
4730		4.993750
4731		5.587500
4732		6.325000
4733		6.918750
4734		7.006250
4735		7.512500
4736		7.362500
4737		7.362500
4738		7.093750
4739		7.187500
4740		7.037500
4741		6.618750
4742		6.056250
4743		6.237500
4744		6.031250
4745		5.762500
4746		5.468750
4747		5.256250
4748		5.112500
4749		4.456250
4750		4.131250
4751		3.956250
4752		4.075000
4753		3.481250
4754		2.943750
4755		2.737500
4756		2.325000
4757		2.000000
4758		2.056250
4759		1.850000
4760		1.406250
4761		1.700000
4762		1.081250
4763		0.987500
4764		0.543750
4765		0.725000
4766		0.456250
4767		0.337500
4768		0.662500
4769		0.162500
4770		-0.050000
4771		-0.075000
4772		0.487500
4773		0.162500
4774		-0.193750
4775		-0.462500
4776		-0.193750
4777		0.281250
4778		0.162500
4779		0.456250
4780		0.518750
4781		0.900000
4782		1.287500
4783		1.437500
4784		1.375000
4785		1.937500
4786		2.175000
4787		2.800000
4788		2.681250
4789		2.943750
4790		3.243750
4791		3.481250
4792		3.275000
4793		3.512500
4794		3.600000
4795		3.775000
4796		3.568750
4797		3.981250
4798		3.925000
4799		3.568750
4800		3.600000
4801		3.862500
4802		3.568750
4803		3.450000
4804		3.806250
4805		3.956250
4806		4.100000
4807		4.250000
4808		4.368750
4809		4.218750
4810		4.312500
4811		4.312500
4812		4.131250
4813		4.400000
4814		4.281250
4815		4.131250
4816		4.162500
4817		3.837500
4818		4.012500
4819		3.925000
4820		3.481250
4821		3.568750
4822		3.418750
4823		3.062500
4824		2.918750
4825		2.325000
4826		2.087500
4827		2.087500
4828		1.793750
4829		1.700000
4830		1.493750
4831		1.762500
4832		1.437500
4833		2.293750
4834		2.325000
4835		2.356250
4836		2.475000
4837		2.443750
4838		3.125000
4839		2.681250
4840		2.618750
4841		2.943750
4842		2.768750
4843		2.618750
4844		2.475000
4845		2.768750
4846		3.212500
4847		3.093750
4848		3.181250
4849		2.618750
4850		2.593750
4851		2.381250
4852		2.056250
4853		2.175000
4854		2.025000
4855		1.818750
4856		1.643750
4857		1.881250
4858		1.968750
4859		2.087500
4860		2.325000
4861		2.237500
4862		2.443750
4863		2.000000
4864		2.443750
4865		2.087500
4866		1.731250
4867		1.612500
4868		1.556250
4869		1.287500
4870		1.168750
4871		0.637500
4872		0.400000
4873		0.456250
4874		0.843750
4875		0.756250
4876		0.606250
4877		0.756250
4878		1.106250
4879		1.137500
4880		1.406250
4881		1.881250
4882		1.850000
4883		1.850000
4884		2.056250
4885		2.143750
4886		2.175000
4887		2.325000
4888		2.118750
4889		2.000000
4890		2.118750
4891		2.293750
4892		2.381250
4893		2.593750
4894		2.618750
4895		2.650000
4896		3.037500
4897		3.125000
4898		3.418750
4899		3.418750
4900		3.418750
4901		3.093750
4902		3.125000
4903		2.887500
4904		2.593750
4905		2.593750
4906		2.443750
4907		2.943750
4908		2.618750
4909		2.531250
4910		2.412500
4911		2.237500
4912		2.087500
4913		2.087500
4914		1.881250
4915		1.493750
4916		1.643750
4917		1.375000
4918		1.050000
4919		0.725000
4920		0.543750
4921		0.306250
4922		0.100000
4923		-0.075000
4924		-0.281250
4925		-0.400000
4926		-0.581250
4927		-0.668750
4928		-0.256250
4929		-0.193750
4930		-1.056250
4931		-0.281250
4932		-0.106250
4933		-0.518750
4934		0.368750
4935		0.162500
4936		0.456250
4937		0.518750
4938		0.543750
4939		0.637500
4940		0.756250
4941		0.962500
4942		0.843750
4943		0.756250
4944		0.868750
4945		0.812500
4946		0.606250
4947		0.781250
4948		1.018750
4949		1.343750
4950		1.437500
4951		1.731250
4952		2.000000
4953		2.325000
4954		2.237500
4955		2.443750
4956		2.800000
4957		2.975000
4958		3.362500
4959		3.300000
4960		3.212500
4961		3.600000
4962		3.775000
4963		3.300000
4964		3.631250
4965		3.275000
4966		3.481250
4967		3.537500
4968		3.062500
4969		2.856250
4970		2.800000
4971		2.737500
4972		2.118750
4973		1.793750
4974		1.643750
4975		1.462500
4976		1.406250
4977		0.962500
4978		0.900000
4979		0.606250
4980		0.812500
4981		0.756250
4982		0.131250
4983		0.218750
4984		0.368750
4985		0.487500
4986		0.456250
4987		0.606250
4988		0.400000
4989		0.250000
4990		0.400000
4991		0.518750
4992		0.218750
4993		0.218750
4994		0.518750
4995		0.281250
4996		0.518750
4997		0.543750
4998		0.843750
4999		0.962500
5000		0.606250
5001		0.756250
5002		0.575000
5003		0.987500
5004		1.168750
5005		0.900000
5006		0.400000
5007		0.756250
5008		0.693750
5009		1.050000
5010		0.962500
5011		1.343750
5012		1.106250
5013		1.137500
5014		1.343750
5015		1.462500
5016		1.762500
5017		1.731250
5018		1.818750
5019		1.968750
5020		1.793750
5021		1.581250
5022		1.556250
5023		1.581250
5024		1.343750
5025		0.987500
5026		0.868750
5027		0.756250
5028		0.250000
5029		0.306250
5030		0.606250
5031		0.368750
5032		0.218750
5033		0.100000
5034		-0.137500
5035		-0.162500
5036		-0.281250
5037		-0.343750
5038		-0.281250
5039		-0.312500
5040		-0.106250
5041		-0.018750
5042		0.487500
5043		0.843750
5044		0.662500
5045		1.050000
5046		0.843750
5047		1.081250
5048		1.437500
5049		1.643750
5050		1.556250
5051		1.556250
5052		1.643750
5053		1.462500
5054		1.556250
5055		2.025000
5056		1.581250
5057		2.087500
5058		2.056250
5059		2.056250
5060		1.881250
5061		1.700000
5062		1.612500
5063		1.493750
5064		1.437500
5065		1.081250
5066		1.200000
5067		0.543750
5068		0.725000
5069		0.662500
5070		0.337500
5071		-0.075000
5072		0.162500
5073		-0.075000
5074		-0.343750
5075		0.012500
5076		-0.375000
5077		-0.193750
5078		0.162500
5079		-0.193750
5080		-0.431250
5081		-0.581250
5082		-0.875000
5083		-0.850000
5084		-0.637500
5085		-0.968750
5086		-1.112500
5087		-0.818750
5088		-1.025000
5089		-0.968750
5090		-0.462500
5091		-0.281250
5092		-0.193750
5093		0.162500
5094		0.543750
5095		0.662500
5096		0.868750
5097		1.556250
5098		1.462500
5099		1.493750
5100		1.581250
5101		1.581250
5102		1.762500
5103		1.675000
5104		1.525000
5105		1.793750
5106		1.700000
5107		1.493750
5108		1.287500
5109		1.168750
5110		1.200000
5111		1.106250
5112		1.343750
5113		1.106250
5114		1.700000
5115		1.318750
5116		1.437500
5117		1.850000
5118		1.731250
5119		1.643750
5120		1.850000
5121		1.700000
5122		2.000000
5123		2.143750
5124		1.643750
5125		1.881250
5126		1.437500
5127		1.556250
5128		1.343750
5129		0.962500
5130		0.843750
5131		1.137500
5132		0.868750
5133		0.756250
5134		0.987500
5135		0.518750
5136		0.400000
5137		0.662500
5138		0.543750
5139		0.693750
5140		0.162500
5141		-0.050000
5142		-0.550000
5143		-0.668750
5144		-0.668750
5145		-1.081250
5146		-0.937500
5147		-1.556250
5148		-1.975000
5149		-1.737500
5150		-1.500000
5151		-1.381250
5152		-1.737500
5153		-1.468750
5154		-1.412500
5155		-1.081250
5156		-1.318750
5157		-1.412500
5158		-1.112500
5159		-0.875000
5160		-0.787500
5161		-1.437500
5162		-0.937500
5163		-0.906250
5164		-0.612500
5165		-0.550000
5166		-0.550000
5167		-0.518750
5168		-0.343750
5169		-0.050000
5170		0.012500
5171		-0.193750
5172		0.068750
5173		0.368750
5174		0.518750
5175		0.456250
5176		0.900000
5177		0.843750
5178		1.050000
5179		0.812500
5180		1.081250
5181		1.106250
5182		1.200000
5183		0.931250
5184		1.137500
5185		1.287500
5186		1.256250
5187		1.106250
5188		0.987500
5189		0.843750
5190		1.256250
5191		0.518750
5192		0.543750
5193		1.200000
5194		0.843750
5195		0.368750
5196		0.425000
5197		0.662500
5198		0.281250
5199		0.543750
5200		0.606250
5201		0.306250
5202		0.812500
5203		-0.050000
5204		-0.225000
5205		-0.225000
5206		-0.493750
5207		-0.431250
5208		-0.787500
5209		-1.200000
5210		-1.437500
5211		-1.318750
5212		-1.412500
5213		-1.231250
5214		-1.587500
5215		-1.768750
5216		-1.768750
5217		-1.531250
5218		-1.768750
5219		-1.437500
5220		-1.231250
5221		-2.062500
5222		-1.825000
5223		-1.381250
5224		-1.437500
5225		-1.468750
5226		-1.293750
5227		-1.231250
5228		-1.412500
5229		-1.737500
5230		-1.793750
5231		-1.856250
5232		-1.768750
5233		-1.793750
5234		-1.912500
5235		-1.825000
5236		-1.887500
5237		-1.737500
5238		-1.912500
5239		-1.081250
5240		-1.262500
5241		-1.025000
5242		-1.081250
5243		-0.462500
5244		-0.875000
5245		-0.700000
5246		-0.431250
5247		-0.731250
5248		-0.937500
5249		-0.993750
5250		-0.668750
5251		-1.112500
5252		-0.968750
5253		-0.937500
5254		-0.700000
5255		-0.668750
5256		-0.581250
5257		-0.968750
5258		-0.875000
5259		-0.668750
5260		-0.906250
5261		-1.231250
5262		-1.318750
5263		-0.968750
5264		-1.262500
5265		-1.175000
5266		-0.612500
5267		-1.587500
5268		-1.556250
5269		-2.181250
5270		-2.150000
5271		-2.118750
5272		-2.000000
5273		-2.450000
5274		-2.181250
5275		-2.031250
5276		-1.650000
5277		-1.412500
5278		-0.875000
5279		-0.731250
5280		-0.075000
5281		0.012500
5282		0.543750
5283		0.543750
5284		0.250000
5285		-0.050000
5286		-0.375000
5287		-1.200000
5288		-1.531250
5289		-1.706250
5290		-2.093750
5291		-2.356250
5292		-2.862500
5293		-2.950000
5294		-3.337500
5295		-3.218750
5296		-3.631250
5297		-3.868750
5298		-3.750000
5299		-3.843750
5300		-3.368750
5301		-3.693750
5302		-3.512500
5303		-3.012500
5304		-2.806250
5305		-2.806250
5306		-2.356250
5307		-1.943750
5308		-1.768750
5309		-1.318750
5310		-1.531250
5311		-1.412500
5312		-0.581250
5313		-0.875000
5314		-0.731250
5315		-0.875000
5316		-0.818750
5317		-1.556250
5318		-1.231250
5319		-1.143750
5320		-1.200000
5321		-1.025000
5322		-0.431250
5323		-0.518750
5324		-0.106250
5325		0.306250
5326		0.843750
5327		0.931250
5328		0.756250
5329		1.700000
5330		1.256250
5331		1.437500
5332		1.406250
5333		0.662500
5334		0.250000
5335		-0.637500
5336		-1.231250
5337		-1.468750
5338		-2.062500
5339		-3.012500
5340		-3.662500
5341		-3.368750
5342		-3.606250
5343		-3.987500
5344		-3.956250
5345		-3.750000
5346		-3.662500
5347		-4.287500
5348		-3.987500
5349		-4.287500
5350		-4.137500
5351		-4.818750
5352		-5.056250
5353		-5.468750
5354		-5.856250
5355		-6.268750
5356		-6.450000
5357		-7.637500
5358		-7.043750
5359		-7.187500
5360		-7.068750
5361		-7.012500
5362		-7.100000
5363		-6.806250
5364		-6.450000
5365		-6.062500
5366		-5.500000
5367		-5.206250
5368		-4.168750
5369		-3.306250
5370		-2.712500
5371		-2.387500
5372		-1.675000
5373		-1.556250
5374		-1.231250
5375		-0.431250
5376		-0.281250
5377		-0.343750
5378		0.337500
5379		0.218750
5380		0.068750
5381		0.456250
5382		0.368750
5383		0.100000
5384		0.218750
5385		0.281250
5386		0.606250
5387		0.306250
5388		-0.106250
5389		0.068750
5390		-0.106250
5391		0.187500
5392		0.518750
5393		0.781250
5394		0.812500
5395		0.931250
5396		1.581250
5397		1.700000
5398		1.881250
5399		2.143750
5400		2.356250
5401		2.381250
5402		2.681250
5403		2.475000
5404		2.325000
5405		2.356250
5406		1.850000
5407		1.406250
5408		1.106250
5409		-0.075000
5410		-1.143750
5411		-1.856250
5412		-2.806250
5413		-4.168750
5414		-5.087500
5415		-6.031250
5416		-7.400000
5417		-7.868750
5418		-8.462500
5419		-9.175000
5420		-9.737500
5421		-10.093750
5422		-10.687500
5423		-11.193750
5424		-11.281250
5425		-11.250000
5426		-11.725000
5427		-11.606250
5428		-11.487500
5429		-11.337500
5430		-10.775000
5431		-10.512500
5432		-10.037500
5433		-8.850000
5434		-8.018750
5435		-7.100000
5436		-6.243750
5437		-4.993750
5438		-3.931250
5439		-3.012500
5440		-2.181250
5441		-0.787500
5442		-0.137500
5443		0.368750
5444		0.987500
5445		1.256250
5446		2.087500
5447		2.025000
5448		2.500000
5449		2.381250
5450		2.825000
5451		3.037500
5452		2.856250
5453		2.412500
5454		2.856250
5455		2.856250
5456		2.681250
5457		2.681250
5458		2.562500
5459		2.443750
5460		2.381250
5461		2.118750
5462		1.793750
5463		2.356250
5464		2.356250
5465		2.118750
5466		2.237500
5467		1.937500
5468		2.000000
5469		1.881250
5470		1.881250
5471		1.525000
5472		1.318750
5473		1.256250
5474		0.987500
5475		0.012500
5476		-0.256250
5477		-0.937500
5478		-1.381250
5479		-1.618750
5480		-2.893750
5481		-3.275000
5482		-3.393750
5483		-4.137500
5484		-4.668750
5485		-5.350000
5486		-5.975000
5487		-6.031250
5488		-6.006250
5489		-7.068750
5490		-7.218750
5491		-7.100000
5492		-7.693750
5493		-7.400000
5494		-7.487500
5495		-7.812500
5496		-7.487500
5497		-7.637500
5498		-7.306250
5499		-7.218750
5500		-6.718750
5501		-6.981250
5502		-6.775000
5503		-6.093750
5504		-5.912500
5505		-5.737500
5506		-5.618750
5507		-5.262500
5508		-5.112500
5509		-4.762500
5510		-4.075000
5511		-4.018750
5512		-3.575000
5513		-3.425000
5514		-3.012500
5515		-2.418750
5516		-2.212500
5517		-2.062500
5518		-1.262500
5519		-0.668750
5520		-0.400000
5521		0.281250
5522		0.400000
5523		0.368750
5524		1.137500
5525		1.643750
5526		1.462500
5527		1.850000
5528		2.237500
5529		1.937500
5530		1.818750
5531		1.581250
5532		1.700000
5533		1.437500
5534		1.168750
5535		1.137500
5536		0.518750
5537		0.218750
5538		0.368750
5539		-0.225000
5540		-0.581250
5541		-0.581250
5542		-0.818750
5543		-1.262500
5544		-1.468750
5545		-1.262500
5546		-2.237500
5547		-1.825000
5548		-1.975000
5549		-2.000000
5550		-2.181250
5551		-2.000000
5552		-2.831250
5553		-2.475000
5554		-2.862500
5555		-3.131250
5556		-3.037500
5557		-3.275000
5558		-3.275000
5559		-3.543750
5560		-4.075000
5561		-4.287500
5562		-4.193750
5563		-4.493750
5564		-4.525000
5565		-4.818750
5566		-4.643750
5567		-4.493750
5568		-5.087500
5569		-4.875000
5570		-5.175000
5571		-4.787500
5572		-4.700000
5573		-4.700000
5574		-5.056250
5575		-4.343750
5576		-4.137500
5577		-4.493750
5578		-4.106250
5579		-3.843750
5580		-2.656250
5581		-3.337500
5582		-2.862500
5583		-2.331250
5584		-2.418750
5585		-2.181250
5586		-1.706250
5587		-0.993750
5588		-1.112500
5589		-0.968750
5590		-0.968750
5591		-0.343750
5592		-0.225000
5593		-0.312500
5594		0.100000
5595		0.100000
5596		0.162500
5597		0.368750
5598		0.693750
5599		0.900000
5600		0.987500
5601		1.437500
5602		1.137500
5603		1.137500
5604		1.643750
5605		1.581250
5606		1.525000
5607		1.343750
5608		1.343750
5609		1.106250
5610		0.725000
5611		0.812500
5612		0.962500
5613		0.518750
5614		0.962500
5615		0.662500
5616		0.756250
5617		0.543750
5618		0.693750
5619		0.868750
5620		0.900000
5621		0.931250
5622		0.812500
5623		0.987500
5624		1.375000
5625		1.556250
5626		1.937500
5627		1.793750
5628		2.381250
5629		1.850000
5630		2.000000
5631		2.381250
5632		2.768750
5633		2.356250
5634		2.800000
5635		2.975000
5636		2.531250
5637		2.887500
5638		3.006250
5639		2.975000
5640		2.143750
5641		2.681250
5642		2.887500
5643		2.825000
5644		2.237500
5645		2.237500
5646		2.325000
5647		2.175000
5648		2.056250
5649		1.906250
5650		1.937500
5651		2.175000
5652		2.293750
5653		1.850000
5654		2.087500
5655		2.443750
5656		2.087500
5657		2.175000
5658		2.737500
5659		2.593750
5660		3.062500
5661		3.125000
5662		3.362500
5663		3.481250
5664		3.806250
5665		4.075000
5666		4.281250
5667		4.725000
5668		4.993750
5669		4.931250
5670		5.493750
5671		5.437500
5672		5.762500
5673		6.000000
5674		6.412500
5675		6.475000
5676		6.412500
5677		6.087500
5678		6.237500
5679		6.031250
5680		5.731250
5681		6.000000
5682		5.818750
5683		5.793750
5684		5.587500
5685		5.318750
5686		5.493750
5687		5.137500
5688		5.350000
5689		4.843750
5690		4.756250
5691		4.431250
5692		4.337500
5693		4.337500
5694		3.925000
5695		3.775000
5696		3.687500
5697		3.806250
5698		3.300000
5699		3.125000
5700		2.975000
5701		2.681250
5702		3.006250
5703		2.618750
5704		2.443750
5705		2.293750
5706		2.681250
5707		2.412500
5708		2.593750
5709		2.443750
5710		2.293750
5711		2.237500
5712		2.025000
5713		1.850000
5714		1.818750
5715		1.525000
5716		0.812500
5717		1.493750
5718		1.168750
5719		1.287500
5720		1.793750
5721		2.206250
5722		2.237500
5723		2.618750
5724		2.918750
5725		3.037500
5726		3.181250
5727		3.806250
5728		4.131250
5729		4.368750
5730		4.250000
5731		5.256250
5732		5.468750
5733		5.675000
5734		6.175000
5735		6.650000
5736		6.975000
5737		7.362500
5738		8.043750
5739		8.131250
5740		8.637500
5741		8.550000
5742		8.668750
5743		8.368750
5744		8.225000
5745		8.162500
5746		8.606250
5747		8.162500
5748		8.012500
5749		7.893750
5750		7.125000
5751		7.156250
5752		6.950000
5753		6.737500
5754		6.237500
5755		6.150000
5756		5.556250
5757		5.231250
5758		5.050000
5759		4.456250
5760		4.312500
5761		3.925000
5762		3.806250
5763		3.512500
5764		3.037500
5765		3.181250
5766		3.125000
5767		2.856250
5768		2.737500
5769		2.356250
5770		1.968750
5771		2.475000
5772		2.237500
5773		1.731250
5774		1.881250
5775		1.762500
5776		1.643750
5777		1.493750
5778		1.343750
5779		1.018750
5780		1.256250
5781		1.081250
5782		1.018750
5783		1.050000
5784		2.237500
5785		1.612500
5786		1.850000
5787		2.262500
5788		2.737500
5789		2.800000
5790		3.212500
5791		3.275000
5792		3.862500
5793		3.775000
5794		4.162500
5795		4.693750
5796		4.575000
5797		4.162500
5798		4.487500
5799		4.368750
5800		4.487500
5801		4.487500
5802		4.400000
5803		4.368750
5804		4.281250
5805		4.456250
5806		4.931250
5807		4.756250
5808		5.256250
5809		4.993750
5810		5.050000
5811		5.287500
5812		5.406250
5813		5.375000
5814		5.406250
5815		5.350000
5816		5.168750
5817		5.437500
5818		4.993750
5819		4.962500
5820		4.962500
5821		4.312500
5822		5.081250
5823		4.756250
5824		4.606250
5825		4.812500
5826		4.756250
5827		4.368750
5828		3.925000
5829		3.806250
5830		3.181250
5831		3.362500
5832		3.181250
5833		2.918750
5834		2.475000
5835		2.712500
5836		2.650000
5837		2.712500
5838		3.212500
5839		2.768750
5840		3.212500
5841		3.362500
5842		2.825000
5843		3.212500
5844		3.275000
5845		3.331250
5846		3.062500
5847		3.275000
5848		3.418750
5849		3.362500
5850		3.418750
5851		3.537500
5852		3.512500
5853		3.418750
5854		3.687500
5855		3.181250
5856		3.331250
5857		3.450000
5858		3.006250
5859		2.475000
5860		2.356250
5861		2.262500
5862		2.325000
5863		2.237500
5864		2.681250
5865		2.800000
5866		2.918750
5867		3.156250
5868		3.062500
5869		3.393750
5870		3.062500
5871		3.362500
5872		2.800000
5873		2.650000
5874		2.325000
5875		2.056250
5876		1.437500
5877		1.700000
5878		1.375000
5879		1.081250
5880		1.525000
5881		1.343750
5882		1.256250
5883		1.525000
5884		1.581250
5885		1.850000
5886		2.325000
5887		2.118750
5888		2.175000
5889		2.618750
5890		2.681250
5891		2.825000
5892		2.325000
5893		2.443750
5894		2.618750
5895		2.237500
5896		2.887500
5897		2.712500
5898		2.975000
5899		2.593750
5900		3.362500
5901		3.568750
5902		3.331250
5903		3.418750
5904		3.537500
5905		3.362500
5906		3.212500
5907		3.512500
5908		3.125000
5909		3.362500
5910		2.918750
5911		2.856250
5912		2.825000
5913		2.381250
5914		2.500000
5915		2.712500
5916		2.618750
5917		2.712500
5918		2.293750
5919		2.087500
5920		1.581250
5921		1.493750
5922		1.106250
5923		1.050000
5924		1.106250
5925		0.606250
5926		0.337500
5927		0.218750
5928		0.187500
5929		0.043750
5930		0.306250
5931		-0.193750
5932		-0.106250
5933		-0.312500
5934		0.218750
5935		-0.018750
5936		-0.162500
5937		-0.225000
5938		0.012500
5939		-0.018750
5940		-0.256250
5941		0.250000
5942		-0.018750
5943		-0.668750
5944		0.162500
5945		0.456250
5946		0.337500
5947		-0.075000
5948		0.543750
5949		0.487500
5950		0.962500
5951		0.218750
5952		0.756250
5953		1.018750
5954		1.287500
5955		1.137500
5956		1.256250
5957		1.643750
5958		2.025000
5959		2.025000
5960		2.000000
5961		2.443750
5962		2.443750
5963		2.562500
5964		2.768750
5965		2.768750
5966		2.975000
5967		2.887500
5968		2.918750
5969		3.181250
5970		2.593750
5971		3.212500
5972		2.975000
5973		2.800000
5974		2.712500
5975		2.562500
5976		2.800000
5977		1.968750
5978		1.818750
5979		1.793750
5980		1.343750
5981		0.987500
5982		0.931250
5983		0.756250
5984		0.281250
5985		0.693750
5986		0.456250
5987		0.368750
5988		0.187500
5989		0.043750
5990		0.187500
5991		0.456250
5992		0.543750
5993		0.250000
5994		0.337500
5995		0.218750
5996		0.543750
5997		0.456250
5998		0.218750
5999		0.368750
6000		0.400000
6001		0.306250
6002		0.693750
6003		0.218750
6004		0.368750
6005		0.456250
6006		0.368750
6007		0.756250
6008		0.518750
6009		0.812500
6010		0.662500
6011		0.400000
6012		0.781250
6013		0.456250
6014		0.987500
6015		0.931250
6016		1.050000
6017		0.756250
6018		0.987500
6019		1.225000
6020		1.137500
6021		0.931250
6022		1.168750
6023		1.256250
6024		1.081250
6025		1.256250
6026		0.931250
6027		0.962500
6028		0.725000
6029		0.693750
6030		0.425000
6031		0.693750
6032		0.693750
6033		0.306250
6034		0.068750
6035		-0.050000
6036		-0.225000
6037		-0.075000
6038		-0.225000
6039		-0.193750
6040		-0.431250
6041		-0.550000
6042		-0.637500
6043		-0.787500
6044		-0.787500
6045		-0.075000
6046		-0.493750
6047		0.100000
6048		-0.050000
6049		0.400000
6050		0.693750
6051		1.018750
6052		1.437500
6053		1.731250
6054		1.493750
6055		1.318750
6056		1.700000
6057		1.581250
6058		1.881250
6059		2.025000
6060		1.675000
6061		1.881250
6062		1.612500
6063		1.818750
6064		1.906250
6065		1.881250
6066		1.556250
6067		1.700000
6068		1.287500
6069		0.868750
6070		1.050000
6071		0.756250
6072		0.756250
6073		0.606250
6074		0.368750
6075		0.218750
6076		-0.137500
6077		-0.050000
6078		-0.343750
6079		-0.137500
6080		-0.075000
6081		-0.137500
6082		-0.493750
6083		-0.518750
6084		-0.756250
6085		-0.787500
6086		-0.612500
6087		-0.818750
6088		-1.056250
6089		-1.350000
6090		-1.706250
6091		-1.175000
6092		-0.968750
6093		-0.906250
6094		-0.906250
6095		-0.968750
6096		-0.550000
6097		-0.668750
6098		-0.343750
6099		-0.137500
6100		0.100000
6101		0.306250
6102		0.456250
6103		0.843750
6104		0.962500
6105		0.693750
6106		0.900000
6107		0.931250
6108		0.962500
6109		0.812500
6110		0.812500
6111		1.106250
6112		0.756250
6113		0.575000
6114		0.781250
6115		0.606250
6116		0.756250
6117		0.337500
6118		0.756250
6119		0.931250
6120		0.962500
6121		1.081250
6122		0.843750
6123		0.756250
6124		0.756250
6125		0.425000
6126		0.962500
6127		0.987500
6128		0.662500
6129		0.662500
6130		0.518750
6131		0.518750
6132		0.456250
6133		0.662500
6134		0.812500
6135		0.637500
6136		0.518750
6137		0.425000
6138		0.218750
6139		0.162500
6140		-0.106250
6141		-0.256250
6142		0.012500
6143		-0.375000
6144		-0.581250
6145		-0.818750
6146		-1.025000
6147		-1.675000
6148		-1.856250
6149		-1.856250
6150		-2.356250
6151		-2.268750
6152		-2.450000
6153		-2.418750
6154		-2.506250
6155		-2.537500
6156		-2.300000
6157		-2.625000
6158		-2.506250
6159		-2.806250
6160		-2.950000
6161		-2.418750
6162		-2.831250
6163		-3.156250
6164		-2.593750
6165		-2.925000
6166		-2.450000
6167		-2.387500
6168		-2.356250
6169		-2.300000
6170		-1.975000
6171		-1.618750
6172		-1.768750
6173		-1.500000
6174		-1.350000
6175		-1.262500
6176		-1.500000
6177		-0.906250
6178		-1.175000
6179		-0.937500
6180		-0.937500
6181		-0.431250
6182		-0.375000
6183		-0.493750
6184		-0.256250
6185		-0.312500
6186		-0.137500
6187		-0.050000
6188		0.250000
6189		-0.018750
6190		0.100000
6191		0.100000
6192		0.068750
6193		0.012500
6194		0.250000
6195		0.337500
6196		-0.106250
6197		-0.075000
6198		0.068750
6199		-0.225000
6200		-0.375000
6201		-0.075000
6202		-0.075000
6203		-0.193750
6204		-0.431250
6205		-0.668750
6206		-0.731250
6207		-0.700000
6208		-0.637500
6209		-0.581250
6210		-1.112500
6211		-0.993750
6212		-1.618750
6213		-1.556250
6214		-1.825000
6215		-2.150000
6216		-2.150000
6217		-2.356250
6218		-2.387500
6219		-2.356250
6220		-2.656250
6221		-2.806250
6222		-3.425000
6223		-2.925000
6224		-3.012500
6225		-3.393750
6226		-2.862500
6227		-2.862500
6228		-3.068750
6229		-3.100000
6230		-2.806250
6231		-3.012500
6232		-2.806250
6233		-2.950000
6234		-3.275000
6235		-3.275000
6236		-2.806250
6237		-3.131250
6238		-3.250000
6239		-3.425000
6240		-3.631250
6241		-3.543750
6242		-3.812500
6243		-3.425000
6244		-3.156250
6245		-3.306250
6246		-3.487500
6247		-2.593750
6248		-2.950000
6249		-2.743750
6250		-2.806250
6251		-2.743750
6252		-2.862500
6253		-2.862500
6254		-2.893750
6255		-2.712500
6256		-2.743750
6257		-2.450000
6258		-2.356250
6259		-2.450000
6260		-2.212500
6261		-2.212500
6262		-2.568750
6263		-2.568750
6264		-2.418750
6265		-2.743750
6266		-2.831250
6267		-3.012500
6268		-2.743750
6269		-2.687500
6270		-3.250000
6271		-3.037500
6272		-3.393750
6273		-3.218750
6274		-3.543750
6275		-3.487500
6276		-3.812500
6277		-3.487500
6278		-3.456250
6279		-3.606250
6280		-3.337500
6281		-3.337500
6282		-2.950000
6283		-2.356250
6284		-2.300000
6285		-2.118750
6286		-1.531250
6287		-1.587500
6288		-1.081250
6289		-1.381250
6290		-1.531250
6291		-2.093750
6292		-2.806250
6293		-3.543750
6294		-3.275000
6295		-3.487500
6296		-4.168750
6297		-4.431250
6298		-4.668750
6299		-4.818750
6300		-5.087500
6301		-5.025000
6302		-5.350000
6303		-5.262500
6304		-5.681250
6305		-5.350000
6306		-5.562500
6307		-5.468750
6308		-5.087500
6309		-4.875000
6310		-5.025000
6311		-4.431250
6312		-4.225000
6313		-3.606250
6314		-3.781250
6315		-3.631250
6316		-2.743750
6317		-3.218750
6318		-3.012500
6319		-3.012500
6320		-2.743750
6321		-3.187500
6322		-3.131250
6323		-3.037500
6324		-3.156250
6325		-3.156250
6326		-3.156250
6327		-3.187500
6328		-2.712500
6329		-2.450000
6330		-2.712500
6331		-2.237500
6332		-1.618750
6333		-1.706250
6334		-1.143750
6335		-1.350000
6336		-1.025000
6337		-1.262500
6338		-1.318750
6339		-2.000000
6340		-2.568750
6341		-3.156250
6342		-3.606250
6343		-4.106250
6344		-5.025000
6345		-5.112500
6346		-5.087500
6347		-5.231250
6348		-5.618750
6349		-5.381250
6350		-5.562500
6351		-5.793750
6352		-5.562500
6353		-5.975000
6354		-5.531250
6355		-5.681250
6356		-6.150000
6357		-6.300000
6358		-6.331250
6359		-6.925000
6360		-6.950000
6361		-7.693750
6362		-7.987500
6363		-7.812500
6364		-8.437500
6365		-8.256250
6366		-8.643750
6367		-8.731250
6368		-8.881250
6369		-8.050000
6370		-7.812500
6371		-7.218750
6372		-6.775000
6373		-6.093750
6374		-5.587500
6375		-4.762500
6376		-4.075000
6377		-3.187500
6378		-2.925000
6379		-2.893750
6380		-2.925000
6381		-1.768750
6382		-1.675000
6383		-1.737500
6384		-2.387500
6385		-1.706250
6386		-2.031250
6387		-1.706250
6388		-2.268750
6389		-2.418750
6390		-2.331250
6391		-2.712500
6392		-2.862500
6393		-2.450000
6394		-2.712500
6395		-2.237500
6396		-2.450000
6397		-2.181250
6398		-1.675000
6399		-1.618750
6400		-1.381250
6401		-0.937500
6402		-0.256250
6403		-0.281250
6404		-0.256250
6405		0.131250
6406		0.368750
6407		0.306250
6408		0.400000
6409		0.250000
6410		0.425000
6411		0.068750
6412		-0.375000
6413		-1.262500
6414		-1.675000
6415		-2.450000
6416		-3.337500
6417		-4.050000
6418		-4.937500
6419		-6.150000
6420		-7.250000
6421		-7.843750
6422		-8.406250
6423		-9.206250
6424		-9.975000
6425		-10.743750
6426		-10.893750
6427		-11.431250
6428		-12.081250
6429		-12.287500
6430		-12.968750
6431		-12.850000
6432		-13.381250
6433		-13.118750
6434		-12.700000
6435		-12.793750
6436		-12.937500
6437		-11.900000
6438		-11.575000
6439		-10.956250
6440		-9.975000
6441		-9.000000
6442		-8.200000
6443		-7.456250
6444		-6.481250
6445		-5.325000
6446		-4.668750
6447		-3.868750
6448		-3.306250
6449		-2.656250
6450		-1.975000
6451		-2.062500
6452		-1.025000
6453		-0.937500
6454		-0.937500
6455		-0.343750
6456		-0.256250
6457		0.456250
6458		0.131250
6459		0.218750
6460		0.518750
6461		0.456250
6462		0.187500
6463		0.368750
6464		0.043750
6465		-0.018750
6466		-0.137500
6467		-0.375000
6468		0.606250
6469		-0.281250
6470		0.043750
6471		-0.431250
6472		-0.400000
6473		-0.668750
6474		-0.581250
6475		-0.700000
6476		-0.668750
6477		-0.850000
6478		-1.112500
6479		-1.318750
6480		-1.675000
6481		-2.118750
6482		-2.387500
6483		-2.743750
6484		-3.693750
6485		-4.193750
6486		-4.525000
6487		-4.937500
6488		-5.381250
6489		-6.300000
6490		-7.162500
6491		-7.187500
6492		-7.662500
6493		-8.081250
6494		-8.437500
6495		-8.612500
6496		-8.937500
6497		-9.262500
6498		-9.293750
6499		-9.025000
6500		-8.881250
6501		-9.356250
6502		-9.237500
6503		-9.293750
6504		-9.175000
6505		-8.968750
6506		-8.906250
6507		-8.881250
6508		-8.762500
6509		-8.493750
6510		-8.643750
6511		-8.493750
6512		-8.081250
6513		-7.868750
6514		-7.750000
6515		-7.306250
6516		-7.250000
6517		-6.981250
6518		-6.450000
6519		-6.125000
6520		-5.562500
6521		-4.850000
6522		-4.431250
6523		-4.137500
6524		-3.900000
6525		-3.012500
6526		-2.656250
6527		-2.031250
6528		-1.737500
6529		-1.556250
6530		-1.143750
6531		-1.025000
6532		-0.787500
6533		-0.668750
6534		-0.637500
6535		-0.256250
6536		-0.581250
6537		-0.700000
6538		-0.875000
6539		-0.937500
6540		-1.112500
6541		-1.587500
6542		-1.768750
6543		-1.556250
6544		-1.912500
6545		-2.150000
6546		-2.893750
6547		-2.893750
6548		-3.068750
6549		-3.606250
6550		-3.631250
6551		-3.662500
6552		-3.725000
6553		-4.050000
6554		-4.312500
6555		-4.312500
6556		-4.493750
6557		-4.343750
6558		-4.850000
6559		-4.581250
6560		-4.700000
6561		-5.143750
6562		-4.668750
6563		-5.112500
6564		-5.531250
6565		-5.887500
6566		-5.975000
6567		-6.212500
6568		-6.093750
6569		-6.687500
6570		-6.893750
6571		-7.162500
6572		-7.012500
6573		-7.662500
6574		-7.368750
6575		-7.518750
6576		-7.218750
6577		-7.306250
6578		-7.575000
6579		-7.400000
6580		-7.162500
6581		-7.100000
6582		-6.831250
6583		-6.981250
6584		-6.775000
6585		-6.806250
6586		-6.212500
6587		-6.093750
6588		-5.943750
6589		-5.531250
6590		-5.562500
6591		-5.175000
6592		-4.731250
6593		-4.700000
6594		-4.612500
6595		-4.137500
6596		-4.075000
6597		-3.512500
6598		-2.950000
6599		-3.187500
6600		-2.356250
6601		-2.418750
6602		-1.825000
6603		-1.437500
6604		-1.381250
6605		-1.056250
6606		-1.112500
6607		-0.550000
6608		-0.637500
6609		-0.968750
6610		-0.281250
6611		-0.968750
6612		-0.787500
6613		-1.025000
6614		-0.937500
6615		-0.875000
6616		-1.025000
6617		-1.412500
6618		-0.756250
6619		-0.756250
6620		-0.756250
6621		-0.493750
6622		-0.731250
6623		-0.400000
6624		-0.193750
6625		-0.225000
6626		0.100000
6627		-0.162500
6628		-0.225000
6629		0.400000
6630		0.162500
6631		0.306250
6632		-0.256250
6633		0.487500
6634		1.200000
6635		0.456250
6636		0.962500
6637		0.812500
6638		0.812500
6639		0.518750
6640		0.987500
6641		1.343750
6642		1.168750
6643		0.931250
6644		1.018750
6645		1.287500
6646		0.962500
6647		1.225000
6648		1.168750
6649		0.843750
6650		0.843750
6651		0.400000
6652		0.068750
6653		-0.050000
6654		-0.106250
6655		-0.225000
6656		-0.018750
6657		-0.193750
6658		-0.050000
6659		0.043750
6660		0.012500
6661		0.543750
6662		0.606250
6663		0.843750
6664		0.931250
6665		1.437500
6666		1.137500
6667		1.406250
6668		1.556250
6669		1.762500
6670		2.206250
6671		2.025000
6672		1.937500
6673		2.593750
6674		2.650000
6675		3.062500
6676		3.362500
6677		3.656250
6678		4.100000
6679		4.312500
6680		4.368750
6681		4.812500
6682		4.606250
6683		4.662500
6684		4.606250
6685		4.312500
6686		4.400000
6687		4.400000
6688		4.400000
6689		4.043750
6690		3.956250
6691		3.775000
6692		3.687500
6693		3.862500
6694		3.362500
6695		3.093750
6696		2.975000
6697		2.825000
6698		2.381250
6699		2.443750
6700		2.143750
6701		2.475000
6702		2.056250
6703		2.443750
6704		2.000000
6705		1.700000
6706		1.343750
6707		1.406250
6708		1.462500
6709		1.581250
6710		1.818750
6711		1.137500
6712		1.018750
6713		0.987500
6714		0.962500
6715		0.756250
6716		0.725000
6717		0.900000
6718		0.368750
6719		0.606250
6720		0.456250
6721		0.043750
6722		0.337500
6723		0.337500
6724		0.337500
6725		0.662500
6726		0.931250
6727		1.081250
6728		0.962500
6729		1.343750
6730		1.556250
6731		1.762500
6732		2.087500
6733		2.118750
6734		2.175000
6735		2.443750
6736		2.975000
6737		3.631250
6738		3.568750
6739		4.218750
6740		4.456250
6741		5.406250
6742		5.881250
6743		6.531250
6744		6.293750
6745		7.187500
6746		6.768750
6747		7.362500
6748		7.125000
6749		7.362500
6750		7.006250
6751		7.068750
6752		7.037500
6753		6.737500
6754		6.475000
6755		6.150000
6756		6.031250
6757		5.556250
6758		5.556250
6759		5.256250
6760		4.843750
6761		4.487500
6762		4.337500
6763		3.981250
6764		3.862500
6765		3.481250
6766		3.243750
6767		2.768750
6768		2.918750
6769		2.443750
6770		2.356250
6771		2.143750
6772		1.793750
6773		1.700000
6774		1.731250
6775		1.287500
6776		1.287500
6777		1.168750
6778		1.200000
6779		0.900000
6780		0.662500
6781		0.456250
6782		0.425000
6783		0.456250
6784		0.043750
6785		-0.162500
6786		0.012500
6787		-0.312500
6788		-0.050000
6789		0.012500
6790		0.100000
6791		0.662500
6792		0.543750
6793		1.018750
6794		1.106250
6795		1.675000
6796		1.906250
6797		2.175000
6798		2.237500
6799		2.975000
6800		2.975000
6801		3.418750
6802		3.362500
6803		3.718750
6804		3.925000
6805		4.162500
6806		4.012500
6807		3.806250
6808		3.893750
6809		3.956250
6810		4.100000
6811		4.218750
6812		4.400000
6813		4.075000
6814		4.193750
6815		4.218750
6816		4.218750
6817		4.606250
6818		4.456250
6819		4.662500
6820		4.162500
6821		4.518750
6822		4.518750
6823		4.487500
6824		4.781250
6825		4.400000
6826		5.200000
6827		4.662500
6828		4.550000
6829		4.312500
6830		4.368750
6831		4.012500
6832		3.837500
6833		3.481250
6834		2.975000
6835		2.443750
6836		2.562500
6837		1.906250
6838		1.793750
6839		1.343750
6840		1.612500
6841		1.462500
6842		1.700000
6843		2.025000
6844		1.793750
6845		1.937500
6846		2.087500
6847		2.237500
6848		2.325000
6849		2.381250
6850		1.818750
6851		2.443750
6852		1.906250
6853		2.143750
6854		2.293750
6855		2.206250
6856		2.443750
6857		2.562500
6858		2.768750
6859		2.768750
6860		2.500000
6861		2.175000
6862		2.593750
6863		1.937500
6864		1.762500
6865		2.087500
6866		1.731250
6867		1.437500
6868		1.287500
6869		1.406250
6870		1.406250
6871		2.143750
6872		2.025000
6873		1.937500
6874		1.968750
6875		2.000000
6876		2.293750
6877		1.731250
6878		1.581250
6879		1.168750
6880		1.406250
6881		0.781250
6882		0.725000
6883		0.400000
6884		0.693750
6885		1.106250
6886		0.900000
6887		0.543750
6888		0.637500
6889		0.518750
6890		1.200000
6891		1.106250
6892		1.437500
6893		1.731250
6894		1.581250
6895		1.525000
6896		2.143750
6897		1.050000
6898		1.556250
6899		1.287500
6900		1.793750
6901		1.581250
6902		1.937500
6903		1.793750
6904		2.206250
6905		2.475000
6906		2.381250
6907		2.381250
6908		2.887500
6909		2.887500
6910		2.943750
6911		2.975000
6912		2.618750
6913		2.618750
6914		2.293750
6915		2.175000
6916		1.818750
6917		2.000000
6918		1.906250
6919		1.850000
6920		1.700000
6921		1.643750
6922		1.700000
6923		1.437500
6924		1.406250
6925		1.493750
6926		1.343750
6927		1.018750
6928		1.081250
6929		0.400000
6930		0.306250
6931		-0.225000
6932		-0.375000
6933		-0.462500
6934		-0.312500
6935		-0.612500
6936		-0.756250
6937		-0.756250
6938		-0.581250
6939		-0.906250
6940		-0.668750
6941		-0.906250
6942		-0.518750
6943		-0.875000
6944		-0.281250
6945		-0.050000
6946		-0.193750
6947		0.306250
6948		0.068750
6949		0.068750
6950		0.068750
6951		0.162500
6952		0.218750
6953		0.250000
6954		0.368750
6955		-0.162500
6956		0.306250
6957		0.162500
6958		0.518750
6959		0.725000
6960		0.693750
6961		1.200000
6962		1.256250
6963		1.581250
6964		1.643750
6965		1.850000
6966		2.356250
6967		2.293750
6968		2.712500
6969		2.825000
6970		3.181250
6971		3.006250
6972		2.975000
6973		3.037500
6974		3.037500
6975		2.768750
6976		3.275000
6977		2.593750
6978		2.737500
6979		2.887500
6980		2.768750
6981		2.381250
6982		2.175000
6983		1.643750
6984		1.762500
6985		1.318750
6986		1.493750
6987		1.581250
6988		0.962500
6989		0.900000
6990		0.518750
6991		0.456250
6992		0.187500
6993		0.662500
6994		0.368750
6995		0.368750
6996		0.187500
6997		0.043750
6998		0.131250
6999		0.012500
7000		0.456250
7001		-0.106250
7002		0.187500
7003		0.100000
7004		0.068750
7005		0.218750
7006		0.068750
7007		0.100000
7008		0.487500
7009		0.518750
7010		0.543750
7011		0.518750
7012		0.400000
7013		0.518750
7014		0.518750
7015		0.575000
7016		0.368750
7017		0.425000
7018		0.693750
7019		0.662500
7020		0.962500
7021		1.168750
7022		1.106250
7023		1.137500
7024		1.137500
7025		1.137500
7026		1.406250
7027		1.200000
7028		1.225000
7029		1.437500
7030		1.200000
7031		1.318750
7032		1.287500
7033		1.081250
7034		1.081250
7035		1.018750
7036		0.518750
7037		0.843750
7038		0.756250
7039		0.068750
7040		0.250000
7041		-0.075000
7042		-0.137500
7043		0.068750
7044		-0.343750
7045		-0.581250
7046		-0.581250
7047		0.100000
7048		-0.668750
7049		-0.225000
7050		-0.106250
7051		-0.225000
7052		-0.193750
7053		0.456250
7054		0.337500
7055		0.662500
7056		0.756250
7057		0.900000
7058		0.868750
7059		0.987500
7060		1.200000
7061		1.050000
7062		1.050000
7063		1.256250
7064		1.581250
7065		1.793750
7066		1.881250
7067		1.731250
7068		1.493750
7069		1.968750
7070		1.731250
7071		1.581250
7072		1.493750
7073		1.287500
7074		1.050000
7075		1.318750
7076		0.693750
7077		0.662500
7078		0.456250
7079		0.400000
7080		0.012500
7081		0.043750
7082		-0.256250
7083		-0.193750
7084		-0.281250
7085		-0.462500
7086		-0.343750
7087		-0.493750
7088		-0.106250
7089		-0.637500
7090		-0.431250
7091		-0.281250
7092		-0.612500
7093		-0.281250
7094		-0.731250
7095		-0.787500
7096		-0.637500
7097		-0.343750
7098		-0.493750
7099		-0.668750
7100		-0.668750
7101		-0.518750
7102		-0.050000
7103		0.368750
7104		0.812500
7105		0.781250
7106		0.962500
7107		1.168750
7108		1.137500
7109		1.406250
7110		1.437500
7111		1.881250
7112		1.581250
7113		1.700000
7114		1.437500
7115		1.700000
7116		1.225000
7117		1.168750
7118		0.900000
7119		1.318750
7120		0.868750
7121		1.225000
7122		1.200000
7123		1.287500
7124		1.318750
7125		1.318750
7126		1.137500
7127		1.493750
7128		1.643750
7129		1.700000
7130		1.700000
7131		1.793750
7132		1.462500
7133		1.762500
7134		1.343750
7135		1.437500
7136		1.581250
7137		1.462500
7138		1.200000
7139		1.287500
7140		1.200000
7141		1.081250
7142		0.812500
7143		1.256250
7144		1.050000
7145		1.137500
7146		0.900000
7147		0.843750
7148		0.756250
7149		0.518750
7150		0.281250
7151		0.456250
7152		-0.050000
7153		-0.518750
7154		-0.668750
7155		-0.550000
7156		-0.968750
7157		-0.993750
7158		-1.675000
7159		-1.675000
7160		-1.650000
7161		-1.768750
7162		-1.912500
7163		-1.912500
7164		-2.062500
7165		-1.975000
7166		-1.737500
7167		-1.856250
7168		-1.437500
7169		-1.412500
7170		-1.587500
7171		-1.112500
7172		-1.231250
7173		-1.081250
7174		-1.112500
7175		-0.818750
7176		-0.787500
7177		-1.231250
7178		-1.081250
7179		-0.581250
7180		-0.400000
7181		-0.193750
7182		-0.137500
7183		-0.193750
7184		0.012500
7185		0.250000
7186		0.487500
7187		0.662500
7188		0.756250
7189		0.987500
7190		0.756250
7191		1.018750
7192		0.987500
7193		1.106250
7194		1.137500
7195		1.343750
7196		1.375000
7197		1.793750
7198		1.050000
7199		1.437500
7200		1.050000
7201		1.256250
7202		1.106250
7203		1.287500
7204		0.987500
7205		1.050000
7206		0.962500
7207		0.756250
7208		1.106250
7209		0.900000
7210		0.575000
7211		0.693750
7212		0.900000
7213		0.518750
7214		0.400000
7215		0.425000
7216		0.250000
7217		0.068750
7218		-0.162500
7219		-0.612500
7220		-0.787500
7221		-0.968750
7222		-1.468750
7223		-1.056250
7224		-1.318750
7225		-1.412500
7226		-1.675000
7227		-1.531250
7228		-1.618750
7229		-1.200000
7230		-1.468750
7231		-1.262500
7232		-0.968750
7233		-1.437500
7234		-1.500000
7235		-1.293750
7236		-1.318750
7237		-1.200000
7238		-1.412500
7239		-1.675000
7240		-1.706250
7241		-1.706250
7242		-1.887500
7243		-2.150000
7244		-1.737500
7245		-1.856250
7246		-1.675000
7247		-1.856250
7248		-1.912500
7249		-1.793750
7250		-1.231250
7251		-1.025000
7252		-1.381250
7253		-1.175000
7254		-0.993750
7255		-0.937500
7256		-0.731250
7257		-0.731250
7258		-1.318750
7259		-1.056250
7260		-0.993750
7261		-0.850000
7262		-1.262500
7263		-0.875000
7264		-1.200000
7265		-0.968750
7266		-0.875000
7267		-0.818750
7268		-0.787500
7269		-0.968750
7270		-0.818750
7271		-1.112500
7272		-0.937500
7273		-0.700000
7274		-0.818750
7275		-0.700000
7276		-1.056250
7277		-1.056250
7278		-1.262500
7279		-1.706250
7280		-1.793750
7281		-2.212500
7282		-2.150000
7283		-2.331250
7284		-2.062500
7285		-1.856250
7286		-1.768750
7287		-1.825000
7288		-1.143750
7289		-0.668750
7290		-0.137500
7291		0.187500
7292		0.368750
7293		0.543750
7294		0.425000
7295		-0.137500
7296		-0.137500
7297		-0.518750
7298		-0.968750
7299		-1.381250
7300		-1.975000
7301		-2.181250
7302		-2.568750
7303		-2.831250
7304		-3.100000
7305		-2.831250
7306		-2.981250
7307		-3.012500
7308		-3.250000
7309		-3.512500
7310		-3.606250
7311		-3.337500
7312		-3.543750
7313		-3.487500
7314		-3.250000
7315		-2.656250
7316		-2.775000
7317		-2.418750
7318		-2.150000
7319		-1.437500
7320		-1.293750
7321		-1.318750
7322		-0.968750
7323		-1.231250
7324		-1.025000
7325		-1.200000
7326		-1.412500
7327		-1.437500
7328		-1.468750
7329		-1.468750
7330		-1.618750
7331		-1.793750
7332		-1.318750
7333		-1.318750
7334		-0.731250
7335		-0.756250
7336		0.043750
7337		0.337500
7338		0.162500
7339		0.543750
7340		0.400000
7341		0.368750
7342		0.425000
7343		0.368750
7344		0.068750
7345		-0.256250
7346		-1.293750
7347		-1.587500
7348		-2.062500
7349		-2.506250
7350		-3.012500
7351		-3.725000
7352		-3.393750
7353		-3.425000
7354		-3.631250
7355		-3.631250
7356		-3.843750
7357		-3.781250
7358		-3.900000
7359		-4.137500
7360		-4.312500
7361		-4.525000
7362		-4.906250
7363		-5.562500
7364		-5.175000
7365		-5.350000
7366		-5.825000
7367		-6.212500
7368		-6.093750
7369		-6.743750
7370		-6.718750
7371		-6.600000
7372		-6.831250
7373		-6.418750
7374		-6.062500
7375		-6.125000
7376		-5.350000
7377		-4.937500
7378		-4.287500
7379		-3.931250
7380		-3.337500
7381		-2.656250
7382		-2.331250
7383		-1.825000
7384		-1.350000
7385		-1.025000
7386		-0.493750
7387		-0.462500
7388		-0.493750
7389		-0.256250
7390		-0.137500
7391		0.068750
7392		-0.075000
7393		-0.075000
7394		-0.075000
7395		-0.225000
7396		-0.075000
7397		-0.225000
7398		-0.106250
7399		-0.193750
7400		-0.137500
7401		-0.431250
7402		-0.050000
7403		-0.018750
7404		0.218750
7405		0.662500
7406		0.987500
7407		1.106250
7408		1.287500
7409		1.581250
7410		1.700000
7411		2.000000
7412		2.000000
7413		2.325000
7414		2.737500
7415		2.500000
7416		2.175000
7417		1.762500
7418		1.493750
7419		0.756250
7420		0.218750
7421		-0.581250
7422		-2.000000
7423		-2.475000
7424		-3.250000
7425		-4.225000
7426		-4.818750
7427		-5.912500
7428		-6.537500
7429		-7.400000
7430		-7.843750
7431		-8.375000
7432		-9.206250
7433		-9.412500
7434		-10.156250
7435		-10.512500
7436		-10.450000
7437		-11.193750
7438		-11.100000
7439		-10.775000
7440		-10.862500
7441		-10.537500
7442		-10.243750
7443		-10.062500
7444		-9.118750
7445		-8.493750
7446		-7.693750
7447		-6.862500
7448		-5.856250
7449		-4.875000
7450		-3.956250
7451		-3.368750
7452		-2.356250
7453		-0.993750
7454		-0.343750
7455		0.250000
7456		0.662500
7457		1.256250
7458		1.462500
7459		1.881250
7460		2.237500
7461		2.500000
7462		2.412500
7463		2.712500
7464		2.293750
7465		2.443750
7466		2.681250
7467		2.737500
7468		2.412500
7469		2.262500
7470		2.500000
7471		2.593750
7472		2.381250
7473		2.593750
7474		2.443750
7475		2.593750
7476		2.325000
7477		2.262500
7478		2.175000
7479		1.906250
7480		2.143750
7481		2.087500
7482		2.175000
7483		1.318750
7484		1.168750
7485		0.543750
7486		0.218750
7487		-0.281250
7488		-0.018750
7489		-0.968750
7490		-1.650000
7491		-2.387500
7492		-2.981250
7493		-3.393750
7494		-3.750000
7495		-4.075000
7496		-4.643750
7497		-5.325000
7498		-5.350000
7499		-5.856250
7500		-5.975000
7501		-6.600000
7502		-6.625000
7503		-7.162500
7504		-6.718750
7505		-6.893750
7506		-6.806250
7507		-7.043750
7508		-7.162500
7509		-6.950000
7510		-6.831250
7511		-6.893750
7512		-7.012500
7513		-6.862500
7514		-6.568750
7515		-6.743750
7516		-6.212500
7517		-6.450000
7518		-5.706250
7519		-5.943750
7520		-5.587500
7521		-5.087500
7522		-4.787500
7523		-4.343750
7524		-4.406250
7525		-3.900000
7526		-3.543750
7527		-2.593750
7528		-2.300000
7529		-2.000000
7530		-1.856250
7531		-1.056250
7532		-0.550000
7533		-0.225000
7534		0.368750
7535		0.662500
7536		1.137500
7537		1.256250
7538		1.675000
7539		1.493750
7540		2.087500
7541		1.881250
7542		1.700000
7543		1.793750
7544		1.437500
7545		1.256250
7546		0.812500
7547		0.900000
7548		0.487500
7549		-0.018750
7550		-0.225000
7551		-0.400000
7552		-0.581250
7553		-0.787500
7554		-0.731250
7555		-1.143750
7556		-1.437500
7557		-1.200000
7558		-1.650000
7559		-1.500000
7560		-1.531250
7561		-1.737500
7562		-2.000000
7563		-2.118750
7564		-2.118750
7565		-2.387500
7566		-2.593750
7567		-3.131250
7568		-2.893750
7569		-3.393750
7570		-3.275000
7571		-3.843750
7572		-4.225000
7573		-3.900000
7574		-4.193750
7575		-4.287500
7576		-4.287500
7577		-4.343750
7578		-4.550000
7579		-4.850000
7580		-5.087500
7581		-5.025000
7582		-4.700000
7583		-4.787500
7584		-5.175000
7585		-5.231250
7586		-5.206250
7587		-5.143750
7588		-4.525000
7589		-4.875000
7590		-4.668750
7591		-4.643750
7592		-3.843750
7593		-3.693750
7594		-3.487500
7595		-2.862500
7596		-2.506250
7597		-2.387500
7598		-1.912500
7599		-1.912500
7600		-1.618750
7601		-1.081250
7602		-0.668750
7603		-0.312500
7604		0.131250
7605		-0.137500
7606		0.100000
7607		0.100000
7608		0.693750
7609		1.137500
7610		1.137500
7611		1.287500
7612		1.581250
7613		1.643750
7614		1.731250
7615		1.762500
7616		2.143750
7617		1.643750
7618		1.906250
7619		1.850000
7620		1.700000
7621		1.643750
7622		1.850000
7623		1.406250
7624		1.643750
7625		1.643750
7626		1.525000
7627		1.793750
7628		2.025000
7629		1.850000
7630		1.643750
7631		1.850000
7632		2.475000
7633		2.293750
7634		2.531250
7635		2.293750
7636		2.618750
7637		2.768750
7638		2.975000
7639		2.918750
7640		2.943750
7641		2.737500
7642		2.800000
7643		3.037500
7644		3.093750
7645		3.156250
7646		3.125000
7647		2.768750
7648		2.650000
7649		3.037500
7650		2.918750
7651		3.275000
7652		3.093750
7653		2.475000
7654		2.712500
7655		2.475000
7656		2.475000
7657		2.381250
7658		1.937500
7659		1.525000
7660		2.206250
7661		1.850000
7662		2.143750
7663		1.881250
7664		2.175000
7665		2.381250
7666		2.206250
7667		2.356250
7668		2.175000
7669		2.443750
7670		2.531250
7671		2.856250
7672		3.125000
7673		3.362500
7674		3.300000
7675		3.512500
7676		3.743750
7677		4.100000
7678		4.281250
7679		4.606250
7680		4.993750
7681		5.468750
7682		5.350000
7683		5.643750
7684		5.818750
7685		6.031250
7686		5.700000
7687		6.325000
7688		6.087500
7689		6.000000
7690		5.881250
7691		5.137500
7692		4.843750
7693		5.350000
7694		5.700000
7695		5.643750
7696		5.556250
7697		5.700000
7698		4.900000
7699		5.700000
7700		4.931250
7701		4.637500
7702		4.693750
7703		4.100000
7704		4.487500
7705		4.218750
7706		4.043750
7707		3.568750
7708		3.212500
7709		3.656250
7710		3.600000
7711		3.212500
7712		3.125000
7713		3.212500
7714		3.037500
7715		2.825000
7716		2.887500
7717		2.768750
7718		3.125000
7719		2.593750
7720		2.825000
7721		2.737500
7722		2.237500
7723		2.237500
7724		2.262500
7725		2.000000
7726		1.881250
7727		1.493750
7728		1.343750
7729		2.000000
7730		1.762500
7731		1.793750
7732		2.143750
7733		2.262500
7734		2.593750
7735		2.737500
7736		3.062500
7737		3.568750
7738		3.212500
7739		3.537500
7740		3.775000
7741		4.012500
7742		4.218750
7743		4.993750
7744		5.137500
7745		6.562500
7746		6.087500
7747		6.856250
7748		7.568750
7749		7.450000
7750		8.043750
7751		8.281250
7752		7.956250
7753		8.225000
7754		8.368750
7755		8.162500
7756		8.312500
7757		7.837500
7758		8.106250
7759		8.012500
7760		7.243750
7761		7.481250
7762		7.093750
7763		6.887500
7764		6.681250
7765		6.531250
7766		5.881250
7767		4.756250
7768		4.993750
7769		4.812500
7770		4.368750
7771		4.075000
7772		3.925000
7773		3.656250
7774		3.481250
7775		3.362500
7776		3.156250
7777		2.887500
7778		2.825000
7779		2.918750
7780		2.737500
7781		2.443750
7782		1.793750
7783		1.850000
7784		1.906250
7785		1.968750
7786		2.000000
7787		1.556250
7788		0.843750
7789		1.106250
7790		0.456250
7791		0.756250
7792		0.987500
7793		0.518750
7794		1.200000
7795		1.200000
7796		1.406250
7797		1.612500
7798		1.850000
7799		2.737500
7800		2.618750
7801		3.062500
7802		3.362500
7803		3.862500
7804		3.862500
7805		3.862500
7806		3.981250
7807		4.250000
7808		4.162500
7809		4.131250
7810		4.368750
7811		4.312500
7812		3.743750
7813		3.862500
7814		4.456250
7815		4.662500
7816		5.406250
7817		4.756250
7818		5.112500
7819		4.875000
7820		5.350000
7821		5.231250
7822		5.437500
7823		5.437500
7824		5.375000
7825		5.287500
7826		5.137500
7827		5.231250
7828		5.200000
7829		5.081250
7830		5.287500
7831		4.756250
7832		4.843750
7833		4.400000
7834		4.575000
7835		4.693750
7836		4.756250
7837		4.456250
7838		4.312500
7839		3.862500
7840		3.631250
7841		3.243750
7842		2.975000
7843		2.475000
7844		2.443750
7845		2.562500
7846		2.500000
7847		2.381250
7848		2.206250
7849		2.618750
7850		2.618750
7851		2.618750
7852		2.593750
7853		2.825000
7854		3.275000
7855		2.681250
7856		2.531250
7857		2.262500
7858		3.037500
7859		3.037500
7860		2.618750
7861		3.300000
7862		3.331250
7863		3.631250
7864		3.537500
7865		3.418750
7866		3.450000
7867		3.037500
7868		2.293750
7869		2.025000
7870		2.175000
7871		2.293750
7872		1.793750
7873		2.025000
7874		1.793750
7875		2.293750
7876		2.768750
7877		2.737500
7878		2.381250
7879		3.062500
7880		3.156250
7881		2.887500
7882		2.531250
7883		2.325000
7884		2.175000
7885		1.881250
7886		2.000000
7887		1.106250
7888		1.050000
7889		0.843750
7890		0.843750
7891		0.987500
7892		0.812500
7893		1.106250
7894		0.987500
7895		1.018750
7896		1.731250
7897		1.406250
7898		1.406250
7899		2.237500
7900		2.175000
7901		2.262500
7902		2.475000
7903		2.356250
7904		2.593750
7905		2.237500
7906		2.356250
7907		2.325000
7908		2.412500
7909		2.475000
7910		2.356250
7911		2.293750
7912		2.681250
7913		2.681250
7914		2.712500
7915		2.681250
7916		2.443750
7917		2.618750
7918		2.325000
7919		2.475000
7920		2.856250
7921		2.475000
7922		2.500000
7923		2.356250
7924		1.968750
7925		2.000000
7926		2.056250
7927		2.025000
7928		1.881250
7929		1.581250
7930		1.437500
7931		1.318750
7932		1.137500
7933		0.693750
7934		0.337500
7935		0.068750
7936		0.012500
7937		-0.162500
7938		-0.137500
7939		-0.400000
7940		-0.281250
7941		-0.518750
7942		-0.612500
7943		-0.518750
7944		-0.668750
7945		-0.731250
7946		-0.431250
7947		-0.281250
7948		-0.731250
7949		-0.700000
7950		-0.637500
7951		-0.581250
7952		-0.225000
7953		-0.518750
7954		-0.075000
7955		-0.193750
7956		-0.106250
7957		-0.193750
7958		-0.137500
7959		0.187500
7960		0.281250
7961		0.400000
7962		0.306250
7963		0.337500
7964		0.487500
7965		0.543750
7966		0.962500
7967		0.987500
7968		1.493750
7969		1.793750
7970		1.731250
7971		1.793750
7972		1.937500
7973		2.087500
7974		2.443750
7975		2.381250
7976		2.856250
7977		2.443750
7978		2.293750
7979		2.650000
7980		2.562500
7981		2.856250
7982		2.943750
7983		2.737500
7984		2.593750
7985		2.356250
7986		2.237500
7987		1.762500
7988		1.762500
7989		1.437500
7990		1.137500
7991		0.756250
7992		0.900000
7993		0.575000
7994		0.543750
7995		-0.193750
7996		0.068750
7997		-0.225000
7998		-0.256250
7999		-0.281250
8000		-0.075000
8001		-0.075000
8002		0.218750
8003		-0.075000
8004		-0.225000
8005		0.131250
8006		-0.137500
8007		-0.400000
8008		0.068750
8009		-0.137500
8010		0.012500
8011		-0.137500
8012		-0.137500
8013		0.162500
8014		-0.018750
8015		0.100000
8016		-0.018750
8017		0.043750
8018		-0.137500
8019		0.250000
8020		0.337500
8021		0.606250
8022		-0.225000
8023		0.281250
8024		0.250000
8025		1.050000
8026		0.487500
8027		0.693750
8028		1.050000
8029		0.962500
8030		1.018750
8031		1.050000
8032		1.225000
8033		1.106250
8034		0.987500
8035		0.637500
8036		1.137500
8037		0.900000
8038		0.843750
8039		0.693750
8040		0.756250
8041		0.518750
8042		0.662500
8043		0.400000
8044		0.306250
8045		0.250000
8046		-0.162500
8047		-0.550000
8048		-0.668750
8049		-0.637500
8050		-0.787500
8051		-0.875000
8052		-1.081250
8053		-1.200000
8054		-1.143750
8055		-0.968750
8056		-0.637500
8057		-0.612500
8058		-0.162500
8059		-0.137500
8060		0.100000
8061		0.100000
8062		0.400000
8063		0.756250
8064		1.050000
8065		0.900000
8066		1.462500
8067		1.462500
8068		1.493750
8069		1.437500
8070		1.493750
8071		1.318750
8072		1.612500
8073		1.700000
8074		1.437500
8075		1.018750
8076		0.987500
8077		0.987500
8078		0.987500
8079		0.693750
8080		0.756250
8081		0.487500
8082		0.487500
8083		0.368750
8084		0.012500
8085		0.012500
8086		-0.193750
8087		-0.375000
8088		-0.668750
8089		-0.343750
8090		-0.493750
8091		-0.787500
8092		-0.756250
8093		-0.968750
8094		-0.787500
8095		-1.262500
8096		-1.412500
8097		-1.112500
8098		-1.143750
8099		-1.112500
8100		-1.468750
8101		-1.412500
8102		-1.531250
8103		-1.231250
8104		-1.143750
8105		-0.937500
8106		-0.875000
8107		-0.668750
8108		-0.225000
8109		0.100000
8110		0.250000
8111		0.400000
8112		0.725000
8113		0.693750
8114		0.487500
8115		0.518750
8116		0.843750
8117		0.756250
8118		0.843750
8119		0.606250
8120		0.281250
8121		0.368750
8122		0.131250
8123		-0.050000
8124		0.368750
8125		0.306250
8126		0.218750
8127		0.162500
8128		0.368750
8129		0.162500
8130		0.400000
8131		0.518750
8132		0.337500
8133		0.368750
8134		0.131250
8135		0.456250
8136		0.187500
8137		0.218750
8138		0.218750
8139		-0.312500
8140		-0.281250
8141		0.368750
8142		0.518750
8143		0.368750
8144		0.250000
8145		0.068750
8146		0.162500
8147		0.068750
8148		-0.050000
8149		-0.225000
8150		-0.581250
8151		-0.137500
8152		-0.375000
8153		-0.731250
8154		-0.906250
8155		-0.937500
8156		-1.437500
8157		-1.650000
8158		-1.706250
8159		-2.031250
8160		-2.356250
8161		-2.506250
8162		-2.506250
8163		-2.356250
8164		-3.187500
8165		-2.568750
8166		-2.806250
8167		-2.806250
8168		-2.981250
8169		-3.012500
8170		-2.656250
8171		-2.950000
8172		-2.687500
8173		-3.068750
8174		-2.806250
8175		-2.950000
8176		-2.806250
8177		-2.356250
8178		-2.593750
8179		-2.506250
8180		-2.506250
8181		-2.212500
8182		-2.300000
8183		-1.912500
8184		-1.737500
8185		-1.706250
8186		-1.706250
8187		-1.081250
8188		-0.731250
8189		-1.231250
8190		-1.081250
8191		-0.818750
8192		-0.343750
8193		-0.993750
8194		-0.518750
8195		-0.700000
8196		-0.343750
8197		-0.756250
8198		-0.493750
8199		-0.375000
8200		-0.075000
8201		-0.225000
8202		-0.225000
8203		-0.106250
8204		-0.431250
8205		-0.581250
8206		-0.462500
8207		-0.431250
8208		-0.637500
8209		-0.731250
8210		-1.081250
8211		-1.112500
8212		-0.937500
8213		-0.937500
8214		-1.381250
8215		-1.556250
8216		-1.468750
8217		-1.618750
8218		-1.856250
8219		-2.150000
8220		-2.268750
8221		-2.150000
8222		-2.712500
8223		-2.743750
8224		-3.012500
8225		-3.012500
8226		-2.981250
8227		-3.425000
8228		-3.250000
8229		-3.187500
8230		-3.393750
8231		-3.306250
8232		-3.725000
8233		-3.250000
8234		-3.068750
8235		-3.250000
8236		-3.512500
8237		-3.631250
8238		-3.306250
8239		-3.487500
8240		-3.631250
8241		-3.631250
8242		-2.831250
8243		-3.543750
8244		-3.725000
8245		-3.306250
8246		-4.018750
8247		-3.487500
8248		-3.156250
8249		-3.543750
8250		-3.693750
8251		-3.456250
8252		-3.543750
8253		-3.606250
8254		-3.012500
8255		-3.250000
8256		-2.950000
8257		-3.100000
8258		-3.100000
8259		-2.950000
8260		-2.950000
8261		-2.950000
8262		-2.893750
8263		-2.950000
8264		-2.806250
8265		-3.012500
8266		-2.568750
8267		-3.012500
8268		-3.012500
8269		-3.187500
8270		-2.743750
8271		-3.250000
8272		-3.425000
8273		-3.131250
8274		-3.543750
8275		-3.012500
8276		-3.337500
8277		-3.487500
8278		-3.306250
8279		-3.487500
8280		-3.900000
8281		-3.487500
8282		-3.750000
8283		-3.931250
8284		-4.256250
8285		-4.256250
8286		-4.193750
8287		-4.312500
8288		-3.275000
8289		-3.218750
8290		-2.775000
8291		-2.712500
8292		-2.418750
8293		-2.118750
8294		-2.593750
8295		-2.237500
8296		-2.212500
8297		-3.068750
8298		-3.037500
8299		-3.393750
8300		-3.868750
8301		-4.287500
8302		-4.375000
8303		-4.668750
8304		-4.850000
8305		-5.056250
8306		-5.087500
8307		-5.412500
8308		-5.562500
8309		-5.412500
8310		-5.912500
8311		-5.768750
8312		-6.150000
8313		-6.125000
8314		-6.331250
8315		-6.006250
8316		-5.975000
8317		-5.887500
8318		-5.175000
8319		-4.850000
8320		-4.493750
8321		-4.256250
8322		-3.987500
8323		-3.693750
8324		-3.693750
8325		-3.575000
8326		-3.575000
8327		-3.456250
8328		-3.781250
8329		-3.750000
8330		-3.750000
8331		-3.631250
8332		-3.781250
8333		-3.393750
8334		-3.337500
8335		-3.012500
8336		-2.568750
8337		-2.950000
8338		-2.450000
8339		-2.181250
8340		-2.268750
8341		-1.675000
8342		-1.912500
8343		-2.000000
8344		-2.150000
8345		-2.150000
8346		-2.656250
8347		-2.656250
8348		-3.843750
8349		-3.956250
8350		-4.875000
8351		-5.443750
8352		-5.350000
8353		-5.587500
8354		-5.912500
8355		-5.768750
8356		-5.887500
8357		-5.912500
8358		-6.062500
8359		-6.031250
8360		-6.125000
8361		-6.062500
8362		-6.150000
8363		-6.925000
8364		-6.950000
8365		-7.162500
8366		-8.018750
8367		-8.287500
8368		-8.525000
8369		-8.968750
8370		-9.412500
8371		-9.175000
8372		-9.325000
8373		-9.381250
8374		-9.206250
8375		-9.381250
8376		-8.881250
8377		-8.343750
8378		-7.693750
8379		-6.862500
8380		-6.506250
8381		-5.943750
8382		-5.087500
8383		-4.225000
8384		-3.662500
8385		-3.606250
8386		-3.218750
8387		-3.187500
8388		-2.687500
8389		-2.593750
8390		-3.037500
8391		-2.300000
8392		-2.212500
8393		-2.656250
8394		-2.237500
8395		-2.831250
8396		-2.981250
8397		-3.037500
8398		-3.187500
8399		-2.862500
8400		-2.656250
8401		-3.100000
8402		-2.656250
8403		-2.300000
8404		-2.506250
8405		-2.000000
8406		-1.706250
8407		-1.025000
8408		-1.025000
8409		-0.818750
8410		-0.493750
8411		-0.668750
8412		-0.375000
8413		-0.518750
8414		-0.137500
8415		-0.281250
8416		-0.312500
8417		-0.875000
8418		-1.437500
8419		-1.825000
8420		-2.118750
8421		-3.275000
8422		-3.931250
8423		-4.343750
8424		-5.618750
8425		-6.568750
8426		-7.162500
8427		-7.900000
8428		-9.237500
8429		-9.618750
8430		-10.743750
8431		-11.337500
8432		-11.993750
8433		-12.525000
8434		-13.000000
8435		-13.618750
8436		-13.800000
8437		-14.156250
8438		-14.156250
8439		-14.450000
8440		-14.068750
8441		-13.918750
8442		-13.618750
8443		-13.562500
8444		-12.525000
8445		-11.843750
8446		-10.893750
8447		-10.125000
8448		-9.475000
8449		-8.668750
8450		-7.543750
8451		-6.600000
8452		-5.681250
8453		-5.025000
8454		-4.225000
8455		-3.631250
8456		-3.037500
8457		-2.181250
8458		-1.825000
8459		-1.175000
8460		-1.262500
8461		-0.937500
8462		-0.550000
8463		-0.731250
8464		-0.106250
8465		-0.225000
8466		-0.225000
8467		-0.550000
8468		-0.518750
8469		-0.106250
8470		-0.193750
8471		-0.050000
8472		-0.312500
8473		-0.375000
8474		-0.731250
8475		-0.787500
8476		-0.756250
8477		-1.200000
8478		-1.262500
8479		-1.200000
8480		-1.143750
8481		-1.618750
8482		-1.675000
8483		-1.618750
8484		-1.618750
8485		-2.568750
8486		-2.450000
8487		-2.775000
8488		-3.131250
8489		-3.781250
8490		-4.050000
8491		-4.968750
8492		-5.737500
8493		-5.793750
8494		-6.656250
8495		-6.806250
8496		-7.693750
8497		-8.287500
8498		-8.731250
8499		-8.700000
8500		-9.056250
8501		-9.737500
8502		-9.356250
8503		-9.737500
8504		-9.943750
8505		-9.975000
8506		-9.856250
8507		-10.093750
8508		-10.062500
8509		-10.125000
8510		-9.975000
8511		-9.587500
8512		-9.531250
8513		-9.800000
8514		-9.412500
8515		-9.706250
8516		-9.531250
8517		-9.087500
8518		-9.175000
8519		-8.906250
8520		-8.525000
8521		-8.437500
8522		-7.781250
8523		-7.543750
8524		-7.487500
8525		-7.131250
8526		-6.450000
8527		-5.856250
8528		-5.231250
8529		-4.525000
8530		-4.406250
8531		-4.050000
8532		-2.593750
8533		-2.862500
8534		-2.593750
8535		-2.356250
8536		-2.268750
8537		-2.150000
8538		-1.887500
8539		-1.706250
8540		-1.468750
8541		-1.531250
8542		-1.737500
8543		-1.675000
8544		-2.000000
8545		-1.200000
8546		-1.856250
8547		-1.675000
8548		-1.975000
8549		-2.712500
8550		-3.131250
8551		-3.100000
8552		-3.156250
8553		-4.343750
8554		-4.050000
8555		-4.375000
8556		-4.818750
8557		-4.818750
8558		-4.968750
8559		-5.112500
8560		-4.818750
8561		-5.143750
8562		-5.143750
8563		-5.325000
8564		-5.562500
8565		-5.912500
8566		-5.706250
8567		-5.975000
8568		-6.006250
8569		-6.537500
8570		-6.625000
8571		-6.656250
8572		-6.893750
8573		-7.487500
8574		-7.487500
8575		-7.487500
8576		-7.987500
8577		-7.962500
8578		-8.462500
8579		-8.493750
8580		-8.375000
8581		-8.406250
8582		-8.643750
8583		-8.437500
8584		-8.762500
8585		-8.200000
8586		-7.750000
8587		-8.106250
8588		-7.843750
8589		-7.962500
8590		-7.931250
8591		-7.306250
8592		-7.637500
8593		-6.743750
8594		-7.187500
8595		-6.150000
8596		-6.212500
8597		-6.093750
8598		-5.618750
8599		-5.531250
8600		-5.262500
8601		-5.175000
8602		-4.493750
8603		-4.193750
8604		-4.018750
8605		-3.750000
8606		-3.156250
8607		-2.925000
8608		-2.593750
8609		-2.537500
8610		-2.150000
8611		-2.300000
8612		-1.856250
8613		-2.062500
8614		-1.556250
8615		-1.231250
8616		-1.825000
8617		-1.706250
8618		-1.768750
8619		-1.618750
8620		-1.556250
8621		-1.793750
8622		-1.912500
8623		-2.031250
8624		-1.856250
8625		-1.056250
8626		-1.587500
8627		-1.856250
8628		-1.556250
8629		-1.081250
8630		-1.437500
8631		-1.200000
8632		-1.081250
8633		-1.231250
8634		-0.756250
8635		-0.968750
8636		-0.431250
8637		-0.818750
8638		-0.906250
8639		-0.256250
8640		-0.581250
8641		-0.518750
8642		-0.581250
8643		-0.050000
8644		-0.612500
8645		-0.375000
8646		-0.050000
8647		-0.431250
8648		0.162500
8649		-0.106250
8650		0.162500
8651		-0.162500
8652		0.068750
8653		-0.193750
8654		-0.137500
8655		-0.731250
8656		-0.700000
8657		-0.875000
8658		-1.175000
8659		-1.175000
8660		-1.231250
8661		-1.262500
8662		-1.056250
8663		-0.993750
8664		-1.175000
8665		-0.993750
8666		-0.637500
8667		-0.518750
8668		-0.106250
8669		-0.256250
8670		-0.518750
8671		-0.075000
8672		-0.018750
8673		0.250000
8674		0.368750
8675		0.306250
8676		0.756250
8677		0.456250
8678		1.137500
8679		1.168750
8680		1.437500
8681		1.818750
8682		2.175000
8683		2.293750
8684		2.712500
8685		2.918750
8686		2.800000
8687		3.181250
8688		3.093750
8689		3.243750
8690		3.093750
8691		3.181250
8692		2.737500
8693		2.975000
8694		3.062500
8695		2.562500
8696		2.381250
8697		2.237500
8698		1.906250
8699		2.237500
8700		1.581250
8701		2.025000
8702		1.643750
8703		1.343750
8704		1.287500
8705		1.343750
8706		0.518750
8707		0.962500
8708		0.781250
8709		0.637500
8710		0.843750
8711		0.456250
8712		0.218750
8713		0.306250
8714		0.218750
8715		0.162500
8716		-0.137500
8717		-0.193750
8718		-0.637500
8719		-0.493750
8720		-0.731250
8721		-0.493750
8722		-0.731250
8723		-0.875000
8724		-0.756250
8725		-0.875000
8726		-0.968750
8727		-0.968750
8728		-0.818750
8729		-0.993750
8730		-1.175000
8731		-0.937500
8732		-0.875000
8733		-0.462500
8734		-0.050000
8735		-0.137500
8736		0.368750
8737		0.606250
8738		0.606250
8739		0.693750
8740		1.137500
8741		0.987500
8742		1.556250
8743		2.206250
8744		2.562500
8745		3.062500
8746		3.537500
8747		3.775000
8748		4.693750
8749		5.168750
8750		5.168750
8751		5.200000
8752		5.556250
8753		5.375000
8754		5.881250
8755		5.556250
8756		4.962500
8757		5.375000
8758		4.812500
8759		4.693750
8760		4.756250
8761		4.250000
8762		4.193750
8763		4.043750
8764		3.600000
8765		3.418750
8766		2.918750
8767		2.712500
8768		2.800000
8769		2.175000
8770		1.881250
8771		2.087500
8772		1.343750
8773		1.050000
8774		1.050000
8775		0.662500
8776		0.400000
8777		0.306250
8778		0.100000
8779		-0.518750
8780		-0.193750
8781		-0.137500
8782		-0.137500
8783		-0.850000
8784		-0.612500
8785		-1.056250
8786		-0.787500
8787		-0.818750
8788		-0.993750
8789		-1.200000
8790		-1.025000
8791		-1.468750
8792		-1.437500
8793		-1.412500
8794		-0.968750
8795		-0.612500
8796		-0.937500
8797		-0.637500
8798		-0.343750
8799		-0.137500
8800		0.012500
8801		0.250000
8802		0.693750
8803		1.137500
8804		1.556250
8805		1.318750
8806		1.818750
8807		2.000000
8808		2.143750
8809		1.937500
8810		2.087500
8811		2.206250
8812		1.906250
8813		2.293750
8814		2.025000
8815		2.500000
8816		2.593750
8817		2.887500
8818		2.381250
8819		2.443750
8820		2.475000
8821		2.443750
8822		2.825000
8823		2.593750
8824		2.681250
8825		2.531250
8826		2.325000
8827		2.531250
8828		2.737500
8829		2.412500
8830		2.618750
8831		2.975000
8832		2.975000
8833		2.531250
8834		2.443750
8835		2.531250
8836		1.937500
8837		2.237500
8838		2.143750
8839		1.881250
8840		1.225000
8841		1.168750
8842		0.337500
8843		0.306250
8844		0.250000
8845		0.100000
8846		-0.137500
8847		0.012500
8848		0.337500
8849		0.162500
8850		0.606250
8851		0.606250
8852		1.050000
8853		0.756250
8854		0.662500
8855		0.900000
8856		0.575000
8857		0.637500
8858		1.050000
8859		0.868750
8860		1.081250
8861		0.456250
8862		0.987500
8863		0.868750
8864		1.018750
8865		0.868750
8866		0.843750
8867		0.900000
8868		0.693750
8869		0.250000
8870		0.043750
8871		-0.256250
8872		-0.225000
8873		-0.225000
8874		0.218750
8875		0.100000
8876		0.606250
8877		0.637500
8878		0.543750
8879		0.781250
8880		0.368750
8881		0.543750
8882		0.306250
8883		0.100000
8884		-0.050000
8885		-0.375000
8886		-0.700000
8887		-0.850000
8888		-0.968750
8889		-1.468750
8890		-1.200000
8891		-1.231250
8892		-1.200000
8893		-0.937500
8894		-0.906250
8895		-0.550000
8896		-0.281250
8897		-0.281250
8898		-0.050000
8899		-0.137500
8900		-0.668750
8901		-0.256250
8902		0.100000
8903		0.100000
8904		0.218750
8905		0.425000
8906		0.250000
8907		0.606250
8908		0.456250
8909		0.337500
8910		0.306250
8911		0.843750
8912		1.200000
8913		1.343750
8914		1.137500
8915		1.287500
8916		1.287500
8917		1.406250
8918		1.493750
8919		1.200000
8920		0.843750
8921		0.900000
8922		0.306250
8923		0.543750
8924		0.781250
8925		0.606250
8926		0.518750
8927		0.281250
8928		0.281250
8929		-0.050000
8930		-0.137500
8931		0.043750
8932		-0.431250
8933		-0.668750
8934		-0.581250
8935		-1.112500
8936		-0.968750
8937		-1.112500
8938		-1.293750
8939		-1.531250
8940		-1.618750
8941		-2.031250
8942		-2.356250
8943		-2.093750
8944		-1.856250
8945		-2.118750
8946		-1.887500
8947		-2.212500
8948		-2.118750
8949		-2.237500
8950		-1.943750
8951		-1.675000
8952		-1.768750
8953		-1.556250
8954		-1.706250
8955		-1.856250
8956		-1.231250
8957		-1.468750
8958		-1.381250
8959		-1.056250
8960		-1.381250
8961		-1.143750
8962		-1.231250
8963		-0.993750
8964		-1.112500
8965		-0.756250
8966		-0.581250
8967		-0.462500
8968		-0.137500
8969		0.218750
8970		0.281250
8971		0.368750
8972		1.106250
8973		0.781250
8974		1.106250
8975		1.287500
8976		1.343750
8977		1.700000
8978		1.881250
8979		1.643750
8980		1.556250
8981		1.581250
8982		1.968750
8983		1.700000
8984		1.462500
8985		1.581250
8986		1.406250
8987		1.318750
8988		1.106250
8989		0.606250
8990		0.425000
8991		0.162500
8992		-0.050000
8993		-0.256250
8994		-0.225000
8995		-0.637500
8996		-0.493750
8997		-0.968750
8998		-0.731250
8999		-0.968750
9000		-0.875000
9001		-0.875000
9002		-0.668750
9003		-1.112500
9004		-0.906250
9005		-0.818750
9006		-0.875000
9007		-1.175000
9008		-0.818750
9009		-0.875000
9010		-1.175000
9011		-1.231250
9012		-0.731250
9013		-1.081250
9014		-1.318750
9015		-0.668750
9016		-0.637500
9017		-0.375000
9018		-0.993750
9019		-0.818750
9020		-0.431250
9021		-0.400000
9022		-0.818750
9023		-0.550000
9024		-0.493750
9025		-0.137500
9026		-0.343750
9027		0.012500
9028		-0.137500
9029		-0.462500
9030		-0.075000
9031		0.100000
9032		0.250000
9033		0.162500
9034		0.543750
9035		0.162500
9036		0.518750
9037		1.256250
9038		0.518750
9039		-0.137500
9040		0.250000
9041		-0.343750
9042		-0.137500
9043		-0.756250
9044		-0.612500
9045		-0.668750
9046		-0.937500
9047		-1.437500
9048		-1.468750
9049		-2.300000
9050		-1.618750
9051		-1.556250
9052		-1.650000
9053		-1.350000
9054		-1.556250
9055		-1.531250
9056		-1.231250
9057		-1.350000
9058		-0.787500
9059		-0.637500
9060		-0.137500
9061		-0.137500
9062		-0.225000
9063		0.162500
9064		-0.050000
9065		0.043750
9066		0.187500
9067		0.575000
9068		0.306250
9069		1.050000
9070		0.812500
9071		1.200000
9072		0.987500
9073		1.200000
9074		1.168750
9075		1.168750
9076		1.050000
9077		0.812500
9078		0.781250
9079		0.518750
9080		0.306250
9081		0.250000
9082		-0.193750
9083		-0.637500
9084		-0.668750
9085		-0.581250
9086		-0.637500
9087		-0.756250
9088		-1.200000
9089		-0.968750
9090		-1.412500
9091		-0.968750
9092		-1.468750
9093		-1.706250
9094		-1.293750
9095		-1.318750
9096		-1.412500
9097		-1.231250
9098		-1.468750
9099		-1.112500
9100		-1.650000
9101		-1.768750
9102		-1.500000
9103		-1.856250
9104		-1.675000
9105		-1.706250
9106		-1.262500
9107		-0.818750
9108		-0.787500
9109		-0.700000
9110		-0.343750
9111		0.012500
9112		0.368750
9113		0.518750
9114		1.168750
9115		0.843750
9116		0.987500
9117		1.050000
9118		0.812500
9119		0.756250
9120		0.487500
9121		0.518750
9122		0.543750
9123		0.218750
9124		0.637500
9125		0.187500
9126		0.606250
9127		0.400000
9128		0.693750
9129		0.306250
9130		0.250000
9131		0.487500
9132		0.756250
9133		0.281250
9134		0.693750
9135		0.543750
9136		0.900000
9137		0.962500
9138		0.900000
9139		1.106250
9140		0.725000
9141		0.843750
9142		1.050000
9143		0.900000
9144		0.606250
9145		0.637500
9146		0.662500
9147		0.693750
9148		0.218750
9149		0.368750
9150		0.187500
9151		0.218750
9152		-0.018750
9153		-0.050000
9154		0.012500
9155		-0.312500
9156		-0.518750
9157		-0.375000
9158		-0.875000
9159		-1.318750
9160		-1.468750
9161		-1.768750
9162		-1.856250
9163		-1.768750
9164		-2.450000
9165		-2.150000
9166		-2.331250
9167		-2.568750
9168		-2.593750
9169		-2.475000
9170		-2.356250
9171		-2.356250
9172		-2.268750
9173		-2.331250
9174		-2.150000
9175		-1.825000
9176		-1.825000
9177		-1.706250
9178		-1.468750
9179		-1.468750
9180		-1.468750
9181		-1.556250
9182		-1.231250
9183		-1.143750
9184		-1.025000
9185		-1.262500
9186		-0.787500
9187		-0.731250
9188		-0.518750
9189		-0.756250
9190		-0.193750
9191		-0.312500
9192		-0.343750
9193		0.162500
9194		0.043750
9195		0.250000
9196		0.306250
9197		0.543750
9198		0.756250
9199		0.518750
9200		0.812500
9201		0.781250
9202		0.456250
9203		0.725000
9204		0.487500
9205		0.693750
9206		0.606250
9207		0.306250
9208		0.400000
9209		0.456250
9210		0.487500
9211		0.456250
9212		0.068750
9213		0.131250
9214		0.456250
9215		0.131250
9216		0.068750
9217		0.162500
9218		-0.075000
9219		0.012500
9220		-0.225000
9221		-0.312500
9222		-0.462500
9223		-0.343750
9224		-0.875000
9225		-0.612500
9226		-1.143750
9227		-1.468750
9228		-1.262500
9229		-1.618750
9230		-1.825000
9231		-1.825000
9232		-2.062500
9233		-1.793750
9234		-1.856250
9235		-2.093750
9236		-1.412500
9237		-1.531250
9238		-1.587500
9239		-1.556250
9240		-1.856250
9241		-1.675000
9242		-1.531250
9243		-1.825000
9244		-1.618750
9245		-2.000000
9246		-2.268750
9247		-2.331250
9248		-2.268750
9249		-2.506250
9250		-2.387500
9251		-2.268750
9252		-1.943750
9253		-2.150000
9254		-2.450000
9255		-2.212500
9256		-1.675000
9257		-1.618750
9258		-1.856250
9259		-1.318750
9260		-1.175000
9261		-1.500000
9262		-1.175000
9263		-1.200000
9264		-1.350000
9265		-1.231250
9266		-1.468750
9267		-1.500000
9268		-1.318750
9269		-1.500000
9270		-1.531250
9271		-1.381250
9272		-1.381250
9273		-1.025000
9274		-1.318750
9275		-1.412500
9276		-1.231250
9277		-1.200000
9278		-1.468750
9279		-1.318750
9280		-1.262500
9281		-1.500000
9282		-1.650000
9283		-1.887500
9284		-1.887500
9285		-2.212500
9286		-2.475000
9287		-2.356250
9288		-2.237500
9289		-2.118750
9290		-2.212500
9291		-2.031250
9292		-1.500000
9293		-1.262500
9294		-1.081250
9295		-0.493750
9296		-0.018750
9297		0.162500
9298		0.131250
9299		-0.050000
9300		-0.281250
9301		-0.731250
9302		-1.025000
9303		-1.143750
9304		-1.856250
9305		-2.118750
9306		-2.356250
9307		-3.037500
9308		-3.012500
9309		-3.012500
9310		-3.337500
9311		-3.037500
9312		-3.218750
9313		-3.843750
9314		-3.843750
9315		-3.781250
9316		-4.075000
9317		-3.606250
9318		-3.543750
9319		-3.456250
9320		-2.950000
9321		-2.775000
9322		-2.506250
9323		-1.975000
9324		-1.675000
9325		-1.500000
9326		-1.318750
9327		-1.350000
9328		-1.437500
9329		-1.293750
9330		-1.500000
9331		-1.556250
9332		-1.381250
9333		-1.531250
9334		-1.531250
9335		-1.556250
9336		-1.350000
9337		-1.025000
9338		-1.437500
9339		-0.875000
9340		-0.343750
9341		-0.018750
9342		0.162500
9343		0.400000
9344		0.931250
9345		0.756250
9346		0.606250
9347		0.518750
9348		0.368750
9349		0.012500
9350		-0.518750
9351		-1.143750
9352		-1.768750
9353		-2.356250
9354		-2.656250
9355		-3.187500
9356		-3.306250
9357		-3.337500
9358		-3.575000
9359		-3.750000
9360		-3.606250
9361		-3.631250
9362		-4.075000
9363		-4.050000
9364		-4.050000
9365		-4.050000
9366		-4.550000
9367		-4.493750
9368		-5.262500
9369		-5.443750
9370		-6.062500
9371		-6.568750
9372		-6.687500
9373		-7.043750
9374		-7.543750
9375		-7.518750
9376		-7.400000
9377		-7.337500
9378		-7.337500
9379		-7.043750
9380		-6.656250
9381		-6.181250
9382		-5.681250
9383		-4.993750
9384		-3.725000
9385		-3.131250
9386		-2.893750
9387		-2.212500
9388		-1.468750
9389		-1.531250
9390		-1.200000
9391		-0.637500
9392		-0.612500
9393		-0.375000
9394		-0.343750
9395		-0.075000
9396		-0.375000
9397		-0.281250
9398		-0.075000
9399		-0.018750
9400		-0.343750
9401		-0.281250
9402		-0.375000
9403		-0.493750
9404		-0.343750
9405		-0.518750
9406		-0.581250
9407		-0.375000
9408		-0.431250
9409		0.100000
9410		0.250000
9411		0.693750
9412		0.962500
9413		1.050000
9414		1.793750
9415		1.793750
9416		2.056250
9417		2.000000
9418		2.531250
9419		2.531250
9420		2.443750
9421		2.237500
9422		2.143750
9423		1.700000
9424		1.200000
9425		0.693750
9426		-0.050000
9427		-0.875000
9428		-1.650000
9429		-2.831250
9430		-4.193750
9431		-4.731250
9432		-5.618750
9433		-6.418750
9434		-6.950000
9435		-7.900000
9436		-8.437500
9437		-9.087500
9438		-9.562500
9439		-10.006250
9440		-10.481250
9441		-10.775000
9442		-10.862500
9443		-11.281250
9444		-10.893750
9445		-11.193750
9446		-10.837500
9447		-10.362500
9448		-9.975000
9449		-9.618750
9450		-8.762500
9451		-8.168750
9452		-7.250000
9453		-6.656250
9454		-5.793750
9455		-4.731250
9456		-3.543750
9457		-2.656250
9458		-1.675000
9459		-0.906250
9460		0.068750
9461		0.218750
9462		0.781250
9463		1.343750
9464		1.643750
9465		2.056250
9466		2.143750
9467		2.681250
9468		2.143750
9469		2.475000
9470		2.681250
9471		2.475000
9472		2.681250
9473		2.800000
9474		2.768750
9475		2.681250
9476		2.443750
9477		2.412500
9478		2.412500
9479		2.443750
9480		2.325000
9481		2.412500
9482		1.881250
9483		2.025000
9484		2.475000
9485		1.937500
9486		1.556250
9487		1.643750
9488		1.581250
9489		1.018750
9490		0.987500
9491		0.368750
9492		-0.018750
9493		-0.193750
9494		-0.937500
9495		-1.318750
9496		-1.768750
9497		-2.331250
9498		-3.156250
9499		-3.393750
9500		-3.931250
9501		-4.256250
9502		-4.668750
9503		-5.231250
9504		-5.618750
9505		-6.125000
9506		-6.450000
9507		-6.387500
9508		-6.743750
9509		-6.831250
9510		-7.187500
9511		-7.100000
9512		-7.281250
9513		-7.187500
9514		-6.981250
9515		-7.281250
9516		-7.012500
9517		-6.950000
9518		-6.806250
9519		-6.656250
9520		-6.600000
9521		-6.300000
9522		-6.150000
9523		-6.093750
9524		-6.243750
9525		-5.856250
9526		-5.618750
9527		-5.325000
9528		-4.731250
9529		-4.668750
9530		-3.931250
9531		-3.606250
9532		-3.187500
9533		-3.393750
9534		-1.825000
9535		-1.468750
9536		-1.056250
9537		-0.400000
9538		0.068750
9539		0.281250
9540		0.637500
9541		1.225000
9542		1.675000
9543		1.700000
9544		1.937500
9545		1.793750
9546		2.087500
9547		1.937500
9548		1.793750
9549		1.675000
9550		1.318750
9551		1.225000
9552		0.868750
9553		0.456250
9554		0.487500
9555		0.043750
9556		-0.343750
9557		-0.612500
9558		-1.081250
9559		-1.231250
9560		-1.231250
9561		-1.175000
9562		-0.787500
9563		-1.081250
9564		-1.081250
9565		-1.587500
9566		-1.675000
9567		-1.618750
9568		-2.000000
9569		-2.118750
9570		-2.300000
9571		-2.625000
9572		-3.100000
9573		-3.337500
9574		-3.218750
9575		-3.337500
9576		-3.543750
9577		-3.900000
9578		-4.106250
9579		-4.193750
9580		-4.525000
9581		-4.612500
9582		-4.787500
9583		-4.762500
9584		-4.731250
9585		-4.937500
9586		-4.968750
9587		-4.700000
9588		-4.937500
9589		-4.993750
9590		-4.668750
9591		-4.525000
9592		-5.025000
9593		-4.550000
9594		-4.493750
9595		-4.225000
9596		-3.868750
9597		-3.900000
9598		-3.606250
9599		-3.487500
9600		-3.306250
9601		-2.268750
9602		-2.568750
9603		-1.793750
9604		-1.706250
9605		-1.318750
9606		-1.081250
9607		-0.637500
9608		0.187500
9609		0.068750
9610		0.306250
9611		0.368750
9612		0.756250
9613		0.725000
9614		0.962500
9615		1.437500
9616		1.200000
9617		2.237500
9618		1.581250
9619		2.262500
9620		2.443750
9621		2.443750
9622		1.937500
9623		2.087500
9624		2.056250
9625		2.143750
9626		2.000000
9627		2.087500
9628		2.000000
9629		2.025000
9630		2.056250
9631		2.056250
9632		1.881250
9633		2.206250
9634		2.000000
9635		2.143750
9636		2.175000
9637		2.143750
9638		2.443750
9639		2.531250
9640		2.768750
9641		2.650000
9642		3.037500
9643		2.975000
9644		3.243750
9645		3.062500
9646		3.418750
9647		3.481250
9648		3.212500
9649		3.275000
9650		3.125000
9651		3.568750
9652		3.212500
9653		3.481250
9654		3.418750
9655		3.275000
9656		3.062500
9657		2.800000
9658		2.800000
9659		2.768750
9660		2.887500
9661		2.293750
9662		2.650000
9663		2.500000
9664		2.087500
9665		1.937500
9666		2.262500
9667		2.381250
9668		2.618750
9669		2.618750
9670		2.593750
9671		2.800000
9672		2.768750
9673		2.825000
9674		2.443750
9675		2.737500
9676		3.125000
9677		3.181250
9678		3.275000
9679		3.300000
9680		3.687500
9681		3.806250
9682		3.925000
9683		4.312500
9684		4.662500
9685		5.050000
9686		5.556250
9687		5.762500
9688		5.912500
9689		6.031250
9690		6.325000
9691		6.237500
9692		5.643750
9693		6.000000
9694		6.031250
9695		6.087500
9696		5.850000
9697		5.818750
9698		5.525000
9699		5.793750
9700		5.287500
9701		5.437500
9702		5.137500
9703		5.231250
9704		5.318750
9705		4.993750
9706		4.606250
9707		4.693750
9708		4.400000
9709		4.431250
9710		4.075000
9711		4.162500
9712		4.043750
9713		3.862500
9714		3.481250
9715		3.600000
9716		3.481250
9717		2.918750
9718		3.181250
9719		2.918750
9720		2.975000
9721		2.856250
9722		2.825000
9723		3.006250
9724		2.975000
9725		2.887500
9726		2.825000
9727		2.768750
9728		2.800000
9729		2.531250
9730		1.906250
9731		2.293750
9732		2.000000
9733		1.700000
9734		2.118750
9735		1.968750
9736		2.531250
9737		2.262500
9738		2.737500
9739		2.887500
9740		3.243750
9741		3.656250
9742		3.718750
9743		4.162500
9744		4.100000
9745		4.368750
9746		4.550000
9747		5.050000
9748		5.556250
9749		6.031250
9750		6.475000
9751		6.856250
9752		7.656250
9753		7.718750
9754		8.162500
9755		8.431250
9756		8.518750
9757		8.487500
9758		8.250000
9759		8.431250
9760		8.106250
9761		8.250000
9762		8.012500
9763		7.837500
9764		7.775000
9765		7.425000
9766		7.306250
9767		7.275000
9768		6.831250
9769		6.593750
9770		6.056250
9771		5.700000
9772		5.287500
9773		5.675000
9774		4.637500
9775		4.575000
9776		4.075000
9777		3.925000
9778		3.743750
9779		3.243750
9780		2.887500
9781		3.062500
9782		2.975000
9783		2.737500
9784		2.593750
9785		2.737500
9786		2.025000
9787		2.262500
9788		2.381250
9789		2.237500
9790		2.412500
9791		1.493750
9792		1.343750
9793		1.318750
9794		1.343750
9795		1.343750
9796		0.987500
9797		1.050000
9798		1.137500
9799		1.937500
9800		1.493750
9801		2.118750
9802		2.443750
9803		2.087500
9804		2.975000
9805		3.062500
9806		3.631250
9807		3.512500
9808		4.043750
9809		4.337500
9810		4.400000
9811		4.518750
9812		4.606250
9813		4.693750
9814		4.281250
9815		4.131250
9816		4.400000
9817		4.400000
9818		4.606250
9819		4.843750
9820		4.725000
9821		4.756250
9822		4.756250
9823		5.137500
9824		5.493750
9825		5.256250
9826		5.587500
9827		6.000000
9828		5.350000
9829		5.612500
9830		6.031250
9831		5.525000
9832		5.675000
9833		5.850000
9834		6.118750
9835		5.318750
9836		5.287500
9837		5.375000
9838		5.256250
9839		4.900000
9840		4.962500
9841		4.606250
9842		4.875000
9843		4.075000
9844		3.537500
9845		3.481250
9846		3.181250
9847		3.243750
9848		2.918750
9849		2.681250
9850		2.887500
9851		2.500000
9852		2.593750
9853		2.856250
9854		3.125000
9855		2.500000
9856		3.062500
9857		3.125000
9858		3.181250
9859		2.887500
9860		2.975000
9861		3.156250
9862		3.093750
9863		3.862500
9864		3.212500
9865		3.718750
9866		3.568750
9867		3.181250
9868		4.012500
9869		3.450000
9870		3.718750
9871		3.212500
9872		2.737500
9873		2.443750
9874		2.593750
9875		1.906250
9876		2.562500
9877		2.087500
9878		2.325000
9879		2.325000
9880		2.825000
9881		2.887500
9882		3.125000
9883		3.037500
9884		2.887500
9885		3.156250
9886		2.531250
9887		2.118750
9888		2.118750
9889		1.937500
9890		1.937500
9891		1.850000
9892		1.343750
9893		1.050000
9894		1.200000
9895		0.900000
9896		0.543750
9897		0.900000
9898		0.962500
9899		1.406250
9900		1.612500
9901		1.850000
9902		1.818750
9903		1.818750
9904		1.937500
9905		2.143750
9906		2.237500
9907		2.381250
9908		2.381250
9909		2.237500
9910		2.175000
9911		2.381250
9912		2.593750
9913		2.175000
9914		2.475000
9915		2.593750
9916		2.593750
9917		3.037500
9918		2.975000
9919		3.181250
9920		3.125000
9921		3.243750
9922		2.887500
9923		2.768750
9924		2.975000
9925		2.475000
9926		2.650000
9927		2.593750
9928		2.712500
9929		2.325000
9930		1.881250
9931		2.381250
9932		1.581250
9933		2.025000
9934		1.968750
9935		1.462500
9936		0.900000
9937		0.900000
9938		0.662500
9939		0.518750
9940		0.187500
9941		0.012500
9942		-0.075000
9943		-0.075000
9944		-0.431250
9945		-0.612500
9946		-0.550000
9947		-0.256250
9948		-0.493750
9949		-0.431250
9950		-0.281250
9951		-0.075000
9952		-0.518750
9953		-0.518750
9954		-0.256250
9955		-0.431250
9956		-0.225000
9957		-0.050000
9958		-0.225000
9959		-0.375000
9960		-0.162500
9961		0.100000
9962		-0.225000
9963		0.100000
9964		-0.137500
9965		0.400000
9966		0.543750
9967		0.487500
9968		0.518750
9969		0.781250
9970		0.725000
9971		1.437500
9972		1.493750
9973		1.462500
9974		2.175000
9975		2.175000
9976		2.175000
9977		2.768750
9978		2.618750
9979		2.887500
9980		2.856250
9981		3.062500
9982		2.975000
9983		2.975000
9984		2.737500
9985		2.918750
9986		2.618750
9987		2.856250
9988		2.825000
9989		2.293750
9990		2.293750
9991		2.412500
9992		1.937500
9993		1.556250
9994		0.987500
9995		1.343750
9996		0.756250
9997		0.100000
9998		0.368750
9999		0.218750
10000		0.100000
