Channel              :		CH1
Frequency            :		17.73Hz
Period               :		56.40ms
PK-PK                :		32.69mV
Average              :		-0.526mV
Vertical pos         :		1.000000mV
Probe attenuation    :		1X
Voltage per ADC value:		0.001563mV
Time interval        :		10.00000uS

index		CH1_Voltage(mV)
1		-8.343750
2		-8.287500
3		-8.256250
4		-8.225000
5		-8.318750
6		-7.843750
7		-7.606250
8		-6.950000
9		-6.387500
10		-5.681250
11		-5.825000
12		-5.087500
13		-4.668750
14		-4.256250
15		-3.812500
16		-3.456250
17		-3.337500
18		-3.393750
19		-3.250000
20		-2.893750
21		-2.925000
22		-2.775000
23		-3.012500
24		-2.950000
25		-3.250000
26		-2.950000
27		-3.275000
28		-3.337500
29		-3.100000
30		-3.512500
31		-3.337500
32		-3.487500
33		-3.456250
34		-3.781250
35		-3.631250
36		-4.193750
37		-4.018750
38		-4.612500
39		-4.493750
40		-4.937500
41		-5.175000
42		-6.006250
43		-6.031250
44		-6.300000
45		-6.268750
46		-6.981250
47		-7.518750
48		-7.575000
49		-7.693750
50		-8.106250
51		-8.050000
52		-8.225000
53		-8.731250
54		-8.050000
55		-7.931250
56		-8.256250
57		-8.318750
58		-8.287500
59		-8.406250
60		-8.406250
61		-8.700000
62		-8.818750
63		-9.000000
64		-8.493750
65		-9.000000
66		-8.668750
67		-8.375000
68		-8.200000
69		-7.693750
70		-7.606250
71		-7.306250
72		-6.806250
73		-6.718750
74		-6.625000
75		-6.212500
76		-5.262500
77		-4.968750
78		-5.325000
79		-4.818750
80		-5.025000
81		-4.787500
82		-4.431250
83		-4.375000
84		-4.050000
85		-3.662500
86		-3.781250
87		-4.050000
88		-4.050000
89		-3.987500
90		-3.900000
91		-3.956250
92		-3.931250
93		-3.987500
94		-4.225000
95		-4.431250
96		-4.700000
97		-4.493750
98		-4.875000
99		-5.443750
100		-6.062500
101		-5.381250
102		-6.243750
103		-6.300000
104		-6.806250
105		-7.487500
106		-7.606250
107		-8.200000
108		-8.050000
109		-8.225000
110		-8.668750
111		-8.643750
112		-8.818750
113		-9.087500
114		-9.237500
115		-9.056250
116		-9.118750
117		-9.412500
118		-9.325000
119		-9.381250
120		-9.087500
121		-9.325000
122		-9.262500
123		-9.562500
124		-9.381250
125		-9.118750
126		-9.175000
127		-9.143750
128		-9.587500
129		-9.293750
130		-9.175000
131		-8.225000
132		-8.787500
133		-8.643750
134		-8.256250
135		-8.225000
136		-8.137500
137		-7.781250
138		-7.843750
139		-7.487500
140		-7.187500
141		-7.400000
142		-6.862500
143		-7.043750
144		-6.950000
145		-6.775000
146		-6.481250
147		-6.718750
148		-6.862500
149		-6.743750
150		-6.718750
151		-6.506250
152		-6.506250
153		-6.600000
154		-6.625000
155		-6.300000
156		-6.362500
157		-6.212500
158		-6.125000
159		-5.825000
160		-6.062500
161		-6.212500
162		-6.300000
163		-6.506250
164		-6.331250
165		-6.418750
166		-6.775000
167		-7.043750
168		-7.306250
169		-7.218750
170		-7.306250
171		-7.543750
172		-7.662500
173		-7.843750
174		-7.575000
175		-7.781250
176		-7.843750
177		-7.868750
178		-7.400000
179		-7.750000
180		-7.606250
181		-7.900000
182		-7.662500
183		-7.575000
184		-7.606250
185		-7.400000
186		-7.781250
187		-7.693750
188		-7.931250
189		-7.843750
190		-7.781250
191		-7.162500
192		-7.456250
193		-7.456250
194		-7.187500
195		-7.306250
196		-7.187500
197		-7.337500
198		-6.981250
199		-6.806250
200		-7.068750
201		-6.656250
202		-6.743750
203		-6.862500
204		-6.806250
205		-7.012500
206		-7.100000
207		-7.100000
208		-6.950000
209		-7.131250
210		-7.337500
211		-7.218750
212		-6.950000
213		-7.250000
214		-7.725000
215		-7.162500
216		-7.306250
217		-7.043750
218		-6.656250
219		-6.687500
220		-6.625000
221		-6.656250
222		-6.568750
223		-6.718750
224		-6.656250
225		-6.568750
226		-6.506250
227		-6.212500
228		-6.212500
229		-6.450000
230		-6.481250
231		-6.150000
232		-6.150000
233		-5.468750
234		-5.531250
235		-5.618750
236		-5.531250
237		-5.325000
238		-5.175000
239		-5.443750
240		-5.531250
241		-5.206250
242		-4.968750
243		-5.206250
244		-5.468750
245		-5.231250
246		-5.650000
247		-5.412500
248		-5.175000
249		-5.562500
250		-5.350000
251		-5.681250
252		-5.293750
253		-5.350000
254		-5.262500
255		-5.325000
256		-5.468750
257		-5.325000
258		-5.231250
259		-5.025000
260		-5.412500
261		-5.468750
262		-5.618750
263		-5.443750
264		-5.443750
265		-5.650000
266		-5.381250
267		-5.231250
268		-5.350000
269		-5.262500
270		-5.143750
271		-5.468750
272		-5.443750
273		-5.325000
274		-5.206250
275		-5.443750
276		-5.206250
277		-5.025000
278		-5.231250
279		-4.906250
280		-4.937500
281		-4.700000
282		-4.668750
283		-4.375000
284		-4.406250
285		-4.581250
286		-4.343750
287		-4.193750
288		-4.287500
289		-4.493750
290		-4.106250
291		-4.050000
292		-4.050000
293		-4.050000
294		-3.750000
295		-3.781250
296		-3.575000
297		-3.543750
298		-3.631250
299		-3.393750
300		-3.275000
301		-3.512500
302		-3.156250
303		-3.425000
304		-3.512500
305		-3.631250
306		-3.487500
307		-3.512500
308		-3.456250
309		-3.750000
310		-3.987500
311		-4.050000
312		-3.693750
313		-3.750000
314		-3.337500
315		-3.393750
316		-3.425000
317		-2.625000
318		-3.250000
319		-2.806250
320		-2.506250
321		-2.268750
322		-2.268750
323		-1.912500
324		-1.793750
325		-1.912500
326		-1.231250
327		-1.318750
328		-0.937500
329		-0.787500
330		-0.731250
331		-1.143750
332		-0.906250
333		-1.412500
334		-1.825000
335		-2.212500
336		-2.387500
337		-3.012500
338		-3.337500
339		-3.900000
340		-3.843750
341		-3.750000
342		-3.306250
343		-3.606250
344		-3.275000
345		-3.187500
346		-2.981250
347		-2.806250
348		-2.925000
349		-2.862500
350		-3.487500
351		-3.987500
352		-3.987500
353		-3.987500
354		-4.075000
355		-4.375000
356		-4.343750
357		-3.931250
358		-3.487500
359		-3.306250
360		-2.537500
361		-2.000000
362		-2.062500
363		-0.700000
364		-0.050000
365		0.518750
366		1.018750
367		1.793750
368		2.143750
369		2.531250
370		2.618750
371		2.618750
372		2.768750
373		2.918750
374		2.412500
375		2.143750
376		1.493750
377		1.287500
378		0.931250
379		0.900000
380		0.368750
381		0.900000
382		0.368750
383		-0.137500
384		-0.193750
385		0.068750
386		-0.518750
387		-0.550000
388		-0.493750
389		-1.412500
390		-1.437500
391		-2.300000
392		-2.506250
393		-3.068750
394		-3.337500
395		-3.393750
396		-3.368750
397		-3.931250
398		-3.868750
399		-3.693750
400		-4.256250
401		-4.256250
402		-3.393750
403		-3.631250
404		-3.337500
405		-2.981250
406		-2.743750
407		-2.268750
408		-1.768750
409		-1.262500
410		-0.937500
411		-0.375000
412		-0.731250
413		-0.343750
414		-0.075000
415		0.100000
416		0.662500
417		0.250000
418		0.456250
419		-0.018750
420		-0.137500
421		0.250000
422		0.518750
423		0.543750
424		0.693750
425		0.693750
426		1.137500
427		1.556250
428		2.000000
429		2.175000
430		2.593750
431		2.768750
432		2.768750
433		3.481250
434		3.418750
435		3.537500
436		3.362500
437		3.718750
438		3.418750
439		3.331250
440		3.181250
441		2.768750
442		2.712500
443		2.618750
444		2.618750
445		1.700000
446		1.881250
447		1.556250
448		0.931250
449		0.281250
450		-0.018750
451		-0.281250
452		-1.112500
453		-1.768750
454		-1.912500
455		-2.387500
456		-2.418750
457		-2.831250
458		-3.100000
459		-3.306250
460		-3.750000
461		-3.487500
462		-3.393750
463		-3.843750
464		-3.187500
465		-2.981250
466		-3.012500
467		-2.656250
468		-2.212500
469		-1.768750
470		-1.793750
471		-1.381250
472		-1.175000
473		-0.850000
474		-0.581250
475		-0.193750
476		0.187500
477		0.068750
478		0.487500
479		0.575000
480		1.050000
481		1.343750
482		1.793750
483		1.731250
484		1.906250
485		1.906250
486		2.056250
487		2.175000
488		2.087500
489		1.937500
490		1.556250
491		1.675000
492		1.881250
493		1.493750
494		1.793750
495		1.462500
496		1.256250
497		1.581250
498		1.437500
499		1.612500
500		1.643750
501		1.793750
502		1.556250
503		1.818750
504		1.493750
505		1.793750
506		1.700000
507		1.793750
508		2.412500
509		2.175000
510		2.175000
511		2.325000
512		2.475000
513		2.143750
514		2.087500
515		2.443750
516		2.237500
517		2.650000
518		2.443750
519		2.143750
520		1.850000
521		1.818750
522		1.762500
523		2.087500
524		1.881250
525		1.968750
526		1.731250
527		1.731250
528		1.968750
529		1.762500
530		1.700000
531		1.881250
532		1.731250
533		1.906250
534		1.906250
535		2.056250
536		2.143750
537		2.381250
538		2.562500
539		2.618750
540		2.681250
541		2.381250
542		2.768750
543		2.825000
544		2.206250
545		2.443750
546		2.618750
547		2.412500
548		2.443750
549		2.143750
550		2.475000
551		2.143750
552		2.056250
553		2.118750
554		2.325000
555		1.968750
556		2.025000
557		1.643750
558		1.343750
559		1.462500
560		1.462500
561		1.137500
562		1.256250
563		1.700000
564		1.493750
565		1.287500
566		1.343750
567		1.406250
568		1.493750
569		1.375000
570		1.675000
571		1.343750
572		1.581250
573		1.612500
574		1.643750
575		1.675000
576		1.256250
577		1.581250
578		1.556250
579		1.375000
580		1.731250
581		1.700000
582		2.143750
583		2.000000
584		2.381250
585		2.475000
586		2.618750
587		2.768750
588		2.825000
589		2.887500
590		3.331250
591		3.418750
592		3.212500
593		3.568750
594		3.718750
595		3.362500
596		3.568750
597		3.656250
598		3.450000
599		3.775000
600		3.718750
601		3.631250
602		3.687500
603		3.537500
604		3.837500
605		3.806250
606		4.043750
607		3.718750
608		3.806250
609		4.012500
610		3.568750
611		3.418750
612		3.243750
613		3.300000
614		2.593750
615		2.618750
616		2.825000
617		2.475000
618		2.237500
619		2.143750
620		1.881250
621		1.581250
622		1.700000
623		1.675000
624		1.437500
625		1.437500
626		1.437500
627		1.437500
628		1.406250
629		1.643750
630		1.643750
631		1.762500
632		1.700000
633		2.262500
634		2.325000
635		2.118750
636		1.968750
637		2.443750
638		2.918750
639		2.768750
640		2.887500
641		3.156250
642		2.918750
643		2.887500
644		3.837500
645		3.631250
646		2.975000
647		3.481250
648		3.512500
649		3.362500
650		3.687500
651		3.718750
652		3.481250
653		3.300000
654		3.775000
655		3.331250
656		3.631250
657		3.806250
658		3.481250
659		4.043750
660		3.806250
661		4.012500
662		4.193750
663		4.075000
664		4.250000
665		4.218750
666		4.075000
667		4.075000
668		4.075000
669		3.775000
670		4.012500
671		3.862500
672		3.631250
673		3.925000
674		3.568750
675		3.925000
676		4.075000
677		3.656250
678		3.687500
679		3.481250
680		3.481250
681		3.537500
682		3.600000
683		3.418750
684		3.512500
685		3.568750
686		3.743750
687		3.418750
688		3.393750
689		3.775000
690		3.718750
691		3.837500
692		3.981250
693		3.837500
694		4.281250
695		3.925000
696		3.956250
697		4.012500
698		3.925000
699		3.956250
700		4.218750
701		4.193750
702		4.456250
703		4.843750
704		4.900000
705		5.137500
706		5.200000
707		5.318750
708		5.437500
709		5.287500
710		5.437500
711		5.700000
712		5.556250
713		5.318750
714		5.437500
715		5.793750
716		5.350000
717		5.556250
718		5.287500
719		6.031250
720		5.881250
721		5.850000
722		5.350000
723		5.287500
724		5.256250
725		5.200000
726		5.287500
727		4.900000
728		5.018750
729		4.875000
730		5.200000
731		5.200000
732		5.081250
733		5.318750
734		5.493750
735		5.731250
736		6.000000
737		5.643750
738		6.000000
739		6.031250
740		5.937500
741		5.793750
742		5.912500
743		5.700000
744		5.700000
745		5.643750
746		5.318750
747		5.287500
748		4.812500
749		4.725000
750		4.781250
751		4.962500
752		4.843750
753		4.518750
754		4.518750
755		4.756250
756		4.550000
757		4.456250
758		4.162500
759		4.250000
760		4.456250
761		4.637500
762		4.812500
763		5.437500
764		6.031250
765		6.800000
766		6.975000
767		7.987500
768		8.993750
769		9.762500
770		10.443750
771		11.037500
772		11.512500
773		11.600000
774		11.900000
775		12.018750
776		12.106250
777		11.750000
778		11.568750
779		11.718750
780		11.781250
781		11.512500
782		11.543750
783		11.925000
784		11.512500
785		11.187500
786		10.712500
787		9.943750
788		9.706250
789		9.081250
790		7.925000
791		6.531250
792		5.731250
793		4.931250
794		3.893750
795		3.156250
796		2.825000
797		2.175000
798		1.643750
799		1.850000
800		2.325000
801		2.887500
802		3.300000
803		4.368750
804		4.431250
805		5.587500
806		6.712500
807		7.925000
808		8.812500
809		9.406250
810		10.506250
811		11.425000
812		12.106250
813		12.756250
814		13.437500
815		14.300000
816		14.918750
817		15.306250
818		15.631250
819		16.312500
820		16.137501
821		16.462500
822		15.868750
823		15.956250
824		15.425000
825		15.337500
826		14.562500
827		14.093750
828		13.350000
829		12.700000
830		12.106250
831		11.218750
832		10.300000
833		10.062500
834		9.231250
835		8.931250
836		8.368750
837		8.250000
838		7.656250
839		7.600000
840		7.568750
841		7.331250
842		7.512500
843		7.481250
844		6.918750
845		7.125000
846		6.831250
847		6.387500
848		6.618750
849		6.206250
850		5.643750
851		5.643750
852		4.812500
853		4.662500
854		4.100000
855		3.893750
856		3.981250
857		3.125000
858		3.181250
859		2.325000
860		2.918750
861		3.037500
862		2.768750
863		2.887500
864		2.737500
865		3.806250
866		3.925000
867		4.606250
868		5.050000
869		5.643750
870		6.562500
871		7.512500
872		8.400000
873		9.525000
874		10.562500
875		11.687500
876		12.875000
877		14.387500
878		14.862500
879		15.662500
880		16.375000
881		17.262501
882		18.150000
883		18.212500
884		18.831249
885		18.981251
886		18.981251
887		18.950001
888		18.687500
889		18.418751
890		18.000000
891		17.174999
892		16.668751
893		15.662500
894		14.893750
895		13.468750
896		12.606250
897		11.631250
898		10.831250
899		9.731250
900		8.606250
901		8.131250
902		7.631250
903		7.068750
904		6.618750
905		6.118750
906		6.387500
907		6.268750
908		6.175000
909		6.887500
910		6.975000
911		7.306250
912		7.512500
913		7.275000
914		8.106250
915		8.225000
916		8.162500
917		8.962500
918		8.456250
919		8.693750
920		8.787500
921		8.756250
922		8.368750
923		7.956250
924		7.925000
925		7.687500
926		7.568750
927		6.768750
928		6.593750
929		6.293750
930		6.206250
931		6.031250
932		5.762500
933		5.525000
934		5.437500
935		5.731250
936		5.556250
937		5.731250
938		5.731250
939		6.000000
940		5.731250
941		6.593750
942		6.681250
943		7.537500
944		7.275000
945		8.043750
946		8.225000
947		8.756250
948		9.112500
949		9.731250
950		9.762500
951		9.762500
952		9.881250
953		10.181250
954		10.237500
955		9.587500
956		10.062500
957		9.350000
958		9.287500
959		9.025000
960		8.456250
961		8.400000
962		8.012500
963		7.775000
964		7.212500
965		6.831250
966		6.562500
967		6.737500
968		6.712500
969		6.443750
970		6.356250
971		6.387500
972		6.650000
973		6.387500
974		6.737500
975		6.887500
976		7.868750
977		7.750000
978		7.750000
979		8.400000
980		8.550000
981		8.550000
982		8.368750
983		8.843750
984		9.025000
985		9.081250
986		9.025000
987		9.050000
988		9.112500
989		9.437500
990		8.843750
991		8.812500
992		8.368750
993		8.043750
994		7.925000
995		7.837500
996		7.125000
997		6.650000
998		6.618750
999		6.562500
1000		5.937500
1001		5.287500
1002		5.793750
1003		5.137500
1004		5.018750
1005		4.781250
1006		4.843750
1007		4.900000
1008		4.900000
1009		5.112500
1010		5.612500
1011		5.556250
1012		5.556250
1013		6.175000
1014		5.881250
1015		6.175000
1016		6.268750
1017		6.031250
1018		6.618750
1019		6.918750
1020		6.506250
1021		6.737500
1022		6.975000
1023		7.037500
1024		6.712500
1025		6.918750
1026		6.856250
1027		6.650000
1028		6.387500
1029		6.056250
1030		5.731250
1031		5.912500
1032		5.850000
1033		5.406250
1034		5.200000
1035		5.112500
1036		5.112500
1037		5.200000
1038		4.550000
1039		4.962500
1040		5.200000
1041		4.431250
1042		4.662500
1043		4.843750
1044		4.606250
1045		4.312500
1046		4.693750
1047		5.137500
1048		4.931250
1049		5.318750
1050		5.200000
1051		6.175000
1052		5.881250
1053		6.087500
1054		6.237500
1055		6.618750
1056		6.531250
1057		6.293750
1058		6.237500
1059		6.000000
1060		6.118750
1061		5.731250
1062		5.350000
1063		5.762500
1064		4.900000
1065		4.662500
1066		4.756250
1067		4.456250
1068		4.162500
1069		3.925000
1070		3.925000
1071		4.012500
1072		4.100000
1073		4.100000
1074		3.687500
1075		3.743750
1076		4.012500
1077		4.218750
1078		4.400000
1079		4.250000
1080		4.368750
1081		4.518750
1082		4.456250
1083		4.843750
1084		4.456250
1085		4.993750
1086		4.962500
1087		5.406250
1088		5.050000
1089		5.318750
1090		4.875000
1091		5.287500
1092		4.993750
1093		5.112500
1094		4.843750
1095		4.875000
1096		4.662500
1097		4.400000
1098		4.487500
1099		4.606250
1100		4.875000
1101		4.012500
1102		4.043750
1103		4.100000
1104		4.250000
1105		3.956250
1106		3.837500
1107		3.981250
1108		3.181250
1109		3.125000
1110		4.250000
1111		4.193750
1112		4.162500
1113		4.075000
1114		4.368750
1115		4.312500
1116		4.518750
1117		4.662500
1118		4.725000
1119		4.606250
1120		4.400000
1121		4.662500
1122		4.075000
1123		3.718750
1124		4.131250
1125		3.656250
1126		3.037500
1127		3.181250
1128		2.825000
1129		2.650000
1130		2.000000
1131		2.237500
1132		2.356250
1133		1.700000
1134		1.700000
1135		1.612500
1136		1.406250
1137		1.137500
1138		1.287500
1139		1.406250
1140		1.225000
1141		0.987500
1142		1.225000
1143		0.662500
1144		0.662500
1145		0.756250
1146		0.900000
1147		0.756250
1148		0.693750
1149		0.456250
1150		0.425000
1151		0.756250
1152		1.018750
1153		0.606250
1154		0.756250
1155		1.343750
1156		1.225000
1157		1.525000
1158		1.968750
1159		1.731250
1160		1.793750
1161		2.681250
1162		2.618750
1163		2.825000
1164		2.943750
1165		2.650000
1166		2.918750
1167		2.943750
1168		3.418750
1169		3.125000
1170		2.825000
1171		3.125000
1172		3.243750
1173		3.275000
1174		3.418750
1175		2.825000
1176		2.975000
1177		2.800000
1178		2.825000
1179		2.025000
1180		2.500000
1181		2.087500
1182		1.556250
1183		1.493750
1184		0.693750
1185		0.637500
1186		0.575000
1187		0.250000
1188		0.187500
1189		0.068750
1190		-0.106250
1191		-0.906250
1192		-0.668750
1193		-0.818750
1194		-1.056250
1195		-1.675000
1196		-1.262500
1197		-1.381250
1198		-1.081250
1199		-1.412500
1200		-1.231250
1201		-1.262500
1202		-1.350000
1203		-1.381250
1204		-1.318750
1205		-0.906250
1206		-0.612500
1207		-0.731250
1208		-0.581250
1209		-0.787500
1210		-0.612500
1211		-0.818750
1212		-0.493750
1213		-0.581250
1214		0.162500
1215		-0.312500
1216		-0.225000
1217		0.068750
1218		-0.137500
1219		-0.462500
1220		-0.225000
1221		-0.550000
1222		-0.581250
1223		-0.668750
1224		-0.875000
1225		-1.081250
1226		-0.818750
1227		-0.787500
1228		-0.637500
1229		-0.075000
1230		-0.637500
1231		-0.193750
1232		-0.431250
1233		-0.256250
1234		0.012500
1235		0.131250
1236		-0.050000
1237		0.162500
1238		0.100000
1239		0.012500
1240		0.100000
1241		0.043750
1242		-0.493750
1243		-0.612500
1244		-1.200000
1245		-1.025000
1246		-1.293750
1247		-1.587500
1248		-1.618750
1249		-1.531250
1250		-1.912500
1251		-2.150000
1252		-2.300000
1253		-2.418750
1254		-2.212500
1255		-2.625000
1256		-2.925000
1257		-3.100000
1258		-3.306250
1259		-3.606250
1260		-3.487500
1261		-3.187500
1262		-3.487500
1263		-3.306250
1264		-3.693750
1265		-3.487500
1266		-3.218750
1267		-3.425000
1268		-3.487500
1269		-3.250000
1270		-3.543750
1271		-3.456250
1272		-3.750000
1273		-3.631250
1274		-3.368750
1275		-3.750000
1276		-3.631250
1277		-3.575000
1278		-3.456250
1279		-3.843750
1280		-3.631250
1281		-4.168750
1282		-3.606250
1283		-3.543750
1284		-3.900000
1285		-4.018750
1286		-3.900000
1287		-4.168750
1288		-3.900000
1289		-3.931250
1290		-3.781250
1291		-4.287500
1292		-3.843750
1293		-3.425000
1294		-3.337500
1295		-2.925000
1296		-3.100000
1297		-2.862500
1298		-2.893750
1299		-2.806250
1300		-2.775000
1301		-2.506250
1302		-2.568750
1303		-2.893750
1304		-2.450000
1305		-3.100000
1306		-2.893750
1307		-2.712500
1308		-3.037500
1309		-3.187500
1310		-2.862500
1311		-2.893750
1312		-3.425000
1313		-3.543750
1314		-3.606250
1315		-3.606250
1316		-3.843750
1317		-4.168750
1318		-4.050000
1319		-4.287500
1320		-4.406250
1321		-4.668750
1322		-4.668750
1323		-4.643750
1324		-5.087500
1325		-5.531250
1326		-5.325000
1327		-5.825000
1328		-5.618750
1329		-5.350000
1330		-5.768750
1331		-6.062500
1332		-5.412500
1333		-5.618750
1334		-5.943750
1335		-5.975000
1336		-5.618750
1337		-5.706250
1338		-5.381250
1339		-5.412500
1340		-4.993750
1341		-5.087500
1342		-5.025000
1343		-5.262500
1344		-5.468750
1345		-5.112500
1346		-5.087500
1347		-5.412500
1348		-4.968750
1349		-5.262500
1350		-5.262500
1351		-5.262500
1352		-5.087500
1353		-5.175000
1354		-4.968750
1355		-4.875000
1356		-4.850000
1357		-4.787500
1358		-4.993750
1359		-4.731250
1360		-4.818750
1361		-5.112500
1362		-5.443750
1363		-5.262500
1364		-5.618750
1365		-5.856250
1366		-6.450000
1367		-6.181250
1368		-6.150000
1369		-6.243750
1370		-5.681250
1371		-6.006250
1372		-6.418750
1373		-6.006250
1374		-5.768750
1375		-6.093750
1376		-5.468750
1377		-5.468750
1378		-5.531250
1379		-5.262500
1380		-4.762500
1381		-4.818750
1382		-4.906250
1383		-4.343750
1384		-4.818750
1385		-5.087500
1386		-4.993750
1387		-4.406250
1388		-4.431250
1389		-4.525000
1390		-4.581250
1391		-4.343750
1392		-4.968750
1393		-5.618750
1394		-5.262500
1395		-5.768750
1396		-6.300000
1397		-6.300000
1398		-6.775000
1399		-7.306250
1400		-7.637500
1401		-7.962500
1402		-7.781250
1403		-7.662500
1404		-8.081250
1405		-8.137500
1406		-8.375000
1407		-8.375000
1408		-8.937500
1409		-9.118750
1410		-9.562500
1411		-10.156250
1412		-10.037500
1413		-10.212500
1414		-10.450000
1415		-10.600000
1416		-10.656250
1417		-10.212500
1418		-9.800000
1419		-9.856250
1420		-9.175000
1421		-8.937500
1422		-8.525000
1423		-8.137500
1424		-7.425000
1425		-7.012500
1426		-6.568750
1427		-6.506250
1428		-6.125000
1429		-5.681250
1430		-5.618750
1431		-5.325000
1432		-5.025000
1433		-5.443750
1434		-5.468750
1435		-5.381250
1436		-5.531250
1437		-5.412500
1438		-5.175000
1439		-5.262500
1440		-5.443750
1441		-5.262500
1442		-5.325000
1443		-5.231250
1444		-5.231250
1445		-5.618750
1446		-5.262500
1447		-5.706250
1448		-6.031250
1449		-5.975000
1450		-6.300000
1451		-6.862500
1452		-7.162500
1453		-7.575000
1454		-7.662500
1455		-7.931250
1456		-7.962500
1457		-8.437500
1458		-8.731250
1459		-9.175000
1460		-9.325000
1461		-9.262500
1462		-9.381250
1463		-9.825000
1464		-9.943750
1465		-9.918750
1466		-10.212500
1467		-10.181250
1468		-10.568750
1469		-10.331250
1470		-10.656250
1471		-10.718750
1472		-10.450000
1473		-10.687500
1474		-10.862500
1475		-11.337500
1476		-11.043750
1477		-10.806250
1478		-10.743750
1479		-10.275000
1480		-10.362500
1481		-10.212500
1482		-9.768750
1483		-9.237500
1484		-9.056250
1485		-8.881250
1486		-8.668750
1487		-8.437500
1488		-8.375000
1489		-7.962500
1490		-7.900000
1491		-7.931250
1492		-7.400000
1493		-7.306250
1494		-7.100000
1495		-6.743750
1496		-6.743750
1497		-6.600000
1498		-6.181250
1499		-6.362500
1500		-5.975000
1501		-6.300000
1502		-6.006250
1503		-6.300000
1504		-6.268750
1505		-6.212500
1506		-6.481250
1507		-6.862500
1508		-6.537500
1509		-7.100000
1510		-7.750000
1511		-7.543750
1512		-7.812500
1513		-8.018750
1514		-8.493750
1515		-9.143750
1516		-8.937500
1517		-9.175000
1518		-9.325000
1519		-9.650000
1520		-9.918750
1521		-10.300000
1522		-10.481250
1523		-10.568750
1524		-10.925000
1525		-11.012500
1526		-11.100000
1527		-11.100000
1528		-11.875000
1529		-11.543750
1530		-11.518750
1531		-11.693750
1532		-11.875000
1533		-11.637500
1534		-11.843750
1535		-11.843750
1536		-11.606250
1537		-11.456250
1538		-10.862500
1539		-11.100000
1540		-11.337500
1541		-11.193750
1542		-10.893750
1543		-11.100000
1544		-10.743750
1545		-10.331250
1546		-10.362500
1547		-10.743750
1548		-10.006250
1549		-10.212500
1550		-10.062500
1551		-9.681250
1552		-9.681250
1553		-9.825000
1554		-9.587500
1555		-9.443750
1556		-9.025000
1557		-9.325000
1558		-9.025000
1559		-9.175000
1560		-9.118750
1561		-9.118750
1562		-8.643750
1563		-9.118750
1564		-8.850000
1565		-8.643750
1566		-8.556250
1567		-8.643750
1568		-8.668750
1569		-8.787500
1570		-8.581250
1571		-8.850000
1572		-8.700000
1573		-8.556250
1574		-8.881250
1575		-9.262500
1576		-9.118750
1577		-9.118750
1578		-9.118750
1579		-8.643750
1580		-8.937500
1581		-9.206250
1582		-9.087500
1583		-9.087500
1584		-9.412500
1585		-9.531250
1586		-9.356250
1587		-9.562500
1588		-9.475000
1589		-9.562500
1590		-9.356250
1591		-9.681250
1592		-9.856250
1593		-9.562500
1594		-10.006250
1595		-9.475000
1596		-9.825000
1597		-9.706250
1598		-9.856250
1599		-9.706250
1600		-9.681250
1601		-9.412500
1602		-9.618750
1603		-9.412500
1604		-9.587500
1605		-9.237500
1606		-9.412500
1607		-9.412500
1608		-8.818750
1609		-9.087500
1610		-9.262500
1611		-9.237500
1612		-9.118750
1613		-8.937500
1614		-9.025000
1615		-8.937500
1616		-9.087500
1617		-8.937500
1618		-9.412500
1619		-9.175000
1620		-9.175000
1621		-9.475000
1622		-9.087500
1623		-9.768750
1624		-9.175000
1625		-9.475000
1626		-9.587500
1627		-9.325000
1628		-9.293750
1629		-9.175000
1630		-9.237500
1631		-9.412500
1632		-9.475000
1633		-8.937500
1634		-9.025000
1635		-9.175000
1636		-8.881250
1637		-8.881250
1638		-8.375000
1639		-8.787500
1640		-8.462500
1641		-8.200000
1642		-8.225000
1643		-8.318750
1644		-8.437500
1645		-8.018750
1646		-8.200000
1647		-7.931250
1648		-8.081250
1649		-7.781250
1650		-7.843750
1651		-7.900000
1652		-7.693750
1653		-8.256250
1654		-7.900000
1655		-7.750000
1656		-7.987500
1657		-8.018750
1658		-8.081250
1659		-8.081250
1660		-8.081250
1661		-7.843750
1662		-7.400000
1663		-7.487500
1664		-7.518750
1665		-7.487500
1666		-7.543750
1667		-7.637500
1668		-7.337500
1669		-7.606250
1670		-7.962500
1671		-8.050000
1672		-7.987500
1673		-8.081250
1674		-8.050000
1675		-8.225000
1676		-8.256250
1677		-8.018750
1678		-8.050000
1679		-8.018750
1680		-8.200000
1681		-7.931250
1682		-8.081250
1683		-8.050000
1684		-7.812500
1685		-7.693750
1686		-7.868750
1687		-8.168750
1688		-7.662500
1689		-7.337500
1690		-7.693750
1691		-7.868750
1692		-7.868750
1693		-7.987500
1694		-7.900000
1695		-7.843750
1696		-7.543750
1697		-7.606250
1698		-7.100000
1699		-7.400000
1700		-7.337500
1701		-7.131250
1702		-6.862500
1703		-7.100000
1704		-6.950000
1705		-6.718750
1706		-6.481250
1707		-6.450000
1708		-6.300000
1709		-6.362500
1710		-6.243750
1711		-6.418750
1712		-6.362500
1713		-6.893750
1714		-6.568750
1715		-6.362500
1716		-6.568750
1717		-6.300000
1718		-5.887500
1719		-6.568750
1720		-6.450000
1721		-6.656250
1722		-6.418750
1723		-6.568750
1724		-6.743750
1725		-6.418750
1726		-6.268750
1727		-6.268750
1728		-6.387500
1729		-5.856250
1730		-5.912500
1731		-5.587500
1732		-5.768750
1733		-5.650000
1734		-5.350000
1735		-4.968750
1736		-5.231250
1737		-4.968750
1738		-5.087500
1739		-4.612500
1740		-4.612500
1741		-4.343750
1742		-3.843750
1743		-3.843750
1744		-4.193750
1745		-4.106250
1746		-4.343750
1747		-4.700000
1748		-5.325000
1749		-5.443750
1750		-6.093750
1751		-6.268750
1752		-6.831250
1753		-7.100000
1754		-7.187500
1755		-7.043750
1756		-6.625000
1757		-6.600000
1758		-6.775000
1759		-6.506250
1760		-6.300000
1761		-6.450000
1762		-5.943750
1763		-5.793750
1764		-6.006250
1765		-6.625000
1766		-6.743750
1767		-6.718750
1768		-6.950000
1769		-7.281250
1770		-6.981250
1771		-6.387500
1772		-6.300000
1773		-5.681250
1774		-5.056250
1775		-4.312500
1776		-3.987500
1777		-3.487500
1778		-2.862500
1779		-2.150000
1780		-1.531250
1781		-0.937500
1782		-0.637500
1783		-0.343750
1784		-0.162500
1785		-0.375000
1786		-0.700000
1787		-1.081250
1788		-1.025000
1789		-1.500000
1790		-1.675000
1791		-2.062500
1792		-2.806250
1793		-2.743750
1794		-2.862500
1795		-2.743750
1796		-3.631250
1797		-3.575000
1798		-4.018750
1799		-3.956250
1800		-3.812500
1801		-4.525000
1802		-4.431250
1803		-4.643750
1804		-5.056250
1805		-5.325000
1806		-5.706250
1807		-6.212500
1808		-6.331250
1809		-6.718750
1810		-6.775000
1811		-6.893750
1812		-6.862500
1813		-7.131250
1814		-6.893750
1815		-6.831250
1816		-6.418750
1817		-6.125000
1818		-5.650000
1819		-5.293750
1820		-5.325000
1821		-4.643750
1822		-3.900000
1823		-3.606250
1824		-4.256250
1825		-2.925000
1826		-3.012500
1827		-2.775000
1828		-2.862500
1829		-2.656250
1830		-2.893750
1831		-3.037500
1832		-3.187500
1833		-3.337500
1834		-3.931250
1835		-3.606250
1836		-3.425000
1837		-3.068750
1838		-2.893750
1839		-2.806250
1840		-2.268750
1841		-2.000000
1842		-1.231250
1843		-0.637500
1844		-0.050000
1845		0.100000
1846		0.250000
1847		0.400000
1848		0.812500
1849		0.900000
1850		1.050000
1851		1.050000
1852		0.900000
1853		0.843750
1854		0.518750
1855		1.018750
1856		0.987500
1857		0.306250
1858		0.306250
1859		-0.050000
1860		-0.581250
1861		-0.875000
1862		-1.618750
1863		-2.062500
1864		-2.062500
1865		-2.506250
1866		-3.100000
1867		-3.337500
1868		-3.900000
1869		-3.750000
1870		-3.693750
1871		-4.493750
1872		-4.668750
1873		-5.112500
1874		-5.112500
1875		-5.325000
1876		-5.206250
1877		-5.025000
1878		-5.231250
1879		-4.850000
1880		-4.643750
1881		-4.343750
1882		-3.693750
1883		-3.750000
1884		-3.037500
1885		-2.356250
1886		-2.118750
1887		-1.912500
1888		-2.150000
1889		-1.412500
1890		-1.143750
1891		-1.056250
1892		-0.993750
1893		-0.850000
1894		-1.175000
1895		-0.818750
1896		-0.312500
1897		0.518750
1898		-0.375000
1899		-0.137500
1900		-0.400000
1901		-0.550000
1902		-0.637500
1903		-0.756250
1904		-0.518750
1905		-0.731250
1906		-0.731250
1907		-0.968750
1908		-1.056250
1909		-0.637500
1910		-0.993750
1911		-0.850000
1912		-0.518750
1913		-0.343750
1914		-0.668750
1915		-0.343750
1916		-0.193750
1917		-0.312500
1918		-0.193750
1919		-0.281250
1920		0.218750
1921		0.518750
1922		0.368750
1923		0.368750
1924		0.987500
1925		0.812500
1926		1.081250
1927		0.987500
1928		1.375000
1929		1.137500
1930		1.225000
1931		0.812500
1932		1.106250
1933		1.137500
1934		0.725000
1935		0.162500
1936		0.012500
1937		0.131250
1938		-0.281250
1939		-0.343750
1940		-0.281250
1941		-0.431250
1942		-0.281250
1943		-0.493750
1944		-0.256250
1945		-0.075000
1946		0.306250
1947		0.131250
1948		0.250000
1949		0.456250
1950		0.575000
1951		0.900000
1952		0.962500
1953		0.662500
1954		0.518750
1955		0.456250
1956		0.662500
1957		0.337500
1958		0.306250
1959		-0.075000
1960		-0.137500
1961		0.306250
1962		-0.162500
1963		0.456250
1964		-0.075000
1965		-0.075000
1966		0.012500
1967		0.012500
1968		0.518750
1969		-0.281250
1970		-0.518750
1971		-0.225000
1972		-0.637500
1973		-0.493750
1974		-0.731250
1975		-1.056250
1976		-1.262500
1977		-1.231250
1978		-0.612500
1979		-0.968750
1980		-0.818750
1981		-0.731250
1982		-0.612500
1983		-0.581250
1984		-0.731250
1985		-0.431250
1986		-0.281250
1987		-0.075000
1988		-0.400000
1989		0.043750
1990		0.100000
1991		0.400000
1992		0.487500
1993		0.725000
1994		0.756250
1995		0.756250
1996		0.756250
1997		0.693750
1998		0.725000
1999		0.962500
2000		1.050000
2001		1.581250
2002		1.581250
2003		1.700000
2004		2.118750
2005		2.262500
2006		2.562500
2007		2.562500
2008		2.475000
2009		2.737500
2010		2.381250
2011		2.206250
2012		2.381250
2013		2.325000
2014		2.262500
2015		2.206250
2016		1.881250
2017		1.968750
2018		2.025000
2019		2.025000
2020		1.881250
2021		1.906250
2022		2.025000
2023		2.056250
2024		1.968750
2025		1.850000
2026		1.318750
2027		1.581250
2028		1.287500
2029		1.168750
2030		1.343750
2031		1.106250
2032		1.225000
2033		1.081250
2034		0.518750
2035		0.487500
2036		0.637500
2037		0.756250
2038		0.518750
2039		0.456250
2040		0.543750
2041		0.575000
2042		0.662500
2043		0.693750
2044		0.868750
2045		1.318750
2046		1.700000
2047		1.556250
2048		1.556250
2049		1.881250
2050		1.818750
2051		1.881250
2052		2.293750
2053		2.206250
2054		2.475000
2055		2.500000
2056		2.562500
2057		2.562500
2058		2.650000
2059		2.681250
2060		2.887500
2061		2.681250
2062		2.593750
2063		2.681250
2064		2.975000
2065		2.681250
2066		2.737500
2067		2.681250
2068		2.443750
2069		2.593750
2070		2.325000
2071		2.681250
2072		2.531250
2073		2.175000
2074		2.443750
2075		2.356250
2076		2.087500
2077		2.087500
2078		1.937500
2079		1.881250
2080		2.000000
2081		1.793750
2082		1.850000
2083		1.818750
2084		1.700000
2085		1.318750
2086		1.793750
2087		2.143750
2088		2.143750
2089		2.381250
2090		2.237500
2091		2.737500
2092		2.443750
2093		2.562500
2094		2.856250
2095		2.650000
2096		2.975000
2097		3.181250
2098		2.975000
2099		3.300000
2100		3.512500
2101		3.718750
2102		4.250000
2103		4.312500
2104		4.550000
2105		4.368750
2106		4.781250
2107		5.318750
2108		5.493750
2109		5.350000
2110		5.493750
2111		5.731250
2112		6.031250
2113		6.325000
2114		6.387500
2115		6.150000
2116		6.475000
2117		6.087500
2118		5.612500
2119		6.031250
2120		5.850000
2121		5.762500
2122		5.587500
2123		5.350000
2124		5.350000
2125		5.112500
2126		5.256250
2127		5.050000
2128		4.843750
2129		4.843750
2130		4.843750
2131		4.368750
2132		4.550000
2133		4.550000
2134		4.162500
2135		3.568750
2136		4.100000
2137		3.062500
2138		3.212500
2139		3.156250
2140		2.800000
2141		2.856250
2142		2.918750
2143		2.087500
2144		2.825000
2145		3.275000
2146		3.181250
2147		3.631250
2148		4.075000
2149		3.956250
2150		4.550000
2151		4.400000
2152		4.693750
2153		4.312500
2154		4.843750
2155		4.550000
2156		4.756250
2157		4.550000
2158		4.368750
2159		4.575000
2160		4.693750
2161		4.400000
2162		4.312500
2163		4.606250
2164		4.456250
2165		4.812500
2166		4.725000
2167		4.962500
2168		5.556250
2169		5.137500
2170		5.468750
2171		5.675000
2172		5.587500
2173		5.850000
2174		6.293750
2175		6.800000
2176		7.425000
2177		7.893750
2178		8.550000
2179		9.231250
2180		9.731250
2181		10.531250
2182		11.425000
2183		12.043750
2184		12.368750
2185		12.106250
2186		12.606250
2187		12.018750
2188		12.368750
2189		12.018750
2190		11.900000
2191		11.781250
2192		11.187500
2193		11.068750
2194		10.681250
2195		10.087500
2196		9.731250
2197		9.112500
2198		8.043750
2199		7.425000
2200		6.712500
2201		5.700000
2202		4.781250
2203		4.012500
2204		3.181250
2205		1.906250
2206		1.406250
2207		0.812500
2208		-0.075000
2209		0.131250
2210		0.100000
2211		0.162500
2212		0.337500
2213		0.868750
2214		1.937500
2215		2.825000
2216		4.012500
2217		5.137500
2218		6.356250
2219		7.187500
2220		8.400000
2221		9.468750
2222		10.531250
2223		11.218750
2224		11.925000
2225		13.262500
2226		14.237500
2227		14.743750
2228		15.362500
2229		16.431250
2230		16.756250
2231		17.350000
2232		17.350000
2233		17.350000
2234		17.381250
2235		17.262501
2236		17.112499
2237		16.312500
2238		15.456250
2239		14.537500
2240		13.287500
2241		12.906250
2242		11.987500
2243		11.425000
2244		10.300000
2245		9.587500
2246		9.437500
2247		8.456250
2248		7.987500
2249		7.631250
2250		7.275000
2251		7.212500
2252		7.331250
2253		7.187500
2254		7.362500
2255		7.243750
2256		7.362500
2257		7.362500
2258		7.243750
2259		6.475000
2260		6.443750
2261		5.793750
2262		5.762500
2263		5.018750
2264		5.050000
2265		4.756250
2266		3.687500
2267		3.181250
2268		3.093750
2269		3.006250
2270		2.681250
2271		2.237500
2272		2.237500
2273		2.056250
2274		2.262500
2275		2.562500
2276		2.293750
2277		3.568750
2278		3.481250
2279		4.012500
2280		4.637500
2281		5.200000
2282		6.150000
2283		7.275000
2284		8.550000
2285		9.112500
2286		10.387500
2287		11.956250
2288		13.287500
2289		14.000000
2290		15.868750
2291		16.256250
2292		17.618750
2293		18.237499
2294		19.275000
2295		19.631250
2296		20.075001
2297		20.818750
2298		20.406250
2299		19.987499
2300		19.631250
2301		19.100000
2302		18.299999
2303		17.618750
2304		16.400000
2305		15.631250
2306		14.681250
2307		13.112500
2308		12.462500
2309		11.631250
2310		10.443750
2311		9.318750
2312		8.106250
2313		7.306250
2314		6.975000
2315		6.618750
2316		6.412500
2317		6.118750
2318		6.237500
2319		6.506250
2320		6.618750
2321		6.887500
2322		7.306250
2323		7.806250
2324		8.106250
2325		8.787500
2326		9.262500
2327		9.587500
2328		9.556250
2329		10.150000
2330		9.762500
2331		10.031250
2332		9.825000
2333		9.287500
2334		9.493750
2335		9.262500
2336		8.575000
2337		7.806250
2338		7.362500
2339		7.125000
2340		6.443750
2341		5.912500
2342		5.850000
2343		5.525000
2344		5.406250
2345		5.168750
2346		5.468750
2347		5.318750
2348		5.256250
2349		5.493750
2350		5.793750
2351		6.150000
2352		6.593750
2353		7.093750
2354		7.450000
2355		8.106250
2356		8.343750
2357		8.668750
2358		9.168750
2359		9.437500
2360		9.850000
2361		9.731250
2362		9.587500
2363		10.000000
2364		9.793750
2365		9.943750
2366		9.762500
2367		9.850000
2368		9.112500
2369		8.962500
2370		8.400000
2371		8.400000
2372		7.718750
2373		7.718750
2374		7.481250
2375		6.918750
2376		6.856250
2377		6.618750
2378		6.387500
2379		6.531250
2380		6.593750
2381		6.237500
2382		6.975000
2383		6.918750
2384		7.275000
2385		7.512500
2386		7.068750
2387		7.631250
2388		7.775000
2389		8.431250
2390		8.518750
2391		8.993750
2392		9.468750
2393		9.081250
2394		10.031250
2395		9.731250
2396		10.150000
2397		10.087500
2398		10.387500
2399		10.237500
2400		9.793750
2401		9.493750
2402		9.112500
2403		8.606250
2404		8.456250
2405		8.162500
2406		7.718750
2407		7.331250
2408		7.006250
2409		7.212500
2410		6.443750
2411		6.443750
2412		6.237500
2413		6.650000
2414		6.325000
2415		6.000000
2416		6.118750
2417		6.000000
2418		5.937500
2419		5.850000
2420		6.237500
2421		5.700000
2422		5.350000
2423		6.031250
2424		6.206250
2425		6.325000
2426		6.237500
2427		6.475000
2428		6.768750
2429		7.212500
2430		7.275000
2431		7.187500
2432		7.425000
2433		7.243750
2434		7.568750
2435		7.631250
2436		7.425000
2437		7.837500
2438		7.275000
2439		7.306250
2440		7.037500
2441		6.650000
2442		6.800000
2443		5.937500
2444		6.325000
2445		6.031250
2446		5.818750
2447		6.206250
2448		6.056250
2449		5.968750
2450		5.731250
2451		5.556250
2452		5.850000
2453		6.293750
2454		5.881250
2455		6.412500
2456		5.881250
2457		6.237500
2458		6.175000
2459		6.087500
2460		6.087500
2461		6.387500
2462		6.412500
2463		6.531250
2464		6.593750
2465		6.531250
2466		6.443750
2467		6.618750
2468		6.531250
2469		6.650000
2470		6.293750
2471		6.506250
2472		6.206250
2473		5.818750
2474		5.818750
2475		5.850000
2476		5.406250
2477		5.556250
2478		5.081250
2479		4.900000
2480		4.875000
2481		5.050000
2482		4.812500
2483		4.637500
2484		4.900000
2485		4.900000
2486		4.993750
2487		4.962500
2488		5.112500
2489		5.287500
2490		4.962500
2491		5.200000
2492		4.993750
2493		5.406250
2494		5.587500
2495		5.375000
2496		5.587500
2497		6.000000
2498		5.850000
2499		5.587500
2500		5.793750
2501		6.087500
2502		5.968750
2503		5.287500
2504		5.762500
2505		5.375000
2506		5.137500
2507		4.993750
2508		5.112500
2509		4.843750
2510		4.962500
2511		5.018750
2512		5.050000
2513		4.931250
2514		5.350000
2515		5.112500
2516		5.287500
2517		5.287500
2518		5.112500
2519		5.350000
2520		5.200000
2521		5.112500
2522		5.406250
2523		5.081250
2524		5.112500
2525		4.812500
2526		4.900000
2527		4.756250
2528		4.812500
2529		5.200000
2530		4.756250
2531		4.693750
2532		4.781250
2533		4.575000
2534		4.725000
2535		5.081250
2536		4.993750
2537		4.337500
2538		3.806250
2539		3.925000
2540		3.512500
2541		3.631250
2542		3.393750
2543		3.037500
2544		2.825000
2545		2.975000
2546		2.681250
2547		2.737500
2548		2.443750
2549		2.681250
2550		2.381250
2551		2.087500
2552		2.562500
2553		2.475000
2554		2.443750
2555		2.175000
2556		2.056250
2557		2.175000
2558		2.237500
2559		1.850000
2560		1.968750
2561		1.906250
2562		2.025000
2563		1.762500
2564		1.731250
2565		2.000000
2566		2.087500
2567		2.237500
2568		2.443750
2569		2.475000
2570		2.381250
2571		2.887500
2572		2.531250
2573		2.943750
2574		3.125000
2575		3.631250
2576		3.956250
2577		4.368750
2578		4.312500
2579		4.043750
2580		3.775000
2581		4.550000
2582		4.431250
2583		4.162500
2584		4.162500
2585		3.925000
2586		3.893750
2587		3.656250
2588		3.893750
2589		3.862500
2590		3.393750
2591		3.181250
2592		2.825000
2593		2.768750
2594		2.768750
2595		2.650000
2596		2.056250
2597		2.237500
2598		1.700000
2599		1.581250
2600		1.406250
2601		1.050000
2602		0.812500
2603		0.756250
2604		0.218750
2605		0.400000
2606		0.162500
2607		-0.431250
2608		-0.225000
2609		0.131250
2610		-0.225000
2611		-0.343750
2612		-0.312500
2613		0.012500
2614		-0.281250
2615		0.250000
2616		0.425000
2617		0.693750
2618		0.425000
2619		0.812500
2620		1.018750
2621		0.868750
2622		0.812500
2623		0.606250
2624		0.606250
2625		0.575000
2626		0.931250
2627		0.781250
2628		0.693750
2629		0.781250
2630		0.043750
2631		0.543750
2632		0.693750
2633		0.281250
2634		0.543750
2635		0.987500
2636		0.756250
2637		1.081250
2638		0.812500
2639		1.018750
2640		1.081250
2641		1.556250
2642		1.137500
2643		1.406250
2644		1.437500
2645		1.050000
2646		1.437500
2647		1.493750
2648		1.462500
2649		1.643750
2650		1.168750
2651		1.375000
2652		1.225000
2653		1.406250
2654		1.287500
2655		1.343750
2656		1.106250
2657		1.106250
2658		0.900000
2659		0.781250
2660		0.606250
2661		0.306250
2662		0.012500
2663		-0.312500
2664		-0.518750
2665		-0.731250
2666		-1.175000
2667		-1.056250
2668		-1.056250
2669		-1.262500
2670		-1.231250
2671		-1.175000
2672		-1.381250
2673		-1.468750
2674		-1.531250
2675		-1.768750
2676		-1.556250
2677		-1.293750
2678		-1.556250
2679		-0.968750
2680		-1.231250
2681		-1.318750
2682		-1.081250
2683		-1.318750
2684		-1.531250
2685		-1.468750
2686		-1.556250
2687		-1.737500
2688		-1.887500
2689		-2.237500
2690		-2.212500
2691		-1.912500
2692		-2.300000
2693		-2.268750
2694		-2.331250
2695		-2.450000
2696		-2.118750
2697		-2.093750
2698		-2.150000
2699		-2.181250
2700		-1.675000
2701		-2.000000
2702		-1.825000
2703		-1.706250
2704		-1.468750
2705		-1.112500
2706		-1.175000
2707		-1.412500
2708		-1.318750
2709		-0.818750
2710		-1.262500
2711		-0.875000
2712		-0.850000
2713		-0.700000
2714		-0.431250
2715		-0.493750
2716		-0.375000
2717		-0.343750
2718		-0.193750
2719		-0.162500
2720		-0.731250
2721		-0.343750
2722		-0.518750
2723		-0.668750
2724		-0.906250
2725		-1.175000
2726		-1.318750
2727		-1.468750
2728		-1.650000
2729		-1.675000
2730		-1.675000
2731		-2.331250
2732		-1.675000
2733		-2.118750
2734		-2.118750
2735		-2.331250
2736		-2.656250
2737		-2.418750
2738		-2.893750
2739		-2.862500
2740		-2.893750
2741		-3.456250
2742		-3.156250
2743		-3.425000
2744		-3.218750
2745		-3.037500
2746		-3.012500
2747		-3.750000
2748		-3.631250
2749		-3.456250
2750		-3.012500
2751		-3.187500
2752		-3.512500
2753		-3.275000
2754		-2.981250
2755		-3.187500
2756		-2.506250
2757		-2.568750
2758		-2.625000
2759		-2.712500
2760		-2.862500
2761		-2.806250
2762		-2.093750
2763		-2.212500
2764		-2.212500
2765		-2.268750
2766		-2.418750
2767		-2.356250
2768		-2.568750
2769		-2.450000
2770		-2.568750
2771		-2.806250
2772		-2.625000
2773		-2.475000
2774		-2.568750
2775		-3.100000
2776		-3.100000
2777		-3.337500
2778		-3.037500
2779		-3.037500
2780		-3.218750
2781		-2.950000
2782		-3.456250
2783		-3.100000
2784		-3.393750
2785		-3.250000
2786		-3.487500
2787		-3.606250
2788		-3.250000
2789		-2.806250
2790		-2.712500
2791		-2.450000
2792		-2.031250
2793		-2.743750
2794		-2.625000
2795		-2.268750
2796		-2.418750
2797		-2.712500
2798		-2.000000
2799		-1.912500
2800		-1.737500
2801		-2.212500
2802		-2.150000
2803		-2.000000
2804		-2.356250
2805		-2.568750
2806		-2.893750
2807		-3.393750
2808		-3.693750
2809		-4.256250
2810		-4.493750
2811		-5.025000
2812		-5.412500
2813		-5.206250
2814		-5.468750
2815		-5.650000
2816		-5.618750
2817		-5.706250
2818		-5.825000
2819		-5.706250
2820		-5.912500
2821		-6.268750
2822		-6.537500
2823		-6.806250
2824		-7.100000
2825		-7.543750
2826		-7.518750
2827		-7.518750
2828		-7.725000
2829		-7.637500
2830		-7.725000
2831		-7.637500
2832		-6.806250
2833		-6.418750
2834		-5.768750
2835		-5.262500
2836		-4.787500
2837		-4.525000
2838		-4.137500
2839		-3.987500
2840		-3.187500
2841		-2.981250
2842		-2.950000
2843		-3.275000
2844		-3.218750
2845		-3.100000
2846		-3.100000
2847		-3.037500
2848		-3.781250
2849		-3.693750
2850		-3.487500
2851		-3.425000
2852		-3.368750
2853		-3.425000
2854		-3.512500
2855		-3.487500
2856		-3.843750
2857		-3.725000
2858		-3.456250
2859		-3.368750
2860		-3.512500
2861		-3.900000
2862		-3.693750
2863		-4.018750
2864		-4.312500
2865		-4.462500
2866		-4.818750
2867		-5.262500
2868		-5.443750
2869		-5.618750
2870		-5.825000
2871		-6.625000
2872		-6.600000
2873		-6.743750
2874		-7.100000
2875		-7.187500
2876		-7.750000
2877		-7.781250
2878		-7.812500
2879		-7.662500
2880		-7.900000
2881		-8.050000
2882		-7.931250
2883		-8.168750
2884		-8.462500
2885		-8.581250
2886		-8.612500
2887		-8.437500
2888		-8.493750
2889		-8.643750
2890		-8.287500
2891		-8.050000
2892		-8.200000
2893		-7.987500
2894		-7.487500
2895		-7.162500
2896		-7.043750
2897		-6.893750
2898		-6.268750
2899		-6.006250
2900		-5.562500
2901		-5.531250
2902		-5.681250
2903		-4.993750
2904		-4.906250
2905		-4.937500
2906		-4.818750
2907		-4.462500
2908		-4.668750
2909		-4.493750
2910		-4.818750
2911		-4.193750
2912		-3.781250
2913		-3.750000
2914		-3.750000
2915		-3.931250
2916		-4.075000
2917		-4.668750
2918		-4.431250
2919		-4.287500
2920		-4.550000
2921		-4.643750
2922		-5.231250
2923		-5.531250
2924		-5.350000
2925		-5.562500
2926		-5.975000
2927		-6.418750
2928		-6.212500
2929		-6.387500
2930		-7.162500
2931		-7.306250
2932		-7.693750
2933		-7.843750
2934		-8.081250
2935		-8.406250
2936		-8.256250
2937		-8.581250
2938		-8.200000
2939		-8.525000
2940		-8.525000
2941		-8.818750
2942		-8.493750
2943		-8.343750
2944		-8.287500
2945		-8.375000
2946		-8.612500
2947		-8.581250
2948		-8.668750
2949		-8.731250
2950		-8.643750
2951		-9.118750
2952		-8.787500
2953		-8.700000
2954		-8.318750
2955		-8.437500
2956		-8.137500
2957		-7.812500
2958		-8.225000
2959		-7.662500
2960		-7.518750
2961		-7.487500
2962		-7.012500
2963		-7.337500
2964		-7.162500
2965		-7.187500
2966		-6.950000
2967		-6.925000
2968		-6.950000
2969		-7.162500
2970		-7.281250
2971		-6.950000
2972		-6.950000
2973		-6.775000
2974		-6.950000
2975		-6.925000
2976		-6.831250
2977		-6.687500
2978		-6.600000
2979		-6.775000
2980		-6.656250
2981		-6.656250
2982		-6.537500
2983		-6.600000
2984		-6.656250
2985		-6.418750
2986		-6.831250
2987		-6.656250
2988		-7.187500
2989		-6.718750
2990		-6.806250
2991		-7.043750
2992		-7.250000
2993		-7.400000
2994		-7.368750
2995		-7.543750
2996		-7.337500
2997		-7.987500
2998		-7.693750
2999		-7.962500
3000		-7.987500
3001		-7.693750
3002		-7.543750
3003		-7.162500
3004		-7.575000
3005		-7.843750
3006		-7.693750
3007		-7.812500
3008		-7.900000
3009		-7.781250
3010		-7.456250
3011		-7.781250
3012		-7.931250
3013		-7.725000
3014		-7.900000
3015		-8.256250
3016		-7.781250
3017		-7.812500
3018		-7.606250
3019		-7.306250
3020		-7.575000
3021		-7.281250
3022		-7.306250
3023		-7.487500
3024		-7.306250
3025		-6.950000
3026		-7.812500
3027		-7.637500
3028		-7.487500
3029		-7.812500
3030		-7.575000
3031		-7.843750
3032		-8.287500
3033		-7.868750
3034		-8.081250
3035		-8.343750
3036		-7.725000
3037		-8.200000
3038		-8.050000
3039		-8.137500
3040		-8.050000
3041		-8.168750
3042		-7.750000
3043		-7.962500
3044		-7.543750
3045		-8.050000
3046		-7.543750
3047		-7.781250
3048		-7.518750
3049		-7.637500
3050		-7.543750
3051		-7.487500
3052		-7.693750
3053		-7.250000
3054		-7.100000
3055		-7.187500
3056		-7.012500
3057		-7.100000
3058		-7.012500
3059		-6.687500
3060		-6.862500
3061		-7.187500
3062		-6.450000
3063		-6.300000
3064		-6.506250
3065		-6.625000
3066		-6.450000
3067		-6.718750
3068		-6.806250
3069		-6.600000
3070		-6.718750
3071		-6.806250
3072		-7.250000
3073		-6.950000
3074		-7.250000
3075		-7.043750
3076		-7.187500
3077		-7.012500
3078		-6.862500
3079		-7.043750
3080		-7.162500
3081		-7.218750
3082		-7.100000
3083		-6.862500
3084		-7.162500
3085		-6.893750
3086		-7.043750
3087		-7.543750
3088		-7.043750
3089		-7.162500
3090		-6.981250
3091		-7.012500
3092		-7.487500
3093		-6.950000
3094		-7.162500
3095		-7.162500
3096		-7.012500
3097		-7.043750
3098		-7.100000
3099		-7.250000
3100		-7.100000
3101		-6.950000
3102		-6.831250
3103		-6.743750
3104		-6.775000
3105		-6.981250
3106		-6.656250
3107		-6.418750
3108		-6.600000
3109		-6.600000
3110		-6.418750
3111		-6.718750
3112		-6.862500
3113		-6.743750
3114		-6.656250
3115		-6.300000
3116		-6.743750
3117		-6.568750
3118		-7.012500
3119		-6.600000
3120		-6.450000
3121		-6.062500
3122		-5.975000
3123		-5.912500
3124		-6.062500
3125		-5.825000
3126		-5.912500
3127		-5.975000
3128		-6.062500
3129		-5.975000
3130		-6.125000
3131		-6.537500
3132		-6.656250
3133		-6.506250
3134		-6.687500
3135		-6.862500
3136		-6.743750
3137		-6.450000
3138		-6.625000
3139		-6.006250
3140		-6.418750
3141		-5.912500
3142		-5.562500
3143		-5.025000
3144		-4.875000
3145		-4.968750
3146		-5.175000
3147		-4.937500
3148		-5.262500
3149		-5.325000
3150		-4.937500
3151		-4.431250
3152		-4.312500
3153		-4.493750
3154		-4.287500
3155		-3.781250
3156		-4.075000
3157		-4.137500
3158		-4.225000
3159		-4.431250
3160		-4.731250
3161		-5.262500
3162		-5.587500
3163		-5.825000
3164		-5.825000
3165		-5.912500
3166		-6.300000
3167		-5.912500
3168		-6.212500
3169		-5.825000
3170		-5.587500
3171		-5.056250
3172		-5.531250
3173		-5.500000
3174		-6.062500
3175		-5.825000
3176		-6.150000
3177		-6.268750
3178		-6.600000
3179		-7.043750
3180		-6.893750
3181		-7.187500
3182		-7.306250
3183		-6.775000
3184		-6.687500
3185		-6.125000
3186		-5.825000
3187		-5.056250
3188		-4.581250
3189		-3.843750
3190		-3.156250
3191		-2.743750
3192		-2.450000
3193		-1.293750
3194		-1.556250
3195		-1.825000
3196		-1.468750
3197		-1.112500
3198		-1.262500
3199		-1.231250
3200		-1.887500
3201		-2.212500
3202		-2.743750
3203		-2.806250
3204		-2.862500
3205		-3.337500
3206		-3.543750
3207		-3.987500
3208		-3.543750
3209		-4.193750
3210		-3.812500
3211		-3.750000
3212		-4.106250
3213		-4.050000
3214		-4.581250
3215		-4.193750
3216		-4.581250
3217		-5.231250
3218		-5.325000
3219		-5.325000
3220		-5.562500
3221		-5.887500
3222		-6.243750
3223		-6.212500
3224		-6.062500
3225		-6.331250
3226		-6.450000
3227		-6.568750
3228		-6.687500
3229		-6.718750
3230		-5.912500
3231		-6.093750
3232		-5.825000
3233		-5.231250
3234		-5.112500
3235		-4.612500
3236		-3.987500
3237		-4.075000
3238		-4.075000
3239		-3.931250
3240		-4.018750
3241		-3.956250
3242		-3.843750
3243		-4.075000
3244		-3.425000
3245		-3.900000
3246		-4.018750
3247		-3.868750
3248		-4.193750
3249		-3.956250
3250		-4.137500
3251		-4.018750
3252		-3.575000
3253		-3.275000
3254		-2.743750
3255		-2.893750
3256		-2.656250
3257		-1.768750
3258		-1.531250
3259		-1.262500
3260		-1.143750
3261		-0.937500
3262		-0.731250
3263		-0.550000
3264		-0.637500
3265		-0.281250
3266		-0.343750
3267		-0.462500
3268		-0.581250
3269		-0.375000
3270		-0.668750
3271		-0.518750
3272		-0.787500
3273		-0.937500
3274		-1.025000
3275		-1.531250
3276		-2.062500
3277		-2.418750
3278		-2.862500
3279		-3.100000
3280		-3.487500
3281		-3.843750
3282		-4.431250
3283		-4.168750
3284		-4.875000
3285		-4.993750
3286		-5.231250
3287		-5.143750
3288		-5.443750
3289		-5.618750
3290		-5.531250
3291		-5.768750
3292		-5.325000
3293		-4.787500
3294		-4.581250
3295		-4.375000
3296		-4.287500
3297		-4.431250
3298		-3.931250
3299		-3.900000
3300		-3.693750
3301		-3.337500
3302		-2.506250
3303		-2.568750
3304		-2.450000
3305		-2.300000
3306		-2.212500
3307		-1.706250
3308		-1.618750
3309		-1.318750
3310		-1.556250
3311		-1.706250
3312		-1.350000
3313		-1.381250
3314		-1.468750
3315		-2.093750
3316		-2.062500
3317		-2.093750
3318		-1.675000
3319		-1.793750
3320		-2.000000
3321		-1.856250
3322		-1.793750
3323		-1.943750
3324		-1.912500
3325		-1.912500
3326		-1.556250
3327		-1.856250
3328		-1.618750
3329		-1.856250
3330		-1.293750
3331		-1.318750
3332		-1.112500
3333		-1.175000
3334		-0.550000
3335		-0.343750
3336		-0.518750
3337		-0.400000
3338		-0.193750
3339		-0.106250
3340		-0.312500
3341		-0.162500
3342		-0.137500
3343		-0.193750
3344		-0.493750
3345		-0.581250
3346		-0.075000
3347		-0.668750
3348		-0.637500
3349		-0.668750
3350		-0.493750
3351		-0.937500
3352		-1.200000
3353		-1.262500
3354		-1.468750
3355		-1.381250
3356		-1.468750
3357		-1.768750
3358		-1.675000
3359		-2.031250
3360		-1.825000
3361		-1.531250
3362		-1.587500
3363		-1.556250
3364		-1.412500
3365		-1.587500
3366		-1.587500
3367		-1.856250
3368		-1.737500
3369		-1.556250
3370		-1.856250
3371		-1.556250
3372		-1.856250
3373		-1.825000
3374		-2.212500
3375		-1.706250
3376		-1.975000
3377		-1.618750
3378		-1.468750
3379		-1.706250
3380		-1.412500
3381		-1.468750
3382		-1.675000
3383		-1.793750
3384		-1.675000
3385		-1.912500
3386		-1.618750
3387		-1.318750
3388		-2.118750
3389		-1.675000
3390		-1.912500
3391		-1.856250
3392		-1.675000
3393		-1.706250
3394		-1.531250
3395		-1.531250
3396		-1.737500
3397		-1.556250
3398		-1.381250
3399		-1.618750
3400		-2.118750
3401		-1.650000
3402		-1.650000
3403		-1.556250
3404		-1.231250
3405		-1.618750
3406		-1.318750
3407		-1.056250
3408		-0.731250
3409		-0.431250
3410		-0.075000
3411		0.100000
3412		-0.075000
3413		0.425000
3414		0.306250
3415		0.843750
3416		0.781250
3417		0.812500
3418		0.637500
3419		0.662500
3420		1.287500
3421		0.987500
3422		1.106250
3423		0.987500
3424		1.225000
3425		0.781250
3426		1.081250
3427		0.931250
3428		0.962500
3429		0.843750
3430		0.693750
3431		0.756250
3432		0.693750
3433		0.637500
3434		0.756250
3435		0.962500
3436		0.543750
3437		0.606250
3438		0.250000
3439		0.012500
3440		0.043750
3441		0.100000
3442		-0.431250
3443		-0.193750
3444		-0.106250
3445		-0.193750
3446		-0.312500
3447		-0.106250
3448		-0.700000
3449		-0.756250
3450		-0.937500
3451		-0.937500
3452		-0.850000
3453		-0.731250
3454		-1.112500
3455		-0.968750
3456		-0.612500
3457		-0.612500
3458		-0.612500
3459		-0.375000
3460		-0.875000
3461		-0.637500
3462		-0.431250
3463		-0.343750
3464		-0.375000
3465		0.218750
3466		0.218750
3467		0.368750
3468		0.456250
3469		0.868750
3470		1.106250
3471		1.256250
3472		1.437500
3473		1.343750
3474		1.318750
3475		1.225000
3476		1.343750
3477		1.818750
3478		1.643750
3479		1.906250
3480		1.581250
3481		2.087500
3482		2.175000
3483		1.762500
3484		2.175000
3485		2.118750
3486		2.087500
3487		1.906250
3488		1.850000
3489		2.025000
3490		2.143750
3491		2.000000
3492		1.937500
3493		2.237500
3494		1.406250
3495		1.612500
3496		1.643750
3497		1.937500
3498		1.793750
3499		1.556250
3500		1.675000
3501		1.556250
3502		1.793750
3503		1.556250
3504		1.318750
3505		1.675000
3506		1.375000
3507		1.256250
3508		1.256250
3509		1.525000
3510		1.462500
3511		1.318750
3512		1.581250
3513		1.643750
3514		1.643750
3515		1.731250
3516		1.968750
3517		2.056250
3518		2.206250
3519		2.000000
3520		2.025000
3521		2.087500
3522		2.237500
3523		2.000000
3524		1.937500
3525		2.356250
3526		2.143750
3527		2.087500
3528		2.293750
3529		2.356250
3530		3.125000
3531		2.918750
3532		3.125000
3533		3.418750
3534		3.331250
3535		3.037500
3536		3.537500
3537		3.418750
3538		3.418750
3539		3.362500
3540		3.006250
3541		3.156250
3542		2.943750
3543		3.062500
3544		3.125000
3545		2.943750
3546		3.037500
3547		2.825000
3548		2.825000
3549		2.768750
3550		2.943750
3551		2.681250
3552		2.768750
3553		2.918750
3554		2.825000
3555		2.681250
3556		2.825000
3557		2.918750
3558		3.537500
3559		2.712500
3560		3.512500
3561		3.418750
3562		3.512500
3563		3.631250
3564		3.743750
3565		3.481250
3566		3.806250
3567		3.243750
3568		3.181250
3569		3.125000
3570		3.093750
3571		2.975000
3572		2.825000
3573		2.825000
3574		2.975000
3575		2.712500
3576		3.181250
3577		2.887500
3578		3.062500
3579		3.156250
3580		2.887500
3581		3.331250
3582		2.887500
3583		3.243750
3584		3.631250
3585		3.331250
3586		3.775000
3587		3.862500
3588		4.518750
3589		5.287500
3590		5.968750
3591		6.506250
3592		7.306250
3593		7.925000
3594		8.875000
3595		9.262500
3596		9.587500
3597		10.031250
3598		9.912500
3599		10.325000
3600		10.031250
3601		10.150000
3602		9.912500
3603		9.793750
3604		10.087500
3605		9.706250
3606		9.350000
3607		9.262500
3608		8.606250
3609		8.193750
3610		7.868750
3611		7.275000
3612		6.681250
3613		5.818750
3614		4.962500
3615		4.218750
3616		3.181250
3617		2.618750
3618		1.643750
3619		0.987500
3620		0.400000
3621		-0.493750
3622		-0.787500
3623		-0.756250
3624		-0.375000
3625		-0.050000
3626		0.518750
3627		1.200000
3628		1.793750
3629		2.768750
3630		3.893750
3631		4.756250
3632		5.468750
3633		6.175000
3634		7.212500
3635		7.837500
3636		8.931250
3637		9.731250
3638		10.087500
3639		11.218750
3640		11.687500
3641		12.162500
3642		12.756250
3643		13.143750
3644		13.381250
3645		13.556250
3646		13.350000
3647		13.287500
3648		13.406250
3649		13.200000
3650		12.518750
3651		12.075000
3652		11.187500
3653		10.862500
3654		10.237500
3655		9.943750
3656		9.200000
3657		8.668750
3658		8.606250
3659		7.868750
3660		7.600000
3661		6.918750
3662		6.618750
3663		6.618750
3664		6.768750
3665		6.681250
3666		6.887500
3667		6.856250
3668		6.737500
3669		6.950000
3670		6.618750
3671		6.918750
3672		6.475000
3673		5.937500
3674		6.000000
3675		5.437500
3676		4.962500
3677		4.518750
3678		3.956250
3679		3.862500
3680		3.212500
3681		2.618750
3682		2.381250
3683		2.056250
3684		1.793750
3685		1.581250
3686		1.437500
3687		1.406250
3688		2.000000
3689		1.762500
3690		1.968750
3691		2.531250
3692		2.712500
3693		3.481250
3694		4.400000
3695		4.875000
3696		5.793750
3697		6.918750
3698		7.987500
3699		8.931250
3700		9.762500
3701		10.562500
3702		11.662500
3703		12.725000
3704		13.556250
3705		14.537500
3706		15.012500
3707		15.837500
3708		16.281250
3709		16.549999
3710		16.756250
3711		16.612499
3712		16.462500
3713		16.256250
3714		15.631250
3715		14.981250
3716		14.181250
3717		13.737500
3718		12.637500
3719		12.018750
3720		11.243750
3721		10.062500
3722		9.262500
3723		8.368750
3724		7.275000
3725		7.156250
3726		6.387500
3727		6.387500
3728		5.912500
3729		5.850000
3730		5.818750
3731		6.031250
3732		6.443750
3733		7.125000
3734		7.243750
3735		7.568750
3736		7.718750
3737		8.131250
3738		8.431250
3739		8.693750
3740		8.668750
3741		8.843750
3742		8.693750
3743		8.456250
3744		8.575000
3745		8.193750
3746		7.956250
3747		7.450000
3748		6.918750
3749		6.443750
3750		6.150000
3751		5.256250
3752		4.993750
3753		4.756250
3754		4.400000
3755		4.075000
3756		3.718750
3757		3.981250
3758		3.481250
3759		3.656250
3760		3.687500
3761		3.981250
3762		3.925000
3763		4.487500
3764		4.550000
3765		4.962500
3766		5.256250
3767		6.056250
3768		6.056250
3769		6.800000
3770		7.006250
3771		7.331250
3772		7.631250
3773		7.806250
3774		8.225000
3775		8.075000
3776		8.012500
3777		8.106250
3778		8.225000
3779		7.512500
3780		6.918750
3781		7.037500
3782		6.856250
3783		6.268750
3784		5.850000
3785		5.493750
3786		5.700000
3787		5.468750
3788		5.050000
3789		5.081250
3790		5.287500
3791		5.200000
3792		5.112500
3793		5.437500
3794		5.587500
3795		5.731250
3796		6.031250
3797		6.443750
3798		6.531250
3799		7.037500
3800		7.331250
3801		7.187500
3802		7.775000
3803		7.212500
3804		7.956250
3805		8.075000
3806		8.043750
3807		7.925000
3808		7.925000
3809		7.868750
3810		7.925000
3811		7.925000
3812		7.331250
3813		7.187500
3814		7.068750
3815		6.593750
3816		6.237500
3817		6.056250
3818		5.912500
3819		5.200000
3820		5.137500
3821		5.137500
3822		4.725000
3823		4.456250
3824		3.806250
3825		3.925000
3826		4.250000
3827		4.131250
3828		4.043750
3829		3.925000
3830		4.368750
3831		4.250000
3832		4.456250
3833		5.081250
3834		5.050000
3835		5.112500
3836		5.050000
3837		4.962500
3838		5.050000
3839		5.168750
3840		5.406250
3841		5.675000
3842		5.850000
3843		5.968750
3844		5.818750
3845		6.118750
3846		6.031250
3847		6.087500
3848		5.881250
3849		5.881250
3850		5.700000
3851		5.793750
3852		5.643750
3853		5.700000
3854		5.762500
3855		5.137500
3856		5.168750
3857		5.112500
3858		5.112500
3859		5.112500
3860		5.256250
3861		5.287500
3862		5.256250
3863		5.287500
3864		5.050000
3865		4.756250
3866		4.875000
3867		4.993750
3868		5.200000
3869		4.725000
3870		4.931250
3871		4.875000
3872		5.112500
3873		5.556250
3874		5.231250
3875		5.556250
3876		5.587500
3877		5.137500
3878		5.350000
3879		5.493750
3880		5.493750
3881		5.375000
3882		5.256250
3883		5.556250
3884		5.200000
3885		4.693750
3886		4.843750
3887		4.281250
3888		4.250000
3889		4.100000
3890		4.400000
3891		4.218750
3892		4.162500
3893		3.956250
3894		3.743750
3895		3.981250
3896		4.281250
3897		3.925000
3898		3.393750
3899		4.012500
3900		3.956250
3901		3.718750
3902		3.687500
3903		3.837500
3904		3.568750
3905		3.862500
3906		3.925000
3907		4.162500
3908		4.131250
3909		4.012500
3910		4.193750
3911		4.368750
3912		4.162500
3913		4.550000
3914		4.518750
3915		4.606250
3916		4.518750
3917		4.368750
3918		4.250000
3919		4.250000
3920		4.162500
3921		4.012500
3922		4.250000
3923		3.956250
3924		4.281250
3925		3.925000
3926		3.862500
3927		4.075000
3928		4.218750
3929		3.925000
3930		3.981250
3931		3.775000
3932		3.925000
3933		3.656250
3934		3.631250
3935		3.956250
3936		3.743750
3937		3.775000
3938		3.743750
3939		3.862500
3940		3.687500
3941		3.512500
3942		3.393750
3943		3.687500
3944		3.631250
3945		3.243750
3946		3.212500
3947		3.037500
3948		3.037500
3949		2.800000
3950		2.443750
3951		2.206250
3952		2.175000
3953		1.881250
3954		1.556250
3955		1.612500
3956		1.612500
3957		1.287500
3958		2.087500
3959		1.256250
3960		1.287500
3961		1.200000
3962		0.931250
3963		0.987500
3964		1.050000
3965		0.606250
3966		0.543750
3967		0.543750
3968		0.456250
3969		-0.075000
3970		-0.018750
3971		-0.193750
3972		-0.225000
3973		-0.281250
3974		-0.550000
3975		-0.281250
3976		-0.075000
3977		-0.193750
3978		-0.162500
3979		0.100000
3980		0.900000
3981		1.081250
3982		0.900000
3983		0.900000
3984		1.200000
3985		1.406250
3986		1.762500
3987		2.175000
3988		2.237500
3989		2.237500
3990		2.237500
3991		2.293750
3992		2.381250
3993		2.593750
3994		2.737500
3995		2.531250
3996		2.531250
3997		2.918750
3998		2.593750
3999		2.325000
4000		2.412500
4001		2.000000
4002		2.175000
4003		2.206250
4004		1.581250
4005		1.406250
4006		1.493750
4007		1.168750
4008		0.812500
4009		0.900000
4010		0.400000
4011		0.068750
4012		-0.050000
4013		-0.193750
4014		-0.668750
4015		-0.668750
4016		-0.731250
4017		-0.668750
4018		-1.618750
4019		-1.468750
4020		-1.175000
4021		-1.468750
4022		-1.262500
4023		-1.350000
4024		-1.112500
4025		-1.350000
4026		-1.175000
4027		-1.056250
4028		-1.350000
4029		-1.262500
4030		-1.143750
4031		-1.025000
4032		-1.081250
4033		-0.668750
4034		-1.231250
4035		-0.850000
4036		-0.906250
4037		-0.668750
4038		-0.700000
4039		-0.731250
4040		-0.637500
4041		-0.731250
4042		-0.731250
4043		-0.343750
4044		-0.550000
4045		-0.400000
4046		-0.431250
4047		-0.518750
4048		-0.731250
4049		-0.787500
4050		-0.281250
4051		-0.550000
4052		-0.050000
4053		-0.256250
4054		0.250000
4055		0.368750
4056		0.306250
4057		0.812500
4058		0.606250
4059		0.425000
4060		0.900000
4061		0.843750
4062		1.137500
4063		0.606250
4064		0.662500
4065		0.456250
4066		0.518750
4067		0.068750
4068		-0.075000
4069		-0.050000
4070		-0.050000
4071		-0.493750
4072		-0.312500
4073		-0.906250
4074		-0.875000
4075		-1.025000
4076		-1.381250
4077		-1.412500
4078		-1.618750
4079		-2.356250
4080		-1.587500
4081		-1.793750
4082		-2.062500
4083		-2.118750
4084		-2.000000
4085		-2.268750
4086		-2.418750
4087		-2.743750
4088		-2.775000
4089		-2.506250
4090		-2.387500
4091		-2.450000
4092		-2.475000
4093		-2.418750
4094		-2.950000
4095		-2.506250
4096		-2.593750
4097		-2.625000
4098		-2.743750
4099		-2.950000
4100		-2.862500
4101		-2.925000
4102		-3.068750
4103		-2.950000
4104		-2.862500
4105		-3.131250
4106		-2.831250
4107		-2.893750
4108		-3.337500
4109		-2.862500
4110		-3.037500
4111		-2.950000
4112		-2.743750
4113		-2.712500
4114		-2.387500
4115		-2.356250
4116		-2.356250
4117		-2.237500
4118		-1.943750
4119		-1.825000
4120		-1.675000
4121		-1.531250
4122		-1.112500
4123		-1.468750
4124		-0.968750
4125		-1.081250
4126		-1.056250
4127		-0.968750
4128		-1.231250
4129		-1.025000
4130		-1.350000
4131		-1.437500
4132		-1.318750
4133		-1.468750
4134		-1.381250
4135		-1.531250
4136		-1.675000
4137		-1.768750
4138		-1.468750
4139		-2.000000
4140		-1.768750
4141		-2.118750
4142		-2.418750
4143		-2.418750
4144		-2.656250
4145		-2.775000
4146		-2.418750
4147		-3.187500
4148		-3.393750
4149		-3.156250
4150		-3.606250
4151		-4.050000
4152		-3.750000
4153		-3.931250
4154		-4.075000
4155		-3.750000
4156		-4.137500
4157		-4.018750
4158		-3.812500
4159		-3.931250
4160		-3.725000
4161		-3.843750
4162		-3.900000
4163		-3.487500
4164		-3.631250
4165		-3.425000
4166		-3.250000
4167		-3.456250
4168		-3.543750
4169		-3.631250
4170		-3.456250
4171		-3.306250
4172		-2.950000
4173		-3.393750
4174		-3.156250
4175		-3.100000
4176		-3.487500
4177		-2.981250
4178		-3.275000
4179		-2.893750
4180		-2.656250
4181		-2.687500
4182		-2.475000
4183		-3.250000
4184		-2.806250
4185		-3.131250
4186		-3.306250
4187		-3.337500
4188		-3.012500
4189		-3.931250
4190		-3.987500
4191		-3.987500
4192		-4.075000
4193		-4.168750
4194		-4.287500
4195		-3.781250
4196		-4.075000
4197		-3.843750
4198		-3.725000
4199		-3.750000
4200		-3.456250
4201		-3.012500
4202		-2.925000
4203		-2.450000
4204		-2.331250
4205		-2.687500
4206		-2.450000
4207		-2.568750
4208		-2.568750
4209		-2.687500
4210		-2.806250
4211		-2.450000
4212		-2.300000
4213		-2.743750
4214		-2.568750
4215		-2.981250
4216		-2.925000
4217		-2.775000
4218		-3.306250
4219		-3.337500
4220		-3.543750
4221		-4.168750
4222		-4.668750
4223		-5.025000
4224		-5.231250
4225		-5.293750
4226		-5.412500
4227		-5.825000
4228		-5.531250
4229		-6.006250
4230		-6.150000
4231		-6.062500
4232		-6.181250
4233		-6.568750
4234		-7.043750
4235		-6.950000
4236		-7.575000
4237		-7.250000
4238		-7.962500
4239		-8.256250
4240		-7.575000
4241		-7.487500
4242		-7.400000
4243		-7.487500
4244		-7.043750
4245		-6.450000
4246		-6.062500
4247		-5.562500
4248		-5.025000
4249		-4.787500
4250		-4.493750
4251		-4.137500
4252		-3.631250
4253		-3.512500
4254		-3.100000
4255		-3.575000
4256		-3.900000
4257		-3.487500
4258		-3.693750
4259		-3.456250
4260		-3.456250
4261		-3.812500
4262		-3.812500
4263		-3.456250
4264		-3.512500
4265		-3.631250
4266		-3.393750
4267		-3.631250
4268		-3.693750
4269		-3.393750
4270		-3.693750
4271		-3.631250
4272		-3.662500
4273		-4.075000
4274		-3.900000
4275		-4.075000
4276		-4.375000
4277		-4.375000
4278		-4.668750
4279		-5.025000
4280		-4.700000
4281		-5.912500
4282		-5.531250
4283		-5.618750
4284		-6.031250
4285		-6.600000
4286		-6.212500
4287		-6.506250
4288		-6.831250
4289		-6.950000
4290		-7.162500
4291		-7.400000
4292		-7.487500
4293		-7.900000
4294		-8.462500
4295		-7.637500
4296		-8.200000
4297		-8.200000
4298		-8.406250
4299		-8.462500
4300		-8.437500
4301		-8.050000
4302		-8.081250
4303		-7.931250
4304		-7.487500
4305		-7.606250
4306		-6.862500
4307		-6.718750
4308		-6.418750
4309		-6.450000
4310		-5.912500
4311		-5.618750
4312		-5.500000
4313		-5.262500
4314		-5.231250
4315		-4.906250
4316		-4.875000
4317		-5.025000
4318		-4.581250
4319		-4.256250
4320		-4.137500
4321		-4.137500
4322		-3.725000
4323		-3.275000
4324		-3.781250
4325		-3.543750
4326		-3.456250
4327		-3.250000
4328		-3.425000
4329		-3.456250
4330		-3.456250
4331		-3.750000
4332		-3.931250
4333		-3.843750
4334		-4.875000
4335		-4.787500
4336		-4.850000
4337		-5.087500
4338		-5.231250
4339		-5.531250
4340		-5.531250
4341		-6.031250
4342		-6.125000
4343		-6.362500
4344		-6.268750
4345		-6.268750
4346		-6.625000
4347		-6.806250
4348		-7.281250
4349		-7.187500
4350		-7.187500
4351		-7.606250
4352		-7.368750
4353		-7.750000
4354		-7.931250
4355		-7.693750
4356		-7.456250
4357		-7.781250
4358		-7.962500
4359		-7.781250
4360		-8.050000
4361		-7.400000
4362		-8.050000
4363		-7.368750
4364		-7.931250
4365		-7.781250
4366		-7.750000
4367		-7.637500
4368		-7.543750
4369		-7.456250
4370		-7.100000
4371		-7.187500
4372		-7.187500
4373		-7.281250
4374		-7.043750
4375		-7.043750
4376		-6.687500
4377		-6.743750
4378		-6.862500
4379		-6.387500
4380		-6.537500
4381		-6.506250
4382		-6.125000
4383		-5.681250
4384		-6.006250
4385		-6.093750
4386		-5.975000
4387		-6.031250
4388		-5.887500
4389		-5.650000
4390		-5.531250
4391		-5.768750
4392		-6.181250
4393		-6.006250
4394		-6.031250
4395		-5.943750
4396		-6.062500
4397		-5.381250
4398		-6.062500
4399		-5.943750
4400		-6.006250
4401		-6.150000
4402		-5.618750
4403		-5.912500
4404		-5.975000
4405		-5.887500
4406		-6.150000
4407		-6.031250
4408		-6.625000
4409		-6.537500
4410		-6.418750
4411		-6.268750
4412		-6.387500
4413		-6.450000
4414		-6.600000
4415		-6.481250
4416		-6.743750
4417		-6.862500
4418		-6.656250
4419		-7.187500
4420		-6.862500
4421		-6.862500
4422		-6.568750
4423		-6.387500
4424		-6.806250
4425		-6.893750
4426		-6.806250
4427		-6.656250
4428		-6.806250
4429		-6.506250
4430		-6.600000
4431		-6.418750
4432		-6.387500
4433		-6.481250
4434		-6.806250
4435		-6.506250
4436		-6.600000
4437		-6.481250
4438		-6.981250
4439		-6.743750
4440		-6.656250
4441		-6.806250
4442		-7.162500
4443		-6.950000
4444		-6.600000
4445		-7.043750
4446		-6.893750
4447		-7.187500
4448		-6.981250
4449		-6.925000
4450		-7.012500
4451		-7.043750
4452		-6.775000
4453		-6.981250
4454		-6.743750
4455		-6.981250
4456		-6.806250
4457		-7.162500
4458		-6.718750
4459		-6.831250
4460		-6.656250
4461		-7.425000
4462		-6.450000
4463		-6.656250
4464		-6.418750
4465		-6.125000
4466		-6.212500
4467		-6.331250
4468		-5.856250
4469		-5.887500
4470		-5.706250
4471		-5.350000
4472		-5.468750
4473		-5.443750
4474		-5.468750
4475		-5.681250
4476		-5.943750
4477		-5.681250
4478		-5.562500
4479		-5.681250
4480		-5.768750
4481		-6.150000
4482		-5.768750
4483		-5.856250
4484		-6.331250
4485		-5.562500
4486		-5.825000
4487		-5.768750
4488		-5.706250
4489		-5.768750
4490		-5.681250
4491		-5.587500
4492		-5.706250
4493		-5.943750
4494		-6.268750
4495		-6.300000
4496		-6.362500
4497		-6.481250
4498		-5.975000
4499		-6.125000
4500		-6.212500
4501		-6.268750
4502		-6.268750
4503		-6.568750
4504		-6.062500
4505		-6.243750
4506		-6.212500
4507		-6.062500
4508		-6.062500
4509		-6.362500
4510		-6.212500
4511		-6.125000
4512		-5.856250
4513		-5.825000
4514		-5.975000
4515		-6.300000
4516		-6.006250
4517		-5.618750
4518		-5.825000
4519		-5.912500
4520		-6.125000
4521		-6.150000
4522		-5.825000
4523		-5.737500
4524		-5.587500
4525		-5.381250
4526		-5.381250
4527		-5.231250
4528		-5.025000
4529		-5.412500
4530		-5.143750
4531		-5.112500
4532		-5.025000
4533		-4.700000
4534		-4.787500
4535		-4.787500
4536		-4.787500
4537		-4.668750
4538		-4.493750
4539		-4.493750
4540		-4.668750
4541		-4.731250
4542		-4.993750
4543		-4.937500
4544		-5.025000
4545		-4.818750
4546		-4.906250
4547		-4.850000
4548		-4.818750
4549		-4.731250
4550		-4.375000
4551		-4.312500
4552		-4.137500
4553		-3.900000
4554		-4.137500
4555		-4.075000
4556		-3.693750
4557		-4.050000
4558		-3.931250
4559		-3.337500
4560		-3.456250
4561		-3.487500
4562		-3.543750
4563		-3.306250
4564		-2.925000
4565		-2.506250
4566		-2.475000
4567		-2.356250
4568		-2.356250
4569		-1.975000
4570		-2.475000
4571		-3.156250
4572		-3.306250
4573		-3.631250
4574		-4.193750
4575		-4.256250
4576		-4.818750
4577		-4.762500
4578		-4.731250
4579		-4.700000
4580		-4.850000
4581		-4.343750
4582		-4.343750
4583		-4.050000
4584		-4.493750
4585		-4.225000
4586		-4.431250
4587		-4.612500
4588		-4.731250
4589		-5.468750
4590		-5.500000
4591		-5.737500
4592		-6.125000
4593		-6.125000
4594		-6.150000
4595		-5.562500
4596		-5.500000
4597		-4.968750
4598		-4.343750
4599		-3.900000
4600		-3.100000
4601		-2.506250
4602		-1.587500
4603		-1.437500
4604		-0.756250
4605		-0.550000
4606		-0.281250
4607		0.068750
4608		0.012500
4609		0.218750
4610		0.400000
4611		-0.075000
4612		-0.162500
4613		-0.518750
4614		-0.731250
4615		-1.200000
4616		-1.468750
4617		-1.500000
4618		-1.675000
4619		-1.412500
4620		-2.093750
4621		-2.331250
4622		-2.418750
4623		-2.656250
4624		-2.150000
4625		-2.537500
4626		-2.656250
4627		-2.806250
4628		-3.250000
4629		-3.487500
4630		-3.987500
4631		-4.075000
4632		-4.168750
4633		-4.525000
4634		-4.700000
4635		-5.143750
4636		-5.325000
4637		-5.112500
4638		-5.056250
4639		-4.968750
4640		-5.325000
4641		-4.700000
4642		-4.550000
4643		-4.137500
4644		-3.931250
4645		-3.487500
4646		-3.068750
4647		-2.656250
4648		-2.450000
4649		-2.418750
4650		-2.118750
4651		-2.062500
4652		-2.118750
4653		-1.912500
4654		-1.975000
4655		-2.150000
4656		-2.506250
4657		-2.418750
4658		-2.568750
4659		-2.300000
4660		-2.506250
4661		-2.450000
4662		-1.943750
4663		-2.300000
4664		-1.768750
4665		-1.412500
4666		-0.731250
4667		-0.312500
4668		-0.193750
4669		0.662500
4670		1.018750
4671		1.106250
4672		1.462500
4673		1.556250
4674		1.525000
4675		1.581250
4676		1.700000
4677		1.437500
4678		1.881250
4679		1.493750
4680		1.375000
4681		1.675000
4682		1.731250
4683		1.731250
4684		1.287500
4685		0.962500
4686		0.606250
4687		0.250000
4688		-0.225000
4689		-0.431250
4690		-0.787500
4691		-0.875000
4692		-1.381250
4693		-1.975000
4694		-2.150000
4695		-2.806250
4696		-2.568750
4697		-3.250000
4698		-3.693750
4699		-3.575000
4700		-3.456250
4701		-3.512500
4702		-3.512500
4703		-3.368750
4704		-3.012500
4705		-2.981250
4706		-3.425000
4707		-2.300000
4708		-1.737500
4709		-1.531250
4710		-1.468750
4711		-1.262500
4712		-1.056250
4713		-0.818750
4714		-0.731250
4715		-0.493750
4716		-0.281250
4717		-0.193750
4718		0.306250
4719		0.162500
4720		0.543750
4721		0.575000
4722		0.162500
4723		0.756250
4724		0.400000
4725		0.218750
4726		0.131250
4727		0.250000
4728		0.868750
4729		0.187500
4730		0.400000
4731		0.068750
4732		-0.075000
4733		0.250000
4734		0.425000
4735		0.187500
4736		0.456250
4737		0.281250
4738		0.368750
4739		0.518750
4740		0.812500
4741		0.843750
4742		0.693750
4743		1.050000
4744		1.318750
4745		1.818750
4746		1.937500
4747		2.237500
4748		2.237500
4749		2.443750
4750		2.618750
4751		2.712500
4752		2.681250
4753		2.443750
4754		2.443750
4755		2.237500
4756		2.293750
4757		2.262500
4758		1.643750
4759		1.556250
4760		1.850000
4761		1.437500
4762		1.200000
4763		1.287500
4764		0.962500
4765		0.693750
4766		0.693750
4767		0.518750
4768		0.662500
4769		0.518750
4770		0.962500
4771		0.812500
4772		0.812500
4773		0.662500
4774		0.931250
4775		0.962500
4776		1.106250
4777		0.756250
4778		0.662500
4779		0.400000
4780		-0.018750
4781		0.162500
4782		0.281250
4783		0.306250
4784		0.306250
4785		0.425000
4786		0.368750
4787		0.456250
4788		0.456250
4789		0.725000
4790		0.368750
4791		0.456250
4792		0.987500
4793		0.693750
4794		0.693750
4795		0.456250
4796		0.456250
4797		0.606250
4798		0.425000
4799		0.400000
4800		0.012500
4801		0.218750
4802		0.306250
4803		0.400000
4804		0.400000
4805		0.518750
4806		0.693750
4807		0.725000
4808		0.812500
4809		1.137500
4810		1.318750
4811		1.168750
4812		1.137500
4813		0.931250
4814		1.256250
4815		0.962500
4816		1.256250
4817		1.818750
4818		1.343750
4819		1.937500
4820		1.612500
4821		2.175000
4822		2.293750
4823		2.475000
4824		2.293750
4825		2.650000
4826		2.800000
4827		2.825000
4828		3.037500
4829		3.125000
4830		3.568750
4831		3.481250
4832		3.362500
4833		3.362500
4834		3.212500
4835		3.181250
4836		3.037500
4837		3.568750
4838		2.887500
4839		2.681250
4840		2.943750
4841		2.650000
4842		2.800000
4843		2.475000
4844		2.887500
4845		2.500000
4846		2.475000
4847		2.618750
4848		2.681250
4849		2.856250
4850		2.618750
4851		2.325000
4852		2.825000
4853		2.381250
4854		2.087500
4855		2.118750
4856		1.968750
4857		1.881250
4858		1.612500
4859		1.437500
4860		1.168750
4861		0.900000
4862		0.693750
4863		1.050000
4864		0.662500
4865		1.168750
4866		0.637500
4867		0.781250
4868		0.843750
4869		1.375000
4870		1.525000
4871		1.137500
4872		1.406250
4873		1.818750
4874		2.175000
4875		2.087500
4876		2.475000
4877		2.768750
4878		3.093750
4879		2.943750
4880		2.681250
4881		3.331250
4882		3.093750
4883		3.568750
4884		3.743750
4885		3.687500
4886		3.568750
4887		4.075000
4888		3.537500
4889		3.775000
4890		4.312500
4891		4.337500
4892		4.250000
4893		4.100000
4894		4.100000
4895		3.981250
4896		3.981250
4897		4.131250
4898		4.012500
4899		3.925000
4900		3.656250
4901		3.512500
4902		3.718750
4903		3.331250
4904		3.212500
4905		3.537500
4906		3.062500
4907		3.212500
4908		2.918750
4909		2.887500
4910		3.275000
4911		3.275000
4912		3.037500
4913		3.037500
4914		3.362500
4915		3.181250
4916		2.887500
4917		3.181250
4918		3.062500
4919		2.768750
4920		2.650000
4921		2.475000
4922		2.562500
4923		2.681250
4924		3.093750
4925		2.800000
4926		2.887500
4927		3.300000
4928		3.331250
4929		3.481250
4930		3.656250
4931		3.956250
4932		4.250000
4933		4.337500
4934		4.368750
4935		4.456250
4936		4.693750
4937		4.756250
4938		4.781250
4939		5.587500
4940		5.168750
4941		5.587500
4942		5.437500
4943		5.468750
4944		5.587500
4945		5.881250
4946		5.912500
4947		5.675000
4948		5.587500
4949		5.731250
4950		6.056250
4951		6.056250
4952		6.293750
4953		6.150000
4954		5.731250
4955		5.587500
4956		5.731250
4957		5.556250
4958		5.406250
4959		5.731250
4960		5.200000
4961		4.812500
4962		4.875000
4963		4.606250
4964		4.518750
4965		4.575000
4966		4.075000
4967		4.281250
4968		4.250000
4969		4.456250
4970		4.637500
4971		4.962500
4972		4.993750
4973		4.781250
4974		5.406250
4975		4.993750
4976		4.931250
4977		4.812500
4978		4.575000
4979		4.575000
4980		4.312500
4981		3.893750
4982		3.775000
4983		3.568750
4984		3.450000
4985		3.450000
4986		3.481250
4987		3.568750
4988		3.568750
4989		3.362500
4990		4.012500
4991		4.368750
4992		4.218750
4993		4.281250
4994		4.218750
4995		4.575000
4996		4.756250
4997		4.756250
4998		5.437500
4999		5.525000
5000		6.087500
5001		6.562500
5002		7.212500
5003		8.162500
5004		8.962500
5005		9.793750
5006		10.087500
5007		10.768750
5008		11.425000
5009		11.956250
5010		12.043750
5011		12.106250
5012		11.868750
5013		11.956250
5014		11.806250
5015		11.868750
5016		11.837500
5017		11.218750
5018		10.681250
5019		10.593750
5020		10.387500
5021		9.731250
5022		8.875000
5023		8.043750
5024		7.481250
5025		6.531250
5026		5.375000
5027		4.693750
5028		3.362500
5029		2.650000
5030		1.643750
5031		0.843750
5032		0.400000
5033		-0.075000
5034		0.100000
5035		-0.193750
5036		0.043750
5037		0.756250
5038		1.168750
5039		1.881250
5040		2.681250
5041		3.718750
5042		4.337500
5043		5.200000
5044		6.087500
5045		7.037500
5046		7.568750
5047		8.106250
5048		9.200000
5049		10.031250
5050		10.593750
5051		11.425000
5052		11.956250
5053		12.756250
5054		13.200000
5055		13.381250
5056		14.118750
5057		14.206250
5058		14.237500
5059		13.793750
5060		13.706250
5061		13.350000
5062		12.818750
5063		12.018750
5064		12.137500
5065		11.275000
5066		10.412500
5067		9.731250
5068		9.525000
5069		8.843750
5070		8.550000
5071		8.518750
5072		8.106250
5073		8.162500
5074		7.868750
5075		7.956250
5076		7.925000
5077		7.450000
5078		7.956250
5079		7.868750
5080		8.225000
5081		8.075000
5082		7.537500
5083		7.125000
5084		6.887500
5085		6.737500
5086		6.056250
5087		5.700000
5088		5.287500
5089		5.050000
5090		4.606250
5091		4.162500
5092		3.512500
5093		3.331250
5094		2.918750
5095		2.593750
5096		2.381250
5097		2.593750
5098		2.025000
5099		1.850000
5100		1.762500
5101		1.937500
5102		2.443750
5103		2.175000
5104		2.768750
5105		3.481250
5106		3.925000
5107		5.050000
5108		6.293750
5109		6.618750
5110		7.656250
5111		8.993750
5112		9.943750
5113		11.187500
5114		12.312500
5115		13.231250
5116		14.093750
5117		14.800000
5118		15.512500
5119		15.812500
5120		16.818750
5121		16.850000
5122		17.350000
5123		17.381250
5124		16.612499
5125		16.850000
5126		16.375000
5127		15.481250
5128		14.712500
5129		14.181250
5130		13.587500
5131		12.312500
5132		11.393750
5133		10.562500
5134		9.943750
5135		8.725000
5136		8.368750
5137		7.956250
5138		7.481250
5139		6.975000
5140		6.768750
5141		6.831250
5142		7.037500
5143		6.531250
5144		6.737500
5145		7.362500
5146		7.331250
5147		7.806250
5148		8.368750
5149		8.250000
5150		8.575000
5151		8.756250
5152		9.112500
5153		9.437500
5154		9.287500
5155		9.262500
5156		9.318750
5157		8.756250
5158		8.250000
5159		7.656250
5160		7.187500
5161		6.768750
5162		6.031250
5163		5.256250
5164		4.756250
5165		4.456250
5166		3.775000
5167		3.862500
5168		3.537500
5169		3.181250
5170		3.418750
5171		3.481250
5172		3.775000
5173		3.631250
5174		4.550000
5175		4.368750
5176		4.875000
5177		5.468750
5178		5.850000
5179		6.268750
5180		6.593750
5181		7.306250
5182		7.331250
5183		8.106250
5184		8.312500
5185		8.106250
5186		8.368750
5187		8.368750
5188		8.606250
5189		8.012500
5190		8.162500
5191		7.775000
5192		8.043750
5193		7.187500
5194		6.737500
5195		7.093750
5196		6.387500
5197		6.443750
5198		6.031250
5199		6.175000
5200		5.793750
5201		5.406250
5202		5.318750
5203		5.493750
5204		5.850000
5205		5.168750
5206		5.493750
5207		5.643750
5208		6.150000
5209		6.087500
5210		6.562500
5211		6.443750
5212		6.618750
5213		6.887500
5214		7.275000
5215		7.925000
5216		7.837500
5217		7.806250
5218		7.806250
5219		8.106250
5220		7.868750
5221		7.512500
5222		7.568750
5223		7.125000
5224		6.712500
5225		6.293750
5226		5.968750
5227		5.850000
5228		5.050000
5229		4.962500
5230		4.962500
5231		4.693750
5232		4.337500
5233		3.981250
5234		3.656250
5235		3.806250
5236		3.806250
5237		3.631250
5238		3.687500
5239		3.181250
5240		3.775000
5241		3.806250
5242		3.925000
5243		3.893750
5244		4.218750
5245		4.131250
5246		4.281250
5247		4.575000
5248		4.456250
5249		4.218750
5250		4.606250
5251		4.693750
5252		5.168750
5253		4.843750
5254		5.200000
5255		5.375000
5256		5.493750
5257		5.318750
5258		5.406250
5259		5.850000
5260		5.493750
5261		5.700000
5262		5.556250
5263		5.375000
5264		5.050000
5265		5.050000
5266		4.693750
5267		4.606250
5268		4.843750
5269		4.575000
5270		4.456250
5271		4.456250
5272		4.368750
5273		4.100000
5274		4.368750
5275		4.812500
5276		4.550000
5277		4.756250
5278		4.400000
5279		4.218750
5280		3.956250
5281		4.431250
5282		4.250000
5283		3.956250
5284		4.075000
5285		4.518750
5286		4.518750
5287		4.218750
5288		4.250000
5289		4.312500
5290		4.162500
5291		4.662500
5292		4.400000
5293		4.312500
5294		4.162500
5295		4.012500
5296		4.218750
5297		3.925000
5298		3.775000
5299		3.450000
5300		3.481250
5301		3.300000
5302		3.212500
5303		3.156250
5304		3.037500
5305		2.825000
5306		2.856250
5307		3.062500
5308		3.125000
5309		2.531250
5310		3.062500
5311		2.618750
5312		2.500000
5313		2.737500
5314		2.712500
5315		2.825000
5316		3.006250
5317		3.125000
5318		2.887500
5319		3.481250
5320		3.362500
5321		4.131250
5322		3.631250
5323		3.631250
5324		3.212500
5325		3.125000
5326		3.093750
5327		3.062500
5328		2.800000
5329		3.125000
5330		2.975000
5331		2.593750
5332		2.593750
5333		2.975000
5334		2.825000
5335		2.768750
5336		3.212500
5337		3.362500
5338		3.181250
5339		3.212500
5340		3.362500
5341		3.181250
5342		3.037500
5343		3.243750
5344		2.737500
5345		2.825000
5346		2.975000
5347		2.293750
5348		2.412500
5349		2.025000
5350		2.000000
5351		2.325000
5352		2.087500
5353		2.056250
5354		1.906250
5355		1.850000
5356		2.087500
5357		1.762500
5358		1.968750
5359		1.581250
5360		1.581250
5361		0.987500
5362		0.987500
5363		1.050000
5364		1.287500
5365		0.518750
5366		0.518750
5367		0.100000
5368		-0.281250
5369		-0.312500
5370		-0.518750
5371		-0.462500
5372		0.012500
5373		-0.375000
5374		-0.637500
5375		-0.431250
5376		-0.281250
5377		-0.787500
5378		-0.431250
5379		-0.518750
5380		-0.850000
5381		-0.937500
5382		-1.175000
5383		-1.056250
5384		-0.993750
5385		-1.262500
5386		-1.318750
5387		-1.500000
5388		-1.437500
5389		-1.262500
5390		-1.143750
5391		-1.112500
5392		-0.668750
5393		-0.518750
5394		-0.162500
5395		-0.137500
5396		0.131250
5397		0.306250
5398		0.868750
5399		1.018750
5400		0.931250
5401		0.900000
5402		1.050000
5403		0.987500
5404		1.137500
5405		1.168750
5406		1.200000
5407		0.843750
5408		1.168750
5409		1.406250
5410		1.168750
5411		0.756250
5412		0.725000
5413		0.518750
5414		0.606250
5415		0.543750
5416		-0.075000
5417		-0.375000
5418		-0.193750
5419		-0.581250
5420		-0.731250
5421		-0.550000
5422		-1.112500
5423		-1.262500
5424		-1.587500
5425		-1.737500
5426		-1.912500
5427		-2.212500
5428		-2.237500
5429		-2.537500
5430		-2.743750
5431		-3.100000
5432		-3.037500
5433		-3.187500
5434		-3.100000
5435		-3.068750
5436		-2.981250
5437		-3.156250
5438		-2.712500
5439		-2.568750
5440		-1.975000
5441		-2.387500
5442		-1.975000
5443		-2.000000
5444		-2.150000
5445		-2.450000
5446		-1.912500
5447		-1.825000
5448		-1.912500
5449		-1.975000
5450		-2.300000
5451		-2.031250
5452		-1.650000
5453		-1.856250
5454		-2.000000
5455		-2.118750
5456		-1.825000
5457		-1.887500
5458		-1.618750
5459		-2.062500
5460		-2.000000
5461		-1.793750
5462		-1.675000
5463		-1.768750
5464		-1.143750
5465		-1.025000
5466		-1.262500
5467		-1.175000
5468		-1.175000
5469		-0.637500
5470		-0.818750
5471		-1.112500
5472		-0.518750
5473		-0.993750
5474		-0.731250
5475		-1.025000
5476		-1.381250
5477		-1.318750
5478		-1.081250
5479		-0.937500
5480		-1.262500
5481		-1.531250
5482		-1.856250
5483		-1.943750
5484		-2.237500
5485		-2.331250
5486		-2.450000
5487		-2.625000
5488		-3.156250
5489		-3.250000
5490		-3.543750
5491		-3.456250
5492		-3.987500
5493		-3.900000
5494		-4.050000
5495		-3.781250
5496		-3.781250
5497		-3.987500
5498		-3.956250
5499		-3.725000
5500		-3.781250
5501		-3.900000
5502		-3.868750
5503		-3.368750
5504		-3.843750
5505		-3.868750
5506		-3.781250
5507		-4.343750
5508		-4.137500
5509		-4.137500
5510		-4.581250
5511		-4.462500
5512		-4.612500
5513		-4.993750
5514		-4.731250
5515		-4.818750
5516		-4.406250
5517		-4.375000
5518		-4.581250
5519		-4.225000
5520		-4.343750
5521		-4.375000
5522		-3.987500
5523		-4.462500
5524		-4.225000
5525		-4.075000
5526		-4.050000
5527		-4.050000
5528		-3.275000
5529		-3.606250
5530		-3.575000
5531		-3.487500
5532		-3.306250
5533		-3.512500
5534		-2.950000
5535		-3.131250
5536		-3.306250
5537		-3.187500
5538		-3.337500
5539		-2.862500
5540		-2.981250
5541		-2.893750
5542		-3.012500
5543		-3.187500
5544		-2.925000
5545		-2.950000
5546		-3.037500
5547		-3.131250
5548		-3.275000
5549		-3.693750
5550		-3.900000
5551		-3.750000
5552		-3.750000
5553		-4.287500
5554		-4.375000
5555		-4.850000
5556		-4.462500
5557		-4.462500
5558		-4.818750
5559		-4.700000
5560		-4.193750
5561		-5.025000
5562		-5.087500
5563		-5.112500
5564		-5.293750
5565		-5.231250
5566		-5.412500
5567		-5.468750
5568		-5.025000
5569		-5.087500
5570		-5.325000
5571		-5.468750
5572		-5.681250
5573		-5.468750
5574		-5.175000
5575		-5.175000
5576		-5.056250
5577		-4.787500
5578		-4.875000
5579		-4.762500
5580		-4.731250
5581		-4.493750
5582		-4.287500
5583		-4.050000
5584		-4.050000
5585		-4.075000
5586		-4.287500
5587		-3.750000
5588		-3.931250
5589		-3.843750
5590		-4.075000
5591		-4.225000
5592		-4.137500
5593		-4.137500
5594		-4.050000
5595		-4.137500
5596		-4.287500
5597		-4.643750
5598		-4.787500
5599		-4.818750
5600		-4.818750
5601		-4.968750
5602		-4.937500
5603		-4.875000
5604		-5.175000
5605		-4.581250
5606		-4.937500
5607		-4.937500
5608		-5.025000
5609		-4.850000
5610		-4.406250
5611		-4.818750
5612		-4.643750
5613		-4.643750
5614		-4.287500
5615		-4.525000
5616		-4.225000
5617		-4.137500
5618		-4.193750
5619		-3.812500
5620		-3.693750
5621		-3.631250
5622		-4.018750
5623		-3.512500
5624		-3.337500
5625		-3.187500
5626		-3.631250
5627		-3.693750
5628		-3.931250
5629		-4.375000
5630		-4.643750
5631		-5.293750
5632		-5.562500
5633		-6.006250
5634		-6.125000
5635		-6.418750
5636		-6.743750
5637		-6.600000
5638		-6.806250
5639		-7.187500
5640		-7.250000
5641		-7.012500
5642		-6.862500
5643		-7.400000
5644		-7.543750
5645		-7.750000
5646		-8.081250
5647		-8.225000
5648		-8.643750
5649		-8.818750
5650		-8.581250
5651		-9.025000
5652		-8.731250
5653		-8.787500
5654		-8.137500
5655		-8.137500
5656		-7.693750
5657		-7.250000
5658		-6.537500
5659		-6.568750
5660		-6.150000
5661		-5.650000
5662		-4.968750
5663		-5.056250
5664		-4.731250
5665		-4.525000
5666		-4.225000
5667		-4.225000
5668		-4.375000
5669		-4.431250
5670		-4.818750
5671		-4.818750
5672		-4.875000
5673		-4.731250
5674		-4.818750
5675		-4.787500
5676		-4.787500
5677		-5.025000
5678		-4.700000
5679		-4.312500
5680		-4.225000
5681		-4.287500
5682		-4.850000
5683		-4.550000
5684		-4.787500
5685		-4.643750
5686		-5.025000
5687		-4.850000
5688		-5.350000
5689		-5.381250
5690		-5.768750
5691		-5.768750
5692		-6.656250
5693		-7.100000
5694		-7.368750
5695		-7.543750
5696		-7.606250
5697		-7.425000
5698		-7.750000
5699		-8.050000
5700		-8.343750
5701		-8.318750
5702		-8.200000
5703		-8.493750
5704		-8.343750
5705		-8.787500
5706		-8.968750
5707		-9.206250
5708		-9.056250
5709		-9.175000
5710		-9.381250
5711		-9.025000
5712		-9.237500
5713		-9.118750
5714		-8.787500
5715		-8.406250
5716		-8.106250
5717		-8.375000
5718		-7.750000
5719		-7.900000
5720		-7.131250
5721		-7.100000
5722		-6.537500
5723		-6.450000
5724		-6.150000
5725		-5.856250
5726		-5.856250
5727		-5.681250
5728		-5.381250
5729		-5.468750
5730		-5.325000
5731		-4.968750
5732		-5.112500
5733		-5.087500
5734		-5.262500
5735		-4.818750
5736		-4.818750
5737		-5.025000
5738		-4.731250
5739		-4.875000
5740		-4.493750
5741		-5.206250
5742		-5.468750
5743		-5.231250
5744		-5.381250
5745		-5.087500
5746		-5.468750
5747		-5.618750
5748		-6.006250
5749		-6.031250
5750		-6.806250
5751		-6.806250
5752		-7.100000
5753		-7.750000
5754		-7.693750
5755		-7.637500
5756		-8.106250
5757		-8.200000
5758		-8.287500
5759		-8.406250
5760		-8.493750
5761		-8.762500
5762		-8.731250
5763		-8.731250
5764		-8.581250
5765		-8.525000
5766		-8.581250
5767		-8.787500
5768		-8.850000
5769		-8.937500
5770		-8.581250
5771		-9.262500
5772		-8.818750
5773		-9.056250
5774		-8.937500
5775		-9.087500
5776		-9.118750
5777		-9.056250
5778		-8.906250
5779		-8.731250
5780		-8.643750
5781		-8.581250
5782		-8.462500
5783		-7.987500
5784		-7.987500
5785		-7.750000
5786		-7.900000
5787		-8.018750
5788		-7.781250
5789		-7.637500
5790		-7.750000
5791		-7.781250
5792		-7.487500
5793		-8.081250
5794		-7.812500
5795		-7.931250
5796		-7.543750
5797		-7.543750
5798		-7.368750
5799		-7.100000
5800		-7.250000
5801		-7.162500
5802		-7.162500
5803		-6.806250
5804		-6.743750
5805		-7.012500
5806		-7.043750
5807		-6.806250
5808		-6.893750
5809		-7.012500
5810		-7.043750
5811		-6.831250
5812		-6.806250
5813		-7.043750
5814		-7.162500
5815		-7.456250
5816		-7.337500
5817		-7.843750
5818		-7.781250
5819		-7.750000
5820		-7.900000
5821		-7.606250
5822		-7.962500
5823		-8.137500
5824		-7.456250
5825		-8.137500
5826		-7.725000
5827		-7.543750
5828		-7.750000
5829		-7.637500
5830		-7.306250
5831		-7.843750
5832		-7.606250
5833		-7.575000
5834		-7.900000
5835		-8.137500
5836		-8.225000
5837		-7.931250
5838		-8.050000
5839		-8.081250
5840		-7.962500
5841		-8.081250
5842		-7.931250
5843		-7.693750
5844		-7.843750
5845		-7.543750
5846		-7.518750
5847		-7.725000
5848		-7.781250
5849		-7.750000
5850		-7.900000
5851		-7.693750
5852		-7.868750
5853		-7.962500
5854		-8.200000
5855		-8.168750
5856		-8.318750
5857		-8.200000
5858		-8.137500
5859		-8.137500
5860		-7.931250
5861		-8.081250
5862		-8.168750
5863		-8.168750
5864		-7.962500
5865		-7.400000
5866		-7.987500
5867		-7.662500
5868		-7.843750
5869		-7.843750
5870		-7.750000
5871		-7.693750
5872		-7.781250
5873		-7.693750
5874		-7.662500
5875		-7.425000
5876		-7.425000
5877		-7.043750
5878		-7.187500
5879		-7.250000
5880		-6.981250
5881		-6.950000
5882		-6.718750
5883		-6.656250
5884		-6.862500
5885		-6.656250
5886		-6.687500
5887		-6.600000
5888		-6.656250
5889		-6.687500
5890		-6.600000
5891		-6.537500
5892		-6.806250
5893		-6.862500
5894		-6.981250
5895		-6.893750
5896		-7.100000
5897		-7.068750
5898		-7.487500
5899		-7.012500
5900		-7.250000
5901		-7.043750
5902		-6.862500
5903		-7.012500
5904		-7.218750
5905		-6.687500
5906		-6.806250
5907		-7.012500
5908		-7.187500
5909		-6.743750
5910		-7.100000
5911		-7.068750
5912		-7.337500
5913		-7.250000
5914		-7.162500
5915		-7.456250
5916		-7.487500
5917		-7.543750
5918		-7.606250
5919		-7.218750
5920		-7.218750
5921		-7.250000
5922		-7.100000
5923		-7.606250
5924		-7.400000
5925		-7.043750
5926		-7.456250
5927		-7.218750
5928		-7.337500
5929		-6.925000
5930		-7.068750
5931		-7.250000
5932		-6.831250
5933		-6.950000
5934		-6.893750
5935		-7.425000
5936		-7.012500
5937		-6.625000
5938		-6.743750
5939		-6.743750
5940		-6.568750
5941		-6.506250
5942		-6.387500
5943		-6.212500
5944		-6.125000
5945		-6.062500
5946		-6.212500
5947		-6.300000
5948		-6.150000
5949		-5.943750
5950		-6.300000
5951		-6.212500
5952		-6.062500
5953		-6.062500
5954		-6.243750
5955		-6.387500
5956		-7.100000
5957		-6.775000
5958		-7.012500
5959		-6.806250
5960		-6.537500
5961		-6.506250
5962		-6.212500
5963		-5.975000
5964		-6.006250
5965		-5.618750
5966		-5.231250
5967		-5.112500
5968		-5.262500
5969		-4.937500
5970		-5.231250
5971		-4.875000
5972		-4.875000
5973		-4.668750
5974		-4.968750
5975		-4.643750
5976		-4.431250
5977		-4.168750
5978		-4.193750
5979		-3.931250
5980		-4.050000
5981		-4.193750
5982		-4.431250
5983		-4.643750
5984		-5.175000
5985		-5.500000
5986		-5.443750
5987		-5.443750
5988		-6.031250
5989		-6.506250
5990		-5.856250
5991		-5.737500
5992		-5.681250
5993		-5.468750
5994		-5.412500
5995		-5.262500
5996		-5.531250
5997		-5.825000
5998		-6.062500
5999		-6.506250
6000		-7.100000
6001		-7.068750
6002		-7.456250
6003		-7.693750
6004		-7.781250
6005		-7.781250
6006		-7.543750
6007		-7.043750
6008		-6.418750
6009		-6.362500
6010		-5.381250
6011		-4.493750
6012		-4.106250
6013		-3.456250
6014		-3.037500
6015		-2.450000
6016		-1.912500
6017		-1.675000
6018		-1.856250
6019		-1.318750
6020		-1.618750
6021		-1.468750
6022		-1.912500
6023		-2.031250
6024		-2.418750
6025		-2.656250
6026		-2.862500
6027		-2.862500
6028		-2.925000
6029		-3.131250
6030		-3.306250
6031		-3.275000
6032		-3.393750
6033		-3.575000
6034		-3.337500
6035		-3.306250
6036		-3.393750
6037		-3.931250
6038		-4.643750
6039		-4.312500
6040		-4.256250
6041		-4.550000
6042		-5.231250
6043		-5.381250
6044		-5.262500
6045		-5.768750
6046		-5.681250
6047		-5.706250
6048		-6.125000
6049		-6.125000
6050		-6.125000
6051		-6.031250
6052		-5.825000
6053		-5.587500
6054		-5.443750
6055		-5.025000
6056		-4.731250
6057		-4.731250
6058		-4.431250
6059		-4.193750
6060		-4.018750
6061		-3.843750
6062		-3.606250
6063		-3.368750
6064		-3.456250
6065		-3.575000
6066		-3.843750
6067		-3.393750
6068		-3.275000
6069		-3.631250
6070		-3.187500
6071		-3.131250
6072		-2.743750
6073		-2.743750
6074		-2.656250
6075		-2.212500
6076		-1.531250
6077		-1.231250
6078		-1.531250
6079		-1.025000
6080		-0.581250
6081		-0.375000
6082		-0.106250
6083		-0.193750
6084		0.043750
6085		0.100000
6086		0.487500
6087		0.637500
6088		0.900000
6089		1.050000
6090		0.843750
6091		0.456250
6092		0.281250
6093		0.400000
6094		-0.075000
6095		-0.137500
6096		-0.375000
6097		-1.056250
6098		-1.381250
6099		-1.943750
6100		-1.887500
6101		-2.356250
6102		-2.862500
6103		-2.950000
6104		-3.012500
6105		-3.843750
6106		-3.900000
6107		-4.168750
6108		-4.075000
6109		-4.193750
6110		-4.106250
6111		-4.462500
6112		-4.731250
6113		-4.493750
6114		-4.287500
6115		-3.987500
6116		-4.075000
6117		-3.843750
6118		-3.606250
6119		-3.306250
6120		-3.218750
6121		-3.250000
6122		-2.475000
6123		-2.181250
6124		-2.212500
6125		-1.887500
6126		-1.531250
6127		-1.200000
6128		-1.056250
6129		-0.581250
6130		-0.787500
6131		-0.312500
6132		-0.137500
6133		-0.193750
6134		0.012500
6135		-0.581250
6136		-0.668750
6137		-0.518750
6138		-0.281250
6139		-0.581250
6140		-0.993750
6141		-0.431250
6142		-0.731250
6143		-0.818750
6144		-0.581250
6145		-0.668750
6146		-0.225000
6147		-0.193750
6148		-0.075000
6149		-0.050000
6150		0.100000
6151		0.068750
6152		0.218750
6153		0.456250
6154		0.306250
6155		0.756250
6156		1.287500
6157		1.168750
6158		1.287500
6159		1.200000
6160		1.343750
6161		1.256250
6162		1.437500
6163		1.343750
6164		1.462500
6165		1.343750
6166		0.962500
6167		1.106250
6168		1.137500
6169		1.287500
6170		1.137500
6171		0.812500
6172		0.456250
6173		0.400000
6174		0.400000
6175		0.368750
6176		0.162500
6177		0.012500
6178		0.162500
6179		0.068750
6180		-0.225000
6181		-0.400000
6182		-0.431250
6183		-0.281250
6184		-0.137500
6185		-0.225000
6186		-0.225000
6187		0.100000
6188		-0.137500
6189		-0.075000
6190		-0.050000
6191		-0.193750
6192		0.012500
6193		-0.137500
6194		-0.281250
6195		-0.106250
6196		-0.137500
6197		0.187500
6198		0.218750
6199		0.012500
6200		0.162500
6201		-0.137500
6202		0.043750
6203		0.425000
6204		0.368750
6205		0.693750
6206		0.012500
6207		0.218750
6208		0.518750
6209		0.162500
6210		0.487500
6211		0.337500
6212		0.425000
6213		0.368750
6214		1.106250
6215		0.662500
6216		0.843750
6217		0.456250
6218		0.425000
6219		0.693750
6220		0.100000
6221		0.637500
6222		0.368750
6223		0.162500
6224		0.400000
6225		0.637500
6226		0.962500
6227		0.987500
6228		0.812500
6229		0.575000
6230		1.437500
6231		1.675000
6232		1.556250
6233		1.906250
6234		2.056250
6235		2.087500
6236		2.381250
6237		2.768750
6238		2.800000
6239		2.593750
6240		3.062500
6241		2.975000
6242		3.093750
6243		3.062500
6244		2.887500
6245		3.212500
6246		2.856250
6247		3.006250
6248		2.593750
6249		2.975000
6250		2.887500
6251		2.737500
6252		2.618750
6253		2.825000
6254		2.918750
6255		3.393750
6256		2.768750
6257		2.887500
6258		2.681250
6259		2.887500
6260		2.325000
6261		2.500000
6262		2.443750
6263		2.206250
6264		2.143750
6265		2.143750
6266		1.881250
6267		1.818750
6268		1.612500
6269		1.287500
6270		1.106250
6271		1.137500
6272		0.987500
6273		0.931250
6274		0.543750
6275		0.518750
6276		0.218750
6277		0.306250
6278		0.456250
6279		0.456250
6280		0.756250
6281		0.781250
6282		0.962500
6283		1.256250
6284		1.287500
6285		1.462500
6286		1.493750
6287		2.000000
6288		2.325000
6289		2.025000
6290		2.562500
6291		2.737500
6292		3.037500
6293		3.537500
6294		3.537500
6295		3.806250
6296		4.012500
6297		4.193750
6298		4.193750
6299		4.131250
6300		4.518750
6301		4.368750
6302		4.781250
6303		4.550000
6304		4.606250
6305		4.456250
6306		4.756250
6307		4.456250
6308		4.662500
6309		4.693750
6310		4.487500
6311		4.693750
6312		4.993750
6313		4.693750
6314		4.550000
6315		4.662500
6316		4.575000
6317		4.281250
6318		4.100000
6319		4.368750
6320		4.162500
6321		3.925000
6322		3.656250
6323		3.687500
6324		3.743750
6325		3.775000
6326		4.012500
6327		3.362500
6328		3.212500
6329		2.918750
6330		2.887500
6331		2.975000
6332		3.212500
6333		3.125000
6334		3.300000
6335		3.125000
6336		3.062500
6337		3.537500
6338		3.331250
6339		3.362500
6340		3.806250
6341		3.631250
6342		3.718750
6343		3.718750
6344		3.718750
6345		3.743750
6346		3.806250
6347		3.893750
6348		4.250000
6349		4.162500
6350		4.456250
6351		4.843750
6352		5.050000
6353		5.287500
6354		5.612500
6355		5.643750
6356		5.556250
6357		5.700000
6358		5.762500
6359		5.700000
6360		6.175000
6361		6.293750
6362		6.237500
6363		6.031250
6364		6.475000
6365		6.293750
6366		6.293750
6367		6.412500
6368		6.237500
6369		6.293750
6370		6.237500
6371		6.000000
6372		6.562500
6373		5.793750
6374		5.793750
6375		5.881250
6376		6.325000
6377		5.587500
6378		5.762500
6379		5.375000
6380		5.700000
6381		6.237500
6382		6.087500
6383		5.912500
6384		5.793750
6385		6.150000
6386		6.387500
6387		5.287500
6388		5.731250
6389		5.468750
6390		5.081250
6391		4.843750
6392		4.662500
6393		4.606250
6394		4.575000
6395		4.337500
6396		4.368750
6397		4.575000
6398		4.575000
6399		4.662500
6400		4.456250
6401		4.431250
6402		4.756250
6403		4.875000
6404		4.756250
6405		4.693750
6406		4.993750
6407		5.137500
6408		5.231250
6409		5.587500
6410		6.087500
6411		6.831250
6412		7.212500
6413		8.162500
6414		8.962500
6415		9.943750
6416		10.300000
6417		10.950000
6418		11.218750
6419		11.450000
6420		11.662500
6421		11.987500
6422		12.075000
6423		12.018750
6424		11.481250
6425		11.600000
6426		11.425000
6427		11.125000
6428		11.187500
6429		11.187500
6430		10.743750
6431		10.593750
6432		9.793750
6433		9.468750
6434		8.668750
6435		8.225000
6436		7.275000
6437		6.031250
6438		4.931250
6439		4.662500
6440		3.300000
6441		2.618750
6442		2.087500
6443		1.437500
6444		1.256250
6445		0.843750
6446		1.287500
6447		1.793750
6448		1.968750
6449		2.443750
6450		3.212500
6451		4.312500
6452		4.993750
6453		6.175000
6454		6.712500
6455		7.687500
6456		8.012500
6457		8.993750
6458		9.493750
6459		10.031250
6460		10.181250
6461		11.218750
6462		11.837500
6463		12.225000
6464		12.400000
6465		13.175000
6466		12.906250
6467		14.181250
6468		13.912500
6469		13.793750
6470		13.643750
6471		13.793750
6472		13.200000
6473		12.787500
6474		12.843750
6475		11.956250
6476		11.956250
6477		10.950000
6478		10.681250
6479		10.506250
6480		10.475000
6481		9.706250
6482		9.525000
6483		9.381250
6484		8.906250
6485		8.456250
6486		8.906250
6487		8.812500
6488		8.756250
6489		8.518750
6490		8.606250
6491		8.193750
6492		8.518750
6493		8.012500
6494		8.250000
6495		7.893750
6496		7.093750
6497		7.187500
6498		6.325000
6499		5.881250
6500		5.612500
6501		5.112500
6502		4.431250
6503		4.368750
6504		4.100000
6505		3.718750
6506		3.156250
6507		2.943750
6508		2.825000
6509		2.443750
6510		3.125000
6511		3.037500
6512		2.800000
6513		3.418750
6514		3.718750
6515		4.637500
6516		5.375000
6517		6.000000
6518		7.093750
6519		7.512500
6520		8.756250
6521		10.118750
6522		10.918750
6523		11.925000
6524		12.756250
6525		13.825000
6526		14.593750
6527		15.718750
6528		16.668751
6529		17.025000
6530		17.556250
6531		17.768749
6532		17.856251
6533		18.181250
6534		18.387501
6535		18.268749
6536		18.093750
6537		17.293751
6538		16.668751
6539		16.106251
6540		15.662500
6541		14.681250
6542		14.000000
6543		13.318750
6544		12.162500
6545		11.425000
6546		10.150000
6547		9.643750
6548		9.050000
6549		8.906250
6550		8.550000
6551		8.225000
6552		8.225000
6553		8.162500
6554		8.225000
6555		8.550000
6556		8.693750
6557		9.200000
6558		9.493750
6559		9.643750
6560		9.825000
6561		10.387500
6562		10.387500
6563		10.325000
6564		10.887500
6565		10.650000
6566		10.087500
6567		9.406250
6568		9.556250
6569		9.025000
6570		8.962500
6571		8.075000
6572		7.481250
6573		7.156250
6574		6.831250
6575		6.737500
6576		6.475000
6577		6.356250
6578		5.556250
6579		5.587500
6580		5.762500
6581		5.700000
6582		5.493750
6583		6.031250
6584		6.443750
6585		6.150000
6586		6.737500
6587		7.212500
6588		7.037500
6589		7.537500
6590		7.956250
6591		8.368750
6592		8.962500
6593		9.287500
6594		9.793750
6595		9.643750
6596		10.000000
6597		10.150000
6598		9.943750
6599		10.000000
6600		10.031250
6601		9.468750
6602		9.406250
6603		9.287500
6604		8.906250
6605		8.843750
6606		8.281250
6607		8.162500
6608		7.925000
6609		7.837500
6610		7.450000
6611		7.425000
6612		7.212500
6613		7.093750
6614		6.975000
6615		7.425000
6616		7.956250
6617		7.568750
6618		7.600000
6619		7.656250
6620		7.925000
6621		8.368750
6622		8.400000
6623		8.668750
6624		9.112500
6625		9.825000
6626		9.850000
6627		9.112500
6628		9.556250
6629		9.556250
6630		9.262500
6631		9.406250
6632		8.812500
6633		8.993750
6634		8.756250
6635		8.225000
6636		8.606250
6637		8.043750
6638		8.106250
6639		7.362500
6640		7.331250
6641		7.187500
6642		6.475000
6643		6.268750
6644		6.356250
6645		6.087500
6646		5.556250
6647		5.850000
6648		5.406250
6649		5.675000
6650		5.287500
6651		5.643750
6652		5.525000
6653		5.937500
6654		6.031250
6655		5.731250
6656		6.031250
6657		6.268750
6658		6.356250
6659		6.475000
6660		6.831250
6661		6.831250
6662		7.425000
6663		7.450000
6664		7.631250
6665		7.393750
6666		7.512500
6667		7.806250
6668		7.631250
6669		7.775000
6670		7.687500
6671		7.775000
6672		7.512500
6673		7.306250
6674		6.768750
6675		6.975000
6676		6.768750
6677		6.650000
6678		6.506250
6679		6.681250
6680		6.618750
6681		6.475000
6682		6.475000
6683		6.531250
6684		6.562500
6685		6.475000
6686		6.387500
6687		6.356250
6688		6.325000
6689		6.150000
6690		6.387500
6691		6.237500
6692		6.387500
6693		6.087500
6694		6.531250
6695		6.356250
6696		6.325000
6697		6.800000
6698		6.681250
6699		6.618750
6700		6.681250
6701		6.531250
6702		6.737500
6703		6.918750
6704		6.681250
6705		6.737500
6706		6.175000
6707		5.762500
6708		5.850000
6709		5.468750
6710		5.587500
6711		5.525000
6712		5.493750
6713		5.050000
6714		5.200000
6715		4.900000
6716		4.900000
6717		5.112500
6718		5.350000
6719		5.200000
6720		4.900000
6721		4.993750
6722		5.168750
6723		5.168750
6724		4.843750
6725		5.256250
6726		5.200000
6727		5.406250
6728		5.200000
6729		5.050000
6730		5.287500
6731		5.556250
6732		5.643750
6733		5.437500
6734		5.587500
6735		5.731250
6736		5.525000
6737		5.556250
6738		5.406250
6739		5.493750
6740		5.493750
6741		5.350000
6742		5.406250
6743		5.406250
6744		5.493750
6745		5.287500
6746		5.287500
6747		5.168750
6748		5.406250
6749		5.112500
6750		4.962500
6751		5.168750
6752		5.406250
6753		4.962500
6754		4.993750
6755		5.081250
6756		4.756250
6757		4.812500
6758		4.662500
6759		5.231250
6760		4.756250
6761		4.456250
6762		4.693750
6763		4.431250
6764		4.637500
6765		4.456250
6766		4.637500
6767		4.312500
6768		4.312500
6769		3.925000
6770		3.956250
6771		3.743750
6772		3.481250
6773		3.600000
6774		2.975000
6775		2.975000
6776		2.681250
6777		2.562500
6778		2.475000
6779		2.237500
6780		2.025000
6781		2.593750
6782		2.237500
6783		2.206250
6784		2.412500
6785		2.237500
6786		1.937500
6787		2.237500
6788		1.881250
6789		1.731250
6790		1.675000
6791		1.525000
6792		1.200000
6793		1.106250
6794		1.287500
6795		1.225000
6796		1.343750
6797		0.662500
6798		1.050000
6799		1.493750
6800		1.437500
6801		1.581250
6802		1.675000
6803		2.143750
6804		2.293750
6805		2.475000
6806		2.887500
6807		3.093750
6808		3.006250
6809		3.125000
6810		3.243750
6811		3.212500
6812		3.656250
6813		3.687500
6814		3.656250
6815		3.837500
6816		3.687500
6817		3.862500
6818		3.862500
6819		3.837500
6820		3.893750
6821		3.837500
6822		3.631250
6823		3.568750
6824		3.362500
6825		2.737500
6826		2.206250
6827		2.500000
6828		2.237500
6829		1.731250
6830		1.200000
6831		1.168750
6832		0.987500
6833		1.018750
6834		0.843750
6835		0.162500
6836		0.131250
6837		-0.050000
6838		-0.075000
6839		-0.018750
6840		-0.193750
6841		-0.612500
6842		-0.875000
6843		-0.612500
6844		-0.581250
6845		-0.343750
6846		-0.518750
6847		-0.493750
6848		-0.225000
6849		-0.612500
6850		-0.550000
6851		-0.581250
6852		-0.281250
6853		-0.281250
6854		-0.075000
6855		0.068750
6856		0.218750
6857		-0.018750
6858		0.306250
6859		0.306250
6860		0.100000
6861		0.218750
6862		0.218750
6863		0.100000
6864		0.425000
6865		0.543750
6866		0.400000
6867		0.337500
6868		0.250000
6869		0.187500
6870		0.400000
6871		0.187500
6872		0.518750
6873		0.281250
6874		1.018750
6875		1.018750
6876		0.756250
6877		0.781250
6878		1.050000
6879		1.343750
6880		0.543750
6881		1.200000
6882		1.256250
6883		1.406250
6884		1.762500
6885		1.168750
6886		1.050000
6887		1.612500
6888		0.662500
6889		0.987500
6890		0.487500
6891		0.306250
6892		0.306250
6893		0.368750
6894		-0.050000
6895		-0.637500
6896		-0.637500
6897		-0.550000
6898		-1.143750
6899		-1.025000
6900		-0.787500
6901		-1.175000
6902		-1.175000
6903		-1.793750
6904		-1.531250
6905		-1.737500
6906		-1.737500
6907		-1.737500
6908		-2.118750
6909		-1.943750
6910		-1.943750
6911		-1.975000
6912		-1.768750
6913		-2.031250
6914		-2.300000
6915		-2.331250
6916		-1.825000
6917		-2.093750
6918		-2.212500
6919		-2.212500
6920		-2.568750
6921		-2.237500
6922		-1.856250
6923		-2.237500
6924		-2.450000
6925		-2.118750
6926		-2.387500
6927		-2.300000
6928		-2.212500
6929		-1.912500
6930		-2.093750
6931		-2.300000
6932		-2.418750
6933		-2.418750
6934		-2.568750
6935		-2.118750
6936		-2.237500
6937		-1.975000
6938		-1.943750
6939		-1.737500
6940		-1.618750
6941		-1.412500
6942		-1.350000
6943		-1.381250
6944		-1.112500
6945		-1.056250
6946		-0.518750
6947		-0.875000
6948		-0.518750
6949		-0.731250
6950		-0.343750
6951		-0.700000
6952		-0.993750
6953		-0.818750
6954		-0.850000
6955		-0.937500
6956		-0.993750
6957		-1.112500
6958		-1.412500
6959		-1.706250
6960		-1.350000
6961		-1.500000
6962		-2.093750
6963		-1.887500
6964		-1.675000
6965		-1.975000
6966		-2.150000
6967		-2.387500
6968		-2.450000
6969		-2.862500
6970		-2.806250
6971		-3.100000
6972		-3.393750
6973		-3.487500
6974		-3.693750
6975		-3.606250
6976		-3.868750
6977		-3.750000
6978		-3.631250
6979		-3.931250
6980		-3.781250
6981		-3.725000
6982		-3.575000
6983		-3.487500
6984		-3.487500
6985		-3.218750
6986		-3.512500
6987		-3.250000
6988		-3.631250
6989		-3.368750
6990		-3.037500
6991		-3.187500
6992		-2.925000
6993		-3.131250
6994		-2.806250
6995		-2.862500
6996		-3.012500
6997		-2.893750
6998		-2.806250
6999		-2.625000
7000		-2.712500
7001		-2.806250
7002		-2.506250
7003		-2.450000
7004		-2.568750
7005		-2.537500
7006		-2.862500
7007		-3.337500
7008		-2.862500
7009		-3.275000
7010		-3.456250
7011		-3.456250
7012		-3.725000
7013		-3.662500
7014		-4.193750
7015		-4.137500
7016		-4.525000
7017		-4.193750
7018		-3.843750
7019		-3.631250
7020		-3.812500
7021		-3.306250
7022		-2.893750
7023		-3.250000
7024		-3.100000
7025		-2.862500
7026		-2.831250
7027		-3.100000
7028		-3.187500
7029		-2.925000
7030		-2.893750
7031		-2.806250
7032		-3.187500
7033		-2.893750
7034		-2.568750
7035		-3.037500
7036		-3.037500
7037		-3.456250
7038		-3.275000
7039		-3.250000
7040		-3.456250
7041		-4.050000
7042		-4.375000
7043		-5.381250
7044		-4.993750
7045		-5.468750
7046		-5.562500
7047		-5.468750
7048		-5.681250
7049		-5.943750
7050		-6.031250
7051		-6.331250
7052		-6.243750
7053		-6.806250
7054		-6.862500
7055		-7.012500
7056		-7.337500
7057		-7.543750
7058		-7.487500
7059		-8.200000
7060		-8.318750
7061		-8.200000
7062		-8.343750
7063		-7.750000
7064		-7.725000
7065		-7.543750
7066		-6.831250
7067		-6.362500
7068		-6.150000
7069		-5.262500
7070		-5.231250
7071		-4.993750
7072		-4.937500
7073		-4.375000
7074		-4.343750
7075		-3.956250
7076		-4.375000
7077		-4.018750
7078		-3.956250
7079		-4.225000
7080		-4.075000
7081		-4.581250
7082		-3.987500
7083		-3.631250
7084		-3.750000
7085		-3.868750
7086		-3.725000
7087		-3.606250
7088		-3.606250
7089		-3.931250
7090		-3.662500
7091		-3.631250
7092		-3.956250
7093		-4.075000
7094		-4.375000
7095		-4.431250
7096		-4.668750
7097		-4.968750
7098		-4.668750
7099		-5.056250
7100		-5.325000
7101		-5.856250
7102		-6.125000
7103		-6.243750
7104		-6.006250
7105		-6.537500
7106		-7.306250
7107		-7.100000
7108		-7.250000
7109		-7.487500
7110		-7.575000
7111		-7.781250
7112		-7.781250
7113		-8.287500
7114		-8.287500
7115		-8.462500
7116		-8.612500
7117		-9.056250
7118		-8.818750
7119		-8.881250
7120		-9.118750
7121		-8.525000
7122		-8.787500
7123		-8.731250
7124		-8.437500
7125		-8.256250
7126		-7.843750
7127		-7.781250
7128		-7.400000
7129		-7.043750
7130		-6.743750
7131		-6.687500
7132		-6.006250
7133		-5.975000
7134		-5.681250
7135		-5.618750
7136		-5.793750
7137		-5.206250
7138		-5.531250
7139		-5.056250
7140		-4.937500
7141		-4.906250
7142		-4.818750
7143		-4.581250
7144		-4.525000
7145		-4.225000
7146		-4.287500
7147		-4.343750
7148		-4.375000
7149		-4.375000
7150		-4.462500
7151		-4.643750
7152		-4.875000
7153		-5.025000
7154		-5.325000
7155		-5.325000
7156		-5.468750
7157		-6.031250
7158		-5.912500
7159		-6.450000
7160		-6.568750
7161		-6.862500
7162		-7.250000
7163		-7.487500
7164		-7.100000
7165		-7.162500
7166		-7.575000
7167		-7.425000
7168		-8.018750
7169		-8.018750
7170		-8.493750
7171		-8.343750
7172		-8.375000
7173		-8.787500
7174		-8.937500
7175		-9.056250
7176		-9.000000
7177		-9.175000
7178		-9.025000
7179		-8.968750
7180		-8.818750
7181		-9.056250
7182		-9.025000
7183		-8.937500
7184		-9.118750
7185		-8.818750
7186		-8.881250
7187		-8.787500
7188		-8.731250
7189		-8.668750
7190		-8.850000
7191		-8.437500
7192		-8.375000
7193		-8.287500
7194		-8.200000
7195		-8.375000
7196		-7.962500
7197		-8.081250
7198		-7.987500
7199		-7.812500
7200		-7.812500
7201		-7.543750
7202		-8.050000
7203		-7.637500
7204		-7.606250
7205		-7.337500
7206		-7.400000
7207		-7.368750
7208		-7.218750
7209		-7.250000
7210		-7.162500
7211		-6.981250
7212		-7.306250
7213		-7.187500
7214		-7.487500
7215		-7.400000
7216		-7.162500
7217		-6.925000
7218		-7.606250
7219		-7.637500
7220		-7.456250
7221		-7.543750
7222		-7.250000
7223		-7.725000
7224		-7.725000
7225		-7.637500
7226		-7.781250
7227		-7.931250
7228		-7.575000
7229		-8.081250
7230		-7.931250
7231		-8.200000
7232		-8.287500
7233		-8.375000
7234		-8.375000
7235		-8.493750
7236		-8.581250
7237		-8.818750
7238		-8.762500
7239		-8.287500
7240		-8.493750
7241		-8.525000
7242		-8.643750
7243		-9.056250
7244		-9.025000
7245		-8.881250
7246		-8.643750
7247		-8.343750
7248		-9.056250
7249		-8.612500
7250		-8.581250
7251		-8.493750
7252		-8.343750
7253		-8.493750
7254		-8.437500
7255		-8.437500
7256		-8.406250
7257		-8.462500
7258		-8.731250
7259		-8.556250
7260		-8.437500
7261		-8.643750
7262		-9.175000
7263		-9.206250
7264		-9.175000
7265		-9.175000
7266		-8.762500
7267		-8.668750
7268		-8.937500
7269		-8.787500
7270		-8.700000
7271		-8.731250
7272		-8.906250
7273		-8.581250
7274		-8.881250
7275		-9.000000
7276		-8.850000
7277		-9.087500
7278		-8.668750
7279		-8.787500
7280		-8.525000
7281		-8.581250
7282		-8.818750
7283		-8.256250
7284		-8.225000
7285		-8.375000
7286		-8.225000
7287		-8.225000
7288		-8.018750
7289		-7.781250
7290		-7.400000
7291		-7.812500
7292		-7.543750
7293		-7.750000
7294		-7.456250
7295		-7.543750
7296		-7.900000
7297		-7.750000
7298		-7.487500
7299		-7.750000
7300		-7.987500
7301		-7.662500
7302		-7.750000
7303		-8.081250
7304		-8.137500
7305		-7.843750
7306		-8.081250
7307		-7.987500
7308		-8.225000
7309		-8.137500
7310		-8.287500
7311		-8.493750
7312		-8.256250
7313		-8.287500
7314		-8.375000
7315		-8.375000
7316		-8.318750
7317		-8.643750
7318		-8.612500
7319		-8.787500
7320		-8.787500
7321		-8.581250
7322		-8.762500
7323		-8.937500
7324		-8.668750
7325		-8.937500
7326		-8.762500
7327		-8.818750
7328		-8.731250
7329		-8.318750
7330		-8.668750
7331		-8.437500
7332		-8.493750
7333		-8.437500
7334		-8.493750
7335		-8.525000
7336		-8.525000
7337		-8.581250
7338		-8.731250
7339		-8.731250
7340		-8.850000
7341		-8.700000
7342		-8.343750
7343		-8.525000
7344		-8.200000
7345		-8.225000
7346		-8.287500
7347		-7.843750
7348		-7.931250
7349		-7.987500
7350		-7.637500
7351		-7.900000
7352		-7.425000
7353		-7.400000
7354		-7.425000
7355		-7.456250
7356		-7.306250
7357		-7.487500
7358		-7.337500
7359		-7.843750
7360		-7.637500
7361		-8.287500
7362		-8.225000
7363		-7.812500
7364		-7.900000
7365		-8.018750
7366		-8.256250
7367		-8.287500
7368		-7.781250
7369		-7.931250
7370		-7.781250
7371		-7.606250
7372		-7.750000
7373		-7.606250
7374		-6.893750
7375		-6.743750
7376		-6.537500
7377		-7.100000
7378		-6.806250
7379		-6.862500
7380		-6.568750
7381		-6.862500
7382		-6.450000
7383		-6.687500
7384		-6.243750
7385		-6.031250
7386		-5.975000
7387		-5.768750
7388		-5.562500
7389		-5.293750
7390		-4.875000
7391		-5.562500
7392		-5.650000
7393		-5.856250
7394		-6.300000
7395		-6.981250
7396		-7.281250
7397		-7.306250
7398		-8.050000
7399		-7.606250
7400		-7.456250
7401		-7.575000
7402		-7.250000
7403		-7.162500
7404		-7.725000
7405		-7.187500
7406		-7.337500
7407		-7.543750
7408		-8.081250
7409		-8.018750
7410		-8.881250
7411		-9.056250
7412		-9.562500
7413		-10.156250
7414		-9.562500
7415		-10.093750
7416		-9.706250
7417		-9.087500
7418		-8.581250
7419		-7.781250
7420		-7.750000
7421		-7.218750
7422		-6.331250
7423		-5.562500
7424		-4.993750
7425		-4.525000
7426		-3.987500
7427		-3.662500
7428		-2.950000
7429		-3.275000
7430		-2.925000
7431		-3.131250
7432		-3.368750
7433		-3.156250
7434		-3.631250
7435		-3.843750
7436		-4.225000
7437		-3.956250
7438		-4.375000
7439		-4.462500
7440		-4.731250
7441		-4.700000
7442		-4.906250
7443		-4.668750
7444		-4.818750
7445		-4.993750
7446		-4.968750
7447		-5.262500
7448		-5.325000
7449		-5.500000
7450		-5.887500
7451		-6.450000
7452		-6.743750
7453		-7.043750
7454		-7.400000
7455		-7.725000
7456		-8.343750
7457		-8.462500
7458		-8.081250
7459		-8.731250
7460		-8.343750
7461		-8.437500
7462		-8.168750
7463		-8.106250
7464		-7.987500
7465		-7.187500
7466		-7.100000
7467		-6.600000
7468		-6.568750
7469		-6.062500
7470		-5.468750
7471		-5.562500
7472		-5.262500
7473		-4.668750
7474		-4.850000
7475		-4.700000
7476		-4.668750
7477		-4.525000
7478		-4.525000
7479		-4.875000
7480		-4.493750
7481		-4.256250
7482		-4.193750
7483		-3.693750
7484		-3.543750
7485		-3.156250
7486		-2.656250
7487		-2.450000
7488		-1.975000
7489		-1.468750
7490		-0.937500
7491		-0.937500
7492		-0.787500
7493		-0.518750
7494		-0.225000
7495		-0.137500
7496		-0.637500
7497		-0.968750
7498		-0.668750
7499		-1.025000
7500		-1.143750
7501		-2.093750
7502		-1.768750
7503		-2.031250
7504		-2.062500
7505		-2.150000
7506		-2.450000
7507		-3.068750
7508		-3.306250
7509		-3.575000
7510		-3.662500
7511		-4.343750
7512		-4.668750
7513		-4.787500
7514		-4.762500
7515		-5.350000
7516		-5.618750
7517		-6.212500
7518		-6.125000
7519		-6.925000
7520		-6.806250
7521		-7.012500
7522		-6.981250
7523		-6.925000
7524		-6.893750
7525		-6.950000
7526		-6.506250
7527		-6.093750
7528		-5.681250
7529		-5.706250
7530		-5.325000
7531		-5.056250
7532		-5.025000
7533		-4.612500
7534		-4.493750
7535		-4.225000
7536		-3.843750
7537		-3.012500
7538		-3.100000
7539		-2.831250
7540		-2.656250
7541		-2.150000
7542		-2.150000
7543		-1.825000
7544		-2.000000
7545		-2.093750
7546		-1.768750
7547		-1.768750
7548		-1.737500
7549		-1.856250
7550		-1.675000
7551		-1.587500
7552		-1.112500
7553		-1.262500
7554		-1.231250
7555		-1.200000
7556		-1.318750
7557		-1.293750
7558		-0.581250
7559		-0.818750
7560		-1.350000
7561		-1.081250
7562		-0.937500
7563		-0.818750
7564		-0.668750
7565		-0.756250
7566		-0.581250
7567		-0.281250
7568		-0.162500
7569		-0.518750
7570		0.043750
7571		0.456250
7572		0.218750
7573		0.368750
7574		-0.106250
7575		0.187500
7576		0.068750
7577		-0.400000
7578		0.012500
7579		-0.193750
7580		-0.281250
7581		-1.112500
7582		-1.081250
7583		-1.175000
7584		-1.231250
7585		-1.262500
7586		-1.381250
7587		-1.318750
7588		-1.412500
7589		-1.531250
7590		-1.825000
7591		-1.350000
7592		-1.318750
7593		-1.793750
7594		-1.412500
7595		-1.318750
7596		-1.412500
7597		-1.231250
7598		-1.381250
7599		-1.318750
7600		-1.350000
7601		-0.993750
7602		-1.650000
7603		-1.412500
7604		-2.000000
7605		-1.412500
7606		-1.437500
7607		-1.262500
7608		-1.318750
7609		-1.350000
7610		-0.906250
7611		-0.375000
7612		-0.281250
7613		-0.581250
7614		-0.668750
7615		-0.493750
7616		-0.225000
7617		-0.375000
7618		-0.493750
7619		-0.343750
7620		-0.256250
7621		-0.637500
7622		-0.612500
7623		-0.518750
7624		-0.493750
7625		-0.787500
7626		-0.637500
7627		-0.550000
7628		-0.637500
7629		-0.637500
7630		-0.225000
7631		-0.668750
7632		-0.850000
7633		-0.493750
7634		-0.875000
7635		-0.612500
7636		-0.375000
7637		-0.668750
7638		-0.343750
7639		0.162500
7640		0.043750
7641		-0.075000
7642		0.162500
7643		0.606250
7644		0.518750
7645		0.781250
7646		0.987500
7647		0.900000
7648		1.343750
7649		0.987500
7650		1.256250
7651		2.262500
7652		1.937500
7653		1.700000
7654		1.968750
7655		1.937500
7656		1.675000
7657		1.850000
7658		1.793750
7659		1.793750
7660		1.675000
7661		1.906250
7662		1.493750
7663		1.287500
7664		1.612500
7665		1.581250
7666		1.462500
7667		1.050000
7668		1.406250
7669		0.662500
7670		1.137500
7671		0.962500
7672		1.050000
7673		0.843750
7674		0.637500
7675		0.693750
7676		0.337500
7677		0.250000
7678		0.068750
7679		-0.106250
7680		-0.225000
7681		-0.518750
7682		-0.518750
7683		-0.787500
7684		-1.025000
7685		-0.787500
7686		-0.462500
7687		-0.875000
7688		-0.818750
7689		-0.850000
7690		-0.637500
7691		-0.431250
7692		-0.137500
7693		0.250000
7694		0.543750
7695		0.693750
7696		0.756250
7697		0.812500
7698		0.843750
7699		1.581250
7700		1.850000
7701		2.056250
7702		1.793750
7703		2.025000
7704		2.356250
7705		2.293750
7706		2.443750
7707		2.531250
7708		2.681250
7709		3.181250
7710		3.006250
7711		2.737500
7712		3.156250
7713		3.481250
7714		3.512500
7715		3.418750
7716		3.362500
7717		3.631250
7718		3.362500
7719		3.600000
7720		3.981250
7721		3.093750
7722		3.300000
7723		3.093750
7724		2.443750
7725		2.737500
7726		2.381250
7727		2.325000
7728		2.412500
7729		2.175000
7730		2.293750
7731		1.968750
7732		1.850000
7733		1.968750
7734		1.937500
7735		1.700000
7736		1.881250
7737		1.906250
7738		1.643750
7739		1.525000
7740		1.437500
7741		1.556250
7742		1.406250
7743		1.343750
7744		0.931250
7745		1.406250
7746		1.137500
7747		1.050000
7748		1.256250
7749		1.700000
7750		1.762500
7751		1.762500
7752		2.237500
7753		2.118750
7754		2.325000
7755		2.593750
7756		2.531250
7757		2.768750
7758		2.975000
7759		3.037500
7760		3.393750
7761		3.893750
7762		4.100000
7763		3.743750
7764		4.162500
7765		4.400000
7766		4.550000
7767		4.931250
7768		4.725000
7769		4.575000
7770		5.287500
7771		4.900000
7772		5.050000
7773		5.350000
7774		5.437500
7775		5.493750
7776		5.318750
7777		5.137500
7778		5.231250
7779		5.200000
7780		4.900000
7781		5.018750
7782		4.781250
7783		4.637500
7784		3.956250
7785		3.806250
7786		3.687500
7787		3.481250
7788		3.512500
7789		3.156250
7790		3.743750
7791		3.687500
7792		3.775000
7793		3.743750
7794		4.043750
7795		4.368750
7796		3.956250
7797		4.250000
7798		3.925000
7799		3.981250
7800		3.568750
7801		3.512500
7802		3.062500
7803		3.037500
7804		2.412500
7805		2.356250
7806		2.237500
7807		2.562500
7808		2.381250
7809		2.856250
7810		2.356250
7811		2.737500
7812		2.681250
7813		3.212500
7814		3.362500
7815		3.362500
7816		3.362500
7817		3.512500
7818		3.806250
7819		4.487500
7820		4.368750
7821		5.437500
7822		6.237500
7823		6.681250
7824		7.718750
7825		7.925000
7826		8.787500
7827		9.493750
7828		10.237500
7829		10.625000
7830		10.831250
7831		11.037500
7832		11.187500
7833		11.037500
7834		11.037500
7835		11.218750
7836		10.831250
7837		10.862500
7838		10.531250
7839		10.593750
7840		10.150000
7841		9.556250
7842		9.262500
7843		8.725000
7844		7.806250
7845		6.831250
7846		6.000000
7847		5.050000
7848		3.775000
7849		3.093750
7850		1.850000
7851		0.962500
7852		-0.050000
7853		-0.225000
7854		-0.581250
7855		-0.581250
7856		-0.756250
7857		-0.550000
7858		-0.312500
7859		0.487500
7860		1.106250
7861		2.118750
7862		2.681250
7863		3.125000
7864		4.162500
7865		4.637500
7866		5.762500
7867		6.506250
7868		6.950000
7869		7.656250
7870		8.456250
7871		9.262500
7872		10.062500
7873		10.562500
7874		11.543750
7875		12.162500
7876		12.818750
7877		13.143750
7878		13.556250
7879		13.737500
7880		13.556250
7881		13.587500
7882		13.350000
7883		12.906250
7884		12.668750
7885		12.162500
7886		11.925000
7887		11.156250
7888		10.681250
7889		10.443750
7890		9.850000
7891		9.493750
7892		9.287500
7893		8.518750
7894		8.575000
7895		8.812500
7896		8.575000
7897		8.075000
7898		8.131250
7899		8.106250
7900		8.281250
7901		7.868750
7902		7.631250
7903		7.331250
7904		7.037500
7905		6.712500
7906		6.175000
7907		5.881250
7908		4.812500
7909		4.431250
7910		3.956250
7911		3.656250
7912		3.300000
7913		2.562500
7914		2.000000
7915		1.793750
7916		1.850000
7917		1.200000
7918		1.343750
7919		1.256250
7920		0.693750
7921		0.900000
7922		0.725000
7923		1.200000
7924		1.731250
7925		1.906250
7926		2.500000
7927		3.093750
7928		3.862500
7929		4.756250
7930		5.793750
7931		7.275000
7932		8.106250
7933		9.350000
7934		10.356250
7935		11.362500
7936		12.606250
7937		13.825000
7938		14.681250
7939		15.481250
7940		16.043751
7941		16.756250
7942		17.318750
7943		17.587500
7944		18.000000
7945		18.237499
7946		17.793751
7947		17.531250
7948		17.143749
7949		16.225000
7950		15.812500
7951		14.743750
7952		14.356250
7953		13.381250
7954		12.400000
7955		11.481250
7956		10.743750
7957		9.731250
7958		8.843750
7959		8.162500
7960		8.225000
7961		7.125000
7962		6.443750
7963		6.562500
7964		6.237500
7965		6.206250
7966		6.031250
7967		6.175000
7968		6.268750
7969		6.856250
7970		6.593750
7971		7.068750
7972		7.306250
7973		7.837500
7974		7.806250
7975		8.012500
7976		7.718750
7977		7.956250
7978		7.481250
7979		7.243750
7980		7.093750
7981		6.650000
7982		5.937500
7983		5.762500
7984		5.612500
7985		5.050000
7986		4.662500
7987		4.456250
7988		4.012500
7989		3.981250
7990		3.925000
7991		3.837500
7992		3.862500
7993		4.250000
7994		3.893750
7995		4.368750
7996		4.550000
7997		5.231250
7998		5.406250
7999		5.793750
8000		6.712500
8001		6.593750
8002		7.125000
8003		7.568750
8004		7.775000
8005		8.281250
8006		8.843750
8007		8.343750
8008		9.350000
8009		8.106250
8010		8.756250
8011		8.606250
8012		8.368750
8013		8.812500
8014		8.456250
8015		8.400000
8016		7.925000
8017		7.925000
8018		7.512500
8019		7.331250
8020		7.275000
8021		7.187500
8022		6.737500
8023		6.618750
8024		6.237500
8025		6.000000
8026		5.793750
8027		5.818750
8028		5.850000
8029		5.937500
8030		5.525000
8031		6.237500
8032		6.531250
8033		6.831250
8034		6.737500
8035		7.275000
8036		7.425000
8037		7.512500
8038		8.075000
8039		8.075000
8040		8.162500
8041		8.400000
8042		7.806250
8043		8.162500
8044		8.668750
8045		7.893750
8046		7.718750
8047		7.512500
8048		7.275000
8049		6.681250
8050		6.975000
8051		6.356250
8052		6.150000
8053		5.881250
8054		5.587500
8055		5.406250
8056		5.168750
8057		5.406250
8058		4.843750
8059		4.693750
8060		4.518750
8061		4.725000
8062		4.456250
8063		4.337500
8064		4.575000
8065		5.200000
8066		4.931250
8067		4.931250
8068		4.781250
8069		5.137500
8070		4.993750
8071		5.437500
8072		4.993750
8073		5.700000
8074		6.475000
8075		6.206250
8076		6.175000
8077		6.325000
8078		6.506250
8079		6.681250
8080		6.918750
8081		7.243750
8082		7.187500
8083		6.800000
8084		6.293750
8085		6.268750
8086		6.150000
8087		6.150000
8088		5.731250
8089		5.018750
8090		5.556250
8091		4.900000
8092		4.875000
8093		4.725000
8094		4.606250
8095		4.550000
8096		4.575000
8097		4.662500
8098		4.637500
8099		4.637500
8100		4.812500
8101		4.725000
8102		4.843750
8103		4.962500
8104		4.931250
8105		5.437500
8106		5.256250
8107		5.318750
8108		5.937500
8109		5.612500
8110		5.793750
8111		5.437500
8112		5.818750
8113		5.937500
8114		5.643750
8115		5.287500
8116		5.556250
8117		5.168750
8118		5.287500
8119		4.843750
8120		4.781250
8121		4.400000
8122		4.400000
8123		4.368750
8124		4.131250
8125		4.012500
8126		3.450000
8127		3.275000
8128		3.775000
8129		3.481250
8130		3.418750
8131		3.156250
8132		3.450000
8133		3.837500
8134		3.568750
8135		3.837500
8136		3.718750
8137		3.743750
8138		3.656250
8139		4.043750
8140		4.218750
8141		4.368750
8142		4.725000
8143		4.637500
8144		5.018750
8145		4.993750
8146		4.781250
8147		4.756250
8148		4.993750
8149		4.368750
8150		4.162500
8151		4.075000
8152		4.218750
8153		3.862500
8154		3.862500
8155		4.075000
8156		4.043750
8157		3.925000
8158		3.981250
8159		4.250000
8160		4.487500
8161		4.250000
8162		4.606250
8163		4.368750
8164		4.550000
8165		4.131250
8166		4.456250
8167		4.193750
8168		4.250000
8169		3.893750
8170		3.837500
8171		4.075000
8172		4.075000
8173		4.100000
8174		4.518750
8175		3.893750
8176		4.075000
8177		4.431250
8178		4.162500
8179		3.806250
8180		3.656250
8181		3.275000
8182		3.006250
8183		2.800000
8184		2.381250
8185		2.206250
8186		1.731250
8187		2.025000
8188		2.237500
8189		1.675000
8190		1.406250
8191		1.256250
8192		1.406250
8193		1.256250
8194		0.987500
8195		0.756250
8196		1.437500
8197		1.200000
8198		1.343750
8199		1.050000
8200		0.812500
8201		0.962500
8202		1.106250
8203		0.987500
8204		0.987500
8205		1.168750
8206		1.643750
8207		1.406250
8208		1.437500
8209		1.581250
8210		1.937500
8211		2.618750
8212		2.381250
8213		2.737500
8214		2.618750
8215		2.975000
8216		3.275000
8217		3.631250
8218		3.537500
8219		3.718750
8220		3.775000
8221		3.687500
8222		3.806250
8223		3.743750
8224		4.281250
8225		3.718750
8226		3.537500
8227		3.862500
8228		3.656250
8229		3.631250
8230		3.156250
8231		2.825000
8232		2.975000
8233		2.562500
8234		2.500000
8235		2.175000
8236		1.731250
8237		1.643750
8238		1.818750
8239		1.643750
8240		1.256250
8241		0.900000
8242		0.693750
8243		0.900000
8244		0.306250
8245		0.250000
8246		-0.018750
8247		-0.375000
8248		-0.375000
8249		-0.787500
8250		-0.668750
8251		-1.025000
8252		-1.262500
8253		-0.637500
8254		-0.637500
8255		-0.281250
8256		-0.193750
8257		0.281250
8258		0.100000
8259		0.368750
8260		0.250000
8261		0.487500
8262		0.218750
8263		0.400000
8264		0.693750
8265		0.725000
8266		0.693750
8267		0.368750
8268		0.662500
8269		0.368750
8270		0.575000
8271		0.662500
8272		0.218750
8273		0.756250
8274		0.662500
8275		0.931250
8276		0.931250
8277		1.106250
8278		0.812500
8279		0.812500
8280		0.987500
8281		1.200000
8282		1.343750
8283		1.556250
8284		1.493750
8285		1.581250
8286		1.762500
8287		2.293750
8288		1.525000
8289		1.906250
8290		1.881250
8291		1.762500
8292		1.643750
8293		1.643750
8294		1.556250
8295		1.525000
8296		1.287500
8297		0.987500
8298		1.018750
8299		0.900000
8300		0.756250
8301		0.456250
8302		-0.193750
8303		-0.137500
8304		-0.193750
8305		-0.281250
8306		-0.431250
8307		-0.875000
8308		-1.081250
8309		-1.262500
8310		-1.318750
8311		-1.650000
8312		-1.500000
8313		-1.531250
8314		-1.556250
8315		-1.587500
8316		-1.175000
8317		-1.081250
8318		-1.081250
8319		-1.231250
8320		-0.850000
8321		-1.175000
8322		-1.025000
8323		-1.381250
8324		-1.175000
8325		-1.587500
8326		-1.825000
8327		-2.093750
8328		-1.650000
8329		-2.062500
8330		-1.675000
8331		-1.437500
8332		-1.706250
8333		-1.587500
8334		-1.737500
8335		-1.975000
8336		-1.856250
8337		-1.825000
8338		-1.675000
8339		-1.437500
8340		-1.468750
8341		-1.381250
8342		-1.350000
8343		-1.350000
8344		-1.412500
8345		-1.175000
8346		-1.231250
8347		-0.850000
8348		-0.700000
8349		-0.787500
8350		-0.493750
8351		0.100000
8352		-0.462500
8353		-0.193750
8354		-0.343750
8355		-0.193750
8356		-0.668750
8357		-0.312500
8358		-0.493750
8359		-0.225000
8360		-0.106250
8361		-0.075000
8362		-0.137500
8363		-0.462500
8364		-0.518750
8365		-0.668750
8366		-0.612500
8367		-0.850000
8368		-1.025000
8369		-1.412500
8370		-1.412500
8371		-2.000000
8372		-1.531250
8373		-1.825000
8374		-2.300000
8375		-2.118750
8376		-2.450000
8377		-2.537500
8378		-2.506250
8379		-2.656250
8380		-2.806250
8381		-2.862500
8382		-2.981250
8383		-2.687500
8384		-2.950000
8385		-2.593750
8386		-2.831250
8387		-2.656250
8388		-2.893750
8389		-3.156250
8390		-2.806250
8391		-2.775000
8392		-2.537500
8393		-2.237500
8394		-2.268750
8395		-2.537500
8396		-2.950000
8397		-2.300000
8398		-2.268750
8399		-2.387500
8400		-2.031250
8401		-2.000000
8402		-2.300000
8403		-2.268750
8404		-1.943750
8405		-2.450000
8406		-2.150000
8407		-1.943750
8408		-2.268750
8409		-2.300000
8410		-2.150000
8411		-2.212500
8412		-2.356250
8413		-2.537500
8414		-2.568750
8415		-3.187500
8416		-3.037500
8417		-3.275000
8418		-3.606250
8419		-3.187500
8420		-2.806250
8421		-3.250000
8422		-3.187500
8423		-3.156250
8424		-2.862500
8425		-2.981250
8426		-2.743750
8427		-2.893750
8428		-2.450000
8429		-2.062500
8430		-2.506250
8431		-2.656250
8432		-2.118750
8433		-2.212500
8434		-2.506250
8435		-2.418750
8436		-2.118750
8437		-1.975000
8438		-1.856250
8439		-1.706250
8440		-1.381250
8441		-1.500000
8442		-1.675000
8443		-1.943750
8444		-1.912500
8445		-2.181250
8446		-2.831250
8447		-3.306250
8448		-3.606250
8449		-3.750000
8450		-4.343750
8451		-4.581250
8452		-4.968750
8453		-4.581250
8454		-5.025000
8455		-5.231250
8456		-5.143750
8457		-5.087500
8458		-5.468750
8459		-5.562500
8460		-5.975000
8461		-6.150000
8462		-6.125000
8463		-6.743750
8464		-7.043750
8465		-7.425000
8466		-7.306250
8467		-7.575000
8468		-7.400000
8469		-7.187500
8470		-6.743750
8471		-6.925000
8472		-6.268750
8473		-5.943750
8474		-5.262500
8475		-5.206250
8476		-4.668750
8477		-4.050000
8478		-4.075000
8479		-3.631250
8480		-3.156250
8481		-3.012500
8482		-2.806250
8483		-2.893750
8484		-2.743750
8485		-2.806250
8486		-2.450000
8487		-2.831250
8488		-3.037500
8489		-2.806250
8490		-2.656250
8491		-2.925000
8492		-2.656250
8493		-3.187500
8494		-3.012500
8495		-2.568750
8496		-2.862500
8497		-2.775000
8498		-2.862500
8499		-2.656250
8500		-3.100000
8501		-2.981250
8502		-3.306250
8503		-3.487500
8504		-3.750000
8505		-4.406250
8506		-4.225000
8507		-4.643750
8508		-4.968750
8509		-5.262500
8510		-5.531250
8511		-5.912500
8512		-6.150000
8513		-6.268750
8514		-6.150000
8515		-6.506250
8516		-6.775000
8517		-6.687500
8518		-6.831250
8519		-6.831250
8520		-7.131250
8521		-7.100000
8522		-7.337500
8523		-7.337500
8524		-7.637500
8525		-7.606250
8526		-7.487500
8527		-7.487500
8528		-7.606250
8529		-7.693750
8530		-7.400000
8531		-6.893750
8532		-7.068750
8533		-6.450000
8534		-6.387500
8535		-6.181250
8536		-5.706250
8537		-5.737500
8538		-5.562500
8539		-4.968750
8540		-4.875000
8541		-4.700000
8542		-4.193750
8543		-4.168750
8544		-3.843750
8545		-3.725000
8546		-3.368750
8547		-3.100000
8548		-2.950000
8549		-3.306250
8550		-2.656250
8551		-3.037500
8552		-2.806250
8553		-2.806250
8554		-3.250000
8555		-2.893750
8556		-2.862500
8557		-3.037500
8558		-3.187500
8559		-2.862500
8560		-3.931250
8561		-3.900000
8562		-3.868750
8563		-4.075000
8564		-4.431250
8565		-4.668750
8566		-4.668750
8567		-4.787500
8568		-5.412500
8569		-5.618750
8570		-6.125000
8571		-6.243750
8572		-6.450000
8573		-6.718750
8574		-7.187500
8575		-7.131250
8576		-7.400000
8577		-7.518750
8578		-7.637500
8579		-7.693750
8580		-7.962500
8581		-7.750000
8582		-7.693750
8583		-7.400000
8584		-7.543750
8585		-8.081250
8586		-7.868750
8587		-7.987500
8588		-7.900000
8589		-8.081250
8590		-7.781250
8591		-7.931250
8592		-7.750000
8593		-7.750000
8594		-7.812500
8595		-7.281250
8596		-7.606250
8597		-7.187500
8598		-6.981250
8599		-6.950000
8600		-7.012500
8601		-6.831250
8602		-6.568750
8603		-6.362500
8604		-6.268750
8605		-6.243750
8606		-5.975000
8607		-6.006250
8608		-5.681250
8609		-6.062500
8610		-5.681250
8611		-5.975000
8612		-5.912500
8613		-6.125000
8614		-5.825000
8615		-5.825000
8616		-6.062500
8617		-6.125000
8618		-5.975000
8619		-5.681250
8620		-5.562500
8621		-6.387500
8622		-5.650000
8623		-5.531250
8624		-5.825000
8625		-5.500000
8626		-5.562500
8627		-5.737500
8628		-6.062500
8629		-5.350000
8630		-6.212500
8631		-5.793750
8632		-6.418750
8633		-6.481250
8634		-6.687500
8635		-6.950000
8636		-6.568750
8637		-6.481250
8638		-6.506250
8639		-6.743750
8640		-7.043750
8641		-6.806250
8642		-6.743750
8643		-6.568750
8644		-7.043750
8645		-6.656250
8646		-6.806250
8647		-7.012500
8648		-7.131250
8649		-7.043750
8650		-6.950000
8651		-6.925000
8652		-6.831250
8653		-7.337500
8654		-7.187500
8655		-7.162500
8656		-6.950000
8657		-7.100000
8658		-7.012500
8659		-6.981250
8660		-6.950000
8661		-6.925000
8662		-6.806250
8663		-6.656250
8664		-6.625000
8665		-6.568750
8666		-6.862500
8667		-6.893750
8668		-7.012500
8669		-7.400000
8670		-7.250000
8671		-7.100000
8672		-7.131250
8673		-7.812500
8674		-6.950000
8675		-7.400000
8676		-7.068750
8677		-7.187500
8678		-7.250000
8679		-7.012500
8680		-6.950000
8681		-7.187500
8682		-7.100000
8683		-6.806250
8684		-6.718750
8685		-6.806250
8686		-7.068750
8687		-6.600000
8688		-6.481250
8689		-6.268750
8690		-6.150000
8691		-6.212500
8692		-6.450000
8693		-6.300000
8694		-6.625000
8695		-5.912500
8696		-6.150000
8697		-5.587500
8698		-5.618750
8699		-5.681250
8700		-5.975000
8701		-5.943750
8702		-5.793750
8703		-5.825000
8704		-5.468750
8705		-5.768750
8706		-5.562500
8707		-5.706250
8708		-6.181250
8709		-5.975000
8710		-6.125000
8711		-6.006250
8712		-5.562500
8713		-6.212500
8714		-5.975000
8715		-6.362500
8716		-6.362500
8717		-5.975000
8718		-5.943750
8719		-6.006250
8720		-6.212500
8721		-6.243750
8722		-6.300000
8723		-6.243750
8724		-6.243750
8725		-6.268750
8726		-6.031250
8727		-6.418750
8728		-6.387500
8729		-6.362500
8730		-6.537500
8731		-6.506250
8732		-6.418750
8733		-6.718750
8734		-6.656250
8735		-6.656250
8736		-6.387500
8737		-6.656250
8738		-6.656250
8739		-6.625000
8740		-6.625000
8741		-6.418750
8742		-6.418750
8743		-6.212500
8744		-5.975000
8745		-5.856250
8746		-5.768750
8747		-6.031250
8748		-5.706250
8749		-5.793750
8750		-5.706250
8751		-5.618750
8752		-5.618750
8753		-5.825000
8754		-5.856250
8755		-5.325000
8756		-5.468750
8757		-5.412500
8758		-5.293750
8759		-5.262500
8760		-5.381250
8761		-5.112500
8762		-4.787500
8763		-5.231250
8764		-5.087500
8765		-4.787500
8766		-4.875000
8767		-5.087500
8768		-5.087500
8769		-5.087500
8770		-4.937500
8771		-5.087500
8772		-5.262500
8773		-5.206250
8774		-5.175000
8775		-5.087500
8776		-4.937500
8777		-5.056250
8778		-4.906250
8779		-4.818750
8780		-4.106250
8781		-4.493750
8782		-3.750000
8783		-4.050000
8784		-4.018750
8785		-3.781250
8786		-3.781250
8787		-3.812500
8788		-3.368750
8789		-3.306250
8790		-3.218750
8791		-2.925000
8792		-2.506250
8793		-2.300000
8794		-2.093750
8795		-2.537500
8796		-2.300000
8797		-2.625000
8798		-2.712500
8799		-2.831250
8800		-3.250000
8801		-3.900000
8802		-4.137500
8803		-4.406250
8804		-4.818750
8805		-4.375000
8806		-4.493750
8807		-4.431250
8808		-4.106250
8809		-3.750000
8810		-3.693750
8811		-4.075000
8812		-4.550000
8813		-5.262500
8814		-5.381250
8815		-6.362500
8816		-6.568750
8817		-7.543750
8818		-7.900000
8819		-7.931250
8820		-8.081250
8821		-7.750000
8822		-7.606250
8823		-7.162500
8824		-7.187500
8825		-6.268750
8826		-5.056250
8827		-4.643750
8828		-3.900000
8829		-2.981250
8830		-2.506250
8831		-1.912500
8832		-1.618750
8833		-0.968750
8834		-0.518750
8835		-0.787500
8836		-0.518750
8837		-0.462500
8838		-0.637500
8839		-0.225000
8840		-0.668750
8841		-0.875000
8842		-1.081250
8843		-0.968750
8844		-1.231250
8845		-1.175000
8846		-0.818750
8847		-1.143750
8848		-1.293750
8849		-1.175000
8850		-1.500000
8851		-1.706250
8852		-2.062500
8853		-2.506250
8854		-2.568750
8855		-3.512500
8856		-4.075000
8857		-4.612500
8858		-5.143750
8859		-5.531250
8860		-5.681250
8861		-6.125000
8862		-6.300000
8863		-6.450000
8864		-6.600000
8865		-6.981250
8866		-6.893750
8867		-6.481250
8868		-6.506250
8869		-6.387500
8870		-6.150000
8871		-5.856250
8872		-5.381250
8873		-5.112500
8874		-4.312500
8875		-4.343750
8876		-3.843750
8877		-3.631250
8878		-3.337500
8879		-2.862500
8880		-2.831250
8881		-2.593750
8882		-2.356250
8883		-2.181250
8884		-1.768750
8885		-1.737500
8886		-1.175000
8887		-0.550000
8888		-0.493750
8889		-0.400000
8890		0.306250
8891		0.725000
8892		0.962500
8893		1.556250
8894		1.850000
8895		1.581250
8896		2.025000
8897		1.700000
8898		1.406250
8899		1.850000
8900		1.643750
8901		1.556250
8902		1.287500
8903		1.287500
8904		1.343750
8905		0.987500
8906		0.900000
8907		0.812500
8908		0.606250
8909		0.068750
8910		-0.225000
8911		-0.581250
8912		-1.350000
8913		-1.200000
8914		-2.062500
8915		-2.000000
8916		-2.300000
8917		-3.250000
8918		-3.456250
8919		-3.662500
8920		-4.075000
8921		-3.987500
8922		-4.525000
8923		-4.850000
8924		-5.087500
8925		-5.112500
8926		-5.112500
8927		-5.112500
8928		-4.993750
8929		-5.112500
8930		-4.668750
8931		-4.731250
8932		-4.225000
8933		-3.631250
8934		-3.456250
8935		-2.806250
8936		-3.100000
8937		-2.806250
8938		-2.568750
8939		-2.237500
8940		-1.768750
8941		-1.468750
8942		-1.143750
8943		-0.493750
8944		-0.431250
8945		-0.162500
8946		-0.050000
8947		0.487500
8948		0.518750
8949		1.050000
8950		1.318750
8951		0.987500
8952		0.931250
8953		0.987500
8954		1.050000
8955		1.137500
8956		1.256250
8957		1.106250
8958		0.662500
8959		1.137500
8960		1.375000
8961		1.168750
8962		1.581250
8963		1.018750
8964		0.987500
8965		1.106250
8966		1.406250
8967		1.050000
8968		1.556250
8969		1.287500
8970		1.200000
8971		1.700000
8972		1.256250
8973		1.731250
8974		1.581250
8975		1.731250
8976		1.581250
8977		1.762500
8978		1.643750
8979		1.225000
8980		1.343750
8981		0.781250
8982		1.106250
8983		0.931250
8984		0.868750
8985		0.368750
8986		0.662500
8987		0.756250
8988		0.306250
8989		0.756250
8990		0.456250
8991		0.162500
8992		0.218750
8993		0.368750
8994		0.456250
8995		0.606250
8996		0.518750
8997		0.218750
8998		0.250000
8999		0.400000
9000		0.606250
9001		0.518750
9002		1.050000
9003		0.456250
9004		0.756250
9005		0.843750
9006		0.962500
9007		0.756250
9008		1.375000
9009		1.437500
9010		0.843750
9011		1.137500
9012		1.256250
9013		1.287500
9014		1.318750
9015		1.437500
9016		1.287500
9017		1.287500
9018		1.225000
9019		1.287500
9020		1.437500
9021		1.050000
9022		1.050000
9023		0.012500
9024		0.543750
9025		0.662500
9026		0.693750
9027		0.162500
9028		0.187500
9029		0.250000
9030		0.162500
9031		0.337500
9032		0.306250
9033		0.100000
9034		-0.137500
9035		0.456250
9036		0.131250
9037		-0.281250
9038		-0.018750
9039		-0.137500
9040		-0.106250
9041		-0.075000
9042		0.187500
9043		0.637500
9044		0.337500
9045		0.187500
9046		0.100000
9047		0.518750
9048		0.368750
9049		1.437500
9050		1.525000
9051		1.906250
9052		1.881250
9053		2.237500
9054		2.237500
9055		2.381250
9056		2.475000
9057		2.175000
9058		2.768750
9059		2.118750
9060		2.056250
9061		2.025000
9062		2.531250
9063		2.650000
9064		1.968750
9065		2.237500
9066		1.937500
9067		2.087500
9068		2.000000
9069		2.025000
9070		2.206250
9071		2.293750
9072		2.443750
9073		1.881250
9074		1.731250
9075		1.818750
9076		1.581250
9077		1.287500
9078		0.725000
9079		0.693750
9080		0.400000
9081		0.543750
9082		0.218750
9083		-0.050000
9084		-0.075000
9085		0.100000
9086		0.012500
9087		-0.106250
9088		-0.137500
9089		-0.581250
9090		-0.075000
9091		0.162500
9092		-0.050000
9093		0.100000
9094		0.068750
9095		0.043750
9096		0.400000
9097		0.693750
9098		0.725000
9099		0.843750
9100		0.756250
9101		0.543750
9102		0.843750
9103		1.200000
9104		0.962500
9105		1.137500
9106		1.081250
9107		1.225000
9108		1.200000
9109		1.675000
9110		1.493750
9111		1.968750
9112		1.643750
9113		2.056250
9114		2.000000
9115		2.000000
9116		1.556250
9117		1.793750
9118		2.237500
9119		1.937500
9120		1.731250
9121		1.643750
9122		1.881250
9123		1.968750
9124		2.325000
9125		2.325000
9126		2.293750
9127		2.293750
9128		2.443750
9129		2.325000
9130		2.618750
9131		2.618750
9132		2.618750
9133		2.325000
9134		2.412500
9135		2.356250
9136		2.593750
9137		2.800000
9138		2.562500
9139		2.681250
9140		2.593750
9141		2.593750
9142		2.531250
9143		2.143750
9144		2.356250
9145		2.412500
9146		1.850000
9147		1.406250
9148		2.175000
9149		1.793750
9150		2.237500
9151		2.087500
9152		1.731250
9153		2.000000
9154		2.056250
9155		2.237500
9156		2.293750
9157		2.087500
9158		2.381250
9159		2.025000
9160		2.412500
9161		2.412500
9162		2.381250
9163		2.681250
9164		2.562500
9165		2.737500
9166		2.475000
9167		2.531250
9168		2.712500
9169		2.825000
9170		2.681250
9171		2.768750
9172		3.037500
9173		2.975000
9174		3.093750
9175		3.275000
9176		3.156250
9177		3.362500
9178		3.481250
9179		3.331250
9180		3.212500
9181		3.512500
9182		3.275000
9183		3.418750
9184		2.856250
9185		3.062500
9186		2.825000
9187		3.181250
9188		3.181250
9189		3.181250
9190		3.037500
9191		3.006250
9192		3.331250
9193		3.568750
9194		3.418750
9195		3.362500
9196		3.481250
9197		3.862500
9198		3.775000
9199		3.743750
9200		4.575000
9201		4.550000
9202		4.312500
9203		4.162500
9204		4.250000
9205		3.893750
9206		3.687500
9207		3.806250
9208		3.362500
9209		3.512500
9210		3.243750
9211		2.975000
9212		3.275000
9213		3.275000
9214		3.450000
9215		3.568750
9216		3.862500
9217		3.275000
9218		3.362500
9219		3.393750
9220		3.181250
9221		3.156250
9222		3.418750
9223		3.418750
9224		3.243750
9225		3.925000
9226		4.162500
9227		4.456250
9228		5.437500
9229		6.268750
9230		7.006250
9231		7.656250
9232		8.518750
9233		9.050000
9234		9.350000
9235		9.706250
9236		9.706250
9237		9.706250
9238		9.643750
9239		9.318750
9240		9.200000
9241		9.050000
9242		8.962500
9243		8.106250
9244		8.131250
9245		7.656250
9246		7.481250
9247		7.187500
9248		6.831250
9249		6.237500
9250		5.587500
9251		4.756250
9252		4.281250
9253		3.243750
9254		2.412500
9255		1.731250
9256		0.662500
9257		0.012500
9258		-0.637500
9259		-0.756250
9260		-1.293750
9261		-1.143750
9262		-0.550000
9263		-0.493750
9264		-0.075000
9265		0.756250
9266		1.793750
9267		2.825000
9268		3.568750
9269		4.962500
9270		5.850000
9271		6.618750
9272		7.775000
9273		8.637500
9274		10.268750
9275		10.118750
9276		10.918750
9277		11.806250
9278		12.843750
9279		13.200000
9280		13.525000
9281		13.943750
9282		14.118750
9283		14.475000
9284		14.506250
9285		14.206250
9286		14.181250
9287		13.675000
9288		13.025000
9289		12.312500
9290		12.043750
9291		11.481250
9292		10.743750
9293		10.087500
9294		9.850000
9295		9.112500
9296		8.518750
9297		8.225000
9298		7.631250
9299		7.512500
9300		6.887500
9301		6.831250
9302		6.506250
9303		6.087500
9304		6.175000
9305		5.881250
9306		5.881250
9307		5.937500
9308		5.912500
9309		5.137500
9310		4.812500
9311		4.693750
9312		4.075000
9313		3.568750
9314		2.800000
9315		2.206250
9316		1.375000
9317		0.931250
9318		0.400000
9319		0.456250
9320		0.162500
9321		-0.256250
9322		-0.637500
9323		-0.787500
9324		-0.906250
9325		-0.906250
9326		-0.637500
9327		-0.375000
9328		0.012500
9329		0.250000
9330		1.050000
9331		1.437500
9332		2.325000
9333		3.418750
9334		4.756250
9335		5.850000
9336		7.006250
9337		8.343750
9338		9.493750
9339		10.506250
9340		11.687500
9341		12.906250
9342		13.943750
9343		14.981250
9344		15.781250
9345		16.225000
9346		16.668751
9347		16.731251
9348		17.293751
9349		17.412500
9350		17.650000
9351		17.200001
9352		16.637501
9353		16.225000
9354		15.512500
9355		15.068750
9356		14.237500
9357		13.287500
9358		12.250000
9359		10.800000
9360		10.087500
9361		9.050000
9362		7.987500
9363		6.831250
9364		6.056250
9365		5.287500
9366		4.756250
9367		4.518750
9368		4.218750
9369		3.837500
9370		3.656250
9371		4.193750
9372		4.100000
9373		4.075000
9374		4.456250
9375		4.725000
9376		5.200000
9377		5.200000
9378		5.231250
9379		5.525000
9380		5.937500
9381		5.937500
9382		6.000000
9383		5.912500
9384		5.493750
9385		5.081250
9386		5.231250
9387		4.756250
9388		4.431250
9389		4.312500
9390		3.981250
9391		3.862500
9392		3.300000
9393		3.275000
9394		3.537500
9395		2.943750
9396		3.093750
9397		3.512500
9398		3.125000
9399		3.631250
9400		3.806250
9401		3.718750
9402		4.162500
9403		4.312500
9404		4.606250
9405		5.050000
9406		5.406250
9407		5.643750
9408		6.000000
9409		6.325000
9410		7.037500
9411		7.125000
9412		7.568750
9413		7.512500
9414		7.837500
9415		7.775000
9416		7.925000
9417		7.956250
9418		7.775000
9419		7.537500
9420		7.481250
9421		6.887500
9422		6.768750
9423		6.506250
9424		5.850000
9425		5.793750
9426		5.406250
9427		5.081250
9428		5.168750
9429		4.487500
9430		4.518750
9431		4.550000
9432		4.250000
9433		4.312500
9434		4.400000
9435		4.575000
9436		4.900000
9437		4.456250
9438		4.693750
9439		5.231250
9440		5.525000
9441		5.700000
9442		5.850000
9443		5.818750
9444		6.412500
9445		6.531250
9446		6.681250
9447		6.831250
9448		6.737500
9449		6.737500
9450		6.856250
9451		6.737500
9452		6.475000
9453		6.506250
9454		6.175000
9455		6.325000
9456		6.087500
9457		5.700000
9458		5.375000
9459		5.350000
9460		5.406250
9461		4.812500
9462		4.312500
9463		4.250000
9464		4.100000
9465		3.806250
9466		3.393750
9467		3.362500
9468		3.006250
9469		3.537500
9470		3.300000
9471		3.062500
9472		3.275000
9473		3.512500
9474		3.837500
9475		3.656250
9476		3.893750
9477		3.925000
9478		4.218750
9479		4.756250
9480		4.662500
9481		4.993750
9482		4.900000
9483		5.375000
9484		5.168750
9485		5.050000
9486		5.256250
9487		5.137500
9488		5.112500
9489		5.137500
9490		4.662500
9491		4.756250
9492		4.312500
9493		4.487500
9494		4.193750
9495		3.687500
9496		4.012500
9497		3.568750
9498		3.393750
9499		2.975000
9500		3.037500
9501		3.125000
9502		2.681250
9503		3.062500
9504		2.768750
9505		2.681250
9506		2.206250
9507		2.412500
9508		2.206250
9509		2.475000
9510		2.737500
9511		2.768750
9512		3.300000
9513		3.481250
9514		3.512500
9515		3.393750
9516		3.806250
9517		4.100000
9518		4.075000
9519		4.337500
9520		4.193750
9521		4.250000
9522		4.456250
9523		3.862500
9524		3.956250
9525		3.512500
9526		2.918750
9527		2.918750
9528		2.531250
9529		2.443750
9530		2.681250
9531		2.381250
9532		2.118750
9533		2.143750
9534		1.700000
9535		1.612500
9536		1.881250
9537		2.025000
9538		1.906250
9539		1.850000
9540		2.056250
9541		1.700000
9542		1.906250
9543		2.293750
9544		2.262500
9545		2.531250
9546		3.006250
9547		2.293750
9548		2.943750
9549		2.681250
9550		2.887500
9551		2.825000
9552		3.125000
9553		2.825000
9554		3.062500
9555		2.918750
9556		2.768750
9557		3.093750
9558		2.918750
9559		2.325000
9560		2.943750
9561		2.618750
9562		2.381250
9563		2.562500
9564		2.443750
9565		2.262500
9566		2.618750
9567		2.381250
9568		2.381250
9569		2.381250
9570		1.937500
9571		2.443750
9572		2.087500
9573		2.293750
9574		2.443750
9575		2.118750
9576		2.443750
9577		2.681250
9578		2.918750
9579		2.768750
9580		3.125000
9581		3.450000
9582		3.181250
9583		3.037500
9584		2.975000
9585		2.681250
9586		2.681250
9587		2.381250
9588		1.937500
9589		1.731250
9590		1.437500
9591		1.200000
9592		1.050000
9593		0.962500
9594		0.693750
9595		0.456250
9596		0.218750
9597		0.218750
9598		0.543750
9599		0.400000
9600		0.250000
9601		0.012500
9602		0.337500
9603		0.162500
9604		0.306250
9605		-0.018750
9606		0.100000
9607		-0.343750
9608		-0.137500
9609		-0.281250
9610		-0.493750
9611		-0.400000
9612		-0.343750
9613		0.306250
9614		0.100000
9615		0.100000
9616		-0.281250
9617		0.068750
9618		0.693750
9619		0.931250
9620		1.375000
9621		1.493750
9622		1.318750
9623		1.556250
9624		2.206250
9625		2.143750
9626		2.237500
9627		2.381250
9628		1.881250
9629		1.937500
9630		2.237500
9631		2.206250
9632		2.262500
9633		2.443750
9634		2.087500
9635		2.087500
9636		2.293750
9637		1.700000
9638		1.881250
9639		2.293750
9640		2.325000
9641		1.906250
9642		1.881250
9643		1.462500
9644		1.556250
9645		1.287500
9646		0.962500
9647		0.843750
9648		0.725000
9649		0.131250
9650		-0.162500
9651		0.187500
9652		-0.462500
9653		-0.431250
9654		-0.581250
9655		-0.937500
9656		-1.412500
9657		-1.200000
9658		-1.025000
9659		-0.968750
9660		-1.293750
9661		-1.556250
9662		-1.412500
9663		-1.412500
9664		-1.175000
9665		-0.875000
9666		-1.200000
9667		-0.818750
9668		-1.175000
9669		-0.668750
9670		-0.875000
9671		-0.400000
9672		-0.668750
9673		-0.431250
9674		-0.193750
9675		-0.225000
9676		-0.400000
9677		0.043750
9678		-0.075000
9679		0.187500
9680		0.068750
9681		-0.281250
9682		-0.281250
9683		-0.050000
9684		-0.106250
9685		-0.106250
9686		-0.193750
9687		-0.050000
9688		0.162500
9689		0.131250
9690		-0.493750
9691		-0.075000
9692		-0.050000
9693		0.012500
9694		0.306250
9695		0.250000
9696		0.187500
9697		0.456250
9698		0.400000
9699		0.843750
9700		1.018750
9701		1.081250
9702		0.725000
9703		0.662500
9704		0.543750
9705		-0.075000
9706		0.400000
9707		0.162500
9708		-0.375000
9709		-0.518750
9710		-0.581250
9711		-0.756250
9712		-1.231250
9713		-1.531250
9714		-1.318750
9715		-1.412500
9716		-2.000000
9717		-2.268750
9718		-2.687500
9719		-2.268750
9720		-2.331250
9721		-2.743750
9722		-2.300000
9723		-2.568750
9724		-2.000000
9725		-2.775000
9726		-2.950000
9727		-2.418750
9728		-2.356250
9729		-2.300000
9730		-2.625000
9731		-2.356250
9732		-2.593750
9733		-2.743750
9734		-2.625000
9735		-2.893750
9736		-3.012500
9737		-2.656250
9738		-3.250000
9739		-2.893750
9740		-3.156250
9741		-2.950000
9742		-3.037500
9743		-2.893750
9744		-3.368750
9745		-2.656250
9746		-2.625000
9747		-3.100000
9748		-2.743750
9749		-2.950000
9750		-3.156250
9751		-3.100000
9752		-3.393750
9753		-3.012500
9754		-3.131250
9755		-2.893750
9756		-2.593750
9757		-2.950000
9758		-2.862500
9759		-2.387500
9760		-2.150000
9761		-2.450000
9762		-2.093750
9763		-1.975000
9764		-1.825000
9765		-1.587500
9766		-1.856250
9767		-1.650000
9768		-1.768750
9769		-1.556250
9770		-2.150000
9771		-1.856250
9772		-2.150000
9773		-1.943750
9774		-1.706250
9775		-2.300000
9776		-2.268750
9777		-2.387500
9778		-2.537500
9779		-3.012500
9780		-2.925000
9781		-3.187500
9782		-3.306250
9783		-3.543750
9784		-3.750000
9785		-3.931250
9786		-4.343750
9787		-3.956250
9788		-4.193750
9789		-4.525000
9790		-4.700000
9791		-4.700000
9792		-4.850000
9793		-4.643750
9794		-4.643750
9795		-4.550000
9796		-4.462500
9797		-4.612500
9798		-4.493750
9799		-4.493750
9800		-4.375000
9801		-4.525000
9802		-4.225000
9803		-3.987500
9804		-4.225000
9805		-3.987500
9806		-4.137500
9807		-3.543750
9808		-3.306250
9809		-3.781250
9810		-3.900000
9811		-4.612500
9812		-3.987500
9813		-3.843750
9814		-3.900000
9815		-3.956250
9816		-4.018750
9817		-3.662500
9818		-3.868750
9819		-3.900000
9820		-3.750000
9821		-3.393750
9822		-3.631250
9823		-3.631250
9824		-3.781250
9825		-4.050000
9826		-4.312500
9827		-4.375000
9828		-4.493750
9829		-4.906250
9830		-4.875000
9831		-5.056250
9832		-5.087500
9833		-4.731250
9834		-4.762500
9835		-4.668750
9836		-4.287500
9837		-4.256250
9838		-4.137500
9839		-3.931250
9840		-3.693750
9841		-3.781250
9842		-3.512500
9843		-3.693750
9844		-3.662500
9845		-3.606250
9846		-3.543750
9847		-3.250000
9848		-3.037500
9849		-3.337500
9850		-2.862500
9851		-3.250000
9852		-3.393750
9853		-3.456250
9854		-3.693750
9855		-3.900000
9856		-4.193750
9857		-4.525000
9858		-5.443750
9859		-5.681250
9860		-6.062500
9861		-5.825000
9862		-5.975000
9863		-6.600000
9864		-6.300000
9865		-6.362500
9866		-6.331250
9867		-6.300000
9868		-6.625000
9869		-7.100000
9870		-6.950000
9871		-7.606250
9872		-7.662500
9873		-8.081250
9874		-8.581250
9875		-8.668750
9876		-9.237500
9877		-8.668750
9878		-8.762500
9879		-8.581250
9880		-8.318750
9881		-8.106250
9882		-7.637500
9883		-6.925000
9884		-6.600000
9885		-5.912500
9886		-5.793750
9887		-5.443750
9888		-5.112500
9889		-4.818750
9890		-4.343750
9891		-3.750000
9892		-4.493750
9893		-4.168750
9894		-4.018750
9895		-3.868750
9896		-3.750000
9897		-3.956250
9898		-4.106250
9899		-4.050000
9900		-4.375000
9901		-3.781250
9902		-3.750000
9903		-3.781250
9904		-3.662500
9905		-3.487500
9906		-3.868750
9907		-3.725000
9908		-4.193750
9909		-4.137500
9910		-4.375000
9911		-4.343750
9912		-5.175000
9913		-4.643750
9914		-5.562500
9915		-5.737500
9916		-6.300000
9917		-6.981250
9918		-6.981250
9919		-7.012500
9920		-7.400000
9921		-7.693750
9922		-7.900000
9923		-7.868750
9924		-8.375000
9925		-8.437500
9926		-8.081250
9927		-8.137500
9928		-8.581250
9929		-8.668750
9930		-8.731250
9931		-9.025000
9932		-9.087500
9933		-9.262500
9934		-9.237500
9935		-9.412500
9936		-9.175000
9937		-9.531250
9938		-9.531250
9939		-9.118750
9940		-9.056250
9941		-8.668750
9942		-8.643750
9943		-8.081250
9944		-8.318750
9945		-7.693750
9946		-6.893750
9947		-6.831250
9948		-6.743750
9949		-5.975000
9950		-6.006250
9951		-5.681250
9952		-5.293750
9953		-5.825000
9954		-5.706250
9955		-5.025000
9956		-5.350000
9957		-5.531250
9958		-5.025000
9959		-4.643750
9960		-4.581250
9961		-4.612500
9962		-4.668750
9963		-4.406250
9964		-4.493750
9965		-4.525000
9966		-4.787500
9967		-4.850000
9968		-5.025000
9969		-4.993750
9970		-5.025000
9971		-5.706250
9972		-5.737500
9973		-5.793750
9974		-6.537500
9975		-6.331250
9976		-7.187500
9977		-7.187500
9978		-7.575000
9979		-8.050000
9980		-8.018750
9981		-8.581250
9982		-8.787500
9983		-9.000000
9984		-8.906250
9985		-9.325000
9986		-9.237500
9987		-9.118750
9988		-9.650000
9989		-9.618750
9990		-9.887500
9991		-9.737500
9992		-9.918750
9993		-10.243750
9994		-10.212500
9995		-10.037500
9996		-10.125000
9997		-10.300000
9998		-9.825000
9999		-9.650000
10000		-10.156250
