Channel              :		CH1
Frequency            :		49.50Hz
Period               :		20.20ms
PK-PK                :		21.16mV
Average              :		-0.398mV
Vertical pos         :		1.000000mV
Probe attenuation    :		1X
Voltage per ADC value:		0.001563mV
Time interval        :		10.00000uS

index		CH1_Voltage(mV)
1		4.781250
2		4.900000
3		4.900000
4		4.843750
5		4.756250
6		4.693750
7		4.281250
8		4.518750
9		4.218750
10		4.100000
11		4.012500
12		4.368750
13		4.431250
14		4.368750
15		4.606250
16		4.218750
17		4.312500
18		4.012500
19		4.100000
20		4.075000
21		3.718750
22		2.918750
23		2.887500
24		3.362500
25		2.975000
26		2.887500
27		2.562500
28		2.768750
29		2.475000
30		2.737500
31		2.856250
32		2.593750
33		2.500000
34		2.262500
35		2.381250
36		2.531250
37		2.712500
38		2.356250
39		2.025000
40		2.237500
41		2.325000
42		2.237500
43		2.056250
44		1.881250
45		2.143750
46		2.237500
47		2.412500
48		2.737500
49		2.856250
50		2.768750
51		2.800000
52		2.531250
53		2.650000
54		2.712500
55		2.593750
56		2.737500
57		2.381250
58		2.206250
59		2.531250
60		2.650000
61		2.293750
62		2.443750
63		2.856250
64		2.143750
65		2.475000
66		2.681250
67		2.825000
68		3.568750
69		3.600000
70		4.075000
71		4.075000
72		4.400000
73		3.925000
74		4.456250
75		4.456250
76		4.131250
77		4.368750
78		4.456250
79		4.131250
80		4.431250
81		4.075000
82		4.075000
83		4.012500
84		4.193750
85		3.775000
86		3.806250
87		3.481250
88		3.037500
89		2.737500
90		2.412500
91		2.087500
92		1.700000
93		1.675000
94		1.318750
95		1.612500
96		1.850000
97		2.175000
98		2.325000
99		2.412500
100		2.593750
101		3.062500
102		2.918750
103		2.618750
104		2.681250
105		2.562500
106		2.443750
107		2.681250
108		2.681250
109		2.768750
110		2.825000
111		2.562500
112		2.768750
113		2.768750
114		2.825000
115		3.275000
116		3.037500
117		3.275000
118		3.631250
119		3.481250
120		3.393750
121		3.718750
122		3.568750
123		3.775000
124		3.362500
125		3.362500
126		3.362500
127		3.893750
128		3.775000
129		4.012500
130		3.925000
131		4.100000
132		4.518750
133		4.312500
134		4.012500
135		4.606250
136		4.075000
137		4.100000
138		3.656250
139		3.331250
140		3.275000
141		2.943750
142		3.125000
143		2.500000
144		2.381250
145		2.087500
146		2.237500
147		1.968750
148		2.325000
149		2.237500
150		1.937500
151		2.237500
152		2.025000
153		1.881250
154		1.906250
155		2.293750
156		2.262500
157		2.325000
158		2.443750
159		2.737500
160		2.768750
161		3.418750
162		3.331250
163		3.718750
164		4.218750
165		4.162500
166		4.193750
167		3.718750
168		3.512500
169		3.806250
170		3.393750
171		3.275000
172		3.243750
173		3.393750
174		3.568750
175		3.512500
176		3.275000
177		3.656250
178		3.718750
179		3.450000
180		3.775000
181		3.537500
182		3.481250
183		2.918750
184		3.418750
185		3.275000
186		2.943750
187		2.325000
188		2.237500
189		2.175000
190		2.087500
191		2.237500
192		2.025000
193		2.293750
194		2.175000
195		2.000000
196		2.618750
197		2.381250
198		2.237500
199		1.818750
200		2.143750
201		1.437500
202		1.200000
203		1.168750
204		1.106250
205		1.050000
206		0.662500
207		0.725000
208		0.987500
209		1.437500
210		1.343750
211		1.493750
212		1.793750
213		2.356250
214		2.443750
215		2.356250
216		2.681250
217		2.918750
218		2.681250
219		2.618750
220		2.262500
221		2.325000
222		1.643750
223		1.343750
224		1.556250
225		1.675000
226		1.437500
227		0.868750
228		0.987500
229		0.987500
230		1.168750
231		1.137500
232		1.437500
233		1.700000
234		1.675000
235		1.793750
236		1.643750
237		1.462500
238		1.643750
239		1.556250
240		1.462500
241		1.700000
242		1.287500
243		1.050000
244		0.987500
245		0.693750
246		0.543750
247		0.518750
248		0.162500
249		0.250000
250		0.100000
251		0.131250
252		0.012500
253		-0.137500
254		-0.075000
255		-0.137500
256		-0.581250
257		-0.162500
258		-0.431250
259		-0.818750
260		-0.906250
261		-1.412500
262		-1.025000
263		-1.231250
264		-1.468750
265		-1.468750
266		-1.737500
267		-1.912500
268		-1.856250
269		-1.912500
270		-1.768750
271		-1.556250
272		-1.706250
273		-1.618750
274		-1.618750
275		-1.675000
276		-1.706250
277		-1.675000
278		-1.618750
279		-1.856250
280		-1.412500
281		-1.737500
282		-1.231250
283		-1.556250
284		-1.468750
285		-1.412500
286		-1.468750
287		-1.200000
288		-1.381250
289		-1.531250
290		-1.468750
291		-1.531250
292		-1.943750
293		-2.212500
294		-1.856250
295		-2.418750
296		-2.506250
297		-2.506250
298		-2.568750
299		-2.506250
300		-2.925000
301		-3.156250
302		-2.950000
303		-2.893750
304		-2.625000
305		-2.862500
306		-2.775000
307		-3.012500
308		-3.425000
309		-3.631250
310		-3.368750
311		-3.781250
312		-3.750000
313		-3.987500
314		-3.931250
315		-4.075000
316		-3.843750
317		-3.606250
318		-3.306250
319		-3.100000
320		-3.037500
321		-2.862500
322		-2.925000
323		-2.925000
324		-3.218750
325		-3.306250
326		-3.750000
327		-3.900000
328		-3.956250
329		-4.075000
330		-4.137500
331		-4.375000
332		-4.018750
333		-4.137500
334		-4.493750
335		-4.525000
336		-4.581250
337		-4.137500
338		-4.075000
339		-4.137500
340		-4.075000
341		-4.225000
342		-4.287500
343		-3.987500
344		-4.050000
345		-4.225000
346		-4.106250
347		-4.312500
348		-4.375000
349		-4.375000
350		-4.668750
351		-4.550000
352		-5.056250
353		-4.525000
354		-4.731250
355		-4.287500
356		-4.431250
357		-4.581250
358		-4.050000
359		-4.287500
360		-3.931250
361		-4.193750
362		-4.287500
363		-4.193750
364		-4.287500
365		-4.968750
366		-4.668750
367		-4.700000
368		-4.906250
369		-5.262500
370		-5.350000
371		-5.350000
372		-5.112500
373		-5.562500
374		-5.618750
375		-5.562500
376		-5.468750
377		-5.531250
378		-5.231250
379		-4.668750
380		-5.618750
381		-5.231250
382		-5.262500
383		-5.587500
384		-5.912500
385		-5.943750
386		-6.062500
387		-6.031250
388		-6.062500
389		-6.625000
390		-6.600000
391		-6.950000
392		-6.925000
393		-6.775000
394		-6.243750
395		-6.212500
396		-6.093750
397		-5.350000
398		-5.293750
399		-4.668750
400		-4.431250
401		-4.550000
402		-3.987500
403		-4.643750
404		-4.993750
405		-5.587500
406		-6.062500
407		-6.362500
408		-6.362500
409		-7.187500
410		-7.575000
411		-7.637500
412		-7.662500
413		-7.543750
414		-7.812500
415		-7.187500
416		-7.575000
417		-7.250000
418		-7.306250
419		-7.337500
420		-7.518750
421		-7.662500
422		-7.250000
423		-7.518750
424		-7.725000
425		-7.637500
426		-6.893750
427		-6.568750
428		-5.943750
429		-5.650000
430		-5.262500
431		-4.612500
432		-4.493750
433		-4.343750
434		-3.812500
435		-3.750000
436		-3.781250
437		-3.306250
438		-3.931250
439		-3.900000
440		-3.631250
441		-3.631250
442		-4.256250
443		-4.406250
444		-4.493750
445		-4.937500
446		-5.143750
447		-5.087500
448		-4.968750
449		-4.875000
450		-4.668750
451		-4.731250
452		-4.287500
453		-4.818750
454		-4.375000
455		-4.581250
456		-5.087500
457		-5.262500
458		-5.381250
459		-5.618750
460		-5.825000
461		-6.125000
462		-6.450000
463		-6.950000
464		-7.012500
465		-7.812500
466		-7.637500
467		-7.900000
468		-8.081250
469		-8.437500
470		-8.668750
471		-9.443750
472		-9.293750
473		-9.800000
474		-10.125000
475		-10.300000
476		-10.331250
477		-10.212500
478		-10.181250
479		-9.706250
480		-9.118750
481		-8.731250
482		-8.200000
483		-7.487500
484		-7.162500
485		-6.893750
486		-5.856250
487		-5.618750
488		-5.231250
489		-4.787500
490		-4.906250
491		-4.787500
492		-4.406250
493		-4.550000
494		-4.431250
495		-4.462500
496		-4.525000
497		-4.137500
498		-4.075000
499		-4.106250
500		-4.256250
501		-4.287500
502		-4.462500
503		-4.700000
504		-4.875000
505		-5.143750
506		-5.681250
507		-6.125000
508		-5.825000
509		-6.150000
510		-6.362500
511		-6.181250
512		-5.912500
513		-5.975000
514		-5.587500
515		-5.175000
516		-4.906250
517		-4.643750
518		-4.493750
519		-4.431250
520		-4.075000
521		-3.868750
522		-3.812500
523		-3.487500
524		-3.456250
525		-3.131250
526		-3.900000
527		-3.100000
528		-3.931250
529		-3.900000
530		-4.287500
531		-4.850000
532		-4.968750
533		-5.706250
534		-6.031250
535		-6.600000
536		-7.306250
537		-7.337500
538		-7.693750
539		-8.881250
540		-9.118750
541		-9.356250
542		-10.331250
543		-10.600000
544		-10.806250
545		-11.337500
546		-11.781250
547		-11.993750
548		-12.231250
549		-12.818750
550		-11.993750
551		-12.200000
552		-12.437500
553		-11.193750
554		-10.925000
555		-10.125000
556		-9.475000
557		-8.225000
558		-7.487500
559		-6.600000
560		-5.531250
561		-4.431250
562		-3.750000
563		-3.156250
564		-2.537500
565		-2.031250
566		-1.468750
567		-1.381250
568		-1.412500
569		-1.793750
570		-1.468750
571		-1.500000
572		-1.618750
573		-2.000000
574		-2.181250
575		-1.856250
576		-2.537500
577		-2.418750
578		-2.506250
579		-2.568750
580		-3.037500
581		-3.456250
582		-3.337500
583		-3.337500
584		-3.250000
585		-3.100000
586		-3.812500
587		-3.931250
588		-3.543750
589		-3.693750
590		-3.606250
591		-3.750000
592		-3.662500
593		-3.306250
594		-3.750000
595		-3.631250
596		-3.843750
597		-3.987500
598		-4.075000
599		-4.106250
600		-4.581250
601		-4.968750
602		-4.875000
603		-5.143750
604		-5.825000
605		-5.681250
606		-5.768750
607		-6.718750
608		-6.806250
609		-6.893750
610		-7.043750
611		-6.687500
612		-7.131250
613		-7.400000
614		-7.306250
615		-7.843750
616		-7.606250
617		-7.306250
618		-7.456250
619		-7.543750
620		-7.368750
621		-7.425000
622		-7.400000
623		-7.306250
624		-7.487500
625		-7.487500
626		-7.162500
627		-7.456250
628		-7.662500
629		-7.337500
630		-7.400000
631		-7.162500
632		-6.687500
633		-7.068750
634		-6.687500
635		-6.387500
636		-6.125000
637		-5.856250
638		-5.381250
639		-5.531250
640		-5.112500
641		-4.906250
642		-4.493750
643		-4.312500
644		-3.931250
645		-3.750000
646		-3.250000
647		-3.131250
648		-2.743750
649		-2.450000
650		-2.000000
651		-1.825000
652		-1.531250
653		-1.912500
654		-1.856250
655		-2.062500
656		-2.237500
657		-2.093750
658		-2.212500
659		-2.568750
660		-3.012500
661		-3.781250
662		-3.662500
663		-3.931250
664		-4.343750
665		-4.643750
666		-4.818750
667		-5.175000
668		-5.025000
669		-5.381250
670		-5.381250
671		-5.681250
672		-5.706250
673		-5.943750
674		-5.793750
675		-5.381250
676		-6.006250
677		-6.243750
678		-6.506250
679		-6.775000
680		-6.743750
681		-6.718750
682		-7.306250
683		-7.281250
684		-7.012500
685		-7.487500
686		-6.893750
687		-7.043750
688		-6.806250
689		-7.281250
690		-6.506250
691		-6.450000
692		-6.775000
693		-7.043750
694		-6.600000
695		-6.600000
696		-6.418750
697		-6.418750
698		-6.568750
699		-6.862500
700		-6.481250
701		-6.506250
702		-6.300000
703		-6.031250
704		-6.006250
705		-5.618750
706		-4.787500
707		-4.762500
708		-4.431250
709		-4.312500
710		-4.287500
711		-3.750000
712		-3.368750
713		-3.368750
714		-3.575000
715		-3.750000
716		-3.931250
717		-3.543750
718		-3.306250
719		-3.306250
720		-3.456250
721		-3.131250
722		-3.250000
723		-3.218750
724		-2.593750
725		-2.862500
726		-2.356250
727		-2.831250
728		-2.925000
729		-2.593750
730		-3.131250
731		-2.893750
732		-3.156250
733		-3.337500
734		-3.187500
735		-3.337500
736		-2.806250
737		-2.712500
738		-2.093750
739		-2.300000
740		-1.887500
741		-2.000000
742		-1.943750
743		-1.768750
744		-1.912500
745		-1.618750
746		-1.737500
747		-1.737500
748		-2.062500
749		-1.825000
750		-1.737500
751		-1.618750
752		-1.531250
753		-1.706250
754		-1.825000
755		-1.262500
756		-1.618750
757		-1.381250
758		-1.500000
759		-1.706250
760		-1.737500
761		-2.268750
762		-2.656250
763		-2.712500
764		-2.806250
765		-3.100000
766		-3.012500
767		-2.925000
768		-2.893750
769		-2.568750
770		-1.825000
771		-2.212500
772		-1.500000
773		-1.531250
774		-1.056250
775		-1.381250
776		-1.706250
777		-1.675000
778		-2.000000
779		-2.181250
780		-2.212500
781		-2.387500
782		-2.181250
783		-2.418750
784		-2.150000
785		-1.318750
786		-1.500000
787		-1.025000
788		-0.018750
789		0.068750
790		0.487500
791		0.900000
792		0.987500
793		1.081250
794		1.256250
795		1.287500
796		1.406250
797		1.200000
798		1.081250
799		1.462500
800		1.406250
801		1.287500
802		1.225000
803		1.318750
804		1.343750
805		1.556250
806		1.731250
807		1.731250
808		1.675000
809		1.287500
810		1.256250
811		0.812500
812		0.987500
813		0.662500
814		0.962500
815		0.456250
816		-0.075000
817		-0.281250
818		-0.462500
819		-0.375000
820		-0.731250
821		-0.612500
822		-0.312500
823		-0.462500
824		-0.431250
825		-0.193750
826		-0.518750
827		-0.518750
828		-0.193750
829		-0.106250
830		0.068750
831		-0.075000
832		0.100000
833		-0.225000
834		0.012500
835		0.100000
836		-0.550000
837		-0.518750
838		-0.225000
839		-0.462500
840		-0.343750
841		-0.018750
842		-0.343750
843		0.250000
844		0.518750
845		0.843750
846		1.225000
847		1.643750
848		1.525000
849		1.881250
850		1.968750
851		2.381250
852		2.768750
853		2.531250
854		2.887500
855		3.512500
856		4.218750
857		4.312500
858		4.250000
859		5.050000
860		6.000000
861		6.387500
862		6.150000
863		6.206250
864		6.387500
865		6.000000
866		6.087500
867		6.056250
868		5.675000
869		5.700000
870		5.168750
871		4.843750
872		4.550000
873		4.456250
874		4.456250
875		4.193750
876		3.537500
877		3.837500
878		3.331250
879		2.618750
880		2.681250
881		2.681250
882		1.793750
883		2.000000
884		1.850000
885		1.881250
886		1.850000
887		2.206250
888		1.937500
889		2.206250
890		1.881250
891		2.325000
892		2.293750
893		2.618750
894		2.593750
895		2.593750
896		2.562500
897		2.500000
898		1.937500
899		2.412500
900		2.025000
901		2.025000
902		2.000000
903		2.056250
904		2.000000
905		2.143750
906		2.000000
907		2.443750
908		2.737500
909		3.331250
910		2.825000
911		3.362500
912		3.600000
913		4.162500
914		4.162500
915		4.756250
916		5.168750
917		4.993750
918		4.900000
919		5.137500
920		5.200000
921		5.493750
922		5.643750
923		5.350000
924		5.350000
925		5.137500
926		5.050000
927		5.587500
928		5.287500
929		5.793750
930		5.793750
931		5.231250
932		5.587500
933		5.850000
934		5.468750
935		4.900000
936		5.350000
937		4.843750
938		4.662500
939		4.662500
940		4.725000
941		4.662500
942		4.756250
943		4.781250
944		4.781250
945		4.962500
946		4.662500
947		5.137500
948		5.050000
949		5.137500
950		4.756250
951		4.812500
952		4.250000
953		4.012500
954		4.043750
955		3.418750
956		3.568750
957		3.125000
958		3.393750
959		3.362500
960		3.512500
961		3.275000
962		3.212500
963		3.631250
964		3.956250
965		3.718750
966		3.656250
967		3.806250
968		3.775000
969		3.862500
970		3.656250
971		3.743750
972		3.862500
973		4.250000
974		4.368750
975		5.112500
976		5.168750
977		5.112500
978		5.525000
979		5.493750
980		4.962500
981		5.137500
982		5.081250
983		4.756250
984		5.081250
985		4.662500
986		4.518750
987		4.606250
988		5.168750
989		4.575000
990		4.843750
991		4.900000
992		4.337500
993		4.962500
994		4.456250
995		4.518750
996		4.431250
997		4.487500
998		4.012500
999		3.537500
1000		3.656250
1001		3.212500
1002		3.125000
1003		2.943750
1004		2.768750
1005		3.093750
1006		3.481250
1007		3.481250
1008		3.568750
1009		3.956250
1010		3.806250
1011		3.956250
1012		4.400000
1013		4.487500
1014		4.781250
1015		4.693750
1016		4.993750
1017		4.518750
1018		4.218750
1019		4.281250
1020		4.218750
1021		4.012500
1022		4.456250
1023		3.806250
1024		4.012500
1025		4.431250
1026		4.487500
1027		4.400000
1028		5.137500
1029		4.312500
1030		4.550000
1031		4.312500
1032		4.250000
1033		4.043750
1034		3.512500
1035		3.006250
1036		3.331250
1037		3.062500
1038		2.475000
1039		2.531250
1040		2.206250
1041		2.975000
1042		2.800000
1043		3.006250
1044		2.918750
1045		2.443750
1046		2.650000
1047		2.475000
1048		2.681250
1049		2.650000
1050		2.237500
1051		2.175000
1052		2.237500
1053		2.381250
1054		2.087500
1055		2.143750
1056		2.025000
1057		2.325000
1058		2.500000
1059		2.531250
1060		2.562500
1061		2.650000
1062		2.800000
1063		2.593750
1064		2.768750
1065		2.737500
1066		2.681250
1067		2.856250
1068		2.768750
1069		2.800000
1070		2.618750
1071		2.443750
1072		2.737500
1073		2.975000
1074		3.125000
1075		2.593750
1076		2.768750
1077		3.212500
1078		3.631250
1079		3.362500
1080		3.806250
1081		3.862500
1082		4.193750
1083		4.012500
1084		4.400000
1085		4.368750
1086		4.162500
1087		4.487500
1088		4.218750
1089		4.550000
1090		4.550000
1091		4.281250
1092		4.662500
1093		4.075000
1094		4.843750
1095		4.162500
1096		4.131250
1097		3.925000
1098		4.250000
1099		3.656250
1100		3.631250
1101		2.943750
1102		2.737500
1103		2.206250
1104		2.206250
1105		1.937500
1106		2.025000
1107		2.143750
1108		2.175000
1109		2.356250
1110		2.531250
1111		2.887500
1112		2.825000
1113		2.768750
1114		3.362500
1115		3.037500
1116		3.006250
1117		3.393750
1118		3.093750
1119		3.037500
1120		3.156250
1121		2.918750
1122		3.243750
1123		3.037500
1124		2.856250
1125		3.062500
1126		3.243750
1127		3.393750
1128		3.450000
1129		3.300000
1130		3.837500
1131		3.775000
1132		3.512500
1133		3.718750
1134		3.806250
1135		4.075000
1136		3.656250
1137		4.312500
1138		3.718750
1139		3.743750
1140		3.775000
1141		3.925000
1142		3.837500
1143		3.956250
1144		4.131250
1145		3.956250
1146		4.100000
1147		4.250000
1148		4.193750
1149		3.631250
1150		3.743750
1151		3.862500
1152		3.275000
1153		3.093750
1154		3.362500
1155		3.062500
1156		2.475000
1157		2.768750
1158		2.443750
1159		2.768750
1160		2.531250
1161		2.650000
1162		2.618750
1163		2.650000
1164		2.800000
1165		2.531250
1166		2.262500
1167		3.062500
1168		2.381250
1169		2.681250
1170		3.006250
1171		3.212500
1172		3.181250
1173		3.362500
1174		4.012500
1175		4.162500
1176		4.756250
1177		4.575000
1178		4.550000
1179		4.756250
1180		5.018750
1181		4.662500
1182		4.218750
1183		4.012500
1184		3.925000
1185		3.956250
1186		3.925000
1187		4.162500
1188		3.687500
1189		4.075000
1190		4.100000
1191		4.606250
1192		4.756250
1193		4.875000
1194		4.518750
1195		4.281250
1196		4.075000
1197		4.218750
1198		3.743750
1199		3.362500
1200		3.481250
1201		3.181250
1202		3.006250
1203		2.475000
1204		2.443750
1205		3.062500
1206		2.975000
1207		2.943750
1208		2.768750
1209		3.181250
1210		2.943750
1211		2.562500
1212		2.825000
1213		2.593750
1214		2.025000
1215		2.293750
1216		2.443750
1217		2.143750
1218		1.850000
1219		1.793750
1220		2.206250
1221		1.731250
1222		2.443750
1223		2.918750
1224		2.943750
1225		3.568750
1226		3.631250
1227		3.600000
1228		3.956250
1229		4.043750
1230		3.925000
1231		3.862500
1232		3.718750
1233		3.512500
1234		3.656250
1235		3.537500
1236		2.975000
1237		3.006250
1238		2.325000
1239		2.800000
1240		2.681250
1241		2.618750
1242		2.381250
1243		2.737500
1244		2.618750
1245		2.825000
1246		3.037500
1247		2.975000
1248		3.125000
1249		2.975000
1250		2.975000
1251		3.275000
1252		3.125000
1253		3.275000
1254		2.681250
1255		2.443750
1256		2.737500
1257		2.356250
1258		2.443750
1259		2.650000
1260		2.325000
1261		2.118750
1262		1.906250
1263		1.731250
1264		1.793750
1265		1.643750
1266		1.437500
1267		1.106250
1268		1.256250
1269		1.200000
1270		0.456250
1271		0.962500
1272		0.400000
1273		0.368750
1274		-0.075000
1275		-0.431250
1276		-0.400000
1277		-0.375000
1278		-0.343750
1279		-0.518750
1280		-0.256250
1281		0.068750
1282		-0.075000
1283		-0.050000
1284		0.162500
1285		-0.050000
1286		0.306250
1287		0.162500
1288		0.162500
1289		-0.462500
1290		-0.137500
1291		-0.106250
1292		-0.075000
1293		0.368750
1294		0.012500
1295		-0.050000
1296		0.400000
1297		0.606250
1298		0.518750
1299		0.400000
1300		-0.075000
1301		-0.343750
1302		0.487500
1303		0.368750
1304		-0.493750
1305		-0.137500
1306		-0.193750
1307		-0.431250
1308		-0.937500
1309		-0.581250
1310		-0.937500
1311		-1.056250
1312		-1.175000
1313		-0.581250
1314		-0.731250
1315		-0.850000
1316		-0.818750
1317		-0.875000
1318		-0.937500
1319		-1.112500
1320		-0.968750
1321		-1.143750
1322		-1.500000
1323		-1.618750
1324		-1.556250
1325		-1.468750
1326		-1.318750
1327		-1.675000
1328		-1.318750
1329		-1.262500
1330		-1.500000
1331		-0.668750
1332		-0.518750
1333		-0.431250
1334		-0.462500
1335		-0.818750
1336		-0.612500
1337		-1.025000
1338		-0.818750
1339		-0.968750
1340		-1.412500
1341		-1.468750
1342		-1.675000
1343		-2.062500
1344		-1.975000
1345		-2.000000
1346		-1.912500
1347		-1.912500
1348		-1.856250
1349		-2.118750
1350		-1.793750
1351		-1.856250
1352		-2.000000
1353		-1.768750
1354		-2.000000
1355		-1.587500
1356		-1.556250
1357		-1.468750
1358		-1.650000
1359		-1.793750
1360		-1.793750
1361		-1.912500
1362		-2.062500
1363		-2.537500
1364		-1.887500
1365		-2.418750
1366		-2.356250
1367		-1.825000
1368		-1.650000
1369		-1.975000
1370		-1.587500
1371		-1.768750
1372		-1.793750
1373		-1.706250
1374		-1.531250
1375		-1.856250
1376		-2.000000
1377		-1.856250
1378		-2.118750
1379		-2.237500
1380		-2.593750
1381		-2.212500
1382		-2.450000
1383		-2.300000
1384		-2.593750
1385		-2.450000
1386		-2.743750
1387		-2.712500
1388		-2.893750
1389		-2.893750
1390		-2.712500
1391		-2.950000
1392		-2.862500
1393		-2.925000
1394		-2.568750
1395		-2.356250
1396		-2.387500
1397		-2.743750
1398		-2.656250
1399		-3.012500
1400		-3.156250
1401		-3.100000
1402		-3.250000
1403		-3.337500
1404		-3.393750
1405		-3.368750
1406		-3.781250
1407		-3.037500
1408		-2.806250
1409		-2.775000
1410		-2.712500
1411		-1.943750
1412		-1.793750
1413		-1.975000
1414		-2.062500
1415		-2.150000
1416		-2.268750
1417		-2.625000
1418		-3.218750
1419		-3.662500
1420		-3.987500
1421		-4.431250
1422		-4.406250
1423		-4.312500
1424		-4.343750
1425		-4.312500
1426		-4.075000
1427		-4.193750
1428		-4.581250
1429		-4.581250
1430		-4.375000
1431		-4.968750
1432		-4.731250
1433		-5.262500
1434		-5.325000
1435		-5.531250
1436		-4.787500
1437		-4.937500
1438		-5.175000
1439		-4.137500
1440		-3.487500
1441		-3.218750
1442		-2.831250
1443		-2.300000
1444		-1.318750
1445		-1.531250
1446		-1.350000
1447		-0.731250
1448		-0.850000
1449		-0.993750
1450		-0.637500
1451		-0.581250
1452		-0.968750
1453		-1.143750
1454		-0.850000
1455		-1.200000
1456		-1.793750
1457		-1.706250
1458		-1.825000
1459		-2.000000
1460		-2.150000
1461		-2.150000
1462		-2.506250
1463		-2.593750
1464		-2.331250
1465		-2.300000
1466		-2.712500
1467		-2.593750
1468		-2.743750
1469		-3.012500
1470		-3.306250
1471		-3.156250
1472		-3.337500
1473		-3.931250
1474		-4.193750
1475		-4.431250
1476		-4.668750
1477		-4.937500
1478		-5.325000
1479		-5.350000
1480		-5.706250
1481		-5.912500
1482		-6.568750
1483		-6.950000
1484		-6.743750
1485		-7.162500
1486		-7.725000
1487		-7.400000
1488		-7.543750
1489		-7.368750
1490		-6.981250
1491		-6.743750
1492		-6.387500
1493		-6.006250
1494		-5.350000
1495		-4.550000
1496		-4.075000
1497		-3.306250
1498		-2.893750
1499		-2.537500
1500		-1.975000
1501		-1.262500
1502		-1.412500
1503		-1.381250
1504		-1.231250
1505		-1.200000
1506		-0.906250
1507		-0.518750
1508		-0.787500
1509		-1.081250
1510		-0.637500
1511		-0.668750
1512		-0.875000
1513		-1.231250
1514		-1.318750
1515		-1.856250
1516		-1.856250
1517		-2.356250
1518		-2.568750
1519		-3.037500
1520		-3.987500
1521		-3.781250
1522		-3.843750
1523		-3.725000
1524		-3.631250
1525		-3.306250
1526		-3.156250
1527		-3.156250
1528		-2.568750
1529		-2.268750
1530		-1.793750
1531		-1.618750
1532		-1.381250
1533		-1.056250
1534		-1.412500
1535		-0.818750
1536		-0.581250
1537		-0.581250
1538		-0.668750
1539		-0.462500
1540		-0.700000
1541		-0.906250
1542		-0.906250
1543		-1.293750
1544		-1.675000
1545		-1.768750
1546		-2.418750
1547		-2.743750
1548		-3.306250
1549		-3.631250
1550		-4.550000
1551		-4.375000
1552		-4.968750
1553		-5.350000
1554		-6.031250
1555		-6.387500
1556		-6.568750
1557		-7.400000
1558		-7.693750
1559		-7.637500
1560		-7.900000
1561		-8.168750
1562		-8.493750
1563		-8.318750
1564		-8.437500
1565		-8.050000
1566		-7.456250
1567		-7.162500
1568		-6.362500
1569		-5.562500
1570		-4.581250
1571		-4.050000
1572		-2.712500
1573		-1.975000
1574		-0.875000
1575		-0.493750
1576		0.518750
1577		1.050000
1578		1.437500
1579		1.493750
1580		1.437500
1581		2.118750
1582		2.356250
1583		1.793750
1584		1.968750
1585		1.731250
1586		1.850000
1587		1.462500
1588		1.050000
1589		0.781250
1590		0.400000
1591		0.400000
1592		0.218750
1593		-0.075000
1594		-0.225000
1595		-0.731250
1596		-0.756250
1597		-0.462500
1598		-0.550000
1599		-0.637500
1600		-0.937500
1601		-0.668750
1602		-0.668750
1603		-0.731250
1604		-0.700000
1605		-0.612500
1606		-0.581250
1607		-0.818750
1608		-0.493750
1609		-1.081250
1610		-0.731250
1611		-1.025000
1612		-1.381250
1613		-1.531250
1614		-1.706250
1615		-2.212500
1616		-2.450000
1617		-2.356250
1618		-2.268750
1619		-2.862500
1620		-2.950000
1621		-3.250000
1622		-3.456250
1623		-3.750000
1624		-3.631250
1625		-3.868750
1626		-3.781250
1627		-4.375000
1628		-4.075000
1629		-4.287500
1630		-4.225000
1631		-4.431250
1632		-4.431250
1633		-4.968750
1634		-4.787500
1635		-4.818750
1636		-4.875000
1637		-4.643750
1638		-4.612500
1639		-4.731250
1640		-4.818750
1641		-4.850000
1642		-4.643750
1643		-4.525000
1644		-4.375000
1645		-3.956250
1646		-4.075000
1647		-3.606250
1648		-3.575000
1649		-3.575000
1650		-2.950000
1651		-3.275000
1652		-3.068750
1653		-2.743750
1654		-2.593750
1655		-2.300000
1656		-1.912500
1657		-1.793750
1658		-1.143750
1659		-1.112500
1660		-0.431250
1661		-0.106250
1662		0.162500
1663		0.218750
1664		0.543750
1665		0.637500
1666		0.812500
1667		1.137500
1668		0.637500
1669		0.756250
1670		-0.137500
1671		0.131250
1672		-0.050000
1673		-0.312500
1674		-0.875000
1675		-1.381250
1676		-1.500000
1677		-1.381250
1678		-1.556250
1679		-2.268750
1680		-2.450000
1681		-2.268750
1682		-2.506250
1683		-2.806250
1684		-2.743750
1685		-2.950000
1686		-3.187500
1687		-2.893750
1688		-3.250000
1689		-3.100000
1690		-3.218750
1691		-3.306250
1692		-3.631250
1693		-3.812500
1694		-4.050000
1695		-4.700000
1696		-4.225000
1697		-4.075000
1698		-4.106250
1699		-3.843750
1700		-3.693750
1701		-4.256250
1702		-3.931250
1703		-3.543750
1704		-3.693750
1705		-3.662500
1706		-3.337500
1707		-3.606250
1708		-4.137500
1709		-3.868750
1710		-4.050000
1711		-4.193750
1712		-3.843750
1713		-3.781250
1714		-4.256250
1715		-3.956250
1716		-3.900000
1717		-3.156250
1718		-2.950000
1719		-2.475000
1720		-2.356250
1721		-1.587500
1722		-1.262500
1723		-1.556250
1724		-1.587500
1725		-1.112500
1726		-1.200000
1727		-0.906250
1728		-1.318750
1729		-1.200000
1730		-1.437500
1731		-1.675000
1732		-1.618750
1733		-1.175000
1734		-0.850000
1735		-1.081250
1736		-0.875000
1737		-0.875000
1738		-1.175000
1739		-0.968750
1740		-0.787500
1741		-1.081250
1742		-1.025000
1743		-1.056250
1744		-1.231250
1745		-1.056250
1746		-1.025000
1747		-0.668750
1748		0.012500
1749		-0.493750
1750		-0.050000
1751		0.012500
1752		0.693750
1753		0.218750
1754		0.662500
1755		0.250000
1756		0.400000
1757		0.218750
1758		0.456250
1759		0.337500
1760		0.400000
1761		-0.050000
1762		0.281250
1763		0.400000
1764		0.400000
1765		0.931250
1766		0.725000
1767		1.200000
1768		0.987500
1769		1.137500
1770		0.606250
1771		0.368750
1772		0.162500
1773		0.100000
1774		-0.312500
1775		-0.612500
1776		-0.731250
1777		-1.112500
1778		-0.700000
1779		-0.818750
1780		-0.550000
1781		-0.375000
1782		0.043750
1783		0.100000
1784		0.368750
1785		0.131250
1786		0.637500
1787		0.693750
1788		0.662500
1789		0.606250
1790		0.187500
1791		-0.493750
1792		-0.343750
1793		-0.700000
1794		-0.818750
1795		-0.637500
1796		-0.937500
1797		-0.431250
1798		-0.050000
1799		0.425000
1800		0.812500
1801		1.106250
1802		1.581250
1803		1.881250
1804		2.443750
1805		2.475000
1806		2.681250
1807		2.975000
1808		3.037500
1809		3.181250
1810		2.800000
1811		2.975000
1812		3.656250
1813		2.975000
1814		2.918750
1815		3.512500
1816		3.125000
1817		3.331250
1818		3.275000
1819		3.300000
1820		3.331250
1821		3.243750
1822		3.481250
1823		2.825000
1824		2.737500
1825		3.125000
1826		2.800000
1827		2.681250
1828		2.087500
1829		1.937500
1830		1.581250
1831		1.937500
1832		1.556250
1833		1.168750
1834		1.225000
1835		1.406250
1836		1.287500
1837		1.937500
1838		1.493750
1839		1.525000
1840		1.818750
1841		1.850000
1842		1.287500
1843		2.118750
1844		1.850000
1845		1.556250
1846		1.287500
1847		1.106250
1848		1.675000
1849		1.556250
1850		1.406250
1851		1.375000
1852		1.018750
1853		1.581250
1854		1.850000
1855		1.700000
1856		1.850000
1857		2.237500
1858		2.768750
1859		2.712500
1860		2.500000
1861		2.943750
1862		3.212500
1863		3.300000
1864		3.718750
1865		3.600000
1866		4.162500
1867		4.400000
1868		4.993750
1869		5.406250
1870		5.881250
1871		6.412500
1872		6.531250
1873		6.887500
1874		7.212500
1875		7.331250
1876		7.156250
1877		6.856250
1878		7.068750
1879		6.768750
1880		6.618750
1881		6.356250
1882		6.293750
1883		5.881250
1884		5.850000
1885		5.406250
1886		5.375000
1887		5.137500
1888		4.962500
1889		4.843750
1890		4.400000
1891		4.075000
1892		3.537500
1893		3.275000
1894		3.243750
1895		2.975000
1896		2.918750
1897		2.681250
1898		2.856250
1899		2.825000
1900		2.975000
1901		2.712500
1902		2.381250
1903		3.062500
1904		3.600000
1905		3.393750
1906		3.512500
1907		3.481250
1908		3.568750
1909		3.418750
1910		3.275000
1911		3.156250
1912		3.212500
1913		2.975000
1914		3.093750
1915		2.918750
1916		2.825000
1917		2.918750
1918		3.275000
1919		3.125000
1920		3.331250
1921		3.631250
1922		4.100000
1923		4.250000
1924		4.368750
1925		4.518750
1926		4.993750
1927		5.050000
1928		5.200000
1929		5.406250
1930		5.700000
1931		5.881250
1932		6.000000
1933		5.700000
1934		5.556250
1935		5.850000
1936		5.700000
1937		6.000000
1938		5.881250
1939		5.881250
1940		5.850000
1941		5.731250
1942		6.387500
1943		6.087500
1944		6.175000
1945		5.850000
1946		6.000000
1947		5.881250
1948		6.412500
1949		5.937500
1950		5.793750
1951		5.612500
1952		5.437500
1953		5.406250
1954		5.493750
1955		5.612500
1956		5.643750
1957		6.056250
1958		5.700000
1959		5.793750
1960		5.793750
1961		5.881250
1962		6.000000
1963		5.050000
1964		5.375000
1965		4.875000
1966		4.843750
1967		4.900000
1968		4.337500
1969		4.662500
1970		4.487500
1971		4.281250
1972		4.193750
1973		4.781250
1974		4.312500
1975		4.456250
1976		4.456250
1977		4.250000
1978		4.456250
1979		4.368750
1980		4.250000
1981		4.250000
1982		4.218750
1983		4.843750
1984		4.662500
1985		5.137500
1986		4.993750
1987		5.287500
1988		5.112500
1989		5.437500
1990		5.937500
1991		5.525000
1992		5.587500
1993		5.437500
1994		5.081250
1995		5.018750
1996		5.137500
1997		4.993750
1998		4.550000
1999		4.812500
2000		5.112500
2001		4.900000
2002		4.781250
2003		5.200000
2004		5.350000
2005		4.962500
2006		5.050000
2007		4.606250
2008		4.218750
2009		4.550000
2010		4.193750
2011		3.743750
2012		3.806250
2013		3.481250
2014		3.300000
2015		3.362500
2016		3.275000
2017		3.275000
2018		3.181250
2019		3.568750
2020		3.893750
2021		3.862500
2022		4.012500
2023		3.925000
2024		4.575000
2025		5.112500
2026		4.843750
2027		4.962500
2028		4.637500
2029		5.050000
2030		4.843750
2031		4.843750
2032		4.400000
2033		4.043750
2034		4.162500
2035		4.075000
2036		4.312500
2037		4.637500
2038		4.662500
2039		4.518750
2040		4.662500
2041		4.218750
2042		4.250000
2043		4.606250
2044		3.631250
2045		3.537500
2046		3.568750
2047		3.275000
2048		2.918750
2049		2.918750
2050		2.887500
2051		2.943750
2052		2.856250
2053		2.712500
2054		2.650000
2055		2.562500
2056		2.475000
2057		2.618750
2058		2.412500
2059		2.143750
2060		2.118750
2061		2.237500
2062		2.118750
2063		2.175000
2064		1.881250
2065		2.381250
2066		2.206250
2067		2.325000
2068		2.175000
2069		2.325000
2070		2.531250
2071		2.618750
2072		2.593750
2073		2.500000
2074		2.237500
2075		2.356250
2076		2.618750
2077		2.356250
2078		2.562500
2079		2.262500
2080		2.475000
2081		2.087500
2082		1.881250
2083		1.793750
2084		2.443750
2085		2.443750
2086		2.712500
2087		2.293750
2088		2.531250
2089		3.037500
2090		2.975000
2091		3.181250
2092		3.393750
2093		3.512500
2094		3.925000
2095		3.775000
2096		3.862500
2097		4.312500
2098		4.043750
2099		4.075000
2100		4.131250
2101		4.518750
2102		4.250000
2103		4.193750
2104		4.250000
2105		4.312500
2106		4.012500
2107		4.312500
2108		4.518750
2109		3.687500
2110		3.925000
2111		3.718750
2112		3.568750
2113		2.887500
2114		2.918750
2115		2.293750
2116		2.443750
2117		2.118750
2118		1.850000
2119		1.818750
2120		2.025000
2121		2.175000
2122		2.000000
2123		2.356250
2124		2.262500
2125		2.975000
2126		3.243750
2127		3.062500
2128		3.362500
2129		3.156250
2130		3.093750
2131		2.918750
2132		3.181250
2133		3.037500
2134		2.856250
2135		2.800000
2136		2.918750
2137		2.737500
2138		2.975000
2139		2.887500
2140		2.825000
2141		3.300000
2142		3.362500
2143		3.331250
2144		3.212500
2145		3.568750
2146		3.631250
2147		3.418750
2148		3.212500
2149		3.687500
2150		3.275000
2151		3.631250
2152		3.656250
2153		3.512500
2154		3.806250
2155		4.012500
2156		4.131250
2157		4.012500
2158		4.368750
2159		3.956250
2160		4.312500
2161		3.743750
2162		3.418750
2163		3.062500
2164		3.125000
2165		3.656250
2166		2.975000
2167		2.650000
2168		2.593750
2169		2.475000
2170		2.562500
2171		2.143750
2172		2.531250
2173		2.593750
2174		2.381250
2175		2.175000
2176		2.443750
2177		1.906250
2178		2.293750
2179		1.762500
2180		2.025000
2181		2.562500
2182		2.681250
2183		2.618750
2184		2.650000
2185		3.156250
2186		3.568750
2187		3.687500
2188		3.956250
2189		4.218750
2190		4.337500
2191		4.368750
2192		4.368750
2193		4.012500
2194		4.131250
2195		3.631250
2196		3.656250
2197		3.537500
2198		3.300000
2199		3.775000
2200		3.718750
2201		3.362500
2202		3.631250
2203		3.718750
2204		3.481250
2205		4.012500
2206		4.250000
2207		3.568750
2208		3.300000
2209		3.181250
2210		3.093750
2211		2.737500
2212		2.531250
2213		1.881250
2214		2.206250
2215		2.293750
2216		1.793750
2217		1.643750
2218		1.700000
2219		1.937500
2220		2.087500
2221		1.643750
2222		2.175000
2223		1.762500
2224		1.406250
2225		1.225000
2226		1.612500
2227		0.962500
2228		0.425000
2229		0.662500
2230		0.756250
2231		0.575000
2232		0.931250
2233		1.050000
2234		1.050000
2235		1.437500
2236		1.581250
2237		1.937500
2238		2.000000
2239		2.206250
2240		2.443750
2241		2.443750
2242		2.500000
2243		2.712500
2244		2.412500
2245		2.118750
2246		2.618750
2247		2.237500
2248		1.881250
2249		2.175000
2250		1.406250
2251		1.437500
2252		1.556250
2253		1.375000
2254		1.493750
2255		1.493750
2256		1.675000
2257		1.556250
2258		1.881250
2259		1.793750
2260		1.937500
2261		1.462500
2262		1.906250
2263		1.906250
2264		1.700000
2265		1.375000
2266		0.756250
2267		1.612500
2268		0.900000
2269		0.962500
2270		0.693750
2271		0.843750
2272		0.606250
2273		0.543750
2274		0.306250
2275		0.131250
2276		0.218750
2277		0.043750
2278		-0.075000
2279		-0.075000
2280		-0.193750
2281		-0.581250
2282		-1.025000
2283		-0.756250
2284		-1.231250
2285		-1.650000
2286		-1.975000
2287		-2.300000
2288		-2.000000
2289		-2.031250
2290		-2.118750
2291		-1.975000
2292		-2.212500
2293		-1.768750
2294		-1.856250
2295		-1.675000
2296		-2.031250
2297		-1.975000
2298		-1.825000
2299		-1.856250
2300		-1.825000
2301		-1.650000
2302		-2.118750
2303		-2.031250
2304		-2.593750
2305		-1.825000
2306		-1.587500
2307		-1.825000
2308		-1.175000
2309		-1.412500
2310		-1.556250
2311		-1.262500
2312		-1.500000
2313		-1.318750
2314		-1.675000
2315		-1.675000
2316		-1.975000
2317		-2.150000
2318		-2.450000
2319		-2.387500
2320		-2.450000
2321		-2.331250
2322		-3.068750
2323		-2.712500
2324		-3.131250
2325		-2.981250
2326		-2.981250
2327		-2.950000
2328		-2.687500
2329		-2.831250
2330		-3.012500
2331		-2.925000
2332		-2.950000
2333		-3.487500
2334		-3.393750
2335		-3.187500
2336		-3.187500
2337		-3.456250
2338		-3.900000
2339		-3.456250
2340		-3.543750
2341		-3.187500
2342		-3.250000
2343		-3.037500
2344		-2.712500
2345		-2.387500
2346		-2.806250
2347		-2.806250
2348		-2.656250
2349		-2.506250
2350		-2.806250
2351		-3.575000
2352		-3.693750
2353		-3.781250
2354		-3.725000
2355		-4.050000
2356		-4.343750
2357		-4.287500
2358		-4.462500
2359		-4.525000
2360		-4.875000
2361		-4.406250
2362		-4.406250
2363		-4.312500
2364		-4.106250
2365		-3.987500
2366		-4.431250
2367		-4.287500
2368		-3.900000
2369		-4.075000
2370		-4.075000
2371		-4.762500
2372		-4.818750
2373		-4.493750
2374		-4.581250
2375		-4.643750
2376		-4.818750
2377		-5.143750
2378		-5.143750
2379		-4.818750
2380		-4.525000
2381		-4.700000
2382		-4.643750
2383		-4.431250
2384		-4.462500
2385		-4.256250
2386		-4.287500
2387		-4.581250
2388		-4.668750
2389		-4.850000
2390		-5.112500
2391		-4.875000
2392		-5.468750
2393		-5.412500
2394		-5.468750
2395		-5.468750
2396		-5.531250
2397		-5.262500
2398		-5.381250
2399		-5.706250
2400		-5.412500
2401		-5.206250
2402		-5.468750
2403		-5.293750
2404		-5.618750
2405		-5.325000
2406		-5.325000
2407		-5.793750
2408		-5.531250
2409		-5.231250
2410		-5.468750
2411		-5.706250
2412		-5.443750
2413		-5.768750
2414		-5.887500
2415		-6.125000
2416		-5.912500
2417		-6.268750
2418		-6.300000
2419		-6.268750
2420		-5.912500
2421		-6.006250
2422		-5.768750
2423		-4.937500
2424		-4.937500
2425		-4.731250
2426		-4.375000
2427		-4.431250
2428		-4.787500
2429		-5.143750
2430		-5.087500
2431		-5.975000
2432		-6.093750
2433		-6.656250
2434		-6.950000
2435		-7.218750
2436		-7.162500
2437		-6.893750
2438		-7.187500
2439		-7.100000
2440		-7.068750
2441		-7.100000
2442		-7.100000
2443		-7.518750
2444		-7.281250
2445		-7.750000
2446		-8.168750
2447		-7.987500
2448		-7.931250
2449		-7.931250
2450		-7.337500
2451		-7.250000
2452		-6.743750
2453		-6.062500
2454		-5.706250
2455		-4.937500
2456		-4.431250
2457		-4.225000
2458		-3.631250
2459		-3.543750
2460		-3.393750
2461		-3.693750
2462		-3.512500
2463		-3.487500
2464		-3.487500
2465		-3.868750
2466		-4.525000
2467		-4.137500
2468		-4.431250
2469		-4.612500
2470		-4.787500
2471		-5.112500
2472		-5.706250
2473		-5.112500
2474		-5.381250
2475		-4.993750
2476		-5.025000
2477		-4.906250
2478		-4.668750
2479		-4.968750
2480		-5.350000
2481		-5.587500
2482		-5.587500
2483		-6.212500
2484		-6.418750
2485		-6.950000
2486		-6.743750
2487		-6.862500
2488		-7.250000
2489		-7.725000
2490		-7.843750
2491		-7.987500
2492		-8.081250
2493		-8.762500
2494		-8.818750
2495		-9.237500
2496		-9.381250
2497		-9.412500
2498		-9.856250
2499		-10.006250
2500		-10.006250
2501		-10.181250
2502		-9.918750
2503		-9.618750
2504		-9.618750
2505		-9.381250
2506		-8.881250
2507		-8.462500
2508		-7.662500
2509		-7.187500
2510		-6.387500
2511		-5.943750
2512		-5.706250
2513		-5.262500
2514		-5.025000
2515		-4.937500
2516		-4.431250
2517		-4.700000
2518		-4.525000
2519		-4.287500
2520		-4.700000
2521		-4.643750
2522		-4.818750
2523		-4.462500
2524		-4.787500
2525		-4.700000
2526		-4.375000
2527		-4.968750
2528		-5.175000
2529		-5.562500
2530		-5.825000
2531		-5.856250
2532		-6.031250
2533		-6.212500
2534		-6.893750
2535		-6.806250
2536		-6.537500
2537		-6.537500
2538		-6.268750
2539		-6.212500
2540		-5.618750
2541		-5.706250
2542		-5.231250
2543		-5.025000
2544		-4.787500
2545		-4.906250
2546		-4.525000
2547		-4.225000
2548		-4.225000
2549		-4.581250
2550		-3.843750
2551		-3.750000
2552		-3.931250
2553		-3.606250
2554		-4.287500
2555		-4.343750
2556		-4.075000
2557		-4.525000
2558		-5.262500
2559		-5.412500
2560		-6.125000
2561		-6.537500
2562		-7.012500
2563		-7.043750
2564		-7.987500
2565		-7.987500
2566		-8.731250
2567		-9.025000
2568		-10.125000
2569		-10.156250
2570		-10.537500
2571		-11.281250
2572		-11.193750
2573		-11.637500
2574		-11.637500
2575		-11.875000
2576		-11.456250
2577		-11.368750
2578		-11.218750
2579		-10.862500
2580		-9.943750
2581		-9.475000
2582		-8.731250
2583		-8.081250
2584		-7.068750
2585		-6.093750
2586		-5.175000
2587		-4.406250
2588		-3.931250
2589		-3.456250
2590		-2.418750
2591		-1.943750
2592		-1.531250
2593		-1.231250
2594		-1.025000
2595		-1.175000
2596		-1.318750
2597		-1.412500
2598		-1.468750
2599		-1.737500
2600		-1.437500
2601		-1.943750
2602		-2.268750
2603		-2.268750
2604		-2.418750
2605		-2.268750
2606		-2.356250
2607		-2.387500
2608		-2.475000
2609		-2.862500
2610		-3.250000
2611		-3.187500
2612		-2.925000
2613		-3.337500
2614		-3.218750
2615		-3.187500
2616		-3.100000
2617		-2.862500
2618		-3.156250
2619		-3.250000
2620		-3.131250
2621		-3.156250
2622		-3.781250
2623		-3.812500
2624		-3.606250
2625		-3.750000
2626		-3.750000
2627		-4.193750
2628		-4.462500
2629		-4.787500
2630		-4.787500
2631		-5.587500
2632		-5.706250
2633		-5.706250
2634		-6.150000
2635		-6.362500
2636		-6.181250
2637		-6.418750
2638		-6.418750
2639		-6.418750
2640		-6.600000
2641		-6.743750
2642		-7.043750
2643		-7.281250
2644		-7.606250
2645		-7.281250
2646		-7.518750
2647		-7.900000
2648		-7.662500
2649		-7.662500
2650		-7.843750
2651		-8.168750
2652		-8.050000
2653		-7.931250
2654		-7.812500
2655		-7.750000
2656		-7.337500
2657		-7.337500
2658		-7.487500
2659		-7.068750
2660		-6.718750
2661		-6.743750
2662		-6.625000
2663		-6.506250
2664		-5.975000
2665		-5.887500
2666		-5.262500
2667		-5.112500
2668		-4.818750
2669		-4.137500
2670		-3.931250
2671		-3.956250
2672		-3.750000
2673		-3.012500
2674		-2.743750
2675		-2.450000
2676		-1.887500
2677		-1.706250
2678		-1.531250
2679		-1.650000
2680		-1.468750
2681		-1.793750
2682		-1.318750
2683		-1.975000
2684		-2.506250
2685		-2.268750
2686		-2.950000
2687		-3.337500
2688		-3.543750
2689		-4.225000
2690		-4.493750
2691		-4.643750
2692		-4.968750
2693		-4.818750
2694		-4.937500
2695		-4.700000
2696		-5.206250
2697		-4.993750
2698		-4.937500
2699		-4.968750
2700		-5.175000
2701		-5.206250
2702		-5.231250
2703		-5.618750
2704		-6.125000
2705		-6.093750
2706		-6.600000
2707		-6.718750
2708		-7.043750
2709		-6.862500
2710		-7.162500
2711		-6.687500
2712		-6.600000
2713		-6.568750
2714		-6.506250
2715		-6.418750
2716		-6.506250
2717		-6.568750
2718		-6.212500
2719		-6.093750
2720		-6.362500
2721		-6.537500
2722		-6.212500
2723		-6.743750
2724		-6.893750
2725		-6.506250
2726		-6.656250
2727		-6.568750
2728		-6.268750
2729		-6.243750
2730		-5.768750
2731		-5.293750
2732		-5.175000
2733		-4.668750
2734		-4.612500
2735		-4.050000
2736		-4.137500
2737		-3.900000
2738		-3.750000
2739		-3.487500
2740		-3.487500
2741		-3.606250
2742		-3.487500
2743		-3.368750
2744		-3.393750
2745		-2.925000
2746		-3.037500
2747		-3.368750
2748		-2.712500
2749		-2.506250
2750		-3.012500
2751		-2.743750
2752		-2.806250
2753		-2.656250
2754		-2.656250
2755		-2.712500
2756		-2.831250
2757		-2.862500
2758		-3.037500
2759		-2.568750
2760		-2.268750
2761		-2.062500
2762		-2.118750
2763		-1.675000
2764		-1.912500
2765		-1.825000
2766		-1.793750
2767		-1.412500
2768		-1.500000
2769		-1.618750
2770		-1.350000
2771		-1.231250
2772		-1.706250
2773		-1.437500
2774		-1.318750
2775		-1.587500
2776		-1.381250
2777		-1.231250
2778		-0.968750
2779		-1.175000
2780		-1.231250
2781		-0.818750
2782		-0.225000
2783		-0.731250
2784		-1.556250
2785		-1.650000
2786		-2.062500
2787		-2.093750
2788		-2.625000
2789		-2.687500
2790		-3.156250
2791		-3.012500
2792		-2.656250
2793		-2.181250
2794		-2.506250
2795		-1.887500
2796		-1.825000
2797		-1.381250
2798		-1.531250
2799		-1.412500
2800		-1.262500
2801		-0.937500
2802		-0.787500
2803		-1.437500
2804		-1.556250
2805		-2.000000
2806		-2.118750
2807		-2.593750
2808		-2.300000
2809		-2.300000
2810		-1.975000
2811		-1.412500
2812		-1.025000
2813		-0.906250
2814		-0.668750
2815		0.100000
2816		0.662500
2817		1.137500
2818		1.581250
2819		1.556250
2820		1.612500
2821		1.525000
2822		1.493750
2823		1.731250
2824		1.556250
2825		1.793750
2826		1.762500
2827		1.612500
2828		1.343750
2829		1.731250
2830		2.056250
2831		1.700000
2832		1.493750
2833		1.762500
2834		1.818750
2835		1.793750
2836		1.581250
2837		1.675000
2838		1.318750
2839		1.168750
2840		1.287500
2841		0.543750
2842		0.100000
2843		0.518750
2844		0.043750
2845		-0.225000
2846		-0.518750
2847		-0.256250
2848		-0.050000
2849		0.012500
2850		-0.193750
2851		-0.050000
2852		0.162500
2853		0.068750
2854		0.368750
2855		0.306250
2856		0.400000
2857		0.425000
2858		0.250000
2859		0.337500
2860		0.250000
2861		0.187500
2862		0.281250
2863		0.218750
2864		0.368750
2865		0.218750
2866		0.337500
2867		0.662500
2868		0.693750
2869		0.843750
2870		1.256250
2871		1.200000
2872		1.675000
2873		1.556250
2874		1.937500
2875		2.143750
2876		2.293750
2877		2.562500
2878		2.737500
2879		3.212500
2880		3.925000
2881		4.250000
2882		4.637500
2883		4.993750
2884		5.437500
2885		6.293750
2886		6.206250
2887		6.475000
2888		6.118750
2889		6.325000
2890		6.206250
2891		6.000000
2892		6.031250
2893		5.468750
2894		5.587500
2895		5.168750
2896		5.318750
2897		4.875000
2898		4.812500
2899		4.550000
2900		5.200000
2901		4.131250
2902		3.862500
2903		3.537500
2904		3.156250
2905		3.212500
2906		2.681250
2907		2.325000
2908		2.381250
2909		2.087500
2910		2.206250
2911		2.000000
2912		2.175000
2913		2.025000
2914		2.381250
2915		2.381250
2916		2.681250
2917		2.681250
2918		3.275000
2919		2.918750
2920		2.768750
2921		3.062500
2922		2.681250
2923		2.681250
2924		2.356250
2925		2.412500
2926		2.175000
2927		1.881250
2928		1.700000
2929		1.793750
2930		2.087500
2931		1.937500
2932		2.531250
2933		2.475000
2934		2.768750
2935		3.212500
2936		3.393750
2937		3.687500
2938		3.806250
2939		4.250000
2940		4.487500
2941		4.487500
2942		4.843750
2943		5.137500
2944		5.200000
2945		4.843750
2946		5.375000
2947		5.350000
2948		5.318750
2949		5.256250
2950		5.612500
2951		5.850000
2952		5.675000
2953		5.643750
2954		5.643750
2955		5.493750
2956		5.912500
2957		5.468750
2958		5.468750
2959		5.406250
2960		5.468750
2961		5.168750
2962		4.931250
2963		5.256250
2964		4.756250
2965		4.606250
2966		4.962500
2967		4.725000
2968		4.606250
2969		4.900000
2970		4.662500
2971		4.662500
2972		4.993750
2973		4.962500
2974		4.843750
2975		4.550000
2976		4.131250
2977		4.756250
2978		4.218750
2979		3.718750
2980		3.925000
2981		3.837500
2982		3.837500
2983		3.806250
2984		3.775000
2985		3.718750
2986		3.775000
2987		3.600000
2988		3.718750
2989		3.718750
2990		3.331250
2991		3.925000
2992		3.687500
2993		3.631250
2994		3.568750
2995		4.162500
2996		3.956250
2997		4.100000
2998		4.337500
2999		4.518750
3000		4.843750
3001		5.200000
3002		5.256250
3003		5.612500
3004		5.556250
3005		5.168750
3006		5.556250
3007		5.050000
3008		4.550000
3009		4.843750
3010		4.606250
3011		4.962500
3012		4.606250
3013		4.756250
3014		4.575000
3015		4.431250
3016		4.312500
3017		4.312500
3018		4.875000
3019		4.312500
3020		4.400000
3021		4.756250
3022		4.012500
3023		3.718750
3024		3.775000
3025		2.825000
3026		3.393750
3027		3.481250
3028		3.418750
3029		3.181250
3030		3.212500
3031		3.418750
3032		3.181250
3033		3.743750
3034		3.806250
3035		4.131250
3036		4.250000
3037		4.337500
3038		4.900000
3039		4.662500
3040		5.050000
3041		4.812500
3042		4.431250
3043		4.487500
3044		4.400000
3045		4.400000
3046		4.193750
3047		4.131250
3048		4.131250
3049		3.775000
3050		4.337500
3051		4.487500
3052		4.218750
3053		3.893750
3054		3.687500
3055		4.131250
3056		3.806250
3057		3.656250
3058		3.331250
3059		3.275000
3060		3.125000
3061		2.975000
3062		2.825000
3063		3.062500
3064		2.712500
3065		2.681250
3066		2.681250
3067		2.887500
3068		2.768750
3069		2.143750
3070		2.293750
3071		2.237500
3072		2.562500
3073		2.025000
3074		2.175000
3075		2.143750
3076		2.056250
3077		2.087500
3078		1.643750
3079		1.906250
3080		2.325000
3081		2.531250
3082		2.206250
3083		2.593750
3084		2.650000
3085		3.006250
3086		3.156250
3087		2.768750
3088		2.918750
3089		2.650000
3090		2.918750
3091		2.712500
3092		2.825000
3093		2.712500
3094		2.531250
3095		2.293750
3096		1.881250
3097		2.087500
3098		2.025000
3099		2.475000
3100		2.475000
3101		2.887500
3102		3.181250
3103		3.362500
3104		3.631250
3105		3.837500
3106		4.012500
3107		3.956250
3108		4.550000
3109		4.193750
3110		4.337500
3111		4.312500
3112		4.162500
3113		4.431250
3114		4.337500
3115		4.281250
3116		4.368750
3117		4.250000
3118		4.100000
3119		4.162500
3120		3.893750
3121		3.925000
3122		4.162500
3123		3.600000
3124		3.631250
3125		3.062500
3126		3.181250
3127		2.800000
3128		2.768750
3129		2.056250
3130		2.087500
3131		2.143750
3132		2.087500
3133		2.443750
3134		2.618750
3135		2.356250
3136		2.531250
3137		2.825000
3138		3.125000
3139		3.393750
3140		3.062500
3141		3.537500
3142		3.093750
3143		3.062500
3144		3.418750
3145		3.275000
3146		3.093750
3147		3.062500
3148		3.037500
3149		3.062500
3150		3.125000
3151		2.856250
3152		3.006250
3153		3.331250
3154		3.125000
3155		3.512500
3156		3.212500
3157		3.362500
3158		3.718750
3159		3.212500
3160		3.631250
3161		3.956250
3162		3.862500
3163		4.075000
3164		3.956250
3165		3.862500
3166		4.431250
3167		4.218750
3168		4.312500
3169		4.637500
3170		4.637500
3171		4.162500
3172		4.456250
3173		4.075000
3174		3.631250
3175		3.687500
3176		3.568750
3177		3.481250
3178		3.275000
3179		3.006250
3180		3.037500
3181		3.062500
3182		2.825000
3183		2.593750
3184		2.562500
3185		2.475000
3186		2.768750
3187		2.681250
3188		2.737500
3189		3.212500
3190		2.500000
3191		2.618750
3192		2.475000
3193		2.593750
3194		2.650000
3195		2.918750
3196		3.181250
3197		3.243750
3198		3.925000
3199		3.956250
3200		4.487500
3201		4.606250
3202		4.993750
3203		4.693750
3204		4.781250
3205		4.575000
3206		4.931250
3207		4.337500
3208		4.518750
3209		5.050000
3210		4.550000
3211		4.100000
3212		4.100000
3213		4.012500
3214		4.312500
3215		4.312500
3216		4.518750
3217		4.368750
3218		4.456250
3219		4.337500
3220		4.162500
3221		4.312500
3222		4.075000
3223		3.862500
3224		3.837500
3225		3.181250
3226		2.975000
3227		2.737500
3228		3.093750
3229		3.062500
3230		3.125000
3231		2.593750
3232		2.618750
3233		3.037500
3234		3.181250
3235		3.125000
3236		2.943750
3237		2.825000
3238		2.768750
3239		2.262500
3240		2.143750
3241		2.356250
3242		2.087500
3243		1.881250
3244		2.118750
3245		2.175000
3246		2.531250
3247		2.475000
3248		3.212500
3249		3.362500
3250		3.512500
3251		3.775000
3252		4.012500
3253		3.956250
3254		4.075000
3255		3.631250
3256		3.956250
3257		3.718750
3258		3.418750
3259		3.331250
3260		3.275000
3261		3.006250
3262		3.037500
3263		2.737500
3264		2.918750
3265		2.237500
3266		2.975000
3267		2.768750
3268		3.037500
3269		2.737500
3270		3.418750
3271		3.300000
3272		3.481250
3273		2.943750
3274		3.275000
3275		2.825000
3276		2.918750
3277		2.825000
3278		2.562500
3279		2.475000
3280		2.500000
3281		2.381250
3282		2.237500
3283		2.443750
3284		2.143750
3285		2.143750
3286		1.850000
3287		1.850000
3288		1.818750
3289		1.525000
3290		1.375000
3291		1.050000
3292		1.081250
3293		0.693750
3294		1.081250
3295		0.606250
3296		0.456250
3297		0.100000
3298		-0.375000
3299		-0.225000
3300		-0.050000
3301		0.043750
3302		-0.462500
3303		-0.637500
3304		-0.018750
3305		0.456250
3306		0.368750
3307		-0.343750
3308		0.218750
3309		-0.225000
3310		0.456250
3311		0.068750
3312		-0.106250
3313		0.068750
3314		0.100000
3315		-0.018750
3316		0.131250
3317		-0.137500
3318		-0.137500
3319		0.068750
3320		0.306250
3321		0.162500
3322		0.543750
3323		0.637500
3324		0.812500
3325		0.250000
3326		0.456250
3327		0.456250
3328		0.487500
3329		0.281250
3330		0.162500
3331		-0.343750
3332		-0.518750
3333		-0.668750
3334		-0.581250
3335		-0.731250
3336		-0.968750
3337		-0.993750
3338		-0.937500
3339		-1.143750
3340		-0.668750
3341		-0.493750
3342		-1.112500
3343		-0.668750
3344		-0.968750
3345		-0.818750
3346		-0.787500
3347		-1.231250
3348		-1.318750
3349		-1.175000
3350		-1.675000
3351		-1.412500
3352		-1.768750
3353		-1.025000
3354		-1.231250
3355		-1.262500
3356		-0.787500
3357		-1.025000
3358		-0.375000
3359		-0.581250
3360		-0.787500
3361		-1.025000
3362		-1.381250
3363		-1.025000
3364		-1.556250
3365		-1.706250
3366		-1.768750
3367		-1.618750
3368		-1.556250
3369		-1.706250
3370		-1.975000
3371		-1.793750
3372		-1.856250
3373		-2.212500
3374		-2.118750
3375		-2.300000
3376		-2.031250
3377		-2.237500
3378		-2.062500
3379		-2.118750
3380		-1.768750
3381		-2.356250
3382		-1.768750
3383		-1.912500
3384		-2.212500
3385		-2.331250
3386		-2.212500
3387		-2.356250
3388		-2.300000
3389		-1.975000
3390		-2.475000
3391		-1.887500
3392		-2.000000
3393		-2.331250
3394		-1.975000
3395		-2.062500
3396		-1.737500
3397		-2.150000
3398		-2.031250
3399		-2.118750
3400		-1.887500
3401		-2.268750
3402		-2.356250
3403		-2.150000
3404		-2.450000
3405		-2.150000
3406		-2.712500
3407		-2.862500
3408		-2.806250
3409		-2.950000
3410		-2.743750
3411		-2.743750
3412		-2.712500
3413		-2.925000
3414		-3.100000
3415		-3.250000
3416		-2.925000
3417		-2.831250
3418		-2.806250
3419		-2.387500
3420		-2.387500
3421		-2.593750
3422		-2.656250
3423		-2.831250
3424		-3.012500
3425		-3.012500
3426		-3.100000
3427		-3.100000
3428		-3.543750
3429		-3.725000
3430		-3.693750
3431		-3.543750
3432		-3.187500
3433		-3.306250
3434		-2.950000
3435		-2.862500
3436		-2.062500
3437		-2.331250
3438		-2.356250
3439		-2.000000
3440		-2.150000
3441		-2.687500
3442		-3.337500
3443		-3.606250
3444		-3.868750
3445		-4.018750
3446		-4.375000
3447		-4.968750
3448		-4.550000
3449		-4.668750
3450		-4.225000
3451		-4.287500
3452		-4.256250
3453		-4.375000
3454		-4.406250
3455		-4.731250
3456		-4.550000
3457		-5.293750
3458		-5.381250
3459		-5.531250
3460		-5.856250
3461		-5.325000
3462		-5.143750
3463		-4.968750
3464		-4.550000
3465		-3.987500
3466		-3.068750
3467		-3.037500
3468		-2.300000
3469		-1.412500
3470		-1.381250
3471		-1.081250
3472		-0.462500
3473		-0.968750
3474		-0.518750
3475		-0.668750
3476		-0.343750
3477		-0.462500
3478		-1.112500
3479		-1.112500
3480		-1.675000
3481		-1.706250
3482		-2.118750
3483		-2.450000
3484		-2.537500
3485		-2.593750
3486		-2.775000
3487		-2.743750
3488		-2.150000
3489		-2.418750
3490		-2.062500
3491		-2.300000
3492		-2.300000
3493		-2.181250
3494		-2.831250
3495		-3.156250
3496		-3.275000
3497		-3.606250
3498		-4.193750
3499		-4.525000
3500		-5.025000
3501		-4.762500
3502		-5.262500
3503		-5.443750
3504		-5.706250
3505		-6.362500
3506		-5.975000
3507		-6.387500
3508		-6.775000
3509		-6.600000
3510		-6.981250
3511		-6.893750
3512		-7.068750
3513		-7.012500
3514		-6.656250
3515		-6.450000
3516		-6.387500
3517		-6.212500
3518		-5.231250
3519		-4.818750
3520		-4.581250
3521		-3.868750
3522		-3.131250
3523		-2.981250
3524		-2.418750
3525		-1.706250
3526		-1.500000
3527		-1.381250
3528		-1.293750
3529		-1.293750
3530		-0.787500
3531		-0.700000
3532		-0.700000
3533		-0.550000
3534		-0.637500
3535		-0.612500
3536		-0.875000
3537		-1.081250
3538		-1.381250
3539		-1.531250
3540		-1.706250
3541		-1.912500
3542		-2.656250
3543		-2.806250
3544		-3.337500
3545		-3.337500
3546		-3.156250
3547		-3.306250
3548		-3.631250
3549		-3.456250
3550		-3.337500
3551		-2.712500
3552		-2.450000
3553		-2.062500
3554		-1.768750
3555		-1.531250
3556		-1.500000
3557		-1.318750
3558		-1.056250
3559		-1.112500
3560		-0.850000
3561		-0.756250
3562		-0.375000
3563		-0.375000
3564		-0.581250
3565		-0.518750
3566		-0.225000
3567		-0.875000
3568		-0.968750
3569		-1.587500
3570		-1.531250
3571		-1.912500
3572		-2.356250
3573		-3.368750
3574		-3.456250
3575		-3.931250
3576		-4.525000
3577		-4.968750
3578		-5.681250
3579		-6.125000
3580		-6.418750
3581		-7.306250
3582		-7.543750
3583		-7.725000
3584		-8.200000
3585		-8.906250
3586		-8.818750
3587		-8.437500
3588		-8.968750
3589		-9.056250
3590		-8.081250
3591		-7.750000
3592		-6.925000
3593		-6.450000
3594		-5.293750
3595		-4.493750
3596		-3.931250
3597		-2.712500
3598		-2.031250
3599		-1.262500
3600		-0.281250
3601		0.162500
3602		0.962500
3603		1.406250
3604		1.643750
3605		1.968750
3606		1.937500
3607		1.937500
3608		1.437500
3609		1.700000
3610		1.406250
3611		1.525000
3612		1.200000
3613		1.256250
3614		0.843750
3615		0.693750
3616		0.068750
3617		-0.137500
3618		-0.400000
3619		-0.668750
3620		-0.612500
3621		-0.875000
3622		-0.818750
3623		-0.818750
3624		-1.143750
3625		-1.293750
3626		-1.025000
3627		-0.818750
3628		-1.200000
3629		-0.818750
3630		-0.668750
3631		-0.818750
3632		-0.581250
3633		-0.700000
3634		-1.025000
3635		-0.993750
3636		-1.768750
3637		-1.618750
3638		-1.943750
3639		-1.531250
3640		-2.212500
3641		-2.268750
3642		-3.100000
3643		-3.012500
3644		-3.512500
3645		-3.868750
3646		-4.075000
3647		-3.693750
3648		-3.900000
3649		-4.168750
3650		-4.493750
3651		-4.462500
3652		-4.493750
3653		-4.312500
3654		-4.375000
3655		-4.612500
3656		-4.406250
3657		-4.668750
3658		-5.025000
3659		-4.581250
3660		-4.850000
3661		-5.293750
3662		-5.381250
3663		-5.531250
3664		-5.262500
3665		-5.175000
3666		-5.056250
3667		-5.112500
3668		-4.581250
3669		-4.550000
3670		-4.193750
3671		-3.931250
3672		-3.987500
3673		-3.750000
3674		-3.250000
3675		-3.100000
3676		-2.981250
3677		-2.775000
3678		-2.537500
3679		-2.300000
3680		-1.975000
3681		-2.118750
3682		-1.381250
3683		-1.318750
3684		-0.906250
3685		-0.612500
3686		-0.050000
3687		-0.343750
3688		0.306250
3689		0.662500
3690		0.812500
3691		0.693750
3692		0.218750
3693		0.606250
3694		1.050000
3695		0.368750
3696		0.250000
3697		-0.193750
3698		-0.493750
3699		-1.025000
3700		-1.675000
3701		-1.768750
3702		-2.237500
3703		-2.743750
3704		-2.625000
3705		-3.156250
3706		-3.037500
3707		-3.156250
3708		-3.068750
3709		-3.543750
3710		-3.512500
3711		-3.037500
3712		-3.250000
3713		-3.131250
3714		-3.750000
3715		-3.781250
3716		-4.193750
3717		-4.137500
3718		-4.581250
3719		-5.025000
3720		-4.643750
3721		-4.968750
3722		-5.025000
3723		-5.112500
3724		-4.731250
3725		-4.818750
3726		-4.906250
3727		-4.431250
3728		-4.343750
3729		-4.018750
3730		-3.900000
3731		-4.225000
3732		-4.050000
3733		-4.193750
3734		-4.225000
3735		-4.525000
3736		-4.193750
3737		-4.731250
3738		-4.106250
3739		-4.643750
3740		-4.106250
3741		-3.868750
3742		-3.781250
3743		-2.981250
3744		-2.893750
3745		-2.450000
3746		-2.300000
3747		-1.887500
3748		-1.856250
3749		-1.500000
3750		-1.556250
3751		-1.412500
3752		-1.825000
3753		-1.650000
3754		-1.975000
3755		-1.381250
3756		-1.975000
3757		-1.531250
3758		-1.675000
3759		-1.262500
3760		-1.468750
3761		-1.143750
3762		-1.081250
3763		-1.200000
3764		-1.262500
3765		-1.350000
3766		-1.618750
3767		-1.412500
3768		-1.531250
3769		-1.468750
3770		-1.293750
3771		-1.175000
3772		-0.968750
3773		-1.112500
3774		-0.787500
3775		-0.375000
3776		-0.193750
3777		-0.431250
3778		-0.137500
3779		-0.225000
3780		-0.050000
3781		0.068750
3782		-0.462500
3783		-0.637500
3784		-0.018750
3785		-0.193750
3786		-0.637500
3787		-0.462500
3788		-0.343750
3789		0.043750
3790		0.368750
3791		0.456250
3792		0.218750
3793		0.131250
3794		0.368750
3795		0.337500
3796		0.162500
3797		-0.075000
3798		-0.581250
3799		-0.668750
3800		-0.818750
3801		-1.056250
3802		-1.556250
3803		-1.412500
3804		-1.675000
3805		-1.200000
3806		-0.731250
3807		-0.668750
3808		-0.581250
3809		-0.137500
3810		-0.018750
3811		0.218750
3812		-0.050000
3813		0.162500
3814		0.012500
3815		0.068750
3816		-0.581250
3817		-0.162500
3818		-0.343750
3819		-0.731250
3820		-0.937500
3821		-0.668750
3822		-0.375000
3823		-0.137500
3824		0.218750
3825		0.400000
3826		1.200000
3827		1.225000
3828		1.406250
3829		1.793750
3830		2.618750
3831		2.443750
3832		2.918750
3833		3.037500
3834		3.037500
3835		2.918750
3836		2.975000
3837		2.618750
3838		2.531250
3839		2.500000
3840		2.475000
3841		2.618750
3842		2.737500
3843		2.800000
3844		2.562500
3845		2.825000
3846		2.737500
3847		2.737500
3848		2.443750
3849		2.000000
3850		2.087500
3851		1.937500
3852		1.675000
3853		1.850000
3854		1.437500
3855		1.343750
3856		0.987500
3857		0.987500
3858		1.081250
3859		0.400000
3860		0.637500
3861		0.962500
3862		0.662500
3863		0.662500
3864		1.106250
3865		0.400000
3866		1.287500
3867		0.756250
3868		0.868750
3869		0.868750
3870		0.693750
3871		0.812500
3872		0.987500
3873		0.756250
3874		0.693750
3875		0.868750
3876		0.781250
3877		0.606250
3878		1.050000
3879		1.256250
3880		1.106250
3881		1.137500
3882		1.462500
3883		1.700000
3884		1.700000
3885		2.118750
3886		2.262500
3887		2.325000
3888		2.475000
3889		2.593750
3890		3.093750
3891		3.331250
3892		3.718750
3893		4.400000
3894		4.431250
3895		4.900000
3896		5.731250
3897		6.000000
3898		6.531250
3899		6.918750
3900		6.443750
3901		6.475000
3902		6.475000
3903		6.325000
3904		6.118750
3905		6.237500
3906		5.912500
3907		5.731250
3908		5.137500
3909		5.137500
3910		5.256250
3911		5.375000
3912		5.231250
3913		4.900000
3914		4.756250
3915		4.162500
3916		4.075000
3917		3.631250
3918		3.331250
3919		2.825000
3920		2.681250
3921		2.531250
3922		2.650000
3923		2.593750
3924		2.356250
3925		3.037500
3926		2.443750
3927		2.975000
3928		2.975000
3929		3.125000
3930		3.331250
3931		3.393750
3932		3.362500
3933		3.418750
3934		3.275000
3935		3.275000
3936		3.125000
3937		2.975000
3938		2.737500
3939		2.975000
3940		3.125000
3941		2.856250
3942		2.768750
3943		2.800000
3944		2.887500
3945		2.825000
3946		3.062500
3947		3.062500
3948		3.181250
3949		3.837500
3950		3.512500
3951		4.075000
3952		4.575000
3953		4.756250
3954		4.812500
3955		5.287500
3956		5.643750
3957		5.700000
3958		5.968750
3959		5.850000
3960		6.087500
3961		6.031250
3962		5.231250
3963		5.793750
3964		6.118750
3965		6.087500
3966		5.850000
3967		5.643750
3968		6.000000
3969		6.000000
3970		6.150000
3971		5.937500
3972		5.525000
3973		5.612500
3974		5.168750
3975		5.406250
3976		5.137500
3977		5.350000
3978		5.081250
3979		5.256250
3980		5.556250
3981		5.137500
3982		5.256250
3983		4.900000
3984		5.350000
3985		5.437500
3986		5.050000
3987		5.200000
3988		4.756250
3989		4.400000
3990		4.518750
3991		3.956250
3992		4.012500
3993		3.956250
3994		4.075000
3995		3.656250
3996		3.687500
3997		3.481250
3998		3.481250
3999		4.218750
4000		3.925000
4001		4.075000
4002		3.718750
4003		3.481250
4004		3.862500
4005		3.568750
4006		3.512500
4007		3.512500
4008		3.631250
4009		3.656250
4010		4.075000
4011		4.312500
4012		4.900000
4013		4.962500
4014		5.050000
4015		5.437500
4016		5.643750
4017		5.587500
4018		5.318750
4019		5.256250
4020		5.112500
4021		4.812500
4022		4.637500
4023		4.312500
4024		4.368750
4025		4.487500
4026		4.400000
4027		4.012500
4028		4.518750
4029		4.368750
4030		4.400000
4031		4.193750
4032		4.250000
4033		4.100000
4034		3.656250
4035		3.718750
4036		3.362500
4037		3.243750
4038		2.975000
4039		2.681250
4040		3.125000
4041		3.275000
4042		2.918750
4043		2.943750
4044		2.943750
4045		3.212500
4046		3.393750
4047		3.600000
4048		3.862500
4049		4.162500
4050		4.368750
4051		4.131250
4052		4.368750
4053		4.693750
4054		4.606250
4055		3.981250
4056		3.837500
4057		3.718750
4058		3.806250
4059		3.568750
4060		3.512500
4061		3.631250
4062		3.862500
4063		3.300000
4064		3.331250
4065		3.568750
4066		3.718750
4067		3.393750
4068		3.300000
4069		2.856250
4070		2.618750
4071		2.737500
4072		2.475000
4073		2.618750
4074		2.237500
4075		1.937500
4076		2.087500
4077		2.118750
4078		1.700000
4079		1.700000
4080		2.087500
4081		1.793750
4082		1.675000
4083		1.556250
4084		1.581250
4085		1.200000
4086		1.437500
4087		1.256250
4088		1.318750
4089		1.437500
4090		1.793750
4091		1.612500
4092		1.462500
4093		1.818750
4094		1.675000
4095		1.525000
4096		1.937500
4097		1.643750
4098		1.937500
4099		2.025000
4100		2.206250
4101		2.262500
4102		2.143750
4103		2.206250
4104		2.356250
4105		2.000000
4106		1.850000
4107		1.793750
4108		1.906250
4109		1.675000
4110		1.525000
4111		1.731250
4112		1.906250
4113		1.731250
4114		2.531250
4115		2.768750
4116		3.062500
4117		3.181250
4118		3.481250
4119		3.568750
4120		4.281250
4121		3.718750
4122		3.893750
4123		3.862500
4124		3.568750
4125		3.837500
4126		3.925000
4127		3.481250
4128		3.743750
4129		3.212500
4130		3.212500
4131		3.362500
4132		3.568750
4133		3.125000
4134		2.975000
4135		3.181250
4136		2.712500
4137		2.500000
4138		1.881250
4139		1.581250
4140		1.643750
4141		1.406250
4142		1.287500
4143		1.343750
4144		0.662500
4145		1.406250
4146		0.900000
4147		1.106250
4148		1.406250
4149		1.556250
4150		1.700000
4151		2.000000
4152		2.143750
4153		2.381250
4154		2.531250
4155		2.531250
4156		2.356250
4157		1.968750
4158		2.237500
4159		1.762500
4160		1.850000
4161		2.025000
4162		1.881250
4163		1.731250
4164		1.881250
4165		1.881250
4166		2.175000
4167		2.356250
4168		2.443750
4169		2.475000
4170		2.681250
4171		2.206250
4172		2.293750
4173		2.381250
4174		2.143750
4175		2.650000
4176		2.443750
4177		3.125000
4178		3.062500
4179		3.537500
4180		3.862500
4181		3.656250
4182		3.512500
4183		3.600000
4184		3.481250
4185		3.275000
4186		3.243750
4187		2.325000
4188		2.443750
4189		2.443750
4190		2.056250
4191		1.968750
4192		1.581250
4193		1.375000
4194		1.493750
4195		0.900000
4196		1.793750
4197		1.343750
4198		1.050000
4199		1.106250
4200		1.406250
4201		1.106250
4202		0.987500
4203		1.137500
4204		0.900000
4205		1.137500
4206		0.900000
4207		0.900000
4208		1.287500
4209		1.256250
4210		1.287500
4211		1.793750
4212		1.968750
4213		2.056250
4214		2.712500
4215		2.531250
4216		2.887500
4217		2.531250
4218		2.768750
4219		2.618750
4220		2.443750
4221		2.293750
4222		2.500000
4223		1.937500
4224		2.000000
4225		1.700000
4226		2.531250
4227		2.087500
4228		2.000000
4229		2.443750
4230		2.618750
4231		2.443750
4232		2.593750
4233		2.262500
4234		2.118750
4235		1.556250
4236		1.287500
4237		1.256250
4238		1.200000
4239		0.962500
4240		0.187500
4241		0.518750
4242		0.400000
4243		0.575000
4244		0.575000
4245		0.456250
4246		0.606250
4247		0.543750
4248		0.400000
4249		0.543750
4250		-0.343750
4251		0.368750
4252		-0.075000
4253		-0.518750
4254		-0.850000
4255		-0.637500
4256		-1.025000
4257		-0.818750
4258		-0.518750
4259		-0.493750
4260		-0.075000
4261		0.012500
4262		0.543750
4263		1.106250
4264		1.437500
4265		0.868750
4266		1.675000
4267		1.200000
4268		1.343750
4269		1.137500
4270		1.137500
4271		1.106250
4272		0.962500
4273		0.100000
4274		0.162500
4275		-0.193750
4276		0.162500
4277		-0.375000
4278		-0.550000
4279		-0.518750
4280		-0.343750
4281		-0.137500
4282		0.250000
4283		1.106250
4284		0.637500
4285		0.487500
4286		0.693750
4287		0.606250
4288		-0.050000
4289		-0.375000
4290		-0.162500
4291		-0.075000
4292		-0.400000
4293		-1.262500
4294		-0.937500
4295		-1.381250
4296		-0.493750
4297		-0.787500
4298		-0.850000
4299		-1.437500
4300		-1.025000
4301		-1.175000
4302		-1.175000
4303		-2.212500
4304		-1.943750
4305		-2.000000
4306		-2.331250
4307		-2.506250
4308		-2.893750
4309		-2.150000
4310		-3.156250
4311		-3.337500
4312		-3.606250
4313		-4.050000
4314		-3.900000
4315		-3.900000
4316		-4.137500
4317		-3.631250
4318		-3.012500
4319		-3.250000
4320		-3.456250
4321		-3.218750
4322		-3.487500
4323		-2.981250
4324		-3.250000
4325		-3.275000
4326		-3.156250
4327		-3.575000
4328		-3.337500
4329		-3.156250
4330		-3.393750
4331		-3.337500
4332		-3.306250
4333		-3.131250
4334		-3.012500
4335		-3.275000
4336		-2.568750
4337		-2.743750
4338		-2.775000
4339		-3.100000
4340		-3.393750
4341		-2.950000
4342		-3.250000
4343		-3.156250
4344		-3.100000
4345		-3.812500
4346		-4.193750
4347		-3.956250
4348		-3.843750
4349		-4.106250
4350		-4.375000
4351		-4.431250
4352		-4.493750
4353		-4.581250
4354		-4.731250
4355		-4.787500
4356		-5.350000
4357		-5.206250
4358		-5.087500
4359		-5.325000
4360		-5.443750
4361		-5.531250
4362		-5.793750
4363		-5.856250
4364		-5.468750
4365		-5.412500
4366		-5.562500
4367		-5.650000
4368		-5.231250
4369		-5.087500
4370		-4.968750
4371		-5.175000
4372		-5.025000
4373		-5.087500
4374		-5.175000
4375		-5.381250
4376		-5.443750
4377		-5.737500
4378		-6.093750
4379		-5.975000
4380		-5.912500
4381		-6.125000
4382		-6.450000
4383		-6.418750
4384		-6.450000
4385		-6.656250
4386		-6.268750
4387		-6.268750
4388		-6.268750
4389		-6.300000
4390		-6.625000
4391		-6.600000
4392		-6.362500
4393		-6.212500
4394		-6.268750
4395		-6.300000
4396		-6.687500
4397		-6.625000
4398		-6.537500
4399		-6.537500
4400		-6.600000
4401		-6.506250
4402		-6.775000
4403		-6.481250
4404		-6.362500
4405		-6.243750
4406		-5.768750
4407		-6.006250
4408		-6.125000
4409		-6.418750
4410		-6.125000
4411		-6.268750
4412		-6.300000
4413		-6.418750
4414		-6.600000
4415		-6.893750
4416		-6.568750
4417		-6.862500
4418		-6.656250
4419		-6.687500
4420		-6.481250
4421		-6.893750
4422		-6.775000
4423		-6.418750
4424		-6.656250
4425		-6.125000
4426		-6.450000
4427		-6.212500
4428		-6.150000
4429		-6.568750
4430		-6.831250
4431		-6.718750
4432		-6.718750
4433		-7.187500
4434		-7.306250
4435		-6.862500
4436		-7.337500
4437		-7.456250
4438		-7.781250
4439		-7.662500
4440		-7.456250
4441		-7.900000
4442		-7.843750
4443		-7.725000
4444		-7.781250
4445		-7.337500
4446		-6.925000
4447		-6.806250
4448		-6.212500
4449		-6.450000
4450		-6.568750
4451		-6.506250
4452		-6.243750
4453		-6.450000
4454		-7.100000
4455		-7.337500
4456		-7.812500
4457		-7.725000
4458		-8.200000
4459		-8.406250
4460		-8.700000
4461		-8.287500
4462		-9.000000
4463		-8.493750
4464		-8.493750
4465		-8.318750
4466		-8.787500
4467		-8.556250
4468		-8.525000
4469		-9.206250
4470		-9.412500
4471		-9.562500
4472		-9.918750
4473		-9.650000
4474		-9.681250
4475		-9.412500
4476		-9.325000
4477		-8.225000
4478		-7.931250
4479		-6.925000
4480		-6.718750
4481		-6.243750
4482		-5.887500
4483		-5.443750
4484		-5.350000
4485		-5.262500
4486		-5.262500
4487		-5.381250
4488		-5.325000
4489		-5.887500
4490		-5.325000
4491		-6.300000
4492		-6.268750
4493		-6.212500
4494		-6.268750
4495		-6.718750
4496		-7.012500
4497		-6.656250
4498		-6.625000
4499		-6.743750
4500		-6.243750
4501		-6.362500
4502		-6.506250
4503		-6.831250
4504		-6.893750
4505		-6.743750
4506		-7.187500
4507		-6.862500
4508		-7.400000
4509		-7.750000
4510		-7.868750
4511		-8.050000
4512		-8.137500
4513		-8.318750
4514		-8.556250
4515		-9.025000
4516		-9.237500
4517		-9.175000
4518		-9.706250
4519		-10.125000
4520		-10.893750
4521		-10.181250
4522		-10.862500
4523		-11.193750
4524		-11.368750
4525		-11.250000
4526		-11.250000
4527		-11.250000
4528		-11.100000
4529		-10.687500
4530		-10.893750
4531		-10.181250
4532		-9.531250
4533		-9.143750
4534		-8.643750
4535		-8.225000
4536		-7.337500
4537		-6.893750
4538		-6.656250
4539		-6.125000
4540		-6.093750
4541		-5.562500
4542		-5.618750
4543		-5.262500
4544		-5.325000
4545		-5.206250
4546		-5.325000
4547		-5.231250
4548		-4.937500
4549		-5.562500
4550		-5.381250
4551		-5.531250
4552		-6.062500
4553		-6.331250
4554		-6.775000
4555		-6.981250
4556		-7.281250
4557		-7.543750
4558		-7.662500
4559		-7.693750
4560		-7.750000
4561		-7.750000
4562		-7.250000
4563		-6.687500
4564		-6.775000
4565		-6.268750
4566		-5.856250
4567		-5.231250
4568		-5.681250
4569		-4.850000
4570		-4.462500
4571		-4.375000
4572		-4.256250
4573		-4.668750
4574		-4.406250
4575		-4.106250
4576		-4.431250
4577		-4.643750
4578		-4.643750
4579		-5.531250
4580		-5.681250
4581		-5.825000
4582		-6.125000
4583		-7.487500
4584		-7.606250
4585		-8.287500
4586		-8.343750
4587		-9.262500
4588		-10.006250
4589		-10.481250
4590		-10.862500
4591		-11.575000
4592		-11.843750
4593		-13.031250
4594		-12.850000
4595		-13.237500
4596		-13.531250
4597		-13.531250
4598		-13.737500
4599		-13.175000
4600		-12.968750
4601		-12.437500
4602		-11.756250
4603		-11.012500
4604		-10.418750
4605		-9.706250
4606		-8.287500
4607		-7.400000
4608		-6.600000
4609		-5.706250
4610		-4.787500
4611		-4.287500
4612		-3.725000
4613		-3.037500
4614		-3.068750
4615		-2.237500
4616		-1.975000
4617		-2.150000
4618		-2.237500
4619		-2.356250
4620		-2.712500
4621		-2.237500
4622		-2.775000
4623		-2.356250
4624		-3.156250
4625		-3.156250
4626		-3.456250
4627		-3.543750
4628		-3.606250
4629		-3.693750
4630		-3.750000
4631		-4.225000
4632		-4.525000
4633		-4.668750
4634		-4.731250
4635		-4.668750
4636		-4.875000
4637		-4.818750
4638		-4.968750
4639		-4.818750
4640		-4.581250
4641		-4.643750
4642		-4.493750
4643		-4.018750
4644		-4.287500
4645		-4.462500
4646		-4.787500
4647		-4.937500
4648		-5.325000
4649		-5.912500
4650		-6.506250
4651		-6.862500
4652		-7.187500
4653		-8.081250
4654		-8.881250
4655		-8.850000
4656		-9.381250
4657		-9.918750
4658		-9.618750
4659		-10.062500
4660		-10.418750
4661		-10.093750
4662		-10.006250
4663		-9.681250
4664		-9.531250
4665		-9.356250
4666		-9.175000
4667		-9.206250
4668		-8.731250
4669		-8.643750
4670		-8.437500
4671		-7.900000
4672		-8.168750
4673		-8.081250
4674		-7.637500
4675		-7.725000
4676		-7.400000
4677		-7.812500
4678		-7.425000
4679		-7.400000
4680		-7.043750
4681		-6.656250
4682		-6.387500
4683		-6.537500
4684		-6.093750
4685		-6.150000
4686		-5.793750
4687		-5.706250
4688		-5.562500
4689		-5.706250
4690		-5.143750
4691		-5.112500
4692		-5.175000
4693		-5.112500
4694		-4.581250
4695		-4.343750
4696		-4.525000
4697		-4.075000
4698		-4.137500
4699		-3.750000
4700		-3.631250
4701		-3.868750
4702		-3.543750
4703		-3.337500
4704		-3.425000
4705		-3.337500
4706		-3.900000
4707		-3.487500
4708		-3.725000
4709		-3.931250
4710		-4.462500
4711		-4.525000
4712		-4.581250
4713		-5.412500
4714		-5.912500
4715		-5.768750
4716		-5.768750
4717		-6.212500
4718		-6.362500
4719		-6.181250
4720		-6.362500
4721		-7.162500
4722		-6.625000
4723		-6.743750
4724		-7.012500
4725		-7.068750
4726		-7.425000
4727		-7.337500
4728		-7.693750
4729		-8.287500
4730		-8.137500
4731		-8.493750
4732		-8.787500
4733		-8.762500
4734		-8.818750
4735		-9.087500
4736		-8.668750
4737		-8.581250
4738		-8.787500
4739		-8.406250
4740		-8.200000
4741		-7.987500
4742		-7.693750
4743		-7.606250
4744		-7.187500
4745		-7.337500
4746		-7.131250
4747		-7.012500
4748		-7.012500
4749		-7.068750
4750		-6.950000
4751		-6.743750
4752		-6.181250
4753		-6.093750
4754		-5.887500
4755		-5.943750
4756		-5.500000
4757		-5.468750
4758		-5.112500
4759		-4.906250
4760		-4.550000
4761		-4.643750
4762		-4.550000
4763		-4.375000
4764		-3.843750
4765		-4.075000
4766		-3.843750
4767		-3.725000
4768		-3.068750
4769		-3.250000
4770		-3.218750
4771		-3.187500
4772		-2.743750
4773		-2.950000
4774		-3.250000
4775		-3.037500
4776		-2.806250
4777		-3.218750
4778		-3.156250
4779		-3.187500
4780		-3.187500
4781		-3.425000
4782		-3.606250
4783		-3.337500
4784		-2.893750
4785		-3.037500
4786		-3.012500
4787		-2.950000
4788		-2.475000
4789		-2.568750
4790		-2.775000
4791		-2.418750
4792		-2.656250
4793		-2.687500
4794		-2.775000
4795		-2.687500
4796		-2.356250
4797		-2.806250
4798		-3.131250
4799		-2.712500
4800		-3.012500
4801		-2.656250
4802		-2.625000
4803		-2.687500
4804		-2.331250
4805		-2.300000
4806		-2.331250
4807		-2.300000
4808		-2.537500
4809		-2.687500
4810		-2.593750
4811		-2.712500
4812		-3.425000
4813		-3.368750
4814		-3.781250
4815		-3.931250
4816		-4.018750
4817		-4.225000
4818		-4.106250
4819		-3.575000
4820		-3.606250
4821		-3.368750
4822		-3.100000
4823		-2.831250
4824		-2.062500
4825		-1.912500
4826		-2.300000
4827		-1.793750
4828		-2.506250
4829		-2.150000
4830		-2.237500
4831		-2.268750
4832		-2.418750
4833		-2.625000
4834		-2.418750
4835		-2.150000
4836		-1.768750
4837		-1.081250
4838		-0.818750
4839		-0.312500
4840		0.068750
4841		0.162500
4842		0.931250
4843		1.106250
4844		1.106250
4845		1.581250
4846		1.437500
4847		1.612500
4848		1.675000
4849		1.643750
4850		1.731250
4851		1.256250
4852		0.900000
4853		1.287500
4854		1.050000
4855		0.962500
4856		1.406250
4857		0.606250
4858		0.900000
4859		0.781250
4860		0.756250
4861		0.456250
4862		0.543750
4863		0.250000
4864		0.187500
4865		0.012500
4866		-0.637500
4867		-0.375000
4868		-0.518750
4869		-0.612500
4870		-0.937500
4871		-0.906250
4872		-0.875000
4873		-1.025000
4874		-1.175000
4875		-1.412500
4876		-0.875000
4877		-0.731250
4878		-1.175000
4879		-1.081250
4880		-1.112500
4881		-1.175000
4882		-0.875000
4883		-0.637500
4884		-0.875000
4885		-0.668750
4886		-0.818750
4887		-0.756250
4888		-0.256250
4889		-0.518750
4890		-0.343750
4891		-0.050000
4892		-0.225000
4893		0.218750
4894		0.843750
4895		0.637500
4896		0.812500
4897		1.318750
4898		1.556250
4899		1.731250
4900		2.175000
4901		2.143750
4902		2.381250
4903		2.593750
4904		2.887500
4905		3.300000
4906		3.862500
4907		3.956250
4908		4.606250
4909		5.137500
4910		5.556250
4911		6.175000
4912		6.237500
4913		6.150000
4914		5.937500
4915		6.087500
4916		5.731250
4917		5.437500
4918		5.437500
4919		5.231250
4920		4.662500
4921		4.518750
4922		4.781250
4923		4.550000
4924		4.218750
4925		3.862500
4926		3.893750
4927		3.512500
4928		3.062500
4929		2.768750
4930		2.593750
4931		2.381250
4932		2.143750
4933		1.937500
4934		1.731250
4935		1.906250
4936		1.168750
4937		1.556250
4938		1.675000
4939		1.881250
4940		2.000000
4941		1.793750
4942		2.000000
4943		1.968750
4944		2.025000
4945		2.475000
4946		2.262500
4947		2.593750
4948		2.381250
4949		2.087500
4950		2.025000
4951		2.143750
4952		1.937500
4953		1.881250
4954		2.025000
4955		2.056250
4956		2.000000
4957		2.000000
4958		2.325000
4959		3.156250
4960		3.275000
4961		3.275000
4962		3.568750
4963		3.806250
4964		3.981250
4965		4.162500
4966		4.756250
4967		4.693750
4968		4.931250
4969		5.050000
4970		5.168750
4971		4.993750
4972		5.493750
4973		5.556250
4974		5.556250
4975		5.406250
4976		5.556250
4977		5.137500
4978		5.350000
4979		5.137500
4980		5.437500
4981		5.287500
4982		5.406250
4983		5.437500
4984		5.256250
4985		5.112500
4986		4.456250
4987		4.993750
4988		5.050000
4989		5.050000
4990		4.812500
4991		4.900000
4992		4.900000
4993		5.168750
4994		4.812500
4995		4.781250
4996		5.050000
4997		4.662500
4998		4.900000
4999		4.900000
5000		4.368750
5001		4.575000
5002		4.075000
5003		4.075000
5004		3.837500
5005		3.775000
5006		3.631250
5007		3.481250
5008		3.687500
5009		3.718750
5010		3.481250
5011		3.925000
5012		3.956250
5013		4.075000
5014		3.718750
5015		3.893750
5016		3.956250
5017		3.718750
5018		3.568750
5019		3.806250
5020		3.775000
5021		3.837500
5022		4.518750
5023		4.368750
5024		4.606250
5025		5.050000
5026		5.406250
5027		5.762500
5028		6.150000
5029		5.587500
5030		6.150000
5031		5.525000
5032		5.437500
5033		5.200000
5034		5.200000
5035		5.112500
5036		5.318750
5037		4.812500
5038		4.812500
5039		4.931250
5040		4.812500
5041		4.993750
5042		4.637500
5043		4.843750
5044		4.900000
5045		4.606250
5046		4.550000
5047		4.281250
5048		4.456250
5049		4.012500
5050		4.012500
5051		3.450000
5052		3.568750
5053		3.862500
5054		3.956250
5055		3.925000
5056		3.925000
5057		3.656250
5058		3.600000
5059		4.281250
5060		4.400000
5061		4.900000
5062		4.962500
5063		4.962500
5064		4.900000
5065		4.812500
5066		4.931250
5067		4.756250
5068		4.606250
5069		4.756250
5070		4.662500
5071		4.900000
5072		4.843750
5073		4.487500
5074		4.900000
5075		4.843750
5076		4.606250
5077		4.662500
5078		4.368750
5079		4.312500
5080		4.368750
5081		4.012500
5082		3.981250
5083		3.925000
5084		3.806250
5085		3.243750
5086		3.362500
5087		2.712500
5088		3.037500
5089		2.681250
5090		2.768750
5091		3.275000
5092		2.887500
5093		2.618750
5094		2.681250
5095		2.737500
5096		2.681250
5097		2.737500
5098		2.443750
5099		2.475000
5100		2.325000
5101		2.025000
5102		2.206250
5103		2.143750
5104		2.475000
5105		2.412500
5106		2.825000
5107		2.443750
5108		2.681250
5109		2.975000
5110		2.918750
5111		3.275000
5112		3.181250
5113		3.512500
5114		3.362500
5115		3.481250
5116		3.418750
5117		3.093750
5118		3.481250
5119		3.300000
5120		3.181250
5121		2.943750
5122		2.825000
5123		2.712500
5124		2.681250
5125		3.243750
5126		3.243750
5127		3.450000
5128		4.012500
5129		4.456250
5130		4.312500
5131		4.812500
5132		5.256250
5133		5.112500
5134		5.256250
5135		5.200000
5136		5.350000
5137		5.200000
5138		5.081250
5139		4.756250
5140		4.993750
5141		4.993750
5142		4.962500
5143		4.781250
5144		4.637500
5145		4.368750
5146		4.431250
5147		4.218750
5148		3.775000
5149		3.481250
5150		3.125000
5151		3.512500
5152		2.825000
5153		2.443750
5154		2.381250
5155		2.412500
5156		2.175000
5157		2.325000
5158		2.500000
5159		2.531250
5160		2.681250
5161		2.825000
5162		3.125000
5163		2.887500
5164		3.418750
5165		3.362500
5166		3.481250
5167		3.687500
5168		3.006250
5169		3.156250
5170		3.568750
5171		3.512500
5172		3.393750
5173		3.418750
5174		3.418750
5175		3.600000
5176		3.718750
5177		3.775000
5178		3.806250
5179		3.775000
5180		4.075000
5181		4.131250
5182		4.012500
5183		4.075000
5184		4.431250
5185		4.162500
5186		3.775000
5187		4.162500
5188		4.368750
5189		4.337500
5190		4.662500
5191		4.756250
5192		4.606250
5193		4.606250
5194		4.693750
5195		4.843750
5196		4.756250
5197		4.456250
5198		4.162500
5199		4.218750
5200		4.100000
5201		4.075000
5202		3.481250
5203		3.212500
5204		2.887500
5205		3.093750
5206		2.887500
5207		2.887500
5208		2.918750
5209		2.943750
5210		2.531250
5211		2.681250
5212		2.943750
5213		2.918750
5214		3.037500
5215		2.562500
5216		3.093750
5217		2.887500
5218		2.768750
5219		3.181250
5220		2.618750
5221		3.568750
5222		3.243750
5223		3.656250
5224		3.956250
5225		4.131250
5226		4.218750
5227		4.637500
5228		4.550000
5229		4.606250
5230		4.693750
5231		4.637500
5232		4.812500
5233		4.456250
5234		4.012500
5235		4.400000
5236		4.337500
5237		4.250000
5238		4.550000
5239		4.843750
5240		4.812500
5241		4.575000
5242		4.781250
5243		5.112500
5244		4.843750
5245		4.900000
5246		4.725000
5247		4.312500
5248		4.487500
5249		3.687500
5250		3.481250
5251		3.418750
5252		3.418750
5253		3.125000
5254		2.856250
5255		3.212500
5256		3.418750
5257		2.975000
5258		3.125000
5259		2.975000
5260		2.856250
5261		2.975000
5262		2.975000
5263		2.412500
5264		2.325000
5265		2.175000
5266		1.850000
5267		1.556250
5268		1.793750
5269		1.643750
5270		1.881250
5271		2.206250
5272		2.293750
5273		2.712500
5274		3.037500
5275		3.362500
5276		3.656250
5277		3.656250
5278		3.862500
5279		4.100000
5280		3.893750
5281		3.981250
5282		3.631250
5283		3.568750
5284		3.275000
5285		2.618750
5286		2.681250
5287		2.531250
5288		2.325000
5289		2.475000
5290		2.000000
5291		2.237500
5292		2.918750
5293		3.037500
5294		2.887500
5295		3.212500
5296		3.568750
5297		3.275000
5298		3.362500
5299		3.481250
5300		3.212500
5301		3.656250
5302		3.450000
5303		2.825000
5304		2.943750
5305		2.593750
5306		2.531250
5307		2.237500
5308		2.293750
5309		2.237500
5310		2.025000
5311		2.025000
5312		2.025000
5313		1.906250
5314		1.850000
5315		1.731250
5316		1.525000
5317		1.437500
5318		1.343750
5319		0.931250
5320		0.781250
5321		0.662500
5322		-0.018750
5323		-0.312500
5324		-0.075000
5325		-0.193750
5326		-0.375000
5327		-0.518750
5328		-0.343750
5329		-0.225000
5330		-0.375000
5331		-0.256250
5332		0.162500
5333		0.456250
5334		0.425000
5335		0.543750
5336		0.543750
5337		0.187500
5338		0.543750
5339		0.456250
5340		0.218750
5341		0.843750
5342		0.606250
5343		0.606250
5344		0.456250
5345		0.662500
5346		0.931250
5347		1.137500
5348		1.287500
5349		1.287500
5350		1.287500
5351		1.256250
5352		1.581250
5353		1.050000
5354		1.106250
5355		0.812500
5356		0.725000
5357		0.543750
5358		0.162500
5359		-0.162500
5360		0.012500
5361		0.100000
5362		-0.462500
5363		-0.731250
5364		-0.612500
5365		-0.818750
5366		-0.550000
5367		-0.431250
5368		-0.787500
5369		-0.968750
5370		-1.231250
5371		-1.500000
5372		-1.381250
5373		-1.675000
5374		-1.912500
5375		-1.556250
5376		-1.618750
5377		-1.500000
5378		-1.412500
5379		-1.231250
5380		-1.175000
5381		-0.756250
5382		-1.175000
5383		-0.787500
5384		-0.700000
5385		-0.875000
5386		-0.787500
5387		-1.143750
5388		-1.262500
5389		-1.650000
5390		-1.706250
5391		-2.000000
5392		-1.618750
5393		-1.768750
5394		-2.000000
5395		-2.356250
5396		-2.300000
5397		-2.450000
5398		-2.387500
5399		-2.212500
5400		-2.268750
5401		-1.706250
5402		-2.062500
5403		-1.856250
5404		-1.856250
5405		-2.356250
5406		-2.000000
5407		-1.768750
5408		-2.237500
5409		-2.300000
5410		-2.150000
5411		-1.975000
5412		-2.356250
5413		-2.268750
5414		-2.000000
5415		-1.943750
5416		-1.825000
5417		-1.706250
5418		-1.650000
5419		-1.825000
5420		-1.618750
5421		-1.556250
5422		-1.231250
5423		-1.887500
5424		-1.706250
5425		-1.856250
5426		-1.912500
5427		-1.825000
5428		-2.000000
5429		-2.331250
5430		-2.537500
5431		-2.118750
5432		-2.300000
5433		-1.975000
5434		-2.450000
5435		-2.237500
5436		-2.300000
5437		-2.506250
5438		-2.212500
5439		-2.150000
5440		-2.093750
5441		-2.300000
5442		-2.212500
5443		-2.237500
5444		-2.268750
5445		-2.537500
5446		-2.506250
5447		-2.806250
5448		-2.656250
5449		-2.506250
5450		-2.893750
5451		-3.156250
5452		-2.950000
5453		-2.950000
5454		-3.037500
5455		-3.306250
5456		-3.156250
5457		-2.806250
5458		-2.806250
5459		-2.268750
5460		-2.212500
5461		-1.500000
5462		-1.856250
5463		-1.737500
5464		-1.262500
5465		-1.856250
5466		-2.268750
5467		-2.743750
5468		-3.012500
5469		-3.606250
5470		-4.287500
5471		-3.781250
5472		-4.075000
5473		-4.375000
5474		-4.050000
5475		-4.193750
5476		-3.487500
5477		-3.606250
5478		-3.693750
5479		-4.193750
5480		-4.256250
5481		-4.937500
5482		-5.112500
5483		-5.112500
5484		-5.381250
5485		-5.381250
5486		-5.468750
5487		-5.175000
5488		-4.287500
5489		-4.343750
5490		-3.543750
5491		-3.218750
5492		-2.506250
5493		-1.675000
5494		-1.437500
5495		-0.787500
5496		-0.756250
5497		-0.906250
5498		-0.431250
5499		-0.431250
5500		-0.375000
5501		-0.550000
5502		-0.637500
5503		-1.262500
5504		-1.618750
5505		-1.437500
5506		-1.650000
5507		-1.618750
5508		-1.650000
5509		-1.912500
5510		-2.118750
5511		-2.062500
5512		-2.031250
5513		-2.212500
5514		-1.768750
5515		-2.150000
5516		-2.031250
5517		-1.793750
5518		-2.418750
5519		-2.450000
5520		-2.593750
5521		-2.656250
5522		-2.806250
5523		-2.537500
5524		-2.806250
5525		-3.456250
5526		-3.631250
5527		-3.631250
5528		-3.987500
5529		-4.137500
5530		-4.643750
5531		-4.850000
5532		-4.850000
5533		-5.531250
5534		-5.768750
5535		-5.681250
5536		-6.062500
5537		-6.093750
5538		-5.587500
5539		-5.887500
5540		-5.912500
5541		-5.381250
5542		-5.175000
5543		-4.731250
5544		-4.137500
5545		-3.931250
5546		-3.156250
5547		-2.506250
5548		-1.556250
5549		-1.587500
5550		-1.112500
5551		-0.875000
5552		-0.281250
5553		-0.137500
5554		-0.075000
5555		0.250000
5556		0.218750
5557		-0.343750
5558		0.250000
5559		-0.050000
5560		-0.137500
5561		0.131250
5562		-0.581250
5563		-0.518750
5564		-0.875000
5565		-1.231250
5566		-1.737500
5567		-2.212500
5568		-2.356250
5569		-2.568750
5570		-2.450000
5571		-2.743750
5572		-2.593750
5573		-2.356250
5574		-2.150000
5575		-1.531250
5576		-1.262500
5577		-0.668750
5578		-0.462500
5579		-0.075000
5580		0.931250
5581		0.606250
5582		1.106250
5583		0.781250
5584		1.168750
5585		1.018750
5586		0.868750
5587		1.343750
5588		0.725000
5589		0.518750
5590		-0.193750
5591		-0.431250
5592		-1.056250
5593		-1.412500
5594		-2.118750
5595		-2.593750
5596		-3.037500
5597		-3.750000
5598		-3.956250
5599		-5.350000
5600		-5.737500
5601		-6.212500
5602		-6.600000
5603		-6.831250
5604		-7.456250
5605		-8.556250
5606		-8.437500
5607		-8.968750
5608		-9.175000
5609		-9.356250
5610		-9.000000
5611		-9.118750
5612		-8.525000
5613		-8.081250
5614		-7.368750
5615		-6.568750
5616		-5.768750
5617		-4.937500
5618		-4.075000
5619		-2.712500
5620		-2.000000
5621		-0.731250
5622		0.131250
5623		0.693750
5624		1.137500
5625		1.762500
5626		2.293750
5627		2.175000
5628		2.500000
5629		2.262500
5630		2.237500
5631		2.475000
5632		2.000000
5633		1.700000
5634		1.762500
5635		0.518750
5636		0.868750
5637		0.606250
5638		1.050000
5639		0.250000
5640		0.100000
5641		0.012500
5642		-0.075000
5643		-0.581250
5644		-0.581250
5645		-0.787500
5646		-0.993750
5647		-1.437500
5648		-1.381250
5649		-1.081250
5650		-0.968750
5651		-0.850000
5652		-0.968750
5653		-0.700000
5654		-0.731250
5655		-0.375000
5656		-0.550000
5657		-0.612500
5658		-0.787500
5659		-0.906250
5660		-1.587500
5661		-1.768750
5662		-2.450000
5663		-2.981250
5664		-3.693750
5665		-4.375000
5666		-4.937500
5667		-5.412500
5668		-6.600000
5669		-6.656250
5670		-7.068750
5671		-7.162500
5672		-7.518750
5673		-7.693750
5674		-7.750000
5675		-7.781250
5676		-7.962500
5677		-7.218750
5678		-7.100000
5679		-6.362500
5680		-5.618750
5681		-5.531250
5682		-5.056250
5683		-4.818750
5684		-4.050000
5685		-3.512500
5686		-2.862500
5687		-3.012500
5688		-2.775000
5689		-2.418750
5690		-2.031250
5691		-2.031250
5692		-1.706250
5693		-1.975000
5694		-1.381250
5695		-1.468750
5696		-1.531250
5697		-1.293750
5698		-1.231250
5699		-1.793750
5700		-1.706250
5701		-1.825000
5702		-1.768750
5703		-1.856250
5704		-1.675000
5705		-1.943750
5706		-1.675000
5707		-1.793750
5708		-1.975000
5709		-1.412500
5710		-1.293750
5711		-1.175000
5712		-1.437500
5713		-1.056250
5714		-0.787500
5715		-0.968750
5716		-0.875000
5717		-0.668750
5718		-0.637500
5719		-0.581250
5720		-0.968750
5721		-1.112500
5722		-1.381250
5723		-2.093750
5724		-1.768750
5725		-1.912500
5726		-2.268750
5727		-2.331250
5728		-2.537500
5729		-3.131250
5730		-2.893750
5731		-3.012500
5732		-3.037500
5733		-3.250000
5734		-3.187500
5735		-3.187500
5736		-3.337500
5737		-3.487500
5738		-3.606250
5739		-3.900000
5740		-4.137500
5741		-4.431250
5742		-4.406250
5743		-4.525000
5744		-4.937500
5745		-4.993750
5746		-5.381250
5747		-5.443750
5748		-5.825000
5749		-5.562500
5750		-5.468750
5751		-5.381250
5752		-5.562500
5753		-5.231250
5754		-5.087500
5755		-5.325000
5756		-5.025000
5757		-4.937500
5758		-4.612500
5759		-4.787500
5760		-4.343750
5761		-4.462500
5762		-3.750000
5763		-3.575000
5764		-3.425000
5765		-2.893750
5766		-3.100000
5767		-2.506250
5768		-2.356250
5769		-2.568750
5770		-1.943750
5771		-1.975000
5772		-1.912500
5773		-1.975000
5774		-1.468750
5775		-1.706250
5776		-1.912500
5777		-1.793750
5778		-1.912500
5779		-1.618750
5780		-1.825000
5781		-1.793750
5782		-1.468750
5783		-1.175000
5784		-1.262500
5785		-1.112500
5786		-0.968750
5787		-1.025000
5788		-0.668750
5789		-1.262500
5790		-1.200000
5791		-1.381250
5792		-1.112500
5793		-0.968750
5794		-1.056250
5795		-0.906250
5796		-0.581250
5797		-0.700000
5798		-0.375000
5799		0.162500
5800		0.068750
5801		0.162500
5802		0.456250
5803		0.368750
5804		0.425000
5805		0.162500
5806		0.187500
5807		-0.256250
5808		0.100000
5809		-0.193750
5810		-0.431250
5811		-0.256250
5812		-0.256250
5813		-0.550000
5814		0.456250
5815		0.100000
5816		0.162500
5817		0.281250
5818		0.400000
5819		0.518750
5820		0.218750
5821		0.162500
5822		-0.343750
5823		-0.193750
5824		-0.637500
5825		-1.081250
5826		-1.143750
5827		-1.468750
5828		-1.231250
5829		-1.887500
5830		-1.768750
5831		-1.587500
5832		-1.081250
5833		-1.081250
5834		-1.618750
5835		-0.968750
5836		-0.581250
5837		-0.581250
5838		-0.637500
5839		-0.668750
5840		-0.787500
5841		-0.906250
5842		-0.731250
5843		-0.937500
5844		-0.756250
5845		-0.818750
5846		-0.875000
5847		0.068750
5848		0.043750
5849		0.606250
5850		0.843750
5851		0.987500
5852		1.793750
5853		1.850000
5854		2.143750
5855		2.475000
5856		2.768750
5857		2.825000
5858		3.275000
5859		2.887500
5860		2.918750
5861		2.737500
5862		2.975000
5863		2.918750
5864		2.681250
5865		2.856250
5866		2.443750
5867		2.356250
5868		2.531250
5869		2.381250
5870		2.381250
5871		2.000000
5872		1.937500
5873		1.612500
5874		1.612500
5875		1.700000
5876		1.493750
5877		1.225000
5878		0.987500
5879		0.575000
5880		0.725000
5881		0.606250
5882		0.306250
5883		0.218750
5884		-0.018750
5885		0.131250
5886		0.162500
5887		0.781250
5888		0.068750
5889		0.456250
5890		0.400000
5891		0.306250
5892		0.487500
5893		0.218750
5894		0.162500
5895		0.068750
5896		0.250000
5897		-0.137500
5898		0.337500
5899		-0.193750
5900		0.400000
5901		0.100000
5902		0.812500
5903		0.843750
5904		0.812500
5905		1.081250
5906		1.318750
5907		1.700000
5908		2.025000
5909		2.531250
5910		2.443750
5911		2.593750
5912		2.618750
5913		2.887500
5914		2.768750
5915		2.825000
5916		3.300000
5917		4.012500
5918		4.162500
5919		4.781250
5920		5.168750
5921		5.675000
5922		5.937500
5923		6.593750
5924		6.831250
5925		7.068750
5926		6.831250
5927		6.325000
5928		6.356250
5929		6.000000
5930		6.150000
5931		5.818750
5932		5.968750
5933		5.112500
5934		5.350000
5935		5.081250
5936		5.018750
5937		4.756250
5938		4.637500
5939		4.606250
5940		4.218750
5941		3.806250
5942		3.687500
5943		3.362500
5944		3.093750
5945		2.887500
5946		2.500000
5947		2.143750
5948		2.381250
5949		2.237500
5950		2.681250
5951		2.475000
5952		2.768750
5953		2.618750
5954		2.918750
5955		3.418750
5956		3.331250
5957		3.300000
5958		3.418750
5959		3.181250
5960		2.887500
5961		3.093750
5962		3.037500
5963		2.381250
5964		2.712500
5965		2.768750
5966		3.062500
5967		2.975000
5968		3.125000
5969		3.481250
5970		3.631250
5971		3.893750
5972		4.312500
5973		3.893750
5974		3.718750
5975		3.981250
5976		4.662500
5977		4.550000
5978		5.287500
5979		4.900000
5980		5.256250
5981		5.556250
5982		5.675000
5983		5.793750
5984		5.700000
5985		5.937500
5986		5.556250
5987		5.493750
5988		5.350000
5989		5.375000
5990		5.643750
5991		5.525000
5992		5.437500
5993		4.875000
5994		5.318750
5995		5.375000
5996		4.993750
5997		5.137500
5998		4.962500
5999		5.350000
6000		4.900000
6001		5.050000
6002		4.993750
6003		5.081250
6004		5.081250
6005		5.050000
6006		5.200000
6007		4.900000
6008		4.637500
6009		5.168750
6010		5.256250
6011		4.931250
6012		4.693750
6013		4.281250
6014		4.162500
6015		4.312500
6016		4.162500
6017		4.043750
6018		3.806250
6019		3.418750
6020		3.512500
6021		3.718750
6022		4.100000
6023		4.100000
6024		4.075000
6025		4.368750
6026		4.368750
6027		4.606250
6028		4.518750
6029		4.518750
6030		4.218750
6031		3.775000
6032		4.218750
6033		4.312500
6034		4.162500
6035		4.662500
6036		4.606250
6037		4.962500
6038		4.900000
6039		5.350000
6040		5.556250
6041		5.168750
6042		5.793750
6043		5.493750
6044		5.587500
6045		5.375000
6046		4.900000
6047		5.168750
6048		5.018750
6049		4.962500
6050		4.993750
6051		5.137500
6052		4.931250
6053		4.662500
6054		5.137500
6055		4.400000
6056		4.662500
6057		4.781250
6058		4.312500
6059		4.312500
6060		4.100000
6061		3.862500
6062		3.418750
6063		3.718750
6064		3.418750
6065		3.631250
6066		3.631250
6067		3.300000
6068		3.331250
6069		3.362500
6070		3.893750
6071		4.518750
6072		4.662500
6073		4.693750
6074		4.456250
6075		4.693750
6076		4.993750
6077		4.931250
6078		5.200000
6079		5.287500
6080		5.018750
6081		4.875000
6082		4.575000
6083		4.993750
6084		4.550000
6085		4.962500
6086		4.662500
6087		4.662500
6088		5.137500
6089		5.137500
6090		5.112500
6091		4.843750
6092		4.637500
6093		4.400000
6094		4.162500
6095		4.012500
6096		3.775000
6097		3.300000
6098		3.125000
6099		3.212500
6100		3.362500
6101		3.212500
6102		2.975000
6103		3.093750
6104		3.125000
6105		2.975000
6106		3.331250
6107		2.681250
6108		3.037500
6109		2.681250
6110		2.681250
6111		3.093750
6112		2.768750
6113		2.562500
6114		2.443750
6115		2.650000
6116		2.681250
6117		2.237500
6118		2.381250
6119		2.856250
6120		2.475000
6121		3.062500
6122		3.037500
6123		3.037500
6124		3.275000
6125		3.512500
6126		3.568750
6127		3.481250
6128		3.512500
6129		3.125000
6130		3.243750
6131		3.181250
6132		3.481250
6133		3.037500
6134		2.887500
6135		3.362500
6136		2.975000
6137		2.618750
6138		3.125000
6139		3.418750
6140		3.837500
6141		3.806250
6142		4.162500
6143		4.368750
6144		4.812500
6145		4.900000
6146		5.050000
6147		5.287500
6148		5.112500
6149		5.200000
6150		4.693750
6151		4.812500
6152		4.368750
6153		4.725000
6154		4.487500
6155		4.400000
6156		4.281250
6157		4.312500
6158		4.456250
6159		4.368750
6160		4.250000
6161		3.862500
6162		3.837500
6163		3.481250
6164		3.893750
6165		2.650000
6166		2.737500
6167		2.681250
6168		2.681250
6169		2.593750
6170		2.593750
6171		2.800000
6172		2.737500
6173		3.156250
6174		3.181250
6175		3.568750
6176		3.331250
6177		3.062500
6178		3.450000
6179		3.481250
6180		3.568750
6181		3.687500
6182		3.362500
6183		3.362500
6184		3.481250
6185		3.331250
6186		3.362500
6187		3.243750
6188		3.568750
6189		3.512500
6190		3.568750
6191		3.481250
6192		3.656250
6193		3.925000
6194		3.837500
6195		3.631250
6196		3.837500
6197		3.418750
6198		3.656250
6199		3.656250
6200		3.418750
6201		3.806250
6202		3.600000
6203		3.718750
6204		3.481250
6205		4.218750
6206		4.312500
6207		4.162500
6208		3.956250
6209		4.337500
6210		4.012500
6211		3.718750
6212		3.656250
6213		2.825000
6214		2.593750
6215		2.293750
6216		2.293750
6217		2.143750
6218		1.731250
6219		1.731250
6220		1.906250
6221		1.793750
6222		1.643750
6223		1.937500
6224		2.025000
6225		2.175000
6226		2.000000
6227		1.700000
6228		1.700000
6229		1.675000
6230		1.850000
6231		2.056250
6232		2.087500
6233		2.293750
6234		2.825000
6235		2.681250
6236		2.825000
6237		2.918750
6238		3.481250
6239		3.512500
6240		3.687500
6241		3.631250
6242		3.656250
6243		3.481250
6244		3.062500
6245		2.800000
6246		2.918750
6247		2.918750
6248		3.062500
6249		3.418750
6250		3.156250
6251		3.093750
6252		3.362500
6253		3.418750
6254		3.512500
6255		3.212500
6256		3.212500
6257		3.037500
6258		2.531250
6259		2.443750
6260		2.381250
6261		1.937500
6262		1.818750
6263		1.406250
6264		1.343750
6265		0.987500
6266		1.343750
6267		1.437500
6268		1.462500
6269		1.675000
6270		1.081250
6271		1.256250
6272		1.406250
6273		1.287500
6274		1.256250
6275		0.487500
6276		0.606250
6277		0.518750
6278		-0.018750
6279		0.012500
6280		-0.162500
6281		0.218750
6282		0.400000
6283		0.187500
6284		0.306250
6285		0.987500
6286		1.525000
6287		1.731250
6288		1.850000
6289		2.262500
6290		2.325000
6291		2.356250
6292		2.237500
6293		1.937500
6294		1.643750
6295		1.850000
6296		1.343750
6297		1.343750
6298		1.106250
6299		0.843750
6300		0.900000
6301		0.756250
6302		0.812500
6303		0.781250
6304		0.693750
6305		0.812500
6306		1.106250
6307		1.200000
6308		1.137500
6309		0.987500
6310		1.287500
6311		1.168750
6312		0.987500
6313		1.225000
6314		1.200000
6315		0.962500
6316		0.368750
6317		0.987500
6318		0.575000
6319		0.218750
6320		0.068750
6321		0.131250
6322		-0.075000
6323		-0.375000
6324		-0.875000
6325		-0.637500
6326		-0.937500
6327		-0.637500
6328		-1.056250
6329		-1.231250
6330		-1.056250
6331		-1.318750
6332		-1.381250
6333		-2.000000
6334		-1.618750
6335		-2.150000
6336		-2.237500
6337		-2.568750
6338		-2.506250
6339		-2.593750
6340		-2.806250
6341		-2.537500
6342		-2.268750
6343		-2.331250
6344		-1.856250
6345		-1.556250
6346		-1.975000
6347		-1.793750
6348		-1.531250
6349		-1.793750
6350		-1.825000
6351		-1.650000
6352		-1.531250
6353		-1.768750
6354		-1.706250
6355		-1.587500
6356		-1.468750
6357		-1.675000
6358		-1.350000
6359		-1.175000
6360		-1.231250
6361		-1.381250
6362		-1.262500
6363		-1.262500
6364		-1.350000
6365		-1.793750
6366		-1.768750
6367		-2.031250
6368		-1.468750
6369		-1.856250
6370		-1.975000
6371		-2.568750
6372		-2.625000
6373		-2.806250
6374		-2.450000
6375		-3.306250
6376		-3.187500
6377		-2.475000
6378		-3.456250
6379		-3.725000
6380		-3.725000
6381		-4.525000
6382		-4.106250
6383		-4.137500
6384		-4.050000
6385		-4.312500
6386		-4.287500
6387		-4.525000
6388		-4.850000
6389		-4.525000
6390		-4.343750
6391		-3.956250
6392		-4.075000
6393		-4.193750
6394		-3.868750
6395		-3.606250
6396		-3.781250
6397		-3.693750
6398		-3.368750
6399		-4.106250
6400		-3.956250
6401		-4.375000
6402		-4.343750
6403		-4.731250
6404		-4.875000
6405		-4.937500
6406		-4.643750
6407		-5.175000
6408		-4.937500
6409		-4.700000
6410		-4.700000
6411		-4.731250
6412		-4.731250
6413		-5.025000
6414		-4.612500
6415		-4.525000
6416		-4.287500
6417		-4.581250
6418		-4.612500
6419		-4.462500
6420		-5.025000
6421		-4.731250
6422		-4.550000
6423		-4.850000
6424		-4.731250
6425		-4.818750
6426		-4.375000
6427		-4.762500
6428		-4.312500
6429		-4.581250
6430		-4.525000
6431		-4.050000
6432		-3.843750
6433		-4.075000
6434		-4.312500
6435		-4.075000
6436		-3.750000
6437		-4.287500
6438		-4.168750
6439		-4.668750
6440		-4.731250
6441		-4.993750
6442		-4.762500
6443		-5.175000
6444		-5.112500
6445		-5.112500
6446		-5.112500
6447		-5.112500
6448		-4.550000
6449		-4.643750
6450		-4.462500
6451		-4.612500
6452		-4.643750
6453		-4.731250
6454		-4.818750
6455		-5.025000
6456		-4.787500
6457		-4.668750
6458		-5.025000
6459		-4.731250
6460		-5.175000
6461		-5.231250
6462		-5.262500
6463		-5.825000
6464		-5.943750
6465		-5.531250
6466		-6.006250
6467		-5.706250
6468		-5.943750
6469		-5.618750
6470		-5.143750
6471		-5.262500
6472		-4.493750
6473		-4.343750
6474		-4.018750
6475		-4.431250
6476		-3.900000
6477		-3.956250
6478		-4.018750
6479		-4.818750
6480		-5.381250
6481		-6.243750
6482		-6.450000
6483		-6.506250
6484		-7.100000
6485		-6.831250
6486		-7.187500
6487		-6.600000
6488		-6.743750
6489		-6.418750
6490		-6.362500
6491		-6.568750
6492		-6.481250
6493		-7.012500
6494		-7.187500
6495		-7.543750
6496		-7.900000
6497		-8.081250
6498		-7.843750
6499		-7.750000
6500		-7.543750
6501		-6.893750
6502		-6.450000
6503		-5.825000
6504		-5.381250
6505		-4.581250
6506		-4.075000
6507		-3.631250
6508		-3.337500
6509		-3.337500
6510		-3.250000
6511		-3.037500
6512		-3.218750
6513		-3.456250
6514		-3.631250
6515		-3.843750
6516		-4.287500
6517		-4.193750
6518		-4.612500
6519		-4.668750
6520		-4.462500
6521		-4.431250
6522		-4.431250
6523		-4.225000
6524		-4.343750
6525		-4.050000
6526		-4.581250
6527		-4.343750
6528		-4.668750
6529		-4.818750
6530		-4.818750
6531		-5.468750
6532		-5.262500
6533		-5.825000
6534		-6.150000
6535		-5.975000
6536		-6.093750
6537		-6.300000
6538		-6.806250
6539		-6.687500
6540		-7.100000
6541		-7.368750
6542		-7.306250
6543		-8.168750
6544		-8.493750
6545		-8.937500
6546		-9.412500
6547		-9.800000
6548		-9.681250
6549		-9.975000
6550		-10.093750
6551		-9.975000
6552		-9.975000
6553		-9.562500
6554		-9.175000
6555		-8.437500
6556		-7.843750
6557		-6.893750
6558		-6.775000
6559		-6.243750
6560		-6.062500
6561		-5.381250
6562		-4.731250
6563		-4.431250
6564		-3.631250
6565		-3.843750
6566		-3.575000
6567		-3.100000
6568		-3.068750
6569		-3.368750
6570		-3.037500
6571		-2.950000
6572		-2.743750
6573		-2.862500
6574		-3.012500
6575		-3.187500
6576		-3.306250
6577		-3.337500
6578		-3.512500
6579		-3.868750
6580		-4.643750
6581		-5.056250
6582		-4.993750
6583		-5.768750
6584		-5.112500
6585		-5.350000
6586		-5.087500
6587		-4.550000
6588		-4.818750
6589		-4.287500
6590		-3.750000
6591		-3.187500
6592		-2.831250
6593		-2.150000
6594		-2.237500
6595		-2.212500
6596		-2.000000
6597		-2.062500
6598		-2.062500
6599		-1.793750
6600		-2.062500
6601		-2.450000
6602		-2.806250
6603		-3.275000
6604		-4.050000
6605		-4.550000
6606		-5.056250
6607		-5.793750
6608		-6.212500
6609		-7.131250
6610		-7.518750
6611		-8.137500
6612		-8.225000
6613		-9.325000
6614		-9.587500
6615		-10.362500
6616		-10.956250
6617		-11.100000
6618		-11.543750
6619		-11.993750
6620		-12.050000
6621		-12.437500
6622		-12.200000
6623		-11.875000
6624		-11.400000
6625		-10.893750
6626		-10.512500
6627		-9.381250
6628		-8.081250
6629		-8.050000
6630		-6.450000
6631		-5.325000
6632		-4.818750
6633		-3.606250
6634		-2.806250
6635		-1.556250
6636		-1.143750
6637		-0.937500
6638		-0.581250
6639		-0.637500
6640		-0.312500
6641		-0.731250
6642		-0.787500
6643		-0.787500
6644		-1.556250
6645		-1.262500
6646		-1.381250
6647		-1.675000
6648		-1.912500
6649		-2.212500
6650		-2.212500
6651		-2.418750
6652		-2.656250
6653		-2.268750
6654		-2.743750
6655		-2.712500
6656		-3.012500
6657		-2.950000
6658		-3.100000
6659		-3.156250
6660		-3.156250
6661		-3.037500
6662		-2.950000
6663		-2.862500
6664		-2.893750
6665		-2.893750
6666		-2.712500
6667		-2.950000
6668		-3.012500
6669		-3.100000
6670		-3.456250
6671		-3.781250
6672		-4.375000
6673		-4.762500
6674		-5.175000
6675		-6.362500
6676		-6.925000
6677		-7.456250
6678		-8.081250
6679		-8.787500
6680		-9.175000
6681		-9.475000
6682		-10.062500
6683		-9.825000
6684		-10.450000
6685		-10.806250
6686		-10.450000
6687		-10.331250
6688		-9.706250
6689		-9.825000
6690		-9.650000
6691		-8.906250
6692		-8.256250
6693		-7.900000
6694		-7.337500
6695		-7.012500
6696		-6.806250
6697		-6.300000
6698		-6.150000
6699		-5.562500
6700		-4.612500
6701		-4.525000
6702		-4.312500
6703		-4.225000
6704		-3.606250
6705		-3.781250
6706		-3.487500
6707		-3.306250
6708		-3.487500
6709		-3.368750
6710		-3.987500
6711		-3.781250
6712		-3.631250
6713		-3.456250
6714		-4.193750
6715		-3.750000
6716		-3.868750
6717		-3.868750
6718		-4.137500
6719		-3.575000
6720		-3.662500
6721		-3.843750
6722		-3.693750
6723		-3.606250
6724		-3.931250
6725		-3.843750
6726		-3.306250
6727		-3.250000
6728		-2.712500
6729		-3.131250
6730		-3.393750
6731		-3.337500
6732		-3.037500
6733		-3.012500
6734		-3.487500
6735		-3.456250
6736		-3.606250
6737		-4.287500
6738		-4.225000
6739		-4.493750
6740		-4.668750
6741		-4.700000
6742		-4.787500
6743		-5.325000
6744		-5.325000
6745		-5.056250
6746		-5.175000
6747		-5.206250
6748		-5.618750
6749		-5.650000
6750		-5.681250
6751		-6.125000
6752		-6.418750
6753		-6.687500
6754		-6.568750
6755		-6.806250
6756		-7.337500
6757		-7.400000
6758		-7.306250
6759		-7.218750
6760		-7.306250
6761		-6.981250
6762		-7.043750
6763		-7.043750
6764		-7.100000
6765		-6.893750
6766		-6.387500
6767		-6.743750
6768		-6.568750
6769		-6.537500
6770		-5.975000
6771		-6.362500
6772		-5.943750
6773		-5.912500
6774		-5.681250
6775		-5.262500
6776		-5.325000
6777		-4.731250
6778		-4.225000
6779		-4.343750
6780		-4.287500
6781		-3.843750
6782		-3.750000
6783		-3.781250
6784		-3.512500
6785		-3.512500
6786		-3.456250
6787		-3.543750
6788		-3.631250
6789		-3.393750
6790		-3.306250
6791		-3.037500
6792		-3.393750
6793		-3.425000
6794		-2.656250
6795		-2.656250
6796		-2.656250
6797		-2.450000
6798		-2.450000
6799		-2.862500
6800		-2.268750
6801		-2.537500
6802		-2.743750
6803		-2.712500
6804		-2.862500
6805		-2.506250
6806		-2.568750
6807		-2.593750
6808		-2.625000
6809		-2.268750
6810		-2.212500
6811		-1.912500
6812		-1.856250
6813		-2.062500
6814		-1.675000
6815		-1.825000
6816		-1.618750
6817		-1.531250
6818		-1.912500
6819		-1.825000
6820		-1.793750
6821		-1.556250
6822		-1.793750
6823		-1.618750
6824		-1.768750
6825		-1.768750
6826		-1.412500
6827		-1.200000
6828		-1.143750
6829		-1.350000
6830		-1.531250
6831		-1.531250
6832		-1.381250
6833		-1.706250
6834		-1.531250
6835		-1.618750
6836		-1.856250
6837		-2.093750
6838		-2.831250
6839		-2.743750
6840		-2.950000
6841		-3.250000
6842		-3.487500
6843		-2.775000
6844		-2.950000
6845		-2.687500
6846		-2.806250
6847		-2.356250
6848		-2.356250
6849		-2.093750
6850		-1.825000
6851		-1.793750
6852		-1.856250
6853		-1.650000
6854		-2.062500
6855		-1.943750
6856		-1.825000
6857		-1.825000
6858		-1.587500
6859		-1.531250
6860		-0.787500
6861		-0.193750
6862		-0.637500
6863		0.250000
6864		0.543750
6865		0.900000
6866		1.106250
6867		1.581250
6868		2.293750
6869		1.731250
6870		1.700000
6871		2.381250
6872		1.762500
6873		2.325000
6874		2.087500
6875		2.681250
6876		1.643750
6877		1.462500
6878		1.700000
6879		1.406250
6880		1.375000
6881		1.643750
6882		1.881250
6883		1.700000
6884		1.612500
6885		1.493750
6886		0.987500
6887		0.868750
6888		0.693750
6889		-0.018750
6890		0.068750
6891		-0.075000
6892		0.162500
6893		-0.225000
6894		-0.431250
6895		-0.431250
6896		-0.193750
6897		-0.875000
6898		-0.787500
6899		-0.637500
6900		-0.731250
6901		-0.756250
6902		-0.581250
6903		-0.550000
6904		-0.431250
6905		-0.668750
6906		-0.193750
6907		-0.400000
6908		-0.400000
6909		-0.431250
6910		-0.462500
6911		-0.787500
6912		-0.106250
6913		-0.375000
6914		-0.162500
6915		0.162500
6916		0.281250
6917		0.400000
6918		0.812500
6919		1.137500
6920		1.437500
6921		1.556250
6922		1.818750
6923		2.000000
6924		2.500000
6925		2.531250
6926		2.475000
6927		2.593750
6928		2.887500
6929		3.093750
6930		3.331250
6931		3.925000
6932		4.218750
6933		4.693750
6934		4.843750
6935		5.200000
6936		5.437500
6937		5.587500
6938		6.031250
6939		5.731250
6940		5.937500
6941		6.056250
6942		5.643750
6943		5.675000
6944		5.231250
6945		5.050000
6946		4.962500
6947		4.637500
6948		4.637500
6949		4.043750
6950		4.012500
6951		3.656250
6952		3.450000
6953		2.975000
6954		2.943750
6955		2.293750
6956		2.381250
6957		2.443750
6958		1.881250
6959		1.850000
6960		1.793750
6961		1.937500
6962		2.143750
6963		1.937500
6964		2.143750
6965		2.000000
6966		2.325000
6967		2.237500
6968		2.650000
6969		2.325000
6970		2.500000
6971		2.175000
6972		2.562500
6973		2.593750
6974		2.293750
6975		2.412500
6976		2.325000
6977		2.237500
6978		2.293750
6979		2.143750
6980		2.293750
6981		2.918750
6982		2.768750
6983		2.887500
6984		3.275000
6985		3.537500
6986		3.568750
6987		3.893750
6988		3.862500
6989		4.337500
6990		4.456250
6991		4.662500
6992		4.931250
6993		5.287500
6994		4.962500
6995		5.406250
6996		4.931250
6997		5.112500
6998		5.556250
6999		5.318750
7000		5.137500
7001		5.437500
7002		5.731250
7003		5.112500
7004		5.350000
7005		5.200000
7006		5.493750
7007		5.112500
7008		5.200000
7009		5.256250
7010		4.843750
7011		4.606250
7012		4.756250
7013		4.431250
7014		4.993750
7015		4.550000
7016		4.843750
7017		4.312500
7018		4.843750
7019		5.018750
7020		4.962500
7021		5.200000
7022		4.812500
7023		5.050000
7024		4.962500
7025		4.962500
7026		4.250000
7027		4.456250
7028		4.456250
7029		3.981250
7030		3.656250
7031		3.862500
7032		3.775000
7033		3.687500
7034		4.075000
7035		4.075000
7036		4.075000
7037		4.193750
7038		4.337500
7039		4.193750
7040		4.250000
7041		4.550000
7042		4.162500
7043		4.162500
7044		4.400000
7045		4.843750
7046		4.518750
7047		4.962500
7048		4.993750
7049		5.137500
7050		5.318750
7051		5.731250
7052		5.700000
7053		5.493750
7054		5.675000
7055		5.556250
7056		5.793750
7057		5.256250
7058		5.731250
7059		5.437500
7060		5.200000
7061		5.200000
7062		5.350000
7063		5.137500
7064		5.350000
7065		5.256250
7066		5.112500
7067		4.843750
7068		4.518750
7069		5.050000
7070		4.900000
7071		4.662500
7072		4.250000
7073		4.012500
7074		4.250000
7075		3.956250
7076		3.775000
7077		3.718750
7078		4.012500
7079		3.806250
7080		3.862500
7081		4.075000
7082		4.550000
7083		4.550000
7084		4.637500
7085		4.900000
7086		5.200000
7087		5.287500
7088		4.900000
7089		5.050000
7090		5.112500
7091		5.231250
7092		4.812500
7093		5.112500
7094		5.168750
7095		5.081250
7096		5.081250
7097		4.993750
7098		5.406250
7099		5.318750
7100		5.112500
7101		5.437500
7102		5.112500
7103		5.112500
7104		5.018750
7105		4.962500
7106		4.606250
7107		4.218750
7108		4.250000
7109		4.100000
7110		4.162500
7111		3.775000
7112		3.275000
7113		3.243750
7114		3.418750
7115		3.212500
7116		3.631250
7117		3.037500
7118		3.418750
7119		3.775000
7120		3.806250
7121		3.537500
7122		3.656250
7123		3.181250
7124		3.362500
7125		3.156250
7126		3.331250
7127		3.243750
7128		3.125000
7129		3.062500
7130		3.537500
7131		3.393750
7132		3.806250
7133		3.718750
7134		3.925000
7135		3.362500
7136		3.775000
7137		3.893750
7138		3.862500
7139		4.012500
7140		4.075000
7141		3.925000
7142		3.862500
7143		3.775000
7144		3.362500
7145		3.300000
7146		2.856250
7147		3.156250
7148		3.393750
7149		3.656250
7150		3.718750
7151		3.956250
7152		4.281250
7153		4.368750
7154		4.812500
7155		5.112500
7156		5.256250
7157		5.493750
7158		5.287500
7159		5.793750
7160		5.881250
7161		5.968750
7162		5.731250
7163		5.612500
7164		5.731250
7165		5.493750
7166		5.200000
7167		5.437500
7168		5.137500
7169		4.962500
7170		5.018750
7171		4.781250
7172		4.843750
7173		4.250000
7174		4.100000
7175		3.925000
7176		3.775000
7177		3.631250
7178		3.037500
7179		3.300000
7180		3.125000
7181		3.393750
7182		3.450000
7183		3.300000
7184		3.600000
7185		3.600000
7186		3.568750
7187		3.862500
7188		3.925000
7189		3.925000
7190		4.312500
7191		4.368750
7192		4.012500
7193		3.806250
7194		3.925000
7195		3.893750
7196		3.568750
7197		4.075000
7198		3.806250
7199		3.862500
7200		4.131250
7201		3.862500
7202		4.550000
7203		4.162500
7204		4.575000
7205		4.550000
7206		4.518750
7207		4.931250
7208		4.431250
7209		5.050000
7210		4.368750
7211		4.993750
7212		4.843750
7213		5.050000
7214		4.606250
7215		5.112500
7216		4.931250
7217		4.812500
7218		5.112500
7219		5.350000
7220		5.168750
7221		5.468750
7222		5.200000
7223		4.962500
7224		4.662500
7225		4.100000
7226		4.250000
7227		4.368750
7228		3.862500
7229		3.981250
7230		3.418750
7231		2.975000
7232		3.212500
7233		3.275000
7234		3.275000
7235		2.918750
7236		3.512500
7237		3.181250
7238		3.062500
7239		3.037500
7240		3.362500
7241		3.512500
7242		3.481250
7243		3.718750
7244		3.656250
7245		4.043750
7246		3.862500
7247		4.131250
7248		4.606250
7249		4.993750
7250		4.725000
7251		4.812500
7252		4.931250
7253		5.112500
7254		4.900000
7255		4.662500
7256		4.781250
7257		4.662500
7258		4.456250
7259		4.550000
7260		4.518750
7261		4.993750
7262		4.662500
7263		4.456250
7264		4.756250
7265		4.725000
7266		4.756250
7267		4.962500
7268		5.050000
7269		5.050000
7270		4.843750
7271		4.250000
7272		4.250000
7273		3.956250
7274		3.418750
7275		3.212500
7276		2.856250
7277		2.825000
7278		2.887500
7279		2.825000
7280		2.825000
7281		3.212500
7282		3.037500
7283		3.212500
7284		2.681250
7285		2.887500
7286		2.975000
7287		3.006250
7288		3.037500
7289		2.293750
7290		2.381250
7291		1.581250
7292		1.643750
7293		1.612500
7294		1.850000
7295		1.581250
7296		2.237500
7297		2.475000
7298		2.681250
7299		3.181250
7300		3.393750
7301		3.568750
7302		3.925000
7303		3.862500
7304		4.456250
7305		4.131250
7306		3.893750
7307		3.631250
7308		3.600000
7309		3.600000
7310		2.975000
7311		3.212500
7312		2.918750
7313		2.593750
7314		2.800000
7315		2.593750
7316		2.825000
7317		3.037500
7318		3.512500
7319		3.418750
7320		3.631250
7321		3.600000
7322		3.418750
7323		3.331250
7324		3.656250
7325		3.512500
7326		3.418750
7327		3.156250
7328		3.062500
7329		2.918750
7330		3.275000
7331		2.943750
7332		2.531250
7333		2.325000
7334		2.293750
7335		2.000000
7336		2.025000
7337		2.025000
7338		2.025000
7339		1.437500
7340		1.437500
7341		1.525000
7342		1.437500
7343		1.081250
7344		0.843750
7345		0.987500
7346		0.400000
7347		0.606250
7348		0.162500
7349		0.162500
7350		-0.137500
7351		-0.162500
7352		-0.137500
7353		-0.193750
7354		-0.193750
7355		-0.106250
7356		-0.075000
7357		0.281250
7358		0.306250
7359		0.306250
7360		0.456250
7361		0.368750
7362		0.843750
7363		1.256250
7364		0.843750
7365		1.106250
7366		1.081250
7367		0.987500
7368		1.318750
7369		1.700000
7370		1.343750
7371		1.700000
7372		1.343750
7373		1.612500
7374		1.700000
7375		1.343750
7376		1.437500
7377		1.406250
7378		1.256250
7379		1.343750
7380		1.343750
7381		0.843750
7382		0.962500
7383		0.812500
7384		0.575000
7385		0.306250
7386		-0.050000
7387		-0.312500
7388		-0.256250
7389		-0.518750
7390		-0.137500
7391		0.218750
7392		-0.462500
7393		-1.262500
7394		-1.056250
7395		-1.231250
7396		-1.293750
7397		-1.381250
7398		-1.468750
7399		-1.650000
7400		-1.706250
7401		-1.825000
7402		-1.318750
7403		-1.025000
7404		-1.293750
7405		-1.081250
7406		-0.637500
7407		-0.518750
7408		-0.668750
7409		-0.518750
7410		-0.787500
7411		-0.731250
7412		-0.700000
7413		-1.262500
7414		-1.768750
7415		-1.675000
7416		-1.768750
7417		-1.412500
7418		-2.000000
7419		-2.093750
7420		-1.856250
7421		-1.856250
7422		-1.825000
7423		-1.618750
7424		-1.675000
7425		-1.975000
7426		-1.825000
7427		-1.618750
7428		-1.675000
7429		-1.675000
7430		-1.587500
7431		-1.912500
7432		-1.768750
7433		-1.675000
7434		-1.768750
7435		-2.181250
7436		-2.150000
7437		-1.675000
7438		-1.912500
7439		-2.000000
7440		-1.650000
7441		-1.856250
7442		-1.318750
7443		-1.587500
7444		-1.531250
7445		-1.531250
7446		-1.231250
7447		-1.056250
7448		-0.906250
7449		-1.025000
7450		-1.143750
7451		-1.531250
7452		-1.856250
7453		-1.793750
7454		-1.587500
7455		-2.000000
7456		-1.912500
7457		-2.268750
7458		-1.975000
7459		-2.093750
7460		-2.506250
7461		-2.387500
7462		-1.943750
7463		-1.768750
7464		-2.000000
7465		-1.912500
7466		-1.768750
7467		-2.000000
7468		-1.706250
7469		-1.650000
7470		-2.000000
7471		-1.975000
7472		-2.212500
7473		-1.887500
7474		-2.568750
7475		-2.712500
7476		-2.950000
7477		-3.100000
7478		-2.831250
7479		-2.831250
7480		-2.568750
7481		-2.712500
7482		-2.450000
7483		-1.912500
7484		-1.856250
7485		-1.618750
7486		-1.293750
7487		-1.412500
7488		-1.412500
7489		-1.318750
7490		-1.912500
7491		-2.300000
7492		-2.743750
7493		-3.275000
7494		-3.631250
7495		-3.900000
7496		-4.312500
7497		-4.018750
7498		-4.075000
7499		-3.843750
7500		-3.781250
7501		-3.750000
7502		-4.050000
7503		-3.575000
7504		-4.050000
7505		-4.287500
7506		-4.375000
7507		-4.612500
7508		-4.937500
7509		-5.262500
7510		-4.787500
7511		-4.818750
7512		-4.225000
7513		-4.075000
7514		-3.725000
7515		-3.037500
7516		-2.181250
7517		-2.000000
7518		-1.262500
7519		-0.581250
7520		-0.343750
7521		-0.106250
7522		-0.375000
7523		0.162500
7524		0.250000
7525		0.400000
7526		0.368750
7527		0.368750
7528		0.400000
7529		-0.106250
7530		0.012500
7531		-0.431250
7532		-0.431250
7533		-0.462500
7534		-1.231250
7535		-0.937500
7536		-1.200000
7537		-1.556250
7538		-1.412500
7539		-1.706250
7540		-1.856250
7541		-1.912500
7542		-1.912500
7543		-2.450000
7544		-2.212500
7545		-2.568750
7546		-2.568750
7547		-2.418750
7548		-2.418750
7549		-2.981250
7550		-3.187500
7551		-2.925000
7552		-3.393750
7553		-3.987500
7554		-3.781250
7555		-4.581250
7556		-4.937500
7557		-5.381250
7558		-5.681250
7559		-6.212500
7560		-6.418750
7561		-6.506250
7562		-6.481250
7563		-6.181250
7564		-6.006250
7565		-5.381250
7566		-5.381250
7567		-4.668750
7568		-4.193750
7569		-3.218750
7570		-3.037500
7571		-2.356250
7572		-1.468750
7573		-1.025000
7574		-0.400000
7575		0.068750
7576		0.131250
7577		0.250000
7578		0.518750
7579		0.962500
7580		0.987500
7581		0.900000
7582		1.287500
7583		1.081250
7584		0.900000
7585		1.200000
7586		0.843750
7587		0.368750
7588		0.162500
7589		-0.162500
7590		-0.850000
7591		-1.231250
7592		-1.706250
7593		-2.118750
7594		-2.387500
7595		-2.093750
7596		-2.950000
7597		-3.012500
7598		-2.743750
7599		-2.268750
7600		-1.468750
7601		-1.056250
7602		-0.818750
7603		-0.137500
7604		-0.193750
7605		0.068750
7606		0.518750
7607		0.606250
7608		0.843750
7609		0.987500
7610		0.756250
7611		0.812500
7612		0.693750
7613		0.518750
7614		0.337500
7615		0.131250
7616		-0.493750
7617		-1.175000
7618		-1.675000
7619		-2.062500
7620		-2.775000
7621		-3.037500
7622		-4.075000
7623		-4.731250
7624		-4.937500
7625		-5.737500
7626		-6.212500
7627		-6.362500
7628		-7.131250
7629		-7.281250
7630		-7.750000
7631		-8.137500
7632		-8.437500
7633		-8.018750
7634		-8.137500
7635		-8.906250
7636		-8.200000
7637		-8.081250
7638		-7.487500
7639		-7.250000
7640		-6.537500
7641		-5.500000
7642		-4.256250
7643		-3.956250
7644		-2.743750
7645		-1.675000
7646		-0.668750
7647		0.100000
7648		0.931250
7649		1.793750
7650		1.818750
7651		2.593750
7652		2.737500
7653		3.181250
7654		2.800000
7655		2.712500
7656		2.500000
7657		2.237500
7658		1.850000
7659		1.818750
7660		1.437500
7661		1.612500
7662		1.106250
7663		0.962500
7664		0.368750
7665		-0.431250
7666		-0.343750
7667		-0.493750
7668		-0.668750
7669		-0.281250
7670		-0.731250
7671		-0.850000
7672		-1.587500
7673		-0.637500
7674		-0.968750
7675		-0.668750
7676		-0.256250
7677		-0.518750
7678		-0.493750
7679		-0.193750
7680		-0.018750
7681		-0.225000
7682		-0.581250
7683		-0.637500
7684		-1.200000
7685		-1.175000
7686		-2.000000
7687		-2.568750
7688		-3.037500
7689		-3.393750
7690		-4.050000
7691		-4.581250
7692		-5.056250
7693		-6.212500
7694		-6.062500
7695		-6.418750
7696		-6.950000
7697		-7.100000
7698		-7.187500
7699		-7.606250
7700		-7.162500
7701		-6.687500
7702		-6.862500
7703		-6.831250
7704		-6.243750
7705		-5.912500
7706		-5.262500
7707		-4.525000
7708		-4.050000
7709		-3.781250
7710		-3.100000
7711		-2.475000
7712		-2.356250
7713		-1.706250
7714		-1.706250
7715		-1.200000
7716		-0.818750
7717		-1.056250
7718		-0.787500
7719		-1.200000
7720		-0.968750
7721		-1.081250
7722		-0.937500
7723		-1.175000
7724		-1.262500
7725		-1.231250
7726		-1.112500
7727		-1.556250
7728		-1.468750
7729		-1.531250
7730		-1.500000
7731		-1.531250
7732		-1.531250
7733		-1.412500
7734		-1.175000
7735		-1.081250
7736		-0.787500
7737		-0.668750
7738		-0.637500
7739		-0.518750
7740		-0.581250
7741		-0.343750
7742		-0.256250
7743		-0.375000
7744		-0.343750
7745		-1.231250
7746		-1.112500
7747		-1.556250
7748		-1.437500
7749		-1.556250
7750		-1.675000
7751		-1.975000
7752		-2.356250
7753		-2.743750
7754		-2.506250
7755		-3.012500
7756		-2.925000
7757		-2.806250
7758		-3.187500
7759		-3.487500
7760		-3.306250
7761		-3.250000
7762		-3.725000
7763		-3.606250
7764		-3.631250
7765		-4.287500
7766		-4.493750
7767		-5.025000
7768		-5.025000
7769		-4.937500
7770		-5.231250
7771		-5.231250
7772		-4.993750
7773		-5.381250
7774		-5.175000
7775		-4.818750
7776		-4.550000
7777		-5.293750
7778		-4.850000
7779		-5.143750
7780		-4.581250
7781		-4.375000
7782		-4.550000
7783		-4.431250
7784		-4.668750
7785		-4.075000
7786		-3.956250
7787		-3.487500
7788		-3.250000
7789		-3.156250
7790		-3.156250
7791		-2.687500
7792		-1.768750
7793		-2.181250
7794		-1.468750
7795		-1.768750
7796		-1.412500
7797		-1.081250
7798		-1.318750
7799		-0.937500
7800		-1.468750
7801		-1.650000
7802		-1.587500
7803		-1.350000
7804		-1.587500
7805		-1.200000
7806		-0.787500
7807		-1.231250
7808		-0.968750
7809		-0.756250
7810		-0.731250
7811		-0.818750
7812		-0.818750
7813		-0.993750
7814		-1.143750
7815		-1.231250
7816		-1.231250
7817		-1.231250
7818		-0.731250
7819		-1.081250
7820		-0.968750
7821		-0.343750
7822		-0.493750
7823		-0.312500
7824		0.456250
7825		0.100000
7826		0.250000
7827		0.637500
7828		0.281250
7829		0.812500
7830		0.725000
7831		0.368750
7832		0.487500
7833		0.306250
7834		0.306250
7835		0.518750
7836		0.306250
7837		0.425000
7838		0.456250
7839		0.400000
7840		0.693750
7841		0.456250
7842		0.368750
7843		0.693750
7844		0.337500
7845		0.012500
7846		0.281250
7847		0.100000
7848		-0.518750
7849		-0.756250
7850		-0.875000
7851		-1.081250
7852		-0.906250
7853		-0.818750
7854		-1.381250
7855		-0.875000
7856		-0.968750
7857		-0.968750
7858		-0.668750
7859		-0.518750
7860		-0.312500
7861		-0.375000
7862		-0.518750
7863		-0.668750
7864		-0.225000
7865		-0.668750
7866		-0.637500
7867		-0.731250
7868		-1.025000
7869		-1.143750
7870		-0.937500
7871		-0.493750
7872		-0.343750
7873		0.306250
7874		0.756250
7875		1.050000
7876		1.643750
7877		1.675000
7878		1.937500
7879		2.531250
7880		2.475000
7881		2.475000
7882		2.531250
7883		3.037500
7884		2.650000
7885		2.737500
7886		2.856250
7887		2.975000
7888		2.593750
7889		2.443750
7890		2.943750
7891		3.418750
7892		2.856250
7893		2.918750
7894		2.593750
7895		2.618750
7896		2.681250
7897		2.475000
7898		2.531250
7899		2.475000
7900		1.850000
7901		1.612500
7902		1.581250
7903		1.493750
7904		1.256250
7905		0.900000
7906		0.637500
7907		0.693750
7908		0.843750
7909		0.400000
7910		0.368750
7911		0.400000
7912		0.543750
7913		0.781250
7914		0.900000
7915		0.662500
7916		0.987500
7917		0.662500
7918		0.725000
7919		0.962500
7920		0.518750
7921		0.606250
7922		0.250000
7923		0.456250
7924		0.518750
7925		0.962500
7926		1.612500
7927		1.406250
7928		1.343750
7929		1.762500
7930		2.237500
7931		2.237500
7932		2.475000
7933		3.006250
7934		3.181250
7935		3.481250
7936		3.481250
7937		3.300000
7938		3.631250
7939		3.743750
7940		4.012500
7941		4.043750
7942		4.993750
7943		5.112500
7944		5.525000
7945		5.937500
7946		6.175000
7947		6.887500
7948		7.068750
7949		7.212500
7950		7.187500
7951		7.425000
7952		7.187500
7953		6.975000
7954		6.737500
7955		6.737500
7956		6.475000
7957		6.387500
7958		6.000000
7959		6.175000
7960		5.793750
7961		5.256250
7962		5.112500
7963		5.468750
7964		4.606250
7965		4.100000
7966		4.043750
7967		3.893750
7968		3.418750
7969		3.300000
7970		3.125000
7971		3.243750
7972		3.006250
7973		2.887500
7974		3.037500
7975		3.062500
7976		3.331250
7977		3.925000
7978		3.656250
7979		3.743750
7980		4.100000
7981		3.275000
7982		3.512500
7983		3.481250
7984		3.362500
7985		3.181250
7986		2.887500
7987		3.181250
7988		2.681250
7989		2.800000
7990		2.887500
7991		3.243750
7992		3.418750
7993		3.418750
7994		3.775000
7995		3.656250
7996		3.956250
7997		4.368750
7998		4.312500
7999		4.518750
8000		4.575000
8001		4.756250
8002		4.812500
8003		5.050000
8004		5.112500
8005		5.287500
8006		5.731250
8007		6.387500
8008		5.968750
8009		5.643750
8010		5.850000
8011		5.700000
8012		5.731250
8013		5.881250
8014		5.937500
8015		5.850000
8016		5.731250
8017		5.937500
8018		5.912500
8019		6.150000
8020		5.818750
8021		5.793750
8022		5.556250
8023		5.256250
8024		5.525000
8025		5.318750
8026		5.018750
8027		5.018750
8028		5.137500
8029		5.468750
8030		5.493750
8031		5.406250
8032		5.587500
8033		5.525000
8034		5.350000
8035		5.587500
8036		5.350000
8037		5.406250
8038		4.962500
8039		4.725000
8040		4.550000
8041		4.281250
8042		4.218750
8043		3.806250
8044		3.687500
8045		3.806250
8046		3.956250
8047		4.312500
8048		4.456250
8049		4.431250
8050		4.337500
8051		4.550000
8052		4.400000
8053		4.487500
8054		4.637500
8055		4.312500
8056		4.312500
8057		4.550000
8058		4.693750
8059		4.875000
8060		5.375000
8061		5.556250
8062		5.437500
8063		5.437500
8064		5.850000
8065		5.643750
8066		5.643750
8067		5.643750
8068		5.731250
8069		5.468750
8070		5.256250
8071		5.287500
8072		5.050000
8073		5.137500
8074		5.200000
8075		5.287500
8076		5.200000
8077		4.962500
8078		5.168750
8079		5.437500
8080		5.137500
8081		5.200000
8082		5.468750
8083		4.725000
8084		4.337500
8085		4.456250
8086		4.218750
8087		3.925000
8088		3.806250
8089		3.568750
8090		4.131250
8091		4.043750
8092		4.218750
8093		4.368750
8094		4.550000
8095		4.518750
8096		4.662500
8097		4.962500
8098		5.137500
8099		5.406250
8100		5.256250
8101		5.287500
8102		5.468750
8103		5.287500
8104		5.437500
8105		5.406250
8106		5.556250
8107		4.900000
8108		4.900000
8109		4.843750
8110		4.781250
8111		4.962500
8112		5.018750
8113		5.350000
8114		5.556250
8115		5.437500
8116		4.693750
8117		5.050000
8118		4.843750
8119		4.756250
8120		4.312500
8121		4.162500
8122		3.806250
8123		3.631250
8124		3.125000
8125		3.212500
8126		3.450000
8127		3.331250
8128		3.093750
8129		3.156250
8130		3.418750
8131		3.181250
8132		2.887500
8133		3.362500
8134		3.125000
8135		2.975000
8136		2.975000
8137		3.243750
8138		3.212500
8139		3.450000
8140		3.062500
8141		3.062500
8142		3.125000
8143		3.418750
8144		3.125000
8145		3.656250
8146		3.537500
8147		3.481250
8148		3.775000
8149		3.512500
8150		3.718750
8151		3.743750
8152		3.512500
8153		3.862500
8154		3.925000
8155		3.956250
8156		3.418750
8157		3.687500
8158		3.743750
8159		3.418750
8160		3.450000
8161		3.656250
8162		3.481250
8163		4.075000
8164		4.250000
8165		4.218750
8166		4.637500
8167		4.875000
8168		4.781250
8169		4.693750
8170		5.468750
8171		5.256250
8172		5.350000
8173		5.200000
8174		5.937500
8175		5.612500
8176		5.493750
8177		5.350000
8178		5.525000
8179		5.112500
8180		5.018750
8181		4.843750
8182		5.200000
8183		4.575000
8184		4.662500
8185		4.162500
8186		4.131250
8187		3.806250
8188		3.481250
8189		3.125000
8190		3.006250
8191		2.712500
8192		2.500000
8193		3.275000
8194		3.656250
8195		3.925000
8196		3.687500
8197		3.862500
8198		3.568750
8199		3.393750
8200		3.481250
8201		3.837500
8202		3.862500
8203		3.212500
8204		3.275000
8205		3.062500
8206		3.156250
8207		3.300000
8208		3.481250
8209		3.537500
8210		4.250000
8211		4.075000
8212		4.012500
8213		4.218750
8214		4.012500
8215		4.312500
8216		4.100000
8217		4.162500
8218		4.193750
8219		4.250000
8220		4.218750
8221		4.043750
8222		4.012500
8223		4.100000
8224		4.012500
8225		4.075000
8226		4.075000
8227		4.312500
8228		4.368750
8229		4.431250
8230		4.312500
8231		4.368750
8232		4.075000
8233		3.718750
8234		3.568750
8235		3.212500
8236		2.975000
8237		2.618750
8238		2.175000
8239		2.562500
8240		2.500000
8241		2.087500
8242		2.025000
8243		2.118750
8244		2.325000
8245		2.000000
8246		1.700000
8247		1.643750
8248		1.818750
8249		1.906250
8250		1.793750
8251		2.087500
8252		2.381250
8253		2.681250
8254		2.562500
8255		3.331250
8256		3.062500
8257		3.718750
8258		3.925000
8259		4.131250
8260		4.312500
8261		3.925000
8262		4.281250
8263		3.568750
8264		3.450000
8265		3.450000
8266		3.062500
8267		3.275000
8268		3.181250
8269		3.362500
8270		3.181250
8271		3.481250
8272		3.956250
8273		3.718750
8274		3.925000
8275		3.631250
8276		3.806250
8277		3.481250
8278		3.125000
8279		2.737500
8280		2.681250
8281		2.475000
8282		2.118750
8283		1.968750
8284		1.700000
8285		1.406250
8286		1.318750
8287		1.406250
8288		1.556250
8289		1.581250
8290		1.850000
8291		1.493750
8292		1.643750
8293		1.731250
8294		1.612500
8295		1.106250
8296		1.050000
8297		0.781250
8298		0.662500
8299		0.400000
8300		0.162500
8301		0.425000
8302		0.843750
8303		0.812500
8304		0.812500
8305		1.462500
8306		1.406250
8307		2.237500
8308		2.293750
8309		2.381250
8310		2.412500
8311		2.593750
8312		2.593750
8313		2.325000
8314		2.412500
8315		1.906250
8316		1.937500
8317		1.881250
8318		1.581250
8319		1.581250
8320		1.437500
8321		1.525000
8322		0.781250
8323		1.050000
8324		1.081250
8325		1.406250
8326		1.406250
8327		1.437500
8328		1.581250
8329		1.793750
8330		1.881250
8331		1.493750
8332		1.493750
8333		1.493750
8334		1.437500
8335		1.137500
8336		1.256250
8337		1.225000
8338		1.168750
8339		0.725000
8340		0.543750
8341		0.518750
8342		0.425000
8343		-0.018750
8344		-0.256250
8345		-0.493750
8346		-0.581250
8347		-0.637500
8348		-0.612500
8349		-0.818750
8350		-1.056250
8351		-1.081250
8352		-1.112500
8353		-1.468750
8354		-1.412500
8355		-1.531250
8356		-1.825000
8357		-2.062500
8358		-2.118750
8359		-1.912500
8360		-2.300000
8361		-1.825000
8362		-2.150000
8363		-2.093750
8364		-1.618750
8365		-1.706250
8366		-1.706250
8367		-1.381250
8368		-1.618750
8369		-1.468750
8370		-1.318750
8371		-1.381250
8372		-1.531250
8373		-1.437500
8374		-1.318750
8375		-1.412500
8376		-1.112500
8377		-1.381250
8378		-1.025000
8379		-1.112500
8380		-0.993750
8381		-1.025000
8382		-0.906250
8383		-0.787500
8384		-1.056250
8385		-1.231250
8386		-0.875000
8387		-0.818750
8388		-1.618750
8389		-1.531250
8390		-1.618750
8391		-1.856250
8392		-2.212500
8393		-2.118750
8394		-2.450000
8395		-2.150000
8396		-2.356250
8397		-2.418750
8398		-3.012500
8399		-2.568750
8400		-3.337500
8401		-3.100000
8402		-3.306250
8403		-3.393750
8404		-3.987500
8405		-4.168750
8406		-4.225000
8407		-3.987500
8408		-3.812500
8409		-4.225000
8410		-3.662500
8411		-3.512500
8412		-3.987500
8413		-3.275000
8414		-3.131250
8415		-3.012500
8416		-2.950000
8417		-3.012500
8418		-2.743750
8419		-3.068750
8420		-3.156250
8421		-3.931250
8422		-3.606250
8423		-3.812500
8424		-4.312500
8425		-4.493750
8426		-4.106250
8427		-4.137500
8428		-4.406250
8429		-4.256250
8430		-4.525000
8431		-3.931250
8432		-4.225000
8433		-4.137500
8434		-3.606250
8435		-3.900000
8436		-4.343750
8437		-3.631250
8438		-3.693750
8439		-3.987500
8440		-3.868750
8441		-3.725000
8442		-3.843750
8443		-3.956250
8444		-3.900000
8445		-4.431250
8446		-4.287500
8447		-4.256250
8448		-4.075000
8449		-3.987500
8450		-3.750000
8451		-3.868750
8452		-3.750000
8453		-3.487500
8454		-3.275000
8455		-3.606250
8456		-3.187500
8457		-3.306250
8458		-3.306250
8459		-3.543750
8460		-3.693750
8461		-3.725000
8462		-4.312500
8463		-4.193750
8464		-4.581250
8465		-4.168750
8466		-3.900000
8467		-4.493750
8468		-3.487500
8469		-4.225000
8470		-4.075000
8471		-4.106250
8472		-4.287500
8473		-4.137500
8474		-4.431250
8475		-4.168750
8476		-4.375000
8477		-4.287500
8478		-4.287500
8479		-4.312500
8480		-4.525000
8481		-5.087500
8482		-4.493750
8483		-5.325000
8484		-5.175000
8485		-5.912500
8486		-5.443750
8487		-5.056250
8488		-5.262500
8489		-4.875000
8490		-4.643750
8491		-4.256250
8492		-3.931250
8493		-3.750000
8494		-3.868750
8495		-3.843750
8496		-3.956250
8497		-4.225000
8498		-4.287500
8499		-4.612500
8500		-5.531250
8501		-5.650000
8502		-6.506250
8503		-6.125000
8504		-6.687500
8505		-6.656250
8506		-6.600000
8507		-6.568750
8508		-6.506250
8509		-6.450000
8510		-6.506250
8511		-6.600000
8512		-6.981250
8513		-7.487500
8514		-7.337500
8515		-7.456250
8516		-7.400000
8517		-7.456250
8518		-7.187500
8519		-7.100000
8520		-6.656250
8521		-6.268750
8522		-5.531250
8523		-5.087500
8524		-4.581250
8525		-4.050000
8526		-3.606250
8527		-2.862500
8528		-3.250000
8529		-2.893750
8530		-2.831250
8531		-2.893750
8532		-2.862500
8533		-2.950000
8534		-3.037500
8535		-2.950000
8536		-3.187500
8537		-3.662500
8538		-3.662500
8539		-3.843750
8540		-4.137500
8541		-4.493750
8542		-3.543750
8543		-4.106250
8544		-4.075000
8545		-4.550000
8546		-4.668750
8547		-4.643750
8548		-4.731250
8549		-5.175000
8550		-5.025000
8551		-4.993750
8552		-5.231250
8553		-5.650000
8554		-5.468750
8555		-6.062500
8556		-6.150000
8557		-5.706250
8558		-5.912500
8559		-6.506250
8560		-6.656250
8561		-7.306250
8562		-7.662500
8563		-7.931250
8564		-8.050000
8565		-8.318750
8566		-8.881250
8567		-9.412500
8568		-9.118750
8569		-9.262500
8570		-9.087500
8571		-9.381250
8572		-8.968750
8573		-8.137500
8574		-7.637500
8575		-7.400000
8576		-6.625000
8577		-6.418750
8578		-5.381250
8579		-4.406250
8580		-4.343750
8581		-3.693750
8582		-3.131250
8583		-3.012500
8584		-2.593750
8585		-2.743750
8586		-2.418750
8587		-2.418750
8588		-2.000000
8589		-1.912500
8590		-2.062500
8591		-2.450000
8592		-2.212500
8593		-2.150000
8594		-2.506250
8595		-2.593750
8596		-3.037500
8597		-3.575000
8598		-3.750000
8599		-4.312500
8600		-4.581250
8601		-4.762500
8602		-5.325000
8603		-5.443750
8604		-5.231250
8605		-5.143750
8606		-4.581250
8607		-4.525000
8608		-4.431250
8609		-3.781250
8610		-3.275000
8611		-2.862500
8612		-1.231250
8613		-2.150000
8614		-2.331250
8615		-2.093750
8616		-1.975000
8617		-1.793750
8618		-1.768750
8619		-1.706250
8620		-1.943750
8621		-2.181250
8622		-2.300000
8623		-2.300000
8624		-2.981250
8625		-3.393750
8626		-4.050000
8627		-4.787500
8628		-5.681250
8629		-6.093750
8630		-6.656250
8631		-7.162500
8632		-8.437500
8633		-8.375000
8634		-8.818750
8635		-9.475000
8636		-9.918750
8637		-10.125000
8638		-10.300000
8639		-11.662500
8640		-10.893750
8641		-11.218750
8642		-11.250000
8643		-11.012500
8644		-10.481250
8645		-10.512500
8646		-10.006250
8647		-9.025000
8648		-8.200000
8649		-7.337500
8650		-6.362500
8651		-5.231250
8652		-4.375000
8653		-3.156250
8654		-2.712500
8655		-1.675000
8656		-1.231250
8657		-0.225000
8658		0.043750
8659		0.306250
8660		0.250000
8661		0.218750
8662		0.068750
8663		-0.075000
8664		0.162500
8665		-0.431250
8666		-0.312500
8667		-0.818750
8668		-1.556250
8669		-1.318750
8670		-1.531250
8671		-1.912500
8672		-2.000000
8673		-2.475000
8674		-2.625000
8675		-2.862500
8676		-2.950000
8677		-3.487500
8678		-3.037500
8679		-3.306250
8680		-3.100000
8681		-2.806250
8682		-2.893750
8683		-2.712500
8684		-2.568750
8685		-2.418750
8686		-2.150000
8687		-2.475000
8688		-2.712500
8689		-2.656250
8690		-2.593750
8691		-3.012500
8692		-3.487500
8693		-3.843750
8694		-4.375000
8695		-5.206250
8696		-5.500000
8697		-6.031250
8698		-6.718750
8699		-7.012500
8700		-7.606250
8701		-8.225000
8702		-8.525000
8703		-9.175000
8704		-9.262500
8705		-9.325000
8706		-9.618750
8707		-9.681250
8708		-9.681250
8709		-9.025000
8710		-8.881250
8711		-8.818750
8712		-8.137500
8713		-7.281250
8714		-7.187500
8715		-6.656250
8716		-6.387500
8717		-5.681250
8718		-5.262500
8719		-4.968750
8720		-4.550000
8721		-4.312500
8722		-3.843750
8723		-3.956250
8724		-3.306250
8725		-3.900000
8726		-3.100000
8727		-3.012500
8728		-2.862500
8729		-3.131250
8730		-3.306250
8731		-3.606250
8732		-3.306250
8733		-3.487500
8734		-3.487500
8735		-3.512500
8736		-3.487500
8737		-3.606250
8738		-3.606250
8739		-3.187500
8740		-3.218750
8741		-2.925000
8742		-2.593750
8743		-2.356250
8744		-2.656250
8745		-2.506250
8746		-2.212500
8747		-2.537500
8748		-2.150000
8749		-2.268750
8750		-2.331250
8751		-2.031250
8752		-2.593750
8753		-2.712500
8754		-2.743750
8755		-3.306250
8756		-3.543750
8757		-3.631250
8758		-3.931250
8759		-4.018750
8760		-3.843750
8761		-4.137500
8762		-4.818750
8763		-4.993750
8764		-4.762500
8765		-4.762500
8766		-4.818750
8767		-4.643750
8768		-5.531250
8769		-5.262500
8770		-5.618750
8771		-5.706250
8772		-5.681250
8773		-6.006250
8774		-6.181250
8775		-6.775000
8776		-6.656250
8777		-7.131250
8778		-6.862500
8779		-6.806250
8780		-7.100000
8781		-6.481250
8782		-6.600000
8783		-6.568750
8784		-6.481250
8785		-6.387500
8786		-6.006250
8787		-6.212500
8788		-6.006250
8789		-5.887500
8790		-6.450000
8791		-6.212500
8792		-5.706250
8793		-5.737500
8794		-5.618750
8795		-4.850000
8796		-4.968750
8797		-4.668750
8798		-4.343750
8799		-3.487500
8800		-3.368750
8801		-3.131250
8802		-3.037500
8803		-2.950000
8804		-2.893750
8805		-2.775000
8806		-2.625000
8807		-2.950000
8808		-2.775000
8809		-2.450000
8810		-2.625000
8811		-2.950000
8812		-2.893750
8813		-2.625000
8814		-2.537500
8815		-2.212500
8816		-1.943750
8817		-2.450000
8818		-2.118750
8819		-1.975000
8820		-1.706250
8821		-2.237500
8822		-2.093750
8823		-2.062500
8824		-2.031250
8825		-2.450000
8826		-2.181250
8827		-2.356250
8828		-2.031250
8829		-1.412500
8830		-1.825000
8831		-1.500000
8832		-1.531250
8833		-0.937500
8834		-1.318750
8835		-0.875000
8836		-1.081250
8837		-1.175000
8838		-1.412500
8839		-1.318750
8840		-1.500000
8841		-0.668750
8842		-1.081250
8843		-1.175000
8844		-1.112500
8845		-0.850000
8846		-0.731250
8847		-0.668750
8848		-0.493750
8849		-0.431250
8850		-0.462500
8851		-0.700000
8852		-1.112500
8853		-1.468750
8854		-1.231250
8855		-1.500000
8856		-1.618750
8857		-2.356250
8858		-2.387500
8859		-2.712500
8860		-2.475000
8861		-2.537500
8862		-1.825000
8863		-2.031250
8864		-1.912500
8865		-1.650000
8866		-1.500000
8867		-1.262500
8868		-1.381250
8869		-1.318750
8870		-1.468750
8871		-1.318750
8872		-1.768750
8873		-1.856250
8874		-1.737500
8875		-1.856250
8876		-1.706250
8877		-0.968750
8878		-1.056250
8879		-1.025000
8880		-0.518750
8881		-0.225000
8882		0.162500
8883		0.868750
8884		0.931250
8885		1.581250
8886		2.000000
8887		1.793750
8888		2.025000
8889		2.237500
8890		2.531250
8891		1.881250
8892		2.262500
8893		2.175000
8894		2.681250
8895		1.793750
8896		2.356250
8897		2.143750
8898		1.881250
8899		1.881250
8900		1.493750
8901		1.881250
8902		1.881250
8903		1.581250
8904		1.643750
8905		1.556250
8906		1.493750
8907		1.106250
8908		0.931250
8909		0.518750
8910		0.543750
8911		-0.018750
8912		0.306250
8913		0.068750
8914		-0.106250
8915		-0.256250
8916		-0.312500
8917		-0.225000
8918		-0.343750
8919		-0.137500
8920		-0.050000
8921		0.187500
8922		0.368750
8923		-0.162500
8924		0.518750
8925		0.068750
8926		0.250000
8927		0.456250
8928		0.068750
8929		0.068750
8930		0.187500
8931		-0.431250
8932		0.162500
8933		0.218750
8934		0.100000
8935		0.400000
8936		0.518750
8937		0.843750
8938		1.225000
8939		1.581250
8940		1.700000
8941		1.937500
8942		2.381250
8943		2.000000
8944		2.737500
8945		2.650000
8946		2.800000
8947		3.125000
8948		3.568750
8949		3.481250
8950		4.431250
8951		4.843750
8952		5.137500
8953		5.881250
8954		6.150000
8955		6.175000
8956		6.325000
8957		6.562500
8958		6.356250
8959		6.325000
8960		6.268750
8961		5.968750
8962		6.087500
8963		5.881250
8964		5.437500
8965		5.643750
8966		5.081250
8967		4.962500
8968		4.875000
8969		4.575000
8970		4.550000
8971		3.956250
8972		3.481250
8973		3.212500
8974		3.481250
8975		2.975000
8976		2.356250
8977		2.356250
8978		2.175000
8979		2.025000
8980		1.793750
8981		2.143750
8982		2.000000
8983		2.175000
8984		2.412500
8985		2.593750
8986		2.650000
8987		2.681250
8988		2.887500
8989		2.943750
8990		3.212500
8991		3.062500
8992		2.562500
8993		2.381250
8994		2.475000
8995		2.531250
8996		2.681250
8997		2.475000
8998		2.443750
8999		2.618750
9000		2.918750
9001		2.887500
9002		3.275000
9003		3.181250
9004		3.656250
9005		4.075000
9006		4.281250
9007		4.756250
9008		5.018750
9009		5.050000
9010		5.350000
9011		5.587500
9012		5.762500
9013		5.700000
9014		5.556250
9015		5.881250
9016		5.731250
9017		5.468750
9018		5.700000
9019		5.612500
9020		5.643750
9021		5.587500
9022		5.556250
9023		5.937500
9024		6.206250
9025		5.762500
9026		6.031250
9027		5.643750
9028		6.150000
9029		5.643750
9030		5.731250
9031		5.350000
9032		5.437500
9033		5.556250
9034		5.675000
9035		5.350000
9036		4.662500
9037		5.468750
9038		5.437500
9039		5.256250
9040		5.350000
9041		5.762500
9042		5.406250
9043		5.256250
9044		5.112500
9045		4.843750
9046		4.518750
9047		4.400000
9048		4.281250
9049		3.837500
9050		4.162500
9051		3.656250
9052		4.075000
9053		4.043750
9054		4.100000
9055		4.606250
9056		4.400000
9057		4.812500
9058		4.400000
9059		4.456250
9060		4.337500
9061		4.100000
9062		4.812500
9063		4.337500
9064		4.756250
9065		4.993750
9066		4.962500
9067		5.050000
9068		5.700000
9069		5.881250
9070		5.793750
9071		6.031250
9072		6.175000
9073		6.000000
9074		6.031250
9075		6.031250
9076		5.643750
9077		5.850000
9078		5.818750
9079		5.587500
9080		5.200000
9081		5.731250
9082		5.643750
9083		5.587500
9084		6.056250
9085		6.150000
9086		5.881250
9087		5.700000
9088		5.437500
9089		5.700000
9090		5.318750
9091		5.231250
9092		5.018750
9093		4.662500
9094		4.250000
9095		3.862500
9096		4.162500
9097		3.893750
9098		3.925000
9099		4.075000
9100		4.075000
9101		3.925000
9102		4.606250
9103		4.725000
9104		5.050000
9105		5.018750
9106		5.200000
9107		5.556250
9108		5.406250
9109		5.437500
9110		5.437500
9111		5.200000
9112		5.675000
9113		5.793750
9114		5.406250
9115		5.137500
9116		4.962500
9117		5.018750
9118		5.731250
9119		5.231250
9120		5.493750
9121		5.112500
9122		5.137500
9123		5.018750
9124		4.962500
9125		4.962500
9126		4.518750
9127		4.693750
9128		4.100000
9129		4.312500
9130		4.100000
9131		3.956250
9132		3.981250
9133		3.743750
9134		3.481250
9135		3.512500
9136		3.393750
9137		3.956250
9138		3.775000
9139		3.718750
9140		3.718750
9141		3.418750
9142		3.481250
9143		2.975000
9144		3.631250
9145		3.600000
9146		3.362500
9147		3.481250
9148		3.481250
9149		3.362500
9150		3.512500
9151		3.631250
9152		3.925000
9153		3.450000
9154		3.893750
9155		3.656250
9156		3.862500
9157		3.806250
9158		4.043750
9159		3.718750
9160		3.956250
9161		4.218750
9162		3.806250
9163		3.537500
9164		3.568750
9165		3.656250
9166		3.631250
9167		3.656250
9168		3.956250
9169		3.775000
9170		3.718750
9171		3.862500
9172		4.781250
9173		4.993750
9174		5.081250
9175		5.050000
9176		5.200000
9177		5.406250
9178		5.587500
9179		5.350000
9180		5.318750
9181		5.493750
9182		5.406250
9183		5.112500
9184		5.200000
9185		5.256250
9186		5.493750
9187		5.556250
9188		5.375000
9189		5.050000
9190		5.112500
9191		4.781250
9192		4.962500
9193		4.575000
9194		4.312500
9195		4.075000
9196		3.925000
9197		3.925000
9198		3.362500
9199		3.481250
9200		3.212500
9201		3.037500
9202		3.331250
9203		3.362500
9204		3.775000
9205		3.837500
9206		4.100000
9207		4.162500
9208		4.575000
9209		4.843750
9210		4.662500
9211		4.400000
9212		4.550000
9213		4.368750
9214		4.725000
9215		4.131250
9216		4.550000
9217		4.075000
9218		4.368750
9219		4.637500
9220		4.693750
9221		4.875000
9222		4.843750
9223		4.962500
9224		5.050000
9225		4.962500
9226		5.137500
9227		4.962500
9228		4.843750
9229		5.200000
9230		4.756250
9231		5.018750
9232		5.231250
9233		5.112500
9234		5.287500
9235		5.287500
9236		5.406250
9237		5.168750
9238		5.643750
9239		5.493750
9240		5.137500
9241		5.200000
9242		4.900000
9243		5.050000
9244		4.431250
9245		4.250000
9246		3.956250
9247		4.075000
9248		3.806250
9249		3.718750
9250		3.418750
9251		3.600000
9252		3.481250
9253		3.687500
9254		3.568750
9255		3.775000
9256		3.300000
9257		3.450000
9258		3.418750
9259		2.768750
9260		3.125000
9261		2.768750
9262		3.181250
9263		3.481250
9264		3.512500
9265		4.043750
9266		4.900000
9267		4.550000
9268		5.050000
9269		5.200000
9270		5.406250
9271		5.556250
9272		5.468750
9273		5.587500
9274		4.962500
9275		5.137500
9276		4.662500
9277		5.050000
9278		5.018750
9279		5.137500
9280		4.875000
9281		4.993750
9282		5.350000
9283		5.318750
9284		5.556250
9285		5.081250
9286		5.168750
9287		5.137500
9288		5.556250
9289		5.256250
9290		4.693750
9291		4.518750
9292		4.100000
9293		3.743750
9294		3.925000
9295		3.775000
9296		3.181250
9297		3.568750
9298		3.331250
9299		3.331250
9300		3.481250
9301		3.481250
9302		3.393750
9303		3.362500
9304		3.300000
9305		2.975000
9306		2.681250
9307		2.975000
9308		2.768750
9309		2.206250
9310		2.262500
9311		2.237500
9312		2.531250
9313		2.681250
9314		2.562500
9315		3.062500
9316		3.156250
9317		3.450000
9318		3.656250
9319		4.100000
9320		4.312500
9321		4.812500
9322		4.575000
9323		4.518750
9324		4.250000
9325		4.281250
9326		4.012500
9327		4.693750
9328		3.687500
9329		3.631250
9330		3.600000
9331		3.181250
9332		3.006250
9333		3.631250
9334		3.450000
9335		2.975000
9336		3.893750
9337		3.125000
9338		3.687500
9339		4.162500
9340		3.981250
9341		4.012500
9342		4.012500
9343		4.043750
9344		3.862500
9345		3.687500
9346		3.537500
9347		3.362500
9348		3.600000
9349		3.362500
9350		3.331250
9351		3.037500
9352		3.037500
9353		2.918750
9354		2.918750
9355		2.325000
9356		2.618750
9357		2.500000
9358		2.650000
9359		2.056250
9360		1.850000
9361		1.493750
9362		1.731250
9363		1.493750
9364		1.137500
9365		0.812500
9366		0.725000
9367		0.306250
9368		0.662500
9369		0.456250
9370		0.131250
9371		0.518750
9372		0.606250
9373		1.081250
9374		0.662500
9375		0.662500
9376		1.137500
9377		0.987500
9378		1.050000
9379		0.693750
9380		0.812500
9381		0.575000
9382		0.543750
9383		0.900000
9384		0.962500
9385		1.050000
9386		1.343750
9387		1.106250
9388		1.525000
9389		1.850000
9390		1.675000
9391		1.793750
9392		1.881250
9393		1.850000
9394		1.793750
9395		1.793750
9396		1.643750
9397		1.731250
9398		1.375000
9399		1.256250
9400		1.050000
9401		1.256250
9402		0.662500
9403		0.575000
9404		0.400000
9405		0.218750
9406		0.012500
9407		-0.050000
9408		-0.075000
9409		-0.137500
9410		0.250000
9411		-0.493750
9412		-0.075000
9413		-0.493750
9414		-0.581250
9415		0.043750
9416		-1.025000
9417		-0.993750
9418		-1.175000
9419		-1.381250
9420		-1.081250
9421		-1.350000
9422		-0.937500
9423		-1.293750
9424		-0.637500
9425		-0.787500
9426		-0.343750
9427		-0.937500
9428		-0.493750
9429		-0.343750
9430		-0.281250
9431		-0.875000
9432		-0.612500
9433		-0.756250
9434		-1.143750
9435		-1.293750
9436		-1.556250
9437		-1.768750
9438		-2.093750
9439		-1.912500
9440		-2.062500
9441		-1.975000
9442		-2.031250
9443		-2.093750
9444		-1.912500
9445		-1.587500
9446		-1.556250
9447		-1.412500
9448		-1.768750
9449		-1.675000
9450		-1.350000
9451		-1.381250
9452		-1.500000
9453		-1.675000
9454		-1.675000
9455		-1.531250
9456		-1.531250
9457		-1.975000
9458		-1.943750
9459		-1.706250
9460		-1.381250
9461		-1.587500
9462		-1.318750
9463		-1.262500
9464		-1.293750
9465		-1.175000
9466		-1.231250
9467		-1.112500
9468		-1.081250
9469		-1.200000
9470		-1.468750
9471		-1.531250
9472		-1.856250
9473		-1.737500
9474		-1.975000
9475		-1.618750
9476		-1.587500
9477		-1.262500
9478		-1.556250
9479		-1.912500
9480		-1.556250
9481		-1.975000
9482		-1.975000
9483		-1.675000
9484		-1.556250
9485		-1.556250
9486		-2.000000
9487		-1.825000
9488		-1.412500
9489		-1.262500
9490		-1.381250
9491		-1.618750
9492		-1.556250
9493		-1.825000
9494		-1.706250
9495		-2.000000
9496		-2.212500
9497		-2.568750
9498		-2.356250
9499		-2.212500
9500		-2.356250
9501		-2.300000
9502		-1.737500
9503		-1.381250
9504		-1.175000
9505		-1.293750
9506		-1.318750
9507		-1.531250
9508		-1.200000
9509		-1.856250
9510		-1.856250
9511		-2.150000
9512		-2.950000
9513		-3.156250
9514		-3.487500
9515		-3.393750
9516		-3.456250
9517		-3.781250
9518		-3.306250
9519		-3.368750
9520		-3.250000
9521		-3.393750
9522		-3.781250
9523		-3.662500
9524		-4.193750
9525		-4.525000
9526		-4.462500
9527		-4.700000
9528		-4.643750
9529		-4.875000
9530		-4.493750
9531		-3.987500
9532		-3.368750
9533		-2.593750
9534		-2.150000
9535		-1.556250
9536		-0.818750
9537		-0.075000
9538		-0.018750
9539		0.487500
9540		0.400000
9541		0.250000
9542		0.575000
9543		0.337500
9544		0.306250
9545		-0.050000
9546		-0.050000
9547		-0.581250
9548		-0.581250
9549		-0.731250
9550		-0.937500
9551		-0.581250
9552		-0.343750
9553		-0.937500
9554		-1.231250
9555		-0.968750
9556		-1.025000
9557		-0.968750
9558		-0.787500
9559		-0.993750
9560		-0.818750
9561		-1.650000
9562		-1.793750
9563		-1.556250
9564		-1.737500
9565		-1.737500
9566		-2.356250
9567		-2.212500
9568		-2.568750
9569		-2.712500
9570		-2.743750
9571		-3.012500
9572		-3.487500
9573		-3.750000
9574		-3.956250
9575		-4.225000
9576		-4.431250
9577		-4.993750
9578		-5.025000
9579		-4.937500
9580		-5.206250
9581		-5.231250
9582		-5.681250
9583		-5.412500
9584		-4.937500
9585		-4.375000
9586		-3.843750
9587		-3.631250
9588		-2.950000
9589		-2.656250
9590		-2.000000
9591		-1.081250
9592		-1.231250
9593		-0.462500
9594		-0.075000
9595		-0.018750
9596		0.218750
9597		-0.075000
9598		0.306250
9599		0.425000
9600		0.337500
9601		0.250000
9602		0.131250
9603		-0.375000
9604		-0.281250
9605		-0.493750
9606		-0.493750
9607		-0.968750
9608		-1.175000
9609		-1.943750
9610		-2.031250
9611		-1.793750
9612		-2.062500
9613		-2.387500
9614		-2.300000
9615		-2.418750
9616		-2.568750
9617		-1.856250
9618		-1.675000
9619		-1.468750
9620		-0.906250
9621		-0.550000
9622		-0.343750
9623		0.306250
9624		-0.162500
9625		0.456250
9626		0.456250
9627		1.018750
9628		0.900000
9629		0.843750
9630		0.662500
9631		0.400000
9632		0.368750
9633		0.400000
9634		-0.018750
9635		-0.493750
9636		-0.968750
9637		-1.793750
9638		-2.031250
9639		-2.625000
9640		-3.037500
9641		-3.750000
9642		-4.287500
9643		-4.225000
9644		-5.143750
9645		-5.562500
9646		-5.975000
9647		-6.743750
9648		-7.306250
9649		-7.606250
9650		-8.106250
9651		-8.225000
9652		-8.137500
9653		-8.643750
9654		-8.493750
9655		-8.581250
9656		-7.900000
9657		-7.400000
9658		-6.600000
9659		-5.975000
9660		-4.937500
9661		-4.137500
9662		-3.131250
9663		-2.331250
9664		-1.231250
9665		-0.518750
9666		0.518750
9667		0.900000
9668		1.793750
9669		2.000000
9670		2.412500
9671		2.618750
9672		3.037500
9673		2.593750
9674		2.475000
9675		2.443750
9676		2.087500
9677		1.968750
9678		1.493750
9679		0.931250
9680		0.812500
9681		0.606250
9682		0.368750
9683		-0.281250
9684		-0.193750
9685		-0.581250
9686		-0.906250
9687		-0.731250
9688		-0.937500
9689		-1.143750
9690		-1.025000
9691		-1.143750
9692		-0.875000
9693		-0.700000
9694		-0.375000
9695		-0.462500
9696		0.043750
9697		0.162500
9698		0.162500
9699		-0.018750
9700		0.012500
9701		0.012500
9702		-0.493750
9703		-0.550000
9704		-1.412500
9705		-1.912500
9706		-2.300000
9707		-2.656250
9708		-3.487500
9709		-4.018750
9710		-4.787500
9711		-5.706250
9712		-5.912500
9713		-6.300000
9714		-6.925000
9715		-6.950000
9716		-6.981250
9717		-6.687500
9718		-6.862500
9719		-6.862500
9720		-6.268750
9721		-6.268750
9722		-5.706250
9723		-5.587500
9724		-5.468750
9725		-5.262500
9726		-4.875000
9727		-4.493750
9728		-4.168750
9729		-3.812500
9730		-3.337500
9731		-3.218750
9732		-3.100000
9733		-2.593750
9734		-2.387500
9735		-2.300000
9736		-1.887500
9737		-1.825000
9738		-1.618750
9739		-2.000000
9740		-1.675000
9741		-1.912500
9742		-1.675000
9743		-1.500000
9744		-1.556250
9745		-1.675000
9746		-1.587500
9747		-1.556250
9748		-1.381250
9749		-1.650000
9750		-1.556250
9751		-1.262500
9752		-1.262500
9753		-1.262500
9754		-0.875000
9755		-0.968750
9756		-0.818750
9757		-0.518750
9758		-0.162500
9759		-0.343750
9760		0.012500
9761		0.218750
9762		-0.312500
9763		-0.312500
9764		-0.518750
9765		-0.731250
9766		-1.500000
9767		-1.912500
9768		-2.031250
9769		-2.418750
9770		-2.593750
9771		-3.187500
9772		-2.806250
9773		-3.156250
9774		-2.862500
9775		-3.100000
9776		-2.712500
9777		-2.831250
9778		-3.187500
9779		-3.218750
9780		-3.012500
9781		-3.750000
9782		-3.543750
9783		-4.137500
9784		-4.462500
9785		-4.993750
9786		-5.206250
9787		-5.412500
9788		-5.293750
9789		-5.262500
9790		-5.618750
9791		-5.681250
9792		-5.500000
9793		-5.587500
9794		-4.762500
9795		-4.906250
9796		-5.087500
9797		-4.993750
9798		-5.231250
9799		-4.731250
9800		-4.787500
9801		-4.668750
9802		-4.968750
9803		-4.937500
9804		-4.762500
9805		-4.431250
9806		-4.075000
9807		-3.843750
9808		-3.931250
9809		-2.950000
9810		-2.893750
9811		-2.950000
9812		-2.450000
9813		-1.975000
9814		-1.618750
9815		-1.556250
9816		-1.468750
9817		-1.650000
9818		-1.856250
9819		-1.318750
9820		-1.231250
9821		-0.906250
9822		-1.025000
9823		-0.518750
9824		-0.700000
9825		-0.968750
9826		-1.112500
9827		-0.875000
9828		-0.818750
9829		-0.700000
9830		-0.937500
9831		-0.756250
9832		-0.993750
9833		-1.025000
9834		-0.756250
9835		-0.668750
9836		-0.343750
9837		-0.343750
9838		-0.493750
9839		-0.193750
9840		0.100000
9841		0.368750
9842		0.306250
9843		0.131250
9844		0.456250
9845		0.100000
9846		0.250000
9847		-0.075000
9848		-0.518750
9849		-0.075000
9850		-0.225000
9851		-0.162500
9852		-0.137500
9853		-0.256250
9854		-0.312500
9855		-0.162500
9856		-0.225000
9857		-0.075000
9858		-0.375000
9859		0.100000
9860		-0.018750
9861		0.306250
9862		-0.256250
9863		-0.193750
9864		-0.281250
9865		-0.637500
9866		-0.850000
9867		-1.381250
9868		-1.556250
9869		-1.675000
9870		-1.975000
9871		-1.912500
9872		-2.150000
9873		-2.212500
9874		-1.825000
9875		-1.381250
9876		-1.437500
9877		-1.262500
9878		-0.993750
9879		-0.875000
9880		-0.731250
9881		-1.143750
9882		-0.937500
9883		-0.906250
9884		-1.025000
9885		-0.875000
9886		-1.175000
9887		-1.650000
9888		-1.056250
9889		-0.875000
9890		-0.756250
9891		-0.550000
9892		0.012500
9893		0.281250
9894		1.287500
9895		1.168750
9896		2.025000
9897		2.262500
9898		2.943750
9899		2.768750
9900		2.856250
9901		3.481250
9902		3.212500
9903		3.181250
9904		2.825000
9905		2.887500
9906		2.681250
9907		2.118750
9908		2.237500
9909		2.412500
9910		2.443750
9911		2.325000
9912		2.325000
9913		2.562500
9914		2.443750
9915		2.175000
9916		2.356250
9917		2.412500
9918		2.025000
9919		1.762500
9920		1.050000
9921		1.200000
9922		0.931250
9923		0.725000
9924		0.812500
9925		0.543750
9926		0.218750
9927		0.100000
9928		0.162500
9929		0.250000
9930		0.337500
9931		0.306250
9932		0.281250
9933		0.425000
9934		0.425000
9935		0.250000
9936		0.812500
9937		0.162500
9938		0.368750
9939		0.518750
9940		0.575000
9941		0.456250
9942		0.756250
9943		0.662500
9944		0.543750
9945		0.962500
9946		0.900000
9947		1.137500
9948		1.793750
9949		1.343750
9950		1.762500
9951		1.968750
9952		2.325000
9953		2.650000
9954		2.768750
9955		2.825000
9956		2.975000
9957		3.656250
9958		3.925000
9959		4.337500
9960		4.518750
9961		4.812500
9962		5.318750
9963		5.912500
9964		6.325000
9965		6.975000
9966		7.306250
9967		7.775000
9968		6.831250
9969		6.856250
9970		6.831250
9971		7.125000
9972		6.237500
9973		6.325000
9974		5.675000
9975		5.700000
9976		5.968750
9977		5.700000
9978		5.231250
9979		5.406250
9980		5.018750
9981		4.606250
9982		3.893750
9983		3.956250
9984		3.631250
9985		3.718750
9986		3.212500
9987		2.500000
9988		2.293750
9989		2.325000
9990		2.325000
9991		1.937500
9992		2.000000
9993		2.325000
9994		2.206250
9995		2.412500
9996		2.562500
9997		2.918750
9998		3.037500
9999		2.768750
10000		2.681250
