Channel              :		CH1
Frequency            :		  ?
Period               :		  ?
PK-PK                :		51.25mV
Average              :		0.501mV
Vertical pos         :		1.000000mV
Probe attenuation    :		1X
Voltage per ADC value:		0.001563mV
Time interval        :		4.00000uS

index		CH1_Voltage(mV)
1		0.150000
2		2.075000
3		-0.456250
4		-3.512500
5		-5.112500
6		-4.793750
7		-0.862500
8		1.143750
9		2.687500
10		0.387500
11		-2.056250
12		-4.443750
13		-4.006250
14		0.006250
15		1.025000
16		3.031250
17		0.356250
18		-1.881250
19		-3.600000
20		-2.900000
21		0.675000
22		2.512500
23		4.375000
24		1.168750
25		-1.593750
26		-2.612500
27		-2.143750
28		1.550000
29		3.531250
30		4.893750
31		2.775000
32		0.268750
33		-2.118750
34		-1.562500
35		2.075000
36		3.850000
37		5.306250
38		2.656250
39		0.387500
40		-1.450000
41		-0.781250
42		2.481250
43		4.637500
44		5.737500
45		3.031250
46		-0.106250
47		-1.593750
48		-1.187500
49		2.625000
50		4.806250
51		5.537500
52		2.393750
53		-0.050000
54		-2.118750
55		-1.037500
56		2.393750
57		4.168750
58		5.593750
59		2.362500
60		-0.518750
61		-2.787500
62		-1.593750
63		1.868750
64		3.643750
65		5.306250
66		1.725000
67		-0.781250
68		-2.031250
69		-1.012500
70		2.362500
71		3.937500
72		5.218750
73		2.100000
74		-0.225000
75		-2.000000
76		-1.212500
77		2.512500
78		4.050000
79		5.393750
80		2.656250
81		0.300000
82		-1.387500
83		-1.100000
84		2.393750
85		4.225000
86		5.768750
87		2.775000
88		-0.081250
89		-1.537500
90		-0.862500
91		2.012500
92		3.500000
93		5.043750
94		1.843750
95		-0.431250
96		-1.856250
97		-1.768750
98		1.375000
99		3.062500
100		3.962500
101		1.431250
102		-2.031250
103		-3.487500
104		-3.425000
105		0.356250
106		1.725000
107		3.293750
108		0.356250
109		-2.756250
110		-4.006250
111		-4.531250
112		-0.456250
113		0.762500
114		2.306250
115		-0.225000
116		-2.900000
117		-5.025000
118		-4.881250
119		-1.450000
120		0.268750
121		2.537500
122		0.412500
123		-2.525000
124		-4.356250
125		-4.793750
126		-1.156250
127		0.793750
128		2.250000
129		0.737500
130		-2.493750
131		-3.918750
132		-5.175000
133		-1.012500
134		0.412500
135		1.518750
136		0.587500
137		-2.556250
138		-4.762500
139		-5.350000
140		-2.406250
141		0.068750
142		1.493750
143		0.037500
144		-3.106250
145		-4.881250
146		-6.775000
147		-3.137500
148		-0.862500
149		1.000000
150		0.268750
151		-3.250000
152		-5.262500
153		-7.150000
154		-3.806250
155		-1.387500
156		-0.456250
157		-0.343750
158		-3.893750
159		-5.956250
160		-7.093750
161		-4.618750
162		-2.175000
163		-0.575000
164		-0.281250
165		-3.918750
166		-5.756250
167		-7.793750
168		-5.175000
169		-2.843750
170		-1.156250
171		-0.168750
172		-3.456250
173		-5.550000
174		-7.006250
175		-5.900000
176		-2.700000
177		-0.456250
178		1.112500
179		-2.493750
180		-4.706250
181		-6.043750
182		-5.262500
183		-1.793750
184		0.475000
185		1.756250
186		-0.781250
187		-3.575000
188		-5.318750
189		-5.262500
190		-1.275000
191		0.212500
192		1.812500
193		-0.487500
194		-2.700000
195		-4.881250
196		-5.406250
197		-1.825000
198		-0.281250
199		2.187500
200		0.212500
201		-2.612500
202		-4.937500
203		-5.581250
204		-1.825000
205		-0.487500
206		1.781250
207		1.668750
208		-1.912500
209		-4.093750
210		-5.437500
211		-2.143750
212		-0.368750
213		1.606250
214		2.362500
215		-1.562500
216		-3.687500
217		-5.087500
218		-2.350000
219		-0.312500
220		1.725000
221		2.250000
222		-0.862500
223		-3.250000
224		-5.143750
225		-3.400000
226		-0.893750
227		1.462500
228		1.462500
229		-1.187500
230		-4.125000
231		-6.193750
232		-4.737500
233		-2.000000
234		-0.368750
235		1.168750
236		-1.156250
237		-4.418750
238		-6.250000
239		-4.937500
240		-2.525000
241		-0.862500
242		0.650000
243		-1.037500
244		-4.156250
245		-5.756250
246		-6.743750
247		-3.018750
248		-1.387500
249		0.675000
250		-0.225000
251		-3.137500
252		-5.287500
253		-6.568750
254		-3.075000
255		-0.862500
256		0.325000
257		0.150000
258		-3.281250
259		-5.175000
260		-6.687500
261		-4.706250
262		-1.593750
263		-0.781250
264		-0.106250
265		-3.775000
266		-6.131250
267		-7.587500
268		-6.712500
269		-3.918750
270		-2.900000
271		-0.806250
272		-4.531250
273		-6.775000
274		-8.518750
275		-8.725000
276		-5.231250
277		-3.656250
278		-2.056250
279		-4.356250
280		-7.150000
281		-9.100000
282		-9.537500
283		-5.550000
284		-4.243750
285		-2.700000
286		-4.300000
287		-7.062500
288		-8.956250
289		-9.887500
290		-6.481250
291		-4.068750
292		-2.812500
293		-3.225000
294		-6.975000
295		-8.168750
296		-9.975000
297		-6.887500
298		-4.650000
299		-3.162500
300		-2.175000
301		-5.668750
302		-7.731250
303		-8.900000
304		-7.212500
305		-4.506250
306		-1.881250
307		-1.450000
308		-3.425000
309		-5.956250
310		-7.556250
311		-7.006250
312		-2.756250
313		-1.300000
314		0.793750
315		-1.625000
316		-4.268750
317		-5.987500
318		-6.162500
319		-2.231250
320		-1.100000
321		1.000000
322		-0.606250
323		-3.337500
324		-5.025000
325		-6.450000
326		-2.987500
327		-1.275000
328		0.587500
329		0.737500
330		-3.018750
331		-4.881250
332		-6.337500
333		-4.331250
334		-1.537500
335		0.037500
336		0.443750
337		-2.668750
338		-4.675000
339		-6.368750
340		-4.912500
341		-1.681250
342		-0.106250
343		1.668750
344		-1.562500
345		-3.775000
346		-5.668750
347		-5.143750
348		-1.768750
349		-0.456250
350		1.581250
351		-0.631250
352		-3.512500
353		-5.000000
354		-5.812500
355		-2.031250
356		-0.137500
357		1.112500
358		0.912500
359		-2.787500
360		-4.706250
361		-5.781250
362		-2.756250
363		-0.137500
364		1.518750
365		1.431250
366		-1.625000
367		-3.137500
368		-5.581250
369		-3.137500
370		-0.368750
371		1.550000
372		2.481250
373		0.006250
374		-2.175000
375		-3.981250
376		-3.337500
377		0.181250
378		1.606250
379		3.556250
380		1.000000
381		-1.593750
382		-3.137500
383		-3.600000
384		0.037500
385		1.756250
386		2.943750
387		1.406250
388		-1.300000
389		-3.656250
390		-4.937500
391		-1.450000
392		-0.137500
393		1.493750
394		0.881250
395		-2.493750
396		-4.912500
397		-6.568750
398		-4.125000
399		-2.262500
400		-0.400000
401		0.093750
402		-3.075000
403		-5.550000
404		-7.443750
405		-6.481250
406		-3.018750
407		-1.537500
408		-0.456250
409		-3.312500
410		-5.812500
411		-7.468750
412		-7.675000
413		-4.068750
414		-2.381250
415		-0.662500
416		-2.787500
417		-5.262500
418		-6.975000
419		-7.731250
420		-4.506250
421		-2.406250
422		-0.837500
423		-1.300000
424		-3.918750
425		-6.106250
426		-7.731250
427		-5.175000
428		-2.756250
429		-1.243750
430		-0.606250
431		-3.743750
432		-5.843750
433		-7.643750
434		-6.918750
435		-3.631250
436		-2.293750
437		-0.862500
438		-3.862500
439		-6.075000
440		-8.462500
441		-8.143750
442		-4.968750
443		-3.075000
444		-2.087500
445		-3.425000
446		-6.337500
447		-8.725000
448		-9.593750
449		-6.250000
450		-4.737500
451		-3.225000
452		-3.775000
453		-7.062500
454		-9.187500
455		-10.350000
456		-7.643750
457		-5.781250
458		-3.512500
459		-3.281250
460		-7.150000
461		-8.868750
462		-11.106250
463		-9.012500
464		-6.218750
465		-3.950000
466		-3.106250
467		-5.812500
468		-8.312500
469		-10.325000
470		-10.118750
471		-6.018750
472		-4.850000
473		-2.525000
474		-4.506250
475		-7.300000
476		-8.868750
477		-9.450000
478		-5.812500
479		-4.181250
480		-2.262500
481		-2.931250
482		-5.843750
483		-7.443750
484		-9.275000
485		-5.812500
486		-3.656250
487		-1.506250
488		-1.275000
489		-4.418750
490		-6.743750
491		-8.200000
492		-6.625000
493		-3.193750
494		-1.450000
495		-0.575000
496		-3.137500
497		-5.693750
498		-6.975000
499		-6.862500
500		-3.337500
501		-2.206250
502		-0.575000
503		-2.031250
504		-5.112500
505		-6.568750
506		-7.793750
507		-4.037500
508		-2.206250
509		-0.925000
510		-1.387500
511		-4.587500
512		-6.862500
513		-8.168750
514		-4.968750
515		-2.493750
516		-1.450000
517		-0.806250
518		-4.006250
519		-6.450000
520		-7.618750
521		-6.075000
522		-3.050000
523		-1.681250
524		-0.106250
525		-2.875000
526		-5.375000
527		-7.181250
528		-7.212500
529		-3.425000
530		-2.118750
531		-0.368750
532		-2.350000
533		-4.737500
534		-6.625000
535		-7.818750
536		-4.068750
537		-2.206250
538		-0.781250
539		-0.862500
540		-4.618750
541		-6.481250
542		-7.993750
543		-5.375000
544		-2.843750
545		-1.037500
546		-0.693750
547		-3.831250
548		-6.568750
549		-7.968750
550		-6.281250
551		-3.337500
552		-2.350000
553		-1.012500
554		-4.562500
555		-5.900000
556		-8.375000
557		-7.881250
558		-4.587500
559		-3.337500
560		-1.912500
561		-3.831250
562		-6.712500
563		-8.518750
564		-9.681250
565		-5.900000
566		-4.418750
567		-2.843750
568		-3.281250
569		-7.006250
570		-8.518750
571		-10.468750
572		-7.325000
573		-5.262500
574		-3.425000
575		-2.493750
576		-6.425000
577		-8.343750
578		-10.468750
579		-8.431250
580		-5.843750
581		-4.531250
582		-2.725000
583		-5.693750
584		-7.850000
585		-9.918750
586		-9.743750
587		-6.687500
588		-4.675000
589		-3.487500
590		-5.087500
591		-8.143750
592		-10.206250
593		-11.256250
594		-7.937500
595		-6.043750
596		-4.587500
597		-5.000000
598		-8.575000
599		-10.350000
600		-11.868750
601		-9.393750
602		-7.587500
603		-5.900000
604		-4.937500
605		-8.056250
606		-10.031250
607		-12.100000
608		-11.025000
609		-8.168750
610		-6.512500
611		-5.025000
612		-7.881250
613		-10.175000
614		-12.212500
615		-11.868750
616		-8.056250
617		-7.093750
618		-5.262500
619		-7.325000
620		-10.325000
621		-11.893750
622		-13.231250
623		-9.243750
624		-7.706250
625		-5.900000
626		-7.212500
627		-9.831250
628		-12.387500
629		-13.643750
630		-11.025000
631		-8.900000
632		-7.443750
633		-6.568750
634		-10.093750
635		-12.362500
636		-13.818750
637		-13.406250
638		-9.537500
639		-8.575000
640		-6.975000
641		-9.768750
642		-12.068750
643		-14.425000
644		-14.162500
645		-10.700000
646		-9.306250
647		-7.268750
648		-8.750000
649		-11.312500
650		-13.437500
651		-14.456250
652		-10.787500
653		-8.693750
654		-6.712500
655		-7.212500
656		-10.175000
657		-11.693750
658		-13.118750
659		-10.700000
660		-8.487500
661		-6.687500
662		-6.018750
663		-8.900000
664		-11.543750
665		-12.943750
666		-11.543750
667		-8.868750
668		-6.918750
669		-5.812500
670		-8.462500
671		-10.700000
672		-12.387500
673		-12.681250
674		-9.537500
675		-7.850000
676		-6.712500
677		-8.112500
678		-10.937500
679		-12.712500
680		-14.137500
681		-10.643750
682		-9.393750
683		-7.150000
684		-7.587500
685		-10.993750
686		-12.212500
687		-13.962500
688		-11.431250
689		-9.393750
690		-7.906250
691		-7.212500
692		-10.206250
693		-12.156250
694		-13.700000
695		-12.625000
696		-9.162500
697		-7.850000
698		-6.425000
699		-8.750000
700		-11.193750
701		-13.493750
702		-12.968750
703		-9.831250
704		-8.431250
705		-6.568750
706		-8.375000
707		-10.556250
708		-12.187500
709		-13.468750
710		-10.468750
711		-9.481250
712		-7.531250
713		-7.706250
714		-10.381250
715		-12.068750
716		-14.106250
717		-11.137500
718		-9.187500
719		-8.081250
720		-7.300000
721		-10.175000
722		-11.956250
723		-12.800000
724		-12.212500
725		-9.012500
726		-7.412500
727		-6.537500
728		-8.725000
729		-10.731250
730		-12.300000
731		-11.956250
732		-8.231250
733		-7.300000
734		-5.843750
735		-7.212500
736		-9.537500
737		-10.818750
738		-11.225000
739		-8.837500
740		-6.656250
741		-5.550000
742		-5.868750
743		-8.375000
744		-10.556250
745		-11.925000
746		-9.162500
747		-7.062500
748		-5.693750
749		-6.218750
750		-8.168750
751		-9.831250
752		-11.575000
753		-10.062500
754		-8.025000
755		-6.337500
756		-5.406250
757		-7.937500
758		-9.768750
759		-11.456250
760		-11.281250
761		-7.881250
762		-6.975000
763		-5.581250
764		-6.862500
765		-9.481250
766		-10.906250
767		-11.662500
768		-8.550000
769		-7.268750
770		-5.843750
771		-6.193750
772		-9.075000
773		-10.118750
774		-11.487500
775		-8.693750
776		-7.675000
777		-6.043750
778		-5.693750
779		-8.868750
780		-10.206250
781		-11.606250
782		-10.006250
783		-7.793750
784		-7.181250
785		-5.406250
786		-8.868750
787		-10.700000
788		-12.068750
789		-11.368750
790		-8.925000
791		-7.762500
792		-6.368750
793		-9.100000
794		-10.875000
795		-12.712500
796		-12.968750
797		-10.293750
798		-9.012500
799		-7.675000
800		-8.956250
801		-11.193750
802		-13.262500
803		-13.756250
804		-11.518750
805		-9.743750
806		-7.881250
807		-8.287500
808		-10.525000
809		-12.418750
810		-14.193750
811		-11.662500
812		-10.062500
813		-8.312500
814		-7.268750
815		-9.943750
816		-11.368750
817		-12.800000
818		-12.037500
819		-9.331250
820		-7.643750
821		-6.862500
822		-8.725000
823		-10.612500
824		-11.981250
825		-12.100000
826		-9.481250
827		-8.431250
828		-6.918750
829		-7.618750
830		-10.468750
831		-11.718750
832		-12.887500
833		-9.681250
834		-8.375000
835		-6.800000
836		-7.500000
837		-9.743750
838		-11.137500
839		-12.737500
840		-10.350000
841		-8.575000
842		-7.125000
843		-6.337500
844		-9.187500
845		-10.818750
846		-11.693750
847		-10.262500
848		-7.937500
849		-6.568750
850		-5.406250
851		-7.937500
852		-9.856250
853		-10.556250
854		-10.556250
855		-7.531250
856		-5.987500
857		-4.531250
858		-6.712500
859		-8.550000
860		-10.175000
861		-10.468750
862		-7.356250
863		-6.250000
864		-4.793750
865		-5.437500
866		-7.731250
867		-9.625000
868		-10.325000
869		-7.706250
870		-6.131250
871		-4.387500
872		-4.825000
873		-7.006250
874		-8.400000
875		-10.237500
876		-7.906250
877		-6.162500
878		-4.825000
879		-3.775000
880		-6.568750
881		-7.881250
882		-9.831250
883		-8.231250
884		-6.337500
885		-4.531250
886		-3.718750
887		-5.668750
888		-7.381250
889		-9.043750
890		-9.012500
891		-6.131250
892		-5.231250
893		-3.862500
894		-5.843750
895		-7.850000
896		-9.218750
897		-10.118750
898		-7.006250
899		-5.725000
900		-4.587500
901		-5.493750
902		-7.937500
903		-9.625000
904		-10.850000
905		-8.575000
906		-7.237500
907		-5.550000
908		-5.781250
909		-8.168750
910		-10.031250
911		-11.343750
912		-9.506250
913		-7.993750
914		-6.337500
915		-5.518750
916		-7.731250
917		-9.975000
918		-10.787500
919		-10.031250
920		-7.850000
921		-6.250000
922		-4.825000
923		-7.212500
924		-9.187500
925		-10.237500
926		-10.468750
927		-7.731250
928		-6.337500
929		-5.143750
930		-6.131250
931		-8.375000
932		-9.975000
933		-10.556250
934		-7.906250
935		-6.775000
936		-5.756250
937		-5.462500
938		-8.143750
939		-9.743750
940		-10.850000
941		-8.781250
942		-7.181250
943		-6.193750
944		-5.087500
945		-8.231250
946		-9.393750
947		-11.368750
948		-9.306250
949		-7.468750
950		-6.043750
951		-5.375000
952		-7.793750
953		-9.450000
954		-10.962500
955		-10.818750
956		-7.556250
957		-6.481250
958		-5.518750
959		-7.037500
960		-9.331250
961		-10.175000
962		-10.700000
963		-8.231250
964		-6.831250
965		-5.518750
966		-6.712500
967		-8.900000
968		-10.612500
969		-11.050000
970		-8.312500
971		-6.975000
972		-5.375000
973		-6.018750
974		-8.375000
975		-9.743750
976		-11.225000
977		-8.693750
978		-7.412500
979		-5.868750
980		-5.756250
981		-7.993750
982		-9.625000
983		-10.700000
984		-9.450000
985		-7.731250
986		-6.106250
987		-5.518750
988		-7.556250
989		-9.043750
990		-10.206250
991		-10.175000
992		-7.731250
993		-6.218750
994		-4.762500
995		-6.712500
996		-8.400000
997		-10.350000
998		-9.943750
999		-7.531250
1000		-6.425000
1001		-4.506250
1002		-6.450000
1003		-7.881250
1004		-9.625000
1005		-10.437500
1006		-7.500000
1007		-6.306250
1008		-5.550000
1009		-5.406250
1010		-8.343750
1011		-9.481250
1012		-10.350000
1013		-8.287500
1014		-6.687500
1015		-5.493750
1016		-5.112500
1017		-7.706250
1018		-9.656250
1019		-10.818750
1020		-8.575000
1021		-6.831250
1022		-5.143750
1023		-4.675000
1024		-7.381250
1025		-9.450000
1026		-10.031250
1027		-9.450000
1028		-6.625000
1029		-5.781250
1030		-4.443750
1031		-5.956250
1032		-8.606250
1033		-10.118750
1034		-9.800000
1035		-7.125000
1036		-6.393750
1037		-4.706250
1038		-5.843750
1039		-8.081250
1040		-9.187500
1041		-10.381250
1042		-7.500000
1043		-6.218750
1044		-5.143750
1045		-5.756250
1046		-8.375000
1047		-9.243750
1048		-10.118750
1049		-8.025000
1050		-6.537500
1051		-5.668750
1052		-5.606250
1053		-8.056250
1054		-9.712500
1055		-11.281250
1056		-9.481250
1057		-7.300000
1058		-5.900000
1059		-5.262500
1060		-8.256250
1061		-9.712500
1062		-10.762500
1063		-9.975000
1064		-7.325000
1065		-6.600000
1066		-5.262500
1067		-8.231250
1068		-9.768750
1069		-10.700000
1070		-10.381250
1071		-7.881250
1072		-6.862500
1073		-5.668750
1074		-7.062500
1075		-9.218750
1076		-10.850000
1077		-10.962500
1078		-8.462500
1079		-7.500000
1080		-6.075000
1081		-6.743750
1082		-9.131250
1083		-10.700000
1084		-11.487500
1085		-8.812500
1086		-7.325000
1087		-6.425000
1088		-6.450000
1089		-7.881250
1090		-9.918750
1091		-11.631250
1092		-9.100000
1093		-7.762500
1094		-6.075000
1095		-6.043750
1096		-8.256250
1097		-9.481250
1098		-11.343750
1099		-9.481250
1100		-7.643750
1101		-6.450000
1102		-5.350000
1103		-7.412500
1104		-10.118750
1105		-10.962500
1106		-9.887500
1107		-7.937500
1108		-6.656250
1109		-6.043750
1110		-7.618750
1111		-9.100000
1112		-10.850000
1113		-10.762500
1114		-7.500000
1115		-6.800000
1116		-6.106250
1117		-7.212500
1118		-8.900000
1119		-10.325000
1120		-10.787500
1121		-8.462500
1122		-6.193750
1123		-5.175000
1124		-5.581250
1125		-7.850000
1126		-9.450000
1127		-10.612500
1128		-7.643750
1129		-5.756250
1130		-4.706250
1131		-4.825000
1132		-6.568750
1133		-8.725000
1134		-9.681250
1135		-6.975000
1136		-6.131250
1137		-4.650000
1138		-3.950000
1139		-6.018750
1140		-8.343750
1141		-9.537500
1142		-8.231250
1143		-6.537500
1144		-5.518750
1145		-4.443750
1146		-6.862500
1147		-8.987500
1148		-9.768750
1149		-10.206250
1150		-7.643750
1151		-6.743750
1152		-5.843750
1153		-7.675000
1154		-10.437500
1155		-11.575000
1156		-12.037500
1157		-9.943750
1158		-8.987500
1159		-8.287500
1160		-9.306250
1161		-11.487500
1162		-13.350000
1163		-13.700000
1164		-11.368750
1165		-9.681250
1166		-9.043750
1167		-9.162500
1168		-12.212500
1169		-13.318750
1170		-13.931250
1171		-11.868750
1172		-10.468750
1173		-9.306250
1174		-8.987500
1175		-11.893750
1176		-12.681250
1177		-14.050000
1178		-12.012500
1179		-9.918750
1180		-9.100000
1181		-8.168750
1182		-10.293750
1183		-11.868750
1184		-13.318750
1185		-12.037500
1186		-10.381250
1187		-8.431250
1188		-7.325000
1189		-9.712500
1190		-10.993750
1191		-12.418750
1192		-11.431250
1193		-9.418750
1194		-7.793750
1195		-6.043750
1196		-7.762500
1197		-9.218750
1198		-10.556250
1199		-10.937500
1200		-7.587500
1201		-6.800000
1202		-4.587500
1203		-5.956250
1204		-7.412500
1205		-8.550000
1206		-9.075000
1207		-5.812500
1208		-4.968750
1209		-3.193750
1210		-3.918750
1211		-5.231250
1212		-7.006250
1213		-7.906250
1214		-5.200000
1215		-3.893750
1216		-2.612500
1217		-2.725000
1218		-5.437500
1219		-6.831250
1220		-7.993750
1221		-6.131250
1222		-4.443750
1223		-3.312500
1224		-3.018750
1225		-5.987500
1226		-7.793750
1227		-9.331250
1228		-8.200000
1229		-6.481250
1230		-5.693750
1231		-4.825000
1232		-6.950000
1233		-9.162500
1234		-10.787500
1235		-10.350000
1236		-8.575000
1237		-7.150000
1238		-6.393750
1239		-8.256250
1240		-9.625000
1241		-11.662500
1242		-11.631250
1243		-9.243750
1244		-8.200000
1245		-7.150000
1246		-8.056250
1247		-10.381250
1248		-11.487500
1249		-11.925000
1250		-9.243750
1251		-8.025000
1252		-6.281250
1253		-7.587500
1254		-9.450000
1255		-11.193750
1256		-11.487500
1257		-9.043750
1258		-7.125000
1259		-6.712500
1260		-6.306250
1261		-8.662500
1262		-10.262500
1263		-10.675000
1264		-9.275000
1265		-7.381250
1266		-6.075000
1267		-6.481250
1268		-8.431250
1269		-10.093750
1270		-11.193750
1271		-9.568750
1272		-7.937500
1273		-6.918750
1274		-5.987500
1275		-8.025000
1276		-9.975000
1277		-11.718750
1278		-11.456250
1279		-8.900000
1280		-7.412500
1281		-6.975000
1282		-8.725000
1283		-10.612500
1284		-12.212500
1285		-11.606250
1286		-9.331250
1287		-8.168750
1288		-6.656250
1289		-8.143750
1290		-10.118750
1291		-11.431250
1292		-11.543750
1293		-8.081250
1294		-6.862500
1295		-6.131250
1296		-6.537500
1297		-8.812500
1298		-10.118750
1299		-10.787500
1300		-8.343750
1301		-7.300000
1302		-5.812500
1303		-6.450000
1304		-9.306250
1305		-11.225000
1306		-11.631250
1307		-9.887500
1308		-8.375000
1309		-7.706250
1310		-7.731250
1311		-10.818750
1312		-12.212500
1313		-13.175000
1314		-11.256250
1315		-10.412500
1316		-8.868750
1317		-8.287500
1318		-10.818750
1319		-12.593750
1320		-13.437500
1321		-11.343750
1322		-9.450000
1323		-8.168750
1324		-6.831250
1325		-8.662500
1326		-9.943750
1327		-10.762500
1328		-9.887500
1329		-7.125000
1330		-5.375000
1331		-3.368750
1332		-5.493750
1333		-6.712500
1334		-7.443750
1335		-6.625000
1336		-4.212500
1337		-3.106250
1338		-1.156250
1339		-3.400000
1340		-4.825000
1341		-6.162500
1342		-6.656250
1343		-3.950000
1344		-2.668750
1345		-1.768750
1346		-2.756250
1347		-4.387500
1348		-6.918750
1349		-8.025000
1350		-5.462500
1351		-4.356250
1352		-3.631250
1353		-4.650000
1354		-6.600000
1355		-8.431250
1356		-10.206250
1357		-7.850000
1358		-7.062500
1359		-5.843750
1360		-6.193750
1361		-9.331250
1362		-10.700000
1363		-12.243750
1364		-10.006250
1365		-9.243750
1366		-8.231250
1367		-8.343750
1368		-10.325000
1369		-12.362500
1370		-13.612500
1371		-12.362500
1372		-10.993750
1373		-9.537500
1374		-8.812500
1375		-11.025000
1376		-13.087500
1377		-14.337500
1378		-13.556250
1379		-11.137500
1380		-9.887500
1381		-8.812500
1382		-10.700000
1383		-12.712500
1384		-13.987500
1385		-13.231250
1386		-11.193750
1387		-9.481250
1388		-8.518750
1389		-9.975000
1390		-11.718750
1391		-12.593750
1392		-12.800000
1393		-10.093750
1394		-8.550000
1395		-7.850000
1396		-8.837500
1397		-11.256250
1398		-12.800000
1399		-13.231250
1400		-10.875000
1401		-9.712500
1402		-8.431250
1403		-9.537500
1404		-11.956250
1405		-13.031250
1406		-13.875000
1407		-11.606250
1408		-10.612500
1409		-9.306250
1410		-9.975000
1411		-12.943750
1412		-14.281250
1413		-15.300000
1414		-12.887500
1415		-11.893750
1416		-10.587500
1417		-10.350000
1418		-12.737500
1419		-14.631250
1420		-15.475000
1421		-13.381250
1422		-11.487500
1423		-10.262500
1424		-9.187500
1425		-11.456250
1426		-13.087500
1427		-13.700000
1428		-12.275000
1429		-10.031250
1430		-8.518750
1431		-7.356250
1432		-9.331250
1433		-10.850000
1434		-11.781250
1435		-10.118750
1436		-8.112500
1437		-6.481250
1438		-5.287500
1439		-7.006250
1440		-8.868750
1441		-9.887500
1442		-9.243750
1443		-6.862500
1444		-5.143750
1445		-3.918750
1446		-5.406250
1447		-7.150000
1448		-8.168750
1449		-8.575000
1450		-5.868750
1451		-4.506250
1452		-3.193750
1453		-4.475000
1454		-6.425000
1455		-7.675000
1456		-8.112500
1457		-5.437500
1458		-4.737500
1459		-3.193750
1460		-4.443750
1461		-6.250000
1462		-7.793750
1463		-8.637500
1464		-5.956250
1465		-4.675000
1466		-3.718750
1467		-4.387500
1468		-6.481250
1469		-8.312500
1470		-9.593750
1471		-7.356250
1472		-5.812500
1473		-4.937500
1474		-5.143750
1475		-7.468750
1476		-9.450000
1477		-11.050000
1478		-9.100000
1479		-7.937500
1480		-7.212500
1481		-6.512500
1482		-9.481250
1483		-10.962500
1484		-12.506250
1485		-11.106250
1486		-9.187500
1487		-8.375000
1488		-7.881250
1489		-10.787500
1490		-12.506250
1491		-13.668750
1492		-12.887500
1493		-10.962500
1494		-10.031250
1495		-9.075000
1496		-10.937500
1497		-13.175000
1498		-13.900000
1499		-14.250000
1500		-11.718750
1501		-10.118750
1502		-9.306250
1503		-11.343750
1504		-12.887500
1505		-13.700000
1506		-13.962500
1507		-10.937500
1508		-9.975000
1509		-8.400000
1510		-10.206250
1511		-11.631250
1512		-13.231250
1513		-13.468750
1514		-10.206250
1515		-8.987500
1516		-7.587500
1517		-8.462500
1518		-10.906250
1519		-12.156250
1520		-12.300000
1521		-10.237500
1522		-8.518750
1523		-6.918750
1524		-8.375000
1525		-9.681250
1526		-11.281250
1527		-12.125000
1528		-10.031250
1529		-8.662500
1530		-7.268750
1531		-7.300000
1532		-10.293750
1533		-11.893750
1534		-12.800000
1535		-10.293750
1536		-8.606250
1537		-7.468750
1538		-7.731250
1539		-9.593750
1540		-11.137500
1541		-12.100000
1542		-10.206250
1543		-8.550000
1544		-6.743750
1545		-6.393750
1546		-8.287500
1547		-9.943750
1548		-10.350000
1549		-9.331250
1550		-7.356250
1551		-4.968750
1552		-4.937500
1553		-6.568750
1554		-8.462500
1555		-9.043750
1556		-8.025000
1557		-5.606250
1558		-4.156250
1559		-2.987500
1560		-4.618750
1561		-6.775000
1562		-8.375000
1563		-7.818750
1564		-5.406250
1565		-3.831250
1566		-2.962500
1567		-5.262500
1568		-6.975000
1569		-8.812500
1570		-9.100000
1571		-6.306250
1572		-5.581250
1573		-4.268750
1574		-6.425000
1575		-8.487500
1576		-10.006250
1577		-10.643750
1578		-8.287500
1579		-6.950000
1580		-6.193750
1581		-7.587500
1582		-9.887500
1583		-11.431250
1584		-12.681250
1585		-9.481250
1586		-8.812500
1587		-7.587500
1588		-8.375000
1589		-10.937500
1590		-12.300000
1591		-13.381250
1592		-11.050000
1593		-9.681250
1594		-8.868750
1595		-8.725000
1596		-11.225000
1597		-12.300000
1598		-13.437500
1599		-11.225000
1600		-9.537500
1601		-8.606250
1602		-8.868750
1603		-11.137500
1604		-12.825000
1605		-13.612500
1606		-11.925000
1607		-9.975000
1608		-8.868750
1609		-8.837500
1610		-11.343750
1611		-12.856250
1612		-14.075000
1613		-11.543750
1614		-10.350000
1615		-9.162500
1616		-8.081250
1617		-11.050000
1618		-12.506250
1619		-13.525000
1620		-12.737500
1621		-10.206250
1622		-9.012500
1623		-7.793750
1624		-10.412500
1625		-12.156250
1626		-13.056250
1627		-12.537500
1628		-10.437500
1629		-9.043750
1630		-7.531250
1631		-9.537500
1632		-11.431250
1633		-11.956250
1634		-11.925000
1635		-9.450000
1636		-8.725000
1637		-7.381250
1638		-8.987500
1639		-11.137500
1640		-12.212500
1641		-12.156250
1642		-9.393750
1643		-8.550000
1644		-7.356250
1645		-8.231250
1646		-11.081250
1647		-11.806250
1648		-11.750000
1649		-8.550000
1650		-7.762500
1651		-6.862500
1652		-7.793750
1653		-9.625000
1654		-10.906250
1655		-11.518750
1656		-8.693750
1657		-6.831250
1658		-6.193750
1659		-6.775000
1660		-8.987500
1661		-9.918750
1662		-10.787500
1663		-7.643750
1664		-6.281250
1665		-5.350000
1666		-5.868750
1667		-8.143750
1668		-9.331250
1669		-10.262500
1670		-7.556250
1671		-6.537500
1672		-5.112500
1673		-5.318750
1674		-7.937500
1675		-9.162500
1676		-10.325000
1677		-8.575000
1678		-6.743750
1679		-6.193750
1680		-5.581250
1681		-8.487500
1682		-10.006250
1683		-11.837500
1684		-9.712500
1685		-8.231250
1686		-6.887500
1687		-6.568750
1688		-8.925000
1689		-10.525000
1690		-12.187500
1691		-10.906250
1692		-9.275000
1693		-8.143750
1694		-7.706250
1695		-9.743750
1696		-11.718750
1697		-13.206250
1698		-11.806250
1699		-10.206250
1700		-8.812500
1701		-8.312500
1702		-10.643750
1703		-12.800000
1704		-13.962500
1705		-13.000000
1706		-10.412500
1707		-9.568750
1708		-7.881250
1709		-10.468750
1710		-12.943750
1711		-13.987500
1712		-13.700000
1713		-11.137500
1714		-9.681250
1715		-8.575000
1716		-10.700000
1717		-12.212500
1718		-13.843750
1719		-13.556250
1720		-10.906250
1721		-9.593750
1722		-8.056250
1723		-9.743750
1724		-11.575000
1725		-13.143750
1726		-12.968750
1727		-10.093750
1728		-8.925000
1729		-7.443750
1730		-8.868750
1731		-10.062500
1732		-12.362500
1733		-11.718750
1734		-9.943750
1735		-8.462500
1736		-6.887500
1737		-7.937500
1738		-10.062500
1739		-11.281250
1740		-11.456250
1741		-8.900000
1742		-8.143750
1743		-6.337500
1744		-7.150000
1745		-9.625000
1746		-11.137500
1747		-11.925000
1748		-8.637500
1749		-7.850000
1750		-6.337500
1751		-6.712500
1752		-9.568750
1753		-11.081250
1754		-11.837500
1755		-9.537500
1756		-8.081250
1757		-6.600000
1758		-6.775000
1759		-10.031250
1760		-10.850000
1761		-11.925000
1762		-9.831250
1763		-8.025000
1764		-7.381250
1765		-7.531250
1766		-9.393750
1767		-10.906250
1768		-12.681250
1769		-10.325000
1770		-8.900000
1771		-7.850000
1772		-7.587500
1773		-10.293750
1774		-12.156250
1775		-13.406250
1776		-11.693750
1777		-9.306250
1778		-8.575000
1779		-8.200000
1780		-10.412500
1781		-11.956250
1782		-13.175000
1783		-12.331250
1784		-10.175000
1785		-8.750000
1786		-8.256250
1787		-10.906250
1788		-12.387500
1789		-13.612500
1790		-12.037500
1791		-9.943750
1792		-8.637500
1793		-8.312500
1794		-10.587500
1795		-12.475000
1796		-13.143750
1797		-12.537500
1798		-10.150000
1799		-9.568750
1800		-7.531250
1801		-10.700000
1802		-11.981250
1803		-13.525000
1804		-12.625000
1805		-9.625000
1806		-8.693750
1807		-7.412500
1808		-9.656250
1809		-11.718750
1810		-13.031250
1811		-12.450000
1812		-10.118750
1813		-8.081250
1814		-7.268750
1815		-8.575000
1816		-10.556250
1817		-12.275000
1818		-11.806250
1819		-9.162500
1820		-7.500000
1821		-5.900000
1822		-8.431250
1823		-9.943750
1824		-11.718750
1825		-11.543750
1826		-9.187500
1827		-7.443750
1828		-6.281250
1829		-7.587500
1830		-9.537500
1831		-11.662500
1832		-11.368750
1833		-8.518750
1834		-7.587500
1835		-6.106250
1836		-7.881250
1837		-9.393750
1838		-10.937500
1839		-11.368750
1840		-8.375000
1841		-7.237500
1842		-6.131250
1843		-7.125000
1844		-9.275000
1845		-10.875000
1846		-11.718750
1847		-9.043750
1848		-7.356250
1849		-5.668750
1850		-6.218750
1851		-9.162500
1852		-10.118750
1853		-10.993750
1854		-8.025000
1855		-6.775000
1856		-5.843750
1857		-5.868750
1858		-8.487500
1859		-10.612500
1860		-11.081250
1861		-8.956250
1862		-6.887500
1863		-5.987500
1864		-6.193750
1865		-8.725000
1866		-10.962500
1867		-12.012500
1868		-9.918750
1869		-8.312500
1870		-7.125000
1871		-7.706250
1872		-10.612500
1873		-11.868750
1874		-14.312500
1875		-11.925000
1876		-9.943750
1877		-9.243750
1878		-9.187500
1879		-12.068750
1880		-14.250000
1881		-15.093750
1882		-13.668750
1883		-11.606250
1884		-10.612500
1885		-10.700000
1886		-13.175000
1887		-15.268750
1888		-16.174999
1889		-14.487500
1890		-11.925000
1891		-10.906250
1892		-10.325000
1893		-12.800000
1894		-14.487500
1895		-16.000000
1896		-13.787500
1897		-12.012500
1898		-10.350000
1899		-9.187500
1900		-11.925000
1901		-13.468750
1902		-14.662500
1903		-13.525000
1904		-11.368750
1905		-10.293750
1906		-9.162500
1907		-11.518750
1908		-13.843750
1909		-15.093750
1910		-13.612500
1911		-11.518750
1912		-9.712500
1913		-9.218750
1914		-11.518750
1915		-13.818750
1916		-14.631250
1917		-13.731250
1918		-11.781250
1919		-9.393750
1920		-8.081250
1921		-10.468750
1922		-12.387500
1923		-13.175000
1924		-12.681250
1925		-9.393750
1926		-7.468750
1927		-6.537500
1928		-8.025000
1929		-9.681250
1930		-10.675000
1931		-9.331250
1932		-6.918750
1933		-4.737500
1934		-3.281250
1935		-5.143750
1936		-6.831250
1937		-7.881250
1938		-7.006250
1939		-4.356250
1940		-2.406250
1941		-1.537500
1942		-3.631250
1943		-5.725000
1944		-7.356250
1945		-6.918750
1946		-4.937500
1947		-3.368750
1948		-2.493750
1949		-4.443750
1950		-7.356250
1951		-8.956250
1952		-9.887500
1953		-7.762500
1954		-6.600000
1955		-5.056250
1956		-7.731250
1957		-10.093750
1958		-12.475000
1959		-13.143750
1960		-10.437500
1961		-9.243750
1962		-8.081250
1963		-9.918750
1964		-12.593750
1965		-14.193750
1966		-14.575000
1967		-11.343750
1968		-10.118750
1969		-8.900000
1970		-9.743750
1971		-11.893750
1972		-13.262500
1973		-12.943750
1974		-10.500000
1975		-9.012500
1976		-6.712500
1977		-7.643750
1978		-9.887500
1979		-11.400000
1980		-11.343750
1981		-8.312500
1982		-6.831250
1983		-5.112500
1984		-6.131250
1985		-8.812500
1986		-10.093750
1987		-10.787500
1988		-7.618750
1989		-5.900000
1990		-4.737500
1991		-5.231250
1992		-7.443750
1993		-8.900000
1994		-9.450000
1995		-6.450000
1996		-4.762500
1997		-3.368750
1998		-4.093750
1999		-6.337500
2000		-7.906250
2001		-8.868750
2002		-5.900000
2003		-4.650000
2004		-2.493750
2005		-3.281250
2006		-6.193750
2007		-8.143750
2008		-8.956250
2009		-6.250000
2010		-4.937500
2011		-3.575000
2012		-4.093750
2013		-7.037500
2014		-9.075000
2015		-10.556250
2016		-8.256250
2017		-6.481250
2018		-5.406250
2019		-6.393750
2020		-8.956250
2021		-10.906250
2022		-11.893750
2023		-9.537500
2024		-8.168750
2025		-6.712500
2026		-6.743750
2027		-9.656250
2028		-10.787500
2029		-12.475000
2030		-9.218750
2031		-7.556250
2032		-5.812500
2033		-5.756250
2034		-8.725000
2035		-10.118750
2036		-11.193750
2037		-9.187500
2038		-7.381250
2039		-5.056250
2040		-4.387500
2041		-7.356250
2042		-9.625000
2043		-10.675000
2044		-8.400000
2045		-6.918750
2046		-5.375000
2047		-5.693750
2048		-9.131250
2049		-10.556250
2050		-12.275000
2051		-10.700000
2052		-8.900000
2053		-7.793750
2054		-8.143750
2055		-10.962500
2056		-12.887500
2057		-13.700000
2058		-12.331250
2059		-10.437500
2060		-8.925000
2061		-8.693750
2062		-11.718750
2063		-13.118750
2064		-14.400000
2065		-12.800000
2066		-10.437500
2067		-8.662500
2068		-8.487500
2069		-10.875000
2070		-12.800000
2071		-13.206250
2072		-11.137500
2073		-8.868750
2074		-6.918750
2075		-6.218750
2076		-8.900000
2077		-9.918750
2078		-11.956250
2079		-9.162500
2080		-6.862500
2081		-5.112500
2082		-4.268750
2083		-6.887500
2084		-8.725000
2085		-9.768750
2086		-7.706250
2087		-5.606250
2088		-3.862500
2089		-3.806250
2090		-6.106250
2091		-7.587500
2092		-8.987500
2093		-7.500000
2094		-5.112500
2095		-4.181250
2096		-2.725000
2097		-6.250000
2098		-8.312500
2099		-9.306250
2100		-8.025000
2101		-5.406250
2102		-4.418750
2103		-3.312500
2104		-5.843750
2105		-7.881250
2106		-9.537500
2107		-7.443750
2108		-4.881250
2109		-3.368750
2110		-2.493750
2111		-4.356250
2112		-6.018750
2113		-6.831250
2114		-4.968750
2115		-1.768750
2116		-0.081250
2117		1.256250
2118		-0.487500
2119		-1.912500
2120		-1.712500
2121		-0.456250
2122		2.975000
2123		5.362500
2124		6.787500
2125		4.487500
2126		2.862500
2127		1.987500
2128		3.706250
2129		6.350000
2130		8.068750
2131		8.737500
2132		6.031250
2133		4.343750
2134		2.131250
2135		3.237500
2136		5.243750
2137		6.293750
2138		6.525000
2139		3.031250
2140		0.650000
2141		-0.981250
2142		-0.862500
2143		0.850000
2144		1.318750
2145		1.756250
2146		-1.362500
2147		-4.156250
2148		-5.581250
2149		-6.425000
2150		-3.162500
2151		-1.881250
2152		-1.243750
2153		-3.718750
2154		-5.987500
2155		-6.712500
2156		-5.606250
2157		-2.581250
2158		-0.806250
2159		0.212500
2160		-2.056250
2161		-3.543750
2162		-4.243750
2163		-2.931250
2164		-0.193750
2165		1.900000
2166		2.775000
2167		0.793750
2168		-1.125000
2169		-2.206250
2170		-1.187500
2171		1.000000
2172		3.031250
2173		3.412500
2174		0.650000
2175		-1.562500
2176		-3.543750
2177		-2.987500
2178		-1.475000
2179		-0.193750
2180		0.443750
2181		-2.931250
2182		-4.968750
2183		-6.775000
2184		-6.481250
2185		-4.093750
2186		-2.643750
2187		-2.143750
2188		-4.937500
2189		-6.831250
2190		-8.750000
2191		-7.556250
2192		-4.968750
2193		-3.225000
2194		-2.000000
2195		-4.156250
2196		-6.425000
2197		-7.937500
2198		-6.918750
2199		-4.268750
2200		-2.581250
2201		-1.331250
2202		-4.356250
2203		-5.843750
2204		-7.150000
2205		-6.743750
2206		-4.212500
2207		-2.787500
2208		-1.881250
2209		-4.562500
2210		-7.556250
2211		-8.518750
2212		-8.287500
2213		-6.250000
2214		-4.793750
2215		-4.587500
2216		-7.150000
2217		-9.743750
2218		-11.781250
2219		-10.850000
2220		-8.781250
2221		-7.150000
2222		-6.568750
2223		-8.956250
2224		-11.081250
2225		-12.300000
2226		-11.225000
2227		-8.837500
2228		-6.800000
2229		-5.581250
2230		-7.881250
2231		-9.187500
2232		-11.487500
2233		-9.187500
2234		-5.931250
2235		-4.037500
2236		-2.175000
2237		-3.575000
2238		-5.550000
2239		-6.687500
2240		-5.406250
2241		-2.381250
2242		0.212500
2243		1.256250
2244		-0.431250
2245		-2.206250
2246		-3.656250
2247		-1.912500
2248		0.325000
2249		2.337500
2250		3.293750
2251		0.587500
2252		-1.012500
2253		-2.612500
2254		-1.562500
2255		0.825000
2256		2.450000
2257		3.356250
2258		0.268750
2259		-2.000000
2260		-3.656250
2261		-2.843750
2262		-0.193750
2263		1.606250
2264		2.306250
2265		-0.312500
2266		-2.700000
2267		-4.268750
2268		-3.281250
2269		-0.518750
2270		1.081250
2271		1.606250
2272		-0.281250
2273		-2.787500
2274		-3.862500
2275		-2.556250
2276		0.268750
2277		2.537500
2278		3.906250
2279		0.356250
2280		-0.343750
2281		-1.275000
2282		0.237500
2283		2.450000
2284		4.868750
2285		6.000000
2286		3.118750
2287		1.668750
2288		0.300000
2289		1.231250
2290		4.806250
2291		5.450000
2292		7.106250
2293		4.431250
2294		2.162500
2295		1.025000
2296		1.462500
2297		4.693750
2298		5.393750
2299		6.262500
2300		3.731250
2301		1.231250
2302		-0.050000
2303		0.737500
2304		3.206250
2305		4.893750
2306		5.012500
2307		2.743750
2308		0.125000
2309		-1.912500
2310		-0.693750
2311		2.162500
2312		3.793750
2313		4.343750
2314		1.287500
2315		-0.518750
2316		-2.143750
2317		-1.187500
2318		1.868750
2319		2.831250
2320		3.937500
2321		0.793750
2322		-1.912500
2323		-2.643750
2324		-1.012500
2325		1.231250
2326		2.800000
2327		3.468750
2328		0.500000
2329		-1.212500
2330		-2.931250
2331		-0.750000
2332		1.231250
2333		2.887500
2334		3.618750
2335		1.318750
2336		-0.806250
2337		-1.856250
2338		0.412500
2339		2.537500
2340		4.200000
2341		5.100000
2342		2.362500
2343		0.618750
2344		-0.750000
2345		1.025000
2346		3.818750
2347		4.868750
2348		6.000000
2349		3.118750
2350		0.587500
2351		-1.156250
2352		1.231250
2353		3.556250
2354		4.081250
2355		4.781250
2356		1.900000
2357		-0.456250
2358		-2.293750
2359		-0.193750
2360		1.956250
2361		3.618750
2362		3.762500
2363		0.562500
2364		-1.881250
2365		-3.425000
2366		-1.912500
2367		0.793750
2368		2.337500
2369		2.625000
2370		-0.718750
2371		-3.018750
2372		-4.618750
2373		-1.825000
2374		-0.225000
2375		1.987500
2376		2.162500
2377		-0.431250
2378		-2.231250
2379		-4.356250
2380		-1.156250
2381		1.375000
2382		2.831250
2383		3.325000
2384		-0.281250
2385		-1.331250
2386		-3.106250
2387		-0.368750
2388		1.931250
2389		3.993750
2390		3.906250
2391		0.850000
2392		-1.212500
2393		-2.056250
2394		1.025000
2395		2.625000
2396		4.956250
2397		5.012500
2398		2.187500
2399		-0.312500
2400		-1.856250
2401		1.343750
2402		3.850000
2403		5.506250
2404		6.087500
2405		3.031250
2406		0.912500
2407		0.068750
2408		2.943750
2409		5.712500
2410		7.981250
2411		7.487500
2412		4.662500
2413		3.093750
2414		2.075000
2415		5.593750
2416		8.068750
2417		9.637500
2418		9.756250
2419		6.262500
2420		4.287500
2421		3.618750
2422		6.668750
2423		8.737500
2424		10.193750
2425		9.381250
2426		6.293750
2427		4.487500
2428		3.031250
2429		6.993750
2430		8.418750
2431		10.193750
2432		9.087500
2433		5.275000
2434		4.050000
2435		2.887500
2436		6.412500
2437		8.618750
2438		9.700000
2439		8.793750
2440		4.956250
2441		3.031250
2442		2.712500
2443		6.293750
2444		8.100000
2445		10.162500
2446		7.575000
2447		5.506250
2448		3.643750
2449		3.268750
2450		7.256250
2451		8.706250
2452		10.225000
2453		8.793750
2454		5.187500
2455		3.875000
2456		3.850000
2457		6.906250
2458		8.681250
2459		10.312500
2460		8.706250
2461		5.393750
2462		3.587500
2463		3.325000
2464		6.350000
2465		8.706250
2466		9.612500
2467		7.981250
2468		5.100000
2469		2.943750
2470		3.268750
2471		6.700000
2472		7.925000
2473		9.637500
2474		7.456250
2475		4.312500
2476		2.337500
2477		2.918750
2478		6.325000
2479		8.125000
2480		9.293750
2481		6.643750
2482		4.025000
2483		2.012500
2484		2.481250
2485		6.175000
2486		7.837500
2487		9.350000
2488		6.843750
2489		3.793750
2490		1.812500
2491		2.712500
2492		5.825000
2493		7.687500
2494		9.031250
2495		5.912500
2496		3.500000
2497		1.581250
2498		1.812500
2499		5.393750
2500		7.256250
2501		8.387500
2502		5.156250
2503		2.537500
2504		1.025000
2505		1.843750
2506		5.362500
2507		7.081250
2508		8.475000
2509		5.768750
2510		2.743750
2511		1.287500
2512		2.337500
2513		6.031250
2514		8.300000
2515		9.031250
2516		6.412500
2517		3.675000
2518		2.043750
2519		3.356250
2520		6.756250
2521		8.968750
2522		9.525000
2523		7.168750
2524		4.137500
2525		2.862500
2526		4.575000
2527		7.862500
2528		9.668750
2529		10.425000
2530		6.962500
2531		4.343750
2532		2.831250
2533		4.487500
2534		7.631250
2535		8.793750
2536		9.962500
2537		6.906250
2538		4.343750
2539		2.481250
2540		4.225000
2541		7.687500
2542		9.175000
2543		10.193750
2544		6.931250
2545		4.487500
2546		2.887500
2547		4.637500
2548		7.837500
2549		9.668750
2550		10.312500
2551		7.281250
2552		4.431250
2553		2.775000
2554		4.781250
2555		7.806250
2556		10.075000
2557		10.281250
2558		6.843750
2559		4.256250
2560		3.206250
2561		4.575000
2562		7.137500
2563		9.987500
2564		9.931250
2565		6.500000
2566		3.937500
2567		3.062500
2568		4.725000
2569		7.256250
2570		9.756250
2571		10.281250
2572		6.818750
2573		4.462500
2574		3.181250
2575		5.218750
2576		7.775000
2577		11.300000
2578		11.412500
2579		8.968750
2580		6.262500
2581		5.306250
2582		7.312500
2583		10.250000
2584		12.843750
2585		13.393750
2586		10.631250
2587		8.856250
2588		7.543750
2589		9.406250
2590		12.375000
2591		14.381250
2592		15.287500
2593		12.087500
2594		9.725000
2595		8.362500
2596		9.700000
2597		13.043750
2598		14.706250
2599		16.068750
2600		12.518750
2601		9.756250
2602		8.037500
2603		9.000000
2604		11.937500
2605		13.450000
2606		14.325000
2607		10.831250
2608		8.275000
2609		6.525000
2610		7.281250
2611		10.250000
2612		12.025000
2613		12.843750
2614		9.318750
2615		6.931250
2616		5.187500
2617		6.237500
2618		9.725000
2619		11.356250
2620		12.256250
2621		9.293750
2622		6.756250
2623		4.925000
2624		5.393750
2625		9.406250
2626		11.912500
2627		13.306250
2628		10.687500
2629		8.450000
2630		6.700000
2631		6.962500
2632		10.631250
2633		12.756250
2634		14.381250
2635		12.493750
2636		10.281250
2637		7.981250
2638		8.618750
2639		12.493750
2640		14.325000
2641		15.662500
2642		14.237500
2643		11.500000
2644		9.550000
2645		9.550000
2646		12.668750
2647		15.081250
2648		16.450001
2649		13.887500
2650		11.325000
2651		9.206250
2652		8.068750
2653		11.325000
2654		13.306250
2655		14.731250
2656		13.043750
2657		9.381250
2658		6.993750
2659		6.062500
2660		9.000000
2661		10.687500
2662		11.475000
2663		10.718750
2664		6.787500
2665		4.487500
2666		2.218750
2667		5.506250
2668		7.806250
2669		8.650000
2670		8.531250
2671		4.868750
2672		2.250000
2673		0.562500
2674		3.006250
2675		5.737500
2676		7.400000
2677		7.893750
2678		4.662500
2679		2.625000
2680		0.762500
2681		2.687500
2682		5.506250
2683		7.543750
2684		8.418750
2685		5.450000
2686		3.325000
2687		1.812500
2688		3.412500
2689		6.906250
2690		8.881250
2691		10.631250
2692		7.775000
2693		5.681250
2694		4.200000
2695		5.100000
2696		9.000000
2697		11.387500
2698		12.812500
2699		11.006250
2700		8.506250
2701		7.168750
2702		7.893750
2703		11.793750
2704		13.800000
2705		15.781250
2706		14.037500
2707		11.850000
2708		10.981250
2709		10.743750
2710		14.468750
2711		16.743750
2712		18.693750
2713		17.875000
2714		14.706250
2715		12.931250
2716		12.143750
2717		15.925000
2718		18.662500
2719		20.087500
2720		20.318750
2721		16.393749
2722		14.556250
2723		12.518750
2724		15.837500
2725		18.806250
2726		19.768749
2727		20.812500
2728		16.450001
2729		14.468750
2730		12.668750
2731		14.062500
2732		16.799999
2733		18.049999
2734		18.837500
2735		15.200000
2736		12.550000
2737		11.037500
2738		11.881250
2739		15.225000
2740		16.068750
2741		17.350000
2742		14.556250
2743		11.825000
2744		10.050000
2745		10.393750
2746		13.712500
2747		15.487500
2748		16.712500
2749		14.531250
2750		12.000000
2751		9.962500
2752		10.018750
2753		13.775000
2754		15.256250
2755		17.325001
2756		15.781250
2757		12.668750
2758		11.156250
2759		9.987500
2760		13.918750
2761		15.725000
2762		17.325001
2763		16.887501
2764		13.362500
2765		11.325000
2766		9.493750
2767		13.218750
2768		15.343750
2769		17.437500
2770		17.150000
2771		13.393750
2772		11.125000
2773		9.437500
2774		11.475000
2775		14.381250
2776		15.725000
2777		17.437500
2778		13.306250
2779		11.037500
2780		9.437500
2781		10.481250
2782		13.537500
2783		15.400000
2784		16.831249
2785		14.037500
2786		11.268750
2787		9.206250
2788		10.050000
2789		13.106250
2790		14.706250
2791		16.943750
2792		14.906250
2793		11.968750
2794		10.250000
2795		10.162500
2796		13.162500
2797		15.112500
2798		16.537500
2799		16.156250
2800		13.075000
2801		10.918750
2802		9.875000
2803		12.581250
2804		15.200000
2805		16.943750
2806		16.887501
2807		13.306250
2808		11.825000
2809		10.162500
2810		12.725000
2811		15.431250
2812		17.031250
2813		18.312500
2814		14.675000
2815		12.668750
2816		10.862500
2817		12.056250
2818		15.575000
2819		17.350000
2820		18.950001
2821		15.837500
2822		13.625000
2823		11.356250
2824		11.881250
2825		15.200000
2826		17.062500
2827		18.631250
2828		16.568750
2829		13.831250
2830		12.287500
2831		11.068750
2832		14.675000
2833		16.418751
2834		18.606251
2835		17.206249
2836		13.337500
2837		11.737500
2838		10.337500
2839		12.931250
2840		15.400000
2841		16.568750
2842		16.418751
2843		13.687500
2844		11.006250
2845		9.812500
2846		11.212500
2847		14.118750
2848		15.462500
2849		16.568750
2850		13.275000
2851		10.743750
2852		9.000000
2853		9.931250
2854		13.218750
2855		14.556250
2856		15.868750
2857		13.162500
2858		10.743750
2859		8.706250
2860		8.737500
2861		12.493750
2862		14.181250
2863		15.868750
2864		14.037500
2865		11.387500
2866		9.756250
2867		8.418750
2868		12.343750
2869		14.381250
2870		15.981250
2871		15.725000
2872		12.375000
2873		10.893750
2874		9.318750
2875		12.025000
2876		14.293750
2877		17.031250
2878		17.237499
2879		14.150000
2880		12.462500
2881		10.337500
2882		12.200000
2883		14.793750
2884		17.087500
2885		18.575001
2886		16.156250
2887		13.218750
2888		11.531250
2889		11.706250
2890		15.025000
2891		16.943750
2892		18.312500
2893		16.593750
2894		13.075000
2895		12.343750
2896		11.387500
2897		14.618750
2898		17.174999
2899		18.081249
2900		17.731251
2901		14.531250
2902		12.462500
2903		11.125000
2904		14.731250
2905		16.912500
2906		18.106251
2907		18.631250
2908		15.637500
2909		12.518750
2910		11.706250
2911		13.743750
2912		16.331249
2913		18.256250
2914		19.562500
2915		16.712500
2916		14.237500
2917		12.637500
2918		13.162500
2919		16.656250
2920		17.700001
2921		19.856251
2922		17.381250
2923		14.968750
2924		12.843750
2925		11.881250
2926		15.781250
2927		17.525000
2928		18.862499
2929		18.193750
2930		15.137500
2931		12.868750
2932		11.243750
2933		14.618750
2934		16.831249
2935		18.256250
2936		17.731251
2937		14.643750
2938		12.343750
2939		10.687500
2940		12.987500
2941		15.725000
2942		16.568750
2943		18.018749
2944		14.643750
2945		12.287500
2946		10.193750
2947		11.268750
2948		14.093750
2949		15.637500
2950		17.206249
2951		14.500000
2952		12.375000
2953		10.456250
2954		9.637500
2955		13.162500
2956		14.325000
2957		15.606250
2958		14.706250
2959		11.650000
2960		9.550000
2961		8.562500
2962		11.500000
2963		13.450000
2964		15.200000
2965		15.225000
2966		11.706250
2967		9.725000
2968		8.156250
2969		10.600000
2970		13.425000
2971		14.818750
2972		15.431250
2973		12.518750
2974		10.481250
2975		9.000000
2976		10.050000
2977		13.187500
2978		15.256250
2979		17.000000
2980		14.706250
2981		12.112500
2982		10.600000
2983		10.337500
2984		13.887500
2985		15.725000
2986		17.468750
2987		16.418751
2988		13.250000
2989		11.562500
2990		10.568750
2991		14.037500
2992		15.781250
2993		17.500000
2994		17.843750
2995		14.118750
2996		12.287500
2997		10.225000
2998		13.306250
2999		15.431250
3000		17.587500
3001		18.168751
3002		15.050000
3003		12.693750
3004		10.806250
3005		12.056250
3006		15.256250
3007		16.012501
3008		18.106251
3009		15.693750
3010		13.512500
3011		11.650000
3012		10.831250
3013		14.706250
3014		16.362499
3015		18.168751
3016		16.768749
3017		13.950000
3018		12.518750
3019		11.125000
3020		13.862500
3021		16.799999
3022		17.787500
3023		18.368750
3024		15.550000
3025		13.306250
3026		12.087500
3027		14.818750
3028		17.556250
3029		19.187500
3030		19.768749
3031		17.237499
3032		14.968750
3033		13.656250
3034		15.112500
3035		18.606251
3036		20.381250
3037		21.543751
3038		18.487499
3039		17.643749
3040		15.431250
3041		15.550000
3042		19.331249
3043		21.075001
3044		23.375000
3045		22.125000
3046		18.893749
3047		17.000000
3048		15.693750
3049		18.400000
3050		20.525000
3051		22.968750
3052		22.737499
3053		19.737499
3054		17.118750
3055		15.200000
3056		17.381250
3057		20.087500
3058		21.806250
3059		22.331249
3060		19.562500
3061		17.150000
3062		15.637500
3063		16.156250
3064		18.806250
3065		20.381250
3066		21.831249
3067		19.125000
3068		16.418751
3069		14.237500
3070		14.325000
3071		18.137501
3072		19.331249
3073		20.875000
3074		19.706249
3075		16.418751
3076		14.556250
3077		13.568750
3078		16.712500
3079		19.387501
3080		20.406250
3081		20.437500
3082		17.150000
3083		15.400000
3084		13.537500
3085		16.218750
3086		18.862499
3087		20.612499
3088		21.600000
3089		18.543751
3090		16.306250
3091		14.881250
3092		15.900000
3093		19.037500
3094		21.075001
3095		22.562500
3096		19.856251
3097		17.237499
3098		15.112500
3099		15.256250
3100		18.775000
3101		20.406250
3102		22.531250
3103		21.075001
3104		18.456249
3105		15.981250
3106		14.762500
3107		18.137501
3108		19.968750
3109		21.456249
3110		21.743750
3111		18.281250
3112		16.218750
3113		14.850000
3114		16.743750
3115		19.275000
3116		21.106251
3117		21.893749
3118		19.068750
3119		16.481251
3120		14.293750
3121		15.200000
3122		18.456249
3123		20.350000
3124		21.806250
3125		19.212500
3126		16.656250
3127		14.556250
3128		14.325000
3129		17.962500
3130		19.625000
3131		20.962500
3132		20.000000
3133		17.293751
3134		15.725000
3135		14.381250
3136		17.381250
3137		19.706249
3138		20.987499
3139		20.900000
3140		18.606251
3141		15.812500
3142		14.706250
3143		16.887501
3144		20.143749
3145		21.400000
3146		23.200001
3147		19.825001
3148		17.500000
3149		15.837500
3150		16.156250
3151		20.231251
3152		21.718750
3153		23.493750
3154		22.387501
3155		18.487499
3156		16.743750
3157		16.568750
3158		20.118750
3159		22.418751
3160		23.843750
3161		23.174999
3162		20.118750
3163		18.137501
3164		16.887501
3165		20.787500
3166		22.706249
3167		23.756250
3168		24.887501
3169		21.600000
3170		19.125000
3171		17.762501
3172		20.231251
3173		22.387501
3174		24.362499
3175		25.150000
3176		22.387501
3177		19.825001
3178		18.631250
3179		19.593750
3180		21.893749
3181		24.162500
3182		25.181250
3183		23.174999
3184		20.725000
3185		18.049999
3186		18.631250
3187		21.893749
3188		23.174999
3189		25.325001
3190		23.725000
3191		20.900000
3192		18.806250
3193		17.906250
3194		20.612499
3195		22.387501
3196		23.781250
3197		24.018749
3198		21.106251
3199		18.575001
3200		17.437500
3201		19.562500
3202		22.037500
3203		23.350000
3204		24.424999
3205		21.950001
3206		19.125000
3207		17.962500
3208		19.012501
3209		21.981251
3210		23.493750
3211		25.037500
3212		22.618750
3213		20.437500
3214		18.750000
3215		18.631250
3216		21.368750
3217		23.431250
3218		25.093750
3219		23.693750
3220		21.018749
3221		19.012501
3222		17.762501
3223		20.900000
3224		22.475000
3225		23.868750
3226		23.900000
3227		21.049999
3228		19.037500
3229		16.887501
3230		18.662500
3231		21.312500
3232		22.331249
3233		23.287500
3234		20.437500
3235		18.543751
3236		16.743750
3237		17.468750
3238		20.875000
3239		21.400000
3240		22.243750
3241		20.231251
3242		17.962500
3243		16.131250
3244		15.837500
3245		18.893749
3246		19.012501
3247		21.600000
3248		19.912500
3249		17.818750
3250		15.287500
3251		14.906250
3252		17.525000
3253		19.243750
3254		20.875000
3255		20.406250
3256		17.731251
3257		16.568750
3258		14.762500
3259		18.049999
3260		19.068750
3261		20.787500
3262		21.543751
3263		18.750000
3264		16.481251
3265		15.431250
3266		16.243750
3267		19.100000
3268		20.381250
3269		20.875000
3270		19.012501
3271		16.568750
3272		15.112500
3273		15.550000
3274		18.106251
3275		19.450001
3276		20.350000
3277		19.275000
3278		17.031250
3279		14.850000
3280		14.468750
3281		17.174999
3282		18.343750
3283		19.881250
3284		19.387501
3285		16.912500
3286		15.200000
3287		13.887500
3288		15.781250
3289		17.031250
3290		18.750000
3291		19.100000
3292		16.743750
3293		14.993750
3294		13.393750
3295		15.168750
3296		17.031250
3297		18.049999
3298		19.125000
3299		16.856251
3300		14.675000
3301		13.950000
3302		13.568750
3303		16.393749
3304		17.731251
3305		19.012501
3306		16.418751
3307		14.993750
3308		13.831250
3309		13.918750
3310		16.243750
3311		17.818750
3312		18.950001
3313		18.456249
3314		16.306250
3315		14.906250
3316		13.831250
3317		16.768749
3318		17.875000
3319		20.087500
3320		20.143749
3321		17.556250
3322		15.725000
3323		14.237500
3324		16.768749
3325		18.606251
3326		20.206249
3327		20.987499
3328		18.137501
3329		16.243750
3330		15.693750
3331		15.812500
3332		18.631250
3333		19.625000
3334		20.900000
3335		19.068750
3336		16.912500
3337		15.343750
3338		15.637500
3339		17.906250
3340		19.881250
3341		20.756250
3342		19.475000
3343		17.674999
3344		15.956250
3345		15.781250
3346		18.343750
3347		19.362499
3348		21.018749
3349		20.668751
3350		18.775000
3351		16.912500
3352		15.693750
3353		18.081249
3354		19.681250
3355		20.987499
3356		21.368750
3357		18.775000
3358		17.206249
3359		15.606250
3360		17.293751
3361		18.662500
3362		19.856251
3363		20.787500
3364		18.456249
3365		16.743750
3366		15.200000
3367		15.725000
3368		17.762501
3369		19.275000
3370		20.118750
3371		17.962500
3372		15.981250
3373		14.412500
3374		14.268750
3375		16.887501
3376		18.606251
3377		19.506250
3378		18.312500
3379		16.131250
3380		14.412500
3381		13.800000
3382		16.537500
3383		18.018749
3384		19.331249
3385		19.625000
3386		17.237499
3387		15.637500
3388		13.887500
3389		16.450001
3390		17.731251
3391		19.100000
3392		20.406250
3393		17.174999
3394		15.725000
3395		14.356250
3396		15.137500
3397		17.350000
3398		18.312500
3399		18.662500
3400		16.887501
3401		14.468750
3402		13.162500
3403		13.306250
3404		16.068750
3405		16.743750
3406		17.962500
3407		16.187500
3408		14.325000
3409		12.668750
3410		11.912500
3411		14.618750
3412		15.287500
3413		16.831249
3414		15.693750
3415		13.537500
3416		12.143750
3417		11.356250
3418		13.950000
3419		14.793750
3420		16.012501
3421		16.068750
3422		14.237500
3423		12.056250
3424		10.862500
3425		12.693750
3426		15.050000
3427		16.131250
3428		16.799999
3429		14.412500
3430		12.668750
3431		11.475000
3432		12.637500
3433		14.468750
3434		15.900000
3435		17.262501
3436		15.200000
3437		13.800000
3438		12.112500
3439		12.668750
3440		15.200000
3441		16.625000
3442		18.343750
3443		16.831249
3444		14.818750
3445		13.600000
3446		12.900000
3447		16.043751
3448		17.437500
3449		19.275000
3450		18.168751
3451		15.662500
3452		14.268750
3453		13.537500
3454		16.450001
3455		17.468750
3456		19.068750
3457		19.275000
3458		16.856251
3459		15.256250
3460		14.293750
3461		15.837500
3462		17.643749
3463		18.893749
3464		19.156250
3465		17.118750
3466		15.487500
3467		13.862500
3468		15.050000
3469		17.262501
3470		18.631250
3471		19.156250
3472		17.206249
3473		15.462500
3474		13.687500
3475		14.731250
3476		17.031250
3477		18.168751
3478		19.475000
3479		18.225000
3480		15.900000
3481		14.325000
3482		13.975000
3483		16.887501
3484		18.281250
3485		19.562500
3486		19.012501
3487		16.568750
3488		14.993750
3489		13.687500
3490		16.450001
3491		18.018749
3492		19.068750
3493		19.650000
3494		17.062500
3495		15.693750
3496		14.118750
3497		15.725000
3498		17.731251
3499		19.212500
3500		20.000000
3501		18.106251
3502		15.925000
3503		14.587500
3504		15.750000
3505		18.343750
3506		19.068750
3507		20.875000
3508		18.456249
3509		16.768749
3510		15.606250
3511		15.518750
3512		18.631250
3513		19.562500
3514		20.381250
3515		19.156250
3516		17.174999
3517		16.156250
3518		15.256250
3519		18.518749
3520		19.506250
3521		20.293751
3522		19.275000
3523		17.087500
3524		15.662500
3525		14.325000
3526		17.237499
3527		18.368750
3528		19.450001
3529		18.343750
3530		16.187500
3531		14.206250
3532		12.581250
3533		14.937500
3534		15.750000
3535		17.350000
3536		17.437500
3537		14.993750
3538		13.106250
3539		11.675000
3540		12.375000
3541		14.468750
3542		15.925000
3543		16.743750
3544		13.600000
3545		12.931250
3546		10.806250
3547		11.443750
3548		13.975000
3549		14.993750
3550		16.593750
3551		14.356250
3552		12.843750
3553		11.412500
3554		11.068750
3555		13.537500
3556		15.200000
3557		15.925000
3558		15.343750
3559		13.187500
3560		11.850000
3561		10.743750
3562		13.537500
3563		15.112500
3564		15.637500
3565		15.431250
3566		13.306250
3567		11.356250
3568		10.687500
3569		12.693750
3570		14.181250
3571		14.762500
3572		14.906250
3573		12.231250
3574		10.862500
3575		9.725000
3576		11.006250
3577		12.725000
3578		13.950000
3579		14.381250
3580		12.231250
3581		9.843750
3582		8.881250
3583		9.581250
3584		11.618750
3585		12.606250
3586		13.743750
3587		11.762500
3588		9.581250
3589		8.531250
3590		8.068750
3591		10.631250
3592		12.000000
3593		12.637500
3594		11.500000
3595		9.668750
3596		7.400000
3597		7.487500
3598		10.193750
3599		11.006250
3600		12.581250
3601		12.693750
3602		9.581250
3603		7.687500
3604		7.343750
3605		9.756250
3606		11.068750
3607		12.343750
3608		12.493750
3609		10.368750
3610		8.943750
3611		8.362500
3612		9.987500
3613		11.793750
3614		12.725000
3615		13.481250
3616		11.037500
3617		9.462500
3618		8.593750
3619		10.018750
3620		12.287500
3621		13.512500
3622		14.731250
3623		12.200000
3624		11.006250
3625		9.206250
3626		10.393750
3627		12.431250
3628		13.831250
3629		14.818750
3630		12.812500
3631		11.268750
3632		9.550000
3633		10.075000
3634		12.725000
3635		14.293750
3636		14.906250
3637		13.887500
3638		11.531250
3639		10.018750
3640		10.425000
3641		12.462500
3642		13.887500
3643		15.137500
3644		13.975000
3645		12.056250
3646		9.875000
3647		9.612500
3648		12.000000
3649		13.800000
3650		14.325000
3651		14.906250
3652		12.025000
3653		10.481250
3654		9.581250
3655		11.325000
3656		13.337500
3657		14.412500
3658		14.993750
3659		12.812500
3660		10.831250
3661		10.162500
3662		10.687500
3663		13.075000
3664		14.006250
3665		15.256250
3666		12.781250
3667		10.981250
3668		10.193750
3669		10.481250
3670		13.250000
3671		14.268750
3672		15.200000
3673		13.275000
3674		11.156250
3675		10.018750
3676		9.437500
3677		12.781250
3678		13.625000
3679		15.287500
3680		13.831250
3681		11.650000
3682		10.312500
3683		9.262500
3684		12.375000
3685		13.425000
3686		14.356250
3687		13.450000
3688		11.475000
3689		9.875000
3690		8.506250
3691		11.675000
3692		12.200000
3693		14.206250
3694		13.450000
3695		10.981250
3696		9.581250
3697		8.243750
3698		10.225000
3699		11.475000
3700		13.018750
3701		12.868750
3702		10.743750
3703		9.350000
3704		7.925000
3705		9.462500
3706		10.950000
3707		12.143750
3708		12.606250
3709		11.093750
3710		8.968750
3711		7.775000
3712		8.450000
3713		9.931250
3714		11.500000
3715		12.956250
3716		10.831250
3717		8.362500
3718		6.931250
3719		7.631250
3720		10.893750
3721		11.181250
3722		12.812500
3723		10.743750
3724		9.787500
3725		7.312500
3726		6.906250
3727		9.725000
3728		10.981250
3729		12.200000
3730		11.325000
3731		8.943750
3732		7.400000
3733		6.468750
3734		8.856250
3735		10.250000
3736		11.181250
3737		10.893750
3738		8.275000
3739		7.543750
3740		5.593750
3741		7.981250
3742		9.262500
3743		10.481250
3744		11.093750
3745		8.156250
3746		6.668750
3747		5.681250
3748		7.256250
3749		9.143750
3750		10.393750
3751		10.918750
3752		8.943750
3753		6.931250
3754		5.737500
3755		6.818750
3756		8.912500
3757		9.962500
3758		10.543750
3759		8.300000
3760		7.106250
3761		5.800000
3762		5.306250
3763		8.362500
3764		9.206250
3765		10.250000
3766		8.362500
3767		6.237500
3768		4.956250
3769		4.518750
3770		7.662500
3771		8.450000
3772		9.437500
3773		8.068750
3774		5.975000
3775		4.343750
3776		3.906250
3777		6.293750
3778		7.750000
3779		8.450000
3780		8.068750
3781		5.481250
3782		4.431250
3783		3.793750
3784		6.031250
3785		7.862500
3786		8.856250
3787		8.387500
3788		6.843750
3789		5.506250
3790		4.487500
3791		6.875000
3792		7.687500
3793		9.700000
3794		10.050000
3795		7.575000
3796		6.175000
3797		4.893750
3798		6.612500
3799		8.156250
3800		9.725000
3801		10.337500
3802		8.100000
3803		6.087500
3804		5.218750
3805		5.943750
3806		7.806250
3807		8.562500
3808		9.668750
3809		7.368750
3810		5.887500
3811		4.312500
3812		4.725000
3813		7.456250
3814		8.100000
3815		9.175000
3816		7.256250
3817		5.156250
3818		3.993750
3819		4.137500
3820		6.587500
3821		7.487500
3822		8.506250
3823		7.518750
3824		5.362500
3825		4.050000
3826		3.468750
3827		5.737500
3828		7.543750
3829		7.950000
3830		7.600000
3831		5.625000
3832		5.218750
3833		3.468750
3834		5.800000
3835		7.256250
3836		8.331250
3837		8.362500
3838		5.537500
3839		4.462500
3840		3.031250
3841		5.275000
3842		6.843750
3843		7.806250
3844		7.631250
3845		5.593750
3846		4.168750
3847		2.887500
3848		4.487500
3849		6.468750
3850		7.543750
3851		8.187500
3852		5.943750
3853		3.993750
3854		2.887500
3855		3.356250
3856		5.768750
3857		6.756250
3858		8.156250
3859		5.856250
3860		4.312500
3861		3.237500
3862		3.500000
3863		6.468750
3864		6.993750
3865		8.650000
3866		6.843750
3867		4.956250
3868		3.706250
3869		3.818750
3870		6.468750
3871		7.718750
3872		9.000000
3873		7.575000
3874		5.306250
3875		4.081250
3876		3.706250
3877		6.556250
3878		7.862500
3879		8.418750
3880		7.631250
3881		5.306250
3882		4.518750
3883		3.268750
3884		5.887500
3885		7.400000
3886		7.893750
3887		7.575000
3888		5.012500
3889		3.875000
3890		2.625000
3891		5.131250
3892		6.325000
3893		6.993750
3894		7.456250
3895		5.218750
3896		2.887500
3897		1.987500
3898		3.325000
3899		5.243750
3900		6.612500
3901		6.906250
3902		4.575000
3903		2.918750
3904		1.931250
3905		3.062500
3906		4.925000
3907		5.825000
3908		6.962500
3909		4.781250
3910		2.600000
3911		1.868750
3912		2.537500
3913		4.375000
3914		5.481250
3915		6.525000
3916		4.343750
3917		2.831250
3918		1.200000
3919		1.581250
3920		4.081250
3921		4.925000
3922		5.825000
3923		3.937500
3924		1.868750
3925		0.500000
3926		0.268750
3927		1.900000
3928		3.381250
3929		4.575000
3930		2.800000
3931		1.025000
3932		-0.575000
3933		-1.243750
3934		1.256250
3935		2.600000
3936		3.206250
3937		2.568750
3938		0.150000
3939		-1.537500
3940		-2.262500
3941		0.356250
3942		1.781250
3943		2.918750
3944		2.250000
3945		0.125000
3946		-1.387500
3947		-2.787500
3948		0.006250
3949		1.081250
3950		3.325000
3951		3.150000
3952		1.025000
3953		-0.893750
3954		-2.000000
3955		-0.312500
3956		1.493750
3957		2.831250
3958		3.325000
3959		0.762500
3960		-0.718750
3961		-1.450000
3962		0.068750
3963		1.756250
3964		2.775000
3965		3.006250
3966		0.968750
3967		-0.662500
3968		-1.625000
3969		-1.387500
3970		1.318750
3971		2.568750
3972		3.237500
3973		1.462500
3974		-0.106250
3975		-1.768750
3976		-1.362500
3977		1.143750
3978		2.306250
3979		3.412500
3980		1.900000
3981		-0.487500
3982		-1.125000
3983		-1.125000
3984		1.756250
3985		3.206250
3986		4.112500
3987		2.918750
3988		0.356250
3989		-0.431250
3990		-0.893750
3991		2.162500
3992		3.181250
3993		4.487500
3994		4.081250
3995		1.606250
3996		0.212500
3997		-0.837500
3998		1.668750
3999		3.206250
4000		4.637500
4001		3.500000
4002		1.931250
4003		0.475000
4004		-0.781250
4005		1.843750
4006		3.031250
4007		4.312500
4008		4.343750
4009		2.131250
4010		0.300000
4011		-0.662500
4012		1.406250
4013		3.325000
4014		3.793750
4015		4.806250
4016		2.162500
4017		0.650000
4018		-0.718750
4019		1.431250
4020		2.918750
4021		4.200000
4022		4.925000
4023		2.337500
4024		1.287500
4025		-0.018750
4026		0.737500
4027		2.887500
4028		3.762500
4029		4.518750
4030		2.218750
4031		0.387500
4032		-0.518750
4033		-0.168750
4034		2.306250
4035		3.293750
4036		4.025000
4037		1.756250
4038		-0.343750
4039		-1.387500
4040		-1.156250
4041		1.406250
4042		2.425000
4043		3.762500
4044		1.812500
4045		-0.343750
4046		-1.793750
4047		-1.625000
4048		0.475000
4049		1.693750
4050		3.118750
4051		1.725000
4052		-0.518750
4053		-1.562500
4054		-2.056250
4055		1.025000
4056		1.900000
4057		2.943750
4058		2.218750
4059		0.150000
4060		-1.681250
4061		-1.593750
4062		0.618750
4063		1.868750
4064		3.500000
4065		2.425000
4066		0.300000
4067		-1.387500
4068		-2.175000
4069		0.912500
4070		1.581250
4071		2.887500
4072		2.687500
4073		0.068750
4074		-1.100000
4075		-2.350000
4076		-0.168750
4077		1.431250
4078		2.537500
4079		2.887500
4080		0.068750
4081		-1.275000
4082		-2.756250
4083		-0.193750
4084		1.112500
4085		2.306250
4086		2.862500
4087		0.268750
4088		-1.275000
4089		-2.581250
4090		-1.125000
4091		0.650000
4092		2.100000
4093		2.975000
4094		0.793750
4095		-1.362500
4096		-2.581250
4097		-1.562500
4098		0.531250
4099		1.637500
4100		3.031250
4101		0.237500
4102		-1.300000
4103		-2.756250
4104		-1.737500
4105		0.006250
4106		1.931250
4107		2.481250
4108		0.562500
4109		-1.068750
4110		-2.493750
4111		-2.000000
4112		0.475000
4113		1.256250
4114		2.306250
4115		0.737500
4116		-1.037500
4117		-2.350000
4118		-2.293750
4119		0.650000
4120		1.462500
4121		2.393750
4122		1.143750
4123		-0.781250
4124		-2.437500
4125		-2.381250
4126		0.562500
4127		1.406250
4128		2.600000
4129		1.518750
4130		-0.225000
4131		-2.143750
4132		-2.581250
4133		0.212500
4134		1.343750
4135		3.006250
4136		2.250000
4137		0.150000
4138		-1.362500
4139		-2.381250
4140		0.212500
4141		1.581250
4142		2.600000
4143		2.625000
4144		0.300000
4145		-1.562500
4146		-2.556250
4147		0.093750
4148		1.318750
4149		2.481250
4150		2.537500
4151		0.093750
4152		-1.450000
4153		-2.812500
4154		-0.081250
4155		1.406250
4156		2.425000
4157		2.625000
4158		0.093750
4159		-1.300000
4160		-2.437500
4161		-1.125000
4162		0.587500
4163		2.218750
4164		2.775000
4165		0.300000
4166		-1.506250
4167		-2.931250
4168		-1.275000
4169		1.056250
4170		2.187500
4171		2.600000
4172		-0.168750
4173		-1.625000
4174		-2.493750
4175		-1.450000
4176		0.500000
4177		1.581250
4178		2.568750
4179		0.300000
4180		-1.768750
4181		-2.962500
4182		-2.668750
4183		-0.281250
4184		1.493750
4185		2.100000
4186		-0.018750
4187		-1.768750
4188		-2.787500
4189		-3.137500
4190		-0.487500
4191		0.412500
4192		1.668750
4193		-0.281250
4194		-2.175000
4195		-3.487500
4196		-3.575000
4197		-1.012500
4198		0.356250
4199		1.143750
4200		0.068750
4201		-1.943750
4202		-3.400000
4203		-3.543750
4204		-1.475000
4205		-0.225000
4206		1.287500
4207		-0.050000
4208		-2.468750
4209		-3.775000
4210		-4.006250
4211		-1.793750
4212		-0.487500
4213		0.737500
4214		0.150000
4215		-2.931250
4216		-3.862500
4217		-5.087500
4218		-1.943750
4219		-0.750000
4220		0.412500
4221		-0.193750
4222		-2.293750
4223		-3.918750
4224		-5.025000
4225		-2.031250
4226		-0.400000
4227		0.562500
4228		0.500000
4229		-2.437500
4230		-3.600000
4231		-4.737500
4232		-2.756250
4233		-0.693750
4234		0.268750
4235		0.412500
4236		-2.262500
4237		-3.575000
4238		-4.825000
4239		-2.931250
4240		-1.362500
4241		0.300000
4242		0.412500
4243		-2.406250
4244		-3.718750
4245		-5.143750
4246		-3.075000
4247		-1.475000
4248		-0.137500
4249		0.412500
4250		-2.468750
4251		-3.687500
4252		-4.825000
4253		-3.806250
4254		-0.950000
4255		-0.168750
4256		0.737500
4257		-1.737500
4258		-3.137500
4259		-4.356250
4260		-2.581250
4261		-1.012500
4262		0.531250
4263		1.318750
4264		-0.631250
4265		-2.350000
4266		-3.950000
4267		-2.493750
4268		0.068750
4269		1.231250
4270		1.725000
4271		-0.281250
4272		-1.768750
4273		-3.250000
4274		-3.193750
4275		-0.193750
4276		0.881250
4277		2.306250
4278		-0.718750
4279		-2.493750
4280		-4.068750
4281		-3.893750
4282		-1.593750
4283		-0.518750
4284		-0.081250
4285		-1.737500
4286		-3.950000
4287		-6.106250
4288		-5.493750
4289		-3.337500
4290		-2.756250
4291		-1.362500
4292		-2.987500
4293		-5.725000
4294		-7.618750
4295		-7.968750
4296		-4.937500
4297		-4.156250
4298		-3.543750
4299		-4.825000
4300		-5.812500
4301		-8.168750
4302		-8.868750
4303		-6.131250
4304		-4.506250
4305		-3.775000
4306		-4.618750
4307		-7.212500
4308		-8.375000
4309		-8.662500
4310		-5.693750
4311		-5.112500
4312		-3.368750
4313		-4.531250
4314		-7.212500
4315		-8.112500
4316		-9.043750
4317		-6.450000
4318		-4.506250
4319		-3.312500
4320		-3.775000
4321		-5.987500
4322		-7.762500
4323		-8.312500
4324		-5.462500
4325		-3.718750
4326		-2.725000
4327		-3.575000
4328		-5.200000
4329		-6.712500
4330		-7.937500
4331		-4.650000
4332		-2.812500
4333		-1.418750
4334		-0.018750
4335		-3.456250
4336		-4.212500
4337		-5.581250
4338		-2.031250
4339		-0.662500
4340		0.850000
4341		1.287500
4342		-1.187500
4343		-2.556250
4344		-3.631250
4345		-1.100000
4346		0.912500
4347		1.931250
4348		3.062500
4349		0.300000
4350		-1.506250
4351		-2.987500
4352		-0.862500
4353		0.793750
4354		1.931250
4355		2.537500
4356		-0.168750
4357		-2.118750
4358		-4.006250
4359		-2.118750
4360		-0.456250
4361		0.587500
4362		1.000000
4363		-2.262500
4364		-4.356250
4365		-6.018750
4366		-5.087500
4367		-2.843750
4368		-1.331250
4369		-0.806250
4370		-4.587500
4371		-5.843750
4372		-7.181250
4373		-6.193750
4374		-4.037500
4375		-2.931250
4376		-1.881250
4377		-4.300000
4378		-5.987500
4379		-7.850000
4380		-6.512500
4381		-4.356250
4382		-3.225000
4383		-2.143750
4384		-4.618750
4385		-5.843750
4386		-7.731250
4387		-6.450000
4388		-3.831250
4389		-2.581250
4390		-1.625000
4391		-3.575000
4392		-5.725000
4393		-6.712500
4394		-6.131250
4395		-3.281250
4396		-2.118750
4397		-1.187500
4398		-3.193750
4399		-5.437500
4400		-6.568750
4401		-6.250000
4402		-3.656250
4403		-1.943750
4404		-1.450000
4405		-3.718750
4406		-5.987500
4407		-7.062500
4408		-6.950000
4409		-4.212500
4410		-3.456250
4411		-2.031250
4412		-3.918750
4413		-6.537500
4414		-7.762500
4415		-7.850000
4416		-4.825000
4417		-3.893750
4418		-2.875000
4419		-4.037500
4420		-6.425000
4421		-7.937500
4422		-7.762500
4423		-5.375000
4424		-3.512500
4425		-2.293750
4426		-3.631250
4427		-5.781250
4428		-7.125000
4429		-7.443750
4430		-4.037500
4431		-3.075000
4432		-1.243750
4433		-3.425000
4434		-5.693750
4435		-7.356250
4436		-7.731250
4437		-5.231250
4438		-4.156250
4439		-2.381250
4440		-4.300000
4441		-6.600000
4442		-8.375000
4443		-9.187500
4444		-7.006250
4445		-5.756250
4446		-4.443750
4447		-5.262500
4448		-8.200000
4449		-9.537500
4450		-10.700000
4451		-7.762500
4452		-5.606250
4453		-4.475000
4454		-5.025000
4455		-7.675000
4456		-9.100000
4457		-9.681250
4458		-6.393750
4459		-4.300000
4460		-2.756250
4461		-2.787500
4462		-5.581250
4463		-6.368750
4464		-6.625000
4465		-3.337500
4466		-1.450000
4467		0.562500
4468		0.475000
4469		-1.737500
4470		-3.281250
4471		-4.212500
4472		-1.187500
4473		0.150000
4474		2.187500
4475		1.462500
4476		-1.100000
4477		-2.875000
4478		-4.093750
4479		-1.562500
4480		-0.225000
4481		1.081250
4482		0.562500
4483		-2.612500
4484		-4.587500
4485		-6.687500
4486		-3.631250
4487		-2.581250
4488		-1.275000
4489		-1.681250
4490		-5.175000
4491		-7.500000
4492		-9.362500
4493		-6.393750
4494		-5.406250
4495		-4.506250
4496		-4.243750
4497		-7.618750
4498		-9.681250
4499		-10.818750
4500		-8.868750
4501		-7.268750
4502		-6.162500
4503		-5.843750
4504		-8.606250
4505		-10.643750
4506		-12.387500
4507		-10.325000
4508		-8.462500
4509		-6.862500
4510		-6.193750
4511		-9.831250
4512		-11.631250
4513		-13.000000
4514		-10.587500
4515		-8.400000
4516		-7.381250
4517		-6.656250
4518		-8.837500
4519		-10.787500
4520		-13.031250
4521		-9.800000
4522		-7.618750
4523		-6.568750
4524		-5.693750
4525		-9.918750
4526		-10.206250
4527		-11.606250
4528		-9.918750
4529		-7.556250
4530		-6.131250
4531		-5.462500
4532		-8.812500
4533		-10.937500
4534		-12.212500
4535		-10.175000
4536		-8.168750
4537		-7.300000
4538		-6.131250
4539		-9.187500
4540		-11.662500
4541		-13.700000
4542		-11.893750
4543		-9.681250
4544		-9.043750
4545		-7.587500
4546		-10.875000
4547		-13.381250
4548		-14.250000
4549		-12.800000
4550		-10.437500
4551		-9.331250
4552		-8.725000
4553		-11.343750
4554		-13.731250
4555		-14.918750
4556		-12.800000
4557		-10.612500
4558		-8.750000
4559		-7.731250
4560		-10.500000
4561		-11.781250
4562		-13.406250
4563		-10.993750
4564		-8.956250
4565		-7.006250
4566		-6.337500
4567		-7.850000
4568		-10.118750
4569		-10.937500
4570		-9.537500
4571		-6.656250
4572		-5.375000
4573		-4.356250
4574		-6.162500
4575		-8.168750
4576		-10.412500
4577		-8.312500
4578		-5.606250
4579		-4.068750
4580		-2.668750
4581		-5.375000
4582		-7.556250
4583		-9.162500
4584		-7.412500
4585		-4.706250
4586		-3.368750
4587		-2.031250
4588		-5.087500
4589		-6.831250
4590		-8.606250
4591		-7.381250
4592		-4.881250
4593		-3.981250
4594		-2.206250
4595		-5.606250
4596		-7.993750
4597		-9.243750
4598		-8.256250
4599		-5.437500
4600		-4.356250
4601		-3.950000
4602		-5.693750
4603		-8.637500
4604		-10.350000
4605		-9.218750
4606		-6.656250
4607		-5.262500
4608		-4.650000
4609		-7.125000
4610		-10.006250
4611		-11.606250
4612		-10.875000
4613		-8.750000
4614		-7.062500
4615		-6.625000
4616		-8.606250
4617		-11.168750
4618		-13.350000
4619		-12.418750
4620		-9.743750
4621		-8.550000
4622		-7.300000
4623		-10.612500
4624		-12.737500
4625		-14.862500
4626		-14.137500
4627		-11.081250
4628		-10.412500
4629		-9.243750
4630		-11.456250
4631		-13.962500
4632		-15.593750
4633		-14.862500
4634		-12.125000
4635		-10.612500
4636		-9.362500
4637		-11.718750
4638		-13.643750
4639		-15.793750
4640		-14.512500
4641		-11.781250
4642		-10.118750
4643		-8.900000
4644		-11.193750
4645		-13.000000
4646		-14.893750
4647		-14.718750
4648		-10.762500
4649		-9.537500
4650		-8.312500
4651		-10.262500
4652		-12.450000
4653		-13.900000
4654		-13.262500
4655		-10.062500
4656		-8.956250
4657		-8.231250
4658		-9.768750
4659		-12.450000
4660		-13.962500
4661		-12.968750
4662		-10.500000
4663		-8.925000
4664		-7.468750
4665		-9.743750
4666		-12.243750
4667		-14.162500
4668		-13.987500
4669		-10.325000
4670		-8.925000
4671		-7.268750
4672		-9.856250
4673		-12.212500
4674		-13.700000
4675		-13.318750
4676		-9.681250
4677		-7.675000
4678		-6.831250
4679		-9.162500
4680		-11.312500
4681		-12.475000
4682		-12.243750
4683		-8.431250
4684		-6.918750
4685		-5.987500
4686		-7.793750
4687		-9.306250
4688		-10.787500
4689		-10.031250
4690		-7.237500
4691		-5.462500
4692		-4.675000
4693		-6.512500
4694		-8.781250
4695		-9.831250
4696		-10.031250
4697		-6.831250
4698		-5.518750
4699		-4.356250
4700		-6.393750
4701		-8.812500
4702		-10.937500
4703		-10.150000
4704		-7.643750
4705		-6.193750
4706		-5.693750
4707		-7.412500
4708		-10.381250
4709		-12.068750
4710		-11.518750
4711		-9.043750
4712		-7.937500
4713		-7.037500
4714		-9.481250
4715		-12.068750
4716		-14.106250
4717		-13.962500
4718		-11.137500
4719		-9.681250
4720		-8.518750
4721		-10.468750
4722		-13.612500
4723		-14.950000
4724		-15.706250
4725		-12.100000
4726		-10.906250
4727		-9.593750
4728		-11.718750
4729		-13.931250
4730		-16.056250
4731		-14.918750
4732		-12.100000
4733		-11.343750
4734		-10.031250
4735		-11.631250
4736		-14.718750
4737		-15.562500
4738		-15.418750
4739		-12.825000
4740		-11.281250
4741		-9.800000
4742		-12.100000
4743		-13.987500
4744		-15.881250
4745		-15.825000
4746		-12.825000
4747		-11.343750
4748		-9.918750
4749		-12.187500
4750		-14.687500
4751		-16.231251
4752		-15.387500
4753		-12.418750
4754		-11.487500
4755		-9.856250
4756		-12.506250
4757		-13.987500
4758		-16.143749
4759		-15.181250
4760		-12.212500
4761		-10.850000
4762		-9.831250
4763		-11.781250
4764		-14.106250
4765		-16.318750
4766		-15.068750
4767		-12.275000
4768		-10.612500
4769		-9.625000
4770		-11.575000
4771		-13.612500
4772		-15.593750
4773		-15.068750
4774		-11.925000
4775		-10.093750
4776		-9.537500
4777		-11.518750
4778		-14.631250
4779		-15.331250
4780		-14.981250
4781		-11.893750
4782		-10.500000
4783		-8.956250
4784		-11.050000
4785		-13.612500
4786		-15.181250
4787		-14.487500
4788		-11.368750
4789		-9.918750
4790		-8.256250
4791		-10.612500
4792		-12.737500
4793		-15.212500
4794		-13.525000
4795		-10.468750
4796		-9.243750
4797		-8.081250
4798		-10.381250
4799		-12.243750
4800		-13.843750
4801		-13.381250
4802		-9.743750
4803		-8.400000
4804		-7.062500
4805		-9.887500
4806		-12.506250
4807		-13.818750
4808		-13.031250
4809		-10.150000
4810		-9.187500
4811		-7.937500
4812		-10.962500
4813		-13.381250
4814		-14.631250
4815		-14.018750
4816		-11.050000
4817		-9.856250
4818		-9.362500
4819		-11.575000
4820		-13.700000
4821		-16.262501
4822		-15.356250
4823		-12.362500
4824		-11.487500
4825		-10.262500
4826		-13.381250
4827		-15.706250
4828		-17.250000
4829		-16.668751
4830		-13.700000
4831		-12.156250
4832		-11.256250
4833		-13.668750
4834		-16.668751
4835		-18.181250
4836		-16.868750
4837		-14.806250
4838		-12.712500
4839		-12.300000
4840		-15.068750
4841		-17.512501
4842		-19.025000
4843		-17.568750
4844		-14.862500
4845		-13.493750
4846		-12.418750
4847		-15.418750
4848		-18.037500
4849		-19.112499
4850		-17.456249
4851		-14.543750
4852		-13.700000
4853		-12.187500
4854		-15.506250
4855		-17.456249
4856		-18.793751
4857		-17.162500
4858		-14.718750
4859		-12.068750
4860		-12.243750
4861		-14.575000
4862		-17.337500
4863		-18.125000
4864		-16.637501
4865		-14.075000
4866		-11.631250
4867		-11.631250
4868		-14.400000
4869		-16.174999
4870		-17.712500
4871		-15.443750
4872		-13.031250
4873		-11.050000
4874		-10.468750
4875		-14.050000
4876		-16.000000
4877		-17.456249
4878		-15.156250
4879		-12.650000
4880		-11.168750
4881		-10.412500
4882		-13.987500
4883		-16.612499
4884		-17.393749
4885		-14.918750
4886		-12.800000
4887		-10.612500
4888		-10.643750
4889		-13.843750
4890		-16.231251
4891		-18.037500
4892		-14.831250
4893		-13.262500
4894		-11.137500
4895		-10.875000
4896		-14.862500
4897		-16.581249
4898		-18.325001
4899		-15.937500
4900		-13.900000
4901		-12.012500
4902		-12.068750
4903		-14.806250
4904		-17.625000
4905		-19.168751
4906		-16.350000
4907		-14.368750
4908		-12.450000
4909		-12.712500
4910		-15.968750
4911		-17.887501
4912		-20.012501
4913		-16.725000
4914		-14.831250
4915		-12.768750
4916		-12.768750
4917		-16.725000
4918		-18.762501
4919		-20.012501
4920		-17.131250
4921		-14.687500
4922		-13.437500
4923		-13.612500
4924		-16.931250
4925		-19.143749
4926		-20.450001
4927		-16.725000
4928		-15.181250
4929		-13.668750
4930		-13.987500
4931		-17.393749
4932		-18.881250
4933		-20.275000
4934		-17.043751
4935		-14.487500
4936		-13.231250
4937		-14.050000
4938		-17.306250
4939		-19.725000
4940		-20.306250
4941		-16.668751
4942		-14.543750
4943		-12.650000
4944		-14.575000
4945		-16.812500
4946		-18.937500
4947		-20.418751
4948		-16.025000
4949		-13.962500
4950		-12.562500
4951		-13.231250
4952		-16.987499
4953		-19.025000
4954		-19.343750
4955		-15.762500
4956		-13.087500
4957		-11.662500
4958		-13.556250
4959		-16.637501
4960		-18.500000
4961		-18.706249
4962		-15.212500
4963		-13.406250
4964		-11.487500
4965		-13.118750
4966		-15.737500
4967		-17.950001
4968		-18.793751
4969		-14.831250
4970		-13.231250
4971		-11.781250
4972		-13.231250
4973		-15.881250
4974		-18.475000
4975		-18.093750
4976		-14.456250
4977		-12.887500
4978		-11.312500
4979		-12.968750
4980		-16.437500
4981		-17.918751
4982		-17.743750
4983		-14.050000
4984		-12.300000
4985		-10.937500
4986		-12.943750
4987		-15.618750
4988		-17.481251
4989		-17.456249
4990		-13.756250
4991		-11.956250
4992		-10.293750
4993		-13.231250
4994		-15.762500
4995		-17.775000
4996		-17.337500
4997		-13.700000
4998		-12.300000
4999		-11.081250
5000		-13.668750
5001		-16.843750
5002		-18.618750
5003		-18.387501
5004		-14.950000
5005		-13.493750
5006		-12.275000
5007		-15.562500
5008		-18.587500
5009		-20.712500
5010		-19.837500
5011		-17.337500
5012		-14.831250
5013		-14.487500
5014		-17.481251
5015		-19.781250
5016		-22.312500
5017		-21.468750
5018		-17.975000
5019		-16.756250
5020		-15.443750
5021		-18.643749
5022		-21.612499
5023		-23.068750
5024		-22.168751
5025		-18.299999
5026		-16.812500
5027		-15.562500
5028		-18.212500
5029		-21.181250
5030		-22.893749
5031		-21.556250
5032		-17.950001
5033		-16.056250
5034		-15.068750
5035		-17.656250
5036		-20.656250
5037		-22.112499
5038		-20.656250
5039		-17.424999
5040		-15.706250
5041		-14.893750
5042		-18.237499
5043		-20.681250
5044		-22.312500
5045		-20.768749
5046		-17.106251
5047		-15.562500
5048		-14.687500
5049		-18.062500
5050		-20.887501
5051		-21.906250
5052		-20.743750
5053		-17.600000
5054		-15.300000
5055		-14.400000
5056		-17.656250
5057		-19.487499
5058		-20.799999
5059		-19.200001
5060		-15.593750
5061		-13.612500
5062		-11.956250
5063		-15.531250
5064		-17.131250
5065		-18.181250
5066		-15.881250
5067		-12.537500
5068		-10.937500
5069		-9.162500
5070		-12.362500
5071		-14.456250
5072		-15.593750
5073		-14.250000
5074		-10.118750
5075		-8.662500
5076		-7.706250
5077		-10.787500
5078		-13.643750
5079		-15.125000
5080		-13.843750
5081		-10.993750
5082		-9.418750
5083		-8.725000
5084		-12.681250
5085		-15.706250
5086		-17.656250
5087		-16.931250
5088		-13.493750
5089		-12.825000
5090		-12.475000
5091		-16.087500
5092		-19.375000
5093		-20.975000
5094		-20.043751
5095		-17.625000
5096		-16.174999
5097		-15.387500
5098		-18.556250
5099		-21.556250
5100		-23.187500
5101		-21.962500
5102		-19.025000
5103		-16.931250
5104		-15.881250
5105		-18.881250
5106		-20.918751
5107		-22.312500
5108		-21.093750
5109		-17.975000
5110		-15.506250
5111		-14.400000
5112		-16.900000
5113		-19.081249
5114		-20.593750
5115		-19.343750
5116		-16.262501
5117		-13.875000
5118		-12.506250
5119		-15.156250
5120		-17.775000
5121		-19.518749
5122		-18.643749
5123		-14.687500
5124		-13.406250
5125		-11.281250
5126		-14.425000
5127		-16.725000
5128		-18.531250
5129		-17.918751
5130		-14.250000
5131		-12.418750
5132		-10.731250
5133		-12.968750
5134		-15.125000
5135		-17.656250
5136		-17.775000
5137		-14.193750
5138		-12.300000
5139		-10.906250
5140		-12.943750
5141		-16.375000
5142		-18.212500
5143		-18.500000
5144		-15.618750
5145		-13.468750
5146		-12.331250
5147		-14.487500
5148		-17.512501
5149		-19.487499
5150		-21.181250
5151		-17.543751
5152		-16.087500
5153		-15.181250
5154		-16.174999
5155		-19.868750
5156		-21.268749
5157		-22.781250
5158		-19.287500
5159		-17.743750
5160		-15.937500
5161		-16.493750
5162		-19.575001
5163		-21.762501
5164		-22.837500
5165		-19.231251
5166		-17.281250
5167		-14.831250
5168		-15.212500
5169		-18.818750
5170		-20.537500
5171		-21.818750
5172		-19.487499
5173		-16.781250
5174		-14.831250
5175		-14.106250
5176		-17.600000
5177		-20.306250
5178		-21.731251
5179		-19.868750
5180		-17.512501
5181		-15.706250
5182		-15.475000
5183		-19.487499
5184		-22.112499
5185		-23.856251
5186		-22.981251
5187		-20.043751
5188		-18.325001
5189		-17.775000
5190		-20.393749
5191		-23.799999
5192		-25.924999
5193		-25.075001
5194		-21.674999
5195		-20.187500
5196		-18.125000
5197		-21.181250
5198		-23.625000
5199		-25.487499
5200		-25.368750
5201		-21.700001
5202		-20.337500
5203		-18.037500
5204		-19.868750
5205		-22.343750
5206		-24.031250
5207		-24.293751
5208		-20.275000
5209		-18.181250
5210		-16.725000
5211		-17.424999
5212		-20.075001
5213		-21.700001
5214		-22.837500
5215		-19.056250
5216		-16.900000
5217		-14.981250
5218		-15.650000
5219		-18.531250
5220		-20.537500
5221		-21.700001
5222		-18.443750
5223		-16.174999
5224		-14.312500
5225		-14.106250
5226		-17.656250
5227		-19.750000
5228		-21.468750
5229		-19.200001
5230		-16.581249
5231		-15.068750
5232		-14.281250
5233		-17.687500
5234		-19.637501
5235		-21.612499
5236		-20.506250
5237		-17.775000
5238		-15.506250
5239		-13.787500
5240		-17.106251
5241		-19.462500
5242		-20.768749
5243		-20.275000
5244		-16.581249
5245		-14.512500
5246		-12.275000
5247		-14.050000
5248		-16.375000
5249		-17.337500
5250		-17.456249
5251		-13.175000
5252		-10.468750
5253		-8.168750
5254		-8.868750
5255		-11.312500
5256		-12.593750
5257		-12.593750
5258		-8.462500
5259		-5.756250
5260		-3.862500
5261		-4.387500
5262		-7.062500
5263		-8.431250
5264		-9.975000
5265		-6.600000
5266		-4.587500
5267		-2.725000
5268		-2.962500
5269		-6.043750
5270		-9.537500
5271		-11.368750
5272		-10.293750
5273		-7.556250
5274		-7.300000
5275		-6.537500
5276		-10.500000
5277		-13.581250
5278		-16.025000
5279		-15.650000
5280		-13.087500
5281		-11.956250
5282		-11.225000
5283		-14.456250
5284		-17.337500
5285		-19.375000
5286		-19.256250
5287		-15.418750
5288		-14.425000
5289		-11.806250
5290		-13.668750
5291		-16.375000
5292		-18.037500
5293		-18.906250
5294		-14.312500
5295		-12.187500
5296		-10.031250
5297		-10.437500
5298		-12.968750
5299		-14.862500
5300		-16.056250
5301		-12.475000
5302		-10.062500
5303		-8.606250
5304		-8.081250
5305		-12.037500
5306		-13.525000
5307		-15.212500
5308		-13.406250
5309		-11.137500
5310		-10.031250
5311		-9.887500
5312		-13.087500
5313		-15.650000
5314		-18.268749
5315		-17.131250
5316		-14.250000
5317		-13.581250
5318		-12.100000
5319		-15.443750
5320		-17.862499
5321		-20.100000
5322		-20.250000
5323		-16.812500
5324		-15.181250
5325		-13.843750
5326		-15.300000
5327		-18.325001
5328		-20.043751
5329		-21.325001
5330		-17.306250
5331		-15.125000
5332		-13.468750
5333		-14.137500
5334		-17.193750
5335		-19.200001
5336		-20.656250
5337		-17.337500
5338		-15.418750
5339		-13.875000
5340		-13.406250
5341		-17.162500
5342		-19.343750
5343		-21.093750
5344		-19.725000
5345		-17.131250
5346		-16.000000
5347		-15.212500
5348		-18.325001
5349		-21.612499
5350		-23.450001
5351		-23.243750
5352		-20.568750
5353		-18.643749
5354		-17.456249
5355		-20.306250
5356		-22.693750
5357		-25.137501
5358		-25.162500
5359		-21.612499
5360		-19.924999
5361		-18.268749
5362		-19.231251
5363		-21.587500
5364		-23.475000
5365		-24.174999
5366		-20.450001
5367		-18.125000
5368		-15.937500
5369		-15.562500
5370		-18.037500
5371		-19.725000
5372		-20.831249
5373		-17.337500
5374		-14.312500
5375		-12.275000
5376		-11.106250
5377		-14.543750
5378		-15.762500
5379		-17.131250
5380		-15.243750
5381		-11.575000
5382		-9.856250
5383		-8.343750
5384		-11.193750
5385		-13.525000
5386		-15.037500
5387		-15.093750
5388		-11.662500
5389		-10.150000
5390		-8.400000
5391		-9.831250
5392		-13.525000
5393		-15.850000
5394		-16.581249
5395		-13.437500
5396		-11.487500
5397		-9.856250
5398		-10.850000
5399		-13.987500
5400		-16.087500
5401		-17.775000
5402		-15.093750
5403		-12.362500
5404		-10.818750
5405		-10.700000
5406		-13.556250
5407		-15.737500
5408		-17.193750
5409		-15.268750
5410		-12.187500
5411		-10.350000
5412		-8.518750
5413		-11.543750
5414		-13.581250
5415		-14.631250
5416		-14.137500
5417		-10.206250
5418		-8.287500
5419		-6.537500
5420		-8.231250
5421		-10.993750
5422		-12.475000
5423		-13.262500
5424		-9.218750
5425		-7.093750
5426		-5.956250
5427		-6.918750
5428		-9.656250
5429		-11.806250
5430		-13.350000
5431		-10.118750
5432		-8.575000
5433		-6.481250
5434		-6.568750
5435		-10.206250
5436		-12.331250
5437		-13.700000
5438		-12.212500
5439		-10.006250
5440		-8.550000
5441		-7.531250
5442		-10.525000
5443		-13.262500
5444		-15.212500
5445		-14.981250
5446		-11.368750
5447		-9.975000
5448		-8.812500
5449		-10.118750
5450		-13.900000
5451		-15.562500
5452		-16.462500
5453		-13.206250
5454		-11.400000
5455		-9.831250
5456		-10.350000
5457		-13.962500
5458		-15.650000
5459		-17.193750
5460		-13.900000
5461		-12.300000
5462		-10.500000
5463		-10.993750
5464		-13.350000
5465		-15.762500
5466		-17.250000
5467		-14.950000
5468		-12.450000
5469		-11.050000
5470		-9.012500
5471		-12.387500
5472		-14.775000
5473		-16.287500
5474		-15.356250
5475		-11.868750
5476		-10.325000
5477		-8.725000
5478		-11.081250
5479		-13.437500
5480		-15.300000
5481		-15.243750
5482		-12.100000
5483		-10.262500
5484		-8.431250
5485		-10.206250
5486		-13.143750
5487		-15.356250
5488		-16.812500
5489		-13.818750
5490		-11.518750
5491		-9.975000
5492		-10.150000
5493		-14.137500
5494		-16.525000
5495		-18.093750
5496		-16.231251
5497		-13.931250
5498		-12.243750
5499		-11.518750
5500		-15.068750
5501		-17.281250
5502		-20.162500
5503		-18.906250
5504		-15.825000
5505		-13.962500
5506		-13.118750
5507		-15.068750
5508		-17.512501
5509		-19.287500
5510		-19.868750
5511		-16.350000
5512		-14.487500
5513		-12.100000
5514		-13.643750
5515		-16.581249
5516		-17.975000
5517		-19.318750
5518		-15.650000
5519		-13.987500
5520		-12.362500
5521		-11.981250
5522		-15.268750
5523		-17.193750
5524		-18.906250
5525		-16.318750
5526		-14.281250
5527		-11.868750
5528		-11.193750
5529		-13.962500
5530		-16.000000
5531		-17.975000
5532		-16.262501
5533		-13.175000
5534		-11.781250
5535		-9.943750
5536		-12.125000
5537		-14.600000
5538		-16.725000
5539		-16.375000
5540		-12.768750
5541		-10.700000
5542		-9.162500
5543		-9.943750
5544		-12.387500
5545		-14.400000
5546		-15.243750
5547		-11.343750
5548		-9.656250
5549		-7.443750
5550		-7.762500
5551		-10.237500
5552		-12.300000
5553		-13.668750
5554		-11.806250
5555		-9.075000
5556		-7.125000
5557		-5.900000
5558		-8.750000
5559		-11.606250
5560		-12.800000
5561		-12.825000
5562		-8.900000
5563		-7.881250
5564		-6.131250
5565		-8.343750
5566		-11.518750
5567		-12.712500
5568		-14.281250
5569		-10.468750
5570		-8.693750
5571		-6.975000
5572		-8.200000
5573		-11.343750
5574		-13.468750
5575		-15.006250
5576		-11.781250
5577		-9.625000
5578		-7.587500
5579		-7.237500
5580		-10.700000
5581		-13.143750
5582		-14.662500
5583		-12.625000
5584		-10.237500
5585		-7.412500
5586		-6.512500
5587		-9.768750
5588		-12.450000
5589		-13.700000
5590		-13.175000
5591		-9.887500
5592		-8.025000
5593		-6.337500
5594		-9.187500
5595		-11.750000
5596		-13.700000
5597		-14.137500
5598		-11.193750
5599		-9.275000
5600		-7.618750
5601		-8.925000
5602		-11.606250
5603		-13.962500
5604		-15.300000
5605		-12.418750
5606		-10.412500
5607		-9.012500
5608		-8.431250
5609		-12.243750
5610		-14.225000
5611		-16.143749
5612		-14.018750
5613		-11.343750
5614		-9.768750
5615		-8.812500
5616		-11.543750
5617		-14.831250
5618		-15.793750
5619		-15.418750
5620		-11.693750
5621		-10.643750
5622		-8.487500
5623		-10.700000
5624		-13.556250
5625		-15.506250
5626		-16.318750
5627		-12.650000
5628		-11.431250
5629		-9.768750
5630		-10.350000
5631		-13.293750
5632		-15.531250
5633		-17.393749
5634		-14.137500
5635		-12.593750
5636		-10.818750
5637		-10.500000
5638		-13.818750
5639		-15.825000
5640		-17.018749
5641		-15.243750
5642		-12.625000
5643		-10.818750
5644		-9.743750
5645		-12.475000
5646		-14.775000
5647		-16.725000
5648		-15.850000
5649		-12.187500
5650		-10.262500
5651		-8.987500
5652		-10.500000
5653		-13.231250
5654		-15.125000
5655		-15.356250
5656		-11.893750
5657		-10.525000
5658		-8.287500
5659		-9.275000
5660		-12.243750
5661		-14.281250
5662		-15.881250
5663		-12.650000
5664		-10.500000
5665		-8.956250
5666		-8.693750
5667		-11.868750
5668		-13.987500
5669		-16.000000
5670		-13.668750
5671		-11.050000
5672		-9.362500
5673		-8.025000
5674		-11.518750
5675		-13.118750
5676		-14.831250
5677		-14.400000
5678		-11.081250
5679		-9.450000
5680		-7.500000
5681		-9.681250
5682		-12.012500
5683		-13.556250
5684		-14.137500
5685		-10.993750
5686		-9.450000
5687		-8.081250
5688		-8.256250
5689		-11.718750
5690		-13.525000
5691		-15.068750
5692		-12.156250
5693		-9.887500
5694		-9.162500
5695		-8.312500
5696		-11.456250
5697		-13.668750
5698		-14.631250
5699		-13.468750
5700		-11.137500
5701		-9.506250
5702		-8.287500
5703		-11.193750
5704		-13.056250
5705		-14.487500
5706		-14.193750
5707		-10.850000
5708		-9.393750
5709		-7.706250
5710		-9.306250
5711		-11.400000
5712		-13.031250
5713		-12.943750
5714		-9.012500
5715		-7.381250
5716		-5.725000
5717		-6.337500
5718		-8.781250
5719		-10.006250
5720		-11.193750
5721		-7.937500
5722		-5.812500
5723		-4.093750
5724		-3.806250
5725		-6.193750
5726		-7.993750
5727		-9.243750
5728		-7.556250
5729		-5.318750
5730		-3.687500
5731		-2.643750
5732		-5.112500
5733		-7.150000
5734		-8.900000
5735		-8.287500
5736		-5.931250
5737		-4.937500
5738		-3.337500
5739		-5.287500
5740		-7.850000
5741		-9.681250
5742		-10.468750
5743		-7.412500
5744		-6.537500
5745		-5.406250
5746		-6.281250
5747		-9.218750
5748		-10.787500
5749		-11.868750
5750		-9.887500
5751		-7.793750
5752		-6.975000
5753		-6.425000
5754		-9.012500
5755		-11.225000
5756		-12.506250
5757		-10.325000
5758		-8.025000
5759		-6.625000
5760		-5.606250
5761		-8.081250
5762		-9.362500
5763		-10.850000
5764		-9.800000
5765		-6.625000
5766		-5.375000
5767		-3.950000
5768		-5.693750
5769		-7.150000
5770		-9.100000
5771		-8.868750
5772		-5.756250
5773		-4.212500
5774		-2.468750
5775		-4.125000
5776		-5.956250
5777		-7.268750
5778		-8.312500
5779		-5.087500
5780		-4.006250
5781		-2.318750
5782		-2.262500
5783		-5.518750
5784		-6.831250
5785		-8.812500
5786		-6.775000
5787		-5.375000
5788		-4.212500
5789		-3.893750
5790		-6.512500
5791		-9.393750
5792		-10.762500
5793		-10.093750
5794		-8.231250
5795		-6.862500
5796		-5.956250
5797		-8.725000
5798		-10.818750
5799		-12.856250
5800		-13.468750
5801		-10.875000
5802		-10.175000
5803		-8.987500
5804		-10.150000
5805		-12.912500
5806		-14.862500
5807		-15.531250
5808		-13.087500
5809		-11.781250
5810		-10.612500
5811		-10.731250
5812		-13.231250
5813		-14.918750
5814		-16.143749
5815		-13.000000
5816		-11.662500
5817		-10.381250
5818		-9.831250
5819		-12.331250
5820		-13.818750
5821		-14.775000
5822		-13.262500
5823		-10.500000
5824		-9.331250
5825		-7.793750
5826		-9.481250
5827		-11.281250
5828		-12.681250
5829		-11.518750
5830		-8.487500
5831		-6.712500
5832		-5.112500
5833		-6.281250
5834		-8.025000
5835		-9.362500
5836		-8.812500
5837		-5.781250
5838		-4.068750
5839		-2.406250
5840		-2.843750
5841		-4.793750
5842		-6.018750
5843		-6.918750
5844		-3.512500
5845		-1.593750
5846		0.150000
5847		0.825000
5848		-1.537500
5849		-2.931250
5850		-4.093750
5851		-2.143750
5852		-0.106250
5853		1.606250
5854		2.537500
5855		0.006250
5856		-1.793750
5857		-3.018750
5858		-2.231250
5859		0.068750
5860		1.081250
5861		2.600000
5862		-0.168750
5863		-2.206250
5864		-3.312500
5865		-3.862500
5866		-0.718750
5867		-0.137500
5868		1.000000
5869		-1.012500
5870		-3.075000
5871		-4.793750
5872		-6.250000
5873		-2.931250
5874		-2.143750
5875		-0.837500
5876		-1.881250
5877		-3.981250
5878		-5.637500
5879		-7.300000
5880		-4.562500
5881		-3.225000
5882		-1.650000
5883		-0.225000
5884		-3.831250
5885		-5.668750
5886		-7.062500
5887		-5.318750
5888		-2.843750
5889		-1.825000
5890		-0.806250
5891		-3.250000
5892		-4.587500
5893		-6.106250
5894		-5.462500
5895		-3.075000
5896		-1.625000
5897		-0.750000
5898		-2.262500
5899		-4.506250
5900		-6.131250
5901		-6.162500
5902		-3.425000
5903		-1.825000
5904		-1.125000
5905		-1.650000
5906		-3.893750
5907		-5.987500
5908		-6.918750
5909		-4.387500
5910		-3.075000
5911		-1.475000
5912		-1.912500
5913		-4.587500
5914		-6.162500
5915		-6.950000
5916		-5.406250
5917		-4.093750
5918		-2.493750
5919		-1.881250
5920		-4.006250
5921		-6.250000
5922		-7.531250
5923		-5.812500
5924		-4.093750
5925		-2.668750
5926		-1.681250
5927		-3.950000
5928		-5.581250
5929		-6.862500
5930		-6.306250
5931		-3.775000
5932		-2.700000
5933		-1.243750
5934		-2.843750
5935		-4.912500
5936		-6.568750
5937		-6.537500
5938		-3.512500
5939		-2.350000
5940		-1.537500
5941		-2.056250
5942		-4.212500
5943		-5.493750
5944		-6.306250
5945		-3.137500
5946		-2.118750
5947		-0.662500
5948		-1.037500
5949		-3.050000
5950		-4.850000
5951		-5.987500
5952		-3.893750
5953		-2.031250
5954		-0.806250
5955		-0.256250
5956		-2.318750
5957		-4.356250
5958		-5.493750
5959		-4.506250
5960		-2.293750
5961		-1.187500
5962		0.475000
5963		-2.175000
5964		-3.950000
5965		-5.056250
5966		-5.087500
5967		-2.206250
5968		-0.781250
5969		-0.312500
5970		-1.912500
5971		-3.918750
5972		-5.462500
5973		-5.318750
5974		-2.900000
5975		-2.231250
5976		-1.100000
5977		-2.000000
5978		-4.181250
5979		-5.462500
5980		-7.237500
5981		-4.006250
5982		-3.337500
5983		-1.856250
5984		-2.031250
5985		-4.562500
5986		-5.843750
5987		-7.443750
5988		-5.175000
5989		-3.337500
5990		-2.350000
5991		-2.206250
5992		-4.531250
5993		-6.337500
5994		-7.300000
5995		-6.131250
5996		-4.068750
5997		-2.875000
5998		-1.881250
5999		-3.831250
6000		-5.756250
6001		-6.831250
6002		-6.600000
6003		-3.806250
6004		-2.493750
6005		-0.806250
6006		-2.643750
6007		-3.806250
6008		-5.318750
6009		-5.462500
6010		-2.556250
6011		-1.387500
6012		0.325000
6013		-0.718750
6014		-2.525000
6015		-3.831250
6016		-5.056250
6017		-2.056250
6018		-0.018750
6019		0.325000
6020		0.793750
6021		-1.300000
6022		-2.843750
6023		-4.268750
6024		-2.231250
6025		-0.225000
6026		0.762500
6027		1.375000
6028		-0.925000
6029		-2.468750
6030		-3.743750
6031		-2.143750
6032		-0.193750
6033		0.968750
6034		2.250000
6035		-0.456250
6036		-1.825000
6037		-2.725000
6038		-2.643750
6039		0.068750
6040		1.231250
6041		2.918750
6042		1.000000
6043		-1.475000
6044		-2.350000
6045		-2.118750
6046		0.587500
6047		1.668750
6048		2.887500
6049		2.481250
6050		-0.281250
6051		-1.331250
6052		-2.493750
6053		0.356250
6054		2.162500
6055		2.600000
6056		2.862500
6057		0.562500
6058		-1.212500
6059		-2.143750
6060		-0.050000
6061		1.143750
6062		2.887500
6063		3.531250
6064		0.762500
6065		-0.718750
6066		-2.118750
6067		-0.781250
6068		1.200000
6069		2.100000
6070		2.918750
6071		0.500000
6072		-1.387500
6073		-2.206250
6074		-1.681250
6075		0.587500
6076		1.756250
6077		2.568750
6078		0.268750
6079		-1.187500
6080		-3.075000
6081		-3.137500
6082		-0.400000
6083		0.706250
6084		1.668750
6085		-0.225000
6086		-1.968750
6087		-3.312500
6088		-4.006250
6089		-1.712500
6090		-0.281250
6091		0.500000
6092		-0.106250
6093		-2.612500
6094		-3.893750
6095		-4.937500
6096		-2.175000
6097		-0.806250
6098		0.125000
6099		0.093750
6100		-2.318750
6101		-3.656250
6102		-5.056250
6103		-2.700000
6104		-1.475000
6105		0.212500
6106		0.912500
6107		-1.537500
6108		-3.106250
6109		-4.300000
6110		-2.643750
6111		-1.037500
6112		0.587500
6113		2.043750
6114		-0.281250
6115		-1.681250
6116		-2.843750
6117		-2.118750
6118		0.443750
6119		2.100000
6120		2.712500
6121		1.231250
6122		-0.543750
6123		-1.712500
6124		-1.943750
6125		0.793750
6126		1.868750
6127		3.181250
6128		2.306250
6129		0.325000
6130		-1.418750
6131		-1.912500
6132		0.587500
6133		1.868750
6134		2.800000
6135		2.625000
6136		0.300000
6137		-1.100000
6138		-1.737500
6139		-0.168750
6140		1.637500
6141		2.656250
6142		3.531250
6143		0.300000
6144		-0.950000
6145		-1.825000
6146		-0.343750
6147		1.406250
6148		3.118750
6149		3.906250
6150		1.025000
6151		-0.431250
6152		-1.793750
6153		-0.543750
6154		1.900000
6155		3.062500
6156		4.868750
6157		2.425000
6158		0.650000
6159		-0.106250
6160		0.412500
6161		2.831250
6162		3.850000
6163		5.393750
6164		4.050000
6165		1.725000
6166		1.868750
6167		0.968750
6168		4.343750
6169		5.331250
6170		6.906250
6171		5.737500
6172		3.731250
6173		2.512500
6174		1.956250
6175		4.893750
6176		6.087500
6177		7.575000
6178		7.256250
6179		5.100000
6180		3.762500
6181		2.831250
6182		5.187500
6183		6.556250
6184		7.487500
6185		7.631250
6186		5.393750
6187		4.137500
6188		3.031250
6189		4.343750
6190		6.293750
6191		7.487500
6192		7.456250
6193		5.306250
6194		3.356250
6195		1.956250
6196		3.762500
6197		4.956250
6198		6.237500
6199		6.906250
6200		4.487500
6201		2.687500
6202		1.256250
6203		1.143750
6204		3.850000
6205		5.243750
6206		6.262500
6207		3.906250
6208		2.162500
6209		0.650000
6210		0.475000
6211		2.887500
6212		3.706250
6213		5.218750
6214		4.518750
6215		1.900000
6216		1.025000
6217		0.500000
6218		2.862500
6219		4.400000
6220		5.450000
6221		5.243750
6222		3.206250
6223		1.900000
6224		0.968750
6225		3.706250
6226		4.868750
6227		6.206250
6228		6.237500
6229		4.025000
6230		2.656250
6231		1.143750
6232		3.356250
6233		4.487500
6234		5.800000
6235		6.668750
6236		3.875000
6237		2.481250
6238		1.756250
6239		2.450000
6240		4.781250
6241		5.593750
6242		6.700000
6243		4.312500
6244		2.512500
6245		1.318750
6246		2.012500
6247		4.050000
6248		5.218750
6249		6.118750
6250		4.312500
6251		2.162500
6252		1.025000
6253		1.375000
6254		3.268750
6255		4.693750
6256		5.506250
6257		4.575000
6258		2.568750
6259		1.000000
6260		0.706250
6261		2.887500
6262		4.343750
6263		5.418750
6264		4.925000
6265		2.600000
6266		1.431250
6267		0.500000
6268		3.325000
6269		4.518750
6270		5.506250
6271		5.656250
6272		3.181250
6273		2.187500
6274		1.000000
6275		3.237500
6276		4.956250
6277		6.118750
6278		6.237500
6279		4.431250
6280		2.918750
6281		2.337500
6282		3.762500
6283		5.393750
6284		7.106250
6285		7.431250
6286		5.306250
6287		3.937500
6288		2.918750
6289		3.762500
6290		6.293750
6291		7.193750
6292		8.737500
6293		6.612500
6294		5.100000
6295		3.762500
6296		4.575000
6297		7.193750
6298		8.362500
6299		10.106250
6300		7.662500
6301		6.468750
6302		4.806250
6303		4.781250
6304		7.400000
6305		8.943750
6306		10.893750
6307		8.943750
6308		7.431250
6309		5.568750
6310		4.781250
6311		8.275000
6312		8.943750
6313		10.250000
6314		9.900000
6315		7.400000
6316		6.381250
6317		5.243750
6318		8.156250
6319		9.406250
6320		10.368750
6321		10.312500
6322		7.950000
6323		6.175000
6324		5.243750
6325		7.106250
6326		8.943750
6327		10.425000
6328		10.425000
6329		7.718750
6330		6.612500
6331		5.156250
6332		6.731250
6333		8.943750
6334		9.756250
6335		10.456250
6336		8.125000
6337		6.756250
6338		5.243750
6339		6.843750
6340		9.437500
6341		10.018750
6342		11.156250
6343		9.031250
6344		7.193750
6345		6.031250
6346		6.756250
6347		9.056250
6348		10.743750
6349		11.387500
6350		9.700000
6351		8.068750
6352		6.262500
6353		7.168750
6354		9.175000
6355		10.600000
6356		11.650000
6357		10.225000
6358		8.706250
6359		7.018750
6360		6.525000
6361		9.231250
6362		9.962500
6363		11.181250
6364		10.250000
6365		8.531250
6366		6.700000
6367		5.737500
6368		7.925000
6369		9.406250
6370		10.193750
6371		10.050000
6372		7.687500
6373		6.206250
6374		4.868750
6375		6.668750
6376		8.650000
6377		9.462500
6378		9.612500
6379		7.431250
6380		5.481250
6381		4.431250
6382		6.087500
6383		7.718750
6384		8.856250
6385		9.206250
6386		7.050000
6387		5.418750
6388		4.287500
6389		6.175000
6390		7.806250
6391		9.493750
6392		10.393750
6393		7.981250
6394		6.931250
6395		5.537500
6396		5.712500
6397		8.506250
6398		9.812500
6399		10.918750
6400		9.031250
6401		6.993750
6402		6.118750
6403		5.975000
6404		8.331250
6405		9.550000
6406		10.568750
6407		9.550000
6408		6.931250
6409		5.887500
6410		5.481250
6411		7.981250
6412		9.000000
6413		10.162500
6414		9.318750
6415		7.225000
6416		5.825000
6417		4.925000
6418		7.431250
6419		8.793750
6420		9.462500
6421		9.462500
6422		6.787500
6423		5.568750
6424		4.575000
6425		7.106250
6426		8.068750
6427		9.668750
6428		9.462500
6429		7.106250
6430		5.656250
6431		4.575000
6432		6.437500
6433		8.243750
6434		9.293750
6435		10.106250
6436		7.806250
6437		5.681250
6438		4.431250
6439		6.262500
6440		8.275000
6441		9.175000
6442		10.456250
6443		7.837500
6444		6.262500
6445		5.737500
6446		6.700000
6447		9.087500
6448		10.162500
6449		11.412500
6450		9.318750
6451		7.543750
6452		6.731250
6453		7.487500
6454		9.550000
6455		11.243750
6456		12.518750
6457		10.631250
6458		8.912500
6459		7.281250
6460		7.893750
6461		10.312500
6462		11.325000
6463		12.756250
6464		11.356250
6465		9.293750
6466		7.950000
6467		7.925000
6468		10.481250
6469		11.475000
6470		13.218750
6471		11.587500
6472		9.725000
6473		8.362500
6474		7.925000
6475		10.831250
6476		11.500000
6477		13.481250
6478		12.343750
6479		10.831250
6480		9.350000
6481		8.475000
6482		11.356250
6483		12.518750
6484		14.118750
6485		13.337500
6486		11.156250
6487		9.462500
6488		8.450000
6489		11.093750
6490		12.493750
6491		13.600000
6492		14.062500
6493		10.893750
6494		9.756250
6495		8.156250
6496		10.106250
6497		11.500000
6498		12.493750
6499		13.131250
6500		10.775000
6501		8.968750
6502		7.631250
6503		8.531250
6504		10.600000
6505		11.325000
6506		12.781250
6507		10.225000
6508		8.418750
6509		7.368750
6510		8.156250
6511		10.050000
6512		11.650000
6513		12.868750
6514		10.806250
6515		9.000000
6516		7.925000
6517		8.275000
6518		10.543750
6519		12.087500
6520		13.075000
6521		11.531250
6522		9.725000
6523		8.793750
6524		8.593750
6525		10.918750
6526		12.462500
6527		13.600000
6528		11.881250
6529		9.875000
6530		8.212500
6531		7.400000
6532		10.425000
6533		10.831250
6534		12.200000
6535		11.037500
6536		8.531250
6537		6.787500
6538		6.031250
6539		8.706250
6540		10.137500
6541		10.687500
6542		11.243750
6543		7.837500
6544		5.737500
6545		4.981250
6546		7.431250
6547		8.793750
6548		9.637500
6549		9.493750
6550		7.168750
6551		5.656250
6552		4.781250
6553		6.875000
6554		7.981250
6555		9.668750
6556		9.612500
6557		7.431250
6558		6.175000
6559		4.956250
6560		6.843750
6561		8.212500
6562		10.050000
6563		10.337500
6564		8.156250
6565		6.931250
6566		5.275000
6567		6.906250
6568		8.768750
6569		10.631250
6570		10.687500
6571		9.087500
6572		7.400000
6573		6.325000
6574		7.631250
6575		9.931250
6576		11.093750
6577		12.000000
6578		10.312500
6579		8.531250
6580		8.012500
6581		8.300000
6582		11.156250
6583		12.143750
6584		13.106250
6585		11.325000
6586		9.700000
6587		8.531250
6588		8.275000
6589		11.125000
6590		12.143750
6591		13.831250
6592		12.287500
6593		9.900000
6594		9.262500
6595		8.418750
6596		11.562500
6597		12.668750
6598		13.743750
6599		12.868750
6600		10.600000
6601		8.768750
6602		8.418750
6603		11.650000
6604		12.200000
6605		13.600000
6606		12.812500
6607		10.337500
6608		9.031250
6609		8.100000
6610		10.743750
6611		12.231250
6612		13.537500
6613		13.450000
6614		10.806250
6615		9.725000
6616		8.418750
6617		10.893750
6618		12.668750
6619		13.106250
6620		13.975000
6621		12.200000
6622		9.962500
6623		8.943750
6624		10.687500
6625		12.493750
6626		13.275000
6627		13.831250
6628		11.500000
6629		9.931250
6630		9.318750
6631		10.918750
6632		12.756250
6633		13.800000
6634		14.618750
6635		12.200000
6636		11.093750
6637		9.812500
6638		11.387500
6639		13.075000
6640		14.293750
6641		14.993750
6642		13.106250
6643		11.300000
6644		10.050000
6645		11.212500
6646		13.393750
6647		15.050000
6648		15.781250
6649		13.918750
6650		12.143750
6651		10.600000
6652		10.918750
6653		13.800000
6654		14.850000
6655		15.925000
6656		13.625000
6657		11.737500
6658		10.368750
6659		10.250000
6660		12.725000
6661		13.162500
6662		14.556250
6663		12.493750
6664		10.312500
6665		9.087500
6666		8.100000
6667		10.950000
6668		11.650000
6669		12.287500
6670		11.500000
6671		8.793750
6672		7.718750
6673		6.962500
6674		8.968750
6675		10.281250
6676		11.156250
6677		10.425000
6678		8.037500
6679		6.381250
6680		5.768750
6681		8.331250
6682		9.900000
6683		10.631250
6684		10.075000
6685		7.925000
6686		6.612500
6687		6.412500
6688		8.243750
6689		9.381250
6690		11.212500
6691		10.512500
6692		8.562500
6693		7.137500
6694		6.000000
6695		8.506250
6696		9.581250
6697		10.831250
6698		11.181250
6699		8.531250
6700		6.962500
6701		6.262500
6702		7.862500
6703		9.143750
6704		9.812500
6705		10.656250
6706		8.012500
6707		6.437500
6708		4.925000
6709		7.018750
6710		8.068750
6711		9.293750
6712		9.725000
6713		7.487500
6714		5.156250
6715		3.906250
6716		5.681250
6717		6.700000
6718		8.212500
6719		8.856250
6720		6.525000
6721		4.575000
6722		3.206250
6723		4.375000
6724		5.912500
6725		7.687500
6726		8.562500
6727		5.912500
6728		4.462500
6729		3.093750
6730		3.818750
6731		6.031250
6732		7.518750
6733		8.156250
6734		5.943750
6735		4.550000
6736		3.181250
6737		3.731250
6738		5.912500
6739		7.775000
6740		9.031250
6741		6.875000
6742		4.837500
6743		4.575000
6744		3.706250
6745		6.612500
6746		7.431250
6747		9.231250
6748		7.862500
6749		6.087500
6750		4.781250
6751		4.637500
6752		7.456250
6753		8.737500
6754		10.312500
6755		9.437500
6756		7.256250
6757		5.656250
6758		5.418750
6759		7.806250
6760		9.350000
6761		10.831250
6762		10.018750
6763		8.156250
6764		6.525000
6765		5.825000
6766		8.387500
6767		9.756250
6768		11.181250
6769		9.612500
6770		7.518750
6771		6.381250
6772		6.237500
6773		8.506250
6774		9.637500
6775		11.037500
6776		10.393750
6777		8.300000
6778		6.587500
6779		5.506250
6780		7.837500
6781		10.337500
6782		10.981250
6783		10.893750
6784		8.275000
6785		7.312500
6786		5.737500
6787		8.450000
6788		10.312500
6789		11.125000
6790		11.500000
6791		8.681250
6792		7.193750
6793		5.737500
6794		8.387500
6795		10.743750
6796		11.443750
6797		11.650000
6798		8.856250
6799		7.543750
6800		5.943750
6801		8.212500
6802		10.368750
6803		11.093750
6804		11.650000
6805		9.525000
6806		7.925000
6807		6.906250
6808		8.362500
6809		10.018750
6810		11.562500
6811		12.200000
6812		9.293750
6813		8.450000
6814		6.931250
6815		8.418750
6816		10.393750
6817		12.000000
6818		12.112500
6819		9.550000
6820		7.806250
6821		6.962500
6822		7.687500
6823		9.900000
6824		11.125000
6825		12.318750
6826		9.612500
6827		7.256250
6828		6.262500
6829		6.643750
6830		9.206250
6831		10.456250
6832		11.037500
6833		9.231250
6834		6.931250
6835		5.362500
6836		5.568750
6837		8.156250
6838		9.987500
6839		10.893750
6840		8.768750
6841		6.962500
6842		5.306250
6843		5.243750
6844		8.125000
6845		9.350000
6846		11.531250
6847		9.000000
6848		6.931250
6849		5.306250
6850		5.068750
6851		7.806250
6852		8.881250
6853		10.050000
6854		8.187500
6855		6.931250
6856		5.043750
6857		5.043750
6858		7.837500
6859		8.706250
6860		10.018750
6861		8.650000
6862		6.293750
6863		4.750000
6864		4.343750
6865		7.018750
6866		8.156250
6867		9.381250
6868		7.718750
6869		5.800000
6870		4.606250
6871		4.312500
6872		6.118750
6873		7.487500
6874		8.737500
6875		7.862500
6876		5.656250
6877		3.587500
6878		3.443750
6879		5.825000
6880		7.600000
6881		8.300000
6882		7.281250
6883		5.012500
6884		3.906250
6885		3.268750
6886		5.043750
6887		7.106250
6888		8.156250
6889		7.750000
6890		5.393750
6891		3.762500
6892		2.537500
6893		4.956250
6894		6.293750
6895		7.750000
6896		7.718750
6897		4.925000
6898		3.150000
6899		1.606250
6900		4.343750
6901		5.800000
6902		7.312500
6903		6.818750
6904		4.025000
6905		2.943750
6906		1.462500
6907		3.906250
6908		5.393750
6909		6.237500
6910		6.437500
6911		3.468750
6912		1.812500
6913		1.081250
6914		3.793750
6915		5.131250
6916		6.237500
6917		6.587500
6918		4.137500
6919		2.537500
6920		1.725000
6921		3.500000
6922		5.681250
6923		6.962500
6924		7.487500
6925		4.550000
6926		2.800000
6927		2.337500
6928		4.168750
6929		6.293750
6930		8.068750
6931		8.562500
6932		5.275000
6933		3.793750
6934		2.600000
6935		4.375000
6936		5.975000
6937		7.631250
6938		8.068750
6939		5.656250
6940		3.412500
6941		2.012500
6942		3.531250
6943		5.481250
6944		7.193750
6945		7.600000
6946		4.725000
6947		3.031250
6948		1.956250
6949		2.831250
6950		4.781250
6951		6.325000
6952		7.168750
6953		4.518750
6954		2.362500
6955		1.287500
6956		2.043750
6957		4.893750
6958		6.031250
6959		7.050000
6960		4.462500
6961		2.800000
6962		1.725000
6963		2.537500
6964		4.956250
6965		6.993750
6966		7.487500
6967		5.537500
6968		3.150000
6969		1.956250
6970		2.425000
6971		5.306250
6972		6.731250
6973		7.925000
6974		5.450000
6975		3.531250
6976		2.162500
6977		2.687500
6978		4.518750
6979		6.587500
6980		7.893750
6981		5.243750
6982		3.093750
6983		1.343750
6984		1.868750
6985		4.806250
6986		5.506250
6987		7.281250
6988		4.868750
6989		2.831250
6990		1.900000
6991		1.756250
6992		4.750000
6993		6.087500
6994		7.600000
6995		5.418750
6996		3.618750
6997		2.537500
6998		2.012500
6999		5.187500
7000		6.756250
7001		8.068750
7002		6.325000
7003		3.793750
7004		2.918750
7005		2.831250
7006		5.975000
7007		7.106250
7008		8.881250
7009		6.875000
7010		5.100000
7011		3.381250
7012		2.918750
7013		5.800000
7014		7.368750
7015		9.437500
7016		7.312500
7017		4.893750
7018		3.093750
7019		2.975000
7020		5.625000
7021		7.193750
7022		9.293750
7023		6.993750
7024		4.662500
7025		2.975000
7026		2.275000
7027		5.243750
7028		6.668750
7029		8.362500
7030		6.612500
7031		4.050000
7032		2.800000
7033		2.187500
7034		5.243750
7035		6.612500
7036		7.862500
7037		6.325000
7038		4.200000
7039		2.275000
7040		1.931250
7041		5.450000
7042		6.412500
7043		7.687500
7044		6.087500
7045		3.818750
7046		3.062500
7047		1.725000
7048		4.868750
7049		6.325000
7050		7.575000
7051		5.800000
7052		3.500000
7053		1.900000
7054		0.968750
7055		3.906250
7056		4.925000
7057		6.468750
7058		5.681250
7059		2.887500
7060		1.056250
7061		-0.018750
7062		2.512500
7063		4.081250
7064		5.975000
7065		4.956250
7066		1.956250
7067		0.443750
7068		-0.456250
7069		1.843750
7070		3.412500
7071		4.956250
7072		4.375000
7073		1.143750
7074		-0.312500
7075		-1.243750
7076		1.025000
7077		3.618750
7078		4.662500
7079		4.050000
7080		1.956250
7081		-0.225000
7082		-1.037500
7083		0.825000
7084		3.412500
7085		4.893750
7086		4.662500
7087		1.518750
7088		0.443750
7089		-0.400000
7090		2.306250
7091		3.762500
7092		5.068750
7093		4.725000
7094		1.868750
7095		0.850000
7096		-0.806250
7097		2.043750
7098		3.906250
7099		5.331250
7100		5.131250
7101		1.812500
7102		1.168750
7103		-1.068750
7104		1.900000
7105		3.325000
7106		4.637500
7107		4.725000
7108		2.218750
7109		0.068750
7110		-0.575000
7111		1.406250
7112		3.793750
7113		5.362500
7114		5.331250
7115		2.800000
7116		1.462500
7117		-0.281250
7118		2.337500
7119		4.956250
7120		6.062500
7121		6.525000
7122		3.356250
7123		1.812500
7124		0.618750
7125		3.093750
7126		5.537500
7127		7.368750
7128		7.018750
7129		4.137500
7130		2.775000
7131		1.431250
7132		2.887500
7133		5.418750
7134		7.081250
7135		6.993750
7136		4.487500
7137		2.043750
7138		1.756250
7139		3.706250
7140		5.593750
7141		7.400000
7142		7.106250
7143		4.487500
7144		2.862500
7145		1.287500
7146		3.850000
7147		6.150000
7148		7.168750
7149		7.487500
7150		4.400000
7151		2.600000
7152		1.956250
7153		3.906250
7154		6.325000
7155		7.925000
7156		7.687500
7157		5.450000
7158		3.325000
7159		2.131250
7160		3.875000
7161		6.237500
7162		7.368750
7163		7.081250
7164		4.868750
7165		2.831250
7166		1.725000
7167		4.050000
7168		5.737500
7169		6.906250
7170		6.843750
7171		3.500000
7172		1.868750
7173		1.143750
7174		2.625000
7175		4.693750
7176		6.175000
7177		6.325000
7178		3.618750
7179		1.956250
7180		0.706250
7181		2.450000
7182		4.256250
7183		5.393750
7184		6.262500
7185		3.325000
7186		1.550000
7187		0.706250
7188		2.537500
7189		4.431250
7190		5.593750
7191		6.731250
7192		3.762500
7193		1.812500
7194		0.500000
7195		2.625000
7196		4.781250
7197		6.293750
7198		6.525000
7199		3.875000
7200		1.931250
7201		0.706250
7202		2.425000
7203		5.043750
7204		6.237500
7205		6.787500
7206		3.675000
7207		1.725000
7208		0.706250
7209		2.512500
7210		4.725000
7211		6.087500
7212		6.262500
7213		3.793750
7214		1.725000
7215		0.562500
7216		2.393750
7217		4.518750
7218		6.175000
7219		6.118750
7220		3.675000
7221		1.375000
7222		0.006250
7223		2.450000
7224		4.462500
7225		5.887500
7226		6.412500
7227		3.468750
7228		1.900000
7229		0.325000
7230		2.100000
7231		3.993750
7232		6.087500
7233		5.912500
7234		3.675000
7235		1.637500
7236		0.531250
7237		2.250000
7238		4.375000
7239		6.175000
7240		6.525000
7241		3.793750
7242		1.493750
7243		0.300000
7244		2.218750
7245		4.287500
7246		5.887500
7247		6.556250
7248		3.150000
7249		1.581250
7250		0.412500
7251		2.306250
7252		4.431250
7253		5.306250
7254		6.325000
7255		3.850000
7256		1.956250
7257		0.531250
7258		2.887500
7259		4.518750
7260		5.975000
7261		6.412500
7262		3.643750
7263		1.606250
7264		0.587500
7265		2.862500
7266		5.068750
7267		6.118750
7268		6.412500
7269		3.993750
7270		1.668750
7271		0.618750
7272		3.093750
7273		5.187500
7274		6.556250
7275		6.931250
7276		3.643750
7277		2.043750
7278		0.825000
7279		3.031250
7280		5.218750
7281		6.906250
7282		6.350000
7283		4.025000
7284		2.162500
7285		0.881250
7286		3.412500
7287		5.681250
7288		6.875000
7289		7.137500
7290		3.762500
7291		2.918750
7292		1.168750
7293		3.793750
7294		5.481250
7295		6.843750
7296		7.050000
7297		4.112500
7298		3.062500
7299		1.287500
7300		3.237500
7301		6.175000
7302		7.018750
7303		7.687500
7304		4.343750
7305		2.337500
7306		1.725000
7307		3.706250
7308		5.506250
7309		7.050000
7310		7.600000
7311		4.606250
7312		2.306250
7313		0.850000
7314		3.675000
7315		5.656250
7316		7.193750
7317		6.962500
7318		4.575000
7319		2.043750
7320		1.143750
7321		3.906250
7322		5.218750
7323		7.400000
7324		6.843750
7325		3.906250
7326		2.012500
7327		0.937500
7328		3.937500
7329		5.800000
7330		7.137500
7331		6.843750
7332		3.556250
7333		2.512500
7334		0.937500
7335		3.793750
7336		5.418750
7337		7.518750
7338		6.118750
7339		3.993750
7340		2.187500
7341		0.443750
7342		3.818750
7343		5.418750
7344		7.106250
7345		6.700000
7346		3.850000
7347		1.581250
7348		0.212500
7349		3.500000
7350		5.393750
7351		7.106250
7352		6.381250
7353		4.168750
7354		1.693750
7355		0.706250
7356		3.412500
7357		5.800000
7358		7.312500
7359		6.468750
7360		4.375000
7361		1.693750
7362		1.112500
7363		4.025000
7364		5.737500
7365		7.631250
7366		6.262500
7367		4.168750
7368		1.956250
7369		1.143750
7370		4.137500
7371		5.800000
7372		7.925000
7373		6.843750
7374		3.412500
7375		2.012500
7376		1.081250
7377		4.400000
7378		5.825000
7379		7.543750
7380		6.587500
7381		4.287500
7382		1.462500
7383		1.168750
7384		4.287500
7385		6.118750
7386		7.543750
7387		6.525000
7388		3.443750
7389		2.337500
7390		1.025000
7391		4.981250
7392		6.587500
7393		8.737500
7394		6.993750
7395		4.400000
7396		1.956250
7397		2.275000
7398		5.506250
7399		7.400000
7400		9.175000
7401		7.600000
7402		4.956250
7403		2.943750
7404		3.093750
7405		6.756250
7406		8.506250
7407		9.962500
7408		8.012500
7409		5.068750
7410		3.181250
7411		3.062500
7412		6.756250
7413		8.012500
7414		9.493750
7415		7.575000
7416		4.081250
7417		2.187500
7418		2.218750
7419		5.625000
7420		6.962500
7421		8.275000
7422		6.062500
7423		3.006250
7424		0.562500
7425		0.356250
7426		3.875000
7427		5.243750
7428		6.556250
7429		4.050000
7430		0.650000
7431		-1.331250
7432		-1.275000
7433		2.306250
7434		3.706250
7435		5.537500
7436		2.712500
7437		0.237500
7438		-1.968750
7439		-1.881250
7440		2.100000
7441		3.587500
7442		5.306250
7443		2.450000
7444		-0.518750
7445		-1.737500
7446		-2.031250
7447		2.275000
7448		3.850000
7449		5.393750
7450		2.625000
7451		-0.368750
7452		-1.881250
7453		-1.037500
7454		2.687500
7455		4.431250
7456		5.681250
7457		2.975000
7458		0.500000
7459		-0.518750
7460		0.881250
7461		4.225000
7462		4.925000
7463		7.193750
7464		3.325000
7465		1.518750
7466		0.237500
7467		1.431250
7468		5.306250
7469		6.875000
7470		8.618750
7471		6.062500
7472		3.356250
7473		2.600000
7474		3.762500
7475		7.456250
7476		9.525000
7477		10.225000
7478		7.631250
7479		5.100000
7480		3.762500
7481		5.450000
7482		8.300000
7483		11.037500
7484		11.268750
7485		8.506250
7486		5.450000
7487		3.818750
7488		6.175000
7489		8.650000
7490		10.743750
7491		10.718750
7492		7.225000
7493		4.637500
7494		3.293750
7495		5.012500
7496		7.106250
7497		8.593750
7498		8.650000
7499		4.837500
7500		2.393750
7501		0.706250
7502		2.743750
7503		5.393750
7504		6.843750
7505		7.225000
7506		3.706250
7507		1.550000
7508		-0.662500
7509		1.756250
7510		4.050000
7511		6.031250
7512		6.237500
7513		2.568750
7514		0.706250
7515		-1.362500
7516		1.493750
7517		4.225000
7518		6.031250
7519		5.856250
7520		2.831250
7521		0.150000
7522		-1.418750
7523		2.337500
7524		4.662500
7525		6.587500
7526		6.875000
7527		3.062500
7528		1.287500
7529		-0.168750
7530		2.537500
7531		5.362500
7532		7.281250
7533		7.106250
7534		3.500000
7535		1.143750
7536		-0.168750
7537		2.687500
7538		5.568750
7539		6.875000
7540		6.556250
7541		2.775000
7542		1.081250
7543		-0.368750
7544		2.625000
7545		4.868750
7546		6.643750
7547		5.656250
7548		2.537500
7549		0.212500
7550		-1.012500
7551		2.600000
7552		4.606250
7553		6.175000
7554		5.481250
7555		2.393750
7556		0.006250
7557		-0.925000
7558		2.275000
7559		4.956250
7560		6.381250
7561		6.468750
7562		3.381250
7563		1.518750
7564		-0.193750
7565		3.618750
7566		5.156250
7567		7.400000
7568		6.612500
7569		3.993750
7570		1.056250
7571		-0.518750
7572		2.887500
7573		4.637500
7574		6.700000
7575		6.031250
7576		2.075000
7577		-0.168750
7578		-1.625000
7579		1.081250
7580		3.412500
7581		4.956250
7582		4.343750
7583		1.143750
7584		-1.625000
7585		-2.756250
7586		0.850000
7587		3.325000
7588		4.725000
7589		4.431250
7590		1.081250
7591		-0.862500
7592		-2.000000
7593		1.812500
7594		4.606250
7595		6.700000
7596		6.818750
7597		3.762500
7598		2.131250
7599		0.968750
7600		4.750000
7601		8.125000
7602		10.312500
7603		10.368750
7604		7.518750
7605		5.393750
7606		3.875000
7607		7.281250
7608		9.725000
7609		11.762500
7610		11.912500
7611		8.068750
7612		5.887500
7613		4.725000
7614		7.343750
7615		9.668750
7616		11.093750
7617		10.981250
7618		7.400000
7619		4.725000
7620		2.687500
7621		5.100000
7622		7.431250
7623		8.506250
7624		8.737500
7625		5.856250
7626		2.537500
7627		0.650000
7628		2.187500
7629		4.225000
7630		6.325000
7631		6.150000
7632		2.687500
7633		0.300000
7634		-1.506250
7635		0.125000
7636		2.743750
7637		4.637500
7638		4.981250
7639		1.900000
7640		-0.487500
7641		-2.756250
7642		-1.187500
7643		2.075000
7644		3.793750
7645		5.481250
7646		1.956250
7647		-0.862500
7648		-2.437500
7649		-1.625000
7650		1.606250
7651		3.531250
7652		5.568750
7653		2.512500
7654		-0.106250
7655		-1.793750
7656		-1.362500
7657		2.337500
7658		4.200000
7659		5.450000
7660		3.381250
7661		0.793750
7662		-1.012500
7663		-0.631250
7664		3.118750
7665		4.606250
7666		6.175000
7667		3.675000
7668		0.968750
7669		-0.862500
7670		-1.450000
7671		2.337500
7672		3.937500
7673		5.243750
7674		3.412500
7675		0.356250
7676		-1.187500
7677		-2.725000
7678		0.850000
7679		2.512500
7680		4.025000
7681		3.381250
7682		-0.456250
7683		-2.756250
7684		-3.575000
7685		-0.781250
7686		1.725000
7687		3.356250
7688		3.006250
7689		-0.400000
7690		-2.406250
7691		-4.093750
7692		-0.893750
7693		2.187500
7694		3.618750
7695		4.137500
7696		1.287500
7697		-1.100000
7698		-1.943750
7699		0.150000
7700		2.943750
7701		5.450000
7702		6.325000
7703		3.850000
7704		1.287500
7705		0.618750
7706		2.012500
7707		4.956250
7708		6.993750
7709		8.593750
7710		5.450000
7711		3.500000
7712		2.100000
7713		2.918750
7714		6.787500
7715		8.156250
7716		10.225000
7717		7.400000
7718		5.218750
7719		3.443750
7720		3.293750
7721		6.906250
7722		8.212500
7723		10.456250
7724		8.737500
7725		5.887500
7726		3.962500
7727		3.006250
7728		7.018750
7729		8.362500
7730		10.018750
7731		9.031250
7732		5.362500
7733		3.762500
7734		2.362500
7735		6.087500
7736		7.862500
7737		9.406250
7738		8.943750
7739		4.956250
7740		3.325000
7741		1.143750
7742		3.618750
7743		6.262500
7744		7.750000
7745		8.243750
7746		3.993750
7747		2.043750
7748		0.125000
7749		1.668750
7750		4.375000
7751		5.625000
7752		6.931250
7753		3.412500
7754		1.287500
7755		-1.156250
7756		-0.456250
7757		2.337500
7758		3.937500
7759		5.625000
7760		2.687500
7761		-0.281250
7762		-2.118750
7763		-2.318750
7764		1.462500
7765		2.362500
7766		4.518750
7767		2.537500
7768		-0.518750
7769		-2.350000
7770		-3.193750
7771		0.356250
7772		2.218750
7773		4.025000
7774		3.150000
7775		-0.018750
7776		-1.387500
7777		-2.812500
7778		0.125000
7779		2.337500
7780		4.025000
7781		4.431250
7782		1.143750
7783		-0.981250
7784		-2.231250
7785		0.237500
7786		2.712500
7787		4.575000
7788		5.393750
7789		2.100000
7790		0.181250
7791		-1.537500
7792		-0.281250
7793		3.356250
7794		4.925000
7795		6.525000
7796		3.556250
7797		1.000000
7798		-1.275000
7799		-1.125000
7800		2.481250
7801		4.343750
7802		6.412500
7803		4.312500
7804		1.343750
7805		-0.312500
7806		-1.450000
7807		2.250000
7808		4.050000
7809		6.118750
7810		5.681250
7811		1.900000
7812		0.150000
7813		-1.156250
7814		2.537500
7815		4.925000
7816		6.668750
7817		6.875000
7818		4.050000
7819		2.012500
7820		1.025000
7821		2.918750
7822		6.175000
7823		8.012500
7824		8.912500
7825		6.206250
7826		4.168750
7827		3.118750
7828		3.706250
7829		7.106250
7830		8.618750
7831		10.393750
7832		7.400000
7833		4.925000
7834		2.975000
7835		3.268750
7836		6.468750
7837		8.212500
7838		9.931250
7839		7.518750
7840		4.225000
7841		2.043750
7842		1.462500
7843		4.575000
7844		5.943750
7845		7.718750
7846		6.525000
7847		3.118750
7848		1.000000
7849		-1.012500
7850		2.162500
7851		3.731250
7852		5.393750
7853		5.243750
7854		1.812500
7855		-0.750000
7856		-2.262500
7857		-0.431250
7858		1.956250
7859		3.793750
7860		4.981250
7861		1.168750
7862		-0.750000
7863		-3.050000
7864		-2.031250
7865		1.581250
7866		3.206250
7867		4.662500
7868		2.537500
7869		-0.606250
7870		-2.031250
7871		-2.756250
7872		0.881250
7873		2.337500
7874		3.962500
7875		3.206250
7876		-0.281250
7877		-1.968750
7878		-3.281250
7879		-0.193750
7880		1.868750
7881		3.643750
7882		3.118750
7883		0.475000
7884		-2.293750
7885		-3.281250
7886		-0.950000
7887		1.781250
7888		3.381250
7889		4.050000
7890		0.706250
7891		-1.625000
7892		-2.756250
7893		-1.475000
7894		1.931250
7895		3.150000
7896		4.518750
7897		2.012500
7898		-0.431250
7899		-2.056250
7900		-2.118750
7901		1.462500
7902		3.031250
7903		5.043750
7904		3.356250
7905		0.356250
7906		-1.387500
7907		-2.668750
7908		1.725000
7909		3.206250
7910		5.100000
7911		4.343750
7912		1.231250
7913		-1.300000
7914		-2.350000
7915		0.412500
7916		2.887500
7917		4.606250
7918		5.100000
7919		2.043750
7920		0.300000
7921		-1.793750
7922		0.387500
7923		3.181250
7924		4.781250
7925		6.668750
7926		3.762500
7927		1.375000
7928		-0.631250
7929		0.212500
7930		3.818750
7931		5.012500
7932		7.400000
7933		5.275000
7934		2.975000
7935		0.737500
7936		0.268750
7937		3.643750
7938		6.118750
7939		7.256250
7940		6.668750
7941		3.643750
7942		1.493750
7943		-0.312500
7944		2.887500
7945		4.200000
7946		6.787500
7947		6.612500
7948		3.093750
7949		1.025000
7950		-0.950000
7951		0.850000
7952		3.500000
7953		5.012500
7954		5.887500
7955		2.831250
7956		0.706250
7957		-1.712500
7958		-1.187500
7959		2.450000
7960		3.618750
7961		5.568750
7962		2.656250
7963		-0.050000
7964		-2.056250
7965		-2.931250
7966		0.937500
7967		2.337500
7968		3.937500
7969		3.325000
7970		-0.312500
7971		-2.318750
7972		-3.718750
7973		-0.862500
7974		1.725000
7975		3.118750
7976		3.062500
7977		0.300000
7978		-2.612500
7979		-3.743750
7980		-1.300000
7981		0.562500
7982		2.450000
7983		3.643750
7984		0.475000
7985		-1.593750
7986		-3.281250
7987		-2.525000
7988		0.762500
7989		2.481250
7990		4.168750
7991		1.868750
7992		-0.456250
7993		-2.612500
7994		-2.962500
7995		1.168750
7996		2.775000
7997		4.550000
7998		3.268750
7999		0.443750
8000		-1.100000
8001		-2.350000
8002		1.143750
8003		3.181250
8004		5.218750
8005		5.131250
8006		1.931250
8007		-0.168750
8008		-1.475000
8009		0.562500
8010		3.937500
8011		5.506250
8012		6.412500
8013		3.381250
8014		1.025000
8015		-1.037500
8016		0.325000
8017		3.937500
8018		6.087500
8019		7.106250
8020		4.893750
8021		1.987500
8022		0.212500
8023		-0.193750
8024		3.443750
8025		5.218750
8026		6.556250
8027		5.681250
8028		2.131250
8029		0.212500
8030		-0.862500
8031		1.725000
8032		3.937500
8033		5.593750
8034		6.262500
8035		3.356250
8036		0.300000
8037		-1.212500
8038		0.650000
8039		2.743750
8040		5.012500
8041		5.943750
8042		2.943750
8043		0.150000
8044		-1.187500
8045		-0.575000
8046		2.625000
8047		3.793750
8048		5.593750
8049		2.918750
8050		0.150000
8051		-1.418750
8052		-1.968750
8053		1.431250
8054		3.006250
8055		5.012500
8056		4.081250
8057		0.706250
8058		-0.925000
8059		-2.350000
8060		0.737500
8061		3.031250
8062		4.981250
8063		5.187500
8064		1.462500
8065		-0.925000
8066		-2.350000
8067		-0.368750
8068		3.006250
8069		4.200000
8070		5.800000
8071		2.337500
8072		0.006250
8073		-1.737500
8074		-1.068750
8075		2.656250
8076		3.818750
8077		5.362500
8078		3.850000
8079		1.318750
8080		-0.862500
8081		-1.475000
8082		2.481250
8083		3.906250
8084		6.293750
8085		5.393750
8086		2.450000
8087		0.912500
8088		-0.662500
8089		2.625000
8090		4.781250
8091		6.668750
8092		6.843750
8093		3.762500
8094		1.550000
8095		0.212500
8096		2.600000
8097		4.662500
8098		6.906250
8099		7.837500
8100		4.662500
8101		2.712500
8102		0.793750
8103		1.606250
8104		5.012500
8105		6.325000
8106		8.068750
8107		5.800000
8108		3.618750
8109		1.231250
8110		1.000000
8111		4.806250
8112		6.087500
8113		7.775000
8114		7.281250
8115		4.050000
8116		2.162500
8117		0.706250
8118		4.200000
8119		6.293750
8120		7.981250
8121		8.737500
8122		5.100000
8123		3.150000
8124		1.000000
8125		3.618750
8126		6.818750
8127		7.981250
8128		9.900000
8129		5.943750
8130		3.937500
8131		2.043750
8132		2.481250
8133		6.325000
8134		7.343750
8135		8.912500
8136		6.556250
8137		3.818750
8138		1.868750
8139		0.562500
8140		4.287500
8141		5.156250
8142		6.906250
8143		6.262500
8144		2.568750
8145		0.650000
8146		-1.562500
8147		1.756250
8148		3.356250
8149		4.550000
8150		4.693750
8151		1.462500
8152		-0.456250
8153		-2.493750
8154		-0.950000
8155		1.868750
8156		2.975000
8157		4.225000
8158		1.318750
8159		-0.718750
8160		-2.437500
8161		-2.206250
8162		1.112500
8163		2.775000
8164		4.893750
8165		2.393750
8166		0.587500
8167		-2.087500
8168		-2.175000
8169		1.318750
8170		2.743750
8171		4.868750
8172		4.050000
8173		1.000000
8174		-1.300000
8175		-2.643750
8176		0.587500
8177		2.187500
8178		4.200000
8179		4.050000
8180		1.606250
8181		-1.037500
8182		-2.843750
8183		-0.606250
8184		1.518750
8185		3.793750
8186		4.781250
8187		1.956250
8188		-0.050000
8189		-2.143750
8190		-0.862500
8191		1.581250
8192		4.081250
8193		0.475000
8194		3.793750
8195		6.000000
8196		8.418750
8197		7.575000
8198		5.625000
8199		4.081250
8200		2.918750
8201		6.206250
8202		8.187500
8203		10.106250
8204		10.831250
8205		8.012500
8206		6.325000
8207		4.725000
8208		6.293750
8209		8.650000
8210		9.812500
8211		11.268750
8212		8.037500
8213		6.237500
8214		4.025000
8215		3.937500
8216		6.612500
8217		7.456250
8218		8.187500
8219		5.506250
8220		3.118750
8221		0.587500
8222		-0.081250
8223		2.800000
8224		3.062500
8225		4.168750
8226		2.887500
8227		0.125000
8228		-2.056250
8229		-3.687500
8230		-0.750000
8231		0.443750
8232		1.900000
8233		2.187500
8234		-1.068750
8235		-2.000000
8236		-3.981250
8237		-1.537500
8238		1.000000
8239		2.187500
8240		3.468750
8241		1.056250
8242		-0.575000
8243		-1.881250
8244		-0.662500
8245		2.481250
8246		3.793750
8247		5.506250
8248		3.500000
8249		1.725000
8250		0.268750
8251		0.268750
8252		3.468750
8253		4.781250
8254		6.587500
8255		5.737500
8256		3.468750
8257		2.131250
8258		1.406250
8259		4.225000
8260		5.943750
8261		7.456250
8262		7.575000
8263		5.012500
8264		3.268750
8265		2.043750
8266		4.025000
8267		5.975000
8268		7.225000
8269		7.750000
8270		5.218750
8271		3.031250
8272		1.518750
8273		2.275000
8274		4.287500
8275		5.825000
8276		5.975000
8277		4.400000
8278		1.375000
8279		-0.081250
8280		-0.837500
8281		2.362500
8282		2.775000
8283		3.906250
8284		2.250000
8285		-0.631250
8286		-2.843750
8287		-2.756250
8288		-0.281250
8289		1.143750
8290		2.600000
8291		2.250000
8292		-0.368750
8293		-2.293750
8294		-3.018750
8295		-0.281250
8296		1.518750
8297		3.118750
8298		3.556250
8299		1.112500
8300		-0.343750
8301		-1.562500
8302		-0.606250
8303		1.843750
8304		3.356250
8305		5.012500
8306		2.100000
8307		0.500000
8308		-1.593750
8309		-0.981250
8310		1.431250
8311		2.393750
8312		3.731250
8313		1.375000
8314		-1.100000
8315		-3.050000
8316		-3.893750
8317		-1.125000
8318		-0.693750
8319		0.912500
8320		-0.543750
8321		-2.931250
8322		-4.587500
8323		-6.043750
8324		-3.225000
8325		-1.650000
8326		-0.543750
8327		-0.431250
8328		-2.668750
8329		-4.531250
8330		-6.043750
8331		-3.806250
8332		-1.793750
8333		-0.431250
8334		0.356250
8335		-1.387500
8336		-3.312500
8337		-4.443750
8338		-2.756250
8339		-0.575000
8340		1.318750
8341		2.537500
8342		0.706250
8343		-0.925000
8344		-2.493750
8345		-2.175000
8346		1.168750
8347		2.600000
8348		3.993750
8349		2.862500
8350		0.531250
8351		-0.862500
8352		-1.593750
8353		1.256250
8354		2.800000
8355		4.487500
8356		3.906250
8357		1.518750
8358		-0.718750
8359		-1.125000
8360		0.531250
8361		2.218750
8362		3.412500
8363		3.906250
8364		1.231250
8365		-0.543750
8366		-2.087500
8367		-0.081250
8368		1.756250
8369		3.093750
8370		4.637500
8371		1.518750
8372		0.587500
8373		-0.662500
8374		-0.193750
8375		2.918750
8376		4.725000
8377		6.062500
8378		5.100000
8379		3.325000
8380		2.775000
8381		2.775000
8382		6.118750
8383		8.125000
8384		9.962500
8385		9.787500
8386		8.506250
8387		7.518750
8388		7.343750
8389		11.068750
8390		12.493750
8391		14.006250
8392		14.706250
8393		12.231250
8394		11.500000
8395		9.987500
8396		12.581250
8397		14.062500
8398		15.137500
8399		15.487500
8400		12.287500
8401		9.900000
8402		8.156250
8403		8.943750
8404		10.481250
8405		11.268750
8406		11.650000
8407		8.506250
8408		5.593750
8409		3.675000
8410		3.412500
8411		5.506250
8412		5.593750
8413		6.468750
8414		4.487500
8415		2.043750
8416		0.443750
8417		0.006250
8418		3.031250
8419		3.762500
8420		5.681250
8421		4.925000
8422		3.356250
8423		1.900000
8424		1.518750
8425		4.806250
8426		5.943750
8427		8.125000
8428		8.187500
8429		6.350000
8430		5.362500
8431		4.343750
8432		6.756250
8433		8.562500
8434		9.700000
8435		10.631250
8436		8.012500
8437		6.381250
8438		4.956250
8439		5.825000
8440		7.718750
8441		8.275000
8442		9.031250
8443		6.087500
8444		3.875000
8445		2.393750
8446		2.100000
8447		4.487500
8448		5.218750
8449		6.087500
8450		3.962500
8451		1.287500
8452		-0.368750
8453		-0.718750
8454		1.868750
8455		3.006250
8456		4.050000
8457		3.500000
8458		1.143750
8459		-0.487500
8460		-1.125000
8461		1.200000
8462		2.943750
8463		4.431250
8464		4.287500
8465		2.075000
8466		0.562500
8467		-0.225000
8468		1.318750
8469		3.118750
8470		4.781250
8471		5.331250
8472		2.100000
8473		0.562500
8474		-1.475000
8475		-0.662500
8476		1.375000
8477		2.075000
8478		2.862500
8479		-0.137500
8480		-2.406250
8481		-3.950000
8482		-3.918750
8483		-1.593750
8484		-0.925000
8485		0.068750
8486		-2.143750
8487		-3.687500
8488		-5.112500
8489		-5.518750
8490		-2.787500
8491		-1.768750
8492		-0.575000
8493		-1.212500
8494		-2.931250
8495		-4.037500
8496		-4.737500
8497		-1.650000
8498		0.650000
8499		1.668750
8500		2.187500
8501		0.093750
8502		-0.718750
8503		-1.450000
8504		1.168750
8505		3.643750
8506		5.712500
8507		6.412500
8508		3.906250
8509		2.743750
8510		2.100000
8511		3.675000
8512		5.975000
8513		6.962500
8514		8.681250
8515		6.293750
8516		4.956250
8517		3.206250
8518		4.112500
8519		6.262500
8520		7.225000
8521		8.450000
8522		6.818750
8523		4.462500
8524		2.337500
8525		2.393750
8526		4.575000
8527		5.656250
8528		6.525000
8529		6.237500
8530		3.443750
8531		2.275000
8532		0.968750
8533		3.468750
8534		4.781250
8535		6.412500
8536		5.681250
8537		3.793750
8538		2.425000
8539		1.318750
8540		3.962500
8541		4.981250
8542		6.962500
8543		7.193750
8544		5.156250
8545		3.762500
8546		2.918750
8547		4.893750
8548		7.050000
8549		9.000000
8550		10.281250
8551		7.662500
8552		5.975000
8553		4.981250
8554		5.506250
8555		8.387500
8556		9.462500
8557		9.900000
8558		8.737500
8559		6.262500
8560		5.218750
8561		5.068750
8562		7.543750
8563		8.618750
8564		9.875000
8565		8.212500
8566		5.737500
8567		4.137500
8568		3.356250
8569		5.975000
8570		6.931250
8571		7.687500
8572		7.137500
8573		4.168750
8574		3.118750
8575		1.375000
8576		3.793750
8577		5.043750
8578		6.031250
8579		6.381250
8580		2.831250
8581		1.756250
8582		0.181250
8583		2.393750
8584		3.762500
8585		4.925000
8586		5.275000
8587		3.468750
8588		1.462500
8589		0.093750
8590		1.081250
8591		3.181250
8592		4.287500
8593		5.156250
8594		2.943750
8595		0.825000
8596		0.212500
8597		0.268750
8598		3.118750
8599		4.225000
8600		5.362500
8601		3.875000
8602		2.075000
8603		0.500000
8604		0.912500
8605		3.118750
8606		4.662500
8607		5.681250
8608		5.043750
8609		2.862500
8610		1.668750
8611		1.025000
8612		3.412500
8613		5.043750
8614		6.031250
8615		5.275000
8616		2.975000
8617		0.968750
8618		0.037500
8619		2.306250
8620		3.500000
8621		5.187500
8622		4.662500
8623		2.012500
8624		0.150000
8625		-1.212500
8626		0.325000
8627		1.518750
8628		1.781250
8629		3.293750
8630		0.650000
8631		-1.625000
8632		-2.725000
8633		-1.912500
8634		-0.256250
8635		0.475000
8636		1.518750
8637		-0.718750
8638		-2.087500
8639		-3.337500
8640		-3.400000
8641		-0.193750
8642		0.443750
8643		1.900000
8644		0.531250
8645		-1.793750
8646		-3.137500
8647		-2.787500
8648		-0.168750
8649		1.256250
8650		2.481250
8651		1.900000
8652		-0.575000
8653		-1.475000
8654		-1.712500
8655		0.587500
8656		1.143750
8657		3.356250
8658		2.568750
8659		0.212500
8660		-0.806250
8661		-1.387500
8662		0.912500
8663		2.425000
8664		3.762500
8665		4.806250
8666		1.143750
8667		0.125000
8668		-0.662500
8669		0.968750
8670		2.887500
8671		3.118750
8672		5.593750
8673		2.162500
8674		1.343750
8675		0.850000
8676		1.812500
8677		4.431250
8678		5.887500
8679		6.787500
8680		5.450000
8681		3.643750
8682		2.481250
8683		3.618750
8684		5.800000
8685		7.137500
8686		8.331250
8687		6.843750
8688		5.012500
8689		4.487500
8690		1.725000
8691		5.768750
8692		6.875000
8693		7.662500
8694		7.106250
8695		4.693750
8696		3.468750
8697		2.481250
8698		5.012500
8699		6.525000
8700		7.631250
8701		6.612500
8702		4.750000
8703		2.918750
8704		2.043750
8705		3.706250
8706		5.768750
8707		6.993750
8708		6.818750
8709		4.312500
8710		2.943750
8711		1.725000
8712		4.287500
8713		5.625000
8714		6.643750
8715		7.718750
8716		5.418750
8717		3.675000
8718		2.775000
8719		3.793750
8720		6.031250
8721		7.137500
8722		8.012500
8723		5.737500
8724		4.225000
8725		2.687500
8726		3.118750
8727		5.537500
8728		6.787500
8729		7.487500
8730		5.681250
8731		3.850000
8732		2.481250
8733		2.075000
8734		4.431250
8735		5.800000
8736		7.081250
8737		5.418750
8738		3.181250
8739		1.900000
8740		1.431250
8741		3.850000
8742		5.068750
8743		6.000000
8744		5.012500
8745		3.062500
8746		1.725000
8747		1.081250
8748		2.656250
8749		4.925000
8750		5.825000
8751		5.506250
8752		3.268750
8753		1.843750
8754		0.793750
8755		2.775000
8756		4.893750
8757		6.325000
8758		5.593750
8759		3.268750
8760		1.606250
8761		0.068750
8762		1.812500
8763		3.356250
8764		4.925000
8765		5.800000
8766		2.775000
8767		1.318750
8768		-0.106250
8769		0.650000
8770		3.587500
8771		4.781250
8772		5.593750
8773		3.356250
8774		1.868750
8775		0.475000
8776		0.737500
8777		3.381250
8778		4.081250
8779		5.768750
8780		4.050000
8781		2.656250
8782		1.868750
8783		1.493750
8784		3.762500
8785		4.981250
8786		6.150000
8787		5.243750
8788		3.468750
8789		2.187500
8790		1.725000
8791		3.850000
8792		5.100000
8793		6.087500
8794		5.537500
8795		3.731250
8796		2.250000
8797		1.343750
8798		3.818750
8799		4.868750
8800		6.325000
8801		5.887500
8802		3.468750
8803		2.275000
8804		0.850000
8805		2.975000
8806		4.750000
8807		5.568750
8808		6.350000
8809		4.050000
8810		2.187500
8811		1.812500
8812		3.062500
8813		4.637500
8814		6.206250
8815		6.643750
8816		4.375000
8817		2.512500
8818		1.256250
8819		2.075000
8820		3.875000
8821		5.450000
8822		6.906250
8823		4.168750
8824		2.362500
8825		1.462500
8826		1.143750
8827		3.906250
8828		4.637500
8829		5.856250
8830		4.225000
8831		2.337500
8832		0.825000
8833		1.375000
8834		3.618750
8835		4.575000
8836		5.506250
8837		4.693750
8838		3.062500
8839		1.725000
8840		1.081250
8841		3.906250
8842		5.218750
8843		6.525000
8844		6.525000
8845		4.431250
8846		3.875000
8847		2.625000
8848		5.800000
8849		6.993750
8850		8.593750
8851		8.943750
8852		6.350000
8853		5.362500
8854		4.693750
8855		7.018750
8856		9.143750
8857		9.900000
8858		10.106250
8859		8.100000
8860		6.556250
8861		5.568750
8862		6.587500
8863		8.562500
8864		9.725000
8865		10.481250
8866		7.400000
8867		5.887500
8868		4.518750
8869		5.131250
8870		6.612500
8871		8.275000
8872		9.143750
8873		6.087500
8874		4.112500
8875		2.887500
8876		2.568750
8877		5.218750
8878		5.625000
8879		6.668750
8880		5.243750
8881		2.537500
8882		1.431250
8883		1.493750
8884		3.643750
8885		5.450000
8886		5.856250
8887		4.693750
8888		2.943750
8889		1.375000
8890		1.606250
8891		4.081250
8892		5.737500
8893		6.500000
8894		5.712500
8895		4.287500
8896		2.831250
8897		2.100000
8898		5.450000
8899		6.412500
8900		7.806250
8901		7.543750
8902		5.506250
8903		4.431250
8904		3.325000
8905		5.737500
8906		7.487500
8907		8.506250
8908		8.362500
8909		6.350000
8910		5.187500
8911		3.556250
8912		5.393750
8913		7.137500
8914		8.450000
8915		8.275000
8916		5.625000
8917		3.618750
8918		2.100000
8919		3.268750
8920		4.550000
8921		5.362500
8922		5.943750
8923		3.031250
8924		1.081250
8925		-0.862500
8926		0.562500
8927		1.143750
8928		2.687500
8929		2.887500
8930		-0.081250
8931		-1.737500
8932		-3.225000
8933		-3.337500
8934		-1.450000
8935		-0.400000
8936		0.068750
8937		-1.475000
8938		-3.806250
8939		-4.850000
8940		-5.606250
8941		-2.900000
8942		-1.737500
8943		-0.281250
8944		-1.737500
8945		-3.918750
8946		-4.937500
8947		-5.112500
8948		-2.143750
8949		-1.768750
8950		0.006250
8951		-1.387500
8952		-2.643750
8953		-4.037500
8954		-4.243750
8955		-1.275000
8956		0.300000
8957		1.725000
8958		1.000000
8959		-0.543750
8960		-1.625000
8961		-2.056250
8962		0.793750
8963		2.450000
8964		3.937500
8965		4.462500
8966		2.306250
8967		1.168750
8968		0.475000
8969		2.918750
8970		5.043750
8971		6.412500
8972		7.368750
8973		5.012500
8974		4.256250
8975		3.381250
8976		5.537500
8977		7.431250
8978		9.087500
8979		10.137500
8980		7.256250
8981		6.087500
8982		5.275000
8983		7.081250
8984		8.856250
8985		10.312500
8986		10.918750
8987		8.737500
8988		6.993750
8989		5.768750
8990		5.975000
8991		8.418750
8992		9.437500
8993		10.425000
8994		7.950000
8995		5.737500
8996		4.693750
8997		4.256250
8998		6.962500
8999		7.750000
9000		8.768750
9001		6.381250
9002		3.962500
9003		2.918750
9004		2.075000
9005		5.012500
9006		5.943750
9007		6.906250
9008		6.087500
9009		2.775000
9010		1.931250
9011		1.462500
9012		3.793750
9013		5.043750
9014		6.087500
9015		5.768750
9016		3.906250
9017		2.043750
9018		1.200000
9019		3.500000
9020		5.131250
9021		6.668750
9022		6.175000
9023		3.937500
9024		2.568750
9025		1.287500
9026		3.850000
9027		5.131250
9028		6.556250
9029		6.262500
9030		3.850000
9031		2.687500
9032		1.318750
9033		3.762500
9034		4.637500
9035		6.062500
9036		6.325000
9037		4.225000
9038		2.250000
9039		1.000000
9040		2.337500
9041		4.225000
9042		5.187500
9043		6.087500
9044		3.468750
9045		1.318750
9046		0.650000
9047		1.868750
9048		3.268750
9049		4.981250
9050		5.656250
9051		3.150000
9052		1.581250
9053		0.356250
9054		1.375000
9055		3.618750
9056		4.925000
9057		6.118750
9058		3.706250
9059		2.250000
9060		0.937500
9061		1.081250
9062		3.875000
9063		5.418750
9064		6.668750
9065		4.837500
9066		3.325000
9067		1.231250
9068		1.287500
9069		4.200000
9070		5.306250
9071		6.843750
9072		5.537500
9073		3.381250
9074		2.425000
9075		1.725000
9076		4.781250
9077		5.943750
9078		6.993750
9079		5.856250
9080		3.993750
9081		2.625000
9082		2.012500
9083		4.225000
9084		6.206250
9085		7.400000
9086		6.381250
9087		4.256250
9088		2.450000
9089		2.043750
9090		4.868750
9091		5.800000
9092		7.343750
9093		6.500000
9094		4.606250
9095		2.862500
9096		1.931250
9097		4.200000
9098		5.418750
9099		6.237500
9100		6.381250
9101		4.081250
9102		2.537500
9103		1.462500
9104		3.412500
9105		4.781250
9106		6.118750
9107		5.912500
9108		3.762500
9109		1.518750
9110		0.300000
9111		2.012500
9112		3.443750
9113		4.837500
9114		5.043750
9115		3.181250
9116		1.143750
9117		-0.693750
9118		1.143750
9119		2.275000
9120		4.375000
9121		4.893750
9122		3.500000
9123		0.675000
9124		-0.193750
9125		0.825000
9126		2.687500
9127		3.875000
9128		5.012500
9129		3.150000
9130		1.081250
9131		-0.312500
9132		0.443750
9133		3.293750
9134		4.575000
9135		5.975000
9136		3.850000
9137		2.450000
9138		0.912500
9139		1.518750
9140		4.287500
9141		5.275000
9142		6.525000
9143		5.306250
9144		3.850000
9145		2.481250
9146		2.600000
9147		5.100000
9148		6.500000
9149		7.662500
9150		6.756250
9151		4.518750
9152		2.800000
9153		3.118750
9154		5.450000
9155		7.106250
9156		8.737500
9157		7.018750
9158		4.925000
9159		3.793750
9160		2.975000
9161		5.825000
9162		6.906250
9163		8.275000
9164		7.925000
9165		5.568750
9166		3.906250
9167		3.412500
9168		5.825000
9169		7.193750
9170		8.506250
9171		8.187500
9172		6.031250
9173		5.187500
9174		3.906250
9175		6.087500
9176		7.431250
9177		9.031250
9178		9.231250
9179		7.018750
9180		5.243750
9181		4.606250
9182		6.468750
9183		7.687500
9184		9.206250
9185		9.987500
9186		7.281250
9187		5.393750
9188		4.025000
9189		6.381250
9190		8.012500
9191		9.318750
9192		9.525000
9193		6.843750
9194		5.887500
9195		3.962500
9196		5.656250
9197		7.925000
9198		8.562500
9199		9.118750
9200		6.525000
9201		4.781250
9202		3.937500
9203		4.693750
9204		6.556250
9205		7.662500
9206		8.531250
9207		6.643750
9208		4.343750
9209		2.975000
9210		3.793750
9211		5.306250
9212		7.137500
9213		7.925000
9214		5.362500
9215		3.993750
9216		2.687500
9217		2.625000
9218		4.956250
9219		5.681250
9220		6.843750
9221		4.662500
9222		3.500000
9223		1.956250
9224		1.781250
9225		4.462500
9226		4.925000
9227		6.206250
9228		4.806250
9229		2.800000
9230		1.668750
9231		1.287500
9232		3.731250
9233		5.625000
9234		6.500000
9235		5.331250
9236		2.918750
9237		1.406250
9238		1.518750
9239		4.200000
9240		5.450000
9241		7.281250
9242		6.087500
9243		4.200000
9244		2.887500
9245		2.306250
9246		5.275000
9247		6.643750
9248		7.925000
9249		7.662500
9250		5.068750
9251		3.793750
9252		3.181250
9253		5.593750
9254		7.518750
9255		8.362500
9256		8.531250
9257		6.031250
9258		3.993750
9259		3.356250
9260		6.175000
9261		7.487500
9262		8.650000
9263		7.750000
9264		5.975000
9265		4.375000
9266		3.325000
9267		5.418750
9268		6.993750
9269		8.475000
9270		8.387500
9271		5.537500
9272		4.287500
9273		3.206250
9274		5.625000
9275		7.050000
9276		8.243750
9277		8.593750
9278		6.087500
9279		4.637500
9280		3.325000
9281		5.768750
9282		7.256250
9283		8.450000
9284		8.943750
9285		6.612500
9286		5.187500
9287		4.081250
9288		5.887500
9289		7.981250
9290		8.768750
9291		10.568750
9292		7.431250
9293		5.737500
9294		4.981250
9295		6.175000
9296		9.056250
9297		10.193750
9298		10.893750
9299		9.031250
9300		7.456250
9301		6.437500
9302		6.993750
9303		9.668750
9304		11.412500
9305		12.343750
9306		10.075000
9307		8.681250
9308		7.312500
9309		8.068750
9310		10.631250
9311		12.637500
9312		12.781250
9313		11.037500
9314		8.856250
9315		7.518750
9316		7.543750
9317		10.543750
9318		11.650000
9319		12.931250
9320		11.006250
9321		8.100000
9322		7.281250
9323		7.431250
9324		10.018750
9325		10.743750
9326		11.475000
9327		9.262500
9328		7.543750
9329		5.975000
9330		5.737500
9331		9.318750
9332		9.206250
9333		10.337500
9334		8.793750
9335		6.175000
9336		4.837500
9337		4.431250
9338		7.343750
9339		8.418750
9340		9.581250
9341		8.706250
9342		6.237500
9343		4.837500
9344		4.343750
9345		6.756250
9346		8.506250
9347		9.437500
9348		9.318750
9349		6.262500
9350		5.156250
9351		4.837500
9352		7.600000
9353		8.856250
9354		10.337500
9355		9.293750
9356		7.081250
9357		6.175000
9358		5.243750
9359		8.300000
9360		9.581250
9361		10.981250
9362		10.368750
9363		7.981250
9364		6.381250
9365		5.218750
9366		8.243750
9367		9.437500
9368		10.656250
9369		10.568750
9370		7.775000
9371		5.943750
9372		5.156250
9373		7.456250
9374		8.706250
9375		10.512500
9376		10.018750
9377		7.018750
9378		5.506250
9379		4.637500
9380		7.343750
9381		7.950000
9382		9.900000
9383		9.437500
9384		6.787500
9385		5.043750
9386		3.937500
9387		6.843750
9388		7.750000
9389		9.462500
9390		9.493750
9391		6.875000
9392		5.131250
9393		3.937500
9394		6.437500
9395		7.925000
9396		9.668750
9397		9.493750
9398		7.431250
9399		5.656250
9400		4.200000
9401		6.818750
9402		8.475000
9403		9.725000
9404		10.893750
9405		7.837500
9406		6.350000
9407		4.693750
9408		7.400000
9409		9.612500
9410		10.481250
9411		11.068750
9412		8.650000
9413		6.843750
9414		5.656250
9415		7.893750
9416		9.700000
9417		11.037500
9418		11.850000
9419		9.700000
9420		8.037500
9421		6.731250
9422		8.562500
9423		10.631250
9424		11.762500
9425		12.756250
9426		10.600000
9427		8.856250
9428		7.168750
9429		8.912500
9430		11.475000
9431		12.581250
9432		13.831250
9433		11.268750
9434		8.825000
9435		8.125000
9436		9.612500
9437		11.675000
9438		13.218750
9439		14.381250
9440		11.562500
9441		9.550000
9442		8.562500
9443		9.612500
9444		12.200000
9445		13.362500
9446		14.356250
9447		12.256250
9448		10.600000
9449		8.706250
9450		9.437500
9451		12.493750
9452		13.425000
9453		14.556250
9454		12.143750
9455		10.050000
9456		8.418750
9457		8.912500
9458		12.175000
9459		12.668750
9460		14.381250
9461		11.912500
9462		9.875000
9463		8.212500
9464		8.793750
9465		11.650000
9466		13.250000
9467		14.293750
9468		11.356250
9469		10.162500
9470		8.362500
9471		8.943750
9472		12.056250
9473		13.537500
9474		14.531250
9475		12.375000
9476		10.106250
9477		8.475000
9478		9.031250
9479		11.706250
9480		13.743750
9481		14.906250
9482		13.250000
9483		11.181250
9484		8.793750
9485		9.000000
9486		11.562500
9487		13.162500
9488		14.706250
9489		12.931250
9490		11.037500
9491		8.793750
9492		9.262500
9493		11.825000
9494		12.931250
9495		14.268750
9496		12.431250
9497		9.987500
9498		8.450000
9499		7.806250
9500		10.743750
9501		12.143750
9502		13.275000
9503		11.825000
9504		8.881250
9505		6.700000
9506		6.818750
9507		9.612500
9508		11.125000
9509		12.200000
9510		11.156250
9511		8.418750
9512		6.818750
9513		6.000000
9514		9.175000
9515		10.018750
9516		11.825000
9517		10.775000
9518		8.187500
9519		7.018750
9520		5.481250
9521		9.175000
9522		10.743750
9523		12.256250
9524		11.093750
9525		9.087500
9526		6.787500
9527		6.500000
9528		9.550000
9529		11.068750
9530		12.493750
9531		11.356250
9532		9.175000
9533		7.137500
9534		6.412500
9535		9.318750
9536		10.687500
9537		12.000000
9538		11.618750
9539		8.737500
9540		6.668750
9541		6.031250
9542		8.856250
9543		10.456250
9544		11.650000
9545		10.568750
9546		8.125000
9547		6.087500
9548		5.481250
9549		8.450000
9550		9.637500
9551		11.300000
9552		10.193750
9553		7.687500
9554		5.681250
9555		4.956250
9556		8.012500
9557		9.087500
9558		10.831250
9559		9.962500
9560		7.575000
9561		5.943750
9562		4.606250
9563		7.718750
9564		9.406250
9565		10.137500
9566		9.900000
9567		7.225000
9568		5.568750
9569		4.343750
9570		7.981250
9571		9.031250
9572		10.543750
9573		10.600000
9574		7.106250
9575		6.087500
9576		4.662500
9577		8.156250
9578		9.725000
9579		11.475000
9580		11.443750
9581		9.087500
9582		7.400000
9583		5.912500
9584		9.000000
9585		10.631250
9586		11.968750
9587		12.175000
9588		9.612500
9589		6.993750
9590		6.612500
9591		9.262500
9592		11.443750
9593		12.343750
9594		12.756250
9595		10.281250
9596		7.718750
9597		6.787500
9598		9.493750
9599		11.762500
9600		12.637500
9601		13.075000
9602		10.106250
9603		8.331250
9604		6.700000
9605		9.668750
9606		11.650000
9607		13.362500
9608		13.106250
9609		9.931250
9610		8.300000
9611		7.106250
9612		9.668750
9613		11.675000
9614		13.512500
9615		13.656250
9616		10.631250
9617		8.825000
9618		7.718750
9619		10.368750
9620		11.968750
9621		13.975000
9622		13.512500
9623		10.718750
9624		9.143750
9625		6.962500
9626		9.987500
9627		11.156250
9628		12.637500
9629		12.581250
9630		10.050000
9631		8.331250
9632		6.175000
9633		8.737500
9634		10.543750
9635		11.850000
9636		11.618750
9637		8.825000
9638		6.700000
9639		5.362500
9640		8.156250
9641		10.137500
9642		11.412500
9643		11.850000
9644		8.331250
9645		6.731250
9646		5.306250
9647		8.068750
9648		10.193750
9649		11.562500
9650		12.343750
9651		8.943750
9652		7.343750
9653		6.031250
9654		8.506250
9655		10.456250
9656		11.762500
9657		12.406250
9658		8.706250
9659		7.543750
9660		5.681250
9661		8.331250
9662		10.393750
9663		11.243750
9664		11.181250
9665		8.450000
9666		6.000000
9667		4.400000
9668		6.293750
9669		8.618750
9670		9.206250
9671		9.812500
9672		6.412500
9673		5.156250
9674		3.268750
9675		5.625000
9676		7.687500
9677		8.737500
9678		8.793750
9679		6.175000
9680		4.487500
9681		1.931250
9682		4.925000
9683		6.668750
9684		7.281250
9685		8.418750
9686		5.537500
9687		3.206250
9688		2.306250
9689		3.618750
9690		6.818750
9691		8.593750
9692		8.737500
9693		5.975000
9694		3.850000
9695		2.918750
9696		5.362500
9697		6.906250
9698		8.362500
9699		9.118750
9700		5.975000
9701		3.793750
9702		3.181250
9703		5.418750
9704		8.125000
9705		9.612500
9706		9.581250
9707		6.962500
9708		5.537500
9709		4.050000
9710		6.962500
9711		8.912500
9712		10.393750
9713		11.412500
9714		8.331250
9715		6.087500
9716		5.100000
9717		7.518750
9718		9.000000
9719		10.981250
9720		11.412500
9721		8.450000
9722		6.993750
9723		5.593750
9724		7.862500
9725		9.668750
9726		11.675000
9727		12.056250
9728		8.450000
9729		7.081250
9730		5.625000
9731		9.000000
9732		9.843750
9733		11.562500
9734		11.762500
9735		8.706250
9736		7.343750
9737		4.550000
9738		7.775000
9739		10.162500
9740		11.500000
9741		11.968750
9742		9.143750
9743		6.556250
9744		5.156250
9745		8.450000
9746		10.312500
9747		11.618750
9748		11.968750
9749		9.437500
9750		7.281250
9751		6.150000
9752		8.450000
9753		10.481250
9754		12.493750
9755		11.912500
9756		9.756250
9757		7.487500
9758		5.681250
9759		8.475000
9760		10.631250
9761		11.912500
9762		12.406250
9763		9.381250
9764		7.106250
9765		6.175000
9766		8.650000
9767		10.600000
9768		11.968750
9769		12.200000
9770		9.581250
9771		8.275000
9772		6.412500
9773		9.462500
9774		11.006250
9775		12.668750
9776		13.337500
9777		9.787500
9778		8.212500
9779		6.843750
9780		9.231250
9781		11.618750
9782		12.843750
9783		12.956250
9784		10.337500
9785		8.068750
9786		6.556250
9787		9.175000
9788		10.631250
9789		12.256250
9790		12.375000
9791		9.143750
9792		7.343750
9793		5.481250
9794		7.687500
9795		9.381250
9796		10.425000
9797		10.225000
9798		7.543750
9799		4.606250
9800		3.993750
9801		5.825000
9802		7.718750
9803		8.706250
9804		8.856250
9805		5.362500
9806		3.706250
9807		2.100000
9808		4.518750
9809		6.206250
9810		7.981250
9811		7.806250
9812		4.518750
9813		2.887500
9814		1.000000
9815		3.556250
9816		6.325000
9817		7.137500
9818		7.137500
9819		4.225000
9820		2.512500
9821		1.781250
9822		3.962500
9823		5.625000
9824		7.862500
9825		7.225000
9826		4.431250
9827		2.306250
9828		1.812500
9829		4.837500
9830		6.525000
9831		7.281250
9832		6.668750
9833		3.937500
9834		2.450000
9835		1.462500
9836		3.587500
9837		5.537500
9838		6.325000
9839		6.087500
9840		2.512500
9841		1.318750
9842		-0.950000
9843		2.187500
9844		4.400000
9845		5.656250
9846		4.868750
9847		1.550000
9848		-0.312500
9849		-1.037500
9850		1.637500
9851		2.831250
9852		4.781250
9853		3.206250
9854		0.937500
9855		-0.662500
9856		-2.612500
9857		1.081250
9858		3.006250
9859		4.200000
9860		2.975000
9861		0.212500
9862		-1.593750
9863		-2.437500
9864		0.125000
9865		2.250000
9866		3.937500
9867		2.943750
9868		0.268750
9869		-2.000000
9870		-2.000000
9871		0.500000
9872		2.831250
9873		4.431250
9874		2.831250
9875		0.650000
9876		-1.625000
9877		-1.537500
9878		1.343750
9879		3.181250
9880		4.781250
9881		3.556250
9882		1.056250
9883		-0.693750
9884		-0.950000
9885		1.781250
9886		3.962500
9887		5.362500
9888		4.081250
9889		1.000000
9890		-0.456250
9891		-0.606250
9892		2.537500
9893		5.306250
9894		6.381250
9895		4.050000
9896		2.043750
9897		-0.225000
9898		0.006250
9899		2.743750
9900		5.012500
9901		6.668750
9902		4.575000
9903		1.606250
9904		0.006250
9905		-0.225000
9906		3.118750
9907		5.043750
9908		6.818750
9909		3.993750
9910		1.725000
9911		-0.400000
9912		-0.081250
9913		3.381250
9914		5.131250
9915		6.525000
9916		3.937500
9917		1.581250
9918		-0.193750
9919		-0.137500
9920		3.993750
9921		5.537500
9922		6.756250
9923		3.937500
9924		1.462500
9925		-0.168750
9926		0.737500
9927		3.237500
9928		5.975000
9929		6.962500
9930		4.225000
9931		1.900000
9932		-0.368750
9933		0.793750
9934		3.706250
9935		5.537500
9936		6.962500
9937		3.937500
9938		1.168750
9939		-0.893750
9940		0.793750
9941		4.137500
9942		5.681250
9943		6.500000
9944		3.937500
9945		1.112500
9946		-0.312500
9947		0.412500
9948		4.112500
9949		5.593750
9950		7.050000
9951		3.500000
9952		1.231250
9953		-0.893750
9954		0.562500
9955		3.850000
9956		5.593750
9957		5.625000
9958		2.918750
9959		0.412500
9960		-1.593750
9961		0.562500
9962		3.006250
9963		4.981250
9964		5.537500
9965		2.131250
9966		-0.718750
9967		-1.593750
9968		-0.168750
9969		2.600000
9970		4.606250
9971		4.637500
9972		1.431250
9973		-0.750000
9974		-2.643750
9975		0.443750
9976		2.712500
9977		4.081250
9978		4.981250
9979		0.618750
9980		-0.893750
9981		-2.843750
9982		-0.368750
9983		2.600000
9984		3.937500
9985		4.462500
9986		0.937500
9987		-1.100000
9988		-2.875000
9989		-0.281250
9990		2.306250
9991		3.937500
9992		3.937500
9993		0.356250
9994		-1.681250
9995		-3.018750
9996		-0.606250
9997		1.668750
9998		3.906250
9999		3.531250
10000		-0.606250
