Channel              :		CH1
Frequency            :		77.64Hz
Period               :		12.88ms
PK-PK                :		36.49mV
Average              :		0.097mV
Vertical pos         :		1.000000mV
Probe attenuation    :		1X
Voltage per ADC value:		0.001563mV
Time interval        :		4.00000uS

index		CH1_Voltage(mV)
1		1.931250
2		1.318750
3		0.850000
4		0.068750
5		1.056250
6		1.143750
7		1.318750
8		1.287500
9		0.650000
10		0.300000
11		0.068750
12		0.793750
13		0.937500
14		1.081250
15		1.868750
16		0.912500
17		0.825000
18		0.737500
19		1.025000
20		1.900000
21		2.450000
22		2.712500
23		2.275000
24		2.012500
25		1.900000
26		2.537500
27		3.468750
28		4.137500
29		4.462500
30		4.518750
31		4.400000
32		4.025000
33		4.662500
34		5.393750
35		5.856250
36		7.081250
37		5.943750
38		5.681250
39		5.450000
40		5.737500
41		6.412500
42		6.756250
43		6.818750
44		6.237500
45		6.118750
46		5.593750
47		5.656250
48		6.500000
49		6.412500
50		6.525000
51		5.975000
52		5.800000
53		4.981250
54		4.981250
55		5.243750
56		5.681250
57		6.175000
58		5.450000
59		4.868750
60		4.693750
61		4.312500
62		5.306250
63		5.418750
64		5.712500
65		5.362500
66		5.100000
67		4.925000
68		4.750000
69		5.275000
70		5.331250
71		6.293750
72		5.800000
73		5.393750
74		4.725000
75		4.550000
76		4.781250
77		5.506250
78		5.625000
79		5.393750
80		5.156250
81		4.781250
82		4.081250
83		5.156250
84		5.737500
85		6.031250
86		5.975000
87		5.450000
88		5.068750
89		4.781250
90		5.275000
91		5.800000
92		6.612500
93		6.293750
94		6.412500
95		5.825000
96		5.218750
97		6.175000
98		6.118750
99		7.137500
100		6.731250
101		6.756250
102		6.118750
103		5.506250
104		5.943750
105		6.350000
106		6.325000
107		6.525000
108		5.187500
109		4.725000
110		4.081250
111		3.937500
112		4.225000
113		4.225000
114		4.343750
115		2.975000
116		2.162500
117		1.550000
118		1.431250
119		1.518750
120		1.756250
121		1.431250
122		0.325000
123		0.068750
124		-0.606250
125		-0.750000
126		-0.312500
127		-0.225000
128		0.006250
129		-0.750000
130		-1.331250
131		-1.768750
132		-1.881250
133		-1.012500
134		-0.312500
135		-0.400000
136		-0.693750
137		-1.362500
138		-1.506250
139		-1.100000
140		-0.925000
141		-0.312500
142		0.443750
143		-0.431250
144		-0.750000
145		-1.012500
146		-1.300000
147		-0.543750
148		-0.343750
149		0.068750
150		-0.050000
151		-0.518750
152		-1.156250
153		-1.037500
154		-0.225000
155		-0.456250
156		0.356250
157		0.037500
158		-0.893750
159		-1.331250
160		-1.156250
161		-1.037500
162		-0.575000
163		0.037500
164		-0.312500
165		-0.575000
166		-1.475000
167		-1.593750
168		-1.037500
169		-0.518750
170		-0.312500
171		-0.718750
172		-0.693750
173		-1.300000
174		-1.537500
175		-0.750000
176		-0.518750
177		-0.137500
178		-0.281250
179		-0.893750
180		-1.475000
181		-1.593750
182		-0.781250
183		-0.018750
184		0.212500
185		-0.081250
186		-0.487500
187		-0.456250
188		-0.750000
189		-0.225000
190		0.268750
191		0.737500
192		0.912500
193		0.443750
194		0.268750
195		0.675000
196		1.000000
197		1.318750
198		1.725000
199		2.187500
200		1.637500
201		1.493750
202		1.200000
203		1.581250
204		2.218750
205		2.450000
206		2.712500
207		2.162500
208		0.706250
209		1.081250
210		1.343750
211		1.900000
212		1.756250
213		2.187500
214		1.231250
215		0.737500
216		0.475000
217		0.268750
218		0.475000
219		0.825000
220		0.531250
221		-0.312500
222		-1.212500
223		-1.825000
224		-1.212500
225		-0.837500
226		-0.893750
227		-0.806250
228		-1.187500
229		-2.056250
230		-2.143750
231		-2.556250
232		-1.912500
233		-1.537500
234		-1.331250
235		-2.262500
236		-2.700000
237		-2.700000
238		-2.700000
239		-2.175000
240		-2.350000
241		-1.187500
242		-2.350000
243		-2.756250
244		-3.193750
245		-2.931250
246		-2.493750
247		-1.968750
248		-1.387500
249		-1.881250
250		-2.293750
251		-2.493750
252		-2.318750
253		-1.475000
254		-0.862500
255		-0.368750
256		-0.806250
257		-0.781250
258		-1.450000
259		-0.893750
260		-0.256250
261		0.650000
262		0.937500
263		1.143750
264		0.706250
265		1.056250
266		0.706250
267		2.306250
268		2.918750
269		3.500000
270		3.268750
271		2.975000
272		2.481250
273		2.831250
274		3.412500
275		4.312500
276		4.606250
277		4.462500
278		3.556250
279		3.381250
280		2.831250
281		3.618750
282		4.050000
283		4.400000
284		3.793750
285		2.887500
286		2.362500
287		1.900000
288		2.600000
289		2.625000
290		3.237500
291		2.362500
292		1.900000
293		1.231250
294		0.881250
295		1.781250
296		1.956250
297		2.537500
298		2.075000
299		1.168750
300		1.056250
301		0.706250
302		1.375000
303		2.075000
304		2.162500
305		2.337500
306		1.375000
307		0.825000
308		0.737500
309		1.843750
310		2.100000
311		2.362500
312		2.075000
313		1.287500
314		1.143750
315		0.762500
316		1.462500
317		1.725000
318		1.956250
319		1.812500
320		0.587500
321		-0.018750
322		-0.750000
323		-0.575000
324		0.300000
325		0.181250
326		-0.312500
327		-1.387500
328		-1.712500
329		-2.206250
330		-2.118750
331		-1.793750
332		-1.737500
333		-2.031250
334		-3.162500
335		-3.631250
336		-4.387500
337		-3.718750
338		-3.487500
339		-3.600000
340		-3.512500
341		-4.737500
342		-5.262500
343		-5.462500
344		-5.406250
345		-4.968750
346		-4.562500
347		-4.531250
348		-5.462500
349		-6.131250
350		-6.568750
351		-5.550000
352		-5.318750
353		-5.087500
354		-5.000000
355		-5.868750
356		-6.106250
357		-6.250000
358		-5.756250
359		-5.287500
360		-4.675000
361		-4.156250
362		-4.825000
363		-5.668750
364		-5.112500
365		-4.531250
366		-4.212500
367		-3.368750
368		-3.106250
369		-3.193750
370		-3.806250
371		-4.068750
372		-3.368750
373		-2.700000
374		-2.118750
375		-1.712500
376		-2.406250
377		-2.725000
378		-3.487500
379		-2.931250
380		-1.881250
381		-2.031250
382		-1.593750
383		-2.525000
384		-3.137500
385		-3.631250
386		-3.075000
387		-1.912500
388		-2.612500
389		-2.668750
390		-3.425000
391		-4.093750
392		-4.506250
393		-4.387500
394		-4.156250
395		-3.656250
396		-3.631250
397		-4.418750
398		-4.968750
399		-5.000000
400		-4.850000
401		-4.418750
402		-4.212500
403		-3.950000
404		-4.300000
405		-5.025000
406		-5.000000
407		-5.375000
408		-4.181250
409		-3.918750
410		-3.806250
411		-4.268750
412		-4.850000
413		-4.706250
414		-4.825000
415		-3.950000
416		-3.400000
417		-3.225000
418		-4.037500
419		-4.793750
420		-4.675000
421		-4.243750
422		-4.068750
423		-3.981250
424		-3.368750
425		-4.156250
426		-4.737500
427		-4.825000
428		-5.112500
429		-4.093750
430		-3.656250
431		-3.312500
432		-3.950000
433		-4.387500
434		-4.675000
435		-4.618750
436		-3.400000
437		-3.250000
438		-3.225000
439		-3.600000
440		-4.093750
441		-4.506250
442		-4.418750
443		-3.806250
444		-3.337500
445		-2.787500
446		-3.425000
447		-4.268750
448		-4.156250
449		-3.893750
450		-3.831250
451		-3.075000
452		-2.756250
453		-3.512500
454		-4.212500
455		-4.093750
456		-4.331250
457		-3.512500
458		-3.487500
459		-2.787500
460		-3.250000
461		-4.093750
462		-4.125000
463		-4.331250
464		-3.075000
465		-2.787500
466		-2.525000
467		-2.787500
468		-3.631250
469		-3.425000
470		-3.656250
471		-2.931250
472		-2.493750
473		-2.000000
474		-2.231250
475		-3.337500
476		-3.225000
477		-3.162500
478		-2.175000
479		-1.968750
480		-1.537500
481		-2.056250
482		-2.843750
483		-2.725000
484		-2.756250
485		-2.437500
486		-1.625000
487		-1.300000
488		-1.475000
489		-2.725000
490		-2.843750
491		-2.931250
492		-2.581250
493		-2.143750
494		-1.793750
495		-2.175000
496		-2.900000
497		-3.075000
498		-3.575000
499		-2.931250
500		-2.468750
501		-2.206250
502		-2.581250
503		-3.631250
504		-3.950000
505		-4.268750
506		-3.456250
507		-2.787500
508		-2.318750
509		-2.931250
510		-3.575000
511		-4.356250
512		-4.331250
513		-3.543750
514		-3.250000
515		-2.787500
516		-3.281250
517		-4.212500
518		-4.243750
519		-5.112500
520		-4.068750
521		-3.718750
522		-3.806250
523		-3.981250
524		-5.025000
525		-5.550000
526		-5.756250
527		-5.518750
528		-4.650000
529		-4.531250
530		-5.200000
531		-5.987500
532		-6.512500
533		-6.831250
534		-5.900000
535		-5.637500
536		-5.375000
537		-5.868750
538		-6.712500
539		-7.062500
540		-7.268750
541		-6.281250
542		-6.106250
543		-5.668750
544		-6.281250
545		-6.800000
546		-7.237500
547		-7.412500
548		-6.393750
549		-6.075000
550		-5.518750
551		-5.987500
552		-6.887500
553		-7.212500
554		-7.268750
555		-6.131250
556		-6.131250
557		-5.606250
558		-6.131250
559		-6.687500
560		-6.918750
561		-7.443750
562		-6.425000
563		-5.756250
564		-5.406250
565		-5.668750
566		-6.337500
567		-6.687500
568		-6.481250
569		-5.956250
570		-5.318750
571		-4.531250
572		-5.287500
573		-5.518750
574		-6.281250
575		-6.106250
576		-5.318750
577		-5.231250
578		-4.587500
579		-4.706250
580		-5.756250
581		-5.900000
582		-6.337500
583		-5.318750
584		-4.850000
585		-4.418750
586		-4.937500
587		-5.693750
588		-6.043750
589		-6.393750
590		-5.262500
591		-4.850000
592		-4.650000
593		-4.968750
594		-5.637500
595		-6.106250
596		-6.106250
597		-5.462500
598		-5.025000
599		-4.418750
600		-4.793750
601		-5.518750
602		-5.693750
603		-5.843750
604		-4.937500
605		-4.443750
606		-3.862500
607		-4.300000
608		-4.937500
609		-5.318750
610		-5.518750
611		-4.212500
612		-4.006250
613		-3.806250
614		-3.743750
615		-4.531250
616		-5.693750
617		-5.262500
618		-4.706250
619		-4.650000
620		-4.125000
621		-4.793750
622		-6.018750
623		-5.987500
624		-6.537500
625		-6.075000
626		-5.493750
627		-5.518750
628		-6.306250
629		-7.125000
630		-7.706250
631		-8.168750
632		-7.468750
633		-6.950000
634		-6.687500
635		-7.443750
636		-8.081250
637		-8.987500
638		-9.043750
639		-8.343750
640		-8.081250
641		-7.818750
642		-8.606250
643		-8.868750
644		-9.306250
645		-9.331250
646		-8.575000
647		-7.993750
648		-7.587500
649		-8.431250
650		-8.550000
651		-9.162500
652		-8.637500
653		-8.375000
654		-7.325000
655		-7.412500
656		-7.793750
657		-8.256250
658		-8.431250
659		-8.200000
660		-7.268750
661		-7.006250
662		-6.537500
663		-7.125000
664		-7.850000
665		-7.675000
666		-7.906250
667		-6.775000
668		-6.568750
669		-5.812500
670		-6.393750
671		-7.531250
672		-7.556250
673		-7.325000
674		-6.712500
675		-6.712500
676		-6.075000
677		-6.425000
678		-7.412500
679		-7.706250
680		-7.556250
681		-6.537500
682		-6.481250
683		-5.931250
684		-6.918750
685		-7.793750
686		-7.937500
687		-7.881250
688		-7.643750
689		-7.062500
690		-6.831250
691		-7.731250
692		-8.287500
693		-8.750000
694		-8.312500
695		-7.793750
696		-7.181250
697		-7.125000
698		-7.412500
699		-8.462500
700		-9.131250
701		-8.375000
702		-7.412500
703		-7.037500
704		-6.775000
705		-7.268750
706		-7.556250
707		-8.112500
708		-7.531250
709		-6.537500
710		-6.218750
711		-5.406250
712		-6.193750
713		-6.537500
714		-7.125000
715		-6.218750
716		-6.075000
717		-5.056250
718		-5.175000
719		-5.637500
720		-6.193750
721		-7.006250
722		-6.281250
723		-6.075000
724		-5.375000
725		-5.000000
726		-6.131250
727		-7.125000
728		-7.212500
729		-7.300000
730		-7.006250
731		-6.481250
732		-6.481250
733		-7.531250
734		-8.462500
735		-8.168750
736		-8.312500
737		-8.025000
738		-7.500000
739		-7.587500
740		-8.575000
741		-8.781250
742		-10.006250
743		-9.012500
744		-8.725000
745		-8.487500
746		-8.431250
747		-9.043750
748		-9.656250
749		-10.031250
750		-9.393750
751		-8.868750
752		-8.287500
753		-8.462500
754		-8.750000
755		-9.593750
756		-9.681250
757		-9.481250
758		-8.462500
759		-8.168750
760		-7.937500
761		-8.900000
762		-9.043750
763		-9.593750
764		-8.837500
765		-8.693750
766		-7.793750
767		-7.881250
768		-8.462500
769		-9.506250
770		-9.418750
771		-9.012500
772		-7.993750
773		-7.793750
774		-7.212500
775		-8.693750
776		-8.925000
777		-8.987500
778		-8.375000
779		-7.643750
780		-6.800000
781		-6.687500
782		-7.325000
783		-7.443750
784		-7.643750
785		-6.600000
786		-5.262500
787		-5.318750
788		-4.475000
789		-5.318750
790		-5.262500
791		-5.231250
792		-3.831250
793		-3.050000
794		-2.231250
795		-1.881250
796		-2.931250
797		-3.075000
798		-2.756250
799		-1.881250
800		-1.475000
801		-0.431250
802		-0.456250
803		-1.387500
804		-1.625000
805		-2.350000
806		-1.450000
807		-0.543750
808		-0.606250
809		-0.893750
810		-1.825000
811		-2.556250
812		-3.281250
813		-2.700000
814		-2.056250
815		-3.193750
816		-2.556250
817		-3.775000
818		-4.793750
819		-5.606250
820		-5.112500
821		-4.737500
822		-4.156250
823		-4.881250
824		-5.812500
825		-6.368750
826		-7.062500
827		-6.193750
828		-5.843750
829		-5.550000
830		-5.518750
831		-6.743750
832		-6.918750
833		-6.862500
834		-6.193750
835		-5.200000
836		-4.825000
837		-4.737500
838		-5.956250
839		-5.812500
840		-6.131250
841		-5.112500
842		-4.331250
843		-3.337500
844		-4.093750
845		-4.650000
846		-5.087500
847		-5.406250
848		-3.806250
849		-3.656250
850		-3.368750
851		-3.631250
852		-4.675000
853		-5.406250
854		-5.000000
855		-4.300000
856		-3.950000
857		-3.743750
858		-4.068750
859		-4.618750
860		-5.668750
861		-5.693750
862		-4.068750
863		-3.718750
864		-3.281250
865		-3.600000
866		-3.743750
867		-3.918750
868		-4.156250
869		-3.137500
870		-2.493750
871		-2.206250
872		-2.318750
873		-3.425000
874		-3.575000
875		-3.312500
876		-2.668750
877		-2.175000
878		-2.118750
879		-3.193750
880		-3.831250
881		-4.531250
882		-4.968750
883		-4.243750
884		-3.806250
885		-4.331250
886		-5.781250
887		-6.393750
888		-7.125000
889		-8.025000
890		-7.150000
891		-7.062500
892		-6.393750
893		-8.025000
894		-8.431250
895		-9.012500
896		-8.987500
897		-7.818750
898		-6.887500
899		-6.950000
900		-6.950000
901		-7.587500
902		-7.643750
903		-7.006250
904		-5.493750
905		-4.825000
906		-4.212500
907		-4.356250
908		-5.262500
909		-5.437500
910		-5.056250
911		-3.950000
912		-3.368750
913		-3.193750
914		-4.243750
915		-5.375000
916		-6.250000
917		-6.537500
918		-6.306250
919		-6.337500
920		-6.831250
921		-8.312500
922		-9.887500
923		-11.106250
924		-11.487500
925		-11.662500
926		-11.806250
927		-12.593750
928		-14.193750
929		-15.475000
930		-16.581249
931		-17.162500
932		-16.549999
933		-17.131250
934		-16.756250
935		-17.918751
936		-18.793751
937		-19.406250
938		-18.906250
939		-17.887501
940		-17.218750
941		-16.693750
942		-17.018749
943		-17.281250
944		-17.306250
945		-15.912500
946		-15.068750
947		-13.700000
948		-12.912500
949		-12.968750
950		-13.087500
951		-13.000000
952		-11.893750
953		-10.937500
954		-9.162500
955		-8.725000
956		-8.925000
957		-9.393750
958		-9.162500
959		-8.781250
960		-7.356250
961		-6.425000
962		-6.281250
963		-6.537500
964		-7.706250
965		-8.081250
966		-7.325000
967		-6.368750
968		-6.106250
969		-5.550000
970		-6.481250
971		-7.237500
972		-7.300000
973		-7.531250
974		-6.831250
975		-5.843750
976		-5.350000
977		-5.843750
978		-6.831250
979		-6.568750
980		-6.306250
981		-5.375000
982		-4.125000
983		-3.950000
984		-3.512500
985		-4.125000
986		-4.587500
987		-3.775000
988		-2.118750
989		-0.950000
990		0.412500
991		0.006250
992		0.443750
993		0.387500
994		1.081250
995		2.712500
996		3.793750
997		4.550000
998		4.575000
999		4.287500
1000		3.906250
1001		4.256250
1002		5.156250
1003		6.262500
1004		6.206250
1005		5.506250
1006		4.431250
1007		3.643750
1008		3.468750
1009		3.675000
1010		3.618750
1011		4.050000
1012		2.425000
1013		1.606250
1014		0.562500
1015		-1.037500
1016		-0.312500
1017		-0.631250
1018		-0.862500
1019		-1.625000
1020		-2.787500
1021		-3.775000
1022		-4.212500
1023		-3.631250
1024		-3.075000
1025		-3.250000
1026		-3.162500
1027		-3.806250
1028		-4.387500
1029		-4.006250
1030		-3.425000
1031		-2.350000
1032		-1.737500
1033		-1.362500
1034		-2.118750
1035		-2.525000
1036		-2.087500
1037		-1.625000
1038		-0.662500
1039		-0.456250
1040		-0.312500
1041		-0.862500
1042		-1.450000
1043		-1.912500
1044		-1.768750
1045		-1.475000
1046		-1.100000
1047		-1.300000
1048		-2.493750
1049		-3.193750
1050		-3.831250
1051		-3.600000
1052		-3.337500
1053		-3.193750
1054		-2.900000
1055		-4.331250
1056		-4.968750
1057		-5.200000
1058		-5.112500
1059		-4.356250
1060		-3.775000
1061		-2.987500
1062		-3.862500
1063		-4.037500
1064		-4.650000
1065		-4.300000
1066		-2.493750
1067		-2.468750
1068		-1.331250
1069		-1.387500
1070		-2.087500
1071		-2.087500
1072		-2.000000
1073		-0.893750
1074		-0.225000
1075		0.212500
1076		-0.168750
1077		-1.506250
1078		-1.912500
1079		-2.381250
1080		-1.768750
1081		-1.537500
1082		-1.768750
1083		-2.000000
1084		-4.300000
1085		-4.850000
1086		-5.843750
1087		-5.437500
1088		-5.956250
1089		-5.781250
1090		-6.218750
1091		-7.618750
1092		-8.256250
1093		-9.100000
1094		-8.781250
1095		-8.112500
1096		-7.881250
1097		-7.531250
1098		-8.637500
1099		-9.043750
1100		-9.831250
1101		-8.725000
1102		-7.793750
1103		-7.181250
1104		-6.131250
1105		-7.300000
1106		-7.125000
1107		-7.500000
1108		-6.975000
1109		-5.550000
1110		-5.262500
1111		-4.156250
1112		-4.675000
1113		-4.912500
1114		-5.087500
1115		-5.318750
1116		-4.356250
1117		-3.512500
1118		-3.106250
1119		-4.068750
1120		-4.531250
1121		-5.287500
1122		-5.781250
1123		-4.618750
1124		-4.825000
1125		-4.331250
1126		-5.200000
1127		-6.043750
1128		-6.862500
1129		-7.062500
1130		-6.568750
1131		-5.606250
1132		-5.437500
1133		-6.106250
1134		-7.006250
1135		-7.356250
1136		-7.906250
1137		-6.800000
1138		-6.568750
1139		-5.900000
1140		-5.493750
1141		-6.337500
1142		-6.775000
1143		-6.656250
1144		-6.106250
1145		-5.406250
1146		-4.881250
1147		-4.156250
1148		-4.968750
1149		-4.937500
1150		-5.518750
1151		-4.531250
1152		-3.775000
1153		-2.700000
1154		-2.293750
1155		-2.556250
1156		-2.875000
1157		-3.137500
1158		-2.756250
1159		-2.087500
1160		-0.925000
1161		-0.256250
1162		-1.012500
1163		-1.187500
1164		-1.881250
1165		-1.768750
1166		-0.862500
1167		-0.050000
1168		0.300000
1169		0.093750
1170		-0.431250
1171		-0.718750
1172		-0.893750
1173		-0.137500
1174		0.150000
1175		0.675000
1176		0.737500
1177		-0.137500
1178		-1.331250
1179		-1.793750
1180		-1.387500
1181		-0.750000
1182		-0.806250
1183		-0.893750
1184		-1.562500
1185		-2.787500
1186		-3.368750
1187		-3.456250
1188		-2.556250
1189		-2.556250
1190		-2.525000
1191		-3.368750
1192		-4.562500
1193		-5.087500
1194		-5.518750
1195		-4.243750
1196		-3.743750
1197		-3.656250
1198		-4.443750
1199		-5.262500
1200		-5.725000
1201		-5.756250
1202		-4.762500
1203		-4.675000
1204		-3.600000
1205		-3.950000
1206		-5.143750
1207		-5.318750
1208		-5.518750
1209		-4.331250
1210		-3.512500
1211		-3.225000
1212		-3.400000
1213		-3.487500
1214		-4.356250
1215		-4.937500
1216		-4.443750
1217		-3.718750
1218		-3.600000
1219		-2.843750
1220		-4.387500
1221		-4.937500
1222		-5.606250
1223		-5.318750
1224		-5.287500
1225		-4.300000
1226		-4.093750
1227		-5.056250
1228		-5.518750
1229		-6.625000
1230		-6.193750
1231		-5.518750
1232		-5.200000
1233		-4.587500
1234		-5.406250
1235		-6.393750
1236		-6.712500
1237		-7.237500
1238		-6.106250
1239		-5.375000
1240		-5.318750
1241		-5.493750
1242		-6.043750
1243		-6.831250
1244		-6.600000
1245		-5.318750
1246		-4.825000
1247		-4.181250
1248		-4.243750
1249		-4.881250
1250		-5.087500
1251		-5.812500
1252		-4.650000
1253		-4.650000
1254		-3.456250
1255		-3.137500
1256		-4.037500
1257		-4.737500
1258		-4.968750
1259		-4.531250
1260		-3.575000
1261		-3.137500
1262		-2.612500
1263		-2.756250
1264		-3.281250
1265		-3.368750
1266		-3.400000
1267		-1.943750
1268		-1.475000
1269		-0.750000
1270		-0.368750
1271		-1.125000
1272		-1.418750
1273		-1.212500
1274		-0.050000
1275		0.825000
1276		1.406250
1277		1.756250
1278		0.881250
1279		1.287500
1280		1.000000
1281		1.812500
1282		3.118750
1283		3.206250
1284		4.168750
1285		3.006250
1286		2.393750
1287		1.812500
1288		2.337500
1289		3.587500
1290		3.468750
1291		3.500000
1292		2.600000
1293		1.781250
1294		0.968750
1295		1.000000
1296		1.812500
1297		1.987500
1298		1.956250
1299		1.581250
1300		0.412500
1301		0.150000
1302		-0.518750
1303		0.587500
1304		1.000000
1305		1.025000
1306		0.268750
1307		-0.081250
1308		-0.575000
1309		-1.100000
1310		0.093750
1311		0.500000
1312		0.968750
1313		1.200000
1314		0.793750
1315		-0.137500
1316		-0.225000
1317		0.300000
1318		0.968750
1319		1.143750
1320		1.900000
1321		0.737500
1322		0.150000
1323		-0.225000
1324		-0.312500
1325		0.387500
1326		0.387500
1327		0.675000
1328		0.268750
1329		-0.662500
1330		-1.537500
1331		-1.881250
1332		-1.243750
1333		-0.806250
1334		-0.950000
1335		-1.593750
1336		-2.056250
1337		-3.337500
1338		-3.456250
1339		-2.875000
1340		-2.468750
1341		-1.768750
1342		-2.231250
1343		-2.468750
1344		-3.250000
1345		-3.631250
1346		-2.843750
1347		-2.262500
1348		-1.562500
1349		-1.156250
1350		-1.475000
1351		-2.381250
1352		-2.525000
1353		-2.756250
1354		-1.793750
1355		-1.037500
1356		-0.806250
1357		-1.125000
1358		-2.056250
1359		-2.468750
1360		-2.756250
1361		-1.650000
1362		-1.037500
1363		-1.037500
1364		-1.650000
1365		-2.493750
1366		-3.075000
1367		-3.631250
1368		-3.193750
1369		-2.493750
1370		-2.612500
1371		-2.406250
1372		-3.687500
1373		-4.618750
1374		-4.737500
1375		-3.918750
1376		-3.337500
1377		-3.250000
1378		-2.468750
1379		-3.281250
1380		-3.743750
1381		-3.775000
1382		-3.775000
1383		-2.643750
1384		-2.262500
1385		-1.737500
1386		-2.118750
1387		-3.018750
1388		-3.075000
1389		-2.931250
1390		-1.737500
1391		-1.450000
1392		-0.662500
1393		-1.156250
1394		-1.768750
1395		-2.381250
1396		-2.406250
1397		-1.737500
1398		-1.037500
1399		-0.312500
1400		-0.487500
1401		-1.475000
1402		-2.231250
1403		-2.643750
1404		-2.293750
1405		-1.768750
1406		-1.418750
1407		-1.475000
1408		-2.787500
1409		-3.337500
1410		-3.631250
1411		-2.700000
1412		-2.525000
1413		-2.087500
1414		-1.825000
1415		-2.900000
1416		-3.193750
1417		-3.687500
1418		-3.575000
1419		-3.162500
1420		-2.350000
1421		-2.293750
1422		-2.643750
1423		-3.281250
1424		-3.862500
1425		-4.387500
1426		-3.368750
1427		-2.875000
1428		-2.493750
1429		-2.175000
1430		-3.075000
1431		-4.068750
1432		-4.418750
1433		-3.918750
1434		-3.718750
1435		-2.843750
1436		-2.437500
1437		-3.950000
1438		-4.387500
1439		-5.087500
1440		-4.881250
1441		-3.806250
1442		-3.487500
1443		-3.137500
1444		-3.368750
1445		-4.006250
1446		-4.356250
1447		-4.243750
1448		-2.931250
1449		-2.262500
1450		-1.506250
1451		-1.737500
1452		-2.143750
1453		-2.493750
1454		-2.293750
1455		-1.275000
1456		-0.431250
1457		0.300000
1458		0.268750
1459		-0.368750
1460		-0.312500
1461		-0.575000
1462		0.325000
1463		0.793750
1464		1.900000
1465		2.306250
1466		1.375000
1467		1.287500
1468		0.300000
1469		1.112500
1470		1.493750
1471		2.712500
1472		2.831250
1473		1.868750
1474		1.637500
1475		0.881250
1476		0.268750
1477		1.868750
1478		2.218750
1479		2.393750
1480		2.043750
1481		1.200000
1482		0.531250
1483		0.237500
1484		0.412500
1485		1.231250
1486		1.406250
1487		1.112500
1488		0.212500
1489		-0.456250
1490		-0.862500
1491		-0.256250
1492		0.068750
1493		0.237500
1494		0.412500
1495		-0.575000
1496		-1.300000
1497		-1.881250
1498		-1.562500
1499		-1.300000
1500		-0.925000
1501		-0.225000
1502		-1.300000
1503		-1.737500
1504		-2.468750
1505		-2.056250
1506		-1.243750
1507		-0.893750
1508		-0.693750
1509		-0.518750
1510		-1.362500
1511		-1.187500
1512		-1.331250
1513		-0.368750
1514		0.181250
1515		0.737500
1516		0.968750
1517		0.412500
1518		0.562500
1519		-0.050000
1520		0.562500
1521		1.256250
1522		1.956250
1523		2.075000
1524		1.318750
1525		0.443750
1526		-0.137500
1527		-0.050000
1528		0.356250
1529		0.587500
1530		0.618750
1531		-0.518750
1532		-1.856250
1533		-2.581250
1534		-3.487500
1535		-2.612500
1536		-3.281250
1537		-3.512500
1538		-3.981250
1539		-5.693750
1540		-6.393750
1541		-7.587500
1542		-7.237500
1543		-7.412500
1544		-7.356250
1545		-7.618750
1546		-9.131250
1547		-9.625000
1548		-9.887500
1549		-9.768750
1550		-9.768750
1551		-9.393750
1552		-9.418750
1553		-9.681250
1554		-10.412500
1555		-10.762500
1556		-10.525000
1557		-9.625000
1558		-8.837500
1559		-7.793750
1560		-7.850000
1561		-8.400000
1562		-8.750000
1563		-8.575000
1564		-7.412500
1565		-6.425000
1566		-5.550000
1567		-5.581250
1568		-5.956250
1569		-5.781250
1570		-5.668750
1571		-4.443750
1572		-3.631250
1573		-3.137500
1574		-2.406250
1575		-2.643750
1576		-3.193750
1577		-2.725000
1578		-2.118750
1579		-0.806250
1580		-0.312500
1581		0.650000
1582		0.268750
1583		0.356250
1584		-0.256250
1585		0.500000
1586		1.668750
1587		2.075000
1588		2.687500
1589		2.306250
1590		2.012500
1591		2.306250
1592		1.956250
1593		3.062500
1594		3.268750
1595		3.618750
1596		3.268750
1597		2.600000
1598		2.162500
1599		1.431250
1600		2.043750
1601		2.537500
1602		2.337500
1603		2.337500
1604		1.462500
1605		0.387500
1606		-0.312500
1607		0.300000
1608		0.300000
1609		0.443750
1610		0.737500
1611		-0.518750
1612		-0.893750
1613		-1.275000
1614		-1.362500
1615		-0.487500
1616		-0.343750
1617		0.212500
1618		-0.368750
1619		-0.950000
1620		-1.125000
1621		-0.606250
1622		0.268750
1623		0.850000
1624		1.431250
1625		1.081250
1626		0.762500
1627		0.912500
1628		0.500000
1629		1.668750
1630		2.625000
1631		3.006250
1632		3.618750
1633		2.743750
1634		2.075000
1635		2.100000
1636		2.862500
1637		3.412500
1638		3.706250
1639		3.762500
1640		3.412500
1641		2.537500
1642		2.012500
1643		2.625000
1644		2.918750
1645		3.268750
1646		2.743750
1647		2.187500
1648		1.606250
1649		0.881250
1650		0.531250
1651		0.793750
1652		1.168750
1653		1.581250
1654		0.618750
1655		-0.137500
1656		-0.575000
1657		-1.418750
1658		-0.543750
1659		0.037500
1660		0.268750
1661		0.150000
1662		-0.606250
1663		-0.981250
1664		-1.275000
1665		-0.543750
1666		-0.256250
1667		0.268750
1668		0.181250
1669		0.125000
1670		-0.256250
1671		-0.543750
1672		0.443750
1673		0.912500
1674		1.781250
1675		1.725000
1676		1.200000
1677		1.256250
1678		1.081250
1679		1.168750
1680		2.250000
1681		2.975000
1682		3.468750
1683		3.412500
1684		2.775000
1685		2.943750
1686		2.743750
1687		3.993750
1688		4.225000
1689		4.750000
1690		4.725000
1691		4.431250
1692		3.906250
1693		3.993750
1694		4.606250
1695		5.450000
1696		5.768750
1697		6.175000
1698		4.868750
1699		4.806250
1700		4.137500
1701		4.925000
1702		5.275000
1703		5.012500
1704		5.331250
1705		4.781250
1706		4.225000
1707		3.531250
1708		4.050000
1709		3.875000
1710		4.225000
1711		4.343750
1712		3.181250
1713		2.481250
1714		1.637500
1715		1.812500
1716		1.668750
1717		1.781250
1718		2.306250
1719		0.968750
1720		0.006250
1721		-0.456250
1722		-1.156250
1723		-0.981250
1724		-1.300000
1725		-0.718750
1726		-1.737500
1727		-2.556250
1728		-3.225000
1729		-4.006250
1730		-3.487500
1731		-3.512500
1732		-3.225000
1733		-4.356250
1734		-4.531250
1735		-5.462500
1736		-6.162500
1737		-5.375000
1738		-5.437500
1739		-5.350000
1740		-4.968750
1741		-5.756250
1742		-6.193750
1743		-6.512500
1744		-5.868750
1745		-5.175000
1746		-4.618750
1747		-3.337500
1748		-4.068750
1749		-4.587500
1750		-4.762500
1751		-5.025000
1752		-3.075000
1753		-2.556250
1754		-1.737500
1755		-1.912500
1756		-1.825000
1757		-2.643750
1758		-2.118750
1759		-0.606250
1760		0.125000
1761		0.325000
1762		1.000000
1763		0.181250
1764		0.093750
1765		-0.193750
1766		0.531250
1767		0.937500
1768		1.375000
1769		1.518750
1770		0.793750
1771		0.181250
1772		-0.256250
1773		0.181250
1774		0.706250
1775		1.025000
1776		1.081250
1777		0.356250
1778		-0.168750
1779		-0.693750
1780		-0.750000
1781		0.093750
1782		0.212500
1783		1.000000
1784		0.443750
1785		-0.368750
1786		-0.106250
1787		-0.431250
1788		0.650000
1789		1.518750
1790		1.725000
1791		1.431250
1792		1.431250
1793		1.081250
1794		1.025000
1795		2.481250
1796		3.031250
1797		3.762500
1798		3.762500
1799		3.412500
1800		3.443750
1801		3.031250
1802		4.050000
1803		4.518750
1804		4.893750
1805		5.243750
1806		4.637500
1807		4.693750
1808		4.287500
1809		4.431250
1810		4.981250
1811		5.100000
1812		5.712500
1813		4.575000
1814		4.375000
1815		4.137500
1816		4.050000
1817		4.431250
1818		4.487500
1819		4.550000
1820		4.081250
1821		3.206250
1822		3.062500
1823		2.687500
1824		3.412500
1825		3.356250
1826		3.356250
1827		2.656250
1828		2.306250
1829		1.518750
1830		0.912500
1831		1.550000
1832		1.693750
1833		1.637500
1834		1.375000
1835		0.706250
1836		0.212500
1837		-0.456250
1838		-0.168750
1839		0.068750
1840		0.150000
1841		0.268750
1842		-0.431250
1843		-1.212500
1844		-1.331250
1845		-1.187500
1846		-0.750000
1847		-0.225000
1848		0.006250
1849		-0.518750
1850		-0.950000
1851		-0.862500
1852		-1.331250
1853		-0.575000
1854		0.387500
1855		0.968750
1856		0.793750
1857		0.562500
1858		0.325000
1859		0.412500
1860		1.668750
1861		2.393750
1862		3.118750
1863		3.118750
1864		2.743750
1865		2.687500
1866		2.537500
1867		3.793750
1868		4.725000
1869		4.518750
1870		5.068750
1871		4.662500
1872		4.606250
1873		4.200000
1874		4.662500
1875		5.481250
1876		6.087500
1877		6.350000
1878		5.712500
1879		5.331250
1880		5.306250
1881		5.593750
1882		6.206250
1883		6.525000
1884		6.906250
1885		6.175000
1886		6.087500
1887		5.656250
1888		5.943750
1889		6.818750
1890		6.468750
1891		7.431250
1892		6.668750
1893		6.150000
1894		6.087500
1895		6.087500
1896		6.612500
1897		7.168750
1898		7.225000
1899		7.050000
1900		7.050000
1901		6.437500
1902		6.175000
1903		6.843750
1904		7.137500
1905		7.456250
1906		7.281250
1907		6.843750
1908		6.556250
1909		6.087500
1910		6.350000
1911		6.906250
1912		6.756250
1913		7.106250
1914		6.031250
1915		5.800000
1916		5.362500
1917		5.656250
1918		6.031250
1919		5.856250
1920		6.237500
1921		5.156250
1922		4.956250
1923		3.937500
1924		4.256250
1925		4.462500
1926		4.956250
1927		4.981250
1928		4.518750
1929		3.850000
1930		3.643750
1931		3.731250
1932		3.993750
1933		4.050000
1934		4.693750
1935		4.287500
1936		3.643750
1937		3.181250
1938		2.943750
1939		3.556250
1940		3.762500
1941		4.137500
1942		4.137500
1943		3.675000
1944		3.118750
1945		2.831250
1946		3.762500
1947		3.818750
1948		4.200000
1949		4.137500
1950		3.731250
1951		3.093750
1952		2.887500
1953		3.556250
1954		3.962500
1955		4.200000
1956		4.225000
1957		3.993750
1958		3.356250
1959		3.150000
1960		3.618750
1961		4.168750
1962		4.462500
1963		5.043750
1964		4.256250
1965		3.906250
1966		3.356250
1967		3.531250
1968		4.868750
1969		4.781250
1970		5.306250
1971		4.837500
1972		4.637500
1973		4.431250
1974		4.112500
1975		5.100000
1976		6.062500
1977		5.943750
1978		6.087500
1979		5.450000
1980		5.481250
1981		5.100000
1982		6.000000
1983		6.087500
1984		6.756250
1985		6.700000
1986		6.118750
1987		6.031250
1988		5.800000
1989		6.643750
1990		6.818750
1991		7.368750
1992		7.400000
1993		6.843750
1994		6.906250
1995		5.856250
1996		6.756250
1997		6.843750
1998		7.137500
1999		7.193750
2000		6.325000
2001		5.825000
2002		5.306250
2003		5.450000
2004		5.306250
2005		5.887500
2006		6.262500
2007		5.362500
2008		4.925000
2009		4.050000
2010		4.050000
2011		4.431250
2012		4.781250
2013		4.693750
2014		4.287500
2015		3.875000
2016		3.006250
2017		2.862500
2018		3.356250
2019		3.643750
2020		4.025000
2021		3.531250
2022		3.062500
2023		2.306250
2024		1.900000
2025		2.625000
2026		3.181250
2027		3.500000
2028		3.031250
2029		2.743750
2030		2.043750
2031		1.693750
2032		2.393750
2033		2.687500
2034		2.775000
2035		3.500000
2036		2.625000
2037		1.431250
2038		1.756250
2039		2.187500
2040		2.687500
2041		2.743750
2042		2.862500
2043		2.275000
2044		1.725000
2045		1.781250
2046		2.250000
2047		2.537500
2048		2.975000
2049		3.468750
2050		3.356250
2051		2.743750
2052		2.625000
2053		2.687500
2054		3.356250
2055		4.168750
2056		4.693750
2057		4.868750
2058		4.225000
2059		4.725000
2060		4.200000
2061		5.506250
2062		5.975000
2063		6.500000
2064		6.412500
2065		6.612500
2066		6.062500
2067		6.325000
2068		6.756250
2069		7.687500
2070		7.950000
2071		8.243750
2072		7.575000
2073		7.281250
2074		7.106250
2075		7.600000
2076		8.012500
2077		8.593750
2078		8.943750
2079		8.068750
2080		7.893750
2081		7.137500
2082		7.775000
2083		8.418750
2084		8.681250
2085		8.650000
2086		8.300000
2087		7.925000
2088		7.862500
2089		7.862500
2090		8.912500
2091		9.143750
2092		9.406250
2093		9.206250
2094		8.618750
2095		8.737500
2096		8.768750
2097		9.525000
2098		9.987500
2099		10.743750
2100		9.875000
2101		9.987500
2102		9.056250
2103		8.881250
2104		10.193750
2105		10.075000
2106		10.743750
2107		10.106250
2108		9.525000
2109		9.231250
2110		8.450000
2111		9.406250
2112		9.725000
2113		9.637500
2114		9.293750
2115		8.856250
2116		7.950000
2117		7.050000
2118		7.981250
2119		7.543750
2120		8.068750
2121		7.662500
2122		6.500000
2123		6.381250
2124		5.306250
2125		5.943750
2126		6.087500
2127		6.118750
2128		5.912500
2129		5.156250
2130		4.518750
2131		4.081250
2132		4.487500
2133		4.550000
2134		4.806250
2135		4.806250
2136		4.256250
2137		3.793750
2138		3.325000
2139		3.937500
2140		4.225000
2141		4.606250
2142		5.156250
2143		4.343750
2144		4.025000
2145		3.906250
2146		3.906250
2147		4.806250
2148		5.187500
2149		5.656250
2150		5.187500
2151		4.981250
2152		4.637500
2153		4.981250
2154		5.825000
2155		5.825000
2156		6.612500
2157		6.668750
2158		5.975000
2159		6.000000
2160		5.418750
2161		6.262500
2162		6.787500
2163		7.050000
2164		7.050000
2165		6.175000
2166		5.825000
2167		5.825000
2168		6.000000
2169		6.206250
2170		6.668750
2171		6.587500
2172		6.087500
2173		5.450000
2174		5.187500
2175		5.912500
2176		5.887500
2177		6.237500
2178		6.437500
2179		5.825000
2180		5.306250
2181		4.925000
2182		5.393750
2183		5.975000
2184		6.350000
2185		6.325000
2186		5.825000
2187		5.275000
2188		5.450000
2189		5.681250
2190		6.262500
2191		6.643750
2192		7.193750
2193		6.906250
2194		5.768750
2195		6.437500
2196		6.381250
2197		6.818750
2198		7.312500
2199		7.281250
2200		7.750000
2201		6.962500
2202		6.612500
2203		6.500000
2204		7.193750
2205		7.543750
2206		8.156250
2207		7.862500
2208		7.518750
2209		7.400000
2210		6.843750
2211		7.806250
2212		8.187500
2213		8.068750
2214		8.387500
2215		7.575000
2216		7.050000
2217		6.587500
2218		7.456250
2219		7.631250
2220		7.775000
2221		7.806250
2222		7.575000
2223		6.700000
2224		6.150000
2225		7.081250
2226		7.193750
2227		7.256250
2228		7.575000
2229		6.587500
2230		6.412500
2231		5.800000
2232		6.262500
2233		6.468750
2234		6.843750
2235		7.137500
2236		6.350000
2237		6.087500
2238		5.712500
2239		6.206250
2240		6.556250
2241		6.756250
2242		7.575000
2243		6.731250
2244		6.293750
2245		5.975000
2246		6.031250
2247		6.643750
2248		7.312500
2249		7.600000
2250		7.137500
2251		6.587500
2252		6.150000
2253		6.150000
2254		6.818750
2255		7.225000
2256		7.487500
2257		7.193750
2258		6.993750
2259		6.118750
2260		6.206250
2261		6.756250
2262		7.456250
2263		7.600000
2264		7.400000
2265		6.993750
2266		6.381250
2267		5.912500
2268		6.843750
2269		7.368750
2270		7.775000
2271		7.600000
2272		7.343750
2273		6.875000
2274		6.756250
2275		7.487500
2276		7.575000
2277		8.618750
2278		8.737500
2279		8.156250
2280		8.156250
2281		7.431250
2282		8.275000
2283		8.881250
2284		9.000000
2285		9.612500
2286		8.943750
2287		8.943750
2288		8.362500
2289		8.881250
2290		9.231250
2291		9.725000
2292		9.581250
2293		9.087500
2294		8.650000
2295		8.068750
2296		8.212500
2297		8.650000
2298		8.737500
2299		9.175000
2300		8.331250
2301		7.806250
2302		7.431250
2303		7.225000
2304		7.950000
2305		8.187500
2306		8.737500
2307		7.862500
2308		7.575000
2309		6.843750
2310		6.906250
2311		7.575000
2312		7.518750
2313		7.687500
2314		6.993750
2315		6.412500
2316		6.118750
2317		5.712500
2318		6.350000
2319		6.350000
2320		6.556250
2321		6.437500
2322		5.856250
2323		5.393750
2324		4.956250
2325		5.625000
2326		5.681250
2327		5.912500
2328		5.975000
2329		5.068750
2330		4.487500
2331		4.575000
2332		4.750000
2333		5.218750
2334		5.800000
2335		5.593750
2336		5.243750
2337		4.781250
2338		4.837500
2339		5.537500
2340		6.087500
2341		6.731250
2342		6.962500
2343		6.556250
2344		5.975000
2345		6.118750
2346		6.843750
2347		7.193750
2348		7.718750
2349		8.012500
2350		7.400000
2351		6.818750
2352		6.756250
2353		6.906250
2354		7.400000
2355		8.156250
2356		7.950000
2357		7.862500
2358		7.106250
2359		6.756250
2360		6.700000
2361		7.343750
2362		7.750000
2363		7.775000
2364		7.312500
2365		7.775000
2366		6.381250
2367		6.293750
2368		6.843750
2369		7.456250
2370		7.575000
2371		7.343750
2372		6.700000
2373		6.237500
2374		6.412500
2375		7.431250
2376		8.068750
2377		8.362500
2378		8.362500
2379		7.662500
2380		7.543750
2381		7.256250
2382		8.387500
2383		9.318750
2384		9.087500
2385		9.525000
2386		9.031250
2387		9.031250
2388		8.618750
2389		9.525000
2390		9.962500
2391		9.931250
2392		10.568750
2393		9.756250
2394		9.725000
2395		9.350000
2396		9.756250
2397		10.512500
2398		10.631250
2399		10.225000
2400		9.931250
2401		9.293750
2402		9.087500
2403		9.668750
2404		10.075000
2405		10.225000
2406		10.743750
2407		9.962500
2408		9.725000
2409		9.293750
2410		9.900000
2411		10.481250
2412		10.631250
2413		11.212500
2414		10.543750
2415		9.987500
2416		9.900000
2417		10.162500
2418		10.918750
2419		11.268750
2420		11.500000
2421		11.037500
2422		10.543750
2423		10.337500
2424		10.481250
2425		11.243750
2426		11.387500
2427		11.181250
2428		10.568750
2429		10.193750
2430		9.612500
2431		9.293750
2432		9.581250
2433		9.987500
2434		9.637500
2435		8.793750
2436		8.212500
2437		7.631250
2438		7.137500
2439		7.950000
2440		7.775000
2441		8.125000
2442		7.543750
2443		6.931250
2444		6.031250
2445		5.887500
2446		6.700000
2447		6.756250
2448		7.281250
2449		6.993750
2450		6.206250
2451		5.737500
2452		5.593750
2453		6.500000
2454		6.325000
2455		7.400000
2456		7.281250
2457		6.818750
2458		6.118750
2459		6.000000
2460		6.556250
2461		7.281250
2462		7.281250
2463		7.543750
2464		6.525000
2465		6.087500
2466		5.943750
2467		6.262500
2468		6.118750
2469		6.818750
2470		6.468750
2471		5.887500
2472		5.393750
2473		4.925000
2474		5.243750
2475		5.068750
2476		5.656250
2477		5.737500
2478		4.725000
2479		4.725000
2480		3.268750
2481		3.962500
2482		4.200000
2483		4.431250
2484		4.225000
2485		3.875000
2486		3.031250
2487		2.800000
2488		2.862500
2489		3.643750
2490		3.443750
2491		3.993750
2492		3.381250
2493		2.712500
2494		2.218750
2495		2.162500
2496		3.062500
2497		3.412500
2498		3.531250
2499		3.206250
2500		2.450000
2501		2.250000
2502		2.600000
2503		3.118750
2504		3.850000
2505		4.375000
2506		3.850000
2507		3.618750
2508		3.643750
2509		3.325000
2510		4.256250
2511		4.725000
2512		5.568750
2513		5.275000
2514		4.806250
2515		4.550000
2516		4.662500
2517		5.506250
2518		5.856250
2519		6.325000
2520		6.000000
2521		6.031250
2522		5.243750
2523		5.362500
2524		6.262500
2525		6.381250
2526		6.700000
2527		6.612500
2528		5.656250
2529		5.393750
2530		5.187500
2531		5.537500
2532		5.887500
2533		6.237500
2534		6.062500
2535		5.481250
2536		4.575000
2537		4.868750
2538		5.012500
2539		5.800000
2540		5.737500
2541		5.943750
2542		5.393750
2543		4.550000
2544		4.981250
2545		5.681250
2546		6.087500
2547		6.993750
2548		7.193750
2549		7.081250
2550		6.556250
2551		6.818750
2552		7.312500
2553		7.718750
2554		8.768750
2555		9.581250
2556		9.031250
2557		9.143750
2558		8.475000
2559		9.175000
2560		10.075000
2561		10.162500
2562		11.562500
2563		10.656250
2564		9.931250
2565		10.075000
2566		10.337500
2567		11.037500
2568		11.037500
2569		11.618750
2570		11.037500
2571		10.393750
2572		9.875000
2573		10.512500
2574		10.831250
2575		11.068750
2576		11.268750
2577		10.893750
2578		10.312500
2579		9.787500
2580		9.900000
2581		10.368750
2582		10.481250
2583		11.156250
2584		10.512500
2585		9.931250
2586		9.668750
2587		9.581250
2588		10.225000
2589		10.862500
2590		10.775000
2591		10.393750
2592		10.050000
2593		9.550000
2594		9.581250
2595		9.900000
2596		10.481250
2597		10.918750
2598		10.568750
2599		9.381250
2600		8.912500
2601		8.450000
2602		9.437500
2603		9.637500
2604		9.812500
2605		9.812500
2606		9.143750
2607		8.562500
2608		8.156250
2609		8.768750
2610		9.000000
2611		9.143750
2612		9.525000
2613		8.506250
2614		8.506250
2615		8.100000
2616		8.475000
2617		9.231250
2618		9.525000
2619		9.293750
2620		8.793750
2621		8.681250
2622		8.362500
2623		9.175000
2624		9.437500
2625		10.075000
2626		9.756250
2627		9.087500
2628		8.793750
2629		8.243750
2630		8.793750
2631		9.175000
2632		9.206250
2633		9.437500
2634		8.737500
2635		8.125000
2636		7.518750
2637		8.156250
2638		8.450000
2639		8.506250
2640		8.362500
2641		8.068750
2642		6.643750
2643		6.118750
2644		6.381250
2645		7.168750
2646		7.018750
2647		7.281250
2648		6.087500
2649		6.381250
2650		5.331250
2651		5.800000
2652		6.118750
2653		6.468750
2654		6.843750
2655		6.262500
2656		5.593750
2657		5.418750
2658		5.537500
2659		6.381250
2660		6.556250
2661		6.756250
2662		6.525000
2663		5.537500
2664		5.506250
2665		5.506250
2666		6.175000
2667		6.468750
2668		6.843750
2669		6.206250
2670		5.712500
2671		5.243750
2672		5.506250
2673		6.325000
2674		6.325000
2675		6.875000
2676		6.325000
2677		5.768750
2678		5.418750
2679		5.331250
2680		6.350000
2681		6.000000
2682		6.731250
2683		5.975000
2684		5.362500
2685		5.012500
2686		4.606250
2687		5.537500
2688		6.000000
2689		5.943750
2690		5.656250
2691		4.837500
2692		4.487500
2693		4.462500
2694		4.693750
2695		5.131250
2696		5.450000
2697		4.837500
2698		4.137500
2699		3.762500
2700		3.181250
2701		4.400000
2702		4.256250
2703		4.431250
2704		4.137500
2705		3.706250
2706		3.500000
2707		3.181250
2708		3.675000
2709		4.050000
2710		4.518750
2711		4.200000
2712		3.675000
2713		3.356250
2714		2.943750
2715		3.906250
2716		4.693750
2717		4.868750
2718		4.518750
2719		4.312500
2720		4.050000
2721		3.500000
2722		4.725000
2723		4.837500
2724		5.331250
2725		5.593750
2726		4.256250
2727		4.343750
2728		4.025000
2729		4.050000
2730		4.806250
2731		5.275000
2732		5.243750
2733		4.431250
2734		4.375000
2735		3.556250
2736		4.343750
2737		4.837500
2738		4.868750
2739		4.837500
2740		4.312500
2741		3.793750
2742		3.468750
2743		4.287500
2744		4.781250
2745		5.100000
2746		5.187500
2747		4.287500
2748		3.993750
2749		3.556250
2750		4.050000
2751		4.806250
2752		5.187500
2753		5.481250
2754		4.662500
2755		4.225000
2756		3.962500
2757		4.487500
2758		5.362500
2759		5.393750
2760		5.537500
2761		4.637500
2762		4.662500
2763		3.962500
2764		4.518750
2765		4.981250
2766		4.806250
2767		5.100000
2768		4.287500
2769		3.793750
2770		3.268750
2771		3.412500
2772		4.343750
2773		4.081250
2774		4.781250
2775		3.962500
2776		3.850000
2777		3.356250
2778		3.618750
2779		3.762500
2780		4.137500
2781		4.550000
2782		4.081250
2783		3.412500
2784		3.618750
2785		3.762500
2786		4.981250
2787		5.100000
2788		5.825000
2789		4.400000
2790		4.725000
2791		4.168750
2792		5.043750
2793		5.068750
2794		5.856250
2795		6.381250
2796		5.681250
2797		5.043750
2798		4.575000
2799		4.662500
2800		5.043750
2801		5.800000
2802		5.887500
2803		5.012500
2804		4.693750
2805		4.550000
2806		4.431250
2807		4.925000
2808		4.981250
2809		5.593750
2810		4.725000
2811		4.575000
2812		3.937500
2813		3.937500
2814		4.925000
2815		4.868750
2816		5.568750
2817		5.068750
2818		4.112500
2819		3.906250
2820		4.200000
2821		4.925000
2822		5.393750
2823		5.625000
2824		5.656250
2825		4.225000
2826		4.431250
2827		4.375000
2828		5.568750
2829		5.825000
2830		6.062500
2831		5.975000
2832		4.981250
2833		4.343750
2834		4.637500
2835		5.418750
2836		5.275000
2837		5.943750
2838		5.306250
2839		4.637500
2840		4.200000
2841		4.343750
2842		4.487500
2843		5.218750
2844		5.100000
2845		5.043750
2846		4.200000
2847		3.587500
2848		3.181250
2849		4.343750
2850		4.225000
2851		4.837500
2852		4.431250
2853		3.500000
2854		3.706250
2855		3.268750
2856		4.025000
2857		4.431250
2858		4.925000
2859		4.606250
2860		3.618750
2861		3.793750
2862		3.150000
2863		4.431250
2864		4.837500
2865		5.068750
2866		5.012500
2867		3.906250
2868		3.793750
2869		3.531250
2870		4.312500
2871		4.956250
2872		5.100000
2873		5.043750
2874		4.431250
2875		3.556250
2876		3.500000
2877		3.993750
2878		4.462500
2879		4.981250
2880		4.487500
2881		3.937500
2882		3.237500
2883		2.975000
2884		3.793750
2885		4.575000
2886		4.375000
2887		4.606250
2888		3.993750
2889		3.500000
2890		3.556250
2891		4.200000
2892		4.781250
2893		5.243750
2894		5.218750
2895		4.637500
2896		4.343750
2897		3.962500
2898		5.243750
2899		5.243750
2900		5.975000
2901		5.800000
2902		5.275000
2903		5.068750
2904		5.243750
2905		5.656250
2906		6.118750
2907		6.525000
2908		6.381250
2909		5.856250
2910		5.506250
2911		4.868750
2912		6.000000
2913		6.087500
2914		6.643750
2915		6.350000
2916		5.737500
2917		5.068750
2918		4.781250
2919		5.593750
2920		5.887500
2921		6.237500
2922		6.150000
2923		5.825000
2924		5.393750
2925		4.893750
2926		6.175000
2927		6.437500
2928		6.437500
2929		6.818750
2930		5.912500
2931		4.925000
2932		5.131250
2933		5.656250
2934		6.206250
2935		6.668750
2936		6.962500
2937		6.237500
2938		5.625000
2939		5.218750
2940		5.625000
2941		6.262500
2942		6.643750
2943		6.500000
2944		5.187500
2945		5.450000
2946		4.487500
2947		5.131250
2948		5.393750
2949		5.800000
2950		5.593750
2951		4.956250
2952		4.081250
2953		4.225000
2954		4.550000
2955		4.725000
2956		5.243750
2957		5.306250
2958		4.662500
2959		4.312500
2960		3.618750
2961		4.518750
2962		4.662500
2963		5.506250
2964		5.506250
2965		4.725000
2966		4.375000
2967		3.962500
2968		4.518750
2969		5.187500
2970		5.481250
2971		5.768750
2972		5.012500
2973		4.375000
2974		4.375000
2975		4.806250
2976		5.187500
2977		5.625000
2978		5.537500
2979		5.187500
2980		4.112500
2981		3.850000
2982		4.518750
2983		4.662500
2984		5.768750
2985		5.656250
2986		4.837500
2987		4.137500
2988		3.850000
2989		4.781250
2990		5.068750
2991		5.481250
2992		5.887500
2993		4.806250
2994		4.462500
2995		4.693750
2996		4.956250
2997		5.331250
2998		6.087500
2999		6.350000
3000		5.681250
3001		4.637500
3002		4.606250
3003		5.593750
3004		5.800000
3005		6.612500
3006		6.818750
3007		5.656250
3008		5.506250
3009		4.956250
3010		5.506250
3011		6.237500
3012		6.262500
3013		6.643750
3014		5.712500
3015		5.418750
3016		4.925000
3017		5.362500
3018		5.737500
3019		6.468750
3020		6.556250
3021		5.393750
3022		5.187500
3023		4.550000
3024		5.100000
3025		6.000000
3026		6.118750
3027		6.525000
3028		5.593750
3029		5.068750
3030		4.487500
3031		5.156250
3032		6.087500
3033		6.175000
3034		6.206250
3035		6.062500
3036		5.100000
3037		4.725000
3038		5.418750
3039		6.118750
3040		6.381250
3041		6.525000
3042		5.737500
3043		5.568750
3044		4.956250
3045		5.218750
3046		5.506250
3047		6.118750
3048		6.237500
3049		5.568750
3050		5.243750
3051		4.375000
3052		4.575000
3053		5.218750
3054		5.800000
3055		5.800000
3056		5.131250
3057		4.225000
3058		4.050000
3059		4.837500
3060		5.100000
3061		5.218750
3062		5.218750
3063		4.956250
3064		3.937500
3065		4.025000
3066		4.287500
3067		4.868750
3068		5.100000
3069		5.187500
3070		4.956250
3071		4.400000
3072		3.793750
3073		4.431250
3074		4.925000
3075		5.362500
3076		5.737500
3077		4.925000
3078		4.200000
3079		3.731250
3080		4.375000
3081		5.418750
3082		4.956250
3083		5.537500
3084		4.806250
3085		4.287500
3086		3.706250
3087		3.962500
3088		4.400000
3089		4.925000
3090		5.156250
3091		4.225000
3092		3.762500
3093		3.181250
3094		3.556250
3095		3.762500
3096		4.662500
3097		4.518750
3098		3.793750
3099		3.500000
3100		2.918750
3101		3.150000
3102		3.793750
3103		4.343750
3104		4.343750
3105		4.050000
3106		3.356250
3107		2.800000
3108		3.268750
3109		4.050000
3110		4.550000
3111		4.287500
3112		3.412500
3113		3.118750
3114		2.481250
3115		3.118750
3116		3.793750
3117		3.850000
3118		4.256250
3119		3.587500
3120		3.206250
3121		2.600000
3122		2.918750
3123		3.706250
3124		3.293750
3125		4.518750
3126		3.268750
3127		2.743750
3128		2.275000
3129		2.775000
3130		3.531250
3131		3.818750
3132		3.906250
3133		2.887500
3134		2.712500
3135		2.131250
3136		2.250000
3137		3.500000
3138		3.443750
3139		4.081250
3140		3.293750
3141		2.481250
3142		2.481250
3143		2.600000
3144		3.556250
3145		3.531250
3146		4.050000
3147		3.093750
3148		2.218750
3149		2.100000
3150		2.568750
3151		3.118750
3152		3.468750
3153		3.906250
3154		2.943750
3155		2.306250
3156		1.725000
3157		3.031250
3158		3.031250
3159		3.268750
3160		3.731250
3161		2.800000
3162		2.306250
3163		1.868750
3164		2.775000
3165		2.943750
3166		3.206250
3167		3.762500
3168		2.775000
3169		2.218750
3170		2.481250
3171		2.775000
3172		3.468750
3173		3.818750
3174		4.487500
3175		3.062500
3176		2.918750
3177		2.393750
3178		2.887500
3179		3.556250
3180		4.137500
3181		4.518750
3182		3.356250
3183		2.743750
3184		2.100000
3185		2.887500
3186		3.643750
3187		3.325000
3188		3.906250
3189		3.062500
3190		2.100000
3191		1.550000
3192		2.218750
3193		2.537500
3194		2.918750
3195		2.775000
3196		1.668750
3197		1.375000
3198		0.850000
3199		0.881250
3200		1.956250
3201		2.043750
3202		2.250000
3203		1.406250
3204		1.000000
3205		0.325000
3206		0.675000
3207		1.518750
3208		1.431250
3209		1.725000
3210		0.650000
3211		-0.050000
3212		-0.368750
3213		0.268750
3214		0.737500
3215		0.706250
3216		1.081250
3217		-0.312500
3218		-0.518750
3219		-1.275000
3220		-0.750000
3221		0.500000
3222		-0.018750
3223		0.068750
3224		-0.368750
3225		-1.100000
3226		-1.450000
3227		-1.068750
3228		-0.137500
3229		0.325000
3230		0.531250
3231		-0.137500
3232		-0.893750
3233		-0.575000
3234		0.181250
3235		0.912500
3236		1.725000
3237		1.637500
3238		1.812500
3239		1.143750
3240		1.000000
3241		2.012500
3242		3.181250
3243		3.850000
3244		3.762500
3245		3.268750
3246		2.775000
3247		3.443750
3248		3.587500
3249		4.518750
3250		4.868750
3251		4.925000
3252		4.725000
3253		3.556250
3254		4.287500
3255		3.643750
3256		5.156250
3257		5.418750
3258		5.506250
3259		4.343750
3260		3.556250
3261		3.293750
3262		4.343750
3263		4.343750
3264		4.431250
3265		4.662500
3266		3.381250
3267		3.062500
3268		2.687500
3269		3.381250
3270		3.962500
3271		3.937500
3272		3.937500
3273		3.006250
3274		2.250000
3275		2.337500
3276		3.118750
3277		3.906250
3278		4.137500
3279		3.793750
3280		3.150000
3281		2.537500
3282		2.743750
3283		3.468750
3284		4.343750
3285		4.431250
3286		4.225000
3287		3.206250
3288		2.775000
3289		3.381250
3290		3.706250
3291		4.200000
3292		4.725000
3293		4.487500
3294		3.443750
3295		3.675000
3296		3.468750
3297		4.693750
3298		4.487500
3299		5.100000
3300		4.256250
3301		3.818750
3302		3.556250
3303		3.937500
3304		4.781250
3305		5.393750
3306		5.800000
3307		4.806250
3308		4.693750
3309		4.375000
3310		4.137500
3311		4.893750
3312		5.506250
3313		5.825000
3314		5.187500
3315		4.462500
3316		3.556250
3317		3.793750
3318		4.575000
3319		4.487500
3320		4.981250
3321		3.850000
3322		2.831250
3323		1.956250
3324		1.725000
3325		2.743750
3326		2.481250
3327		2.218750
3328		0.762500
3329		-0.018750
3330		-0.893750
3331		-0.950000
3332		-0.081250
3333		-0.018750
3334		0.068750
3335		-1.362500
3336		-2.118750
3337		-2.700000
3338		-2.668750
3339		-1.881250
3340		-1.475000
3341		-1.300000
3342		-2.612500
3343		-2.700000
3344		-3.368750
3345		-2.843750
3346		-2.293750
3347		-1.968750
3348		-1.362500
3349		-2.262500
3350		-2.875000
3351		-3.312500
3352		-2.843750
3353		-1.912500
3354		-1.331250
3355		-1.275000
3356		-1.793750
3357		-2.700000
3358		-3.312500
3359		-2.206250
3360		-1.418750
3361		-1.156250
3362		-0.575000
3363		-2.206250
3364		-2.643750
3365		-2.987500
3366		-2.668750
3367		-2.031250
3368		-1.387500
3369		-0.925000
3370		-2.031250
3371		-2.525000
3372		-3.162500
3373		-2.725000
3374		-1.768750
3375		-1.300000
3376		-1.243750
3377		-2.262500
3378		-2.931250
3379		-3.368750
3380		-2.350000
3381		-2.206250
3382		-1.562500
3383		-1.562500
3384		-2.987500
3385		-2.962500
3386		-3.543750
3387		-2.962500
3388		-2.318750
3389		-1.825000
3390		-1.562500
3391		-2.787500
3392		-2.962500
3393		-3.250000
3394		-2.493750
3395		-2.231250
3396		-1.537500
3397		-1.418750
3398		-2.231250
3399		-2.725000
3400		-3.281250
3401		-1.912500
3402		-0.981250
3403		-0.806250
3404		-0.168750
3405		-1.387500
3406		-1.593750
3407		-1.881250
3408		-1.100000
3409		-0.137500
3410		0.150000
3411		0.762500
3412		-0.106250
3413		-0.431250
3414		-1.100000
3415		0.150000
3416		0.412500
3417		1.025000
3418		1.406250
3419		0.325000
3420		-0.168750
3421		-0.925000
3422		0.356250
3423		0.212500
3424		0.650000
3425		0.618750
3426		-0.718750
3427		-1.506250
3428		-1.881250
3429		-1.450000
3430		-1.037500
3431		-0.750000
3432		-0.950000
3433		-2.031250
3434		-2.962500
3435		-3.075000
3436		-3.250000
3437		-2.581250
3438		-2.318750
3439		-2.406250
3440		-3.425000
3441		-4.006250
3442		-4.850000
3443		-3.862500
3444		-3.193750
3445		-3.193750
3446		-3.281250
3447		-4.331250
3448		-4.706250
3449		-5.287500
3450		-4.331250
3451		-3.575000
3452		-3.543750
3453		-3.137500
3454		-4.268750
3455		-4.587500
3456		-4.675000
3457		-4.243750
3458		-3.575000
3459		-2.787500
3460		-2.900000
3461		-3.631250
3462		-3.631250
3463		-4.212500
3464		-3.862500
3465		-2.643750
3466		-2.262500
3467		-1.387500
3468		-2.812500
3469		-3.018750
3470		-3.106250
3471		-2.700000
3472		-1.650000
3473		-0.862500
3474		-0.225000
3475		-1.156250
3476		-1.593750
3477		-1.562500
3478		-1.156250
3479		-0.050000
3480		0.793750
3481		0.968750
3482		0.443750
3483		-0.225000
3484		-0.137500
3485		0.387500
3486		1.112500
3487		1.581250
3488		2.187500
3489		1.143750
3490		0.562500
3491		0.181250
3492		1.000000
3493		1.081250
3494		1.606250
3495		1.987500
3496		1.081250
3497		0.037500
3498		-0.050000
3499		-0.431250
3500		0.587500
3501		1.231250
3502		1.287500
3503		0.356250
3504		-0.518750
3505		-1.100000
3506		-1.300000
3507		-0.343750
3508		-0.081250
3509		0.587500
3510		-0.575000
3511		-1.156250
3512		-1.825000
3513		-1.418750
3514		-0.543750
3515		-0.137500
3516		0.650000
3517		-0.431250
3518		-0.981250
3519		-1.100000
3520		-1.275000
3521		-0.456250
3522		-0.050000
3523		0.737500
3524		-0.168750
3525		-0.950000
3526		-1.537500
3527		-1.881250
3528		-0.925000
3529		-0.662500
3530		-0.193750
3531		-0.893750
3532		-2.118750
3533		-2.931250
3534		-3.106250
3535		-2.350000
3536		-2.381250
3537		-1.562500
3538		-2.843750
3539		-3.631250
3540		-4.387500
3541		-5.087500
3542		-4.212500
3543		-3.775000
3544		-3.950000
3545		-4.093750
3546		-5.956250
3547		-5.987500
3548		-6.831250
3549		-6.250000
3550		-5.987500
3551		-5.262500
3552		-5.087500
3553		-6.537500
3554		-7.531250
3555		-8.168750
3556		-7.356250
3557		-6.800000
3558		-6.712500
3559		-6.481250
3560		-8.025000
3561		-8.487500
3562		-8.900000
3563		-8.431250
3564		-8.056250
3565		-7.150000
3566		-7.300000
3567		-8.112500
3568		-8.693750
3569		-8.662500
3570		-8.287500
3571		-7.993750
3572		-7.150000
3573		-6.537500
3574		-7.150000
3575		-7.643750
3576		-8.143750
3577		-7.850000
3578		-6.712500
3579		-5.987500
3580		-5.756250
3581		-5.812500
3582		-6.425000
3583		-6.950000
3584		-6.568750
3585		-5.406250
3586		-4.706250
3587		-4.300000
3588		-4.881250
3589		-5.437500
3590		-6.043750
3591		-5.843750
3592		-4.912500
3593		-4.506250
3594		-4.125000
3595		-4.675000
3596		-5.375000
3597		-5.843750
3598		-6.481250
3599		-5.868750
3600		-5.318750
3601		-5.406250
3602		-4.881250
3603		-6.162500
3604		-7.268750
3605		-7.150000
3606		-6.775000
3607		-6.281250
3608		-5.868750
3609		-6.250000
3610		-6.775000
3611		-7.675000
3612		-8.231250
3613		-7.356250
3614		-6.831250
3615		-6.337500
3616		-6.075000
3617		-7.093750
3618		-7.412500
3619		-8.168750
3620		-7.793750
3621		-6.712500
3622		-6.393750
3623		-5.637500
3624		-6.537500
3625		-7.300000
3626		-7.706250
3627		-7.468750
3628		-6.568750
3629		-5.812500
3630		-5.693750
3631		-6.218750
3632		-7.037500
3633		-7.037500
3634		-7.356250
3635		-6.687500
3636		-6.131250
3637		-5.956250
3638		-6.281250
3639		-6.862500
3640		-7.500000
3641		-7.818750
3642		-6.831250
3643		-6.131250
3644		-5.756250
3645		-5.725000
3646		-6.743750
3647		-7.212500
3648		-7.468750
3649		-6.712500
3650		-5.900000
3651		-5.843750
3652		-5.550000
3653		-6.106250
3654		-6.975000
3655		-7.300000
3656		-7.006250
3657		-6.162500
3658		-5.756250
3659		-5.606250
3660		-6.250000
3661		-6.712500
3662		-7.731250
3663		-7.237500
3664		-6.425000
3665		-5.931250
3666		-5.812500
3667		-6.512500
3668		-7.268750
3669		-7.706250
3670		-7.850000
3671		-6.862500
3672		-6.831250
3673		-6.250000
3674		-6.537500
3675		-7.556250
3676		-7.443750
3677		-8.112500
3678		-6.800000
3679		-6.250000
3680		-5.756250
3681		-5.956250
3682		-6.800000
3683		-6.975000
3684		-7.356250
3685		-6.368750
3686		-5.756250
3687		-5.087500
3688		-5.262500
3689		-5.812500
3690		-6.368750
3691		-6.625000
3692		-6.250000
3693		-5.318750
3694		-4.937500
3695		-4.156250
3696		-5.693750
3697		-5.956250
3698		-6.918750
3699		-5.581250
3700		-5.375000
3701		-5.087500
3702		-4.387500
3703		-5.175000
3704		-6.106250
3705		-6.393750
3706		-6.450000
3707		-4.937500
3708		-5.262500
3709		-4.825000
3710		-5.025000
3711		-6.043750
3712		-6.393750
3713		-6.975000
3714		-6.043750
3715		-5.318750
3716		-5.231250
3717		-5.693750
3718		-6.131250
3719		-6.800000
3720		-7.037500
3721		-6.656250
3722		-6.131250
3723		-5.668750
3724		-5.843750
3725		-6.537500
3726		-7.556250
3727		-7.818750
3728		-7.643750
3729		-6.600000
3730		-6.687500
3731		-6.106250
3732		-7.150000
3733		-7.675000
3734		-8.168750
3735		-8.550000
3736		-7.181250
3737		-7.731250
3738		-6.862500
3739		-7.731250
3740		-8.487500
3741		-9.100000
3742		-8.956250
3743		-8.662500
3744		-7.643750
3745		-7.556250
3746		-8.081250
3747		-9.012500
3748		-9.418750
3749		-9.800000
3750		-8.725000
3751		-8.312500
3752		-7.906250
3753		-7.937500
3754		-8.987500
3755		-9.506250
3756		-10.412500
3757		-9.306250
3758		-8.925000
3759		-8.375000
3760		-7.881250
3761		-9.100000
3762		-9.537500
3763		-10.262500
3764		-9.887500
3765		-8.900000
3766		-8.750000
3767		-8.056250
3768		-9.131250
3769		-9.537500
3770		-9.887500
3771		-9.975000
3772		-9.275000
3773		-8.606250
3774		-7.993750
3775		-9.187500
3776		-9.593750
3777		-10.062500
3778		-10.031250
3779		-9.187500
3780		-8.750000
3781		-8.312500
3782		-8.606250
3783		-9.100000
3784		-9.887500
3785		-10.031250
3786		-9.043750
3787		-8.812500
3788		-8.312500
3789		-8.025000
3790		-8.868750
3791		-9.593750
3792		-9.768750
3793		-9.450000
3794		-8.518750
3795		-8.143750
3796		-8.081250
3797		-8.750000
3798		-9.012500
3799		-9.831250
3800		-9.331250
3801		-8.662500
3802		-7.818750
3803		-7.587500
3804		-8.231250
3805		-8.662500
3806		-9.331250
3807		-8.868750
3808		-8.518750
3809		-7.818750
3810		-7.443750
3811		-7.731250
3812		-8.431250
3813		-8.925000
3814		-9.306250
3815		-8.081250
3816		-7.762500
3817		-7.268750
3818		-6.918750
3819		-7.937500
3820		-7.993750
3821		-8.725000
3822		-8.081250
3823		-7.587500
3824		-6.862500
3825		-7.125000
3826		-7.412500
3827		-8.518750
3828		-8.518750
3829		-8.925000
3830		-7.881250
3831		-7.556250
3832		-7.556250
3833		-8.231250
3834		-8.956250
3835		-9.656250
3836		-10.118750
3837		-8.812500
3838		-8.725000
3839		-8.925000
3840		-9.450000
3841		-10.175000
3842		-10.906250
3843		-11.431250
3844		-10.643750
3845		-10.556250
3846		-9.887500
3847		-10.556250
3848		-11.312500
3849		-11.806250
3850		-12.243750
3851		-12.068750
3852		-11.193750
3853		-11.050000
3854		-10.556250
3855		-11.718750
3856		-12.100000
3857		-12.712500
3858		-12.506250
3859		-11.431250
3860		-11.025000
3861		-10.906250
3862		-10.906250
3863		-11.956250
3864		-12.562500
3865		-12.362500
3866		-11.225000
3867		-10.525000
3868		-10.150000
3869		-10.643750
3870		-11.106250
3871		-11.693750
3872		-11.281250
3873		-11.225000
3874		-10.500000
3875		-10.175000
3876		-10.031250
3877		-11.193750
3878		-11.431250
3879		-11.662500
3880		-10.906250
3881		-10.500000
3882		-9.975000
3883		-9.593750
3884		-10.700000
3885		-10.906250
3886		-11.225000
3887		-11.225000
3888		-10.468750
3889		-9.800000
3890		-9.743750
3891		-10.325000
3892		-10.675000
3893		-11.575000
3894		-11.368750
3895		-10.556250
3896		-10.412500
3897		-10.206250
3898		-10.175000
3899		-11.281250
3900		-11.925000
3901		-11.956250
3902		-10.787500
3903		-10.850000
3904		-10.643750
3905		-10.818750
3906		-11.631250
3907		-11.750000
3908		-12.593750
3909		-11.518750
3910		-10.993750
3911		-10.525000
3912		-10.500000
3913		-11.543750
3914		-11.693750
3915		-12.387500
3916		-11.487500
3917		-10.500000
3918		-10.325000
3919		-9.712500
3920		-10.437500
3921		-10.762500
3922		-11.106250
3923		-10.906250
3924		-9.887500
3925		-9.537500
3926		-8.662500
3927		-9.593750
3928		-9.743750
3929		-10.062500
3930		-10.525000
3931		-9.481250
3932		-9.625000
3933		-8.606250
3934		-9.218750
3935		-9.918750
3936		-10.612500
3937		-11.281250
3938		-10.556250
3939		-10.118750
3940		-9.568750
3941		-9.568750
3942		-10.787500
3943		-11.781250
3944		-12.068750
3945		-12.068750
3946		-11.343750
3947		-11.543750
3948		-11.193750
3949		-11.806250
3950		-12.506250
3951		-12.856250
3952		-13.206250
3953		-12.418750
3954		-12.275000
3955		-11.837500
3956		-12.506250
3957		-13.262500
3958		-13.525000
3959		-14.106250
3960		-13.231250
3961		-12.681250
3962		-12.450000
3963		-12.562500
3964		-13.318750
3965		-13.818750
3966		-14.487500
3967		-13.318750
3968		-12.825000
3969		-12.506250
3970		-12.156250
3971		-13.293750
3972		-13.756250
3973		-14.487500
3974		-13.875000
3975		-12.887500
3976		-12.650000
3977		-12.243750
3978		-13.231250
3979		-13.875000
3980		-14.193750
3981		-14.250000
3982		-13.350000
3983		-12.650000
3984		-12.068750
3985		-12.800000
3986		-13.143750
3987		-14.018750
3988		-14.018750
3989		-12.943750
3990		-12.593750
3991		-11.137500
3992		-11.693750
3993		-12.300000
3994		-12.768750
3995		-13.087500
3996		-11.806250
3997		-10.787500
3998		-10.206250
3999		-9.681250
4000		-10.031250
4001		-10.437500
4002		-10.612500
4003		-9.481250
4004		-8.287500
4005		-7.731250
4006		-7.443750
4007		-7.556250
4008		-7.556250
4009		-7.675000
4010		-7.412500
4011		-6.193750
4012		-5.350000
4013		-4.793750
4014		-5.262500
4015		-5.350000
4016		-6.106250
4017		-6.250000
4018		-5.518750
4019		-5.025000
4020		-4.268750
4021		-4.825000
4022		-5.637500
4023		-6.425000
4024		-7.212500
4025		-6.656250
4026		-6.425000
4027		-6.450000
4028		-6.712500
4029		-7.818750
4030		-8.725000
4031		-9.331250
4032		-9.075000
4033		-8.900000
4034		-9.012500
4035		-8.606250
4036		-9.506250
4037		-10.587500
4038		-11.025000
4039		-11.368750
4040		-10.381250
4041		-10.175000
4042		-10.062500
4043		-10.293750
4044		-10.762500
4045		-11.543750
4046		-11.718750
4047		-10.643750
4048		-9.887500
4049		-9.537500
4050		-9.100000
4051		-10.031250
4052		-10.262500
4053		-10.412500
4054		-9.481250
4055		-8.693750
4056		-8.231250
4057		-7.675000
4058		-9.043750
4059		-8.956250
4060		-9.506250
4061		-8.781250
4062		-8.550000
4063		-7.937500
4064		-7.468750
4065		-8.462500
4066		-9.075000
4067		-9.656250
4068		-9.537500
4069		-8.693750
4070		-8.231250
4071		-7.706250
4072		-8.200000
4073		-9.043750
4074		-9.331250
4075		-9.450000
4076		-8.550000
4077		-8.112500
4078		-7.443750
4079		-7.443750
4080		-7.937500
4081		-8.287500
4082		-8.693750
4083		-7.731250
4084		-7.212500
4085		-6.537500
4086		-6.831250
4087		-7.212500
4088		-7.762500
4089		-8.400000
4090		-7.706250
4091		-7.706250
4092		-7.181250
4093		-7.356250
4094		-8.231250
4095		-9.331250
4096		-10.206250
4097		-10.762500
4098		-9.800000
4099		-10.118750
4100		-9.856250
4101		-10.762500
4102		-12.212500
4103		-12.681250
4104		-13.087500
4105		-12.506250
4106		-12.037500
4107		-11.631250
4108		-11.925000
4109		-12.475000
4110		-12.800000
4111		-12.625000
4112		-11.631250
4113		-11.168750
4114		-10.325000
4115		-10.031250
4116		-10.262500
4117		-10.556250
4118		-10.118750
4119		-9.568750
4120		-8.868750
4121		-8.025000
4122		-7.731250
4123		-8.462500
4124		-8.925000
4125		-9.418750
4126		-9.418750
4127		-8.575000
4128		-9.131250
4129		-9.100000
4130		-10.500000
4131		-11.718750
4132		-12.825000
4133		-13.118750
4134		-13.556250
4135		-13.900000
4136		-14.575000
4137		-15.443750
4138		-16.900000
4139		-18.556250
4140		-19.256250
4141		-19.231251
4142		-19.662500
4143		-19.812500
4144		-20.506250
4145		-21.500000
4146		-22.543751
4147		-23.275000
4148		-22.456249
4149		-22.256250
4150		-21.500000
4151		-21.181250
4152		-21.674999
4153		-21.787500
4154		-21.906250
4155		-20.975000
4156		-19.956249
4157		-19.025000
4158		-17.831249
4159		-18.325001
4160		-17.887501
4161		-17.775000
4162		-17.193750
4163		-15.706250
4164		-14.981250
4165		-13.962500
4166		-13.875000
4167		-13.931250
4168		-13.731250
4169		-13.875000
4170		-12.387500
4171		-11.781250
4172		-11.400000
4173		-11.025000
4174		-11.868750
4175		-12.243750
4176		-11.893750
4177		-11.518750
4178		-11.081250
4179		-10.850000
4180		-10.762500
4181		-11.368750
4182		-11.806250
4183		-12.100000
4184		-11.693750
4185		-11.225000
4186		-10.643750
4187		-10.500000
4188		-10.850000
4189		-11.487500
4190		-11.256250
4191		-11.343750
4192		-10.175000
4193		-9.625000
4194		-9.187500
4195		-8.693750
4196		-9.100000
4197		-8.725000
4198		-8.287500
4199		-7.125000
4200		-6.043750
4201		-4.912500
4202		-4.387500
4203		-4.356250
4204		-3.950000
4205		-3.862500
4206		-2.231250
4207		-1.625000
4208		-0.518750
4209		-0.168750
4210		0.268750
4211		-0.106250
4212		-0.225000
4213		0.650000
4214		1.168750
4215		1.812500
4216		1.987500
4217		1.168750
4218		0.500000
4219		-0.168750
4220		-0.368750
4221		-0.137500
4222		-0.431250
4223		-0.575000
4224		-2.206250
4225		-3.193750
4226		-4.093750
4227		-5.000000
4228		-5.112500
4229		-4.968750
4230		-5.550000
4231		-6.218750
4232		-7.268750
4233		-8.143750
4234		-8.518750
4235		-8.200000
4236		-8.143750
4237		-7.643750
4238		-7.818750
4239		-8.487500
4240		-8.662500
4241		-8.925000
4242		-7.706250
4243		-7.706250
4244		-6.743750
4245		-6.162500
4246		-6.862500
4247		-6.537500
4248		-6.625000
4249		-5.868750
4250		-5.112500
4251		-4.531250
4252		-4.387500
4253		-5.231250
4254		-5.581250
4255		-5.843750
4256		-6.218750
4257		-5.581250
4258		-5.668750
4259		-4.968750
4260		-6.393750
4261		-7.125000
4262		-7.968750
4263		-8.431250
4264		-8.168750
4265		-7.937500
4266		-7.968750
4267		-8.431250
4268		-8.900000
4269		-9.418750
4270		-10.031250
4271		-9.681250
4272		-9.012500
4273		-8.312500
4274		-8.575000
4275		-9.012500
4276		-9.306250
4277		-9.450000
4278		-8.375000
4279		-7.850000
4280		-7.093750
4281		-6.625000
4282		-7.093750
4283		-6.775000
4284		-7.356250
4285		-6.862500
4286		-5.987500
4287		-5.693750
4288		-5.756250
4289		-5.606250
4290		-6.950000
4291		-6.887500
4292		-7.062500
4293		-7.150000
4294		-6.918750
4295		-6.887500
4296		-8.256250
4297		-8.900000
4298		-10.118750
4299		-10.700000
4300		-10.556250
4301		-10.993750
4302		-11.106250
4303		-11.606250
4304		-12.768750
4305		-13.262500
4306		-13.818750
4307		-13.437500
4308		-13.556250
4309		-12.737500
4310		-12.968750
4311		-13.556250
4312		-13.406250
4313		-13.556250
4314		-13.262500
4315		-12.156250
4316		-12.243750
4317		-11.631250
4318		-11.575000
4319		-11.956250
4320		-11.662500
4321		-10.937500
4322		-10.437500
4323		-10.175000
4324		-9.187500
4325		-9.768750
4326		-9.831250
4327		-9.743750
4328		-9.887500
4329		-9.218750
4330		-8.956250
4331		-8.662500
4332		-9.187500
4333		-10.031250
4334		-10.437500
4335		-10.906250
4336		-9.856250
4337		-10.412500
4338		-10.062500
4339		-10.381250
4340		-11.368750
4341		-11.956250
4342		-11.981250
4343		-11.575000
4344		-11.868750
4345		-11.281250
4346		-11.225000
4347		-11.893750
4348		-12.243750
4349		-12.418750
4350		-11.256250
4351		-11.168750
4352		-10.525000
4353		-10.500000
4354		-10.700000
4355		-10.937500
4356		-11.543750
4357		-10.643750
4358		-9.831250
4359		-9.943750
4360		-8.812500
4361		-9.593750
4362		-9.506250
4363		-9.481250
4364		-9.243750
4365		-8.143750
4366		-7.300000
4367		-7.125000
4368		-7.125000
4369		-7.381250
4370		-7.500000
4371		-7.325000
4372		-6.918750
4373		-5.812500
4374		-5.606250
4375		-5.518750
4376		-6.306250
4377		-6.281250
4378		-6.425000
4379		-5.581250
4380		-5.112500
4381		-4.881250
4382		-4.506250
4383		-5.350000
4384		-5.606250
4385		-5.518750
4386		-5.087500
4387		-4.881250
4388		-4.475000
4389		-4.331250
4390		-5.375000
4391		-5.812500
4392		-6.481250
4393		-6.393750
4394		-5.812500
4395		-6.162500
4396		-5.756250
4397		-6.887500
4398		-7.643750
4399		-7.850000
4400		-8.725000
4401		-7.643750
4402		-8.025000
4403		-7.556250
4404		-8.343750
4405		-9.162500
4406		-9.856250
4407		-9.481250
4408		-9.131250
4409		-8.812500
4410		-8.662500
4411		-9.043750
4412		-9.568750
4413		-10.206250
4414		-10.206250
4415		-9.362500
4416		-9.331250
4417		-8.781250
4418		-8.431250
4419		-9.393750
4420		-9.450000
4421		-9.918750
4422		-9.162500
4423		-8.662500
4424		-8.375000
4425		-7.850000
4426		-9.100000
4427		-9.187500
4428		-9.393750
4429		-8.750000
4430		-8.518750
4431		-7.968750
4432		-8.168750
4433		-9.187500
4434		-9.131250
4435		-9.975000
4436		-10.031250
4437		-9.362500
4438		-9.187500
4439		-8.662500
4440		-9.831250
4441		-10.175000
4442		-10.850000
4443		-10.787500
4444		-10.093750
4445		-9.975000
4446		-9.593750
4447		-10.118750
4448		-10.556250
4449		-10.937500
4450		-10.993750
4451		-10.350000
4452		-10.175000
4453		-9.625000
4454		-9.943750
4455		-10.150000
4456		-10.612500
4457		-10.675000
4458		-9.918750
4459		-9.243750
4460		-8.900000
4461		-8.956250
4462		-8.812500
4463		-9.393750
4464		-9.450000
4465		-8.900000
4466		-8.462500
4467		-8.200000
4468		-7.587500
4469		-8.637500
4470		-8.462500
4471		-9.043750
4472		-8.750000
4473		-7.937500
4474		-7.675000
4475		-6.862500
4476		-7.556250
4477		-7.675000
4478		-7.556250
4479		-7.443750
4480		-6.281250
4481		-6.075000
4482		-5.112500
4483		-5.025000
4484		-5.406250
4485		-5.000000
4486		-5.231250
4487		-4.212500
4488		-3.337500
4489		-2.643750
4490		-3.050000
4491		-2.787500
4492		-3.075000
4493		-2.875000
4494		-1.856250
4495		-1.475000
4496		-0.662500
4497		-0.693750
4498		-1.037500
4499		-1.681250
4500		-2.231250
4501		-1.475000
4502		-0.806250
4503		-0.925000
4504		-1.187500
4505		-2.031250
4506		-2.787500
4507		-2.875000
4508		-2.931250
4509		-2.437500
4510		-2.700000
4511		-2.206250
4512		-3.250000
4513		-4.006250
4514		-3.775000
4515		-4.068750
4516		-3.575000
4517		-3.337500
4518		-3.137500
4519		-3.656250
4520		-4.212500
4521		-5.025000
4522		-4.331250
4523		-3.831250
4524		-3.487500
4525		-3.137500
4526		-3.806250
4527		-4.068750
4528		-4.006250
4529		-4.618750
4530		-3.600000
4531		-3.281250
4532		-3.106250
4533		-2.962500
4534		-3.893750
4535		-4.156250
4536		-4.587500
4537		-3.656250
4538		-3.743750
4539		-3.718750
4540		-3.512500
4541		-4.737500
4542		-5.287500
4543		-5.781250
4544		-4.850000
4545		-5.318750
4546		-5.112500
4547		-5.406250
4548		-5.956250
4549		-6.625000
4550		-7.125000
4551		-6.131250
4552		-5.987500
4553		-5.812500
4554		-5.318750
4555		-6.393750
4556		-6.712500
4557		-6.975000
4558		-6.306250
4559		-5.931250
4560		-5.493750
4561		-4.850000
4562		-5.493750
4563		-5.987500
4564		-6.337500
4565		-6.250000
4566		-5.375000
4567		-5.175000
4568		-4.825000
4569		-5.175000
4570		-5.756250
4571		-6.250000
4572		-6.250000
4573		-5.725000
4574		-5.581250
4575		-5.112500
4576		-5.987500
4577		-6.393750
4578		-6.918750
4579		-7.237500
4580		-6.775000
4581		-6.712500
4582		-6.775000
4583		-6.887500
4584		-7.643750
4585		-7.850000
4586		-8.231250
4587		-7.706250
4588		-7.237500
4589		-7.212500
4590		-7.006250
4591		-7.181250
4592		-7.618750
4593		-7.556250
4594		-7.212500
4595		-6.625000
4596		-6.218750
4597		-5.987500
4598		-6.106250
4599		-6.512500
4600		-6.568750
4601		-5.781250
4602		-5.550000
4603		-4.531250
4604		-4.881250
4605		-4.937500
4606		-5.056250
4607		-5.843750
4608		-5.175000
4609		-4.706250
4610		-4.443750
4611		-4.125000
4612		-4.618750
4613		-4.968750
4614		-5.693750
4615		-5.956250
4616		-5.406250
4617		-4.706250
4618		-5.087500
4619		-5.287500
4620		-6.075000
4621		-6.831250
4622		-6.800000
4623		-6.625000
4624		-5.781250
4625		-6.218750
4626		-6.131250
4627		-6.712500
4628		-7.006250
4629		-7.706250
4630		-7.006250
4631		-6.281250
4632		-6.043750
4633		-6.337500
4634		-7.093750
4635		-7.181250
4636		-7.993750
4637		-7.006250
4638		-6.656250
4639		-6.712500
4640		-6.625000
4641		-6.831250
4642		-7.850000
4643		-7.618750
4644		-7.443750
4645		-6.887500
4646		-6.656250
4647		-6.537500
4648		-6.775000
4649		-7.881250
4650		-8.056250
4651		-7.937500
4652		-7.412500
4653		-7.212500
4654		-6.625000
4655		-7.468750
4656		-7.731250
4657		-7.881250
4658		-7.237500
4659		-6.393750
4660		-5.843750
4661		-5.406250
4662		-5.843750
4663		-5.843750
4664		-5.987500
4665		-6.106250
4666		-4.737500
4667		-4.212500
4668		-3.631250
4669		-3.775000
4670		-4.068750
4671		-4.443750
4672		-4.156250
4673		-3.312500
4674		-2.700000
4675		-2.318750
4676		-2.525000
4677		-2.756250
4678		-2.787500
4679		-3.018750
4680		-2.175000
4681		-2.000000
4682		-1.625000
4683		-1.593750
4684		-2.293750
4685		-2.493750
4686		-3.050000
4687		-2.000000
4688		-1.768750
4689		-1.881250
4690		-1.275000
4691		-2.143750
4692		-2.875000
4693		-3.193750
4694		-2.406250
4695		-2.175000
4696		-2.118750
4697		-2.318750
4698		-2.725000
4699		-3.106250
4700		-3.831250
4701		-3.368750
4702		-3.106250
4703		-3.106250
4704		-2.812500
4705		-3.600000
4706		-4.125000
4707		-5.025000
4708		-4.506250
4709		-4.300000
4710		-4.331250
4711		-3.775000
4712		-4.675000
4713		-5.175000
4714		-5.200000
4715		-5.462500
4716		-5.175000
4717		-4.562500
4718		-3.806250
4719		-4.156250
4720		-4.937500
4721		-5.318750
4722		-5.350000
4723		-4.506250
4724		-4.093750
4725		-3.337500
4726		-3.368750
4727		-3.456250
4728		-4.156250
4729		-3.600000
4730		-2.875000
4731		-2.525000
4732		-1.881250
4733		-2.262500
4734		-2.525000
4735		-3.193750
4736		-3.193750
4737		-2.843750
4738		-2.381250
4739		-2.468750
4740		-2.875000
4741		-3.487500
4742		-4.156250
4743		-5.175000
4744		-4.762500
4745		-5.000000
4746		-5.231250
4747		-5.518750
4748		-6.625000
4749		-7.587500
4750		-8.431250
4751		-8.900000
4752		-9.012500
4753		-9.075000
4754		-9.393750
4755		-10.850000
4756		-11.662500
4757		-12.418750
4758		-12.650000
4759		-12.418750
4760		-11.806250
4761		-11.925000
4762		-13.087500
4763		-13.381250
4764		-13.493750
4765		-13.612500
4766		-13.087500
4767		-12.681250
4768		-11.781250
4769		-12.300000
4770		-12.650000
4771		-12.625000
4772		-12.475000
4773		-11.343750
4774		-11.025000
4775		-10.093750
4776		-10.206250
4777		-10.206250
4778		-10.350000
4779		-10.325000
4780		-8.956250
4781		-8.343750
4782		-7.762500
4783		-7.412500
4784		-7.381250
4785		-7.412500
4786		-7.212500
4787		-6.106250
4788		-5.262500
4789		-4.793750
4790		-4.125000
4791		-4.387500
4792		-4.181250
4793		-4.156250
4794		-3.225000
4795		-2.031250
4796		-1.506250
4797		-1.125000
4798		-1.475000
4799		-1.475000
4800		-1.450000
4801		-0.718750
4802		0.150000
4803		0.181250
4804		1.000000
4805		0.412500
4806		-0.018750
4807		-0.225000
4808		0.006250
4809		0.356250
4810		0.793750
4811		1.143750
4812		0.300000
4813		-0.312500
4814		-1.243750
4815		-1.331250
4816		-0.606250
4817		-0.662500
4818		-0.662500
4819		-1.387500
4820		-2.206250
4821		-3.075000
4822		-3.337500
4823		-2.556250
4824		-2.700000
4825		-2.643750
4826		-3.050000
4827		-3.575000
4828		-3.656250
4829		-3.950000
4830		-3.075000
4831		-2.962500
4832		-1.768750
4833		-2.350000
4834		-2.468750
4835		-2.612500
4836		-2.756250
4837		-1.737500
4838		-1.156250
4839		-0.575000
4840		-0.718750
4841		-0.862500
4842		-0.950000
4843		-1.037500
4844		0.300000
4845		0.793750
4846		1.231250
4847		1.637500
4848		1.000000
4849		0.531250
4850		0.356250
4851		1.000000
4852		1.462500
4853		1.287500
4854		1.231250
4855		0.475000
4856		-0.018750
4857		-0.456250
4858		0.068750
4859		-0.106250
4860		0.068750
4861		0.068750
4862		-0.950000
4863		-1.362500
4864		-1.943750
4865		-2.087500
4866		-1.387500
4867		-1.187500
4868		-1.387500
4869		-2.206250
4870		-2.787500
4871		-3.425000
4872		-3.193750
4873		-2.556250
4874		-2.262500
4875		-2.381250
4876		-2.556250
4877		-2.900000
4878		-3.425000
4879		-3.050000
4880		-2.350000
4881		-2.175000
4882		-1.450000
4883		-1.856250
4884		-2.143750
4885		-2.206250
4886		-2.118750
4887		-1.418750
4888		-0.781250
4889		-0.168750
4890		0.006250
4891		-0.543750
4892		-0.543750
4893		-0.312500
4894		0.443750
4895		1.318750
4896		2.043750
4897		2.162500
4898		1.518750
4899		1.375000
4900		1.637500
4901		2.218750
4902		3.118750
4903		3.356250
4904		3.206250
4905		3.118750
4906		2.568750
4907		2.862500
4908		3.468750
4909		4.137500
4910		4.112500
4911		4.050000
4912		3.531250
4913		3.206250
4914		2.306250
4915		3.412500
4916		3.181250
4917		3.381250
4918		3.468750
4919		2.625000
4920		1.956250
4921		1.606250
4922		1.668750
4923		1.581250
4924		2.012500
4925		1.462500
4926		0.500000
4927		-0.431250
4928		-0.312500
4929		-0.950000
4930		-0.862500
4931		-0.575000
4932		-0.862500
4933		-1.650000
4934		-2.668750
4935		-3.225000
4936		-3.337500
4937		-3.106250
4938		-3.312500
4939		-3.656250
4940		-4.418750
4941		-5.287500
4942		-5.868750
4943		-6.106250
4944		-5.668750
4945		-5.318750
4946		-5.693750
4947		-6.193750
4948		-6.918750
4949		-7.150000
4950		-7.381250
4951		-7.062500
4952		-6.368750
4953		-6.481250
4954		-6.862500
4955		-7.093750
4956		-7.356250
4957		-7.150000
4958		-6.250000
4959		-5.956250
4960		-5.200000
4961		-5.518750
4962		-5.668750
4963		-5.781250
4964		-5.318750
4965		-4.531250
4966		-3.425000
4967		-3.337500
4968		-2.756250
4969		-3.075000
4970		-3.050000
4971		-3.337500
4972		-1.943750
4973		-1.387500
4974		-1.156250
4975		-0.750000
4976		-1.362500
4977		-1.450000
4978		-1.650000
4979		-0.750000
4980		-0.575000
4981		0.300000
4982		0.037500
4983		-0.662500
4984		-1.300000
4985		-1.737500
4986		-0.806250
4987		-0.718750
4988		-0.368750
4989		-0.368750
4990		-1.187500
4991		-1.856250
4992		-2.175000
4993		-1.475000
4994		-1.100000
4995		-0.806250
4996		-0.400000
4997		-1.012500
4998		-1.275000
4999		-1.243750
5000		-0.606250
5001		0.006250
5002		0.300000
5003		0.881250
5004		0.500000
5005		0.500000
5006		0.356250
5007		1.000000
5008		1.781250
5009		2.275000
5010		3.062500
5011		2.425000
5012		2.187500
5013		2.450000
5014		2.481250
5015		3.325000
5016		3.762500
5017		4.256250
5018		3.850000
5019		3.356250
5020		3.325000
5021		3.006250
5022		3.531250
5023		3.906250
5024		4.050000
5025		3.181250
5026		2.918750
5027		2.450000
5028		2.100000
5029		2.943750
5030		2.537500
5031		2.943750
5032		2.481250
5033		1.756250
5034		1.000000
5035		1.081250
5036		1.725000
5037		2.012500
5038		1.406250
5039		1.256250
5040		0.300000
5041		-0.081250
5042		-0.193750
5043		0.268750
5044		0.650000
5045		0.793750
5046		0.300000
5047		-0.312500
5048		-1.187500
5049		-1.331250
5050		-0.862500
5051		-0.950000
5052		-0.456250
5053		-0.862500
5054		-1.475000
5055		-2.900000
5056		-2.875000
5057		-1.737500
5058		-1.943750
5059		-1.300000
5060		-1.475000
5061		-2.350000
5062		-2.381250
5063		-2.931250
5064		-1.968750
5065		-1.450000
5066		-1.037500
5067		-0.606250
5068		-0.950000
5069		-1.712500
5070		-1.450000
5071		-0.606250
5072		0.150000
5073		0.762500
5074		1.081250
5075		0.587500
5076		0.475000
5077		0.737500
5078		1.637500
5079		2.187500
5080		2.943750
5081		3.268750
5082		2.743750
5083		3.006250
5084		2.687500
5085		3.181250
5086		4.168750
5087		4.550000
5088		4.781250
5089		4.518750
5090		4.200000
5091		3.731250
5092		4.225000
5093		4.550000
5094		5.362500
5095		5.537500
5096		5.043750
5097		4.343750
5098		3.937500
5099		4.956250
5100		5.393750
5101		5.768750
5102		6.118750
5103		5.537500
5104		4.925000
5105		4.781250
5106		4.662500
5107		5.593750
5108		6.087500
5109		6.412500
5110		5.975000
5111		5.537500
5112		5.156250
5113		5.656250
5114		6.031250
5115		6.262500
5116		6.787500
5117		6.175000
5118		5.537500
5119		4.837500
5120		5.100000
5121		5.825000
5122		6.031250
5123		6.087500
5124		5.825000
5125		5.068750
5126		4.693750
5127		4.487500
5128		5.131250
5129		5.450000
5130		5.450000
5131		5.243750
5132		4.050000
5133		3.706250
5134		3.356250
5135		4.431250
5136		4.518750
5137		4.550000
5138		4.050000
5139		3.268750
5140		2.656250
5141		2.481250
5142		3.293750
5143		3.150000
5144		3.762500
5145		3.356250
5146		2.887500
5147		2.012500
5148		1.900000
5149		2.918750
5150		2.975000
5151		3.268750
5152		2.975000
5153		2.393750
5154		1.668750
5155		1.931250
5156		2.687500
5157		2.975000
5158		3.093750
5159		3.093750
5160		2.481250
5161		2.012500
5162		2.075000
5163		2.337500
5164		3.118750
5165		3.468750
5166		3.118750
5167		2.862500
5168		2.275000
5169		2.162500
5170		2.568750
5171		3.118750
5172		3.731250
5173		3.587500
5174		2.862500
5175		2.975000
5176		2.275000
5177		3.181250
5178		3.468750
5179		4.287500
5180		4.462500
5181		3.381250
5182		3.031250
5183		3.500000
5184		3.731250
5185		4.375000
5186		4.693750
5187		5.068750
5188		4.781250
5189		4.112500
5190		4.287500
5191		4.518750
5192		5.218750
5193		5.975000
5194		6.381250
5195		6.087500
5196		5.218750
5197		5.068750
5198		5.243750
5199		5.656250
5200		6.556250
5201		6.875000
5202		5.943750
5203		5.975000
5204		5.506250
5205		5.943750
5206		6.237500
5207		6.556250
5208		6.818750
5209		6.381250
5210		5.450000
5211		4.981250
5212		4.837500
5213		5.825000
5214		5.768750
5215		5.912500
5216		5.450000
5217		4.375000
5218		3.818750
5219		3.675000
5220		3.793750
5221		4.343750
5222		4.518750
5223		3.468750
5224		2.918750
5225		2.362500
5226		2.337500
5227		2.943750
5228		3.093750
5229		3.618750
5230		2.975000
5231		2.187500
5232		1.606250
5233		1.668750
5234		1.956250
5235		2.450000
5236		2.918750
5237		2.537500
5238		1.812500
5239		1.375000
5240		1.143750
5241		1.725000
5242		2.481250
5243		2.568750
5244		2.100000
5245		1.781250
5246		1.168750
5247		0.825000
5248		1.781250
5249		2.250000
5250		2.393750
5251		2.131250
5252		1.550000
5253		1.025000
5254		1.000000
5255		1.868750
5256		2.012500
5257		2.337500
5258		1.868750
5259		1.725000
5260		0.618750
5261		1.200000
5262		1.756250
5263		2.162500
5264		2.943750
5265		2.537500
5266		2.012500
5267		2.362500
5268		2.012500
5269		2.887500
5270		3.356250
5271		4.050000
5272		4.137500
5273		3.381250
5274		3.618750
5275		3.762500
5276		4.518750
5277		5.593750
5278		5.656250
5279		5.593750
5280		5.737500
5281		5.187500
5282		5.068750
5283		6.150000
5284		6.731250
5285		7.312500
5286		7.225000
5287		6.700000
5288		6.468750
5289		5.593750
5290		6.875000
5291		7.775000
5292		7.518750
5293		8.212500
5294		7.487500
5295		7.018750
5296		7.050000
5297		7.718750
5298		8.100000
5299		8.593750
5300		8.562500
5301		8.012500
5302		7.862500
5303		7.631250
5304		8.212500
5305		9.293750
5306		8.793750
5307		9.668750
5308		9.206250
5309		8.681250
5310		8.562500
5311		8.968750
5312		9.581250
5313		10.250000
5314		9.931250
5315		9.612500
5316		8.912500
5317		8.912500
5318		9.175000
5319		9.637500
5320		9.637500
5321		9.756250
5322		8.737500
5323		8.706250
5324		8.068750
5325		8.300000
5326		8.362500
5327		8.593750
5328		8.681250
5329		7.281250
5330		6.906250
5331		6.087500
5332		6.412500
5333		6.875000
5334		5.975000
5335		6.756250
5336		5.537500
5337		4.750000
5338		4.287500
5339		4.312500
5340		4.725000
5341		4.925000
5342		5.131250
5343		4.550000
5344		3.706250
5345		3.268750
5346		3.325000
5347		3.906250
5348		4.431250
5349		4.137500
5350		3.993750
5351		3.062500
5352		3.181250
5353		3.118750
5354		3.962500
5355		4.431250
5356		5.131250
5357		4.050000
5358		3.675000
5359		3.706250
5360		3.618750
5361		4.868750
5362		4.868750
5363		5.625000
5364		5.012500
5365		3.937500
5366		4.343750
5367		4.637500
5368		5.131250
5369		5.656250
5370		5.975000
5371		5.712500
5372		5.012500
5373		4.662500
5374		4.868750
5375		5.768750
5376		6.031250
5377		6.293750
5378		5.506250
5379		5.306250
5380		4.893750
5381		4.781250
5382		5.393750
5383		5.681250
5384		5.887500
5385		5.218750
5386		4.806250
5387		4.287500
5388		4.200000
5389		4.693750
5390		5.218750
5391		5.625000
5392		5.393750
5393		5.012500
5394		4.662500
5395		4.400000
5396		5.131250
5397		5.768750
5398		6.087500
5399		5.450000
5400		5.131250
5401		4.956250
5402		5.187500
5403		6.000000
5404		6.500000
5405		6.843750
5406		6.556250
5407		5.537500
5408		6.062500
5409		5.568750
5410		6.668750
5411		7.137500
5412		7.837500
5413		7.168750
5414		6.556250
5415		6.000000
5416		6.468750
5417		7.256250
5418		7.718750
5419		7.750000
5420		7.775000
5421		6.818750
5422		6.731250
5423		6.525000
5424		7.718750
5425		7.137500
5426		8.593750
5427		7.718750
5428		7.343750
5429		6.787500
5430		6.787500
5431		7.256250
5432		7.431250
5433		7.862500
5434		7.431250
5435		7.018750
5436		6.468750
5437		5.943750
5438		6.906250
5439		6.962500
5440		7.193750
5441		6.875000
5442		6.000000
5443		6.031250
5444		5.625000
5445		6.175000
5446		6.643750
5447		6.468750
5448		6.468750
5449		6.087500
5450		5.625000
5451		5.100000
5452		6.175000
5453		6.843750
5454		7.106250
5455		6.756250
5456		5.825000
5457		5.681250
5458		5.681250
5459		6.787500
5460		7.018750
5461		7.431250
5462		7.106250
5463		6.643750
5464		6.293750
5465		6.150000
5466		6.993750
5467		6.843750
5468		7.662500
5469		7.106250
5470		6.468750
5471		5.856250
5472		5.593750
5473		6.500000
5474		7.050000
5475		7.225000
5476		7.431250
5477		6.437500
5478		6.062500
5479		5.912500
5480		6.556250
5481		7.343750
5482		8.125000
5483		7.456250
5484		6.843750
5485		6.556250
5486		6.556250
5487		7.600000
5488		7.837500
5489		8.300000
5490		8.331250
5491		7.950000
5492		7.775000
5493		7.518750
5494		8.562500
5495		9.231250
5496		9.756250
5497		9.756250
5498		9.175000
5499		8.506250
5500		8.506250
5501		9.525000
5502		9.381250
5503		10.250000
5504		9.812500
5505		8.737500
5506		8.618750
5507		8.362500
5508		8.562500
5509		9.175000
5510		9.525000
5511		9.087500
5512		8.068750
5513		7.981250
5514		7.431250
5515		8.212500
5516		8.706250
5517		9.087500
5518		8.681250
5519		7.950000
5520		7.312500
5521		6.787500
5522		7.343750
5523		7.575000
5524		8.187500
5525		7.718750
5526		7.256250
5527		6.381250
5528		5.975000
5529		6.412500
5530		7.050000
5531		7.081250
5532		6.962500
5533		5.975000
5534		5.450000
5535		5.156250
5536		5.737500
5537		6.262500
5538		6.031250
5539		6.175000
5540		5.450000
5541		5.100000
5542		5.012500
5543		5.450000
5544		5.912500
5545		6.206250
5546		5.912500
5547		5.625000
5548		5.156250
5549		4.956250
5550		5.656250
5551		6.118750
5552		7.256250
5553		6.756250
5554		6.412500
5555		6.350000
5556		5.856250
5557		7.137500
5558		7.456250
5559		7.837500
5560		7.981250
5561		7.400000
5562		6.731250
5563		6.843750
5564		7.431250
5565		7.862500
5566		8.450000
5567		8.125000
5568		7.256250
5569		6.700000
5570		6.556250
5571		7.343750
5572		7.981250
5573		8.156250
5574		7.687500
5575		7.050000
5576		6.668750
5577		6.031250
5578		7.400000
5579		7.718750
5580		7.775000
5581		7.662500
5582		6.668750
5583		6.325000
5584		6.412500
5585		7.106250
5586		7.862500
5587		8.418750
5588		7.837500
5589		7.662500
5590		6.993750
5591		7.137500
5592		8.362500
5593		8.825000
5594		9.437500
5595		9.350000
5596		9.875000
5597		8.856250
5598		8.562500
5599		9.787500
5600		10.162500
5601		10.568750
5602		10.893750
5603		10.337500
5604		9.812500
5605		9.787500
5606		10.743750
5607		10.806250
5608		11.356250
5609		11.006250
5610		10.543750
5611		10.456250
5612		9.812500
5613		10.481250
5614		10.981250
5615		11.475000
5616		10.918750
5617		10.050000
5618		9.962500
5619		9.756250
5620		10.425000
5621		11.037500
5622		11.325000
5623		11.475000
5624		10.600000
5625		10.162500
5626		10.600000
5627		11.037500
5628		11.475000
5629		12.025000
5630		11.968750
5631		11.412500
5632		11.156250
5633		10.631250
5634		11.325000
5635		11.793750
5636		12.318750
5637		11.850000
5638		10.918750
5639		10.687500
5640		10.393750
5641		10.918750
5642		11.356250
5643		11.412500
5644		10.950000
5645		10.106250
5646		9.381250
5647		9.262500
5648		9.725000
5649		9.668750
5650		10.193750
5651		9.293750
5652		8.793750
5653		7.837500
5654		7.518750
5655		8.243750
5656		8.012500
5657		8.681250
5658		8.212500
5659		7.431250
5660		6.843750
5661		6.931250
5662		7.343750
5663		7.775000
5664		8.243750
5665		8.275000
5666		7.050000
5667		6.843750
5668		6.325000
5669		7.343750
5670		7.806250
5671		8.418750
5672		8.125000
5673		7.312500
5674		6.818750
5675		6.700000
5676		7.431250
5677		7.925000
5678		7.950000
5679		7.575000
5680		6.818750
5681		6.668750
5682		5.712500
5683		6.962500
5684		7.050000
5685		7.137500
5686		6.756250
5687		5.975000
5688		5.068750
5689		4.925000
5690		5.656250
5691		6.062500
5692		6.350000
5693		5.625000
5694		5.012500
5695		4.431250
5696		4.168750
5697		5.131250
5698		5.243750
5699		5.450000
5700		4.893750
5701		4.637500
5702		3.706250
5703		3.762500
5704		4.550000
5705		4.750000
5706		4.837500
5707		4.575000
5708		4.343750
5709		3.556250
5710		3.293750
5711		4.518750
5712		5.187500
5713		5.450000
5714		4.893750
5715		4.343750
5716		3.962500
5717		4.050000
5718		5.012500
5719		5.481250
5720		6.087500
5721		5.656250
5722		5.043750
5723		4.868750
5724		5.043750
5725		5.656250
5726		6.556250
5727		6.993750
5728		6.668750
5729		6.612500
5730		5.537500
5731		6.262500
5732		7.137500
5733		7.456250
5734		8.037500
5735		7.718750
5736		6.843750
5737		6.381250
5738		6.875000
5739		7.575000
5740		7.687500
5741		8.418750
5742		7.837500
5743		7.050000
5744		6.668750
5745		7.137500
5746		7.281250
5747		7.837500
5748		7.893750
5749		7.137500
5750		6.700000
5751		6.262500
5752		6.262500
5753		7.193750
5754		7.718750
5755		7.925000
5756		7.343750
5757		6.556250
5758		6.875000
5759		7.168750
5760		8.212500
5761		8.881250
5762		9.581250
5763		8.768750
5764		8.706250
5765		8.681250
5766		8.856250
5767		10.393750
5768		10.806250
5769		11.500000
5770		10.981250
5771		10.193750
5772		10.162500
5773		11.068750
5774		11.706250
5775		12.056250
5776		12.931250
5777		12.087500
5778		11.912500
5779		11.268750
5780		11.881250
5781		12.343750
5782		12.781250
5783		13.218750
5784		12.200000
5785		11.618750
5786		11.387500
5787		11.443750
5788		12.462500
5789		13.162500
5790		12.725000
5791		12.200000
5792		11.387500
5793		11.093750
5794		11.562500
5795		12.318750
5796		12.431250
5797		12.868750
5798		12.056250
5799		11.356250
5800		10.718750
5801		11.356250
5802		12.231250
5803		12.843750
5804		12.725000
5805		11.587500
5806		11.356250
5807		10.806250
5808		11.181250
5809		11.793750
5810		12.287500
5811		12.318750
5812		11.587500
5813		10.312500
5814		10.337500
5815		10.687500
5816		11.356250
5817		11.268750
5818		11.618750
5819		10.543750
5820		9.812500
5821		9.406250
5822		10.337500
5823		10.600000
5824		11.037500
5825		11.093750
5826		9.900000
5827		9.437500
5828		9.318750
5829		10.312500
5830		10.775000
5831		10.631250
5832		11.325000
5833		10.337500
5834		9.756250
5835		9.462500
5836		10.337500
5837		10.918750
5838		11.762500
5839		11.093750
5840		10.831250
5841		10.018750
5842		9.700000
5843		10.687500
5844		10.775000
5845		11.243750
5846		11.156250
5847		10.162500
5848		9.350000
5849		9.293750
5850		9.756250
5851		10.137500
5852		10.393750
5853		9.900000
5854		8.737500
5855		8.100000
5856		7.925000
5857		8.418750
5858		9.000000
5859		9.206250
5860		8.475000
5861		7.806250
5862		6.700000
5863		6.587500
5864		7.775000
5865		8.243750
5866		8.331250
5867		7.893750
5868		6.993750
5869		6.556250
5870		6.000000
5871		7.256250
5872		7.950000
5873		8.212500
5874		7.925000
5875		6.931250
5876		6.468750
5877		6.412500
5878		7.400000
5879		8.156250
5880		8.300000
5881		8.125000
5882		7.600000
5883		6.787500
5884		6.818750
5885		7.456250
5886		7.893750
5887		8.068750
5888		8.125000
5889		7.431250
5890		6.843750
5891		6.756250
5892		7.400000
5893		8.618750
5894		8.650000
5895		8.125000
5896		7.050000
5897		6.668750
5898		6.668750
5899		7.400000
5900		7.837500
5901		8.275000
5902		7.400000
5903		6.556250
5904		6.525000
5905		6.175000
5906		7.018750
5907		7.343750
5908		7.775000
5909		6.962500
5910		6.262500
5911		5.362500
5912		5.362500
5913		6.031250
5914		6.612500
5915		7.050000
5916		6.000000
5917		5.243750
5918		4.781250
5919		4.575000
5920		5.681250
5921		5.943750
5922		6.412500
5923		5.800000
5924		5.131250
5925		4.725000
5926		4.750000
5927		5.681250
5928		6.293750
5929		6.818750
5930		6.525000
5931		5.506250
5932		5.218750
5933		5.243750
5934		6.468750
5935		7.018750
5936		7.400000
5937		6.668750
5938		6.150000
5939		5.450000
5940		5.506250
5941		7.137500
5942		7.431250
5943		7.750000
5944		7.256250
5945		6.381250
5946		6.175000
5947		6.031250
5948		7.106250
5949		7.256250
5950		7.862500
5951		7.193750
5952		6.262500
5953		5.593750
5954		5.537500
5955		6.500000
5956		6.993750
5957		7.518750
5958		6.756250
5959		6.262500
5960		5.943750
5961		6.031250
5962		6.843750
5963		7.368750
5964		7.893750
5965		7.312500
5966		6.500000
5967		5.712500
5968		5.537500
5969		6.962500
5970		6.931250
5971		7.312500
5972		6.993750
5973		6.500000
5974		5.912500
5975		5.975000
5976		6.525000
5977		7.343750
5978		7.575000
5979		6.875000
5980		6.412500
5981		5.218750
5982		5.331250
5983		6.206250
5984		6.587500
5985		6.993750
5986		6.612500
5987		5.681250
5988		5.068750
5989		5.012500
5990		6.118750
5991		5.943750
5992		7.081250
5993		6.468750
5994		5.393750
5995		5.593750
5996		5.218750
5997		5.912500
5998		7.081250
5999		7.543750
6000		7.400000
6001		6.643750
6002		6.325000
6003		6.087500
6004		6.556250
6005		7.487500
6006		8.125000
6007		7.775000
6008		7.168750
6009		6.468750
6010		6.381250
6011		7.518750
6012		7.862500
6013		8.156250
6014		8.450000
6015		6.962500
6016		6.525000
6017		6.031250
6018		6.993750
6019		7.343750
6020		7.718750
6021		7.487500
6022		6.818750
6023		5.825000
6024		5.737500
6025		6.612500
6026		6.843750
6027		7.662500
6028		7.456250
6029		6.962500
6030		5.975000
6031		5.537500
6032		6.556250
6033		6.962500
6034		7.718750
6035		7.543750
6036		6.931250
6037		6.412500
6038		6.325000
6039		6.668750
6040		7.487500
6041		7.981250
6042		8.450000
6043		7.893750
6044		7.018750
6045		6.668750
6046		6.818750
6047		7.925000
6048		8.275000
6049		8.187500
6050		7.925000
6051		7.050000
6052		6.612500
6053		6.818750
6054		7.343750
6055		7.600000
6056		7.981250
6057		7.256250
6058		6.525000
6059		6.175000
6060		5.887500
6061		6.962500
6062		6.993750
6063		7.456250
6064		6.993750
6065		6.118750
6066		5.681250
6067		5.187500
6068		6.293750
6069		6.756250
6070		6.931250
6071		7.050000
6072		6.175000
6073		5.768750
6074		5.681250
6075		6.150000
6076		6.906250
6077		7.400000
6078		7.343750
6079		6.875000
6080		5.943750
6081		5.131250
6082		6.731250
6083		6.993750
6084		7.281250
6085		7.456250
6086		6.500000
6087		6.350000
6088		5.306250
6089		6.150000
6090		7.256250
6091		7.400000
6092		7.862500
6093		6.381250
6094		6.031250
6095		5.737500
6096		5.737500
6097		7.050000
6098		7.368750
6099		7.518750
6100		6.731250
6101		6.325000
6102		5.975000
6103		5.943750
6104		6.962500
6105		7.631250
6106		8.593750
6107		7.575000
6108		7.137500
6109		6.612500
6110		6.556250
6111		8.243750
6112		8.562500
6113		9.118750
6114		8.618750
6115		7.718750
6116		7.518750
6117		7.225000
6118		8.650000
6119		8.737500
6120		9.056250
6121		9.612500
6122		8.156250
6123		7.718750
6124		7.400000
6125		8.243750
6126		8.881250
6127		8.943750
6128		9.318750
6129		8.562500
6130		7.981250
6131		7.400000
6132		8.475000
6133		8.593750
6134		9.262500
6135		9.581250
6136		8.362500
6137		7.806250
6138		7.518750
6139		8.125000
6140		9.175000
6141		9.462500
6142		9.437500
6143		9.056250
6144		8.650000
6145		7.806250
6146		8.418750
6147		9.000000
6148		9.668750
6149		10.225000
6150		9.437500
6151		8.856250
6152		8.418750
6153		8.037500
6154		8.856250
6155		9.756250
6156		9.756250
6157		9.056250
6158		8.506250
6159		7.400000
6160		7.687500
6161		8.187500
6162		8.506250
6163		9.000000
6164		8.968750
6165		7.775000
6166		6.818750
6167		6.756250
6168		7.631250
6169		7.662500
6170		8.156250
6171		8.300000
6172		7.281250
6173		6.668750
6174		6.612500
6175		7.137500
6176		7.662500
6177		8.012500
6178		8.562500
6179		7.662500
6180		7.137500
6181		6.700000
6182		6.906250
6183		8.037500
6184		8.362500
6185		8.387500
6186		8.450000
6187		7.343750
6188		7.106250
6189		7.256250
6190		8.125000
6191		8.881250
6192		8.943750
6193		8.387500
6194		7.543750
6195		7.106250
6196		6.700000
6197		7.950000
6198		8.275000
6199		8.737500
6200		8.737500
6201		7.631250
6202		7.431250
6203		7.018750
6204		7.600000
6205		8.212500
6206		9.087500
6207		8.912500
6208		8.125000
6209		7.400000
6210		7.368750
6211		7.893750
6212		8.650000
6213		9.462500
6214		9.293750
6215		8.825000
6216		8.275000
6217		7.981250
6218		8.100000
6219		8.968750
6220		9.031250
6221		10.162500
6222		9.143750
6223		8.737500
6224		7.775000
6225		7.687500
6226		8.506250
6227		9.087500
6228		9.700000
6229		9.175000
6230		8.650000
6231		7.862500
6232		7.631250
6233		8.737500
6234		8.681250
6235		9.381250
6236		9.350000
6237		8.531250
6238		7.862500
6239		7.862500
6240		8.300000
6241		9.000000
6242		9.406250
6243		9.637500
6244		8.912500
6245		7.950000
6246		7.662500
6247		8.387500
6248		9.143750
6249		9.350000
6250		9.756250
6251		9.000000
6252		8.506250
6253		7.981250
6254		8.212500
6255		9.143750
6256		9.381250
6257		10.106250
6258		9.175000
6259		8.562500
6260		8.100000
6261		7.543750
6262		8.562500
6263		9.056250
6264		8.825000
6265		8.856250
6266		8.037500
6267		7.137500
6268		6.818750
6269		7.281250
6270		8.037500
6271		8.450000
6272		8.275000
6273		7.343750
6274		6.906250
6275		6.325000
6276		7.137500
6277		7.543750
6278		8.275000
6279		8.187500
6280		7.343750
6281		7.050000
6282		6.500000
6283		6.525000
6284		7.687500
6285		7.775000
6286		8.156250
6287		7.837500
6288		7.137500
6289		6.818750
6290		6.612500
6291		7.775000
6292		7.981250
6293		8.243750
6294		8.012500
6295		7.518750
6296		7.081250
6297		6.381250
6298		7.018750
6299		7.925000
6300		8.275000
6301		8.125000
6302		7.050000
6303		6.612500
6304		6.262500
6305		7.050000
6306		6.993750
6307		7.600000
6308		8.156250
6309		7.106250
6310		6.412500
6311		5.943750
6312		6.325000
6313		6.612500
6314		6.731250
6315		7.543750
6316		6.556250
6317		6.087500
6318		5.418750
6319		5.800000
6320		6.756250
6321		6.612500
6322		7.050000
6323		7.256250
6324		6.325000
6325		5.737500
6326		5.331250
6327		6.175000
6328		6.756250
6329		7.137500
6330		7.256250
6331		6.412500
6332		5.712500
6333		5.131250
6334		6.175000
6335		6.381250
6336		7.018750
6337		7.281250
6338		6.325000
6339		5.887500
6340		5.393750
6341		5.856250
6342		6.731250
6343		6.756250
6344		7.137500
6345		6.525000
6346		5.943750
6347		5.856250
6348		5.218750
6349		6.381250
6350		6.843750
6351		7.281250
6352		6.756250
6353		6.175000
6354		5.506250
6355		5.218750
6356		6.468750
6357		6.843750
6358		7.081250
6359		7.431250
6360		6.000000
6361		6.175000
6362		5.506250
6363		5.593750
6364		6.556250
6365		6.612500
6366		7.193750
6367		5.825000
6368		5.537500
6369		5.012500
6370		5.362500
6371		6.118750
6372		6.381250
6373		7.050000
6374		5.800000
6375		5.625000
6376		4.868750
6377		4.725000
6378		5.975000
6379		6.087500
6380		6.962500
6381		6.031250
6382		5.768750
6383		5.418750
6384		4.956250
6385		6.150000
6386		6.293750
6387		7.193750
6388		6.962500
6389		6.150000
6390		5.681250
6391		5.393750
6392		6.437500
6393		6.875000
6394		7.543750
6395		7.256250
6396		6.700000
6397		5.943750
6398		5.975000
6399		6.437500
6400		6.787500
6401		7.137500
6402		7.281250
6403		6.412500
6404		5.568750
6405		5.187500
6406		5.012500
6407		6.062500
6408		6.118750
6409		6.262500
6410		5.856250
6411		4.868750
6412		4.518750
6413		4.487500
6414		4.781250
6415		5.243750
6416		5.625000
6417		5.068750
6418		4.081250
6419		4.050000
6420		3.443750
6421		3.993750
6422		4.431250
6423		5.012500
6424		4.837500
6425		4.137500
6426		2.687500
6427		2.568750
6428		2.918750
6429		3.412500
6430		3.993750
6431		4.225000
6432		3.356250
6433		2.450000
6434		1.987500
6435		2.162500
6436		2.831250
6437		3.356250
6438		4.312500
6439		3.181250
6440		2.862500
6441		2.425000
6442		2.012500
6443		3.325000
6444		3.731250
6445		4.200000
6446		3.875000
6447		3.793750
6448		3.412500
6449		3.706250
6450		4.256250
6451		5.393750
6452		5.856250
6453		6.293750
6454		5.506250
6455		5.187500
6456		5.656250
6457		6.325000
6458		7.018750
6459		7.925000
6460		8.506250
6461		7.950000
6462		7.687500
6463		7.106250
6464		7.225000
6465		8.331250
6466		8.768750
6467		9.031250
6468		8.706250
6469		8.243750
6470		7.543750
6471		7.368750
6472		8.506250
6473		8.506250
6474		8.737500
6475		8.793750
6476		7.600000
6477		7.081250
6478		6.756250
6479		7.343750
6480		7.893750
6481		8.418750
6482		8.212500
6483		7.575000
6484		6.468750
6485		6.237500
6486		6.612500
6487		7.106250
6488		7.775000
6489		8.125000
6490		7.775000
6491		6.993750
6492		6.350000
6493		6.787500
6494		7.456250
6495		8.562500
6496		8.706250
6497		8.362500
6498		7.193750
6499		6.993750
6500		7.050000
6501		7.431250
6502		8.362500
6503		8.793750
6504		8.618750
6505		7.718750
6506		7.687500
6507		7.225000
6508		7.631250
6509		8.531250
6510		9.056250
6511		9.381250
6512		8.012500
6513		7.775000
6514		7.575000
6515		8.125000
6516		8.475000
6517		9.143750
6518		9.493750
6519		9.206250
6520		8.825000
6521		8.125000
6522		7.893750
6523		9.087500
6524		9.612500
6525		10.106250
6526		9.525000
6527		9.031250
6528		8.068750
6529		7.950000
6530		9.087500
6531		8.706250
6532		9.493750
6533		8.562500
6534		7.775000
6535		6.906250
6536		6.237500
6537		7.193750
6538		6.906250
6539		7.106250
6540		7.106250
6541		5.768750
6542		4.956250
6543		3.993750
6544		4.112500
6545		4.287500
6546		4.868750
6547		4.400000
6548		3.675000
6549		2.775000
6550		1.987500
6551		2.306250
6552		2.512500
6553		2.831250
6554		3.118750
6555		2.306250
6556		1.812500
6557		1.200000
6558		0.881250
6559		1.931250
6560		2.100000
6561		2.743750
6562		2.975000
6563		1.812500
6564		1.581250
6565		0.912500
6566		1.868750
6567		2.537500
6568		2.918750
6569		3.006250
6570		2.450000
6571		1.606250
6572		1.168750
6573		1.637500
6574		2.187500
6575		3.062500
6576		2.775000
6577		2.275000
6578		1.550000
6579		1.081250
6580		1.518750
6581		2.012500
6582		2.537500
6583		2.775000
6584		2.450000
6585		1.756250
6586		1.143750
6587		1.000000
6588		1.900000
6589		2.187500
6590		2.775000
6591		2.537500
6592		2.043750
6593		1.868750
6594		1.081250
6595		2.131250
6596		2.337500
6597		2.162500
6598		2.975000
6599		2.075000
6600		1.406250
6601		1.462500
6602		1.581250
6603		2.100000
6604		2.393750
6605		2.775000
6606		2.162500
6607		1.756250
6608		1.462500
6609		1.581250
6610		2.100000
6611		2.687500
6612		3.468750
6613		2.687500
6614		2.337500
6615		1.581250
6616		1.581250
6617		2.625000
6618		2.775000
6619		3.793750
6620		3.618750
6621		3.006250
6622		2.943750
6623		2.512500
6624		3.643750
6625		4.081250
6626		4.806250
6627		5.481250
6628		3.818750
6629		3.906250
6630		3.531250
6631		3.906250
6632		4.375000
6633		5.043750
6634		5.156250
6635		4.050000
6636		3.906250
6637		3.325000
6638		3.618750
6639		3.850000
6640		4.462500
6641		4.200000
6642		3.793750
6643		2.862500
6644		2.043750
6645		1.812500
6646		2.481250
6647		2.481250
6648		2.568750
6649		2.162500
6650		1.256250
6651		0.587500
6652		-0.081250
6653		0.675000
6654		0.937500
6655		1.200000
6656		1.143750
6657		0.412500
6658		-0.312500
6659		-0.431250
6660		0.150000
6661		0.562500
6662		0.562500
6663		0.793750
6664		-0.225000
6665		-0.400000
6666		-0.431250
6667		-0.718750
6668		-0.050000
6669		0.268750
6670		0.618750
6671		0.500000
6672		-0.575000
6673		-0.543750
6674		-0.018750
6675		0.150000
6676		0.300000
6677		1.375000
6678		0.793750
6679		0.706250
6680		0.237500
6681		0.268750
6682		1.081250
6683		1.812500
6684		2.012500
6685		2.625000
6686		2.012500
6687		1.900000
6688		1.812500
6689		2.481250
6690		3.793750
6691		3.850000
6692		4.550000
6693		3.206250
6694		3.412500
6695		3.706250
6696		4.225000
6697		5.068750
6698		5.712500
6699		5.975000
6700		5.656250
6701		5.506250
6702		4.662500
6703		5.068750
6704		5.481250
6705		5.856250
6706		6.468750
6707		6.062500
6708		5.681250
6709		5.012500
6710		4.256250
6711		5.243750
6712		5.131250
6713		5.912500
6714		4.893750
6715		3.906250
6716		3.793750
6717		3.181250
6718		3.643750
6719		4.137500
6720		4.287500
6721		4.287500
6722		3.618750
6723		3.381250
6724		2.625000
6725		3.118750
6726		3.937500
6727		4.343750
6728		3.937500
6729		3.731250
6730		3.062500
6731		3.150000
6732		3.325000
6733		3.356250
6734		4.287500
6735		4.312500
6736		3.706250
6737		3.762500
6738		2.918750
6739		3.118750
6740		4.256250
6741		4.375000
6742		4.225000
6743		3.793750
6744		2.918750
6745		2.187500
6746		1.956250
6747		2.306250
6748		2.393750
6749		2.687500
6750		2.337500
6751		1.000000
6752		1.112500
6753		0.125000
6754		0.412500
6755		0.587500
6756		1.025000
6757		0.212500
6758		-0.106250
6759		-1.125000
6760		-1.562500
6761		-1.625000
6762		-1.300000
6763		-1.037500
6764		-1.100000
6765		-1.737500
6766		-2.668750
6767		-3.312500
6768		-3.225000
6769		-2.700000
6770		-2.612500
6771		-2.056250
6772		-3.250000
6773		-3.225000
6774		-3.950000
6775		-4.156250
6776		-3.425000
6777		-3.806250
6778		-2.987500
6779		-3.050000
6780		-3.862500
6781		-4.068750
6782		-4.506250
6783		-3.456250
6784		-3.631250
6785		-3.281250
6786		-2.987500
6787		-3.075000
6788		-3.400000
6789		-3.425000
6790		-2.581250
6791		-2.293750
6792		-1.625000
6793		-1.506250
6794		-1.475000
6795		-2.031250
6796		-2.231250
6797		-1.681250
6798		-0.862500
6799		-0.543750
6800		-0.137500
6801		-0.018750
6802		-0.862500
6803		-1.243750
6804		-0.662500
6805		0.006250
6806		0.068750
6807		0.650000
6808		-0.106250
6809		-0.925000
6810		-1.012500
6811		-1.331250
6812		-0.806250
6813		-0.718750
6814		-0.431250
6815		-0.981250
6816		-1.187500
6817		-2.206250
6818		-2.175000
6819		-1.943750
6820		-1.275000
6821		-1.537500
6822		-1.881250
6823		-2.293750
6824		-2.525000
6825		-3.281250
6826		-2.812500
6827		-2.493750
6828		-1.737500
6829		-1.625000
6830		-2.262500
6831		-2.643750
6832		-3.162500
6833		-2.493750
6834		-2.262500
6835		-1.562500
6836		-1.506250
6837		-1.943750
6838		-2.350000
6839		-2.468750
6840		-2.318750
6841		-1.737500
6842		-1.387500
6843		-0.950000
6844		-1.100000
6845		-2.056250
6846		-2.031250
6847		-2.493750
6848		-1.825000
6849		-1.187500
6850		-1.450000
6851		-1.387500
6852		-1.968750
6853		-2.350000
6854		-2.700000
6855		-2.206250
6856		-1.475000
6857		-1.475000
6858		-1.187500
6859		-2.350000
6860		-2.406250
6861		-2.756250
6862		-2.206250
6863		-2.000000
6864		-1.300000
6865		-1.300000
6866		-2.175000
6867		-2.143750
6868		-2.900000
6869		-2.087500
6870		-1.450000
6871		-1.187500
6872		-1.012500
6873		-1.537500
6874		-2.318750
6875		-2.525000
6876		-2.725000
6877		-2.087500
6878		-1.625000
6879		-1.737500
6880		-1.912500
6881		-2.056250
6882		-2.787500
6883		-3.050000
6884		-1.912500
6885		-2.206250
6886		-1.625000
6887		-1.450000
6888		-2.206250
6889		-2.725000
6890		-3.106250
6891		-1.593750
6892		-1.825000
6893		-1.275000
6894		-0.950000
6895		-1.968750
6896		-2.175000
6897		-2.525000
6898		-1.793750
6899		-1.331250
6900		-0.950000
6901		-0.487500
6902		-0.893750
6903		-1.650000
6904		-1.768750
6905		-1.156250
6906		-0.893750
6907		-0.518750
6908		0.181250
6909		-1.037500
6910		-1.012500
6911		-1.331250
6912		-1.650000
6913		-0.950000
6914		-0.518750
6915		-0.081250
6916		-0.806250
6917		-1.537500
6918		-1.793750
6919		-2.056250
6920		-1.450000
6921		-1.012500
6922		-0.862500
6923		-1.475000
6924		-1.881250
6925		-2.437500
6926		-2.350000
6927		-1.768750
6928		-1.387500
6929		-1.475000
6930		-1.243750
6931		-2.262500
6932		-2.612500
6933		-2.931250
6934		-2.056250
6935		-2.206250
6936		-1.475000
6937		-1.825000
6938		-1.825000
6939		-2.643750
6940		-3.106250
6941		-2.700000
6942		-2.350000
6943		-2.175000
6944		-1.856250
6945		-2.525000
6946		-3.225000
6947		-3.718750
6948		-3.543750
6949		-2.987500
6950		-2.843750
6951		-2.756250
6952		-3.400000
6953		-4.331250
6954		-4.475000
6955		-4.443750
6956		-4.068750
6957		-3.862500
6958		-3.806250
6959		-4.181250
6960		-4.968750
6961		-5.550000
6962		-5.606250
6963		-4.912500
6964		-4.793750
6965		-4.737500
6966		-4.762500
6967		-5.112500
6968		-5.606250
6969		-6.043750
6970		-5.112500
6971		-4.881250
6972		-4.650000
6973		-4.562500
6974		-5.462500
6975		-5.781250
6976		-6.018750
6977		-5.693750
6978		-5.112500
6979		-5.025000
6980		-4.793750
6981		-5.025000
6982		-5.725000
6983		-5.900000
6984		-5.781250
6985		-5.318750
6986		-4.675000
6987		-4.125000
6988		-5.175000
6989		-5.550000
6990		-5.931250
6991		-5.175000
6992		-5.262500
6993		-4.793750
6994		-4.243750
6995		-5.025000
6996		-5.231250
6997		-5.350000
6998		-5.112500
6999		-4.737500
7000		-4.825000
7001		-4.531250
7002		-4.968750
7003		-4.912500
7004		-5.606250
7005		-5.437500
7006		-4.443750
7007		-4.793750
7008		-4.093750
7009		-4.387500
7010		-5.087500
7011		-5.406250
7012		-5.900000
7013		-4.968750
7014		-4.300000
7015		-4.387500
7016		-4.356250
7017		-4.587500
7018		-5.437500
7019		-5.725000
7020		-4.825000
7021		-4.825000
7022		-4.212500
7023		-3.831250
7024		-4.850000
7025		-5.375000
7026		-5.493750
7027		-4.618750
7028		-4.443750
7029		-3.981250
7030		-3.775000
7031		-4.443750
7032		-4.850000
7033		-4.825000
7034		-4.675000
7035		-4.356250
7036		-3.631250
7037		-3.456250
7038		-3.743750
7039		-4.506250
7040		-5.112500
7041		-4.531250
7042		-4.156250
7043		-3.806250
7044		-3.862500
7045		-4.243750
7046		-5.025000
7047		-5.350000
7048		-5.581250
7049		-5.175000
7050		-5.175000
7051		-4.762500
7052		-5.493750
7053		-6.131250
7054		-6.687500
7055		-7.268750
7056		-6.568750
7057		-6.568750
7058		-6.512500
7059		-6.743750
7060		-7.268750
7061		-7.937500
7062		-8.575000
7063		-8.200000
7064		-7.237500
7065		-7.531250
7066		-7.675000
7067		-8.256250
7068		-8.200000
7069		-8.900000
7070		-8.518750
7071		-8.143750
7072		-8.056250
7073		-7.643750
7074		-8.081250
7075		-8.575000
7076		-9.100000
7077		-8.812500
7078		-8.168750
7079		-7.531250
7080		-7.356250
7081		-7.643750
7082		-8.312500
7083		-8.662500
7084		-8.606250
7085		-7.881250
7086		-7.150000
7087		-7.062500
7088		-6.918750
7089		-7.881250
7090		-7.675000
7091		-7.993750
7092		-7.062500
7093		-6.687500
7094		-6.450000
7095		-6.712500
7096		-7.062500
7097		-7.706250
7098		-7.556250
7099		-7.150000
7100		-6.656250
7101		-6.075000
7102		-6.712500
7103		-7.237500
7104		-7.500000
7105		-7.881250
7106		-7.443750
7107		-6.625000
7108		-6.687500
7109		-6.481250
7110		-7.556250
7111		-7.937500
7112		-8.487500
7113		-8.200000
7114		-7.443750
7115		-7.850000
7116		-7.443750
7117		-8.025000
7118		-8.168750
7119		-8.868750
7120		-8.462500
7121		-7.850000
7122		-7.762500
7123		-7.443750
7124		-8.312500
7125		-8.637500
7126		-8.837500
7127		-8.575000
7128		-8.056250
7129		-7.531250
7130		-7.443750
7131		-7.793750
7132		-7.881250
7133		-8.287500
7134		-8.375000
7135		-7.237500
7136		-6.687500
7137		-6.281250
7138		-6.537500
7139		-7.500000
7140		-7.150000
7141		-7.443750
7142		-6.425000
7143		-6.131250
7144		-6.075000
7145		-5.812500
7146		-6.450000
7147		-6.862500
7148		-7.037500
7149		-6.656250
7150		-6.131250
7151		-5.987500
7152		-6.481250
7153		-7.125000
7154		-7.706250
7155		-7.993750
7156		-7.443750
7157		-7.531250
7158		-7.093750
7159		-7.181250
7160		-8.462500
7161		-8.900000
7162		-9.681250
7163		-8.812500
7164		-8.662500
7165		-8.987500
7166		-8.956250
7167		-9.593750
7168		-10.350000
7169		-10.612500
7170		-10.500000
7171		-9.918750
7172		-9.681250
7173		-9.331250
7174		-10.206250
7175		-10.525000
7176		-10.906250
7177		-10.612500
7178		-10.062500
7179		-9.625000
7180		-9.393750
7181		-10.062500
7182		-10.293750
7183		-10.875000
7184		-10.437500
7185		-9.743750
7186		-9.331250
7187		-9.012500
7188		-9.393750
7189		-10.118750
7190		-10.262500
7191		-10.556250
7192		-9.743750
7193		-9.656250
7194		-9.043750
7195		-9.306250
7196		-9.768750
7197		-10.206250
7198		-10.500000
7199		-9.481250
7200		-9.450000
7201		-9.162500
7202		-9.218750
7203		-9.743750
7204		-9.918750
7205		-10.206250
7206		-8.812500
7207		-8.575000
7208		-8.112500
7209		-8.112500
7210		-8.343750
7211		-8.662500
7212		-8.725000
7213		-7.643750
7214		-6.687500
7215		-6.656250
7216		-5.606250
7217		-6.250000
7218		-6.425000
7219		-6.018750
7220		-5.462500
7221		-4.243750
7222		-3.950000
7223		-3.193750
7224		-3.368750
7225		-3.775000
7226		-3.862500
7227		-3.250000
7228		-2.293750
7229		-1.968750
7230		-1.737500
7231		-2.262500
7232		-2.643750
7233		-2.700000
7234		-2.931250
7235		-2.406250
7236		-1.968750
7237		-1.825000
7238		-2.612500
7239		-3.512500
7240		-3.512500
7241		-4.443750
7242		-3.718750
7243		-4.156250
7244		-3.775000
7245		-4.675000
7246		-5.668750
7247		-6.281250
7248		-6.537500
7249		-6.425000
7250		-6.162500
7251		-6.250000
7252		-6.425000
7253		-7.443750
7254		-7.881250
7255		-8.606250
7256		-7.731250
7257		-7.706250
7258		-7.150000
7259		-7.412500
7260		-7.906250
7261		-8.200000
7262		-8.375000
7263		-7.731250
7264		-7.062500
7265		-7.150000
7266		-6.218750
7267		-6.862500
7268		-7.325000
7269		-7.618750
7270		-7.062500
7271		-6.106250
7272		-5.693750
7273		-5.350000
7274		-6.193750
7275		-6.162500
7276		-6.800000
7277		-6.450000
7278		-5.900000
7279		-5.693750
7280		-5.406250
7281		-6.106250
7282		-6.281250
7283		-6.625000
7284		-6.600000
7285		-5.987500
7286		-5.581250
7287		-5.025000
7288		-5.462500
7289		-5.987500
7290		-5.868750
7291		-6.162500
7292		-4.968750
7293		-4.650000
7294		-4.068750
7295		-4.650000
7296		-4.968750
7297		-5.087500
7298		-5.087500
7299		-4.268750
7300		-4.037500
7301		-4.093750
7302		-4.418750
7303		-4.387500
7304		-5.462500
7305		-5.956250
7306		-5.375000
7307		-5.462500
7308		-5.843750
7309		-6.218750
7310		-6.918750
7311		-7.993750
7312		-8.837500
7313		-8.725000
7314		-9.043750
7315		-8.462500
7316		-9.331250
7317		-10.062500
7318		-10.643750
7319		-11.168750
7320		-10.350000
7321		-9.943750
7322		-9.887500
7323		-9.625000
7324		-10.175000
7325		-10.525000
7326		-10.381250
7327		-9.306250
7328		-8.725000
7329		-8.025000
7330		-7.443750
7331		-7.556250
7332		-7.412500
7333		-7.531250
7334		-7.412500
7335		-6.193750
7336		-5.812500
7337		-5.175000
7338		-5.956250
7339		-6.193750
7340		-7.181250
7341		-7.706250
7342		-7.443750
7343		-7.881250
7344		-7.793750
7345		-8.956250
7346		-10.437500
7347		-11.137500
7348		-12.212500
7349		-12.243750
7350		-12.887500
7351		-13.231250
7352		-14.831250
7353		-15.881250
7354		-17.250000
7355		-17.743750
7356		-17.337500
7357		-17.799999
7358		-18.500000
7359		-18.706249
7360		-19.781250
7361		-20.537500
7362		-20.943750
7363		-20.418751
7364		-19.725000
7365		-19.343750
7366		-19.200001
7367		-19.549999
7368		-19.256250
7369		-19.318750
7370		-18.268749
7371		-17.043751
7372		-16.437500
7373		-15.593750
7374		-15.737500
7375		-15.300000
7376		-15.475000
7377		-14.281250
7378		-13.056250
7379		-12.243750
7380		-11.518750
7381		-11.925000
7382		-11.956250
7383		-11.750000
7384		-12.012500
7385		-10.700000
7386		-9.768750
7387		-9.331250
7388		-9.831250
7389		-10.006250
7390		-10.175000
7391		-10.006250
7392		-9.481250
7393		-9.450000
7394		-9.131250
7395		-9.481250
7396		-10.643750
7397		-10.412500
7398		-10.150000
7399		-9.681250
7400		-9.275000
7401		-8.900000
7402		-9.331250
7403		-9.506250
7404		-9.506250
7405		-9.100000
7406		-7.993750
7407		-7.556250
7408		-6.831250
7409		-6.687500
7410		-7.150000
7411		-6.887500
7412		-6.281250
7413		-5.087500
7414		-4.068750
7415		-3.281250
7416		-2.756250
7417		-2.643750
7418		-2.175000
7419		-1.912500
7420		-0.225000
7421		0.587500
7422		1.343750
7423		1.462500
7424		1.318750
7425		1.343750
7426		1.318750
7427		2.362500
7428		2.600000
7429		3.062500
7430		2.975000
7431		1.868750
7432		1.256250
7433		0.650000
7434		1.025000
7435		0.937500
7436		1.375000
7437		0.443750
7438		-1.012500
7439		-2.406250
7440		-3.225000
7441		-2.987500
7442		-3.543750
7443		-3.743750
7444		-4.243750
7445		-5.375000
7446		-6.281250
7447		-6.862500
7448		-6.600000
7449		-6.450000
7450		-6.043750
7451		-6.131250
7452		-6.887500
7453		-6.687500
7454		-7.268750
7455		-6.600000
7456		-5.812500
7457		-5.056250
7458		-4.562500
7459		-5.437500
7460		-5.350000
7461		-5.550000
7462		-4.506250
7463		-4.181250
7464		-3.400000
7465		-3.368750
7466		-3.862500
7467		-3.918750
7468		-4.418750
7469		-4.443750
7470		-4.125000
7471		-3.918750
7472		-4.156250
7473		-4.881250
7474		-5.756250
7475		-6.537500
7476		-6.862500
7477		-6.393750
7478		-6.425000
7479		-6.250000
7480		-7.125000
7481		-7.881250
7482		-8.693750
7483		-8.662500
7484		-7.443750
7485		-8.400000
7486		-7.150000
7487		-7.356250
7488		-7.937500
7489		-8.025000
7490		-8.287500
7491		-6.831250
7492		-6.281250
7493		-5.987500
7494		-5.756250
7495		-5.812500
7496		-5.812500
7497		-5.956250
7498		-5.231250
7499		-4.156250
7500		-4.093750
7501		-4.243750
7502		-4.825000
7503		-5.375000
7504		-5.900000
7505		-5.231250
7506		-5.406250
7507		-5.025000
7508		-5.756250
7509		-7.125000
7510		-7.762500
7511		-8.812500
7512		-8.662500
7513		-8.987500
7514		-9.012500
7515		-9.768750
7516		-10.762500
7517		-11.575000
7518		-12.068750
7519		-12.037500
7520		-12.068750
7521		-11.662500
7522		-11.956250
7523		-12.068750
7524		-12.968750
7525		-13.000000
7526		-12.387500
7527		-11.981250
7528		-11.137500
7529		-10.500000
7530		-11.225000
7531		-11.025000
7532		-11.431250
7533		-10.206250
7534		-9.306250
7535		-8.868750
7536		-8.231250
7537		-8.431250
7538		-8.662500
7539		-8.925000
7540		-8.431250
7541		-7.850000
7542		-7.325000
7543		-7.356250
7544		-7.706250
7545		-8.637500
7546		-8.812500
7547		-9.043750
7548		-8.312500
7549		-7.906250
7550		-8.312500
7551		-9.331250
7552		-9.743750
7553		-10.262500
7554		-10.381250
7555		-9.681250
7556		-9.831250
7557		-9.625000
7558		-10.262500
7559		-10.875000
7560		-11.225000
7561		-10.937500
7562		-10.675000
7563		-9.743750
7564		-9.593750
7565		-9.768750
7566		-10.062500
7567		-10.206250
7568		-10.006250
7569		-9.450000
7570		-8.812500
7571		-8.112500
7572		-8.287500
7573		-8.431250
7574		-8.956250
7575		-8.575000
7576		-7.937500
7577		-6.862500
7578		-6.537500
7579		-6.425000
7580		-6.537500
7581		-6.918750
7582		-6.537500
7583		-5.606250
7584		-4.587500
7585		-4.418750
7586		-3.687500
7587		-4.762500
7588		-4.968750
7589		-5.056250
7590		-4.443750
7591		-3.162500
7592		-3.543750
7593		-3.225000
7594		-3.775000
7595		-4.531250
7596		-3.687500
7597		-3.400000
7598		-3.225000
7599		-2.812500
7600		-2.756250
7601		-3.193750
7602		-4.156250
7603		-4.418750
7604		-4.156250
7605		-3.950000
7606		-4.093750
7607		-4.243750
7608		-4.650000
7609		-5.550000
7610		-6.450000
7611		-6.106250
7612		-5.781250
7613		-5.756250
7614		-6.281250
7615		-6.831250
7616		-7.237500
7617		-8.400000
7618		-8.143750
7619		-7.468750
7620		-7.468750
7621		-7.150000
7622		-8.287500
7623		-8.925000
7624		-8.812500
7625		-8.575000
7626		-8.231250
7627		-7.793750
7628		-7.500000
7629		-8.200000
7630		-8.550000
7631		-8.462500
7632		-8.431250
7633		-7.587500
7634		-7.125000
7635		-6.687500
7636		-7.125000
7637		-7.818750
7638		-7.906250
7639		-7.643750
7640		-7.268750
7641		-6.687500
7642		-6.306250
7643		-6.712500
7644		-7.937500
7645		-7.443750
7646		-7.793750
7647		-7.300000
7648		-7.268750
7649		-6.831250
7650		-7.818750
7651		-8.287500
7652		-8.987500
7653		-8.812500
7654		-8.287500
7655		-8.112500
7656		-7.850000
7657		-8.287500
7658		-9.506250
7659		-9.856250
7660		-9.918750
7661		-9.043750
7662		-8.987500
7663		-8.575000
7664		-8.781250
7665		-9.450000
7666		-9.800000
7667		-10.437500
7668		-9.393750
7669		-8.662500
7670		-8.143750
7671		-8.143750
7672		-8.812500
7673		-9.043750
7674		-9.162500
7675		-8.200000
7676		-7.993750
7677		-7.325000
7678		-7.356250
7679		-7.993750
7680		-8.200000
7681		-8.518750
7682		-7.556250
7683		-7.181250
7684		-7.062500
7685		-6.712500
7686		-7.325000
7687		-7.381250
7688		-7.706250
7689		-6.800000
7690		-6.043750
7691		-5.637500
7692		-5.462500
7693		-5.550000
7694		-6.043750
7695		-5.843750
7696		-4.587500
7697		-3.862500
7698		-3.575000
7699		-3.075000
7700		-3.193750
7701		-3.487500
7702		-3.337500
7703		-2.581250
7704		-1.593750
7705		-1.331250
7706		-0.518750
7707		-1.243750
7708		-1.362500
7709		-1.418750
7710		-0.718750
7711		-0.081250
7712		0.475000
7713		0.500000
7714		-0.487500
7715		-1.331250
7716		-1.475000
7717		-1.300000
7718		-1.100000
7719		-0.543750
7720		-0.518750
7721		-1.650000
7722		-2.206250
7723		-2.931250
7724		-2.787500
7725		-2.493750
7726		-2.318750
7727		-2.087500
7728		-2.843750
7729		-3.631250
7730		-3.831250
7731		-3.425000
7732		-3.050000
7733		-2.756250
7734		-2.262500
7735		-3.075000
7736		-3.425000
7737		-3.600000
7738		-3.137500
7739		-2.493750
7740		-1.943750
7741		-1.593750
7742		-2.525000
7743		-2.700000
7744		-3.225000
7745		-2.525000
7746		-2.231250
7747		-2.000000
7748		-1.537500
7749		-2.350000
7750		-2.725000
7751		-3.400000
7752		-3.425000
7753		-2.875000
7754		-2.525000
7755		-2.318750
7756		-3.425000
7757		-4.156250
7758		-4.937500
7759		-5.025000
7760		-4.793750
7761		-4.356250
7762		-4.243750
7763		-5.231250
7764		-5.606250
7765		-6.193750
7766		-6.043750
7767		-5.350000
7768		-5.375000
7769		-4.531250
7770		-5.518750
7771		-5.462500
7772		-6.131250
7773		-5.843750
7774		-5.087500
7775		-4.650000
7776		-4.243750
7777		-4.331250
7778		-5.087500
7779		-5.462500
7780		-5.025000
7781		-4.825000
7782		-4.156250
7783		-4.006250
7784		-4.093750
7785		-4.968750
7786		-5.318750
7787		-5.318750
7788		-4.706250
7789		-4.587500
7790		-4.587500
7791		-5.000000
7792		-5.868750
7793		-6.218750
7794		-6.831250
7795		-5.956250
7796		-5.725000
7797		-5.693750
7798		-5.900000
7799		-6.975000
7800		-7.125000
7801		-7.381250
7802		-6.393750
7803		-6.193750
7804		-5.175000
7805		-5.956250
7806		-6.193750
7807		-7.006250
7808		-6.862500
7809		-5.693750
7810		-5.262500
7811		-4.387500
7812		-4.825000
7813		-5.581250
7814		-5.756250
7815		-5.375000
7816		-4.562500
7817		-4.212500
7818		-3.425000
7819		-3.718750
7820		-4.531250
7821		-4.706250
7822		-5.262500
7823		-4.268750
7824		-3.687500
7825		-3.312500
7826		-3.862500
7827		-4.737500
7828		-4.968750
7829		-5.606250
7830		-4.793750
7831		-4.650000
7832		-4.418750
7833		-4.093750
7834		-5.606250
7835		-5.812500
7836		-6.481250
7837		-5.350000
7838		-5.112500
7839		-5.143750
7840		-5.143750
7841		-6.775000
7842		-6.393750
7843		-6.918750
7844		-6.131250
7845		-5.637500
7846		-5.200000
7847		-5.462500
7848		-5.956250
7849		-6.600000
7850		-6.887500
7851		-6.281250
7852		-6.075000
7853		-5.668750
7854		-5.606250
7855		-6.250000
7856		-6.775000
7857		-7.468750
7858		-6.687500
7859		-6.281250
7860		-6.193750
7861		-6.281250
7862		-6.975000
7863		-7.618750
7864		-7.731250
7865		-7.325000
7866		-7.062500
7867		-6.393750
7868		-6.425000
7869		-6.656250
7870		-7.237500
7871		-7.618750
7872		-6.450000
7873		-5.900000
7874		-5.493750
7875		-5.056250
7876		-5.606250
7877		-5.900000
7878		-5.900000
7879		-4.937500
7880		-4.387500
7881		-3.950000
7882		-3.162500
7883		-3.487500
7884		-3.775000
7885		-3.806250
7886		-2.812500
7887		-1.968750
7888		-1.912500
7889		-1.593750
7890		-2.262500
7891		-2.643750
7892		-2.756250
7893		-2.000000
7894		-1.450000
7895		-1.506250
7896		-1.012500
7897		-1.625000
7898		-2.293750
7899		-2.700000
7900		-2.056250
7901		-1.593750
7902		-1.156250
7903		-0.543750
7904		-1.968750
7905		-2.087500
7906		-2.843750
7907		-2.756250
7908		-1.912500
7909		-1.768750
7910		-1.331250
7911		-2.612500
7912		-3.137500
7913		-3.543750
7914		-3.075000
7915		-3.050000
7916		-2.612500
7917		-2.612500
7918		-3.337500
7919		-4.181250
7920		-4.650000
7921		-4.387500
7922		-4.006250
7923		-3.631250
7924		-3.575000
7925		-4.793750
7926		-5.375000
7927		-5.462500
7928		-5.318750
7929		-4.675000
7930		-4.212500
7931		-3.981250
7932		-4.587500
7933		-4.968750
7934		-5.668750
7935		-4.793750
7936		-4.300000
7937		-3.487500
7938		-2.900000
7939		-3.718750
7940		-3.631250
7941		-4.737500
7942		-3.512500
7943		-2.612500
7944		-2.118750
7945		-2.056250
7946		-2.556250
7947		-2.875000
7948		-3.162500
7949		-3.075000
7950		-2.087500
7951		-1.943750
7952		-1.825000
7953		-2.725000
7954		-3.631250
7955		-4.762500
7956		-4.618750
7957		-4.300000
7958		-4.443750
7959		-4.968750
7960		-5.843750
7961		-7.237500
7962		-8.231250
7963		-8.400000
7964		-8.518750
7965		-9.162500
7966		-8.812500
7967		-10.731250
7968		-11.368750
7969		-12.387500
7970		-12.593750
7971		-11.893750
7972		-12.506250
7973		-12.100000
7974		-13.056250
7975		-13.468750
7976		-14.050000
7977		-14.400000
7978		-13.406250
7979		-12.968750
7980		-12.681250
7981		-13.381250
7982		-13.293750
7983		-13.525000
7984		-12.943750
7985		-12.212500
7986		-11.487500
7987		-10.700000
7988		-10.643750
7989		-11.368750
7990		-11.781250
7991		-10.675000
7992		-9.831250
7993		-9.218750
7994		-8.081250
7995		-8.168750
7996		-8.550000
7997		-8.812500
7998		-8.025000
7999		-7.093750
8000		-5.987500
8001		-5.262500
8002		-5.518750
8003		-5.668750
8004		-5.868750
8005		-5.112500
8006		-3.862500
8007		-3.018750
8008		-2.556250
8009		-2.962500
8010		-2.843750
8011		-2.900000
8012		-2.725000
8013		-1.506250
8014		-0.950000
8015		-0.168750
8016		-0.543750
8017		-0.693750
8018		-1.212500
8019		-1.125000
8020		-0.018750
8021		0.356250
8022		0.356250
8023		0.006250
8024		-0.750000
8025		-1.331250
8026		-1.562500
8027		-1.037500
8028		-0.781250
8029		-0.718750
8030		-1.537500
8031		-2.406250
8032		-3.193750
8033		-3.281250
8034		-2.468750
8035		-2.468750
8036		-2.318750
8037		-2.987500
8038		-4.243750
8039		-4.212500
8040		-4.587500
8041		-3.631250
8042		-3.425000
8043		-3.075000
8044		-3.281250
8045		-3.950000
8046		-4.125000
8047		-3.687500
8048		-3.050000
8049		-2.262500
8050		-1.881250
8051		-1.881250
8052		-2.143750
8053		-2.231250
8054		-2.118750
8055		-1.212500
8056		-0.431250
8057		-0.018750
8058		-0.431250
8059		-0.893750
8060		-1.012500
8061		-1.012500
8062		0.356250
8063		0.475000
8064		0.881250
8065		0.356250
8066		-0.606250
8067		-1.243750
8068		-0.806250
8069		-0.281250
8070		-0.575000
8071		-0.081250
8072		-0.837500
8073		-1.881250
8074		-2.206250
8075		-2.643750
8076		-2.031250
8077		-2.056250
8078		-1.625000
8079		-2.700000
8080		-3.137500
8081		-3.918750
8082		-3.775000
8083		-2.843750
8084		-2.700000
8085		-2.931250
8086		-3.368750
8087		-4.443750
8088		-4.531250
8089		-4.156250
8090		-3.512500
8091		-3.225000
8092		-2.556250
8093		-3.137500
8094		-3.631250
8095		-3.575000
8096		-3.487500
8097		-2.350000
8098		-2.056250
8099		-1.537500
8100		-1.943750
8101		-2.056250
8102		-2.406250
8103		-1.943750
8104		-0.925000
8105		-0.750000
8106		-0.193750
8107		0.068750
8108		-0.893750
8109		-0.718750
8110		-0.518750
8111		0.412500
8112		0.968750
8113		1.725000
8114		1.375000
8115		0.793750
8116		0.825000
8117		0.706250
8118		1.843750
8119		2.450000
8120		2.775000
8121		2.306250
8122		1.812500
8123		1.725000
8124		1.693750
8125		2.306250
8126		2.512500
8127		2.887500
8128		2.250000
8129		1.812500
8130		0.737500
8131		1.025000
8132		1.518750
8133		1.518750
8134		1.756250
8135		0.706250
8136		0.006250
8137		-0.662500
8138		-0.981250
8139		-0.606250
8140		-0.606250
8141		-0.431250
8142		-1.475000
8143		-2.406250
8144		-3.050000
8145		-3.512500
8146		-3.018750
8147		-2.962500
8148		-3.225000
8149		-4.125000
8150		-4.968750
8151		-6.250000
8152		-6.218750
8153		-5.693750
8154		-5.606250
8155		-5.550000
8156		-7.062500
8157		-7.675000
8158		-8.375000
8159		-8.375000
8160		-7.500000
8161		-7.881250
8162		-7.443750
8163		-8.312500
8164		-9.162500
8165		-9.625000
8166		-9.481250
8167		-8.606250
8168		-8.025000
8169		-7.993750
8170		-8.343750
8171		-9.187500
8172		-8.837500
8173		-8.550000
8174		-7.618750
8175		-7.125000
8176		-6.250000
8177		-6.481250
8178		-6.862500
8179		-7.062500
8180		-6.250000
8181		-5.462500
8182		-4.356250
8183		-4.068750
8184		-4.093750
8185		-4.475000
8186		-4.650000
8187		-3.656250
8188		-2.875000
8189		-2.468750
8190		-1.681250
8191		-2.206250
8192		-2.812500
8193		-1.331250
8194		-2.031250
8195		-2.900000
8196		-3.281250
8197		-3.193750
8198		-2.843750
8199		-1.912500
8200		-2.350000
8201		-2.900000
8202		-3.981250
8203		-3.981250
8204		-3.337500
8205		-2.725000
8206		-1.968750
8207		-2.206250
8208		-2.668750
8209		-2.900000
8210		-3.281250
8211		-2.843750
8212		-1.912500
8213		-1.187500
8214		-0.431250
8215		-1.100000
8216		-1.537500
8217		-1.768750
8218		-1.012500
8219		0.068750
8220		0.762500
8221		0.912500
8222		0.650000
8223		0.006250
8224		0.006250
8225		0.300000
8226		1.606250
8227		1.812500
8228		2.250000
8229		1.518750
8230		0.150000
8231		0.412500
8232		1.056250
8233		1.231250
8234		1.025000
8235		2.012500
8236		0.762500
8237		-0.081250
8238		-0.606250
8239		-0.018750
8240		0.706250
8241		0.587500
8242		0.737500
8243		0.181250
8244		-0.718750
8245		-1.450000
8246		-1.418750
8247		0.237500
8248		-0.368750
8249		-0.837500
8250		-1.300000
8251		-2.581250
8252		-3.137500
8253		-2.318750
8254		-2.175000
8255		-1.912500
8256		-2.206250
8257		-2.962500
8258		-3.806250
8259		-3.918750
8260		-3.862500
8261		-3.250000
8262		-3.075000
8263		-3.281250
8264		-4.268750
8265		-4.937500
8266		-5.287500
8267		-4.531250
8268		-4.650000
8269		-3.631250
8270		-3.862500
8271		-4.618750
8272		-5.375000
8273		-5.375000
8274		-4.387500
8275		-3.893750
8276		-3.400000
8277		-2.643750
8278		-3.687500
8279		-3.631250
8280		-3.718750
8281		-2.787500
8282		-2.087500
8283		-1.156250
8284		-1.212500
8285		-1.593750
8286		-1.187500
8287		-1.768750
8288		-0.456250
8289		0.562500
8290		1.056250
8291		1.256250
8292		0.912500
8293		0.300000
8294		-0.137500
8295		1.318750
8296		2.275000
8297		2.625000
8298		2.887500
8299		1.956250
8300		1.462500
8301		1.025000
8302		1.931250
8303		2.250000
8304		3.118750
8305		3.118750
8306		2.337500
8307		1.756250
8308		1.431250
8309		2.362500
8310		3.150000
8311		3.675000
8312		3.150000
8313		2.425000
8314		2.275000
8315		1.493750
8316		2.918750
8317		3.468750
8318		4.081250
8319		3.618750
8320		2.918750
8321		2.625000
8322		2.275000
8323		3.706250
8324		3.906250
8325		4.400000
8326		4.081250
8327		3.206250
8328		2.537500
8329		2.656250
8330		3.731250
8331		3.875000
8332		4.487500
8333		3.675000
8334		3.031250
8335		2.306250
8336		1.812500
8337		2.918750
8338		2.887500
8339		3.206250
8340		2.918750
8341		1.812500
8342		1.056250
8343		1.168750
8344		1.843750
8345		2.131250
8346		2.250000
8347		1.493750
8348		0.650000
8349		0.268750
8350		-0.018750
8351		0.850000
8352		1.231250
8353		1.693750
8354		0.737500
8355		0.006250
8356		-0.518750
8357		-0.281250
8358		0.212500
8359		0.850000
8360		1.000000
8361		0.562500
8362		-0.518750
8363		-1.100000
8364		-1.156250
8365		0.300000
8366		0.587500
8367		0.706250
8368		0.006250
8369		-0.606250
8370		-0.925000
8371		-0.893750
8372		0.125000
8373		0.587500
8374		0.706250
8375		-0.050000
8376		-0.431250
8377		-0.606250
8378		-0.281250
8379		0.650000
8380		0.881250
8381		1.200000
8382		0.587500
8383		-0.137500
8384		-0.081250
8385		0.212500
8386		0.912500
8387		1.781250
8388		1.987500
8389		1.168750
8390		0.737500
8391		0.562500
8392		0.881250
8393		1.606250
8394		2.043750
8395		2.687500
8396		2.043750
8397		1.518750
8398		1.000000
8399		1.668750
8400		2.743750
8401		2.775000
8402		3.412500
8403		2.512500
8404		2.275000
8405		1.987500
8406		2.131250
8407		3.118750
8408		3.875000
8409		3.762500
8410		3.618750
8411		2.568750
8412		2.337500
8413		2.887500
8414		3.556250
8415		4.112500
8416		4.256250
8417		3.325000
8418		2.568750
8419		2.012500
8420		2.425000
8421		3.268750
8422		3.381250
8423		3.381250
8424		2.425000
8425		1.668750
8426		1.581250
8427		1.343750
8428		2.393750
8429		2.306250
8430		2.568750
8431		1.231250
8432		0.618750
8433		-0.081250
8434		0.150000
8435		0.618750
8436		1.200000
8437		1.168750
8438		0.562500
8439		-0.543750
8440		-0.862500
8441		-0.718750
8442		-0.137500
8443		0.181250
8444		0.587500
8445		-0.456250
8446		-1.300000
8447		-1.537500
8448		-1.156250
8449		-0.050000
8450		0.006250
8451		0.125000
8452		-0.950000
8453		-1.475000
8454		-1.737500
8455		-1.506250
8456		-1.012500
8457		-0.018750
8458		0.068750
8459		-0.950000
8460		-1.037500
8461		-2.206250
8462		-1.737500
8463		-0.806250
8464		-0.606250
8465		-0.662500
8466		-0.893750
8467		-1.825000
8468		-1.625000
8469		-1.737500
8470		-0.862500
8471		-0.256250
8472		0.268750
8473		-0.518750
8474		-1.100000
8475		-1.300000
8476		-0.718750
8477		0.412500
8478		0.793750
8479		1.431250
8480		0.737500
8481		0.562500
8482		0.587500
8483		0.706250
8484		1.843750
8485		2.687500
8486		2.918750
8487		2.537500
8488		2.250000
8489		2.012500
8490		2.187500
8491		3.500000
8492		3.993750
8493		4.637500
8494		3.993750
8495		3.381250
8496		3.531250
8497		3.206250
8498		4.225000
8499		5.156250
8500		5.331250
8501		4.575000
8502		4.168750
8503		3.762500
8504		3.906250
8505		4.575000
8506		5.331250
8507		5.825000
8508		5.362500
8509		4.606250
8510		4.662500
8511		4.081250
8512		5.068750
8513		6.175000
8514		6.262500
8515		6.262500
8516		5.187500
8517		4.837500
8518		4.518750
8519		5.825000
8520		6.668750
8521		6.612500
8522		6.993750
8523		6.118750
8524		5.537500
8525		5.306250
8526		5.943750
8527		6.906250
8528		7.225000
8529		6.843750
8530		6.175000
8531		5.393750
8532		4.781250
8533		5.243750
8534		5.887500
8535		5.856250
8536		5.737500
8537		4.050000
8538		3.850000
8539		3.268750
8540		3.181250
8541		4.025000
8542		3.675000
8543		3.875000
8544		2.481250
8545		1.987500
8546		1.143750
8547		1.637500
8548		2.250000
8549		2.537500
8550		1.900000
8551		1.112500
8552		-0.018750
8553		-0.312500
8554		-0.168750
8555		0.737500
8556		0.706250
8557		1.581250
8558		0.412500
8559		-0.312500
8560		-0.631250
8561		-0.781250
8562		0.587500
8563		0.737500
8564		1.025000
8565		0.825000
8566		0.237500
8567		-0.431250
8568		-0.168750
8569		0.850000
8570		1.431250
8571		1.812500
8572		1.343750
8573		0.793750
8574		0.500000
8575		0.387500
8576		1.518750
8577		2.162500
8578		2.775000
8579		2.043750
8580		1.668750
8581		1.112500
8582		0.793750
8583		2.012500
8584		2.743750
8585		2.862500
8586		2.568750
8587		1.812500
8588		1.987500
8589		0.881250
8590		1.550000
8591		1.931250
8592		2.306250
8593		2.743750
8594		1.812500
8595		1.143750
8596		0.675000
8597		0.937500
8598		2.043750
8599		2.306250
8600		2.450000
8601		1.693750
8602		0.937500
8603		0.443750
8604		1.081250
8605		1.431250
8606		2.162500
8607		2.862500
8608		2.075000
8609		1.231250
8610		0.793750
8611		0.912500
8612		2.043750
8613		2.975000
8614		3.325000
8615		2.481250
8616		2.187500
8617		2.043750
8618		1.956250
8619		3.031250
8620		3.412500
8621		3.793750
8622		3.443750
8623		2.831250
8624		2.162500
8625		2.537500
8626		3.618750
8627		3.937500
8628		4.725000
8629		3.850000
8630		3.556250
8631		2.918750
8632		3.093750
8633		3.731250
8634		4.137500
8635		4.868750
8636		4.662500
8637		3.993750
8638		3.500000
8639		2.918750
8640		3.556250
8641		3.937500
8642		4.400000
8643		4.287500
8644		3.412500
8645		2.743750
8646		2.250000
8647		2.481250
8648		3.993750
8649		3.850000
8650		3.643750
8651		3.093750
8652		2.275000
8653		1.756250
8654		1.756250
8655		2.656250
8656		3.181250
8657		3.412500
8658		3.118750
8659		1.868750
8660		2.100000
8661		1.693750
8662		2.943750
8663		2.887500
8664		3.850000
8665		3.706250
8666		2.625000
8667		1.956250
8668		1.668750
8669		2.712500
8670		3.500000
8671		4.081250
8672		4.081250
8673		3.118750
8674		2.512500
8675		2.250000
8676		2.918750
8677		3.556250
8678		3.500000
8679		3.412500
8680		3.412500
8681		2.337500
8682		2.187500
8683		2.481250
8684		3.118750
8685		3.706250
8686		3.993750
8687		3.356250
8688		2.800000
8689		2.250000
8690		2.656250
8691		3.356250
8692		3.762500
8693		4.375000
8694		3.793750
8695		3.468750
8696		2.775000
8697		2.975000
8698		3.793750
8699		4.400000
8700		5.737500
8701		4.956250
8702		3.962500
8703		4.137500
8704		3.706250
8705		4.806250
8706		5.362500
8707		5.943750
8708		5.537500
8709		5.156250
8710		4.662500
8711		4.375000
8712		4.606250
8713		5.681250
8714		5.943750
8715		6.643750
8716		5.218750
8717		4.637500
8718		3.906250
8719		4.375000
8720		4.693750
8721		5.043750
8722		5.450000
8723		4.375000
8724		3.937500
8725		3.762500
8726		3.381250
8727		4.693750
8728		4.168750
8729		5.218750
8730		4.518750
8731		3.556250
8732		3.762500
8733		3.031250
8734		3.762500
8735		3.937500
8736		4.312500
8737		4.112500
8738		3.031250
8739		2.625000
8740		1.693750
8741		2.512500
8742		2.743750
8743		3.062500
8744		3.412500
8745		2.250000
8746		1.756250
8747		1.025000
8748		1.431250
8749		1.581250
8750		2.537500
8751		2.600000
8752		1.606250
8753		1.000000
8754		0.650000
8755		0.937500
8756		1.693750
8757		2.162500
8758		2.775000
8759		2.075000
8760		1.318750
8761		1.462500
8762		1.431250
8763		2.625000
8764		3.062500
8765		3.618750
8766		3.325000
8767		2.625000
8768		2.687500
8769		2.625000
8770		3.181250
8771		3.906250
8772		4.287500
8773		4.837500
8774		3.500000
8775		3.293750
8776		2.656250
8777		4.050000
8778		4.287500
8779		4.693750
8780		4.637500
8781		3.962500
8782		3.618750
8783		2.537500
8784		2.975000
8785		3.993750
8786		4.081250
8787		4.662500
8788		3.468750
8789		3.118750
8790		2.275000
8791		2.512500
8792		3.412500
8793		4.200000
8794		4.575000
8795		3.993750
8796		3.468750
8797		3.150000
8798		3.150000
8799		4.200000
8800		4.550000
8801		5.068750
8802		5.887500
8803		4.806250
8804		4.637500
8805		4.487500
8806		5.331250
8807		5.887500
8808		6.818750
8809		6.756250
8810		6.118750
8811		5.943750
8812		5.393750
8813		6.731250
8814		6.962500
8815		7.456250
8816		7.750000
8817		7.400000
8818		6.556250
8819		6.087500
8820		6.325000
8821		7.225000
8822		7.806250
8823		7.687500
8824		7.631250
8825		6.587500
8826		6.206250
8827		6.643750
8828		6.906250
8829		7.575000
8830		8.593750
8831		8.506250
8832		7.343750
8833		6.843750
8834		6.237500
8835		7.281250
8836		7.981250
8837		8.506250
8838		8.737500
8839		7.431250
8840		7.281250
8841		7.081250
8842		7.543750
8843		8.275000
8844		8.450000
8845		8.856250
8846		7.718750
8847		7.600000
8848		6.962500
8849		6.962500
8850		7.687500
8851		7.687500
8852		8.068750
8853		7.575000
8854		6.350000
8855		5.737500
8856		5.656250
8857		5.943750
8858		6.237500
8859		6.818750
8860		5.768750
8861		5.156250
8862		4.343750
8863		3.443750
8864		4.431250
8865		4.606250
8866		5.100000
8867		4.781250
8868		3.793750
8869		3.325000
8870		2.687500
8871		3.412500
8872		3.793750
8873		4.806250
8874		4.462500
8875		3.706250
8876		3.181250
8877		3.062500
8878		3.118750
8879		4.200000
8880		4.606250
8881		4.893750
8882		4.343750
8883		3.556250
8884		3.268750
8885		2.862500
8886		4.081250
8887		4.225000
8888		4.575000
8889		4.312500
8890		3.675000
8891		2.537500
8892		2.393750
8893		2.712500
8894		3.062500
8895		3.643750
8896		3.412500
8897		2.393750
8898		1.900000
8899		1.318750
8900		1.693750
8901		1.956250
8902		2.450000
8903		2.306250
8904		1.375000
8905		1.000000
8906		0.387500
8907		0.650000
8908		1.318750
8909		1.200000
8910		1.725000
8911		0.737500
8912		0.300000
8913		-0.575000
8914		-0.575000
8915		0.531250
8916		0.737500
8917		0.937500
8918		0.675000
8919		-0.137500
8920		0.006250
8921		-0.950000
8922		0.356250
8923		0.850000
8924		1.343750
8925		1.375000
8926		0.356250
8927		0.562500
8928		-0.081250
8929		0.475000
8930		1.318750
8931		1.431250
8932		2.625000
8933		1.581250
8934		1.143750
8935		1.025000
8936		1.375000
8937		2.337500
8938		2.862500
8939		3.181250
8940		2.625000
8941		2.450000
8942		1.812500
8943		1.781250
8944		3.181250
8945		3.731250
8946		3.706250
8947		3.906250
8948		2.943750
8949		2.306250
8950		1.956250
8951		3.181250
8952		3.356250
8953		3.325000
8954		3.237500
8955		2.481250
8956		1.550000
8957		1.343750
8958		2.250000
8959		2.393750
8960		2.887500
8961		3.325000
8962		2.362500
8963		1.868750
8964		1.287500
8965		1.606250
8966		2.537500
8967		3.006250
8968		3.618750
8969		3.468750
8970		2.362500
8971		2.687500
8972		2.918750
8973		4.025000
8974		4.662500
8975		5.275000
8976		5.418750
8977		4.868750
8978		4.868750
8979		5.187500
8980		5.737500
8981		6.818750
8982		7.456250
8983		7.400000
8984		7.137500
8985		6.668750
8986		5.912500
8987		6.993750
8988		7.862500
8989		8.418750
8990		8.618750
8991		7.981250
8992		7.543750
8993		6.643750
8994		7.137500
8995		7.925000
8996		8.125000
8997		8.506250
8998		7.775000
8999		6.818750
9000		6.325000
9001		6.206250
9002		7.106250
9003		7.518750
9004		7.575000
9005		7.687500
9006		6.118750
9007		6.262500
9008		5.887500
9009		7.106250
9010		7.312500
9011		7.575000
9012		7.862500
9013		6.962500
9014		6.468750
9015		5.681250
9016		6.500000
9017		6.787500
9018		7.543750
9019		7.687500
9020		6.931250
9021		6.206250
9022		5.656250
9023		5.887500
9024		6.643750
9025		6.962500
9026		7.050000
9027		6.668750
9028		5.975000
9029		5.537500
9030		5.306250
9031		5.975000
9032		6.293750
9033		6.931250
9034		6.175000
9035		5.681250
9036		5.243750
9037		4.606250
9038		5.568750
9039		6.468750
9040		6.787500
9041		6.412500
9042		6.000000
9043		5.306250
9044		5.131250
9045		5.768750
9046		6.262500
9047		6.787500
9048		6.962500
9049		6.262500
9050		5.156250
9051		4.806250
9052		5.043750
9053		5.681250
9054		6.381250
9055		6.787500
9056		6.118750
9057		5.218750
9058		4.431250
9059		4.225000
9060		5.418750
9061		5.362500
9062		5.506250
9063		5.306250
9064		4.256250
9065		3.556250
9066		3.556250
9067		3.587500
9068		4.256250
9069		4.606250
9070		4.487500
9071		3.381250
9072		2.568750
9073		2.362500
9074		2.831250
9075		3.468750
9076		3.556250
9077		4.081250
9078		3.031250
9079		2.481250
9080		1.900000
9081		2.687500
9082		2.887500
9083		3.850000
9084		4.112500
9085		3.643750
9086		2.887500
9087		2.450000
9088		2.275000
9089		3.618750
9090		3.643750
9091		3.993750
9092		3.706250
9093		2.450000
9094		2.712500
9095		2.481250
9096		3.731250
9097		3.531250
9098		4.518750
9099		4.200000
9100		2.943750
9101		2.656250
9102		2.337500
9103		2.775000
9104		3.443750
9105		3.731250
9106		3.706250
9107		2.862500
9108		2.537500
9109		1.956250
9110		2.775000
9111		2.450000
9112		3.150000
9113		3.118750
9114		2.250000
9115		2.162500
9116		1.200000
9117		1.256250
9118		1.812500
9119		2.012500
9120		2.656250
9121		2.218750
9122		1.431250
9123		1.000000
9124		0.881250
9125		1.493750
9126		1.900000
9127		2.043750
9128		2.075000
9129		0.881250
9130		0.300000
9131		0.587500
9132		0.968750
9133		1.668750
9134		1.781250
9135		2.075000
9136		1.318750
9137		1.000000
9138		0.937500
9139		1.112500
9140		1.606250
9141		2.250000
9142		2.600000
9143		1.581250
9144		1.518750
9145		1.375000
9146		1.462500
9147		2.306250
9148		2.306250
9149		3.062500
9150		2.187500
9151		1.693750
9152		1.462500
9153		1.256250
9154		2.481250
9155		2.568750
9156		2.918750
9157		2.712500
9158		2.075000
9159		1.868750
9160		1.081250
9161		2.012500
9162		2.187500
9163		2.625000
9164		2.862500
9165		1.581250
9166		1.668750
9167		1.168750
9168		1.668750
9169		2.162500
9170		2.450000
9171		2.743750
9172		2.100000
9173		1.900000
9174		1.343750
9175		1.756250
9176		2.187500
9177		3.150000
9178		3.268750
9179		2.625000
9180		2.393750
9181		1.843750
9182		1.812500
9183		2.656250
9184		2.831250
9185		2.831250
9186		2.743750
9187		2.187500
9188		1.606250
9189		1.318750
9190		1.900000
9191		2.600000
9192		2.537500
9193		2.393750
9194		1.668750
9195		1.431250
9196		0.881250
9197		1.493750
9198		1.756250
9199		2.012500
9200		2.250000
9201		1.668750
9202		1.025000
9203		0.793750
9204		0.825000
9205		1.693750
9206		1.781250
9207		2.393750
9208		1.900000
9209		1.606250
9210		1.462500
9211		1.581250
9212		2.537500
9213		2.918750
9214		3.118750
9215		2.800000
9216		2.337500
9217		2.187500
9218		2.187500
9219		2.775000
9220		3.325000
9221		3.556250
9222		3.381250
9223		2.656250
9224		2.250000
9225		2.337500
9226		2.337500
9227		3.206250
9228		3.468750
9229		2.975000
9230		2.625000
9231		1.812500
9232		1.606250
9233		1.900000
9234		2.275000
9235		2.625000
9236		2.887500
9237		2.043750
9238		1.581250
9239		1.168750
9240		1.868750
9241		2.043750
9242		2.625000
9243		2.862500
9244		2.450000
9245		2.043750
9246		1.868750
9247		1.931250
9248		2.831250
9249		3.118750
9250		3.181250
9251		3.093750
9252		2.625000
9253		2.337500
9254		1.725000
9255		2.831250
9256		3.325000
9257		3.618750
9258		3.268750
9259		2.831250
9260		2.337500
9261		1.812500
9262		2.831250
9263		3.325000
9264		2.918750
9265		3.093750
9266		2.250000
9267		2.012500
9268		1.287500
9269		1.693750
9270		2.250000
9271		2.687500
9272		2.600000
9273		1.868750
9274		1.581250
9275		0.850000
9276		1.287500
9277		1.868750
9278		2.450000
9279		2.712500
9280		2.250000
9281		1.606250
9282		1.143750
9283		1.581250
9284		2.012500
9285		2.481250
9286		2.918750
9287		2.337500
9288		2.337500
9289		1.843750
9290		1.287500
9291		2.512500
9292		2.450000
9293		2.831250
9294		3.031250
9295		2.100000
9296		1.956250
9297		1.168750
9298		1.693750
9299		2.075000
9300		2.600000
9301		2.425000
9302		1.606250
9303		1.431250
9304		1.056250
9305		1.581250
9306		1.987500
9307		2.218750
9308		2.687500
9309		2.043750
9310		1.725000
9311		1.287500
9312		1.200000
9313		1.987500
9314		2.975000
9315		3.031250
9316		2.537500
9317		2.450000
9318		2.187500
9319		2.337500
9320		2.918750
9321		3.268750
9322		3.325000
9323		3.675000
9324		3.293750
9325		3.443750
9326		2.600000
9327		3.850000
9328		4.225000
9329		4.343750
9330		4.637500
9331		3.643750
9332		3.118750
9333		2.975000
9334		3.356250
9335		4.050000
9336		4.256250
9337		4.518750
9338		3.793750
9339		3.587500
9340		3.031250
9341		3.793750
9342		4.137500
9343		4.343750
9344		4.637500
9345		4.112500
9346		3.531250
9347		3.268750
9348		3.675000
9349		4.256250
9350		4.343750
9351		4.806250
9352		4.050000
9353		3.762500
9354		3.325000
9355		3.618750
9356		4.287500
9357		4.637500
9358		4.925000
9359		4.693750
9360		3.818750
9361		3.500000
9362		3.356250
9363		4.256250
9364		4.287500
9365		4.375000
9366		4.606250
9367		3.587500
9368		3.150000
9369		2.887500
9370		3.618750
9371		3.412500
9372		4.081250
9373		3.850000
9374		3.412500
9375		2.975000
9376		2.393750
9377		2.862500
9378		3.118750
9379		3.618750
9380		3.587500
9381		3.268750
9382		2.537500
9383		2.162500
9384		2.800000
9385		3.181250
9386		3.875000
9387		3.706250
9388		3.356250
9389		2.656250
9390		2.337500
9391		2.450000
9392		3.206250
9393		3.850000
9394		3.706250
9395		3.468750
9396		3.206250
9397		2.450000
9398		2.600000
9399		2.918750
9400		3.206250
9401		3.937500
9402		3.556250
9403		2.862500
9404		2.687500
9405		2.043750
9406		2.975000
9407		3.818750
9408		3.731250
9409		3.618750
9410		2.743750
9411		2.656250
9412		2.012500
9413		2.943750
9414		3.356250
9415		3.556250
9416		4.050000
9417		3.443750
9418		2.975000
9419		3.031250
9420		3.206250
9421		3.962500
9422		4.225000
9423		4.637500
9424		4.287500
9425		3.906250
9426		3.412500
9427		3.706250
9428		4.375000
9429		4.750000
9430		5.275000
9431		4.575000
9432		4.050000
9433		3.762500
9434		4.137500
9435		4.662500
9436		4.750000
9437		5.275000
9438		4.868750
9439		4.256250
9440		4.050000
9441		3.643750
9442		4.662500
9443		4.837500
9444		5.012500
9445		4.575000
9446		4.200000
9447		3.793750
9448		3.468750
9449		4.025000
9450		4.375000
9451		4.637500
9452		4.956250
9453		3.906250
9454		3.643750
9455		3.468750
9456		3.850000
9457		4.606250
9458		4.956250
9459		4.868750
9460		4.225000
9461		4.200000
9462		3.731250
9463		3.850000
9464		4.806250
9465		4.725000
9466		4.868750
9467		4.225000
9468		4.137500
9469		3.643750
9470		3.706250
9471		4.431250
9472		4.637500
9473		4.925000
9474		4.781250
9475		4.081250
9476		3.706250
9477		3.556250
9478		4.137500
9479		4.081250
9480		4.606250
9481		4.518750
9482		3.618750
9483		2.887500
9484		2.743750
9485		3.587500
9486		3.906250
9487		4.225000
9488		4.112500
9489		3.412500
9490		2.918750
9491		2.800000
9492		3.443750
9493		3.762500
9494		4.225000
9495		3.850000
9496		3.443750
9497		3.093750
9498		3.181250
9499		3.206250
9500		3.731250
9501		3.937500
9502		4.081250
9503		3.531250
9504		3.412500
9505		2.712500
9506		2.975000
9507		3.206250
9508		3.937500
9509		3.993750
9510		3.531250
9511		2.887500
9512		2.537500
9513		3.031250
9514		3.093750
9515		3.500000
9516		3.643750
9517		3.443750
9518		2.775000
9519		2.481250
9520		2.100000
9521		2.512500
9522		3.268750
9523		3.381250
9524		3.206250
9525		2.568750
9526		2.275000
9527		1.781250
9528		2.450000
9529		3.031250
9530		3.381250
9531		2.918750
9532		2.625000
9533		2.012500
9534		1.431250
9535		2.775000
9536		3.031250
9537		3.093750
9538		3.325000
9539		2.743750
9540		2.337500
9541		1.812500
9542		2.481250
9543		2.887500
9544		3.325000
9545		3.500000
9546		2.625000
9547		2.250000
9548		1.581250
9549		2.100000
9550		2.800000
9551		2.831250
9552		3.325000
9553		2.450000
9554		2.043750
9555		1.812500
9556		2.100000
9557		2.831250
9558		2.568750
9559		3.206250
9560		2.743750
9561		2.250000
9562		1.843750
9563		1.868750
9564		2.625000
9565		3.118750
9566		3.093750
9567		3.006250
9568		2.481250
9569		1.931250
9570		1.581250
9571		2.425000
9572		2.775000
9573		3.443750
9574		3.093750
9575		2.306250
9576		1.668750
9577		1.756250
9578		2.306250
9579		2.918750
9580		2.887500
9581		3.006250
9582		2.362500
9583		1.668750
9584		1.518750
9585		2.043750
9586		2.537500
9587		2.887500
9588		3.006250
9589		2.450000
9590		1.956250
9591		1.668750
9592		2.250000
9593		2.568750
9594		2.831250
9595		3.381250
9596		2.712500
9597		2.306250
9598		1.900000
9599		2.306250
9600		2.862500
9601		3.325000
9602		3.643750
9603		3.325000
9604		2.656250
9605		2.043750
9606		2.337500
9607		3.031250
9608		3.093750
9609		3.618750
9610		3.556250
9611		2.425000
9612		2.187500
9613		2.393750
9614		2.512500
9615		2.656250
9616		3.118750
9617		2.250000
9618		1.931250
9619		1.200000
9620		1.081250
9621		2.131250
9622		2.043750
9623		2.306250
9624		1.781250
9625		1.725000
9626		0.650000
9627		0.356250
9628		0.793750
9629		1.112500
9630		1.668750
9631		1.781250
9632		0.475000
9633		0.237500
9634		-0.106250
9635		0.268750
9636		0.443750
9637		0.500000
9638		0.825000
9639		-0.018750
9640		-0.575000
9641		-0.750000
9642		-0.718750
9643		-0.456250
9644		0.125000
9645		0.268750
9646		-0.312500
9647		-0.718750
9648		-1.012500
9649		-1.012500
9650		-0.543750
9651		0.125000
9652		0.618750
9653		0.006250
9654		-0.281250
9655		-0.368750
9656		-0.368750
9657		0.737500
9658		0.881250
9659		1.431250
9660		1.843750
9661		1.518750
9662		1.081250
9663		1.550000
9664		2.362500
9665		2.775000
9666		3.556250
9667		3.412500
9668		3.325000
9669		3.181250
9670		3.062500
9671		4.225000
9672		4.637500
9673		5.187500
9674		5.243750
9675		4.550000
9676		4.343750
9677		3.937500
9678		4.806250
9679		5.362500
9680		5.100000
9681		5.568750
9682		4.750000
9683		4.225000
9684		4.050000
9685		4.375000
9686		4.837500
9687		5.068750
9688		5.306250
9689		4.550000
9690		4.081250
9691		3.500000
9692		3.706250
9693		4.025000
9694		4.400000
9695		4.606250
9696		3.468750
9697		3.443750
9698		2.800000
9699		2.943750
9700		3.443750
9701		3.906250
9702		4.518750
9703		3.993750
9704		3.762500
9705		3.587500
9706		3.356250
9707		4.225000
9708		4.662500
9709		5.156250
9710		4.518750
9711		4.168750
9712		3.793750
9713		3.643750
9714		4.693750
9715		4.806250
9716		5.187500
9717		5.450000
9718		4.606250
9719		4.287500
9720		3.906250
9721		5.131250
9722		5.275000
9723		6.118750
9724		6.118750
9725		4.956250
9726		4.750000
9727		4.462500
9728		5.243750
9729		6.087500
9730		6.087500
9731		6.325000
9732		5.856250
9733		5.656250
9734		5.012500
9735		5.362500
9736		5.943750
9737		6.031250
9738		6.237500
9739		5.768750
9740		4.837500
9741		4.343750
9742		4.781250
9743		4.693750
9744		5.043750
9745		5.012500
9746		3.618750
9747		3.356250
9748		2.775000
9749		2.162500
9750		2.187500
9751		2.918750
9752		2.012500
9753		1.343750
9754		1.143750
9755		-0.281250
9756		-0.168750
9757		0.181250
9758		-0.256250
9759		0.412500
9760		-0.343750
9761		-1.012500
9762		-1.681250
9763		-1.856250
9764		-1.100000
9765		-1.100000
9766		-0.718750
9767		-1.125000
9768		-1.475000
9769		-2.406250
9770		-2.056250
9771		-1.331250
9772		-0.925000
9773		-0.662500
9774		-0.456250
9775		-1.187500
9776		-1.681250
9777		-1.712500
9778		-0.862500
9779		-0.487500
9780		-0.368750
9781		0.037500
9782		-0.862500
9783		-1.125000
9784		-1.418750
9785		-1.243750
9786		-0.662500
9787		-0.225000
9788		-0.018750
9789		-1.012500
9790		-1.100000
9791		-1.450000
9792		-1.537500
9793		-0.662500
9794		-0.606250
9795		-0.368750
9796		-0.837500
9797		-1.300000
9798		-1.475000
9799		-1.362500
9800		-1.156250
9801		-0.718750
9802		-0.168750
9803		-0.862500
9804		-1.387500
9805		-1.768750
9806		-2.056250
9807		-1.275000
9808		-0.693750
9809		-0.368750
9810		-1.012500
9811		-1.275000
9812		-1.681250
9813		-1.562500
9814		-1.068750
9815		-0.312500
9816		-0.281250
9817		-0.575000
9818		-0.981250
9819		-1.593750
9820		-1.300000
9821		-0.781250
9822		-0.050000
9823		0.475000
9824		-0.312500
9825		-0.862500
9826		-0.543750
9827		-0.806250
9828		0.068750
9829		0.618750
9830		1.168750
9831		1.287500
9832		0.443750
9833		0.650000
9834		0.475000
9835		0.850000
9836		2.012500
9837		1.931250
9838		2.362500
9839		1.843750
9840		1.025000
9841		1.056250
9842		1.375000
9843		1.637500
9844		2.625000
9845		2.043750
9846		1.431250
9847		0.562500
9848		0.068750
9849		0.675000
9850		1.168750
9851		0.706250
9852		1.231250
9853		-0.018750
9854		-0.631250
9855		-1.068750
9856		-1.212500
9857		-0.718750
9858		-1.012500
9859		-0.368750
9860		-1.387500
9861		-2.206250
9862		-2.437500
9863		-2.556250
9864		-2.262500
9865		-1.881250
9866		-1.625000
9867		-2.318750
9868		-3.050000
9869		-3.831250
9870		-3.281250
9871		-2.262500
9872		-2.350000
9873		-1.625000
9874		-2.406250
9875		-2.468750
9876		-3.075000
9877		-3.193750
9878		-2.556250
9879		-2.143750
9880		-1.331250
9881		-2.056250
9882		-2.468750
9883		-2.787500
9884		-2.468750
9885		-2.031250
9886		-1.881250
9887		-1.012500
9888		-1.275000
9889		-1.881250
9890		-1.593750
9891		-1.793750
9892		-1.156250
9893		-0.368750
9894		-0.256250
9895		-0.137500
9896		-0.575000
9897		-0.456250
9898		-0.400000
9899		0.500000
9900		0.825000
9901		1.756250
9902		1.812500
9903		1.431250
9904		1.668750
9905		1.000000
9906		2.131250
9907		2.250000
9908		3.006250
9909		3.381250
9910		2.743750
9911		2.537500
9912		2.425000
9913		2.712500
9914		3.325000
9915		3.443750
9916		3.875000
9917		3.031250
9918		2.100000
9919		1.868750
9920		2.393750
9921		2.775000
9922		3.062500
9923		3.062500
9924		2.393750
9925		1.518750
9926		1.081250
9927		1.375000
9928		1.781250
9929		1.956250
9930		2.250000
9931		1.493750
9932		1.000000
9933		0.412500
9934		0.762500
9935		1.025000
9936		1.606250
9937		1.931250
9938		1.375000
9939		1.143750
9940		0.475000
9941		1.200000
9942		1.375000
9943		1.843750
9944		2.306250
9945		1.781250
9946		1.318750
9947		0.650000
9948		0.650000
9949		1.725000
9950		1.318750
9951		1.606250
9952		1.318750
9953		0.531250
9954		0.068750
9955		-0.018750
9956		0.006250
9957		0.268750
9958		0.737500
9959		0.037500
9960		-0.950000
9961		-1.243750
9962		-1.856250
9963		-1.506250
9964		-1.450000
9965		-1.506250
9966		-1.737500
9967		-2.525000
9968		-3.368750
9969		-3.831250
9970		-3.193750
9971		-3.337500
9972		-3.487500
9973		-3.050000
9974		-3.981250
9975		-4.706250
9976		-5.231250
9977		-4.531250
9978		-4.587500
9979		-4.212500
9980		-4.650000
9981		-5.175000
9982		-5.693750
9983		-5.843750
9984		-5.781250
9985		-5.462500
9986		-5.025000
9987		-4.793750
9988		-5.843750
9989		-6.106250
9990		-6.481250
9991		-6.075000
9992		-5.406250
9993		-4.850000
9994		-4.650000
9995		-5.406250
9996		-5.668750
9997		-5.843750
9998		-5.375000
9999		-4.618750
10000		-4.181250
