Channel              :		CH1
Frequency            :		132.5Hz
Period               :		7.547ms
PK-PK                :		20.84mV
Average              :		-0.212mV
Vertical pos         :		1.000000mV
Probe attenuation    :		1X
Voltage per ADC value:		0.001563mV
Time interval        :		4.00000uS

index		CH1_Voltage(mV)
1		5.131250
2		4.606250
3		4.343750
4		4.168750
5		4.256250
6		4.487500
7		4.725000
8		5.068750
9		4.725000
10		4.806250
11		4.287500
12		4.431250
13		4.431250
14		4.606250
15		5.131250
16		4.725000
17		4.400000
18		4.287500
19		4.487500
20		4.575000
21		5.100000
22		5.243750
23		5.275000
24		4.806250
25		4.575000
26		4.487500
27		4.750000
28		5.187500
29		5.043750
30		4.662500
31		4.487500
32		4.606250
33		3.818750
34		4.431250
35		4.375000
36		4.925000
37		4.487500
38		4.200000
39		3.937500
40		3.850000
41		4.050000
42		4.050000
43		4.050000
44		3.906250
45		3.468750
46		3.618750
47		3.206250
48		3.356250
49		3.643750
50		3.443750
51		3.531250
52		3.468750
53		3.093750
54		3.062500
55		2.975000
56		3.062500
57		3.643750
58		3.325000
59		2.743750
60		2.975000
61		2.887500
62		3.093750
63		3.062500
64		3.031250
65		2.975000
66		2.943750
67		2.393750
68		2.512500
69		2.512500
70		2.775000
71		2.831250
72		2.943750
73		2.450000
74		2.600000
75		1.812500
76		2.187500
77		2.450000
78		2.600000
79		2.975000
80		2.831250
81		2.306250
82		2.012500
83		2.075000
84		2.537500
85		3.031250
86		3.325000
87		3.118750
88		2.625000
89		2.800000
90		3.118750
91		3.643750
92		3.762500
93		4.606250
94		4.781250
95		3.993750
96		3.268750
97		3.412500
98		3.962500
99		4.343750
100		4.225000
101		4.112500
102		3.556250
103		3.556250
104		3.356250
105		3.118750
106		3.206250
107		3.443750
108		2.800000
109		2.100000
110		1.900000
111		1.606250
112		1.581250
113		1.056250
114		1.581250
115		1.025000
116		0.531250
117		-0.081250
118		0.125000
119		-0.018750
120		0.212500
121		0.443750
122		-0.081250
123		-0.431250
124		-0.281250
125		-0.456250
126		-0.368750
127		-0.225000
128		-0.018750
129		0.068750
130		-0.225000
131		-0.312500
132		-0.225000
133		0.412500
134		0.412500
135		0.675000
136		0.737500
137		0.300000
138		0.475000
139		0.268750
140		0.500000
141		0.650000
142		1.025000
143		0.706250
144		0.968750
145		0.268750
146		0.037500
147		0.500000
148		0.737500
149		1.318750
150		0.737500
151		0.825000
152		1.343750
153		0.300000
154		1.025000
155		1.462500
156		1.868750
157		1.812500
158		1.812500
159		1.812500
160		1.493750
161		2.075000
162		2.250000
163		2.712500
164		2.687500
165		2.600000
166		2.306250
167		2.100000
168		2.537500
169		2.600000
170		2.887500
171		2.862500
172		2.712500
173		2.656250
174		2.393750
175		2.481250
176		2.862500
177		2.712500
178		2.918750
179		2.450000
180		2.425000
181		2.275000
182		2.775000
183		3.206250
184		3.618750
185		3.818750
186		3.937500
187		3.762500
188		3.531250
189		4.200000
190		4.693750
191		5.068750
192		5.506250
193		5.625000
194		5.975000
195		5.975000
196		6.325000
197		6.843750
198		6.962500
199		7.487500
200		7.256250
201		7.543750
202		7.137500
203		7.631250
204		7.718750
205		7.718750
206		8.275000
207		7.662500
208		7.487500
209		7.400000
210		7.281250
211		7.431250
212		7.400000
213		7.106250
214		6.643750
215		6.468750
216		6.087500
217		6.087500
218		5.975000
219		5.768750
220		6.087500
221		5.537500
222		5.218750
223		4.487500
224		4.806250
225		4.575000
226		4.575000
227		4.375000
228		4.225000
229		3.556250
230		2.943750
231		3.206250
232		3.181250
233		3.031250
234		2.918750
235		2.362500
236		1.725000
237		1.462500
238		1.462500
239		1.668750
240		0.937500
241		1.375000
242		0.737500
243		0.125000
244		-0.518750
245		-0.543750
246		-0.575000
247		-0.806250
248		-0.281250
249		-0.925000
250		-1.100000
251		-1.475000
252		-1.650000
253		-1.506250
254		-1.593750
255		-1.362500
256		-1.681250
257		-2.118750
258		-2.262500
259		-2.262500
260		-1.968750
261		-1.825000
262		-1.768750
263		-1.968750
264		-2.262500
265		-2.175000
266		-2.406250
267		-1.881250
268		-2.175000
269		-1.856250
270		-1.968750
271		-2.175000
272		-2.318750
273		-2.525000
274		-2.318750
275		-2.406250
276		-2.262500
277		-2.581250
278		-2.556250
279		-2.525000
280		-2.787500
281		-2.381250
282		-2.350000
283		-1.912500
284		-2.381250
285		-2.468750
286		-2.468750
287		-2.556250
288		-2.350000
289		-1.881250
290		-1.475000
291		-1.625000
292		-1.912500
293		-2.056250
294		-1.681250
295		-1.593750
296		-1.125000
297		-0.718750
298		-1.068750
299		-0.893750
300		-0.893750
301		-0.806250
302		-0.137500
303		-0.312500
304		0.412500
305		0.237500
306		0.150000
307		0.325000
308		0.268750
309		0.562500
310		0.937500
311		1.168750
312		1.431250
313		1.287500
314		1.318750
315		1.231250
316		1.462500
317		2.187500
318		2.162500
319		1.812500
320		2.012500
321		1.812500
322		1.868750
323		2.162500
324		2.481250
325		2.275000
326		2.187500
327		1.931250
328		2.043750
329		1.987500
330		2.362500
331		2.481250
332		2.600000
333		2.250000
334		2.100000
335		1.812500
336		1.756250
337		1.956250
338		1.812500
339		2.450000
340		1.693750
341		1.693750
342		1.168750
343		1.256250
344		1.287500
345		1.112500
346		1.668750
347		1.081250
348		0.500000
349		0.937500
350		0.300000
351		0.706250
352		0.675000
353		0.881250
354		0.587500
355		0.300000
356		-0.281250
357		0.150000
358		-0.137500
359		0.068750
360		0.356250
361		0.387500
362		-0.137500
363		-0.575000
364		-0.862500
365		-0.662500
366		-0.781250
367		0.125000
368		-0.750000
369		-0.862500
370		-0.718750
371		-1.068750
372		-1.125000
373		-1.100000
374		-1.450000
375		-0.781250
376		-1.450000
377		-1.362500
378		-2.556250
379		-1.625000
380		-1.418750
381		-1.187500
382		-1.212500
383		-1.331250
384		-1.593750
385		-1.768750
386		-1.331250
387		-1.275000
388		-0.950000
389		-0.981250
390		-1.212500
391		-1.362500
392		-1.506250
393		-0.837500
394		-0.862500
395		-0.225000
396		-0.518750
397		-0.518750
398		-0.431250
399		-0.981250
400		-1.068750
401		-0.806250
402		0.150000
403		0.068750
404		-0.312500
405		-0.193750
406		-0.431250
407		-0.368750
408		-0.225000
409		0.325000
410		0.181250
411		0.300000
412		-0.193750
413		-0.343750
414		0.237500
415		0.587500
416		0.268750
417		0.150000
418		0.500000
419		-0.168750
420		-0.225000
421		0.150000
422		0.268750
423		0.443750
424		0.237500
425		0.356250
426		-0.225000
427		-0.400000
428		-0.081250
429		0.500000
430		0.356250
431		0.300000
432		-0.168750
433		-0.606250
434		-0.606250
435		-0.312500
436		-0.281250
437		-0.518750
438		-0.368750
439		-0.950000
440		-0.950000
441		-1.100000
442		-1.243750
443		-0.893750
444		-0.893750
445		-1.212500
446		-1.300000
447		-1.387500
448		-1.593750
449		-1.537500
450		-1.012500
451		-0.575000
452		-0.950000
453		-0.925000
454		-1.243750
455		-1.537500
456		-1.212500
457		-1.100000
458		-0.606250
459		-0.631250
460		-0.950000
461		-0.925000
462		-1.037500
463		-0.837500
464		-0.662500
465		-0.368750
466		-0.718750
467		-0.806250
468		-1.275000
469		-1.506250
470		-0.662500
471		-0.806250
472		-0.575000
473		-1.275000
474		-1.012500
475		-1.475000
476		-2.175000
477		-1.737500
478		-1.912500
479		-1.737500
480		-1.881250
481		-2.175000
482		-2.581250
483		-2.581250
484		-3.137500
485		-2.231250
486		-1.712500
487		-2.787500
488		-2.931250
489		-3.106250
490		-3.162500
491		-3.225000
492		-3.050000
493		-2.350000
494		-2.643750
495		-3.225000
496		-3.487500
497		-3.137500
498		-3.281250
499		-3.193750
500		-2.725000
501		-2.843750
502		-2.931250
503		-3.162500
504		-2.900000
505		-2.931250
506		-2.381250
507		-2.262500
508		-2.581250
509		-2.293750
510		-2.756250
511		-3.018750
512		-2.318750
513		-2.118750
514		-1.793750
515		-1.737500
516		-1.768750
517		-2.262500
518		-2.056250
519		-1.681250
520		-1.537500
521		-0.981250
522		-1.125000
523		-1.037500
524		-1.300000
525		-1.212500
526		-1.243750
527		-0.837500
528		-0.193750
529		-0.693750
530		-0.718750
531		-0.606250
532		-0.893750
533		-0.893750
534		-0.662500
535		-0.368750
536		-0.575000
537		-0.781250
538		-1.012500
539		-1.037500
540		-1.037500
541		-1.187500
542		-0.718750
543		-0.862500
544		-1.156250
545		-1.450000
546		-1.793750
547		-1.681250
548		-1.475000
549		-0.981250
550		-1.593750
551		-1.593750
552		-1.768750
553		-2.087500
554		-1.825000
555		-1.681250
556		-1.450000
557		-1.506250
558		-1.650000
559		-1.768750
560		-1.943750
561		-1.681250
562		-1.475000
563		-1.012500
564		-1.537500
565		-1.593750
566		-1.856250
567		-1.825000
568		-2.031250
569		-1.737500
570		-1.300000
571		-1.537500
572		-1.968750
573		-2.262500
574		-2.406250
575		-2.493750
576		-2.262500
577		-2.031250
578		-2.262500
579		-2.612500
580		-3.050000
581		-3.656250
582		-2.787500
583		-2.843750
584		-2.900000
585		-3.368750
586		-3.137500
587		-3.918750
588		-3.631250
589		-3.543750
590		-3.743750
591		-3.368750
592		-3.893750
593		-4.006250
594		-4.006250
595		-4.037500
596		-4.125000
597		-4.068750
598		-3.400000
599		-4.243750
600		-4.356250
601		-4.300000
602		-4.850000
603		-4.531250
604		-4.587500
605		-4.093750
606		-4.675000
607		-5.437500
608		-5.318750
609		-5.112500
610		-5.112500
611		-5.262500
612		-5.175000
613		-5.375000
614		-5.693750
615		-6.075000
616		-6.306250
617		-5.956250
618		-6.043750
619		-5.668750
620		-5.693750
621		-6.106250
622		-6.393750
623		-6.481250
624		-6.106250
625		-5.843750
626		-5.350000
627		-5.781250
628		-5.812500
629		-6.193750
630		-6.075000
631		-5.693750
632		-5.437500
633		-5.056250
634		-5.581250
635		-5.406250
636		-5.606250
637		-5.375000
638		-5.056250
639		-4.618750
640		-4.706250
641		-4.737500
642		-4.937500
643		-4.968750
644		-4.881250
645		-4.881250
646		-4.850000
647		-4.093750
648		-4.618750
649		-4.618750
650		-4.937500
651		-4.618750
652		-4.562500
653		-4.300000
654		-4.068750
655		-4.475000
656		-4.387500
657		-4.300000
658		-3.862500
659		-3.831250
660		-3.631250
661		-2.987500
662		-3.425000
663		-3.775000
664		-3.656250
665		-3.575000
666		-2.987500
667		-2.756250
668		-2.581250
669		-2.700000
670		-2.987500
671		-3.368750
672		-2.787500
673		-2.987500
674		-2.556250
675		-2.143750
676		-2.725000
677		-2.700000
678		-2.931250
679		-2.812500
680		-2.700000
681		-2.437500
682		-2.350000
683		-2.843750
684		-2.581250
685		-3.368750
686		-3.225000
687		-2.787500
688		-2.931250
689		-2.725000
690		-2.987500
691		-2.700000
692		-3.106250
693		-2.756250
694		-3.193750
695		-3.018750
696		-2.318750
697		-2.987500
698		-2.756250
699		-3.512500
700		-2.787500
701		-2.900000
702		-2.556250
703		-2.787500
704		-3.018750
705		-2.900000
706		-3.456250
707		-3.075000
708		-2.756250
709		-3.162500
710		-2.900000
711		-3.487500
712		-4.243750
713		-3.656250
714		-3.600000
715		-3.225000
716		-3.543750
717		-2.900000
718		-3.806250
719		-3.512500
720		-4.243750
721		-3.775000
722		-3.425000
723		-3.862500
724		-3.487500
725		-4.093750
726		-3.981250
727		-5.087500
728		-4.243750
729		-4.331250
730		-4.093750
731		-4.356250
732		-4.006250
733		-4.675000
734		-4.968750
735		-4.762500
736		-4.912500
737		-4.562500
738		-4.506250
739		-5.000000
740		-5.406250
741		-5.493750
742		-5.262500
743		-4.675000
744		-5.143750
745		-5.375000
746		-5.550000
747		-5.843750
748		-6.281250
749		-5.931250
750		-6.075000
751		-5.668750
752		-5.900000
753		-6.106250
754		-6.393750
755		-6.975000
756		-6.537500
757		-6.393750
758		-5.756250
759		-6.193750
760		-6.337500
761		-6.450000
762		-6.368750
763		-6.393750
764		-5.956250
765		-5.693750
766		-6.281250
767		-6.193750
768		-6.281250
769		-6.393750
770		-6.131250
771		-5.900000
772		-5.406250
773		-5.550000
774		-5.693750
775		-6.043750
776		-6.162500
777		-5.518750
778		-5.781250
779		-5.175000
780		-5.437500
781		-5.693750
782		-5.900000
783		-5.987500
784		-6.043750
785		-5.462500
786		-5.231250
787		-5.637500
788		-5.606250
789		-5.900000
790		-5.812500
791		-5.987500
792		-5.693750
793		-5.318750
794		-5.462500
795		-5.812500
796		-5.987500
797		-5.812500
798		-5.693750
799		-5.231250
800		-5.318750
801		-5.518750
802		-5.693750
803		-5.756250
804		-5.756250
805		-5.668750
806		-5.518750
807		-5.112500
808		-5.868750
809		-5.668750
810		-6.306250
811		-5.843750
812		-5.843750
813		-5.318750
814		-5.200000
815		-5.843750
816		-5.637500
817		-5.987500
818		-5.987500
819		-5.518750
820		-5.087500
821		-5.350000
822		-5.693750
823		-5.262500
824		-5.637500
825		-5.493750
826		-5.112500
827		-5.112500
828		-5.087500
829		-5.550000
830		-5.693750
831		-5.375000
832		-4.968750
833		-5.112500
834		-4.968750
835		-3.981250
836		-4.531250
837		-4.762500
838		-5.112500
839		-4.793750
840		-4.850000
841		-4.506250
842		-4.356250
843		-4.506250
844		-4.912500
845		-5.518750
846		-4.675000
847		-4.737500
848		-4.825000
849		-4.825000
850		-4.881250
851		-5.112500
852		-5.812500
853		-4.968750
854		-5.087500
855		-5.143750
856		-4.737500
857		-5.781250
858		-5.693750
859		-6.106250
860		-6.043750
861		-5.550000
862		-5.725000
863		-5.725000
864		-5.868750
865		-6.250000
866		-6.281250
867		-6.250000
868		-6.106250
869		-5.518750
870		-6.018750
871		-6.250000
872		-6.162500
873		-6.337500
874		-5.550000
875		-5.637500
876		-5.550000
877		-6.075000
878		-5.987500
879		-6.625000
880		-6.568750
881		-6.106250
882		-6.450000
883		-5.987500
884		-6.075000
885		-6.831250
886		-6.512500
887		-6.862500
888		-6.712500
889		-6.481250
890		-6.250000
891		-6.712500
892		-6.712500
893		-6.775000
894		-7.125000
895		-6.975000
896		-6.537500
897		-6.568750
898		-6.687500
899		-7.356250
900		-7.150000
901		-7.093750
902		-7.037500
903		-6.831250
904		-6.393750
905		-6.712500
906		-7.006250
907		-7.381250
908		-7.412500
909		-6.918750
910		-6.862500
911		-6.743750
912		-6.950000
913		-7.587500
914		-7.356250
915		-7.181250
916		-7.212500
917		-7.062500
918		-6.950000
919		-6.775000
920		-7.325000
921		-7.300000
922		-7.412500
923		-7.150000
924		-7.268750
925		-6.743750
926		-7.150000
927		-7.443750
928		-7.993750
929		-7.706250
930		-7.356250
931		-7.237500
932		-7.556250
933		-7.881250
934		-7.850000
935		-8.143750
936		-7.706250
937		-7.468750
938		-7.150000
939		-7.212500
940		-7.556250
941		-8.168750
942		-8.056250
943		-7.587500
944		-7.125000
945		-7.587500
946		-7.818750
947		-7.881250
948		-7.356250
949		-8.343750
950		-8.025000
951		-7.587500
952		-7.793750
953		-7.850000
954		-8.168750
955		-8.431250
956		-8.231250
957		-8.400000
958		-7.850000
959		-7.818750
960		-7.818750
961		-7.706250
962		-7.850000
963		-8.375000
964		-8.143750
965		-7.706250
966		-7.618750
967		-7.793750
968		-7.850000
969		-7.675000
970		-7.706250
971		-7.212500
972		-7.212500
973		-7.062500
974		-7.006250
975		-7.181250
976		-7.268750
977		-7.212500
978		-6.656250
979		-6.600000
980		-6.106250
981		-6.306250
982		-6.281250
983		-6.687500
984		-6.656250
985		-5.987500
986		-5.693750
987		-5.437500
988		-6.106250
989		-5.931250
990		-6.162500
991		-6.306250
992		-5.756250
993		-6.162500
994		-5.756250
995		-6.831250
996		-7.125000
997		-6.831250
998		-7.093750
999		-7.006250
1000		-6.918750
1001		-7.093750
1002		-7.443750
1003		-7.412500
1004		-8.343750
1005		-8.025000
1006		-8.287500
1007		-7.937500
1008		-7.850000
1009		-8.606250
1010		-8.550000
1011		-9.012500
1012		-8.662500
1013		-8.637500
1014		-8.287500
1015		-8.143750
1016		-8.200000
1017		-8.025000
1018		-8.462500
1019		-7.850000
1020		-7.618750
1021		-7.037500
1022		-6.831250
1023		-6.831250
1024		-6.481250
1025		-6.337500
1026		-5.781250
1027		-5.462500
1028		-4.850000
1029		-4.475000
1030		-4.331250
1031		-4.243750
1032		-4.093750
1033		-4.037500
1034		-2.987500
1035		-3.337500
1036		-3.018750
1037		-2.787500
1038		-3.050000
1039		-2.875000
1040		-2.468750
1041		-2.031250
1042		-2.031250
1043		-1.943750
1044		-2.406250
1045		-1.681250
1046		-2.843750
1047		-2.231250
1048		-2.175000
1049		-2.350000
1050		-2.468750
1051		-2.843750
1052		-3.193750
1053		-3.400000
1054		-2.931250
1055		-3.425000
1056		-3.225000
1057		-3.400000
1058		-3.950000
1059		-4.475000
1060		-4.675000
1061		-4.181250
1062		-4.650000
1063		-4.531250
1064		-5.287500
1065		-5.693750
1066		-5.900000
1067		-6.481250
1068		-6.306250
1069		-6.018750
1070		-6.337500
1071		-6.800000
1072		-6.918750
1073		-7.062500
1074		-7.381250
1075		-7.268750
1076		-7.268750
1077		-6.975000
1078		-7.062500
1079		-7.587500
1080		-7.706250
1081		-7.993750
1082		-7.412500
1083		-7.181250
1084		-7.006250
1085		-6.862500
1086		-7.212500
1087		-7.212500
1088		-7.181250
1089		-6.568750
1090		-5.900000
1091		-6.193750
1092		-6.106250
1093		-6.393750
1094		-6.831250
1095		-6.712500
1096		-6.512500
1097		-6.018750
1098		-6.106250
1099		-6.218750
1100		-6.862500
1101		-6.975000
1102		-6.975000
1103		-7.150000
1104		-6.862500
1105		-6.950000
1106		-7.037500
1107		-7.675000
1108		-7.587500
1109		-8.056250
1110		-7.618750
1111		-7.356250
1112		-7.675000
1113		-7.968750
1114		-8.112500
1115		-8.231250
1116		-8.606250
1117		-8.287500
1118		-8.025000
1119		-7.793750
1120		-7.850000
1121		-8.025000
1122		-7.937500
1123		-7.793750
1124		-7.643750
1125		-7.556250
1126		-7.006250
1127		-6.950000
1128		-7.212500
1129		-7.531250
1130		-7.212500
1131		-7.093750
1132		-6.281250
1133		-6.306250
1134		-6.131250
1135		-5.693750
1136		-6.131250
1137		-5.581250
1138		-5.668750
1139		-4.968750
1140		-5.000000
1141		-4.825000
1142		-4.650000
1143		-4.675000
1144		-4.881250
1145		-4.387500
1146		-4.243750
1147		-3.487500
1148		-3.543750
1149		-3.137500
1150		-3.137500
1151		-3.600000
1152		-2.668750
1153		-2.668750
1154		-2.318750
1155		-2.493750
1156		-2.262500
1157		-2.900000
1158		-2.406250
1159		-2.468750
1160		-1.768750
1161		-1.943750
1162		-1.968750
1163		-2.318750
1164		-2.875000
1165		-3.050000
1166		-2.787500
1167		-2.262500
1168		-2.756250
1169		-3.075000
1170		-3.512500
1171		-3.631250
1172		-4.093750
1173		-4.093750
1174		-3.862500
1175		-3.893750
1176		-4.793750
1177		-5.143750
1178		-5.287500
1179		-5.693750
1180		-6.337500
1181		-6.131250
1182		-5.668750
1183		-6.712500
1184		-6.975000
1185		-7.468750
1186		-7.793750
1187		-7.793750
1188		-8.200000
1189		-7.675000
1190		-8.231250
1191		-8.781250
1192		-9.131250
1193		-9.418750
1194		-9.856250
1195		-9.537500
1196		-9.831250
1197		-10.093750
1198		-10.412500
1199		-10.468750
1200		-10.937500
1201		-10.500000
1202		-10.612500
1203		-10.962500
1204		-10.587500
1205		-10.850000
1206		-11.193750
1207		-11.400000
1208		-10.762500
1209		-10.500000
1210		-10.350000
1211		-10.118750
1212		-10.062500
1213		-10.587500
1214		-10.612500
1215		-10.325000
1216		-9.712500
1217		-9.187500
1218		-9.100000
1219		-8.900000
1220		-8.868750
1221		-8.637500
1222		-8.431250
1223		-7.731250
1224		-7.381250
1225		-7.093750
1226		-6.887500
1227		-6.712500
1228		-6.537500
1229		-6.425000
1230		-6.512500
1231		-5.437500
1232		-5.200000
1233		-5.025000
1234		-4.793750
1235		-4.881250
1236		-4.793750
1237		-3.831250
1238		-3.862500
1239		-3.137500
1240		-3.106250
1241		-2.931250
1242		-3.137500
1243		-2.843750
1244		-2.293750
1245		-2.056250
1246		-1.825000
1247		-1.737500
1248		-2.000000
1249		-1.912500
1250		-1.387500
1251		-1.450000
1252		-0.950000
1253		-0.456250
1254		-0.575000
1255		-1.037500
1256		-0.693750
1257		-0.750000
1258		-0.693750
1259		-0.662500
1260		-0.431250
1261		-0.137500
1262		-0.693750
1263		-0.487500
1264		-1.793750
1265		-0.925000
1266		-0.693750
1267		-0.137500
1268		-0.368750
1269		-0.662500
1270		-1.012500
1271		-1.100000
1272		-0.981250
1273		-0.837500
1274		-0.750000
1275		-0.662500
1276		-1.037500
1277		-0.806250
1278		-1.625000
1279		-1.418750
1280		-1.100000
1281		-1.506250
1282		-1.012500
1283		-1.593750
1284		-1.825000
1285		-2.381250
1286		-2.612500
1287		-2.262500
1288		-2.756250
1289		-2.031250
1290		-2.931250
1291		-3.512500
1292		-3.775000
1293		-4.212500
1294		-4.300000
1295		-4.475000
1296		-4.181250
1297		-5.000000
1298		-5.462500
1299		-6.131250
1300		-6.250000
1301		-6.512500
1302		-6.687500
1303		-6.743750
1304		-7.181250
1305		-7.643750
1306		-8.025000
1307		-8.725000
1308		-8.343750
1309		-8.287500
1310		-7.993750
1311		-8.637500
1312		-8.462500
1313		-9.075000
1314		-9.450000
1315		-9.418750
1316		-9.481250
1317		-9.393750
1318		-8.900000
1319		-9.537500
1320		-9.131250
1321		-10.118750
1322		-9.593750
1323		-9.800000
1324		-9.625000
1325		-9.162500
1326		-9.768750
1327		-9.743750
1328		-10.293750
1329		-9.656250
1330		-9.625000
1331		-9.131250
1332		-9.012500
1333		-9.043750
1334		-9.362500
1335		-9.331250
1336		-9.012500
1337		-8.375000
1338		-8.231250
1339		-7.881250
1340		-7.643750
1341		-7.468750
1342		-7.618750
1343		-7.731250
1344		-7.062500
1345		-6.568750
1346		-5.956250
1347		-6.337500
1348		-6.131250
1349		-6.131250
1350		-5.812500
1351		-5.318750
1352		-5.231250
1353		-4.618750
1354		-4.968750
1355		-4.937500
1356		-5.000000
1357		-4.587500
1358		-4.618750
1359		-4.212500
1360		-3.806250
1361		-3.718750
1362		-4.068750
1363		-4.068750
1364		-4.300000
1365		-3.862500
1366		-3.687500
1367		-3.656250
1368		-3.018750
1369		-3.337500
1370		-3.487500
1371		-3.950000
1372		-3.225000
1373		-3.050000
1374		-3.193750
1375		-2.468750
1376		-3.162500
1377		-3.368750
1378		-3.512500
1379		-3.368750
1380		-3.425000
1381		-2.787500
1382		-2.843750
1383		-3.106250
1384		-3.368750
1385		-3.456250
1386		-3.487500
1387		-3.575000
1388		-3.312500
1389		-3.400000
1390		-3.337500
1391		-4.068750
1392		-4.068750
1393		-4.300000
1394		-4.068750
1395		-4.068750
1396		-3.893750
1397		-4.268750
1398		-4.356250
1399		-4.587500
1400		-4.850000
1401		-4.675000
1402		-4.212500
1403		-4.356250
1404		-4.268750
1405		-4.762500
1406		-4.793750
1407		-5.375000
1408		-5.200000
1409		-4.825000
1410		-5.000000
1411		-4.531250
1412		-5.025000
1413		-5.350000
1414		-5.231250
1415		-5.375000
1416		-4.793750
1417		-5.318750
1418		-4.618750
1419		-5.112500
1420		-5.318750
1421		-5.693750
1422		-6.018750
1423		-5.693750
1424		-5.781250
1425		-5.143750
1426		-5.900000
1427		-5.781250
1428		-6.450000
1429		-6.425000
1430		-6.425000
1431		-6.106250
1432		-6.106250
1433		-6.425000
1434		-6.450000
1435		-6.775000
1436		-7.125000
1437		-6.775000
1438		-6.218750
1439		-6.656250
1440		-6.281250
1441		-6.481250
1442		-6.568750
1443		-7.443750
1444		-6.568750
1445		-6.625000
1446		-6.075000
1447		-6.043750
1448		-6.425000
1449		-6.625000
1450		-6.831250
1451		-7.037500
1452		-6.281250
1453		-6.393750
1454		-6.106250
1455		-6.018750
1456		-6.537500
1457		-6.831250
1458		-6.481250
1459		-6.625000
1460		-6.281250
1461		-6.043750
1462		-6.337500
1463		-6.537500
1464		-6.537500
1465		-6.537500
1466		-6.481250
1467		-6.393750
1468		-5.693750
1469		-5.843750
1470		-6.218750
1471		-6.393750
1472		-6.568750
1473		-5.812500
1474		-5.725000
1475		-5.725000
1476		-5.175000
1477		-5.868750
1478		-5.756250
1479		-5.693750
1480		-5.637500
1481		-5.493750
1482		-5.493750
1483		-5.175000
1484		-5.262500
1485		-5.262500
1486		-5.437500
1487		-5.406250
1488		-5.112500
1489		-4.850000
1490		-4.531250
1491		-4.968750
1492		-5.318750
1493		-5.550000
1494		-5.606250
1495		-5.262500
1496		-5.087500
1497		-4.506250
1498		-5.231250
1499		-5.087500
1500		-5.287500
1501		-5.637500
1502		-5.087500
1503		-5.231250
1504		-4.825000
1505		-5.112500
1506		-5.087500
1507		-5.056250
1508		-5.375000
1509		-5.231250
1510		-4.762500
1511		-4.531250
1512		-4.968750
1513		-4.706250
1514		-5.668750
1515		-5.200000
1516		-4.675000
1517		-4.650000
1518		-4.562500
1519		-4.243750
1520		-4.762500
1521		-4.068750
1522		-5.025000
1523		-4.475000
1524		-4.531250
1525		-4.181250
1526		-4.068750
1527		-4.300000
1528		-4.443750
1529		-4.243750
1530		-4.618750
1531		-4.181250
1532		-3.831250
1533		-3.806250
1534		-4.068750
1535		-4.006250
1536		-3.718750
1537		-4.156250
1538		-3.368750
1539		-3.743750
1540		-2.931250
1541		-2.931250
1542		-3.050000
1543		-3.281250
1544		-3.831250
1545		-3.137500
1546		-2.931250
1547		-2.468750
1548		-2.900000
1549		-2.987500
1550		-2.787500
1551		-3.193750
1552		-2.668750
1553		-2.756250
1554		-2.468750
1555		-2.493750
1556		-2.468750
1557		-2.756250
1558		-3.225000
1559		-2.900000
1560		-2.756250
1561		-2.581250
1562		-2.643750
1563		-3.050000
1564		-2.812500
1565		-2.812500
1566		-3.162500
1567		-3.137500
1568		-2.725000
1569		-2.175000
1570		-2.612500
1571		-2.756250
1572		-3.225000
1573		-3.075000
1574		-2.962500
1575		-2.468750
1576		-2.468750
1577		-2.843750
1578		-2.756250
1579		-2.787500
1580		-3.337500
1581		-3.137500
1582		-2.843750
1583		-2.612500
1584		-2.468750
1585		-2.787500
1586		-2.900000
1587		-3.456250
1588		-3.106250
1589		-3.018750
1590		-3.368750
1591		-2.406250
1592		-2.700000
1593		-3.225000
1594		-3.137500
1595		-3.368750
1596		-3.075000
1597		-2.900000
1598		-3.137500
1599		-3.281250
1600		-3.575000
1601		-3.718750
1602		-4.093750
1603		-3.743750
1604		-3.543750
1605		-3.456250
1606		-3.400000
1607		-3.512500
1608		-4.300000
1609		-4.268750
1610		-4.068750
1611		-3.862500
1612		-3.831250
1613		-3.512500
1614		-4.068750
1615		-4.443750
1616		-4.881250
1617		-4.331250
1618		-4.300000
1619		-4.356250
1620		-4.181250
1621		-4.762500
1622		-4.587500
1623		-5.437500
1624		-5.550000
1625		-5.175000
1626		-5.231250
1627		-4.737500
1628		-5.112500
1629		-5.350000
1630		-6.043750
1631		-5.756250
1632		-5.812500
1633		-5.668750
1634		-5.262500
1635		-5.756250
1636		-6.131250
1637		-6.450000
1638		-6.743750
1639		-6.512500
1640		-6.043750
1641		-6.193750
1642		-6.450000
1643		-6.862500
1644		-7.062500
1645		-7.212500
1646		-6.950000
1647		-6.862500
1648		-6.743750
1649		-6.712500
1650		-6.568750
1651		-7.006250
1652		-7.125000
1653		-6.687500
1654		-6.656250
1655		-6.481250
1656		-6.250000
1657		-6.218750
1658		-6.425000
1659		-6.800000
1660		-6.393750
1661		-5.900000
1662		-5.693750
1663		-5.756250
1664		-5.606250
1665		-5.900000
1666		-5.987500
1667		-5.606250
1668		-5.812500
1669		-5.350000
1670		-4.912500
1671		-4.937500
1672		-5.231250
1673		-4.968750
1674		-5.056250
1675		-4.881250
1676		-4.706250
1677		-4.300000
1678		-4.268750
1679		-4.618750
1680		-4.443750
1681		-4.531250
1682		-4.675000
1683		-4.156250
1684		-4.006250
1685		-3.806250
1686		-3.775000
1687		-4.156250
1688		-4.387500
1689		-3.806250
1690		-3.631250
1691		-3.368750
1692		-2.987500
1693		-3.575000
1694		-3.575000
1695		-4.006250
1696		-3.225000
1697		-2.987500
1698		-3.018750
1699		-2.318750
1700		-2.581250
1701		-2.612500
1702		-2.756250
1703		-2.756250
1704		-1.881250
1705		-1.912500
1706		-1.187500
1707		-1.856250
1708		-1.681250
1709		-1.881250
1710		-1.681250
1711		-1.418750
1712		-1.100000
1713		-0.806250
1714		-0.693750
1715		-1.125000
1716		-0.862500
1717		-0.893750
1718		-0.662500
1719		-0.281250
1720		-0.137500
1721		0.181250
1722		-0.368750
1723		-0.050000
1724		-0.893750
1725		-0.343750
1726		-0.018750
1727		-0.106250
1728		-0.168750
1729		-0.431250
1730		-0.606250
1731		-0.925000
1732		-0.781250
1733		-0.431250
1734		-0.256250
1735		-0.081250
1736		-0.606250
1737		-0.862500
1738		-1.100000
1739		-1.243750
1740		-1.156250
1741		-1.156250
1742		-0.750000
1743		-1.187500
1744		-1.625000
1745		-2.118750
1746		-1.856250
1747		-1.968750
1748		-1.856250
1749		-1.625000
1750		-1.737500
1751		-1.881250
1752		-2.206250
1753		-2.700000
1754		-2.643750
1755		-2.468750
1756		-2.262500
1757		-1.968750
1758		-2.700000
1759		-2.350000
1760		-3.050000
1761		-2.725000
1762		-2.437500
1763		-2.318750
1764		-2.262500
1765		-2.668750
1766		-3.312500
1767		-3.312500
1768		-3.075000
1769		-2.787500
1770		-2.493750
1771		-2.725000
1772		-2.756250
1773		-3.018750
1774		-3.250000
1775		-3.337500
1776		-3.225000
1777		-2.875000
1778		-2.556250
1779		-3.193750
1780		-3.368750
1781		-3.425000
1782		-3.687500
1783		-3.718750
1784		-3.575000
1785		-3.337500
1786		-3.337500
1787		-3.806250
1788		-3.718750
1789		-4.212500
1790		-4.037500
1791		-3.631250
1792		-3.718750
1793		-3.743750
1794		-4.387500
1795		-4.093750
1796		-4.387500
1797		-4.331250
1798		-4.243750
1799		-3.981250
1800		-3.831250
1801		-3.806250
1802		-4.331250
1803		-4.531250
1804		-4.068750
1805		-3.950000
1806		-3.687500
1807		-3.137500
1808		-3.575000
1809		-3.631250
1810		-3.487500
1811		-3.718750
1812		-3.162500
1813		-3.225000
1814		-2.581250
1815		-2.756250
1816		-2.900000
1817		-2.987500
1818		-3.018750
1819		-2.643750
1820		-2.643750
1821		-2.318750
1822		-2.468750
1823		-2.612500
1824		-2.700000
1825		-3.075000
1826		-2.556250
1827		-2.262500
1828		-1.912500
1829		-2.118750
1830		-2.318750
1831		-2.262500
1832		-3.075000
1833		-2.293750
1834		-2.318750
1835		-1.825000
1836		-2.000000
1837		-2.493750
1838		-2.206250
1839		-3.075000
1840		-2.206250
1841		-2.581250
1842		-2.468750
1843		-2.406250
1844		-2.406250
1845		-2.812500
1846		-2.756250
1847		-2.987500
1848		-2.493750
1849		-2.350000
1850		-2.293750
1851		-2.087500
1852		-2.350000
1853		-2.643750
1854		-2.700000
1855		-2.493750
1856		-2.031250
1857		-1.768750
1858		-2.087500
1859		-2.318750
1860		-2.381250
1861		-2.437500
1862		-2.056250
1863		-2.318750
1864		-1.912500
1865		-2.175000
1866		-2.056250
1867		-2.031250
1868		-2.381250
1869		-2.318750
1870		-1.856250
1871		-1.650000
1872		-1.768750
1873		-1.681250
1874		-2.318750
1875		-2.493750
1876		-2.031250
1877		-2.031250
1878		-1.968750
1879		-1.825000
1880		-1.768750
1881		-2.175000
1882		-2.293750
1883		-2.000000
1884		-2.206250
1885		-1.881250
1886		-1.968750
1887		-1.737500
1888		-2.118750
1889		-2.468750
1890		-2.643750
1891		-1.825000
1892		-2.350000
1893		-2.206250
1894		-2.000000
1895		-2.756250
1896		-2.962500
1897		-2.987500
1898		-2.931250
1899		-2.350000
1900		-2.175000
1901		-1.881250
1902		-2.468750
1903		-2.612500
1904		-3.050000
1905		-2.812500
1906		-2.231250
1907		-2.350000
1908		-2.031250
1909		-2.206250
1910		-2.468750
1911		-2.756250
1912		-2.118750
1913		-2.318750
1914		-1.793750
1915		-1.712500
1916		-2.031250
1917		-2.031250
1918		-2.350000
1919		-2.000000
1920		-1.387500
1921		-1.450000
1922		-1.418750
1923		-1.625000
1924		-1.737500
1925		-1.856250
1926		-1.825000
1927		-1.681250
1928		-1.418750
1929		-1.187500
1930		-1.387500
1931		-1.475000
1932		-1.768750
1933		-1.912500
1934		-1.681250
1935		-1.625000
1936		-1.331250
1937		-1.537500
1938		-1.737500
1939		-1.912500
1940		-1.825000
1941		-2.175000
1942		-1.881250
1943		-1.537500
1944		-1.650000
1945		-2.612500
1946		-2.262500
1947		-2.525000
1948		-2.525000
1949		-2.031250
1950		-1.881250
1951		-2.262500
1952		-2.525000
1953		-2.668750
1954		-3.137500
1955		-2.900000
1956		-2.931250
1957		-2.350000
1958		-2.812500
1959		-3.018750
1960		-2.931250
1961		-3.512500
1962		-2.700000
1963		-2.900000
1964		-2.581250
1965		-2.612500
1966		-2.900000
1967		-2.900000
1968		-3.456250
1969		-3.050000
1970		-2.900000
1971		-2.843750
1972		-2.556250
1973		-3.137500
1974		-2.787500
1975		-3.337500
1976		-2.962500
1977		-2.843750
1978		-2.787500
1979		-2.318750
1980		-2.493750
1981		-2.581250
1982		-2.931250
1983		-2.643750
1984		-2.643750
1985		-2.700000
1986		-2.437500
1987		-2.668750
1988		-2.468750
1989		-3.337500
1990		-2.987500
1991		-2.756250
1992		-2.668750
1993		-2.406250
1994		-2.468750
1995		-2.787500
1996		-2.931250
1997		-2.962500
1998		-2.612500
1999		-2.556250
2000		-2.406250
2001		-2.087500
2002		-2.437500
2003		-2.493750
2004		-2.931250
2005		-2.700000
2006		-2.206250
2007		-1.881250
2008		-2.056250
2009		-1.968750
2010		-2.318750
2011		-2.643750
2012		-2.143750
2013		-1.968750
2014		-1.737500
2015		-1.418750
2016		-1.650000
2017		-1.737500
2018		-1.768750
2019		-1.562500
2020		-1.418750
2021		-1.156250
2022		-0.925000
2023		-0.862500
2024		-1.037500
2025		-1.362500
2026		-0.862500
2027		-0.862500
2028		-0.606250
2029		-0.487500
2030		-0.137500
2031		-0.575000
2032		-0.606250
2033		-1.156250
2034		-0.225000
2035		-0.343750
2036		-0.543750
2037		-0.718750
2038		-0.281250
2039		-0.312500
2040		-0.518750
2041		-0.368750
2042		-0.518750
2043		-0.168750
2044		0.068750
2045		-0.862500
2046		-0.518750
2047		-1.212500
2048		-0.518750
2049		-0.281250
2050		-0.368750
2051		0.125000
2052		-0.781250
2053		-0.981250
2054		-0.862500
2055		-0.893750
2056		-0.781250
2057		-0.981250
2058		-0.518750
2059		-0.693750
2060		-0.893750
2061		-1.243750
2062		-1.012500
2063		-0.750000
2064		-0.662500
2065		-0.543750
2066		-1.212500
2067		-0.368750
2068		-1.331250
2069		-0.950000
2070		-0.950000
2071		-0.518750
2072		-0.543750
2073		-0.750000
2074		-1.418750
2075		-1.037500
2076		-1.593750
2077		-0.925000
2078		-1.156250
2079		-0.981250
2080		-1.156250
2081		-0.925000
2082		-1.362500
2083		-1.943750
2084		-1.825000
2085		-1.418750
2086		-1.100000
2087		-1.450000
2088		-1.650000
2089		-1.681250
2090		-1.825000
2091		-1.625000
2092		-1.475000
2093		-1.212500
2094		-1.562500
2095		-1.681250
2096		-1.968750
2097		-2.231250
2098		-1.856250
2099		-1.537500
2100		-1.768750
2101		-1.475000
2102		-1.418750
2103		-1.825000
2104		-2.143750
2105		-1.768750
2106		-1.712500
2107		-1.475000
2108		-1.475000
2109		-1.768750
2110		-1.737500
2111		-1.968750
2112		-1.825000
2113		-1.712500
2114		-1.593750
2115		-1.387500
2116		-1.475000
2117		-1.362500
2118		-2.056250
2119		-0.981250
2120		-1.331250
2121		-1.012500
2122		-0.575000
2123		-0.862500
2124		-1.100000
2125		-1.243750
2126		-0.862500
2127		-0.662500
2128		-0.631250
2129		-0.168750
2130		-0.281250
2131		-0.518750
2132		-0.456250
2133		-0.281250
2134		-0.312500
2135		-0.018750
2136		0.500000
2137		0.212500
2138		0.237500
2139		0.006250
2140		-0.225000
2141		0.237500
2142		0.412500
2143		0.650000
2144		0.412500
2145		0.268750
2146		0.068750
2147		-0.106250
2148		0.237500
2149		0.300000
2150		0.706250
2151		0.562500
2152		0.150000
2153		0.618750
2154		-0.137500
2155		0.356250
2156		0.562500
2157		0.881250
2158		0.937500
2159		0.737500
2160		-0.137500
2161		0.006250
2162		0.737500
2163		0.706250
2164		1.287500
2165		0.937500
2166		0.587500
2167		0.881250
2168		0.675000
2169		0.825000
2170		1.000000
2171		1.081250
2172		1.318750
2173		1.200000
2174		0.881250
2175		0.650000
2176		0.937500
2177		1.287500
2178		0.937500
2179		1.256250
2180		1.081250
2181		1.287500
2182		0.562500
2183		0.762500
2184		0.881250
2185		1.318750
2186		1.431250
2187		1.256250
2188		1.143750
2189		0.706250
2190		0.968750
2191		0.618750
2192		0.850000
2193		1.581250
2194		1.406250
2195		0.793750
2196		0.587500
2197		0.412500
2198		0.881250
2199		1.025000
2200		1.581250
2201		1.168750
2202		0.706250
2203		0.706250
2204		0.268750
2205		0.793750
2206		1.000000
2207		0.937500
2208		1.112500
2209		1.056250
2210		0.737500
2211		0.618750
2212		0.912500
2213		0.881250
2214		1.375000
2215		0.937500
2216		0.618750
2217		0.531250
2218		0.300000
2219		0.850000
2220		0.793750
2221		0.737500
2222		1.143750
2223		0.793750
2224		0.850000
2225		0.675000
2226		0.268750
2227		1.025000
2228		0.912500
2229		1.318750
2230		0.937500
2231		0.881250
2232		0.500000
2233		0.793750
2234		0.706250
2235		0.912500
2236		0.968750
2237		0.881250
2238		0.737500
2239		0.587500
2240		1.168750
2241		0.937500
2242		1.025000
2243		1.318750
2244		1.025000
2245		0.650000
2246		0.443750
2247		0.650000
2248		0.912500
2249		1.025000
2250		1.375000
2251		1.200000
2252		0.737500
2253		1.000000
2254		0.706250
2255		1.287500
2256		1.200000
2257		1.462500
2258		1.637500
2259		1.318750
2260		1.056250
2261		1.000000
2262		1.287500
2263		1.168750
2264		1.693750
2265		1.200000
2266		1.318750
2267		1.200000
2268		1.200000
2269		1.868750
2270		1.756250
2271		2.131250
2272		1.868750
2273		1.781250
2274		1.987500
2275		1.606250
2276		2.012500
2277		1.868750
2278		2.075000
2279		2.600000
2280		2.012500
2281		1.987500
2282		1.462500
2283		2.075000
2284		2.075000
2285		2.337500
2286		2.425000
2287		1.812500
2288		2.512500
2289		1.900000
2290		2.337500
2291		1.931250
2292		2.075000
2293		2.250000
2294		1.756250
2295		1.868750
2296		1.287500
2297		1.693750
2298		1.868750
2299		2.043750
2300		2.450000
2301		2.187500
2302		2.162500
2303		1.756250
2304		2.100000
2305		2.393750
2306		2.512500
2307		2.943750
2308		2.625000
2309		2.687500
2310		2.131250
2311		2.481250
2312		2.887500
2313		2.831250
2314		2.943750
2315		2.775000
2316		2.743750
2317		2.600000
2318		2.425000
2319		2.743750
2320		2.625000
2321		3.206250
2322		2.975000
2323		2.975000
2324		2.800000
2325		2.306250
2326		2.743750
2327		3.206250
2328		3.443750
2329		3.093750
2330		3.206250
2331		3.031250
2332		3.006250
2333		3.181250
2334		3.618750
2335		3.706250
2336		4.050000
2337		4.256250
2338		4.343750
2339		4.081250
2340		4.606250
2341		4.575000
2342		5.012500
2343		4.956250
2344		5.068750
2345		4.868750
2346		4.431250
2347		4.637500
2348		4.981250
2349		5.156250
2350		5.306250
2351		4.956250
2352		4.343750
2353		4.343750
2354		4.400000
2355		4.662500
2356		4.725000
2357		4.462500
2358		4.081250
2359		3.962500
2360		3.412500
2361		3.962500
2362		3.793750
2363		3.906250
2364		3.875000
2365		3.293750
2366		3.356250
2367		2.831250
2368		3.443750
2369		3.325000
2370		3.643750
2371		3.268750
2372		3.556250
2373		3.062500
2374		2.887500
2375		3.118750
2376		2.656250
2377		3.500000
2378		3.150000
2379		3.181250
2380		2.943750
2381		2.450000
2382		3.062500
2383		2.831250
2384		3.118750
2385		3.118750
2386		2.831250
2387		2.600000
2388		2.712500
2389		2.568750
2390		2.712500
2391		2.887500
2392		3.356250
2393		3.006250
2394		2.600000
2395		2.512500
2396		2.275000
2397		2.481250
2398		2.600000
2399		3.268750
2400		2.775000
2401		2.712500
2402		2.162500
2403		2.162500
2404		1.956250
2405		2.306250
2406		2.537500
2407		2.075000
2408		1.900000
2409		1.581250
2410		1.375000
2411		1.375000
2412		1.581250
2413		1.725000
2414		1.318750
2415		0.881250
2416		0.850000
2417		0.706250
2418		0.325000
2419		0.675000
2420		0.587500
2421		0.268750
2422		0.150000
2423		-0.256250
2424		-0.750000
2425		-0.456250
2426		-0.312500
2427		-0.312500
2428		-0.543750
2429		-0.281250
2430		-0.893750
2431		-0.925000
2432		-0.606250
2433		-0.312500
2434		-0.137500
2435		0.300000
2436		0.325000
2437		0.068750
2438		0.068750
2439		0.706250
2440		1.025000
2441		0.937500
2442		1.431250
2443		1.318750
2444		1.025000
2445		1.637500
2446		1.812500
2447		2.043750
2448		2.425000
2449		2.743750
2450		2.600000
2451		2.450000
2452		2.625000
2453		2.656250
2454		2.600000
2455		3.268750
2456		3.356250
2457		3.381250
2458		3.118750
2459		3.006250
2460		3.093750
2461		3.381250
2462		3.618750
2463		3.706250
2464		3.850000
2465		3.556250
2466		4.081250
2467		3.731250
2468		4.225000
2469		4.462500
2470		4.606250
2471		4.750000
2472		4.400000
2473		4.575000
2474		4.606250
2475		4.868750
2476		5.156250
2477		5.656250
2478		5.506250
2479		5.187500
2480		4.837500
2481		5.131250
2482		5.393750
2483		5.393750
2484		5.393750
2485		5.331250
2486		5.012500
2487		5.012500
2488		5.131250
2489		4.868750
2490		5.068750
2491		5.331250
2492		5.131250
2493		4.837500
2494		4.956250
2495		4.518750
2496		5.131250
2497		5.131250
2498		5.418750
2499		5.331250
2500		5.012500
2501		5.068750
2502		4.575000
2503		5.275000
2504		4.956250
2505		5.450000
2506		5.593750
2507		5.306250
2508		4.981250
2509		4.806250
2510		5.043750
2511		5.275000
2512		5.100000
2513		5.393750
2514		4.781250
2515		4.312500
2516		4.112500
2517		3.818750
2518		4.400000
2519		4.137500
2520		4.400000
2521		3.962500
2522		3.587500
2523		2.975000
2524		3.325000
2525		2.743750
2526		3.093750
2527		3.062500
2528		2.537500
2529		2.450000
2530		2.075000
2531		2.450000
2532		2.250000
2533		2.362500
2534		2.625000
2535		2.481250
2536		2.943750
2537		1.956250
2538		2.275000
2539		2.568750
2540		2.800000
2541		2.831250
2542		2.600000
2543		2.687500
2544		2.012500
2545		2.656250
2546		2.481250
2547		2.918750
2548		3.181250
2549		2.862500
2550		2.831250
2551		2.600000
2552		2.450000
2553		2.800000
2554		2.831250
2555		3.325000
2556		3.118750
2557		2.712500
2558		2.481250
2559		2.600000
2560		2.743750
2561		3.118750
2562		3.500000
2563		2.775000
2564		2.918750
2565		2.975000
2566		3.062500
2567		3.468750
2568		3.937500
2569		4.050000
2570		3.818750
2571		3.675000
2572		3.643750
2573		3.762500
2574		4.487500
2575		4.343750
2576		4.725000
2577		4.637500
2578		4.400000
2579		4.462500
2580		4.287500
2581		4.662500
2582		4.575000
2583		4.868750
2584		4.981250
2585		4.925000
2586		4.575000
2587		4.400000
2588		4.956250
2589		5.012500
2590		5.506250
2591		4.806250
2592		4.806250
2593		4.606250
2594		4.287500
2595		5.012500
2596		4.956250
2597		4.956250
2598		4.662500
2599		4.575000
2600		4.662500
2601		4.518750
2602		4.750000
2603		4.806250
2604		5.275000
2605		5.362500
2606		5.156250
2607		4.925000
2608		4.287500
2609		5.131250
2610		4.806250
2611		5.218750
2612		5.243750
2613		4.893750
2614		4.806250
2615		4.225000
2616		4.981250
2617		4.606250
2618		4.925000
2619		4.725000
2620		4.168750
2621		3.618750
2622		3.500000
2623		3.906250
2624		3.993750
2625		3.962500
2626		3.556250
2627		3.206250
2628		3.206250
2629		2.743750
2630		3.206250
2631		3.206250
2632		3.356250
2633		3.468750
2634		3.268750
2635		3.006250
2636		2.450000
2637		3.206250
2638		2.887500
2639		2.831250
2640		4.025000
2641		2.918750
2642		3.118750
2643		2.537500
2644		3.500000
2645		3.556250
2646		3.818750
2647		4.343750
2648		3.850000
2649		3.850000
2650		3.468750
2651		3.906250
2652		4.431250
2653		4.343750
2654		4.312500
2655		4.025000
2656		3.531250
2657		4.025000
2658		4.200000
2659		4.343750
2660		4.137500
2661		4.662500
2662		4.431250
2663		4.081250
2664		3.793750
2665		4.431250
2666		4.725000
2667		4.750000
2668		5.450000
2669		4.868750
2670		4.781250
2671		4.518750
2672		5.043750
2673		4.868750
2674		5.362500
2675		5.481250
2676		5.156250
2677		5.243750
2678		5.012500
2679		5.100000
2680		5.306250
2681		5.450000
2682		5.912500
2683		5.393750
2684		5.362500
2685		5.187500
2686		5.331250
2687		5.568750
2688		5.393750
2689		5.737500
2690		5.331250
2691		5.306250
2692		4.806250
2693		4.956250
2694		5.156250
2695		5.393750
2696		5.481250
2697		5.275000
2698		4.806250
2699		4.806250
2700		5.275000
2701		5.100000
2702		5.800000
2703		5.656250
2704		5.450000
2705		5.593750
2706		5.393750
2707		4.925000
2708		5.131250
2709		5.362500
2710		5.593750
2711		4.925000
2712		5.131250
2713		4.956250
2714		4.662500
2715		4.868750
2716		4.781250
2717		5.306250
2718		4.781250
2719		4.725000
2720		4.050000
2721		4.343750
2722		4.518750
2723		4.518750
2724		4.868750
2725		4.050000
2726		3.850000
2727		4.112500
2728		3.618750
2729		4.081250
2730		3.875000
2731		4.225000
2732		3.962500
2733		3.675000
2734		3.031250
2735		3.412500
2736		3.356250
2737		3.500000
2738		3.875000
2739		3.412500
2740		3.293750
2741		2.918750
2742		3.031250
2743		3.031250
2744		2.800000
2745		3.325000
2746		3.031250
2747		2.918750
2748		2.600000
2749		2.481250
2750		3.181250
2751		3.150000
2752		3.443750
2753		2.943750
2754		3.006250
2755		2.975000
2756		2.918750
2757		2.975000
2758		3.093750
2759		3.643750
2760		3.268750
2761		3.093750
2762		3.062500
2763		3.062500
2764		2.975000
2765		3.531250
2766		4.025000
2767		3.762500
2768		3.468750
2769		3.468750
2770		3.468750
2771		3.443750
2772		3.706250
2773		4.168750
2774		3.793750
2775		3.706250
2776		3.587500
2777		3.793750
2778		3.937500
2779		4.287500
2780		4.400000
2781		4.431250
2782		4.550000
2783		4.518750
2784		4.112500
2785		4.637500
2786		4.518750
2787		5.043750
2788		5.043750
2789		4.956250
2790		4.806250
2791		4.725000
2792		4.637500
2793		4.981250
2794		5.506250
2795		5.306250
2796		5.012500
2797		5.593750
2798		4.575000
2799		5.187500
2800		5.393750
2801		5.656250
2802		5.712500
2803		5.306250
2804		5.156250
2805		5.043750
2806		5.275000
2807		5.537500
2808		5.450000
2809		5.912500
2810		5.418750
2811		5.393750
2812		5.043750
2813		5.331250
2814		5.393750
2815		5.737500
2816		5.975000
2817		5.737500
2818		5.331250
2819		4.806250
2820		5.506250
2821		5.331250
2822		5.656250
2823		5.712500
2824		5.306250
2825		5.393750
2826		5.156250
2827		5.187500
2828		4.925000
2829		5.568750
2830		5.218750
2831		5.218750
2832		5.068750
2833		4.375000
2834		5.043750
2835		4.956250
2836		4.981250
2837		4.431250
2838		5.012500
2839		4.606250
2840		3.906250
2841		4.637500
2842		4.343750
2843		4.925000
2844		4.781250
2845		4.312500
2846		4.287500
2847		3.937500
2848		3.850000
2849		3.962500
2850		4.287500
2851		4.487500
2852		4.112500
2853		3.731250
2854		3.412500
2855		3.500000
2856		3.850000
2857		3.850000
2858		4.137500
2859		3.587500
2860		3.793750
2861		2.943750
2862		3.850000
2863		3.675000
2864		3.268750
2865		3.500000
2866		3.412500
2867		3.818750
2868		2.775000
2869		3.181250
2870		3.237500
2871		3.206250
2872		3.443750
2873		3.181250
2874		3.237500
2875		2.600000
2876		2.775000
2877		3.356250
2878		3.237500
2879		3.412500
2880		3.118750
2881		3.206250
2882		2.250000
2883		2.918750
2884		2.687500
2885		3.118750
2886		3.762500
2887		2.831250
2888		3.118750
2889		2.625000
2890		3.181250
2891		3.206250
2892		3.237500
2893		3.818750
2894		3.150000
2895		3.237500
2896		2.625000
2897		3.293750
2898		3.412500
2899		3.468750
2900		4.050000
2901		3.937500
2902		3.356250
2903		2.918750
2904		3.356250
2905		3.706250
2906		3.618750
2907		4.050000
2908		3.906250
2909		3.443750
2910		3.356250
2911		3.556250
2912		3.325000
2913		3.468750
2914		3.875000
2915		3.556250
2916		3.962500
2917		3.093750
2918		3.643750
2919		3.706250
2920		4.487500
2921		4.137500
2922		3.793750
2923		3.762500
2924		3.356250
2925		3.643750
2926		3.618750
2927		3.937500
2928		4.256250
2929		3.762500
2930		4.375000
2931		3.412500
2932		3.643750
2933		4.168750
2934		4.225000
2935		4.225000
2936		3.762500
2937		4.050000
2938		3.500000
2939		4.200000
2940		3.793750
2941		4.312500
2942		4.518750
2943		4.050000
2944		4.081250
2945		3.381250
2946		3.818750
2947		3.937500
2948		3.937500
2949		4.637500
2950		4.375000
2951		3.793750
2952		3.793750
2953		3.875000
2954		4.050000
2955		4.225000
2956		4.375000
2957		4.225000
2958		3.906250
2959		3.556250
2960		3.906250
2961		3.468750
2962		3.850000
2963		4.225000
2964		3.962500
2965		3.906250
2966		3.356250
2967		3.793750
2968		3.906250
2969		3.793750
2970		4.050000
2971		3.556250
2972		3.850000
2973		2.918750
2974		3.356250
2975		3.468750
2976		3.500000
2977		3.906250
2978		3.268750
2979		3.118750
2980		2.537500
2981		3.412500
2982		3.181250
2983		2.887500
2984		3.643750
2985		3.181250
2986		3.031250
2987		2.393750
2988		3.118750
2989		3.412500
2990		3.150000
2991		3.325000
2992		3.237500
2993		3.237500
2994		2.393750
2995		2.800000
2996		3.006250
2997		3.268750
2998		3.556250
2999		3.006250
3000		3.206250
3001		2.918750
3002		3.381250
3003		3.381250
3004		3.500000
3005		3.443750
3006		2.918750
3007		3.325000
3008		2.887500
3009		2.943750
3010		3.356250
3011		3.118750
3012		3.443750
3013		2.831250
3014		2.687500
3015		2.743750
3016		2.687500
3017		3.062500
3018		3.237500
3019		4.200000
3020		2.887500
3021		2.831250
3022		2.512500
3023		2.450000
3024		2.537500
3025		2.943750
3026		2.918750
3027		1.956250
3028		2.250000
3029		2.187500
3030		2.975000
3031		2.512500
3032		2.337500
3033		2.481250
3034		2.012500
3035		2.775000
3036		1.931250
3037		2.012500
3038		2.100000
3039		2.337500
3040		2.250000
3041		2.162500
3042		1.756250
3043		1.318750
3044		1.725000
3045		1.931250
3046		1.843750
3047		2.131250
3048		1.637500
3049		1.256250
3050		1.231250
3051		1.900000
3052		2.337500
3053		1.606250
3054		1.693750
3055		1.318750
3056		1.287500
3057		1.056250
3058		1.318750
3059		1.462500
3060		1.318750
3061		1.375000
3062		1.518750
3063		1.462500
3064		1.606250
3065		1.781250
3066		2.337500
3067		2.775000
3068		2.918750
3069		2.943750
3070		2.943750
3071		2.625000
3072		3.325000
3073		3.443750
3074		3.793750
3075		4.081250
3076		3.643750
3077		4.081250
3078		3.531250
3079		3.818750
3080		3.706250
3081		3.937500
3082		3.675000
3083		3.500000
3084		2.918750
3085		2.393750
3086		1.725000
3087		2.425000
3088		2.131250
3089		1.668750
3090		0.881250
3091		0.443750
3092		0.068750
3093		0.412500
3094		-0.225000
3095		-0.137500
3096		-0.137500
3097		-1.012500
3098		-1.300000
3099		-1.418750
3100		-1.156250
3101		-1.243750
3102		-0.893750
3103		-1.475000
3104		-1.300000
3105		-1.212500
3106		-1.450000
3107		-1.212500
3108		-0.893750
3109		-0.806250
3110		-0.543750
3111		-0.893750
3112		-0.806250
3113		-0.806250
3114		-0.862500
3115		-0.368750
3116		-0.106250
3117		-0.081250
3118		-0.343750
3119		-0.606250
3120		-0.456250
3121		-0.575000
3122		-0.168750
3123		0.325000
3124		0.006250
3125		0.006250
3126		-0.281250
3127		-0.225000
3128		-0.106250
3129		0.237500
3130		0.387500
3131		0.562500
3132		0.618750
3133		0.125000
3134		0.387500
3135		0.937500
3136		0.937500
3137		1.581250
3138		1.581250
3139		1.168750
3140		1.143750
3141		1.200000
3142		1.081250
3143		1.725000
3144		1.843750
3145		1.462500
3146		1.518750
3147		0.850000
3148		1.112500
3149		1.431250
3150		1.200000
3151		1.168750
3152		1.231250
3153		1.000000
3154		0.706250
3155		0.587500
3156		0.562500
3157		0.881250
3158		1.168750
3159		0.737500
3160		1.143750
3161		0.587500
3162		1.000000
3163		1.143750
3164		1.375000
3165		2.568750
3166		2.393750
3167		2.275000
3168		2.425000
3169		2.656250
3170		3.293750
3171		3.793750
3172		4.606250
3173		4.725000
3174		4.925000
3175		5.362500
3176		5.218750
3177		5.768750
3178		6.381250
3179		6.700000
3180		6.931250
3181		6.875000
3182		6.818750
3183		6.700000
3184		7.106250
3185		7.081250
3186		7.718750
3187		6.962500
3188		7.106250
3189		6.843750
3190		6.206250
3191		6.468750
3192		6.381250
3193		6.700000
3194		6.062500
3195		5.625000
3196		5.393750
3197		5.156250
3198		5.537500
3199		4.925000
3200		5.275000
3201		4.487500
3202		4.225000
3203		3.906250
3204		3.500000
3205		3.531250
3206		3.850000
3207		3.618750
3208		2.862500
3209		2.862500
3210		2.306250
3211		2.187500
3212		2.250000
3213		1.868750
3214		1.900000
3215		1.725000
3216		1.693750
3217		0.650000
3218		0.475000
3219		0.356250
3220		0.587500
3221		0.068750
3222		-0.256250
3223		-0.281250
3224		-1.125000
3225		-1.100000
3226		-1.243750
3227		-1.300000
3228		-1.506250
3229		-1.300000
3230		-1.825000
3231		-2.118750
3232		-2.406250
3233		-1.912500
3234		-2.143750
3235		-2.031250
3236		-1.100000
3237		-2.206250
3238		-2.556250
3239		-2.406250
3240		-2.175000
3241		-1.881250
3242		-1.331250
3243		-2.143750
3244		-2.231250
3245		-2.812500
3246		-2.406250
3247		-2.056250
3248		-1.912500
3249		-1.737500
3250		-2.118750
3251		-2.206250
3252		-2.468750
3253		-2.087500
3254		-2.612500
3255		-2.381250
3256		-1.881250
3257		-2.581250
3258		-2.556250
3259		-2.787500
3260		-2.987500
3261		-2.437500
3262		-2.318750
3263		-2.406250
3264		-2.556250
3265		-2.700000
3266		-2.843750
3267		-2.787500
3268		-2.900000
3269		-3.137500
3270		-1.506250
3271		-1.856250
3272		-2.231250
3273		-2.556250
3274		-2.493750
3275		-1.912500
3276		-1.475000
3277		-1.243750
3278		-1.450000
3279		-1.331250
3280		-1.418750
3281		-1.068750
3282		-0.487500
3283		-0.256250
3284		0.068750
3285		-0.368750
3286		-0.081250
3287		-0.431250
3288		0.150000
3289		0.356250
3290		0.881250
3291		1.462500
3292		1.000000
3293		0.968750
3294		0.850000
3295		1.431250
3296		1.431250
3297		1.756250
3298		1.812500
3299		1.781250
3300		1.375000
3301		1.200000
3302		1.668750
3303		1.637500
3304		2.131250
3305		1.550000
3306		1.375000
3307		1.756250
3308		1.375000
3309		1.756250
3310		1.956250
3311		1.987500
3312		1.956250
3313		2.075000
3314		1.143750
3315		1.431250
3316		1.756250
3317		1.550000
3318		1.781250
3319		1.462500
3320		1.287500
3321		0.850000
3322		0.706250
3323		0.937500
3324		1.606250
3325		1.200000
3326		0.706250
3327		0.443750
3328		0.150000
3329		-0.168750
3330		0.150000
3331		0.443750
3332		0.562500
3333		0.125000
3334		0.068750
3335		-0.168750
3336		-0.168750
3337		-0.256250
3338		0.037500
3339		0.300000
3340		-0.456250
3341		-0.893750
3342		-0.925000
3343		-0.981250
3344		-0.893750
3345		-0.750000
3346		-0.225000
3347		-0.950000
3348		-0.950000
3349		-0.718750
3350		-1.037500
3351		-0.862500
3352		-0.862500
3353		-0.693750
3354		-0.575000
3355		-1.068750
3356		-1.275000
3357		-0.925000
3358		-0.862500
3359		-0.893750
3360		-0.312500
3361		-0.781250
3362		-0.950000
3363		-1.100000
3364		-1.012500
3365		-0.606250
3366		-0.281250
3367		0.150000
3368		-0.018750
3369		-0.312500
3370		-0.518750
3371		-0.137500
3372		0.093750
3373		0.412500
3374		0.587500
3375		0.650000
3376		0.356250
3377		-0.256250
3378		0.825000
3379		0.850000
3380		0.912500
3381		1.081250
3382		1.000000
3383		1.256250
3384		0.212500
3385		1.375000
3386		1.518750
3387		1.900000
3388		1.668750
3389		2.187500
3390		1.318750
3391		1.287500
3392		1.900000
3393		1.668750
3394		2.131250
3395		1.900000
3396		2.131250
3397		1.812500
3398		1.231250
3399		1.812500
3400		1.900000
3401		1.931250
3402		2.012500
3403		1.843750
3404		1.518750
3405		0.850000
3406		1.406250
3407		1.550000
3408		1.606250
3409		1.143750
3410		1.000000
3411		0.562500
3412		0.387500
3413		0.212500
3414		0.793750
3415		1.143750
3416		0.618750
3417		-0.225000
3418		-0.137500
3419		-0.456250
3420		-0.312500
3421		-0.225000
3422		-0.050000
3423		-0.368750
3424		-0.893750
3425		-1.275000
3426		-1.418750
3427		-1.037500
3428		-0.862500
3429		-0.518750
3430		-0.893750
3431		-0.893750
3432		-1.418750
3433		-1.475000
3434		-1.068750
3435		-0.837500
3436		-0.518750
3437		-0.837500
3438		-1.012500
3439		-1.187500
3440		-1.712500
3441		-1.300000
3442		-0.806250
3443		-0.606250
3444		-1.331250
3445		-1.187500
3446		-1.300000
3447		-1.537500
3448		-0.862500
3449		-1.012500
3450		-1.243750
3451		-1.125000
3452		-1.793750
3453		-2.175000
3454		-2.206250
3455		-2.056250
3456		-2.206250
3457		-1.968750
3458		-2.406250
3459		-2.725000
3460		-3.425000
3461		-3.600000
3462		-2.875000
3463		-3.050000
3464		-3.075000
3465		-3.512500
3466		-3.512500
3467		-3.718750
3468		-3.831250
3469		-3.337500
3470		-3.193750
3471		-3.281250
3472		-3.575000
3473		-3.718750
3474		-3.718750
3475		-3.456250
3476		-3.250000
3477		-3.137500
3478		-2.900000
3479		-3.400000
3480		-3.512500
3481		-3.137500
3482		-3.075000
3483		-2.812500
3484		-2.381250
3485		-2.087500
3486		-2.262500
3487		-2.468750
3488		-2.350000
3489		-1.793750
3490		-1.625000
3491		-1.331250
3492		-1.243750
3493		-1.012500
3494		-1.125000
3495		-1.156250
3496		-0.431250
3497		-0.193750
3498		0.706250
3499		-0.137500
3500		0.093750
3501		-0.106250
3502		0.150000
3503		0.500000
3504		0.412500
3505		1.462500
3506		1.287500
3507		1.056250
3508		0.706250
3509		1.143750
3510		1.168750
3511		1.581250
3512		1.812500
3513		1.518750
3514		1.581250
3515		1.550000
3516		1.581250
3517		1.956250
3518		1.956250
3519		1.868750
3520		1.693750
3521		1.231250
3522		0.850000
3523		0.937500
3524		1.143750
3525		1.168750
3526		1.693750
3527		1.231250
3528		0.587500
3529		0.500000
3530		0.300000
3531		0.650000
3532		0.937500
3533		1.112500
3534		0.737500
3535		0.587500
3536		-0.018750
3537		0.443750
3538		1.143750
3539		0.356250
3540		0.881250
3541		0.412500
3542		0.150000
3543		0.125000
3544		0.300000
3545		0.093750
3546		0.562500
3547		0.268750
3548		0.181250
3549		-0.018750
3550		-0.718750
3551		-0.168750
3552		-0.518750
3553		-0.281250
3554		-0.081250
3555		-0.837500
3556		-1.068750
3557		-1.362500
3558		-1.100000
3559		-1.243750
3560		-1.331250
3561		-1.275000
3562		-1.593750
3563		-2.087500
3564		-2.262500
3565		-2.056250
3566		-2.468750
3567		-2.468750
3568		-2.175000
3569		-2.843750
3570		-2.875000
3571		-3.368750
3572		-3.193750
3573		-3.225000
3574		-3.225000
3575		-3.137500
3576		-3.631250
3577		-3.950000
3578		-4.387500
3579		-3.950000
3580		-4.156250
3581		-4.156250
3582		-3.862500
3583		-4.793750
3584		-5.056250
3585		-5.200000
3586		-5.112500
3587		-4.968750
3588		-4.850000
3589		-5.668750
3590		-5.406250
3591		-5.668750
3592		-6.393750
3593		-5.812500
3594		-5.956250
3595		-5.550000
3596		-5.550000
3597		-6.018750
3598		-6.193750
3599		-6.537500
3600		-6.450000
3601		-5.550000
3602		-6.075000
3603		-5.756250
3604		-6.162500
3605		-6.218750
3606		-6.568750
3607		-5.956250
3608		-5.606250
3609		-5.175000
3610		-5.000000
3611		-5.375000
3612		-5.262500
3613		-5.462500
3614		-4.825000
3615		-4.475000
3616		-3.950000
3617		-4.006250
3618		-4.300000
3619		-4.212500
3620		-4.443750
3621		-4.006250
3622		-3.631250
3623		-3.487500
3624		-3.106250
3625		-3.718750
3626		-3.456250
3627		-3.743750
3628		-3.337500
3629		-3.018750
3630		-2.700000
3631		-2.556250
3632		-3.106250
3633		-2.668750
3634		-3.137500
3635		-2.700000
3636		-2.206250
3637		-2.056250
3638		-1.856250
3639		-2.143750
3640		-1.768750
3641		-2.350000
3642		-1.793750
3643		-1.125000
3644		-1.125000
3645		-0.750000
3646		-1.243750
3647		-0.806250
3648		-1.300000
3649		-0.718750
3650		-0.606250
3651		-0.018750
3652		-0.862500
3653		-0.431250
3654		-0.400000
3655		-0.662500
3656		-0.631250
3657		-0.168750
3658		-0.106250
3659		-0.081250
3660		-0.431250
3661		-0.368750
3662		-0.606250
3663		-0.281250
3664		0.006250
3665		0.006250
3666		0.150000
3667		-0.281250
3668		-0.106250
3669		-0.575000
3670		-0.312500
3671		0.181250
3672		0.500000
3673		0.125000
3674		-0.106250
3675		-0.137500
3676		-0.106250
3677		-0.281250
3678		-0.050000
3679		0.300000
3680		0.300000
3681		0.212500
3682		0.125000
3683		-0.137500
3684		-0.487500
3685		-0.456250
3686		-0.281250
3687		0.150000
3688		-0.431250
3689		-0.543750
3690		-0.925000
3691		-1.331250
3692		-0.662500
3693		-0.575000
3694		-0.662500
3695		-0.837500
3696		-0.981250
3697		-1.681250
3698		-1.300000
3699		-1.712500
3700		-1.506250
3701		-0.925000
3702		-1.681250
3703		-2.087500
3704		-2.000000
3705		-2.175000
3706		-2.087500
3707		-1.825000
3708		-1.537500
3709		-2.231250
3710		-2.118750
3711		-2.725000
3712		-3.075000
3713		-2.787500
3714		-2.318750
3715		-1.793750
3716		-2.612500
3717		-2.643750
3718		-3.400000
3719		-3.075000
3720		-2.787500
3721		-2.931250
3722		-2.700000
3723		-3.337500
3724		-3.400000
3725		-3.487500
3726		-3.981250
3727		-3.575000
3728		-3.806250
3729		-3.487500
3730		-3.687500
3731		-3.950000
3732		-4.243750
3733		-4.675000
3734		-4.068750
3735		-3.918750
3736		-3.656250
3737		-3.831250
3738		-4.006250
3739		-4.675000
3740		-4.618750
3741		-4.356250
3742		-4.331250
3743		-3.981250
3744		-3.862500
3745		-3.893750
3746		-3.806250
3747		-4.737500
3748		-4.006250
3749		-3.512500
3750		-3.631250
3751		-3.512500
3752		-3.631250
3753		-3.656250
3754		-3.743750
3755		-3.456250
3756		-2.787500
3757		-2.987500
3758		-2.843750
3759		-3.050000
3760		-3.162500
3761		-3.512500
3762		-3.425000
3763		-3.075000
3764		-2.756250
3765		-2.318750
3766		-2.700000
3767		-2.931250
3768		-2.900000
3769		-3.018750
3770		-2.812500
3771		-2.493750
3772		-1.968750
3773		-2.700000
3774		-2.756250
3775		-2.787500
3776		-2.756250
3777		-2.700000
3778		-2.293750
3779		-2.206250
3780		-2.406250
3781		-2.612500
3782		-2.556250
3783		-2.843750
3784		-2.381250
3785		-2.556250
3786		-1.881250
3787		-2.700000
3788		-2.118750
3789		-2.468750
3790		-2.900000
3791		-3.193750
3792		-2.381250
3793		-2.175000
3794		-2.175000
3795		-2.381250
3796		-2.643750
3797		-2.843750
3798		-2.756250
3799		-2.206250
3800		-1.881250
3801		-1.881250
3802		-2.381250
3803		-2.381250
3804		-2.468750
3805		-2.175000
3806		-2.000000
3807		-1.825000
3808		-1.825000
3809		-2.056250
3810		-1.856250
3811		-1.856250
3812		-1.768750
3813		-1.387500
3814		-1.068750
3815		-1.212500
3816		-1.156250
3817		-1.068750
3818		-1.362500
3819		-1.300000
3820		-0.981250
3821		-0.718750
3822		-0.343750
3823		-0.781250
3824		-1.212500
3825		-1.037500
3826		-1.300000
3827		-1.012500
3828		-1.125000
3829		-0.518750
3830		-1.037500
3831		-1.243750
3832		-1.300000
3833		-1.475000
3834		-1.650000
3835		-1.212500
3836		-1.275000
3837		-1.300000
3838		-1.650000
3839		-2.087500
3840		-2.118750
3841		-1.968750
3842		-2.175000
3843		-2.000000
3844		-2.143750
3845		-2.262500
3846		-2.406250
3847		-2.787500
3848		-2.468750
3849		-2.206250
3850		-1.737500
3851		-1.768750
3852		-2.468750
3853		-2.700000
3854		-2.987500
3855		-2.812500
3856		-2.581250
3857		-2.406250
3858		-2.056250
3859		-2.700000
3860		-2.725000
3861		-2.756250
3862		-2.987500
3863		-2.962500
3864		-2.556250
3865		-2.262500
3866		-2.556250
3867		-3.018750
3868		-2.987500
3869		-3.137500
3870		-2.931250
3871		-2.700000
3872		-2.175000
3873		-2.556250
3874		-2.812500
3875		-3.075000
3876		-3.312500
3877		-2.756250
3878		-3.018750
3879		-2.493750
3880		-2.525000
3881		-2.787500
3882		-3.337500
3883		-3.512500
3884		-3.106250
3885		-2.900000
3886		-2.612500
3887		-2.581250
3888		-2.787500
3889		-3.512500
3890		-3.806250
3891		-3.075000
3892		-3.018750
3893		-2.931250
3894		-3.050000
3895		-3.137500
3896		-3.368750
3897		-3.656250
3898		-3.512500
3899		-3.718750
3900		-3.193750
3901		-3.106250
3902		-3.718750
3903		-3.425000
3904		-3.400000
3905		-3.862500
3906		-3.806250
3907		-3.656250
3908		-3.456250
3909		-3.575000
3910		-3.806250
3911		-3.981250
3912		-4.300000
3913		-3.806250
3914		-3.425000
3915		-3.075000
3916		-3.543750
3917		-3.950000
3918		-3.718750
3919		-3.806250
3920		-4.212500
3921		-3.600000
3922		-3.425000
3923		-3.775000
3924		-3.543750
3925		-4.093750
3926		-4.506250
3927		-3.950000
3928		-3.893750
3929		-4.093750
3930		-3.862500
3931		-3.893750
3932		-3.981250
3933		-4.300000
3934		-4.331250
3935		-4.093750
3936		-3.950000
3937		-3.718750
3938		-4.037500
3939		-4.793750
3940		-4.650000
3941		-4.562500
3942		-4.068750
3943		-4.006250
3944		-3.425000
3945		-3.918750
3946		-4.387500
3947		-4.156250
3948		-4.356250
3949		-3.743750
3950		-3.512500
3951		-3.193750
3952		-3.575000
3953		-3.687500
3954		-3.600000
3955		-3.312500
3956		-3.162500
3957		-3.162500
3958		-2.875000
3959		-2.612500
3960		-2.700000
3961		-2.987500
3962		-2.931250
3963		-2.406250
3964		-2.262500
3965		-1.793750
3966		-1.737500
3967		-2.206250
3968		-2.293750
3969		-2.406250
3970		-2.056250
3971		-1.943750
3972		-1.881250
3973		-1.593750
3974		-2.056250
3975		-2.406250
3976		-2.612500
3977		-2.756250
3978		-2.987500
3979		-2.787500
3980		-2.262500
3981		-2.756250
3982		-2.987500
3983		-3.775000
3984		-3.806250
3985		-3.575000
3986		-3.775000
3987		-3.281250
3988		-3.425000
3989		-4.300000
3990		-4.506250
3991		-4.793750
3992		-4.181250
3993		-4.212500
3994		-4.006250
3995		-3.656250
3996		-3.918750
3997		-3.806250
3998		-4.212500
3999		-3.656250
4000		-3.368750
4001		-3.137500
4002		-2.643750
4003		-2.468750
4004		-2.468750
4005		-2.318750
4006		-1.881250
4007		-1.737500
4008		-0.806250
4009		-0.137500
4010		-0.368750
4011		-0.168750
4012		-0.193750
4013		0.237500
4014		1.056250
4015		0.937500
4016		2.306250
4017		1.375000
4018		1.693750
4019		1.668750
4020		1.606250
4021		2.250000
4022		2.250000
4023		2.425000
4024		2.687500
4025		2.100000
4026		1.868750
4027		1.756250
4028		1.900000
4029		2.012500
4030		2.012500
4031		1.900000
4032		1.581250
4033		1.287500
4034		0.881250
4035		0.793750
4036		0.850000
4037		0.793750
4038		0.968750
4039		0.356250
4040		-0.018750
4041		-0.781250
4042		-0.718750
4043		-0.925000
4044		-0.606250
4045		-0.693750
4046		-1.300000
4047		-1.881250
4048		-2.143750
4049		-2.581250
4050		-2.262500
4051		-2.556250
4052		-2.381250
4053		-2.843750
4054		-3.106250
4055		-3.487500
4056		-3.775000
4057		-3.631250
4058		-3.456250
4059		-3.137500
4060		-3.337500
4061		-3.225000
4062		-3.400000
4063		-3.775000
4064		-3.193750
4065		-2.931250
4066		-2.643750
4067		-2.468750
4068		-2.700000
4069		-2.493750
4070		-3.075000
4071		-2.581250
4072		-1.968750
4073		-1.681250
4074		-1.562500
4075		-1.768750
4076		-1.681250
4077		-2.318750
4078		-2.056250
4079		-1.881250
4080		-1.856250
4081		-1.712500
4082		-2.118750
4083		-2.262500
4084		-2.468750
4085		-2.612500
4086		-2.668750
4087		-2.556250
4088		-2.318750
4089		-3.075000
4090		-3.281250
4091		-3.425000
4092		-3.806250
4093		-3.831250
4094		-3.543750
4095		-3.018750
4096		-3.575000
4097		-3.687500
4098		-3.862500
4099		-3.893750
4100		-3.656250
4101		-3.687500
4102		-3.106250
4103		-3.106250
4104		-3.075000
4105		-3.137500
4106		-3.368750
4107		-3.075000
4108		-2.612500
4109		-2.612500
4110		-2.175000
4111		-2.262500
4112		-2.175000
4113		-2.262500
4114		-1.825000
4115		-1.037500
4116		-0.862500
4117		-0.606250
4118		-0.925000
4119		-0.893750
4120		-0.781250
4121		-0.137500
4122		0.037500
4123		0.443750
4124		0.706250
4125		0.793750
4126		0.850000
4127		1.081250
4128		1.081250
4129		1.406250
4130		2.100000
4131		2.337500
4132		2.537500
4133		2.250000
4134		2.625000
4135		2.306250
4136		3.006250
4137		2.975000
4138		2.918750
4139		3.325000
4140		3.268750
4141		3.118750
4142		2.743750
4143		3.268750
4144		2.831250
4145		3.206250
4146		3.500000
4147		2.743750
4148		2.512500
4149		1.956250
4150		1.606250
4151		1.606250
4152		1.868750
4153		2.187500
4154		1.168750
4155		1.318750
4156		0.587500
4157		0.150000
4158		0.150000
4159		0.150000
4160		0.125000
4161		-0.750000
4162		-0.518750
4163		-1.100000
4164		-1.475000
4165		-1.537500
4166		-1.681250
4167		-1.856250
4168		-1.968750
4169		-2.406250
4170		-3.018750
4171		-3.456250
4172		-3.487500
4173		-3.656250
4174		-3.718750
4175		-3.425000
4176		-3.831250
4177		-4.562500
4178		-4.793750
4179		-4.531250
4180		-4.737500
4181		-4.587500
4182		-4.675000
4183		-4.850000
4184		-5.200000
4185		-5.606250
4186		-5.287500
4187		-5.287500
4188		-5.056250
4189		-5.056250
4190		-5.087500
4191		-5.350000
4192		-5.112500
4193		-5.375000
4194		-4.881250
4195		-4.506250
4196		-3.775000
4197		-3.893750
4198		-3.656250
4199		-3.718750
4200		-3.631250
4201		-3.312500
4202		-2.525000
4203		-2.406250
4204		-2.118750
4205		-1.793750
4206		-2.031250
4207		-1.881250
4208		-1.418750
4209		-0.750000
4210		-0.431250
4211		0.150000
4212		0.125000
4213		0.475000
4214		0.387500
4215		0.500000
4216		1.287500
4217		1.168750
4218		2.250000
4219		2.187500
4220		2.187500
4221		2.218750
4222		2.306250
4223		2.918750
4224		3.381250
4225		3.818750
4226		3.325000
4227		3.762500
4228		3.675000
4229		3.850000
4230		3.993750
4231		4.956250
4232		5.068750
4233		4.637500
4234		4.806250
4235		4.256250
4236		4.462500
4237		4.662500
4238		4.925000
4239		5.362500
4240		5.218750
4241		4.637500
4242		4.893750
4243		4.225000
4244		5.068750
4245		4.925000
4246		4.725000
4247		5.306250
4248		5.100000
4249		4.637500
4250		4.462500
4251		4.550000
4252		4.806250
4253		4.868750
4254		4.925000
4255		4.431250
4256		4.431250
4257		4.050000
4258		4.200000
4259		4.050000
4260		3.906250
4261		4.225000
4262		4.225000
4263		4.225000
4264		3.093750
4265		3.356250
4266		3.293750
4267		3.031250
4268		3.150000
4269		2.800000
4270		2.687500
4271		1.931250
4272		1.725000
4273		1.812500
4274		1.725000
4275		1.518750
4276		1.406250
4277		0.706250
4278		0.618750
4279		-0.456250
4280		-0.456250
4281		-0.806250
4282		-0.950000
4283		-0.950000
4284		-1.450000
4285		-1.912500
4286		-2.556250
4287		-2.318750
4288		-2.700000
4289		-2.437500
4290		-2.350000
4291		-2.843750
4292		-3.337500
4293		-3.775000
4294		-3.775000
4295		-3.631250
4296		-3.862500
4297		-3.193750
4298		-3.456250
4299		-3.918750
4300		-4.531250
4301		-4.737500
4302		-4.562500
4303		-4.068750
4304		-4.506250
4305		-4.068750
4306		-4.506250
4307		-5.231250
4308		-4.675000
4309		-4.587500
4310		-4.156250
4311		-4.037500
4312		-3.806250
4313		-3.862500
4314		-3.718750
4315		-4.156250
4316		-3.312500
4317		-3.512500
4318		-3.162500
4319		-2.381250
4320		-2.612500
4321		-2.350000
4322		-2.525000
4323		-2.056250
4324		-1.068750
4325		-1.212500
4326		-0.606250
4327		-0.806250
4328		-0.718750
4329		-0.750000
4330		-0.281250
4331		0.150000
4332		0.237500
4333		1.056250
4334		0.737500
4335		0.737500
4336		0.912500
4337		0.937500
4338		1.025000
4339		1.287500
4340		1.637500
4341		1.343750
4342		0.443750
4343		1.431250
4344		1.168750
4345		1.725000
4346		1.637500
4347		2.218750
4348		1.900000
4349		2.012500
4350		2.012500
4351		1.431250
4352		1.518750
4353		2.043750
4354		2.162500
4355		2.337500
4356		1.812500
4357		1.843750
4358		1.606250
4359		1.956250
4360		1.343750
4361		2.012500
4362		2.100000
4363		1.931250
4364		2.100000
4365		1.143750
4366		1.931250
4367		1.606250
4368		1.900000
4369		1.668750
4370		1.318750
4371		1.143750
4372		0.937500
4373		0.793750
4374		0.937500
4375		0.706250
4376		1.143750
4377		0.968750
4378		0.500000
4379		0.387500
4380		0.125000
4381		0.587500
4382		0.762500
4383		0.937500
4384		0.650000
4385		0.237500
4386		0.325000
4387		0.150000
4388		0.068750
4389		0.412500
4390		0.706250
4391		0.150000
4392		0.068750
4393		0.212500
4394		-0.018750
4395		-0.018750
4396		-0.400000
4397		0.500000
4398		0.356250
4399		-0.193750
4400		-0.106250
4401		-0.518750
4402		-0.606250
4403		-0.256250
4404		-0.368750
4405		-0.225000
4406		-0.137500
4407		-0.718750
4408		-1.212500
4409		-1.212500
4410		-1.012500
4411		-0.806250
4412		-1.037500
4413		-0.750000
4414		-1.275000
4415		-1.450000
4416		-1.331250
4417		-1.068750
4418		-1.156250
4419		-0.862500
4420		-1.300000
4421		-1.275000
4422		-1.300000
4423		-1.562500
4424		-1.331250
4425		-1.212500
4426		-0.893750
4427		-0.750000
4428		-1.212500
4429		-1.300000
4430		-1.593750
4431		-1.537500
4432		-1.300000
4433		-1.100000
4434		-1.243750
4435		-1.681250
4436		-1.650000
4437		-2.143750
4438		-1.712500
4439		-1.650000
4440		-1.562500
4441		-1.125000
4442		-1.943750
4443		-1.650000
4444		-1.943750
4445		-1.825000
4446		-1.362500
4447		-1.418750
4448		-1.243750
4449		-1.212500
4450		-1.331250
4451		-1.562500
4452		-1.100000
4453		-0.981250
4454		-0.950000
4455		-0.456250
4456		-1.156250
4457		-0.487500
4458		-1.012500
4459		-0.718750
4460		-0.487500
4461		-0.256250
4462		-0.018750
4463		0.300000
4464		-0.081250
4465		-0.312500
4466		-0.456250
4467		-0.168750
4468		0.212500
4469		0.356250
4470		0.093750
4471		-0.050000
4472		0.068750
4473		-0.018750
4474		0.006250
4475		-0.168750
4476		0.562500
4477		0.068750
4478		-0.018750
4479		-0.081250
4480		-0.225000
4481		0.181250
4482		0.037500
4483		0.300000
4484		0.150000
4485		0.212500
4486		-0.137500
4487		-0.343750
4488		-0.081250
4489		0.006250
4490		0.068750
4491		0.093750
4492		-0.050000
4493		-0.081250
4494		-0.606250
4495		-0.400000
4496		0.181250
4497		0.181250
4498		0.300000
4499		0.006250
4500		0.093750
4501		-0.281250
4502		0.037500
4503		0.356250
4504		0.300000
4505		0.737500
4506		0.268750
4507		0.325000
4508		-0.081250
4509		0.443750
4510		0.650000
4511		0.762500
4512		1.000000
4513		1.025000
4514		1.168750
4515		0.737500
4516		1.231250
4517		1.725000
4518		1.668750
4519		2.100000
4520		1.931250
4521		1.606250
4522		1.725000
4523		1.318750
4524		2.362500
4525		2.100000
4526		2.800000
4527		2.275000
4528		2.218750
4529		2.306250
4530		2.043750
4531		2.250000
4532		2.687500
4533		2.656250
4534		2.687500
4535		2.775000
4536		2.306250
4537		1.843750
4538		1.868750
4539		2.075000
4540		2.250000
4541		2.362500
4542		2.218750
4543		1.781250
4544		1.693750
4545		1.900000
4546		2.187500
4547		1.931250
4548		2.337500
4549		2.187500
4550		1.868750
4551		1.518750
4552		1.518750
4553		1.900000
4554		1.868750
4555		2.250000
4556		1.956250
4557		1.462500
4558		1.518750
4559		1.606250
4560		1.956250
4561		2.250000
4562		2.337500
4563		2.275000
4564		2.162500
4565		1.956250
4566		1.756250
4567		1.987500
4568		2.306250
4569		2.393750
4570		2.481250
4571		2.131250
4572		1.931250
4573		1.868750
4574		1.868750
4575		2.100000
4576		2.393750
4577		1.987500
4578		1.493750
4579		1.781250
4580		1.493750
4581		1.756250
4582		1.343750
4583		2.162500
4584		1.812500
4585		1.431250
4586		1.462500
4587		1.081250
4588		1.081250
4589		1.406250
4590		1.518750
4591		1.431250
4592		1.200000
4593		0.793750
4594		0.412500
4595		0.706250
4596		0.850000
4597		0.793750
4598		0.912500
4599		0.587500
4600		0.475000
4601		0.006250
4602		-0.018750
4603		0.037500
4604		-0.081250
4605		0.531250
4606		-0.168750
4607		-0.256250
4608		-0.950000
4609		-0.837500
4610		-0.893750
4611		-0.806250
4612		-0.606250
4613		-0.750000
4614		-1.593750
4615		-1.387500
4616		-1.625000
4617		-1.625000
4618		-1.475000
4619		-1.243750
4620		-1.450000
4621		-1.943750
4622		-1.825000
4623		-2.262500
4624		-1.881250
4625		-1.881250
4626		-1.450000
4627		-1.856250
4628		-1.768750
4629		-1.912500
4630		-2.262500
4631		-2.118750
4632		-1.681250
4633		-1.681250
4634		-1.650000
4635		-2.000000
4636		-1.418750
4637		-2.000000
4638		-1.387500
4639		-1.968750
4640		-1.450000
4641		-1.450000
4642		-1.475000
4643		-1.737500
4644		-1.331250
4645		-1.300000
4646		-1.331250
4647		-0.368750
4648		-0.575000
4649		-0.893750
4650		-0.693750
4651		-1.300000
4652		-0.281250
4653		-0.256250
4654		-0.050000
4655		0.268750
4656		-0.193750
4657		0.300000
4658		-0.343750
4659		0.068750
4660		0.475000
4661		0.475000
4662		1.112500
4663		0.587500
4664		0.912500
4665		0.562500
4666		0.737500
4667		1.231250
4668		1.168750
4669		1.518750
4670		1.431250
4671		0.937500
4672		1.518750
4673		1.318750
4674		1.606250
4675		2.218750
4676		2.250000
4677		2.100000
4678		2.306250
4679		2.306250
4680		2.187500
4681		2.450000
4682		2.687500
4683		3.468750
4684		3.150000
4685		2.918750
4686		2.743750
4687		2.887500
4688		3.268750
4689		3.268750
4690		3.531250
4691		3.675000
4692		3.500000
4693		3.500000
4694		3.443750
4695		3.381250
4696		3.906250
4697		4.375000
4698		4.225000
4699		4.343750
4700		3.993750
4701		3.706250
4702		4.137500
4703		4.487500
4704		4.575000
4705		4.312500
4706		4.518750
4707		4.518750
4708		3.906250
4709		4.487500
4710		4.431250
4711		4.518750
4712		4.750000
4713		4.518750
4714		3.993750
4715		4.343750
4716		3.793750
4717		4.137500
4718		4.200000
4719		3.962500
4720		3.906250
4721		3.618750
4722		3.412500
4723		3.356250
4724		3.412500
4725		3.412500
4726		3.500000
4727		3.531250
4728		2.887500
4729		2.918750
4730		2.537500
4731		2.743750
4732		2.600000
4733		3.237500
4734		2.568750
4735		2.393750
4736		2.218750
4737		1.725000
4738		1.756250
4739		2.425000
4740		2.306250
4741		1.900000
4742		1.756250
4743		1.143750
4744		1.375000
4745		1.256250
4746		1.756250
4747		1.756250
4748		1.318750
4749		1.431250
4750		0.793750
4751		1.025000
4752		1.168750
4753		0.850000
4754		1.143750
4755		1.231250
4756		0.706250
4757		1.025000
4758		0.500000
4759		0.587500
4760		0.706250
4761		0.881250
4762		1.231250
4763		0.881250
4764		0.475000
4765		0.356250
4766		0.268750
4767		0.675000
4768		0.881250
4769		0.443750
4770		0.650000
4771		0.212500
4772		0.356250
4773		0.068750
4774		0.387500
4775		0.562500
4776		0.650000
4777		0.443750
4778		0.150000
4779		-0.137500
4780		-0.168750
4781		0.412500
4782		0.356250
4783		0.762500
4784		0.706250
4785		0.412500
4786		0.387500
4787		0.150000
4788		0.500000
4789		0.706250
4790		1.000000
4791		0.793750
4792		0.706250
4793		0.475000
4794		0.850000
4795		1.231250
4796		1.200000
4797		1.843750
4798		1.462500
4799		1.256250
4800		1.231250
4801		0.912500
4802		1.406250
4803		1.375000
4804		1.868750
4805		1.725000
4806		1.462500
4807		1.462500
4808		1.056250
4809		1.431250
4810		1.581250
4811		2.043750
4812		2.043750
4813		1.581250
4814		1.956250
4815		1.256250
4816		1.812500
4817		1.606250
4818		2.012500
4819		1.931250
4820		1.406250
4821		1.462500
4822		1.168750
4823		1.318750
4824		1.343750
4825		1.725000
4826		1.668750
4827		1.375000
4828		1.550000
4829		0.881250
4830		1.431250
4831		1.493750
4832		1.431250
4833		1.693750
4834		1.518750
4835		1.406250
4836		0.881250
4837		1.462500
4838		1.318750
4839		1.606250
4840		1.693750
4841		1.287500
4842		1.168750
4843		0.793750
4844		1.343750
4845		1.462500
4846		1.812500
4847		1.756250
4848		1.343750
4849		1.581250
4850		0.587500
4851		1.375000
4852		1.493750
4853		1.431250
4854		1.756250
4855		1.812500
4856		1.200000
4857		1.056250
4858		1.343750
4859		1.406250
4860		1.518750
4861		1.668750
4862		1.581250
4863		1.168750
4864		1.143750
4865		1.025000
4866		1.318750
4867		1.431250
4868		1.725000
4869		1.462500
4870		1.375000
4871		0.968750
4872		0.968750
4873		1.231250
4874		1.000000
4875		1.606250
4876		1.287500
4877		1.231250
4878		1.081250
4879		0.850000
4880		0.881250
4881		1.143750
4882		1.375000
4883		1.168750
4884		1.231250
4885		0.881250
4886		0.737500
4887		0.737500
4888		1.143750
4889		1.462500
4890		1.025000
4891		1.343750
4892		0.881250
4893		0.762500
4894		1.056250
4895		1.112500
4896		1.987500
4897		1.256250
4898		1.318750
4899		1.025000
4900		1.431250
4901		1.318750
4902		1.812500
4903		1.756250
4904		1.843750
4905		1.812500
4906		1.493750
4907		1.581250
4908		1.343750
4909		1.725000
4910		2.012500
4911		2.100000
4912		1.843750
4913		1.518750
4914		1.693750
4915		1.462500
4916		1.812500
4917		1.956250
4918		1.868750
4919		1.637500
4920		1.581250
4921		0.762500
4922		1.668750
4923		1.318750
4924		1.668750
4925		1.637500
4926		0.937500
4927		1.112500
4928		0.475000
4929		1.000000
4930		0.762500
4931		1.200000
4932		1.143750
4933		1.025000
4934		0.937500
4935		0.562500
4936		0.387500
4937		0.212500
4938		0.737500
4939		0.562500
4940		0.762500
4941		0.212500
4942		-0.225000
4943		0.006250
4944		0.150000
4945		0.150000
4946		0.412500
4947		0.006250
4948		-0.168750
4949		-0.018750
4950		-0.168750
4951		-0.106250
4952		0.068750
4953		0.268750
4954		-0.081250
4955		0.125000
4956		-0.368750
4957		-0.168750
4958		-0.137500
4959		0.212500
4960		0.412500
4961		0.068750
4962		0.093750
4963		0.412500
4964		-0.312500
4965		0.093750
4966		0.762500
4967		0.618750
4968		0.500000
4969		0.268750
4970		0.237500
4971		0.006250
4972		0.268750
4973		0.618750
4974		0.500000
4975		0.762500
4976		0.562500
4977		0.125000
4978		-0.081250
4979		0.387500
4980		0.793750
4981		0.881250
4982		0.912500
4983		0.706250
4984		0.562500
4985		0.443750
4986		1.000000
4987		0.531250
4988		0.968750
4989		0.912500
4990		0.968750
4991		0.737500
4992		0.300000
4993		0.443750
4994		1.287500
4995		1.462500
4996		1.637500
4997		1.231250
4998		1.143750
4999		0.793750
5000		1.168750
5001		1.581250
5002		1.518750
5003		2.162500
5004		1.668750
5005		1.956250
5006		1.375000
5007		1.725000
5008		2.100000
5009		2.043750
5010		2.306250
5011		2.362500
5012		2.187500
5013		2.075000
5014		2.306250
5015		2.306250
5016		2.743750
5017		2.512500
5018		2.625000
5019		2.393750
5020		2.275000
5021		2.362500
5022		2.568750
5023		2.625000
5024		2.918750
5025		2.600000
5026		2.306250
5027		2.100000
5028		2.306250
5029		2.537500
5030		2.712500
5031		2.687500
5032		2.450000
5033		2.100000
5034		1.756250
5035		1.725000
5036		1.931250
5037		1.987500
5038		2.537500
5039		2.012500
5040		1.668750
5041		1.931250
5042		1.518750
5043		1.781250
5044		2.075000
5045		2.275000
5046		1.931250
5047		1.606250
5048		1.431250
5049		1.375000
5050		1.462500
5051		1.956250
5052		1.843750
5053		1.518750
5054		1.375000
5055		1.256250
5056		0.881250
5057		1.168750
5058		1.056250
5059		1.318750
5060		0.675000
5061		0.850000
5062		1.056250
5063		0.937500
5064		1.056250
5065		0.793750
5066		1.343750
5067		1.143750
5068		1.168750
5069		0.850000
5070		0.706250
5071		0.937500
5072		1.256250
5073		1.256250
5074		0.912500
5075		0.881250
5076		0.650000
5077		0.500000
5078		0.762500
5079		0.706250
5080		1.056250
5081		1.231250
5082		0.881250
5083		0.762500
5084		0.068750
5085		0.475000
5086		0.850000
5087		0.850000
5088		1.000000
5089		0.587500
5090		0.706250
5091		0.268750
5092		0.500000
5093		0.706250
5094		0.650000
5095		0.737500
5096		0.737500
5097		0.881250
5098		0.300000
5099		0.587500
5100		0.793750
5101		1.168750
5102		1.287500
5103		1.200000
5104		1.025000
5105		1.112500
5106		1.168750
5107		1.550000
5108		1.318750
5109		2.131250
5110		1.581250
5111		1.693750
5112		1.406250
5113		2.100000
5114		2.393750
5115		2.306250
5116		2.687500
5117		2.043750
5118		2.162500
5119		2.012500
5120		2.362500
5121		2.625000
5122		2.625000
5123		3.062500
5124		2.862500
5125		2.743750
5126		2.012500
5127		2.743750
5128		2.743750
5129		2.656250
5130		2.918750
5131		2.943750
5132		2.800000
5133		2.250000
5134		2.687500
5135		2.775000
5136		2.743750
5137		2.862500
5138		2.625000
5139		2.393750
5140		2.481250
5141		2.481250
5142		2.600000
5143		2.975000
5144		3.531250
5145		3.031250
5146		2.800000
5147		2.450000
5148		2.512500
5149		3.293750
5150		2.687500
5151		3.293750
5152		3.062500
5153		2.775000
5154		2.600000
5155		2.537500
5156		2.918750
5157		2.943750
5158		3.468750
5159		3.031250
5160		2.918750
5161		2.862500
5162		2.687500
5163		3.181250
5164		3.118750
5165		3.500000
5166		3.062500
5167		3.062500
5168		2.887500
5169		2.943750
5170		2.975000
5171		3.206250
5172		3.706250
5173		3.325000
5174		3.181250
5175		3.118750
5176		2.800000
5177		2.800000
5178		3.268750
5179		3.325000
5180		3.181250
5181		3.118750
5182		2.600000
5183		3.031250
5184		3.206250
5185		3.062500
5186		3.643750
5187		2.975000
5188		2.687500
5189		2.481250
5190		2.393750
5191		2.481250
5192		2.743750
5193		3.181250
5194		2.687500
5195		2.600000
5196		2.537500
5197		2.075000
5198		2.775000
5199		2.306250
5200		3.181250
5201		2.887500
5202		2.743750
5203		2.481250
5204		2.393750
5205		2.687500
5206		2.775000
5207		3.268750
5208		2.625000
5209		2.687500
5210		2.481250
5211		2.131250
5212		3.031250
5213		2.600000
5214		3.412500
5215		2.831250
5216		2.800000
5217		2.887500
5218		2.600000
5219		2.775000
5220		3.031250
5221		3.412500
5222		3.356250
5223		3.118750
5224		3.031250
5225		2.306250
5226		3.206250
5227		3.206250
5228		3.443750
5229		3.181250
5230		3.356250
5231		2.918750
5232		3.118750
5233		3.062500
5234		3.356250
5235		3.587500
5236		3.643750
5237		2.918750
5238		2.943750
5239		2.687500
5240		3.325000
5241		3.293750
5242		3.412500
5243		3.468750
5244		3.206250
5245		3.237500
5246		2.831250
5247		3.293750
5248		3.618750
5249		3.731250
5250		3.793750
5251		3.468750
5252		3.356250
5253		3.293750
5254		3.675000
5255		3.706250
5256		3.937500
5257		4.025000
5258		3.850000
5259		3.706250
5260		3.356250
5261		3.793750
5262		3.793750
5263		4.518750
5264		4.400000
5265		3.993750
5266		3.906250
5267		3.731250
5268		3.906250
5269		3.793750
5270		4.050000
5271		4.137500
5272		3.962500
5273		3.850000
5274		3.762500
5275		3.675000
5276		3.793750
5277		4.112500
5278		4.287500
5279		3.906250
5280		4.137500
5281		3.556250
5282		4.225000
5283		4.312500
5284		4.375000
5285		4.637500
5286		4.431250
5287		4.431250
5288		4.050000
5289		4.287500
5290		4.518750
5291		4.200000
5292		5.068750
5293		4.550000
5294		4.343750
5295		3.675000
5296		4.431250
5297		4.637500
5298		4.431250
5299		4.806250
5300		4.550000
5301		4.462500
5302		3.875000
5303		4.375000
5304		4.462500
5305		4.606250
5306		5.012500
5307		4.518750
5308		4.725000
5309		4.312500
5310		4.487500
5311		4.518750
5312		4.868750
5313		5.481250
5314		5.156250
5315		5.393750
5316		5.068750
5317		5.450000
5318		5.943750
5319		6.468750
5320		6.668750
5321		6.468750
5322		6.237500
5323		6.118750
5324		6.468750
5325		6.500000
5326		6.525000
5327		6.906250
5328		6.412500
5329		6.643750
5330		6.150000
5331		6.087500
5332		6.175000
5333		6.150000
5334		6.237500
5335		6.206250
5336		5.568750
5337		5.100000
5338		5.218750
5339		5.187500
5340		5.418750
5341		5.362500
5342		5.068750
5343		4.868750
5344		4.575000
5345		4.806250
5346		4.550000
5347		4.662500
5348		4.868750
5349		4.575000
5350		4.750000
5351		4.287500
5352		3.818750
5353		4.431250
5354		4.575000
5355		4.375000
5356		4.518750
5357		4.750000
5358		4.112500
5359		4.225000
5360		4.375000
5361		4.550000
5362		4.806250
5363		4.575000
5364		4.343750
5365		4.050000
5366		3.993750
5367		4.343750
5368		4.431250
5369		4.693750
5370		4.200000
5371		4.137500
5372		4.025000
5373		3.937500
5374		4.375000
5375		4.137500
5376		4.606250
5377		4.575000
5378		3.762500
5379		3.412500
5380		3.762500
5381		4.081250
5382		3.962500
5383		4.343750
5384		3.850000
5385		3.618750
5386		2.831250
5387		3.293750
5388		3.181250
5389		3.062500
5390		3.118750
5391		2.712500
5392		2.450000
5393		2.162500
5394		2.218750
5395		2.162500
5396		2.131250
5397		2.100000
5398		1.756250
5399		1.462500
5400		1.000000
5401		1.000000
5402		0.881250
5403		1.025000
5404		1.112500
5405		1.112500
5406		0.762500
5407		0.356250
5408		0.356250
5409		0.850000
5410		0.500000
5411		1.000000
5412		1.143750
5413		0.650000
5414		0.850000
5415		1.168750
5416		1.668750
5417		1.900000
5418		2.481250
5419		2.306250
5420		2.306250
5421		2.512500
5422		2.481250
5423		3.412500
5424		3.206250
5425		3.618750
5426		3.412500
5427		3.325000
5428		3.325000
5429		3.500000
5430		4.050000
5431		3.993750
5432		4.606250
5433		4.431250
5434		4.343750
5435		4.081250
5436		4.025000
5437		4.400000
5438		4.400000
5439		4.606250
5440		4.550000
5441		4.400000
5442		4.200000
5443		4.431250
5444		4.806250
5445		4.868750
5446		5.243750
5447		5.012500
5448		5.275000
5449		4.925000
5450		5.156250
5451		5.393750
5452		5.912500
5453		6.031250
5454		5.800000
5455		5.656250
5456		5.393750
5457		5.656250
5458		6.325000
5459		6.525000
5460		6.818750
5461		6.381250
5462		6.175000
5463		6.118750
5464		6.237500
5465		6.206250
5466		6.500000
5467		6.525000
5468		6.756250
5469		6.237500
5470		5.975000
5471		6.381250
5472		6.175000
5473		6.325000
5474		6.612500
5475		6.818750
5476		6.262500
5477		5.975000
5478		6.062500
5479		6.325000
5480		6.668750
5481		6.906250
5482		5.887500
5483		6.262500
5484		5.975000
5485		5.975000
5486		6.350000
5487		6.325000
5488		6.381250
5489		6.206250
5490		5.800000
5491		5.593750
5492		5.450000
5493		5.656250
5494		5.537500
5495		5.887500
5496		5.450000
5497		5.043750
5498		4.375000
5499		4.487500
5500		4.462500
5501		4.662500
5502		4.375000
5503		4.112500
5504		3.643750
5505		3.381250
5506		3.206250
5507		3.531250
5508		3.468750
5509		3.468750
5510		3.150000
5511		3.062500
5512		3.031250
5513		3.381250
5514		2.393750
5515		2.600000
5516		3.762500
5517		3.706250
5518		3.325000
5519		2.743750
5520		3.031250
5521		3.356250
5522		3.293750
5523		3.906250
5524		3.293750
5525		3.531250
5526		3.181250
5527		3.356250
5528		3.618750
5529		3.906250
5530		4.050000
5531		3.762500
5532		3.731250
5533		3.468750
5534		3.706250
5535		3.675000
5536		3.643750
5537		3.818750
5538		3.643750
5539		2.775000
5540		3.587500
5541		3.268750
5542		3.706250
5543		3.850000
5544		4.225000
5545		4.168750
5546		3.818750
5547		3.675000
5548		4.081250
5549		3.962500
5550		4.637500
5551		4.956250
5552		4.550000
5553		4.518750
5554		4.637500
5555		4.693750
5556		4.837500
5557		5.306250
5558		5.825000
5559		5.156250
5560		5.043750
5561		5.156250
5562		5.450000
5563		5.656250
5564		5.887500
5565		5.943750
5566		6.118750
5567		5.656250
5568		5.506250
5569		5.912500
5570		5.768750
5571		5.800000
5572		6.118750
5573		5.800000
5574		6.062500
5575		5.506250
5576		5.450000
5577		5.681250
5578		5.975000
5579		6.381250
5580		5.825000
5581		5.768750
5582		5.506250
5583		5.131250
5584		5.825000
5585		5.737500
5586		6.087500
5587		5.943750
5588		5.537500
5589		4.893750
5590		5.768750
5591		5.131250
5592		5.481250
5593		5.568750
5594		5.393750
5595		4.956250
5596		4.781250
5597		4.806250
5598		5.068750
5599		4.725000
5600		5.012500
5601		4.312500
5602		4.200000
5603		3.675000
5604		3.875000
5605		3.850000
5606		3.818750
5607		4.287500
5608		4.256250
5609		3.643750
5610		3.356250
5611		3.818750
5612		3.762500
5613		3.875000
5614		4.343750
5615		3.937500
5616		3.993750
5617		3.587500
5618		3.937500
5619		3.850000
5620		4.200000
5621		4.550000
5622		4.343750
5623		4.168750
5624		3.468750
5625		4.168750
5626		4.375000
5627		4.662500
5628		4.837500
5629		4.312500
5630		4.287500
5631		4.462500
5632		4.637500
5633		4.487500
5634		5.043750
5635		5.068750
5636		4.518750
5637		4.375000
5638		3.962500
5639		4.550000
5640		4.837500
5641		4.781250
5642		4.837500
5643		4.637500
5644		4.518750
5645		4.487500
5646		4.462500
5647		5.012500
5648		5.218750
5649		4.893750
5650		5.043750
5651		4.956250
5652		4.518750
5653		5.306250
5654		5.306250
5655		5.393750
5656		5.362500
5657		5.393750
5658		5.331250
5659		4.806250
5660		5.450000
5661		5.681250
5662		6.150000
5663		5.656250
5664		6.000000
5665		5.393750
5666		5.131250
5667		5.393750
5668		5.506250
5669		6.087500
5670		5.825000
5671		5.825000
5672		5.943750
5673		5.450000
5674		5.593750
5675		5.943750
5676		5.887500
5677		5.800000
5678		5.481250
5679		5.393750
5680		5.568750
5681		5.362500
5682		5.768750
5683		5.912500
5684		6.118750
5685		5.681250
5686		5.306250
5687		5.100000
5688		6.062500
5689		5.418750
5690		5.887500
5691		5.450000
5692		5.131250
5693		4.725000
5694		4.956250
5695		5.068750
5696		4.956250
5697		5.450000
5698		5.825000
5699		4.893750
5700		4.781250
5701		4.487500
5702		4.518750
5703		4.518750
5704		4.893750
5705		4.750000
5706		4.050000
5707		4.112500
5708		3.762500
5709		3.937500
5710		3.906250
5711		4.487500
5712		4.168750
5713		3.875000
5714		3.325000
5715		3.587500
5716		3.618750
5717		3.875000
5718		3.762500
5719		3.875000
5720		3.618750
5721		3.675000
5722		3.412500
5723		3.793750
5724		3.793750
5725		3.762500
5726		3.643750
5727		3.793750
5728		3.587500
5729		3.468750
5730		3.706250
5731		3.906250
5732		4.081250
5733		4.137500
5734		3.793750
5735		3.268750
5736		3.325000
5737		3.500000
5738		3.181250
5739		4.112500
5740		4.025000
5741		3.500000
5742		3.268750
5743		3.556250
5744		3.706250
5745		3.618750
5746		4.168750
5747		3.818750
5748		3.906250
5749		3.643750
5750		3.618750
5751		4.112500
5752		4.287500
5753		4.487500
5754		4.431250
5755		4.575000
5756		3.706250
5757		4.025000
5758		4.518750
5759		4.431250
5760		5.068750
5761		4.375000
5762		4.487500
5763		4.487500
5764		4.837500
5765		5.068750
5766		5.331250
5767		5.306250
5768		5.506250
5769		5.306250
5770		4.550000
5771		5.306250
5772		5.068750
5773		5.625000
5774		5.943750
5775		5.506250
5776		5.418750
5777		5.131250
5778		5.243750
5779		5.681250
5780		5.887500
5781		5.887500
5782		5.681250
5783		5.506250
5784		5.218750
5785		5.568750
5786		5.275000
5787		5.768750
5788		5.537500
5789		5.362500
5790		4.637500
5791		4.981250
5792		5.393750
5793		5.362500
5794		5.306250
5795		5.768750
5796		5.306250
5797		5.331250
5798		4.806250
5799		4.925000
5800		5.481250
5801		5.393750
5802		5.506250
5803		5.218750
5804		4.893750
5805		4.662500
5806		4.781250
5807		4.868750
5808		4.806250
5809		4.868750
5810		4.575000
5811		4.606250
5812		3.850000
5813		4.893750
5814		4.375000
5815		4.806250
5816		4.806250
5817		4.400000
5818		4.375000
5819		3.675000
5820		4.081250
5821		4.550000
5822		4.025000
5823		4.343750
5824		4.137500
5825		3.675000
5826		3.118750
5827		3.675000
5828		4.050000
5829		3.793750
5830		3.793750
5831		3.762500
5832		3.356250
5833		3.325000
5834		3.325000
5835		3.468750
5836		3.706250
5837		3.268750
5838		2.831250
5839		3.150000
5840		2.481250
5841		3.062500
5842		3.412500
5843		3.675000
5844		2.800000
5845		2.568750
5846		2.568750
5847		2.275000
5848		3.062500
5849		2.831250
5850		2.712500
5851		2.600000
5852		2.568750
5853		2.100000
5854		2.187500
5855		2.275000
5856		2.187500
5857		2.800000
5858		2.306250
5859		2.275000
5860		2.275000
5861		2.362500
5862		2.131250
5863		2.481250
5864		2.743750
5865		2.537500
5866		2.012500
5867		1.843750
5868		2.425000
5869		2.393750
5870		2.537500
5871		3.062500
5872		2.800000
5873		2.625000
5874		2.362500
5875		2.537500
5876		2.600000
5877		2.775000
5878		3.093750
5879		2.743750
5880		2.537500
5881		2.687500
5882		2.712500
5883		2.775000
5884		3.293750
5885		2.975000
5886		2.306250
5887		2.687500
5888		2.075000
5889		2.600000
5890		2.625000
5891		2.831250
5892		3.006250
5893		2.656250
5894		2.743750
5895		2.250000
5896		2.712500
5897		2.918750
5898		2.887500
5899		3.268750
5900		2.831250
5901		2.537500
5902		2.393750
5903		2.743750
5904		2.918750
5905		3.356250
5906		2.831250
5907		3.118750
5908		2.625000
5909		2.306250
5910		3.325000
5911		3.093750
5912		3.118750
5913		3.587500
5914		2.887500
5915		2.887500
5916		3.031250
5917		3.118750
5918		3.237500
5919		3.531250
5920		3.237500
5921		3.325000
5922		3.150000
5923		2.743750
5924		3.268750
5925		3.237500
5926		3.500000
5927		3.356250
5928		3.062500
5929		3.206250
5930		2.625000
5931		3.206250
5932		3.181250
5933		3.850000
5934		3.325000
5935		2.831250
5936		2.975000
5937		2.831250
5938		3.118750
5939		2.918750
5940		3.500000
5941		3.412500
5942		2.687500
5943		2.918750
5944		2.800000
5945		2.712500
5946		2.512500
5947		3.181250
5948		2.862500
5949		2.831250
5950		2.600000
5951		2.131250
5952		2.481250
5953		2.393750
5954		2.687500
5955		2.625000
5956		2.043750
5957		2.306250
5958		1.756250
5959		2.450000
5960		2.625000
5961		2.687500
5962		2.187500
5963		2.043750
5964		1.843750
5965		2.100000
5966		2.043750
5967		2.075000
5968		2.512500
5969		2.250000
5970		2.012500
5971		1.900000
5972		1.900000
5973		2.250000
5974		2.187500
5975		2.337500
5976		2.187500
5977		1.668750
5978		1.812500
5979		1.725000
5980		2.100000
5981		2.337500
5982		2.537500
5983		2.393750
5984		2.100000
5985		1.900000
5986		2.043750
5987		1.931250
5988		2.337500
5989		2.187500
5990		1.781250
5991		1.668750
5992		1.406250
5993		1.843750
5994		1.931250
5995		1.900000
5996		2.043750
5997		1.668750
5998		1.231250
5999		1.256250
6000		1.693750
6001		1.462500
6002		1.900000
6003		1.843750
6004		1.287500
6005		1.518750
6006		0.650000
6007		1.231250
6008		1.550000
6009		1.375000
6010		1.581250
6011		1.143750
6012		0.912500
6013		0.762500
6014		0.937500
6015		1.000000
6016		1.256250
6017		1.025000
6018		1.112500
6019		0.475000
6020		0.500000
6021		0.650000
6022		0.793750
6023		1.000000
6024		0.675000
6025		0.356250
6026		0.356250
6027		0.068750
6028		-0.018750
6029		0.412500
6030		0.587500
6031		0.212500
6032		0.150000
6033		-0.456250
6034		0.150000
6035		-0.431250
6036		-0.106250
6037		0.300000
6038		0.181250
6039		-0.225000
6040		0.068750
6041		0.212500
6042		0.500000
6043		0.412500
6044		1.231250
6045		0.937500
6046		0.356250
6047		0.650000
6048		0.793750
6049		1.606250
6050		1.462500
6051		2.481250
6052		2.012500
6053		2.250000
6054		2.306250
6055		2.100000
6056		2.187500
6057		2.743750
6058		2.687500
6059		2.043750
6060		2.162500
6061		1.693750
6062		1.812500
6063		1.812500
6064		1.668750
6065		1.462500
6066		0.793750
6067		0.475000
6068		0.068750
6069		-0.106250
6070		-0.368750
6071		-0.368750
6072		-0.893750
6073		-1.387500
6074		-1.625000
6075		-2.612500
6076		-2.056250
6077		-2.381250
6078		-2.350000
6079		-2.118750
6080		-2.643750
6081		-2.900000
6082		-3.075000
6083		-2.756250
6084		-2.643750
6085		-2.381250
6086		-1.793750
6087		-2.350000
6088		-2.493750
6089		-2.756250
6090		-2.643750
6091		-2.143750
6092		-1.968750
6093		-1.968750
6094		-2.262500
6095		-2.318750
6096		-2.437500
6097		-2.206250
6098		-2.056250
6099		-1.593750
6100		-1.768750
6101		-1.881250
6102		-2.118750
6103		-2.406250
6104		-1.881250
6105		-1.681250
6106		-1.681250
6107		-1.187500
6108		-1.537500
6109		-1.681250
6110		-1.625000
6111		-1.537500
6112		-0.575000
6113		-0.487500
6114		-0.312500
6115		-0.256250
6116		-0.431250
6117		-0.781250
6118		-0.431250
6119		-0.168750
6120		0.181250
6121		0.562500
6122		0.212500
6123		0.325000
6124		-0.431250
6125		-0.050000
6126		-0.050000
6127		0.150000
6128		0.356250
6129		-0.400000
6130		-0.431250
6131		-0.981250
6132		-0.950000
6133		-0.806250
6134		-0.543750
6135		-0.862500
6136		-1.362500
6137		-1.331250
6138		-1.737500
6139		-1.187500
6140		-1.100000
6141		-0.950000
6142		-0.281250
6143		-0.893750
6144		-0.518750
6145		-0.837500
6146		-0.018750
6147		0.618750
6148		0.937500
6149		1.462500
6150		1.431250
6151		1.756250
6152		1.581250
6153		2.450000
6154		3.006250
6155		3.381250
6156		3.962500
6157		3.906250
6158		3.993750
6159		3.500000
6160		4.725000
6161		4.518750
6162		4.868750
6163		5.043750
6164		4.868750
6165		4.606250
6166		4.400000
6167		4.487500
6168		4.575000
6169		4.693750
6170		4.925000
6171		4.168750
6172		3.793750
6173		3.006250
6174		3.556250
6175		3.468750
6176		3.118750
6177		3.818750
6178		2.775000
6179		2.337500
6180		1.756250
6181		1.843750
6182		1.781250
6183		1.693750
6184		2.162500
6185		1.200000
6186		0.793750
6187		0.181250
6188		0.006250
6189		0.356250
6190		-0.168750
6191		0.181250
6192		-0.806250
6193		-1.331250
6194		-1.737500
6195		-1.881250
6196		-1.881250
6197		-1.968750
6198		-1.968750
6199		-2.725000
6200		-3.250000
6201		-3.687500
6202		-3.862500
6203		-3.806250
6204		-4.006250
6205		-3.806250
6206		-4.037500
6207		-4.968750
6208		-4.937500
6209		-5.262500
6210		-4.825000
6211		-4.825000
6212		-4.443750
6213		-4.912500
6214		-5.087500
6215		-4.968750
6216		-5.375000
6217		-4.737500
6218		-4.825000
6219		-4.562500
6220		-4.300000
6221		-5.025000
6222		-4.793750
6223		-4.937500
6224		-4.675000
6225		-4.331250
6226		-3.806250
6227		-4.356250
6228		-4.356250
6229		-4.418750
6230		-5.025000
6231		-4.587500
6232		-4.506250
6233		-4.300000
6234		-4.475000
6235		-5.087500
6236		-4.850000
6237		-5.812500
6238		-5.375000
6239		-5.350000
6240		-4.968750
6241		-5.375000
6242		-5.262500
6243		-5.262500
6244		-6.043750
6245		-5.606250
6246		-5.406250
6247		-5.318750
6248		-5.112500
6249		-5.000000
6250		-5.462500
6251		-5.668750
6252		-5.025000
6253		-4.356250
6254		-4.587500
6255		-4.156250
6256		-4.356250
6257		-3.950000
6258		-4.443750
6259		-3.806250
6260		-3.050000
6261		-3.162500
6262		-2.493750
6263		-2.875000
6264		-2.843750
6265		-3.050000
6266		-2.668750
6267		-2.700000
6268		-1.881250
6269		-1.825000
6270		-1.912500
6271		-2.031250
6272		-1.912500
6273		-1.825000
6274		-1.450000
6275		-1.331250
6276		-1.100000
6277		-1.593750
6278		-1.593750
6279		-1.712500
6280		-1.793750
6281		-1.793750
6282		-1.537500
6283		-1.212500
6284		-1.562500
6285		-1.625000
6286		-1.968750
6287		-2.437500
6288		-2.031250
6289		-2.087500
6290		-1.793750
6291		-1.712500
6292		-2.000000
6293		-2.612500
6294		-2.525000
6295		-2.668750
6296		-2.612500
6297		-2.700000
6298		-2.843750
6299		-3.075000
6300		-3.137500
6301		-4.093750
6302		-3.512500
6303		-3.425000
6304		-3.600000
6305		-2.962500
6306		-3.775000
6307		-4.300000
6308		-4.506250
6309		-4.443750
6310		-4.300000
6311		-4.068750
6312		-4.243750
6313		-4.006250
6314		-4.243750
6315		-4.762500
6316		-4.737500
6317		-4.356250
6318		-4.387500
6319		-4.006250
6320		-4.212500
6321		-4.793750
6322		-4.881250
6323		-5.056250
6324		-4.675000
6325		-4.331250
6326		-4.181250
6327		-4.418750
6328		-4.793750
6329		-5.025000
6330		-5.025000
6331		-4.825000
6332		-4.506250
6333		-4.387500
6334		-4.156250
6335		-4.618750
6336		-4.850000
6337		-5.262500
6338		-4.881250
6339		-4.737500
6340		-4.937500
6341		-4.506250
6342		-4.881250
6343		-4.825000
6344		-5.025000
6345		-4.793750
6346		-4.506250
6347		-4.268750
6348		-3.831250
6349		-4.156250
6350		-3.918750
6351		-4.443750
6352		-3.743750
6353		-3.543750
6354		-3.312500
6355		-3.018750
6356		-3.225000
6357		-3.250000
6358		-3.543750
6359		-2.987500
6360		-2.612500
6361		-2.350000
6362		-1.768750
6363		-2.118750
6364		-2.031250
6365		-2.262500
6366		-2.031250
6367		-2.031250
6368		-1.562500
6369		-1.300000
6370		-1.562500
6371		-1.562500
6372		-1.593750
6373		-1.912500
6374		-1.768750
6375		-1.300000
6376		-1.012500
6377		-1.012500
6378		-1.825000
6379		-1.943750
6380		-2.031250
6381		-1.650000
6382		-2.056250
6383		-1.562500
6384		-1.650000
6385		-2.525000
6386		-2.787500
6387		-3.225000
6388		-2.843750
6389		-3.075000
6390		-2.931250
6391		-3.250000
6392		-3.718750
6393		-3.137500
6394		-4.006250
6395		-4.331250
6396		-4.331250
6397		-4.300000
6398		-4.125000
6399		-4.850000
6400		-5.462500
6401		-5.112500
6402		-5.637500
6403		-5.406250
6404		-5.668750
6405		-5.112500
6406		-5.987500
6407		-5.931250
6408		-6.250000
6409		-6.043750
6410		-5.493750
6411		-6.018750
6412		-5.350000
6413		-5.900000
6414		-6.043750
6415		-5.781250
6416		-6.368750
6417		-5.931250
6418		-5.900000
6419		-6.218750
6420		-5.668750
6421		-5.900000
6422		-6.162500
6423		-6.425000
6424		-6.162500
6425		-5.987500
6426		-5.987500
6427		-5.900000
6428		-6.218750
6429		-6.450000
6430		-7.093750
6431		-6.625000
6432		-6.712500
6433		-6.712500
6434		-6.743750
6435		-7.356250
6436		-7.212500
6437		-7.643750
6438		-7.881250
6439		-7.881250
6440		-7.731250
6441		-7.618750
6442		-7.618750
6443		-8.575000
6444		-8.375000
6445		-8.487500
6446		-8.518750
6447		-8.462500
6448		-7.587500
6449		-8.081250
6450		-8.487500
6451		-8.343750
6452		-8.900000
6453		-8.287500
6454		-8.025000
6455		-7.556250
6456		-7.993750
6457		-7.993750
6458		-7.793750
6459		-8.200000
6460		-7.356250
6461		-7.500000
6462		-7.037500
6463		-7.300000
6464		-6.862500
6465		-6.537500
6466		-6.800000
6467		-6.306250
6468		-5.781250
6469		-5.756250
6470		-5.262500
6471		-5.375000
6472		-5.375000
6473		-5.637500
6474		-4.968750
6475		-4.506250
6476		-4.300000
6477		-3.656250
6478		-3.656250
6479		-4.181250
6480		-4.443750
6481		-3.862500
6482		-3.487500
6483		-2.987500
6484		-2.756250
6485		-2.812500
6486		-2.787500
6487		-2.987500
6488		-2.875000
6489		-2.612500
6490		-1.912500
6491		-2.056250
6492		-1.881250
6493		-2.406250
6494		-2.206250
6495		-2.056250
6496		-2.206250
6497		-2.056250
6498		-2.318750
6499		-2.318750
6500		-2.525000
6501		-2.525000
6502		-3.075000
6503		-2.787500
6504		-2.668750
6505		-3.312500
6506		-2.468750
6507		-3.106250
6508		-3.137500
6509		-3.456250
6510		-3.337500
6511		-3.368750
6512		-3.050000
6513		-3.137500
6514		-3.281250
6515		-3.656250
6516		-3.337500
6517		-3.600000
6518		-3.225000
6519		-3.368750
6520		-3.162500
6521		-3.400000
6522		-3.543750
6523		-3.512500
6524		-4.125000
6525		-3.337500
6526		-3.687500
6527		-3.512500
6528		-3.806250
6529		-4.212500
6530		-4.156250
6531		-5.025000
6532		-4.506250
6533		-4.825000
6534		-4.937500
6535		-4.675000
6536		-5.112500
6537		-5.518750
6538		-6.043750
6539		-6.306250
6540		-5.668750
6541		-6.162500
6542		-6.018750
6543		-6.481250
6544		-6.918750
6545		-7.212500
6546		-7.762500
6547		-7.037500
6548		-7.556250
6549		-7.212500
6550		-7.881250
6551		-8.056250
6552		-8.462500
6553		-9.043750
6554		-8.575000
6555		-8.781250
6556		-8.431250
6557		-9.100000
6558		-9.100000
6559		-8.868750
6560		-9.481250
6561		-9.593750
6562		-9.418750
6563		-9.450000
6564		-9.043750
6565		-9.943750
6566		-10.118750
6567		-10.500000
6568		-10.500000
6569		-10.350000
6570		-10.237500
6571		-10.262500
6572		-10.293750
6573		-10.787500
6574		-11.543750
6575		-11.137500
6576		-10.762500
6577		-10.962500
6578		-10.731250
6579		-11.343750
6580		-11.256250
6581		-11.431250
6582		-11.193750
6583		-11.193750
6584		-10.818750
6585		-10.525000
6586		-10.906250
6587		-10.700000
6588		-10.937500
6589		-11.050000
6590		-10.500000
6591		-10.031250
6592		-9.975000
6593		-9.800000
6594		-9.918750
6595		-9.768750
6596		-10.118750
6597		-9.887500
6598		-9.481250
6599		-8.925000
6600		-8.693750
6601		-8.900000
6602		-9.012500
6603		-9.625000
6604		-8.900000
6605		-8.925000
6606		-8.231250
6607		-8.056250
6608		-8.056250
6609		-8.143750
6610		-8.462500
6611		-7.906250
6612		-7.762500
6613		-7.500000
6614		-7.325000
6615		-7.237500
6616		-7.443750
6617		-7.587500
6618		-7.268750
6619		-6.887500
6620		-6.481250
6621		-6.043750
6622		-6.075000
6623		-5.900000
6624		-6.106250
6625		-6.193750
6626		-6.043750
6627		-5.287500
6628		-5.200000
6629		-5.375000
6630		-5.375000
6631		-5.550000
6632		-5.781250
6633		-5.606250
6634		-5.231250
6635		-5.175000
6636		-5.025000
6637		-5.375000
6638		-5.756250
6639		-5.956250
6640		-5.550000
6641		-5.287500
6642		-5.025000
6643		-4.762500
6644		-5.262500
6645		-5.693750
6646		-5.931250
6647		-5.843750
6648		-5.406250
6649		-4.793750
6650		-4.968750
6651		-5.550000
6652		-5.462500
6653		-5.518750
6654		-5.550000
6655		-5.693750
6656		-5.550000
6657		-5.318750
6658		-5.375000
6659		-5.668750
6660		-5.668750
6661		-6.018750
6662		-5.581250
6663		-5.956250
6664		-5.493750
6665		-5.493750
6666		-5.437500
6667		-5.987500
6668		-6.306250
6669		-5.843750
6670		-5.931250
6671		-5.843750
6672		-5.693750
6673		-6.537500
6674		-6.368750
6675		-6.918750
6676		-6.537500
6677		-6.537500
6678		-6.656250
6679		-6.537500
6680		-6.862500
6681		-7.268750
6682		-7.412500
6683		-7.381250
6684		-7.468750
6685		-7.212500
6686		-7.212500
6687		-7.500000
6688		-7.850000
6689		-7.937500
6690		-8.256250
6691		-8.143750
6692		-8.143750
6693		-7.412500
6694		-8.312500
6695		-8.081250
6696		-8.725000
6697		-9.162500
6698		-9.012500
6699		-8.606250
6700		-8.693750
6701		-9.012500
6702		-8.987500
6703		-9.162500
6704		-9.887500
6705		-9.393750
6706		-9.625000
6707		-9.187500
6708		-9.418750
6709		-9.831250
6710		-9.568750
6711		-10.237500
6712		-9.743750
6713		-9.943750
6714		-9.887500
6715		-9.831250
6716		-9.831250
6717		-10.118750
6718		-10.206250
6719		-10.118750
6720		-9.975000
6721		-9.768750
6722		-9.537500
6723		-9.800000
6724		-10.412500
6725		-9.768750
6726		-10.350000
6727		-9.831250
6728		-9.418750
6729		-9.218750
6730		-9.362500
6731		-9.656250
6732		-9.393750
6733		-9.418750
6734		-9.418750
6735		-9.243750
6736		-8.900000
6737		-8.900000
6738		-8.868750
6739		-9.418750
6740		-9.506250
6741		-9.362500
6742		-8.781250
6743		-8.868750
6744		-8.575000
6745		-9.131250
6746		-9.043750
6747		-9.306250
6748		-9.100000
6749		-9.012500
6750		-8.575000
6751		-8.400000
6752		-8.837500
6753		-8.606250
6754		-9.187500
6755		-9.331250
6756		-8.900000
6757		-9.075000
6758		-8.256250
6759		-8.231250
6760		-8.231250
6761		-8.750000
6762		-8.812500
6763		-8.781250
6764		-8.143750
6765		-8.025000
6766		-8.287500
6767		-8.143750
6768		-8.725000
6769		-8.662500
6770		-8.462500
6771		-8.400000
6772		-7.762500
6773		-8.056250
6774		-8.112500
6775		-8.231250
6776		-8.462500
6777		-8.143750
6778		-8.112500
6779		-7.556250
6780		-7.531250
6781		-8.256250
6782		-8.081250
6783		-8.518750
6784		-8.312500
6785		-7.937500
6786		-7.793750
6787		-7.125000
6788		-7.968750
6789		-7.500000
6790		-7.762500
6791		-7.125000
6792		-7.675000
6793		-6.887500
6794		-6.800000
6795		-6.831250
6796		-7.125000
6797		-7.062500
6798		-7.125000
6799		-6.950000
6800		-7.237500
6801		-6.193750
6802		-6.537500
6803		-6.775000
6804		-6.918750
6805		-6.975000
6806		-6.393750
6807		-6.625000
6808		-5.756250
6809		-6.425000
6810		-6.537500
6811		-6.862500
6812		-7.062500
6813		-7.412500
6814		-6.568750
6815		-6.887500
6816		-7.093750
6817		-7.268750
6818		-7.468750
6819		-7.731250
6820		-7.556250
6821		-6.862500
6822		-7.006250
6823		-7.268750
6824		-7.443750
6825		-7.731250
6826		-7.793750
6827		-7.731250
6828		-7.556250
6829		-7.587500
6830		-7.412500
6831		-7.793750
6832		-7.531250
6833		-7.906250
6834		-8.518750
6835		-7.937500
6836		-7.881250
6837		-7.850000
6838		-7.762500
6839		-8.518750
6840		-8.025000
6841		-8.462500
6842		-8.312500
6843		-8.256250
6844		-8.143750
6845		-7.906250
6846		-8.462500
6847		-8.637500
6848		-8.781250
6849		-8.662500
6850		-8.606250
6851		-8.112500
6852		-8.231250
6853		-8.575000
6854		-8.693750
6855		-8.812500
6856		-8.725000
6857		-8.637500
6858		-8.750000
6859		-8.168750
6860		-8.343750
6861		-8.487500
6862		-9.162500
6863		-8.375000
6864		-8.868750
6865		-8.606250
6866		-8.400000
6867		-8.056250
6868		-8.812500
6869		-9.187500
6870		-9.012500
6871		-8.487500
6872		-8.575000
6873		-8.312500
6874		-8.900000
6875		-8.868750
6876		-9.243750
6877		-9.481250
6878		-8.900000
6879		-9.043750
6880		-8.287500
6881		-9.218750
6882		-9.218750
6883		-9.306250
6884		-10.150000
6885		-9.331250
6886		-9.656250
6887		-9.043750
6888		-9.593750
6889		-9.831250
6890		-9.743750
6891		-10.262500
6892		-9.681250
6893		-9.800000
6894		-9.162500
6895		-9.218750
6896		-9.362500
6897		-9.362500
6898		-9.887500
6899		-9.743750
6900		-9.800000
6901		-9.418750
6902		-8.987500
6903		-9.537500
6904		-9.768750
6905		-9.975000
6906		-9.768750
6907		-9.887500
6908		-10.031250
6909		-9.450000
6910		-9.625000
6911		-9.743750
6912		-9.975000
6913		-9.625000
6914		-10.031250
6915		-9.393750
6916		-9.187500
6917		-9.450000
6918		-9.681250
6919		-9.743750
6920		-10.006250
6921		-9.537500
6922		-8.956250
6923		-9.012500
6924		-9.043750
6925		-9.187500
6926		-9.393750
6927		-9.593750
6928		-9.218750
6929		-9.012500
6930		-8.925000
6931		-9.043750
6932		-8.725000
6933		-8.606250
6934		-8.868750
6935		-8.812500
6936		-8.081250
6937		-8.143750
6938		-7.793750
6939		-7.793750
6940		-8.081250
6941		-8.231250
6942		-7.937500
6943		-7.556250
6944		-7.412500
6945		-7.006250
6946		-7.268750
6947		-7.500000
6948		-7.443750
6949		-7.062500
6950		-7.300000
6951		-7.268750
6952		-6.887500
6953		-7.412500
6954		-7.587500
6955		-7.731250
6956		-8.112500
6957		-7.881250
6958		-7.968750
6959		-7.468750
6960		-8.112500
6961		-8.056250
6962		-8.812500
6963		-8.868750
6964		-8.662500
6965		-8.837500
6966		-8.518750
6967		-8.868750
6968		-9.306250
6969		-9.506250
6970		-9.625000
6971		-9.275000
6972		-9.331250
6973		-9.043750
6974		-9.012500
6975		-9.043750
6976		-9.075000
6977		-9.187500
6978		-9.012500
6979		-8.575000
6980		-8.343750
6981		-7.793750
6982		-7.937500
6983		-7.993750
6984		-7.412500
6985		-7.268750
6986		-6.831250
6987		-6.193750
6988		-5.843750
6989		-5.200000
6990		-5.462500
6991		-5.637500
6992		-4.937500
6993		-4.618750
6994		-4.243750
6995		-3.950000
6996		-3.950000
6997		-3.718750
6998		-3.862500
6999		-3.743750
7000		-2.987500
7001		-3.425000
7002		-2.700000
7003		-2.931250
7004		-3.137500
7005		-3.631250
7006		-3.425000
7007		-3.487500
7008		-3.281250
7009		-2.875000
7010		-3.368750
7011		-3.718750
7012		-4.037500
7013		-4.418750
7014		-4.418750
7015		-4.268750
7016		-3.862500
7017		-4.675000
7018		-5.087500
7019		-5.350000
7020		-5.550000
7021		-5.606250
7022		-5.987500
7023		-5.843750
7024		-6.218750
7025		-6.831250
7026		-7.125000
7027		-7.587500
7028		-7.556250
7029		-7.443750
7030		-7.412500
7031		-7.706250
7032		-7.850000
7033		-8.900000
7034		-9.012500
7035		-9.131250
7036		-9.100000
7037		-8.868750
7038		-8.900000
7039		-9.012500
7040		-8.956250
7041		-9.918750
7042		-8.812500
7043		-8.900000
7044		-8.462500
7045		-8.056250
7046		-8.200000
7047		-8.462500
7048		-8.575000
7049		-7.850000
7050		-8.112500
7051		-7.468750
7052		-7.325000
7053		-7.062500
7054		-7.587500
7055		-7.881250
7056		-7.468750
7057		-7.587500
7058		-7.037500
7059		-6.800000
7060		-7.237500
7061		-7.443750
7062		-7.762500
7063		-7.706250
7064		-7.793750
7065		-7.793750
7066		-7.937500
7067		-7.968750
7068		-7.993750
7069		-8.606250
7070		-8.868750
7071		-8.725000
7072		-8.900000
7073		-8.143750
7074		-8.487500
7075		-9.075000
7076		-9.218750
7077		-9.162500
7078		-8.956250
7079		-8.462500
7080		-8.400000
7081		-8.662500
7082		-8.168750
7083		-8.462500
7084		-8.900000
7085		-8.462500
7086		-8.168750
7087		-7.906250
7088		-7.587500
7089		-8.168750
7090		-7.500000
7091		-8.112500
7092		-7.268750
7093		-7.125000
7094		-6.862500
7095		-6.481250
7096		-6.450000
7097		-6.450000
7098		-6.568750
7099		-6.131250
7100		-5.693750
7101		-5.462500
7102		-4.706250
7103		-4.937500
7104		-4.937500
7105		-4.850000
7106		-4.531250
7107		-4.268750
7108		-3.575000
7109		-2.987500
7110		-3.225000
7111		-3.250000
7112		-3.018750
7113		-2.581250
7114		-2.437500
7115		-2.318750
7116		-1.625000
7117		-2.056250
7118		-1.912500
7119		-1.968750
7120		-2.293750
7121		-1.912500
7122		-2.118750
7123		-1.475000
7124		-1.737500
7125		-2.262500
7126		-2.318750
7127		-2.668750
7128		-2.525000
7129		-2.612500
7130		-2.668750
7131		-2.931250
7132		-3.075000
7133		-3.775000
7134		-4.418750
7135		-4.156250
7136		-3.981250
7137		-4.793750
7138		-4.937500
7139		-5.518750
7140		-5.437500
7141		-6.337500
7142		-6.687500
7143		-6.481250
7144		-6.918750
7145		-6.450000
7146		-7.443750
7147		-7.212500
7148		-8.518750
7149		-8.231250
7150		-8.025000
7151		-8.312500
7152		-8.312500
7153		-9.275000
7154		-9.568750
7155		-9.537500
7156		-9.918750
7157		-9.625000
7158		-9.831250
7159		-9.768750
7160		-10.325000
7161		-9.975000
7162		-10.468750
7163		-10.700000
7164		-10.468750
7165		-10.556250
7166		-10.206250
7167		-10.175000
7168		-10.350000
7169		-10.262500
7170		-10.468750
7171		-9.768750
7172		-10.412500
7173		-9.218750
7174		-9.768750
7175		-9.275000
7176		-9.450000
7177		-9.481250
7178		-9.131250
7179		-8.231250
7180		-7.937500
7181		-7.937500
7182		-7.093750
7183		-7.762500
7184		-7.412500
7185		-7.125000
7186		-6.600000
7187		-6.106250
7188		-5.900000
7189		-5.725000
7190		-5.462500
7191		-5.550000
7192		-4.825000
7193		-4.675000
7194		-4.212500
7195		-3.862500
7196		-3.806250
7197		-3.631250
7198		-3.862500
7199		-3.225000
7200		-2.843750
7201		-2.493750
7202		-2.262500
7203		-1.912500
7204		-1.943750
7205		-2.175000
7206		-1.681250
7207		-1.331250
7208		-0.575000
7209		-0.456250
7210		-0.518750
7211		-0.718750
7212		-0.806250
7213		-0.400000
7214		-0.343750
7215		-0.137500
7216		0.443750
7217		-0.106250
7218		0.068750
7219		-0.225000
7220		-0.137500
7221		0.268750
7222		0.268750
7223		0.562500
7224		0.268750
7225		0.300000
7226		-0.193750
7227		-0.168750
7228		-0.168750
7229		-0.168750
7230		0.300000
7231		0.212500
7232		-0.081250
7233		-0.606250
7234		-0.431250
7235		-0.950000
7236		-0.312500
7237		-0.137500
7238		-0.400000
7239		-0.575000
7240		-0.950000
7241		-1.450000
7242		-1.012500
7243		-0.806250
7244		-1.100000
7245		-1.100000
7246		-2.056250
7247		-1.737500
7248		-2.668750
7249		-2.381250
7250		-2.206250
7251		-2.787500
7252		-2.900000
7253		-3.225000
7254		-3.425000
7255		-4.268750
7256		-4.212500
7257		-4.156250
7258		-4.650000
7259		-4.331250
7260		-4.737500
7261		-5.112500
7262		-6.193750
7263		-5.956250
7264		-6.162500
7265		-6.106250
7266		-6.250000
7267		-6.975000
7268		-6.800000
7269		-7.706250
7270		-7.850000
7271		-7.468750
7272		-7.356250
7273		-7.325000
7274		-8.081250
7275		-7.937500
7276		-8.518750
7277		-8.287500
7278		-8.168750
7279		-8.200000
7280		-7.881250
7281		-8.575000
7282		-8.462500
7283		-8.987500
7284		-9.100000
7285		-8.812500
7286		-8.606250
7287		-8.400000
7288		-8.812500
7289		-8.487500
7290		-8.575000
7291		-8.781250
7292		-8.287500
7293		-8.287500
7294		-7.268750
7295		-7.556250
7296		-7.500000
7297		-7.556250
7298		-7.556250
7299		-7.150000
7300		-6.393750
7301		-6.106250
7302		-5.668750
7303		-6.193750
7304		-5.956250
7305		-5.550000
7306		-5.056250
7307		-5.025000
7308		-4.300000
7309		-4.006250
7310		-4.212500
7311		-3.862500
7312		-4.181250
7313		-3.743750
7314		-3.368750
7315		-3.050000
7316		-2.843750
7317		-3.018750
7318		-2.900000
7319		-3.162500
7320		-2.987500
7321		-2.493750
7322		-2.493750
7323		-1.968750
7324		-2.700000
7325		-2.175000
7326		-2.525000
7327		-2.175000
7328		-1.968750
7329		-1.712500
7330		-1.562500
7331		-1.881250
7332		-1.968750
7333		-2.437500
7334		-1.968750
7335		-1.681250
7336		-2.031250
7337		-1.737500
7338		-1.681250
7339		-2.206250
7340		-2.406250
7341		-2.206250
7342		-2.118750
7343		-2.262500
7344		-1.912500
7345		-2.406250
7346		-2.381250
7347		-2.931250
7348		-2.962500
7349		-2.987500
7350		-2.581250
7351		-2.468750
7352		-3.050000
7353		-3.137500
7354		-3.456250
7355		-3.400000
7356		-3.137500
7357		-3.368750
7358		-3.075000
7359		-3.075000
7360		-3.512500
7361		-3.575000
7362		-3.893750
7363		-3.487500
7364		-3.456250
7365		-2.787500
7366		-3.250000
7367		-3.512500
7368		-3.631250
7369		-3.918750
7370		-3.775000
7371		-3.368750
7372		-3.281250
7373		-3.400000
7374		-3.656250
7375		-3.775000
7376		-3.862500
7377		-3.512500
7378		-4.006250
7379		-3.225000
7380		-3.806250
7381		-3.775000
7382		-3.918750
7383		-4.650000
7384		-4.443750
7385		-4.243750
7386		-4.156250
7387		-4.531250
7388		-4.587500
7389		-4.675000
7390		-5.087500
7391		-5.112500
7392		-4.937500
7393		-4.675000
7394		-4.793750
7395		-5.000000
7396		-5.200000
7397		-5.462500
7398		-5.318750
7399		-5.350000
7400		-4.968750
7401		-4.937500
7402		-4.912500
7403		-5.637500
7404		-5.581250
7405		-4.968750
7406		-5.231250
7407		-4.737500
7408		-4.356250
7409		-4.937500
7410		-4.793750
7411		-5.262500
7412		-5.056250
7413		-4.675000
7414		-4.825000
7415		-4.268750
7416		-4.793750
7417		-5.175000
7418		-5.231250
7419		-5.143750
7420		-5.025000
7421		-4.737500
7422		-4.562500
7423		-4.737500
7424		-4.650000
7425		-4.675000
7426		-4.825000
7427		-4.331250
7428		-4.300000
7429		-4.006250
7430		-4.212500
7431		-4.156250
7432		-4.300000
7433		-4.356250
7434		-4.212500
7435		-3.806250
7436		-3.312500
7437		-3.718750
7438		-3.512500
7439		-3.918750
7440		-3.918750
7441		-3.250000
7442		-3.106250
7443		-2.962500
7444		-3.137500
7445		-3.137500
7446		-3.656250
7447		-3.250000
7448		-3.368750
7449		-2.756250
7450		-2.643750
7451		-3.193750
7452		-3.137500
7453		-3.075000
7454		-3.656250
7455		-4.212500
7456		-2.556250
7457		-2.468750
7458		-1.793750
7459		-2.493750
7460		-3.193750
7461		-3.456250
7462		-3.225000
7463		-3.137500
7464		-3.162500
7465		-3.050000
7466		-2.875000
7467		-3.193750
7468		-3.050000
7469		-3.162500
7470		-3.225000
7471		-2.643750
7472		-2.987500
7473		-2.987500
7474		-3.106250
7475		-3.075000
7476		-3.075000
7477		-2.787500
7478		-2.843750
7479		-2.437500
7480		-2.643750
7481		-2.756250
7482		-2.668750
7483		-2.381250
7484		-2.406250
7485		-2.756250
7486		-2.031250
7487		-2.350000
7488		-2.556250
7489		-2.900000
7490		-2.668750
7491		-2.318750
7492		-2.262500
7493		-1.856250
7494		-2.175000
7495		-1.943750
7496		-2.318750
7497		-1.912500
7498		-1.737500
7499		-1.387500
7500		-1.156250
7501		-1.187500
7502		-1.387500
7503		-1.712500
7504		-1.068750
7505		-1.212500
7506		-0.862500
7507		-0.575000
7508		-0.781250
7509		-1.187500
7510		-0.575000
7511		-0.893750
7512		-0.806250
7513		-0.781250
7514		-0.281250
7515		-0.837500
7516		-1.037500
7517		-1.100000
7518		-0.862500
7519		-0.693750
7520		-0.862500
7521		-0.718750
7522		-0.781250
7523		-1.037500
7524		-1.331250
7525		-1.212500
7526		-1.156250
7527		-0.893750
7528		-0.518750
7529		-0.662500
7530		-1.156250
7531		-1.012500
7532		-1.537500
7533		-1.187500
7534		-1.187500
7535		-0.893750
7536		-0.862500
7537		-1.418750
7538		-1.156250
7539		-1.331250
7540		-1.187500
7541		-1.212500
7542		-0.431250
7543		-0.693750
7544		-1.125000
7545		-1.275000
7546		-1.331250
7547		-1.331250
7548		-0.806250
7549		-0.487500
7550		-0.400000
7551		-0.750000
7552		-0.981250
7553		-1.331250
7554		-0.718750
7555		-1.187500
7556		-0.518750
7557		-0.806250
7558		-0.693750
7559		-1.125000
7560		-1.450000
7561		-1.243750
7562		-1.100000
7563		-0.950000
7564		-1.012500
7565		-0.925000
7566		-1.387500
7567		-1.712500
7568		-1.450000
7569		-1.125000
7570		-1.387500
7571		-1.187500
7572		-1.418750
7573		-1.681250
7574		-1.681250
7575		-1.881250
7576		-1.737500
7577		-2.143750
7578		-1.825000
7579		-2.087500
7580		-2.318750
7581		-2.468750
7582		-2.525000
7583		-2.612500
7584		-2.725000
7585		-2.556250
7586		-2.668750
7587		-3.368750
7588		-3.656250
7589		-3.137500
7590		-3.512500
7591		-3.600000
7592		-3.337500
7593		-3.656250
7594		-3.656250
7595		-4.356250
7596		-4.300000
7597		-4.068750
7598		-4.243750
7599		-3.918750
7600		-4.300000
7601		-4.475000
7602		-4.825000
7603		-4.675000
7604		-4.675000
7605		-4.506250
7606		-4.387500
7607		-4.300000
7608		-4.850000
7609		-4.650000
7610		-4.356250
7611		-4.093750
7612		-4.387500
7613		-3.950000
7614		-4.006250
7615		-4.093750
7616		-4.562500
7617		-4.156250
7618		-3.656250
7619		-3.368750
7620		-3.337500
7621		-3.512500
7622		-3.281250
7623		-3.575000
7624		-3.281250
7625		-2.787500
7626		-2.812500
7627		-2.525000
7628		-2.206250
7629		-2.843750
7630		-3.075000
7631		-2.556250
7632		-2.493750
7633		-2.293750
7634		-1.387500
7635		-2.031250
7636		-2.437500
7637		-2.350000
7638		-2.175000
7639		-1.825000
7640		-1.650000
7641		-1.300000
7642		-1.331250
7643		-1.737500
7644		-1.593750
7645		-1.537500
7646		-0.950000
7647		-0.718750
7648		-0.575000
7649		-0.606250
7650		-0.950000
7651		-0.862500
7652		-1.156250
7653		-0.168750
7654		-0.137500
7655		0.356250
7656		-0.312500
7657		0.356250
7658		0.706250
7659		-0.018750
7660		0.500000
7661		0.706250
7662		1.375000
7663		0.912500
7664		0.793750
7665		1.025000
7666		0.912500
7667		1.318750
7668		1.493750
7669		1.756250
7670		1.725000
7671		1.518750
7672		1.606250
7673		1.462500
7674		2.043750
7675		2.362500
7676		2.393750
7677		2.218750
7678		2.250000
7679		2.275000
7680		1.693750
7681		2.656250
7682		2.450000
7683		2.687500
7684		2.537500
7685		2.306250
7686		2.162500
7687		2.100000
7688		2.425000
7689		2.306250
7690		2.775000
7691		2.537500
7692		1.987500
7693		2.100000
7694		1.868750
7695		1.812500
7696		1.756250
7697		1.606250
7698		1.781250
7699		1.493750
7700		1.000000
7701		1.231250
7702		1.143750
7703		0.968750
7704		1.025000
7705		1.318750
7706		0.762500
7707		0.825000
7708		0.387500
7709		0.325000
7710		0.500000
7711		0.762500
7712		0.650000
7713		0.237500
7714		-0.018750
7715		-0.106250
7716		0.068750
7717		-0.193750
7718		0.125000
7719		-0.018750
7720		-0.018750
7721		0.006250
7722		-0.893750
7723		-0.281250
7724		-0.343750
7725		-0.137500
7726		-0.312500
7727		-0.750000
7728		-0.950000
7729		-1.156250
7730		-1.187500
7731		-0.693750
7732		-0.950000
7733		-0.893750
7734		-1.187500
7735		-1.243750
7736		-1.712500
7737		-1.450000
7738		-1.300000
7739		-1.275000
7740		-1.300000
7741		-1.387500
7742		-1.593750
7743		-1.968750
7744		-1.331250
7745		-1.712500
7746		-1.562500
7747		-1.362500
7748		-2.118750
7749		-1.625000
7750		-2.031250
7751		-1.387500
7752		-1.537500
7753		-1.537500
7754		-1.362500
7755		-1.537500
7756		-1.681250
7757		-1.681250
7758		-1.737500
7759		-1.387500
7760		-1.068750
7761		-0.806250
7762		-1.187500
7763		-1.243750
7764		-1.768750
7765		-1.125000
7766		-1.537500
7767		-1.125000
7768		-0.718750
7769		-1.212500
7770		-0.950000
7771		-1.243750
7772		-0.950000
7773		-0.893750
7774		-0.487500
7775		0.037500
7776		-0.368750
7777		-0.750000
7778		-0.750000
7779		-0.662500
7780		-0.518750
7781		-0.368750
7782		-0.168750
7783		-0.312500
7784		-0.950000
7785		-1.100000
7786		-0.606250
7787		-0.606250
7788		-0.137500
7789		-0.168750
7790		-0.368750
7791		0.037500
7792		-0.781250
7793		-0.487500
7794		-0.281250
7795		-0.312500
7796		-0.225000
7797		-0.168750
7798		-0.575000
7799		-1.012500
7800		-0.431250
7801		-0.137500
7802		-0.456250
7803		-0.225000
7804		-0.400000
7805		-0.543750
7806		-0.893750
7807		-0.543750
7808		-0.431250
7809		-0.312500
7810		0.037500
7811		-0.575000
7812		-0.312500
7813		-0.893750
7814		-0.225000
7815		-0.225000
7816		-0.575000
7817		0.006250
7818		-0.106250
7819		-0.606250
7820		-0.781250
7821		-0.606250
7822		-0.312500
7823		-0.225000
7824		0.125000
7825		-0.168750
7826		-0.518750
7827		-0.606250
7828		-0.137500
7829		-0.168750
7830		-0.606250
7831		0.150000
7832		-0.225000
7833		-0.312500
7834		-0.543750
7835		-0.312500
7836		0.006250
7837		-0.343750
7838		0.150000
7839		-0.050000
7840		-0.518750
7841		-0.487500
7842		-0.368750
7843		0.068750
7844		-0.400000
7845		0.412500
7846		-0.281250
7847		-0.431250
7848		-0.606250
7849		-0.693750
7850		-0.456250
7851		-0.431250
7852		0.068750
7853		0.006250
7854		-0.662500
7855		-0.806250
7856		-0.693750
7857		-0.543750
7858		-0.312500
7859		0.300000
7860		-0.343750
7861		-0.487500
7862		-0.606250
7863		-0.168750
7864		-0.368750
7865		-0.281250
7866		0.212500
7867		0.037500
7868		-0.081250
7869		-0.193750
7870		-0.225000
7871		-0.431250
7872		-0.256250
7873		0.562500
7874		0.356250
7875		0.268750
7876		-0.106250
7877		-0.281250
7878		-0.081250
7879		0.387500
7880		0.937500
7881		0.762500
7882		0.268750
7883		0.068750
7884		-0.018750
7885		0.412500
7886		0.443750
7887		0.562500
7888		0.706250
7889		0.356250
7890		0.300000
7891		0.150000
7892		0.500000
7893		0.387500
7894		0.937500
7895		0.675000
7896		0.443750
7897		0.325000
7898		0.212500
7899		0.356250
7900		0.356250
7901		0.675000
7902		0.675000
7903		-0.312500
7904		-0.168750
7905		-0.225000
7906		-0.018750
7907		0.125000
7908		0.387500
7909		0.006250
7910		-0.168750
7911		-0.312500
7912		-0.718750
7913		-0.431250
7914		-0.256250
7915		-0.081250
7916		-0.256250
7917		-0.518750
7918		-0.518750
7919		-1.037500
7920		-0.781250
7921		-0.693750
7922		-0.431250
7923		-1.012500
7924		-1.125000
7925		-0.518750
7926		-1.593750
7927		-0.981250
7928		-1.125000
7929		-0.806250
7930		-1.100000
7931		-1.681250
7932		-1.243750
7933		-1.768750
7934		-1.475000
7935		-1.156250
7936		-0.950000
7937		-1.068750
7938		-1.475000
7939		-1.387500
7940		-1.768750
7941		-1.125000
7942		-1.243750
7943		-1.012500
7944		-1.187500
7945		-1.331250
7946		-1.450000
7947		-1.475000
7948		-1.387500
7949		-0.950000
7950		-0.606250
7951		-0.662500
7952		-1.100000
7953		-1.156250
7954		-1.300000
7955		-1.100000
7956		-0.893750
7957		-0.256250
7958		-0.662500
7959		-0.862500
7960		-0.718750
7961		-0.662500
7962		-1.125000
7963		-0.400000
7964		-0.168750
7965		-0.343750
7966		-0.750000
7967		-0.400000
7968		-1.012500
7969		-0.343750
7970		-0.312500
7971		0.068750
7972		0.125000
7973		-0.256250
7974		-0.400000
7975		-0.431250
7976		0.181250
7977		0.068750
7978		0.562500
7979		0.325000
7980		0.443750
7981		0.212500
7982		-0.281250
7983		0.212500
7984		0.762500
7985		1.081250
7986		0.968750
7987		0.762500
7988		0.587500
7989		0.443750
7990		0.737500
7991		1.143750
7992		1.431250
7993		1.231250
7994		0.937500
7995		1.000000
7996		1.000000
7997		1.231250
7998		1.231250
7999		1.812500
8000		1.231250
8001		1.318750
8002		1.518750
8003		1.143750
8004		1.375000
8005		1.256250
8006		1.343750
8007		1.812500
8008		1.112500
8009		1.200000
8010		1.375000
8011		1.081250
8012		1.318750
8013		1.843750
8014		1.256250
8015		1.287500
8016		0.706250
8017		1.200000
8018		0.968750
8019		1.287500
8020		1.606250
8021		1.431250
8022		0.737500
8023		0.850000
8024		0.706250
8025		1.000000
8026		1.000000
8027		1.518750
8028		1.025000
8029		0.531250
8030		0.562500
8031		0.325000
8032		1.081250
8033		0.500000
8034		1.318750
8035		0.706250
8036		0.562500
8037		0.125000
8038		0.212500
8039		0.412500
8040		0.706250
8041		0.912500
8042		0.325000
8043		0.268750
8044		-0.193750
8045		0.006250
8046		0.412500
8047		0.150000
8048		0.587500
8049		0.125000
8050		-0.368750
8051		0.125000
8052		-0.400000
8053		0.387500
8054		0.068750
8055		0.412500
8056		0.300000
8057		0.300000
8058		-0.018750
8059		-0.081250
8060		0.037500
8061		0.237500
8062		0.150000
8063		0.443750
8064		0.068750
8065		0.006250
8066		-0.081250
8067		0.300000
8068		0.356250
8069		1.112500
8070		0.675000
8071		-0.050000
8072		0.093750
8073		-0.137500
8074		0.125000
8075		0.500000
8076		0.912500
8077		0.850000
8078		0.325000
8079		0.412500
8080		0.150000
8081		0.475000
8082		0.587500
8083		0.706250
8084		0.650000
8085		0.443750
8086		1.431250
8087		0.850000
8088		1.168750
8089		1.081250
8090		1.606250
8091		1.462500
8092		1.287500
8093		1.000000
8094		0.881250
8095		1.550000
8096		1.756250
8097		1.693750
8098		1.606250
8099		1.812500
8100		1.231250
8101		1.725000
8102		1.812500
8103		2.043750
8104		2.275000
8105		2.250000
8106		1.637500
8107		1.812500
8108		1.956250
8109		2.450000
8110		2.250000
8111		2.600000
8112		2.393750
8113		1.518750
8114		1.668750
8115		1.956250
8116		2.187500
8117		2.600000
8118		2.656250
8119		2.450000
8120		2.075000
8121		1.868750
8122		2.162500
8123		2.012500
8124		2.537500
8125		2.450000
8126		2.043750
8127		2.337500
8128		2.481250
8129		2.337500
8130		2.362500
8131		2.450000
8132		2.712500
8133		2.481250
8134		2.337500
8135		1.900000
8136		2.162500
8137		2.218750
8138		2.625000
8139		2.568750
8140		2.450000
8141		2.450000
8142		1.812500
8143		2.337500
8144		2.481250
8145		2.743750
8146		2.600000
8147		2.187500
8148		2.131250
8149		1.987500
8150		2.425000
8151		2.100000
8152		2.537500
8153		2.775000
8154		2.537500
8155		2.425000
8156		2.043750
8157		2.481250
8158		2.687500
8159		2.918750
8160		2.975000
8161		2.337500
8162		2.450000
8163		2.162500
8164		2.600000
8165		2.625000
8166		2.625000
8167		3.006250
8168		2.568750
8169		2.656250
8170		1.900000
8171		2.306250
8172		2.337500
8173		2.600000
8174		2.743750
8175		2.512500
8176		2.131250
8177		2.012500
8178		2.250000
8179		2.687500
8180		2.775000
8181		2.537500
8182		2.337500
8183		2.306250
8184		1.812500
8185		2.306250
8186		2.250000
8187		2.743750
8188		2.537500
8189		2.306250
8190		2.187500
8191		2.337500
8192		2.218750
8193		2.187500
8194		2.425000
8195		2.656250
8196		3.062500
8197		2.862500
8198		2.743750
8199		2.306250
8200		2.187500
8201		2.862500
8202		3.181250
8203		3.150000
8204		3.062500
8205		2.687500
8206		2.887500
8207		2.625000
8208		2.625000
8209		3.181250
8210		3.150000
8211		3.531250
8212		2.887500
8213		2.743750
8214		2.600000
8215		2.831250
8216		3.006250
8217		3.293750
8218		3.118750
8219		2.975000
8220		3.006250
8221		2.687500
8222		2.831250
8223		3.618750
8224		3.618750
8225		3.237500
8226		2.887500
8227		2.918750
8228		2.975000
8229		3.031250
8230		3.381250
8231		3.875000
8232		3.556250
8233		3.443750
8234		3.443750
8235		3.206250
8236		3.500000
8237		3.531250
8238		4.050000
8239		3.356250
8240		3.587500
8241		3.500000
8242		2.918750
8243		3.468750
8244		3.762500
8245		4.050000
8246		3.556250
8247		3.618750
8248		3.325000
8249		3.643750
8250		2.943750
8251		3.643750
8252		4.256250
8253		4.050000
8254		3.731250
8255		3.643750
8256		3.793750
8257		3.993750
8258		3.937500
8259		4.256250
8260		4.256250
8261		4.256250
8262		3.793750
8263		3.937500
8264		4.200000
8265		4.400000
8266		4.637500
8267		4.662500
8268		4.200000
8269		4.225000
8270		4.225000
8271		4.637500
8272		4.400000
8273		4.925000
8274		4.431250
8275		3.962500
8276		3.731250
8277		4.168750
8278		4.400000
8279		4.343750
8280		4.550000
8281		4.518750
8282		4.200000
8283		4.462500
8284		4.225000
8285		4.925000
8286		5.450000
8287		5.506250
8288		5.537500
8289		5.131250
8290		5.243750
8291		6.118750
8292		5.943750
8293		6.525000
8294		6.556250
8295		6.643750
8296		6.525000
8297		6.237500
8298		6.381250
8299		6.468750
8300		7.050000
8301		6.993750
8302		6.668750
8303		6.818750
8304		6.237500
8305		6.525000
8306		6.556250
8307		6.668750
8308		6.843750
8309		6.262500
8310		5.656250
8311		5.800000
8312		5.593750
8313		5.737500
8314		5.625000
8315		6.062500
8316		5.568750
8317		5.100000
8318		5.012500
8319		5.306250
8320		5.656250
8321		5.737500
8322		5.656250
8323		5.306250
8324		5.100000
8325		4.925000
8326		4.837500
8327		5.362500
8328		5.043750
8329		5.450000
8330		5.306250
8331		4.575000
8332		4.925000
8333		4.956250
8334		4.400000
8335		5.275000
8336		4.662500
8337		4.868750
8338		4.868750
8339		4.462500
8340		4.725000
8341		4.956250
8342		4.956250
8343		4.806250
8344		4.662500
8345		4.518750
8346		4.518750
8347		4.893750
8348		4.781250
8349		5.450000
8350		5.012500
8351		4.518750
8352		4.693750
8353		4.487500
8354		4.781250
8355		4.550000
8356		5.131250
8357		4.637500
8358		4.462500
8359		4.200000
8360		3.468750
8361		3.962500
8362		3.875000
8363		4.225000
8364		4.025000
8365		3.675000
8366		3.062500
8367		3.325000
8368		2.975000
8369		3.118750
8370		3.468750
8371		2.537500
8372		2.250000
8373		1.868750
8374		1.900000
8375		2.131250
8376		1.756250
8377		2.100000
8378		1.868750
8379		1.406250
8380		1.168750
8381		1.056250
8382		1.112500
8383		1.168750
8384		1.725000
8385		1.756250
8386		1.812500
8387		1.287500
8388		1.637500
8389		1.900000
8390		2.568750
8391		2.918750
8392		2.568750
8393		3.062500
8394		2.943750
8395		2.918750
8396		3.500000
8397		4.025000
8398		4.343750
8399		4.400000
8400		4.343750
8401		4.137500
8402		4.518750
8403		5.012500
8404		4.781250
8405		5.306250
8406		5.012500
8407		4.868750
8408		4.925000
8409		5.131250
8410		5.681250
8411		5.800000
8412		6.000000
8413		5.218750
8414		6.031250
8415		5.362500
8416		6.175000
8417		6.468750
8418		6.175000
8419		6.412500
8420		6.031250
8421		5.943750
8422		5.737500
8423		5.856250
8424		6.668750
8425		6.731250
8426		6.787500
8427		6.587500
8428		6.643750
8429		6.412500
8430		7.137500
8431		7.281250
8432		7.631250
8433		7.543750
8434		7.281250
8435		6.875000
8436		7.281250
8437		7.256250
8438		7.456250
8439		7.543750
8440		7.518750
8441		6.756250
8442		7.050000
8443		6.731250
8444		6.993750
8445		7.431250
8446		7.456250
8447		7.518750
8448		7.368750
8449		7.137500
8450		7.106250
8451		7.312500
8452		7.137500
8453		8.243750
8454		7.225000
8455		7.081250
8456		7.368750
8457		7.081250
8458		7.400000
8459		7.750000
8460		7.893750
8461		7.487500
8462		6.875000
8463		7.018750
8464		6.668750
8465		6.612500
8466		6.906250
8467		6.906250
8468		6.843750
8469		7.168750
8470		6.237500
8471		6.237500
8472		6.062500
8473		5.975000
8474		6.031250
8475		5.656250
8476		4.956250
8477		4.287500
8478		4.781250
8479		4.781250
8480		5.100000
8481		4.981250
8482		4.806250
8483		3.762500
8484		3.556250
8485		4.112500
8486		4.025000
8487		4.575000
8488		4.487500
8489		4.168750
8490		4.343750
8491		3.531250
8492		3.675000
8493		4.375000
8494		4.725000
8495		4.893750
8496		4.487500
8497		4.518750
8498		4.225000
8499		4.662500
8500		4.375000
8501		4.893750
8502		4.868750
8503		5.100000
8504		4.837500
8505		4.312500
8506		4.637500
8507		5.012500
8508		5.393750
8509		5.450000
8510		5.362500
8511		4.287500
8512		4.781250
8513		4.893750
8514		4.981250
8515		5.187500
8516		5.393750
8517		5.481250
8518		4.868750
8519		4.462500
8520		5.800000
8521		5.800000
8522		6.087500
8523		5.975000
8524		5.737500
8525		5.943750
8526		5.568750
8527		6.381250
8528		6.206250
8529		6.525000
8530		6.381250
8531		6.437500
8532		6.468750
8533		6.237500
8534		6.643750
8535		6.587500
8536		7.281250
8537		6.993750
8538		6.843750
8539		6.556250
8540		6.993750
8541		6.756250
8542		6.818750
8543		7.487500
8544		7.106250
8545		7.225000
8546		6.818750
8547		6.612500
8548		6.962500
8549		7.256250
8550		7.543750
8551		7.431250
8552		6.962500
8553		6.843750
8554		7.018750
8555		7.225000
8556		7.281250
8557		7.981250
8558		7.431250
8559		7.018750
8560		6.962500
8561		7.050000
8562		7.312500
8563		7.168750
8564		7.487500
8565		7.168750
8566		6.843750
8567		6.818750
8568		6.556250
8569		6.875000
8570		6.843750
8571		6.962500
8572		6.643750
8573		5.887500
8574		5.800000
8575		5.912500
8576		6.237500
8577		5.768750
8578		6.031250
8579		5.625000
8580		5.012500
8581		5.243750
8582		5.306250
8583		5.243750
8584		5.331250
8585		5.393750
8586		5.187500
8587		5.068750
8588		4.781250
8589		5.012500
8590		5.306250
8591		5.362500
8592		5.825000
8593		5.506250
8594		5.393750
8595		5.362500
8596		5.331250
8597		5.656250
8598		6.031250
8599		6.500000
8600		5.825000
8601		5.975000
8602		6.000000
8603		6.175000
8604		6.381250
8605		6.525000
8606		6.612500
8607		6.731250
8608		6.031250
8609		6.062500
8610		6.087500
8611		6.381250
8612		6.468750
8613		6.643750
8614		6.731250
8615		6.262500
8616		6.118750
8617		6.500000
8618		6.500000
8619		6.818750
8620		7.256250
8621		6.612500
8622		6.818750
8623		6.612500
8624		6.843750
8625		6.668750
8626		7.018750
8627		6.962500
8628		7.018750
8629		6.931250
8630		7.193750
8631		6.818750
8632		7.343750
8633		7.193750
8634		7.400000
8635		7.281250
8636		7.137500
8637		7.487500
8638		7.256250
8639		7.518750
8640		7.631250
8641		8.100000
8642		7.456250
8643		7.543750
8644		7.400000
8645		6.962500
8646		7.862500
8647		7.718750
8648		8.187500
8649		7.631250
8650		7.456250
8651		7.543750
8652		7.837500
8653		8.068750
8654		8.450000
8655		8.450000
8656		8.100000
8657		7.925000
8658		7.543750
8659		7.775000
8660		7.718750
8661		9.000000
8662		9.143750
8663		8.068750
8664		7.718750
8665		7.687500
8666		7.575000
8667		7.543750
8668		7.750000
8669		7.806250
8670		7.775000
8671		7.775000
8672		7.193750
8673		6.993750
8674		7.193750
8675		7.400000
8676		7.431250
8677		7.837500
8678		6.906250
8679		7.487500
8680		6.412500
8681		6.643750
8682		6.262500
8683		7.081250
8684		6.556250
8685		6.325000
8686		5.800000
8687		6.237500
8688		6.175000
8689		6.412500
8690		6.756250
8691		6.325000
8692		6.175000
8693		6.175000
8694		5.100000
8695		6.206250
8696		6.118750
8697		6.818750
8698		6.237500
8699		6.087500
8700		6.381250
8701		5.856250
8702		7.168750
8703		6.756250
8704		6.993750
8705		6.818750
8706		6.612500
8707		6.612500
8708		6.206250
8709		6.350000
8710		6.381250
8711		6.906250
8712		6.843750
8713		7.543750
8714		6.787500
8715		6.325000
8716		6.612500
8717		6.643750
8718		6.993750
8719		6.875000
8720		6.700000
8721		7.431250
8722		6.525000
8723		6.731250
8724		7.106250
8725		7.137500
8726		7.600000
8727		7.106250
8728		6.875000
8729		6.818750
8730		6.906250
8731		7.193750
8732		7.631250
8733		7.456250
8734		7.456250
8735		7.431250
8736		7.281250
8737		7.431250
8738		8.187500
8739		7.837500
8740		8.156250
8741		8.037500
8742		7.862500
8743		7.950000
8744		8.100000
8745		8.793750
8746		8.243750
8747		8.825000
8748		8.562500
8749		8.681250
8750		8.387500
8751		8.593750
8752		8.881250
8753		8.943750
8754		9.231250
8755		9.031250
8756		8.825000
8757		8.793750
8758		8.562500
8759		8.793750
8760		9.031250
8761		9.293750
8762		8.968750
8763		8.650000
8764		8.737500
8765		8.362500
8766		8.562500
8767		8.943750
8768		9.118750
8769		8.737500
8770		8.706250
8771		8.706250
8772		8.156250
8773		8.475000
8774		8.562500
8775		8.562500
8776		8.562500
8777		8.362500
8778		8.156250
8779		7.806250
8780		8.012500
8781		7.981250
8782		8.506250
8783		8.331250
8784		8.243750
8785		7.950000
8786		7.400000
8787		8.475000
8788		7.981250
8789		8.418750
8790		8.100000
8791		7.631250
8792		7.862500
8793		7.343750
8794		7.487500
8795		7.487500
8796		7.718750
8797		7.893750
8798		7.750000
8799		7.400000
8800		7.687500
8801		7.368750
8802		7.687500
8803		7.687500
8804		7.281250
8805		7.431250
8806		7.256250
8807		7.106250
8808		7.050000
8809		7.225000
8810		7.400000
8811		7.368750
8812		7.225000
8813		6.993750
8814		6.468750
8815		6.643750
8816		6.787500
8817		6.993750
8818		6.906250
8819		7.256250
8820		6.643750
8821		6.412500
8822		6.000000
8823		6.962500
8824		6.668750
8825		6.500000
8826		6.612500
8827		6.350000
8828		6.325000
8829		5.856250
8830		6.206250
8831		6.437500
8832		6.381250
8833		6.668750
8834		6.500000
8835		5.856250
8836		6.150000
8837		6.175000
8838		6.206250
8839		6.325000
8840		6.500000
8841		6.381250
8842		6.350000
8843		6.325000
8844		6.175000
8845		6.700000
8846		6.700000
8847		7.256250
8848		6.906250
8849		6.700000
8850		6.843750
8851		6.612500
8852		6.906250
8853		7.193750
8854		7.400000
8855		7.487500
8856		7.193750
8857		7.168750
8858		7.050000
8859		7.225000
8860		7.518750
8861		7.400000
8862		7.775000
8863		7.487500
8864		7.106250
8865		6.787500
8866		7.225000
8867		7.575000
8868		7.431250
8869		7.775000
8870		7.281250
8871		7.343750
8872		6.731250
8873		7.193750
8874		7.343750
8875		7.487500
8876		7.400000
8877		7.343750
8878		7.256250
8879		6.818750
8880		7.137500
8881		7.368750
8882		7.662500
8883		7.837500
8884		7.256250
8885		7.256250
8886		6.906250
8887		7.081250
8888		7.343750
8889		7.431250
8890		8.068750
8891		7.862500
8892		7.600000
8893		7.256250
8894		7.281250
8895		7.256250
8896		7.687500
8897		8.156250
8898		7.687500
8899		7.487500
8900		7.456250
8901		7.400000
8902		7.456250
8903		7.575000
8904		7.837500
8905		7.631250
8906		7.718750
8907		7.487500
8908		7.368750
8909		7.837500
8910		7.518750
8911		7.981250
8912		7.862500
8913		7.750000
8914		7.518750
8915		6.818750
8916		7.431250
8917		7.368750
8918		7.806250
8919		7.775000
8920		7.343750
8921		7.018750
8922		6.843750
8923		6.525000
8924		7.106250
8925		6.875000
8926		7.543750
8927		6.993750
8928		6.843750
8929		6.437500
8930		6.262500
8931		6.381250
8932		6.731250
8933		6.787500
8934		6.612500
8935		6.468750
8936		6.206250
8937		5.825000
8938		6.175000
8939		6.325000
8940		6.556250
8941		6.700000
8942		6.612500
8943		6.175000
8944		5.912500
8945		6.468750
8946		6.381250
8947		6.468750
8948		6.556250
8949		6.325000
8950		6.468750
8951		6.325000
8952		6.700000
8953		6.556250
8954		6.818750
8955		7.050000
8956		6.381250
8957		6.087500
8958		6.468750
8959		6.262500
8960		6.350000
8961		6.731250
8962		6.500000
8963		6.293750
8964		6.118750
8965		6.206250
8966		5.450000
8967		5.975000
8968		5.825000
8969		6.262500
8970		5.856250
8971		5.887500
8972		5.625000
8973		5.393750
8974		5.887500
8975		5.656250
8976		5.418750
8977		5.243750
8978		5.218750
8979		5.131250
8980		4.662500
8981		5.737500
8982		5.362500
8983		5.418750
8984		5.506250
8985		4.956250
8986		5.243750
8987		4.868750
8988		4.925000
8989		5.131250
8990		5.100000
8991		5.887500
8992		5.100000
8993		5.100000
8994		4.575000
8995		5.068750
8996		5.043750
8997		5.131250
8998		5.275000
8999		5.156250
9000		5.306250
9001		4.606250
9002		4.868750
9003		4.925000
9004		5.156250
9005		5.043750
9006		4.956250
9007		4.925000
9008		4.925000
9009		4.487500
9010		4.925000
9011		4.925000
9012		5.331250
9013		5.625000
9014		5.362500
9015		5.362500
9016		4.637500
9017		5.656250
9018		6.000000
9019		5.825000
9020		6.525000
9021		6.262500
9022		6.087500
9023		6.175000
9024		6.525000
9025		6.668750
9026		6.325000
9027		6.993750
9028		6.931250
9029		6.756250
9030		6.412500
9031		6.756250
9032		6.612500
9033		6.500000
9034		6.818750
9035		6.643750
9036		5.887500
9037		5.681250
9038		5.043750
9039		5.393750
9040		5.131250
9041		4.781250
9042		4.781250
9043		3.937500
9044		3.962500
9045		3.587500
9046		3.325000
9047		3.618750
9048		3.093750
9049		3.325000
9050		3.006250
9051		2.887500
9052		2.250000
9053		2.600000
9054		2.887500
9055		2.831250
9056		3.587500
9057		2.887500
9058		2.800000
9059		2.425000
9060		3.150000
9061		3.181250
9062		3.237500
9063		4.200000
9064		3.500000
9065		3.031250
9066		3.062500
9067		2.887500
9068		3.293750
9069		3.206250
9070		3.762500
9071		3.793750
9072		3.118750
9073		3.325000
9074		3.356250
9075		3.118750
9076		3.675000
9077		4.081250
9078		3.206250
9079		3.381250
9080		3.206250
9081		2.975000
9082		3.381250
9083		3.268750
9084		4.025000
9085		4.050000
9086		3.643750
9087		3.993750
9088		3.268750
9089		3.937500
9090		4.081250
9091		4.375000
9092		4.925000
9093		4.606250
9094		4.693750
9095		4.431250
9096		4.806250
9097		4.550000
9098		4.956250
9099		4.925000
9100		4.981250
9101		4.868750
9102		4.343750
9103		4.137500
9104		4.518750
9105		4.806250
9106		5.131250
9107		4.637500
9108		4.462500
9109		4.375000
9110		4.137500
9111		4.550000
9112		4.725000
9113		5.393750
9114		4.925000
9115		5.362500
9116		5.275000
9117		5.068750
9118		5.912500
9119		5.768750
9120		6.556250
9121		7.281250
9122		7.137500
9123		7.050000
9124		7.312500
9125		7.431250
9126		8.793750
9127		8.506250
9128		9.118750
9129		9.143750
9130		8.856250
9131		9.056250
9132		9.262500
9133		9.581250
9134		9.787500
9135		10.543750
9136		10.018750
9137		9.900000
9138		9.612500
9139		9.725000
9140		9.756250
9141		9.931250
9142		10.193750
9143		9.612500
9144		9.143750
9145		8.968750
9146		8.562500
9147		8.331250
9148		8.243750
9149		8.506250
9150		8.531250
9151		8.100000
9152		7.806250
9153		6.668750
9154		7.168750
9155		7.431250
9156		7.050000
9157		6.993750
9158		6.818750
9159		6.087500
9160		5.481250
9161		5.506250
9162		5.593750
9163		5.393750
9164		5.331250
9165		4.518750
9166		4.606250
9167		3.531250
9168		3.706250
9169		3.556250
9170		3.381250
9171		3.381250
9172		2.975000
9173		2.712500
9174		2.250000
9175		1.756250
9176		2.012500
9177		1.725000
9178		1.956250
9179		1.900000
9180		0.675000
9181		1.200000
9182		0.650000
9183		0.793750
9184		0.850000
9185		0.850000
9186		1.143750
9187		0.268750
9188		0.150000
9189		0.212500
9190		0.325000
9191		0.618750
9192		0.706250
9193		0.968750
9194		0.737500
9195		0.793750
9196		0.587500
9197		0.937500
9198		0.412500
9199		0.850000
9200		1.693750
9201		1.375000
9202		1.081250
9203		1.025000
9204		0.850000
9205		1.081250
9206		1.550000
9207		1.668750
9208		1.581250
9209		1.287500
9210		0.825000
9211		0.850000
9212		0.937500
9213		1.318750
9214		1.168750
9215		1.143750
9216		0.937500
9217		0.850000
9218		0.412500
9219		0.412500
9220		0.881250
9221		1.143750
9222		1.081250
9223		1.025000
9224		0.825000
9225		0.562500
9226		0.587500
9227		1.431250
9228		1.668750
9229		1.931250
9230		1.868750
9231		2.043750
9232		1.868750
9233		2.100000
9234		2.687500
9235		2.775000
9236		3.500000
9237		3.268750
9238		3.206250
9239		3.412500
9240		3.675000
9241		3.875000
9242		4.287500
9243		4.750000
9244		4.637500
9245		4.725000
9246		4.637500
9247		4.606250
9248		4.806250
9249		4.981250
9250		5.625000
9251		5.393750
9252		5.306250
9253		5.306250
9254		4.168750
9255		5.012500
9256		4.925000
9257		5.306250
9258		5.218750
9259		5.012500
9260		4.925000
9261		4.200000
9262		4.725000
9263		4.606250
9264		4.981250
9265		5.012500
9266		4.550000
9267		4.343750
9268		3.762500
9269		3.937500
9270		3.818750
9271		4.431250
9272		3.762500
9273		3.643750
9274		3.268750
9275		2.450000
9276		2.862500
9277		2.481250
9278		2.975000
9279		2.918750
9280		2.362500
9281		2.250000
9282		1.637500
9283		1.931250
9284		1.518750
9285		1.581250
9286		1.606250
9287		1.231250
9288		1.081250
9289		0.618750
9290		0.618750
9291		0.881250
9292		0.737500
9293		0.825000
9294		0.737500
9295		1.000000
9296		0.356250
9297		0.093750
9298		0.356250
9299		1.168750
9300		0.937500
9301		0.737500
9302		0.968750
9303		0.587500
9304		0.300000
9305		0.762500
9306		0.850000
9307		1.081250
9308		1.112500
9309		1.231250
9310		0.850000
9311		0.443750
9312		0.850000
9313		1.025000
9314		0.793750
9315		1.462500
9316		1.081250
9317		0.937500
9318		1.000000
9319		0.850000
9320		1.518750
9321		1.406250
9322		1.493750
9323		1.900000
9324		1.056250
9325		1.606250
9326		1.606250
9327		1.343750
9328		2.100000
9329		2.275000
9330		2.162500
9331		2.075000
9332		1.956250
9333		1.987500
9334		2.250000
9335		2.537500
9336		2.775000
9337		2.800000
9338		2.800000
9339		2.625000
9340		2.337500
9341		2.975000
9342		3.118750
9343		2.831250
9344		3.618750
9345		3.356250
9346		3.181250
9347		2.568750
9348		3.181250
9349		3.850000
9350		3.675000
9351		4.137500
9352		3.850000
9353		3.356250
9354		3.468750
9355		3.150000
9356		3.500000
9357		3.587500
9358		3.706250
9359		2.975000
9360		3.062500
9361		2.687500
9362		2.625000
9363		2.831250
9364		2.775000
9365		3.293750
9366		2.600000
9367		2.362500
9368		2.100000
9369		1.756250
9370		1.900000
9371		1.756250
9372		1.900000
9373		1.725000
9374		1.025000
9375		1.025000
9376		0.587500
9377		0.587500
9378		0.881250
9379		0.937500
9380		1.025000
9381		0.387500
9382		0.300000
9383		0.037500
9384		-0.168750
9385		0.356250
9386		0.412500
9387		0.500000
9388		0.300000
9389		0.006250
9390		-0.431250
9391		-0.050000
9392		0.037500
9393		0.093750
9394		0.412500
9395		0.268750
9396		-0.137500
9397		-0.312500
9398		-0.256250
9399		0.150000
9400		0.006250
9401		0.412500
9402		-0.225000
9403		-0.312500
9404		-0.693750
9405		-0.750000
9406		-1.012500
9407		-0.862500
9408		-0.606250
9409		-1.012500
9410		-1.387500
9411		-1.881250
9412		-2.231250
9413		-1.943750
9414		-1.881250
9415		-1.912500
9416		-2.175000
9417		-2.350000
9418		-2.468750
9419		-3.075000
9420		-2.643750
9421		-2.643750
9422		-2.931250
9423		-2.350000
9424		-2.643750
9425		-2.700000
9426		-2.962500
9427		-2.700000
9428		-2.556250
9429		-2.581250
9430		-2.206250
9431		-2.406250
9432		-2.612500
9433		-2.700000
9434		-2.350000
9435		-1.943750
9436		-1.681250
9437		-1.450000
9438		-1.387500
9439		-1.387500
9440		-1.275000
9441		-1.212500
9442		-0.343750
9443		-0.575000
9444		0.037500
9445		-0.281250
9446		-0.168750
9447		0.068750
9448		-0.256250
9449		0.475000
9450		0.937500
9451		1.406250
9452		1.462500
9453		1.256250
9454		1.462500
9455		1.231250
9456		1.693750
9457		2.075000
9458		2.187500
9459		2.481250
9460		2.450000
9461		2.337500
9462		2.306250
9463		2.712500
9464		2.743750
9465		3.150000
9466		3.062500
9467		2.975000
9468		2.775000
9469		2.306250
9470		2.687500
9471		2.743750
9472		2.743750
9473		2.887500
9474		2.712500
9475		2.450000
9476		1.843750
9477		2.043750
9478		2.306250
9479		1.900000
9480		2.250000
9481		1.812500
9482		1.668750
9483		1.406250
9484		1.431250
9485		1.462500
9486		1.518750
9487		1.637500
9488		1.756250
9489		1.318750
9490		1.343750
9491		0.912500
9492		1.256250
9493		1.200000
9494		2.012500
9495		1.431250
9496		1.550000
9497		1.168750
9498		0.675000
9499		1.462500
9500		1.168750
9501		1.931250
9502		1.256250
9503		1.143750
9504		0.793750
9505		0.587500
9506		0.443750
9507		0.500000
9508		0.850000
9509		0.475000
9510		0.356250
9511		-0.081250
9512		-0.312500
9513		-0.606250
9514		-0.862500
9515		-0.750000
9516		-0.893750
9517		-1.156250
9518		-1.475000
9519		-1.968750
9520		-1.856250
9521		-1.768750
9522		-1.793750
9523		-1.968750
9524		-2.556250
9525		-2.725000
9526		-3.225000
9527		-2.987500
9528		-3.106250
9529		-2.643750
9530		-2.900000
9531		-3.250000
9532		-3.656250
9533		-3.656250
9534		-3.950000
9535		-4.093750
9536		-3.687500
9537		-3.806250
9538		-4.006250
9539		-4.268750
9540		-4.506250
9541		-4.675000
9542		-4.825000
9543		-4.706250
9544		-4.300000
9545		-4.937500
9546		-5.087500
9547		-5.518750
9548		-5.437500
9549		-5.231250
9550		-5.175000
9551		-4.937500
9552		-5.175000
9553		-5.375000
9554		-5.518750
9555		-5.781250
9556		-5.143750
9557		-5.231250
9558		-5.025000
9559		-4.793750
9560		-5.112500
9561		-4.706250
9562		-5.087500
9563		-5.000000
9564		-4.387500
9565		-4.387500
9566		-3.775000
9567		-3.831250
9568		-4.037500
9569		-4.300000
9570		-3.918750
9571		-3.600000
9572		-3.456250
9573		-2.812500
9574		-3.225000
9575		-3.456250
9576		-3.225000
9577		-3.075000
9578		-3.050000
9579		-2.612500
9580		-2.406250
9581		-2.143750
9582		-2.787500
9583		-2.700000
9584		-3.018750
9585		-2.406250
9586		-2.118750
9587		-2.031250
9588		-2.031250
9589		-1.856250
9590		-2.056250
9591		-1.881250
9592		-1.968750
9593		-1.537500
9594		-0.718750
9595		-1.100000
9596		-0.981250
9597		-1.012500
9598		-1.187500
9599		-0.400000
9600		-0.312500
9601		0.475000
9602		-0.081250
9603		-0.225000
9604		-0.312500
9605		-0.518750
9606		-0.018750
9607		-0.050000
9608		0.325000
9609		0.412500
9610		0.268750
9611		-0.256250
9612		-0.168750
9613		-0.193750
9614		-0.081250
9615		-0.137500
9616		0.150000
9617		-0.543750
9618		-0.168750
9619		-0.718750
9620		-0.343750
9621		-0.518750
9622		-0.137500
9623		-0.050000
9624		-0.718750
9625		-0.606250
9626		-1.012500
9627		-0.606250
9628		-0.950000
9629		-0.750000
9630		-0.137500
9631		-0.631250
9632		-0.750000
9633		-0.718750
9634		-1.012500
9635		-0.606250
9636		-0.718750
9637		-0.281250
9638		-0.950000
9639		-0.750000
9640		-1.156250
9641		-1.125000
9642		-0.862500
9643		-1.037500
9644		-0.662500
9645		-1.537500
9646		-1.187500
9647		-1.737500
9648		-1.856250
9649		-1.562500
9650		-1.681250
9651		-1.331250
9652		-1.793750
9653		-1.881250
9654		-1.968750
9655		-2.612500
9656		-2.381250
9657		-2.262500
9658		-2.056250
9659		-2.318750
9660		-2.668750
9661		-2.756250
9662		-2.987500
9663		-3.075000
9664		-2.756250
9665		-2.843750
9666		-3.075000
9667		-3.193750
9668		-3.425000
9669		-3.806250
9670		-3.487500
9671		-3.893750
9672		-3.193750
9673		-3.368750
9674		-4.243750
9675		-3.718750
9676		-4.793750
9677		-4.125000
9678		-4.443750
9679		-4.506250
9680		-4.156250
9681		-4.737500
9682		-4.937500
9683		-4.825000
9684		-5.056250
9685		-4.937500
9686		-4.881250
9687		-4.125000
9688		-4.825000
9689		-5.231250
9690		-4.675000
9691		-4.968750
9692		-4.531250
9693		-4.562500
9694		-4.243750
9695		-4.418750
9696		-4.650000
9697		-4.737500
9698		-5.087500
9699		-4.506250
9700		-4.037500
9701		-3.656250
9702		-3.918750
9703		-4.243750
9704		-3.775000
9705		-4.181250
9706		-4.068750
9707		-3.631250
9708		-3.337500
9709		-3.281250
9710		-3.656250
9711		-3.831250
9712		-4.006250
9713		-3.600000
9714		-3.368750
9715		-3.281250
9716		-3.193750
9717		-3.425000
9718		-3.487500
9719		-3.718750
9720		-3.487500
9721		-3.400000
9722		-3.137500
9723		-3.225000
9724		-3.631250
9725		-3.775000
9726		-4.037500
9727		-3.575000
9728		-3.312500
9729		-3.281250
9730		-3.193750
9731		-3.225000
9732		-2.900000
9733		-3.862500
9734		-3.631250
9735		-3.337500
9736		-3.225000
9737		-3.425000
9738		-3.250000
9739		-3.512500
9740		-3.918750
9741		-4.006250
9742		-3.400000
9743		-3.225000
9744		-2.900000
9745		-3.743750
9746		-3.456250
9747		-3.918750
9748		-3.425000
9749		-3.225000
9750		-2.900000
9751		-2.406250
9752		-2.787500
9753		-3.281250
9754		-3.193750
9755		-3.193750
9756		-3.050000
9757		-2.787500
9758		-2.468750
9759		-2.756250
9760		-2.931250
9761		-3.050000
9762		-2.787500
9763		-2.843750
9764		-2.406250
9765		-2.056250
9766		-2.262500
9767		-2.231250
9768		-2.318750
9769		-2.756250
9770		-2.468750
9771		-2.031250
9772		-1.681250
9773		-2.118750
9774		-1.768750
9775		-2.406250
9776		-2.581250
9777		-2.468750
9778		-2.525000
9779		-2.437500
9780		-2.493750
9781		-2.931250
9782		-2.556250
9783		-2.787500
9784		-2.931250
9785		-2.700000
9786		-2.900000
9787		-3.018750
9788		-2.643750
9789		-3.337500
9790		-3.512500
9791		-3.543750
9792		-3.368750
9793		-3.250000
9794		-3.137500
9795		-3.775000
9796		-3.575000
9797		-4.181250
9798		-3.718750
9799		-3.631250
9800		-3.575000
9801		-3.337500
9802		-3.918750
9803		-3.656250
9804		-4.243750
9805		-3.775000
9806		-3.806250
9807		-3.918750
9808		-3.368750
9809		-3.806250
9810		-3.775000
9811		-4.356250
9812		-3.950000
9813		-3.950000
9814		-3.862500
9815		-3.543750
9816		-3.775000
9817		-3.806250
9818		-4.443750
9819		-4.356250
9820		-4.093750
9821		-4.006250
9822		-4.068750
9823		-4.156250
9824		-4.068750
9825		-4.531250
9826		-5.087500
9827		-3.806250
9828		-4.506250
9829		-4.006250
9830		-4.356250
9831		-4.587500
9832		-4.618750
9833		-4.675000
9834		-4.506250
9835		-4.300000
9836		-4.068750
9837		-4.387500
9838		-4.443750
9839		-4.587500
9840		-4.650000
9841		-4.268750
9842		-4.650000
9843		-3.743750
9844		-4.387500
9845		-4.675000
9846		-4.650000
9847		-5.318750
9848		-4.331250
9849		-4.675000
9850		-4.243750
9851		-4.531250
9852		-4.675000
9853		-4.650000
9854		-4.937500
9855		-4.793750
9856		-4.825000
9857		-4.650000
9858		-4.937500
9859		-4.968750
9860		-5.200000
9861		-5.406250
9862		-5.318750
9863		-5.262500
9864		-5.112500
9865		-5.112500
9866		-5.025000
9867		-5.375000
9868		-5.637500
9869		-5.112500
9870		-5.087500
9871		-4.825000
9872		-4.968750
9873		-5.112500
9874		-5.318750
9875		-5.812500
9876		-5.581250
9877		-5.581250
9878		-5.112500
9879		-5.200000
9880		-5.518750
9881		-5.493750
9882		-5.843750
9883		-5.668750
9884		-5.550000
9885		-5.462500
9886		-4.968750
9887		-5.668750
9888		-5.518750
9889		-6.368750
9890		-5.493750
9891		-5.693750
9892		-5.843750
9893		-5.143750
9894		-5.231250
9895		-5.956250
9896		-6.106250
9897		-6.018750
9898		-5.437500
9899		-5.581250
9900		-5.262500
9901		-4.968750
9902		-5.087500
9903		-5.112500
9904		-4.968750
9905		-4.881250
9906		-4.762500
9907		-4.587500
9908		-4.587500
9909		-4.587500
9910		-4.737500
9911		-4.706250
9912		-4.475000
9913		-4.212500
9914		-3.862500
9915		-3.775000
9916		-3.775000
9917		-4.093750
9918		-4.243750
9919		-4.068750
9920		-3.743750
9921		-3.368750
9922		-3.775000
9923		-3.918750
9924		-4.243750
9925		-4.331250
9926		-4.212500
9927		-3.831250
9928		-4.093750
9929		-4.037500
9930		-4.531250
9931		-4.793750
9932		-5.112500
9933		-5.025000
9934		-4.912500
9935		-4.968750
9936		-4.881250
9937		-5.637500
9938		-5.931250
9939		-6.625000
9940		-6.250000
9941		-6.306250
9942		-5.781250
9943		-5.843750
9944		-6.162500
9945		-6.568750
9946		-6.537500
9947		-6.481250
9948		-6.043750
9949		-5.462500
9950		-5.262500
9951		-5.406250
9952		-5.350000
9953		-5.406250
9954		-4.793750
9955		-4.443750
9956		-3.893750
9957		-3.743750
9958		-3.400000
9959		-3.600000
9960		-3.425000
9961		-3.250000
9962		-2.350000
9963		-2.206250
9964		-1.793750
9965		-1.625000
9966		-1.475000
9967		-1.125000
9968		-1.100000
9969		-0.862500
9970		-0.718750
9971		-0.368750
9972		-0.193750
9973		-0.518750
9974		-0.662500
9975		-0.368750
9976		-0.281250
9977		-0.312500
9978		-0.281250
9979		-0.256250
9980		-0.750000
9981		-0.750000
9982		-0.750000
9983		-0.718750
9984		-0.431250
9985		-0.343750
9986		-1.068750
9987		-1.212500
9988		-1.562500
9989		-1.881250
9990		-1.737500
9991		-1.300000
9992		-1.881250
9993		-2.056250
9994		-2.756250
9995		-2.787500
9996		-3.075000
9997		-3.400000
9998		-2.700000
9999		-3.400000
10000		-3.806250
