Channel              :		CH1
Frequency            :		12.35Hz
Period               :		81.00ms
PK-PK                :		32.77mV
Average              :		0.079mV
Vertical pos         :		1.000000mV
Probe attenuation    :		1X
Voltage per ADC value:		0.001563mV
Time interval        :		20.00000uS

index		CH1_Voltage(mV)
1		4.025000
2		3.762500
3		4.868750
4		5.537500
5		5.681250
6		6.668750
7		7.981250
8		8.212500
9		8.125000
10		8.450000
11		7.950000
12		7.775000
13		8.856250
14		9.206250
15		8.825000
16		10.018750
17		9.581250
18		8.275000
19		7.925000
20		7.543750
21		7.168750
22		6.325000
23		6.931250
24		6.293750
25		6.118750
26		7.400000
27		8.068750
28		7.600000
29		9.462500
30		10.600000
31		11.356250
32		12.200000
33		12.868750
34		11.825000
35		10.018750
36		8.506250
37		5.481250
38		2.975000
39		2.131250
40		0.412500
41		-0.225000
42		0.387500
43		2.075000
44		3.293750
45		5.156250
46		7.775000
47		8.943750
48		9.962500
49		11.037500
50		11.268750
51		10.456250
52		10.806250
53		11.156250
54		10.281250
55		10.456250
56		10.743750
57		9.987500
58		9.637500
59		9.931250
60		9.493750
61		9.118750
62		9.875000
63		10.018750
64		9.550000
65		10.050000
66		10.631250
67		10.337500
68		10.393750
69		10.718750
70		9.581250
71		8.187500
72		7.368750
73		5.593750
74		3.150000
75		2.975000
76		3.093750
77		2.743750
78		2.918750
79		4.868750
80		4.868750
81		5.100000
82		6.118750
83		5.975000
84		5.012500
85		5.362500
86		5.275000
87		5.068750
88		5.800000
89		6.612500
90		6.587500
91		7.225000
92		7.543750
93		7.981250
94		7.837500
95		8.562500
96		8.881250
97		8.187500
98		8.012500
99		7.750000
100		6.612500
101		5.506250
102		5.593750
103		5.100000
104		3.531250
105		3.468750
106		3.206250
107		2.425000
108		2.162500
109		2.800000
110		1.931250
111		1.462500
112		1.231250
113		0.850000
114		-0.168750
115		0.150000
116		0.793750
117		0.500000
118		1.287500
119		2.625000
120		2.275000
121		1.956250
122		2.975000
123		3.031250
124		2.187500
125		2.450000
126		2.800000
127		1.987500
128		1.462500
129		1.693750
130		1.025000
131		0.300000
132		0.650000
133		0.300000
134		-0.431250
135		-0.718750
136		-0.862500
137		-1.912500
138		-3.337500
139		-2.931250
140		-3.543750
141		-4.506250
142		-4.068750
143		-3.775000
144		-4.331250
145		-3.656250
146		-2.350000
147		-2.812500
148		-2.468750
149		-1.387500
150		-0.862500
151		-1.212500
152		-0.081250
153		-0.256250
154		-0.368750
155		-1.362500
156		-0.893750
157		-1.650000
158		-2.175000
159		-1.825000
160		-1.475000
161		-2.231250
162		-1.793750
163		-2.175000
164		-3.862500
165		-4.125000
166		-3.075000
167		-2.931250
168		-3.950000
169		-4.006250
170		-5.437500
171		-6.250000
172		-7.793750
173		-7.212500
174		-7.643750
175		-7.643750
176		-7.237500
177		-6.625000
178		-7.381250
179		-6.075000
180		-5.318750
181		-5.781250
182		-6.306250
183		-5.987500
184		-5.956250
185		-6.687500
186		-5.637500
187		-4.587500
188		-4.762500
189		-5.000000
190		-4.156250
191		-4.650000
192		-4.793750
193		-5.025000
194		-5.375000
195		-7.037500
196		-6.775000
197		-6.918750
198		-7.356250
199		-7.212500
200		-5.781250
201		-5.175000
202		-5.812500
203		-4.850000
204		-4.093750
205		-5.550000
206		-4.912500
207		-4.387500
208		-4.387500
209		-4.825000
210		-3.806250
211		-3.137500
212		-3.512500
213		-3.743750
214		-3.193750
215		-3.425000
216		-4.243750
217		-3.193750
218		-3.018750
219		-3.575000
220		-4.387500
221		-3.862500
222		-4.968750
223		-5.987500
224		-5.693750
225		-5.956250
226		-7.268750
227		-7.531250
228		-7.412500
229		-7.731250
230		-8.987500
231		-8.287500
232		-9.218750
233		-9.887500
234		-10.093750
235		-8.987500
236		-9.131250
237		-8.637500
238		-8.025000
239		-8.693750
240		-8.725000
241		-8.518750
242		-7.443750
243		-7.468750
244		-6.975000
245		-6.306250
246		-6.337500
247		-7.006250
248		-6.393750
249		-5.812500
250		-5.781250
251		-5.287500
252		-4.937500
253		-5.550000
254		-6.393750
255		-5.812500
256		-5.318750
257		-5.693750
258		-5.843750
259		-5.518750
260		-6.218750
261		-7.037500
262		-6.481250
263		-6.393750
264		-6.687500
265		-7.237500
266		-7.062500
267		-8.025000
268		-9.012500
269		-8.956250
270		-9.043750
271		-9.506250
272		-9.887500
273		-8.868750
274		-9.918750
275		-10.787500
276		-9.975000
277		-10.062500
278		-9.768750
279		-9.418750
280		-8.487500
281		-7.556250
282		-9.162500
283		-9.012500
284		-8.868750
285		-10.093750
286		-10.675000
287		-9.100000
288		-7.618750
289		-7.300000
290		-6.250000
291		-6.425000
292		-8.231250
293		-8.725000
294		-7.556250
295		-7.731250
296		-7.850000
297		-7.443750
298		-6.862500
299		-8.056250
300		-8.400000
301		-7.731250
302		-7.618750
303		-8.081250
304		-7.212500
305		-6.106250
306		-6.975000
307		-7.181250
308		-6.568750
309		-7.412500
310		-8.750000
311		-7.881250
312		-6.656250
313		-6.712500
314		-6.481250
315		-5.900000
316		-6.131250
317		-6.918750
318		-6.775000
319		-5.756250
320		-5.900000
321		-6.131250
322		-5.231250
323		-5.956250
324		-6.800000
325		-6.393750
326		-5.025000
327		-4.968750
328		-4.968750
329		-3.950000
330		-3.656250
331		-4.825000
332		-4.937500
333		-3.743750
334		-3.631250
335		-4.068750
336		-2.668750
337		-2.118750
338		-2.987500
339		-3.106250
340		-2.175000
341		-2.350000
342		-2.787500
343		-1.475000
344		-0.575000
345		-0.950000
346		-1.156250
347		-0.575000
348		-1.156250
349		-2.262500
350		-1.912500
351		-1.793750
352		-2.493750
353		-2.350000
354		-1.625000
355		-2.437500
356		-2.787500
357		-1.187500
358		-0.137500
359		-0.168750
360		1.287500
361		2.600000
362		1.900000
363		1.112500
364		1.431250
365		1.375000
366		1.343750
367		3.031250
368		4.050000
369		2.450000
370		1.725000
371		0.356250
372		-1.562500
373		-3.137500
374		-1.912500
375		-1.387500
376		-0.606250
377		0.737500
378		1.462500
379		0.150000
380		0.093750
381		0.500000
382		0.587500
383		1.493750
384		4.225000
385		6.118750
386		7.343750
387		9.000000
388		9.175000
389		7.662500
390		6.818750
391		6.906250
392		6.325000
393		6.118750
394		6.962500
395		6.262500
396		5.450000
397		5.800000
398		5.218750
399		4.375000
400		4.925000
401		5.243750
402		4.431250
403		4.637500
404		5.243750
405		4.343750
406		4.137500
407		5.393750
408		5.156250
409		4.606250
410		6.062500
411		6.087500
412		5.712500
413		6.556250
414		6.700000
415		6.325000
416		6.962500
417		7.600000
418		7.487500
419		7.312500
420		8.418750
421		7.456250
422		7.281250
423		7.981250
424		7.137500
425		6.756250
426		7.631250
427		7.256250
428		6.612500
429		7.400000
430		7.487500
431		6.262500
432		6.412500
433		6.525000
434		5.537500
435		5.506250
436		6.468750
437		5.943750
438		5.656250
439		6.612500
440		6.412500
441		5.506250
442		6.412500
443		6.756250
444		6.293750
445		7.137500
446		8.387500
447		8.156250
448		8.793750
449		9.812500
450		9.550000
451		9.550000
452		10.981250
453		10.806250
454		10.312500
455		11.706250
456		12.868750
457		12.812500
458		14.587500
459		16.068750
460		15.606250
461		15.487500
462		15.487500
463		14.937500
464		14.500000
465		16.100000
466		15.225000
467		14.268750
468		14.325000
469		13.218750
470		11.650000
471		12.025000
472		12.287500
473		11.181250
474		11.650000
475		12.956250
476		12.231250
477		13.018750
478		14.618750
479		14.181250
480		15.343750
481		17.150000
482		17.556250
483		17.818750
484		18.049999
485		17.525000
486		15.025000
487		13.162500
488		11.850000
489		9.087500
490		7.600000
491		7.081250
492		6.556250
493		6.756250
494		8.275000
495		10.018750
496		10.393750
497		13.393750
498		14.531250
499		14.762500
500		15.081250
501		15.518750
502		14.037500
503		14.531250
504		15.312500
505		15.050000
506		15.081250
507		15.550000
508		15.081250
509		14.850000
510		14.881250
511		14.906250
512		13.775000
513		14.325000
514		14.381250
515		13.887500
516		14.093750
517		14.793750
518		14.381250
519		14.181250
520		14.881250
521		14.118750
522		12.550000
523		11.068750
524		9.756250
525		7.368750
526		7.193750
527		7.081250
528		7.018750
529		7.256250
530		8.856250
531		8.681250
532		8.943750
533		9.700000
534		9.581250
535		8.881250
536		9.000000
537		9.087500
538		8.418750
539		9.175000
540		10.050000
541		9.812500
542		10.312500
543		11.412500
544		11.325000
545		11.387500
546		12.112500
547		12.000000
548		11.475000
549		10.981250
550		10.743750
551		9.787500
552		9.031250
553		9.231250
554		7.775000
555		6.525000
556		6.500000
557		5.737500
558		4.662500
559		5.218750
560		5.243750
561		4.081250
562		4.081250
563		4.200000
564		3.062500
565		2.337500
566		2.918750
567		2.800000
568		2.743750
569		3.443750
570		3.793750
571		3.268750
572		4.050000
573		4.781250
574		4.487500
575		4.518750
576		4.956250
577		3.993750
578		3.268750
579		3.500000
580		3.443750
581		2.393750
582		2.425000
583		2.393750
584		1.693750
585		1.025000
586		1.231250
587		0.006250
588		-1.037500
589		-1.068750
590		-1.593750
591		-2.756250
592		-2.900000
593		-2.931250
594		-2.962500
595		-2.725000
596		-1.737500
597		-1.793750
598		-1.943750
599		-1.037500
600		-0.400000
601		-0.106250
602		0.737500
603		1.375000
604		1.231250
605		0.443750
606		0.737500
607		-0.400000
608		-1.562500
609		-1.156250
610		-0.950000
611		-1.712500
612		-3.050000
613		-1.331250
614		-1.737500
615		-1.856250
616		-1.037500
617		-2.175000
618		-4.037500
619		-4.006250
620		-4.387500
621		-5.318750
622		-5.143750
623		-5.200000
624		-6.862500
625		-8.606250
626		-7.731250
627		-8.112500
628		-7.556250
629		-6.193750
630		-5.287500
631		-6.281250
632		-6.537500
633		-6.131250
634		-6.862500
635		-6.306250
636		-5.668750
637		-5.318750
638		-5.725000
639		-5.000000
640		-4.737500
641		-4.937500
642		-4.737500
643		-4.443750
644		-5.287500
645		-6.393750
646		-6.193750
647		-7.062500
648		-8.056250
649		-7.731250
650		-6.743750
651		-6.775000
652		-6.600000
653		-5.200000
654		-4.850000
655		-5.025000
656		-4.243750
657		-4.125000
658		-4.562500
659		-4.937500
660		-3.600000
661		-3.400000
662		-2.756250
663		-2.031250
664		-2.231250
665		-3.631250
666		-3.512500
667		-2.468750
668		-2.468750
669		-2.206250
670		-1.625000
671		-2.900000
672		-3.862500
673		-4.331250
674		-4.650000
675		-5.112500
676		-5.000000
677		-4.793750
678		-6.075000
679		-6.337500
680		-6.950000
681		-7.531250
682		-8.462500
683		-7.937500
684		-7.906250
685		-8.025000
686		-8.025000
687		-7.062500
688		-7.412500
689		-7.906250
690		-7.093750
691		-6.950000
692		-7.500000
693		-6.337500
694		-5.550000
695		-5.550000
696		-5.900000
697		-5.550000
698		-5.406250
699		-5.900000
700		-4.737500
701		-3.718750
702		-4.156250
703		-4.793750
704		-4.475000
705		-4.825000
706		-5.262500
707		-4.587500
708		-3.718750
709		-4.531250
710		-5.231250
711		-4.618750
712		-5.637500
713		-6.450000
714		-5.843750
715		-5.868750
716		-6.687500
717		-6.743750
718		-6.250000
719		-7.237500
720		-8.231250
721		-8.112500
722		-8.400000
723		-8.575000
724		-8.987500
725		-8.256250
726		-9.131250
727		-9.537500
728		-8.575000
729		-8.693750
730		-8.837500
731		-7.850000
732		-7.356250
733		-7.762500
734		-8.375000
735		-8.143750
736		-8.400000
737		-9.131250
738		-7.937500
739		-7.325000
740		-7.300000
741		-7.181250
742		-6.337500
743		-7.443750
744		-8.662500
745		-7.993750
746		-7.062500
747		-7.881250
748		-8.025000
749		-7.881250
750		-8.312500
751		-8.462500
752		-7.818750
753		-7.356250
754		-7.850000
755		-7.675000
756		-6.775000
757		-7.237500
758		-7.881250
759		-7.675000
760		-7.500000
761		-8.287500
762		-7.793750
763		-6.800000
764		-7.181250
765		-7.818750
766		-6.537500
767		-6.687500
768		-7.443750
769		-7.356250
770		-6.568750
771		-7.037500
772		-7.443750
773		-7.325000
774		-6.918750
775		-7.500000
776		-7.356250
777		-6.625000
778		-6.862500
779		-7.037500
780		-6.425000
781		-6.831250
782		-7.006250
783		-6.831250
784		-5.812500
785		-5.668750
786		-5.781250
787		-4.737500
788		-4.387500
789		-5.087500
790		-5.262500
791		-4.068750
792		-3.981250
793		-4.675000
794		-3.487500
795		-3.050000
796		-3.193750
797		-3.631250
798		-3.050000
799		-3.487500
800		-4.825000
801		-4.387500
802		-4.331250
803		-5.087500
804		-5.987500
805		-5.287500
806		-5.581250
807		-6.393750
808		-4.937500
809		-3.487500
810		-3.368750
811		-2.843750
812		-1.275000
813		-1.387500
814		-3.337500
815		-2.987500
816		-1.737500
817		-1.212500
818		-0.750000
819		0.587500
820		-0.106250
821		-2.756250
822		-4.443750
823		-5.668750
824		-6.975000
825		-7.325000
826		-5.781250
827		-4.618750
828		-4.037500
829		-3.893750
830		-3.225000
831		-4.068750
832		-4.418750
833		-3.137500
834		-1.737500
835		-0.662500
836		1.462500
837		4.112500
838		4.168750
839		2.743750
840		3.181250
841		2.393750
842		0.650000
843		0.793750
844		2.218750
845		1.518750
846		1.081250
847		1.056250
848		0.675000
849		-0.312500
850		-0.487500
851		0.325000
852		-0.256250
853		-0.343750
854		0.068750
855		-0.018750
856		-1.068750
857		-0.862500
858		0.006250
859		-0.193750
860		-0.456250
861		0.737500
862		0.912500
863		0.325000
864		1.081250
865		1.581250
866		0.737500
867		1.375000
868		1.756250
869		2.218750
870		1.343750
871		2.425000
872		2.250000
873		1.606250
874		1.318750
875		2.131250
876		1.431250
877		1.581250
878		1.812500
879		1.812500
880		0.706250
881		1.081250
882		0.881250
883		-0.456250
884		0.150000
885		-0.018750
886		-0.312500
887		-0.256250
888		0.006250
889		-0.193750
890		0.268750
891		0.968750
892		0.125000
893		-0.081250
894		0.793750
895		1.143750
896		0.650000
897		1.781250
898		2.250000
899		2.218750
900		2.656250
901		4.081250
902		3.587500
903		3.500000
904		5.275000
905		5.100000
906		4.725000
907		6.612500
908		7.862500
909		8.387500
910		9.900000
911		10.631250
912		9.318750
913		9.118750
914		9.406250
915		8.156250
916		7.925000
917		9.175000
918		8.012500
919		6.262500
920		6.381250
921		5.593750
922		3.468750
923		5.275000
924		5.418750
925		5.681250
926		5.712500
927		7.137500
928		7.281250
929		7.631250
930		9.175000
931		9.962500
932		9.962500
933		11.937500
934		12.462500
935		11.475000
936		11.762500
937		10.393750
938		7.456250
939		5.943750
940		4.575000
941		2.481250
942		1.637500
943		2.100000
944		1.812500
945		2.537500
946		4.781250
947		5.537500
948		6.031250
949		8.156250
950		9.087500
951		8.187500
952		8.793750
953		9.031250
954		8.943750
955		9.293750
956		9.962500
957		9.462500
958		9.293750
959		10.512500
960		9.406250
961		8.362500
962		8.793750
963		8.362500
964		7.368750
965		8.100000
966		8.737500
967		8.275000
968		8.531250
969		9.293750
970		8.650000
971		8.125000
972		8.387500
973		6.262500
974		4.575000
975		3.643750
976		1.956250
977		0.793750
978		0.675000
979		1.375000
980		0.706250
981		2.393750
982		3.556250
983		3.381250
984		4.112500
985		4.287500
986		3.643750
987		3.062500
988		3.618750
989		3.468750
990		3.706250
991		5.100000
992		5.306250
993		5.068750
994		6.293750
995		6.525000
996		5.681250
997		6.293750
998		6.875000
999		6.062500
1000		5.187500
1001		6.031250
1002		4.806250
1003		3.531250
1004		3.325000
1005		2.831250
1006		1.431250
1007		1.000000
1008		1.431250
1009		0.443750
1010		0.037500
1011		0.150000
1012		0.181250
1013		-0.950000
1014		-0.400000
1015		-1.037500
1016		-1.968750
1017		-1.625000
1018		-1.737500
1019		-2.556250
1020		-1.156250
1021		-0.431250
1022		-1.037500
1023		-0.225000
1024		0.500000
1025		0.150000
1026		-0.343750
1027		0.068750
1028		-0.281250
1029		-1.387500
1030		-1.187500
1031		-1.475000
1032		-2.612500
1033		-2.293750
1034		-2.056250
1035		-2.756250
1036		-3.137500
1037		-2.987500
1038		-4.181250
1039		-5.287500
1040		-5.025000
1041		-5.868750
1042		-7.150000
1043		-7.006250
1044		-6.656250
1045		-7.500000
1046		-6.450000
1047		-5.518750
1048		-5.693750
1049		-5.581250
1050		-4.475000
1051		-4.506250
1052		-4.268750
1053		-2.843750
1054		-2.318750
1055		-3.050000
1056		-2.987500
1057		-3.368750
1058		-5.668750
1059		-6.862500
1060		-4.850000
1061		-4.793750
1062		-4.331250
1063		-3.862500
1064		-4.506250
1065		-5.693750
1066		-5.693750
1067		-5.406250
1068		-5.931250
1069		-5.518750
1070		-4.706250
1071		-6.393750
1072		-7.731250
1073		-8.343750
1074		-9.162500
1075		-9.943750
1076		-9.918750
1077		-10.062500
1078		-10.262500
1079		-9.768750
1080		-8.375000
1081		-8.081250
1082		-7.937500
1083		-7.125000
1084		-7.356250
1085		-8.168750
1086		-7.556250
1087		-6.975000
1088		-7.618750
1089		-6.975000
1090		-6.106250
1091		-6.368750
1092		-6.537500
1093		-5.812500
1094		-6.018750
1095		-7.150000
1096		-7.006250
1097		-7.531250
1098		-9.306250
1099		-9.131250
1100		-8.112500
1101		-8.231250
1102		-7.818750
1103		-6.425000
1104		-6.131250
1105		-6.950000
1106		-6.043750
1107		-5.406250
1108		-5.843750
1109		-5.725000
1110		-4.706250
1111		-5.025000
1112		-4.850000
1113		-3.743750
1114		-3.918750
1115		-4.506250
1116		-4.156250
1117		-4.006250
1118		-4.506250
1119		-4.037500
1120		-3.775000
1121		-4.156250
1122		-4.737500
1123		-4.825000
1124		-5.406250
1125		-6.481250
1126		-6.250000
1127		-6.425000
1128		-7.443750
1129		-7.675000
1130		-7.325000
1131		-8.781250
1132		-9.100000
1133		-9.275000
1134		-8.956250
1135		-10.325000
1136		-9.800000
1137		-9.162500
1138		-8.925000
1139		-8.637500
1140		-7.937500
1141		-8.231250
1142		-8.637500
1143		-8.312500
1144		-7.531250
1145		-7.706250
1146		-7.181250
1147		-6.043750
1148		-6.600000
1149		-6.687500
1150		-5.668750
1151		-5.406250
1152		-5.637500
1153		-4.762500
1154		-4.793750
1155		-5.956250
1156		-6.075000
1157		-5.318750
1158		-5.437500
1159		-5.725000
1160		-5.318750
1161		-5.693750
1162		-6.600000
1163		-6.337500
1164		-6.306250
1165		-6.775000
1166		-7.093750
1167		-6.687500
1168		-6.862500
1169		-8.287500
1170		-8.025000
1171		-8.231250
1172		-8.900000
1173		-9.275000
1174		-8.725000
1175		-9.712500
1176		-10.062500
1177		-9.975000
1178		-9.975000
1179		-10.787500
1180		-10.031250
1181		-8.868750
1182		-8.956250
1183		-9.218750
1184		-8.575000
1185		-9.306250
1186		-9.943750
1187		-9.918750
1188		-9.537500
1189		-9.012500
1190		-8.575000
1191		-7.618750
1192		-7.181250
1193		-8.056250
1194		-7.762500
1195		-8.056250
1196		-9.075000
1197		-9.187500
1198		-8.487500
1199		-9.075000
1200		-9.043750
1201		-8.868750
1202		-9.243750
1203		-10.206250
1204		-9.743750
1205		-8.637500
1206		-8.575000
1207		-8.750000
1208		-7.937500
1209		-8.256250
1210		-9.331250
1211		-8.662500
1212		-8.606250
1213		-9.218750
1214		-8.606250
1215		-7.793750
1216		-8.200000
1217		-8.575000
1218		-8.081250
1219		-7.906250
1220		-8.081250
1221		-7.850000
1222		-7.006250
1223		-8.143750
1224		-8.025000
1225		-8.168750
1226		-7.818750
1227		-8.575000
1228		-7.993750
1229		-7.212500
1230		-7.356250
1231		-7.212500
1232		-6.425000
1233		-6.918750
1234		-7.531250
1235		-6.831250
1236		-5.868750
1237		-5.318750
1238		-5.287500
1239		-4.331250
1240		-4.650000
1241		-5.318750
1242		-4.618750
1243		-3.487500
1244		-3.918750
1245		-3.687500
1246		-2.468750
1247		-2.293750
1248		-3.137500
1249		-2.987500
1250		-2.987500
1251		-3.862500
1252		-3.981250
1253		-2.931250
1254		-4.156250
1255		-5.025000
1256		-4.443750
1257		-4.650000
1258		-4.825000
1259		-4.387500
1260		-2.493750
1261		-2.087500
1262		-1.712500
1263		-0.950000
1264		-0.281250
1265		-1.450000
1266		-2.262500
1267		-0.718750
1268		-0.718750
1269		0.268750
1270		1.431250
1271		1.143750
1272		-1.243750
1273		-3.456250
1274		-4.443750
1275		-5.112500
1276		-5.550000
1277		-4.243750
1278		-2.756250
1279		-2.493750
1280		-1.968750
1281		-1.187500
1282		-1.912500
1283		-2.700000
1284		-1.650000
1285		-0.137500
1286		1.375000
1287		3.381250
1288		6.175000
1289		6.262500
1290		5.656250
1291		4.750000
1292		5.012500
1293		3.937500
1294		3.293750
1295		4.375000
1296		4.287500
1297		3.618750
1298		3.731250
1299		3.731250
1300		2.775000
1301		1.900000
1302		3.268750
1303		2.831250
1304		2.043750
1305		2.743750
1306		3.181250
1307		2.250000
1308		2.100000
1309		2.887500
1310		3.062500
1311		2.743750
1312		3.793750
1313		4.806250
1314		4.518750
1315		4.400000
1316		5.393750
1317		5.331250
1318		4.637500
1319		5.681250
1320		6.612500
1321		6.031250
1322		5.912500
1323		6.525000
1324		6.525000
1325		5.243750
1326		5.537500
1327		6.906250
1328		6.206250
1329		5.306250
1330		6.556250
1331		6.000000
1332		4.806250
1333		4.806250
1334		5.450000
1335		4.287500
1336		3.731250
1337		4.400000
1338		4.662500
1339		4.025000
1340		4.025000
1341		5.012500
1342		4.168750
1343		3.937500
1344		4.487500
1345		5.506250
1346		4.837500
1347		5.275000
1348		6.668750
1349		6.587500
1350		6.612500
1351		7.862500
1352		8.300000
1353		7.950000
1354		8.506250
1355		9.700000
1356		9.668750
1357		9.962500
1358		11.706250
1359		12.781250
1360		13.043750
1361		14.531250
1362		14.762500
1363		14.443750
1364		13.950000
1365		14.587500
1366		14.006250
1367		13.306250
1368		14.356250
1369		13.831250
1370		12.756250
1371		11.500000
1372		10.918750
1373		10.543750
1374		10.337500
1375		11.531250
1376		10.918750
1377		10.687500
1378		12.087500
1379		12.843750
1380		12.900000
1381		14.093750
1382		15.637500
1383		16.450001
1384		17.000000
1385		18.456249
1386		18.487499
1387		17.150000
1388		16.450001
1389		14.381250
1390		11.443750
1391		9.962500
1392		9.118750
1393		7.687500
1394		7.256250
1395		8.650000
1396		8.943750
1397		9.581250
1398		12.056250
1399		13.362500
1400		13.687500
1401		14.906250
1402		15.287500
1403		14.325000
1404		15.050000
1405		15.868750
1406		15.981250
1407		16.362499
1408		17.150000
1409		16.743750
1410		16.418751
1411		16.625000
1412		15.837500
1413		14.037500
1414		15.375000
1415		15.081250
1416		14.037500
1417		14.618750
1418		15.137500
1419		14.587500
1420		14.968750
1421		15.637500
1422		15.112500
1423		14.062500
1424		13.393750
1425		11.325000
1426		9.087500
1427		8.212500
1428		7.400000
1429		6.062500
1430		6.962500
1431		7.981250
1432		7.775000
1433		8.968750
1434		10.312500
1435		10.193750
1436		10.225000
1437		10.656250
1438		9.668750
1439		8.881250
1440		10.018750
1441		10.106250
1442		9.700000
1443		11.562500
1444		11.650000
1445		11.181250
1446		12.112500
1447		12.781250
1448		12.375000
1449		12.550000
1450		12.843750
1451		11.881250
1452		10.631250
1453		11.125000
1454		9.525000
1455		8.737500
1456		8.593750
1457		7.862500
1458		6.262500
1459		6.962500
1460		7.050000
1461		5.912500
1462		5.943750
1463		6.150000
1464		5.218750
1465		4.725000
1466		4.956250
1467		4.256250
1468		3.468750
1469		4.200000
1470		4.200000
1471		3.587500
1472		5.012500
1473		5.393750
1474		5.012500
1475		5.912500
1476		6.031250
1477		5.418750
1478		5.243750
1479		5.243750
1480		4.287500
1481		3.618750
1482		4.081250
1483		3.618750
1484		2.625000
1485		3.006250
1486		2.425000
1487		1.431250
1488		1.725000
1489		0.937500
1490		0.006250
1491		-0.518750
1492		-0.950000
1493		-1.625000
1494		-2.000000
1495		-1.300000
1496		-1.625000
1497		-1.625000
1498		-0.606250
1499		-0.606250
1500		-0.862500
1501		0.212500
1502		0.937500
1503		1.081250
1504		2.012500
1505		2.775000
1506		2.218750
1507		1.725000
1508		1.000000
1509		-1.300000
1510		-1.331250
1511		-0.400000
1512		0.006250
1513		0.150000
1514		0.212500
1515		-0.662500
1516		-1.475000
1517		-1.450000
1518		-0.781250
1519		-1.275000
1520		-1.300000
1521		-1.737500
1522		-2.756250
1523		-4.443750
1524		-4.587500
1525		-4.968750
1526		-5.956250
1527		-6.162500
1528		-5.956250
1529		-6.687500
1530		-6.043750
1531		-4.881250
1532		-4.850000
1533		-4.587500
1534		-3.743750
1535		-4.300000
1536		-5.143750
1537		-4.506250
1538		-4.331250
1539		-4.506250
1540		-3.425000
1541		-3.106250
1542		-3.862500
1543		-3.600000
1544		-2.756250
1545		-3.137500
1546		-3.743750
1547		-3.950000
1548		-4.937500
1549		-6.281250
1550		-6.131250
1551		-5.668750
1552		-5.693750
1553		-4.937500
1554		-3.512500
1555		-3.193750
1556		-3.162500
1557		-2.175000
1558		-2.987500
1559		-3.368750
1560		-2.406250
1561		-2.318750
1562		-2.725000
1563		-1.768750
1564		-0.575000
1565		-1.037500
1566		-0.950000
1567		-1.125000
1568		-1.681250
1569		-1.881250
1570		-1.037500
1571		-0.662500
1572		-1.593750
1573		-1.768750
1574		-1.537500
1575		-2.493750
1576		-3.425000
1577		-3.137500
1578		-3.656250
1579		-4.850000
1580		-4.387500
1581		-3.918750
1582		-6.193750
1583		-5.931250
1584		-6.075000
1585		-6.306250
1586		-6.887500
1587		-6.193750
1588		-6.306250
1589		-6.393750
1590		-5.287500
1591		-4.825000
1592		-5.900000
1593		-5.462500
1594		-5.112500
1595		-4.881250
1596		-4.587500
1597		-3.718750
1598		-3.718750
1599		-4.587500
1600		-3.893750
1601		-3.631250
1602		-4.300000
1603		-3.193750
1604		-2.643750
1605		-3.512500
1606		-3.918750
1607		-3.456250
1608		-3.775000
1609		-4.300000
1610		-3.575000
1611		-3.337500
1612		-4.825000
1613		-4.587500
1614		-4.587500
1615		-5.112500
1616		-5.375000
1617		-4.850000
1618		-5.437500
1619		-6.568750
1620		-5.900000
1621		-6.687500
1622		-7.618750
1623		-7.556250
1624		-7.325000
1625		-8.143750
1626		-8.287500
1627		-8.025000
1628		-8.750000
1629		-9.625000
1630		-8.781250
1631		-8.431250
1632		-8.462500
1633		-7.643750
1634		-6.862500
1635		-7.587500
1636		-8.056250
1637		-7.937500
1638		-8.025000
1639		-8.693750
1640		-7.881250
1641		-6.712500
1642		-6.831250
1643		-6.600000
1644		-5.781250
1645		-6.512500
1646		-7.412500
1647		-6.950000
1648		-7.356250
1649		-8.431250
1650		-8.168750
1651		-7.500000
1652		-7.500000
1653		-7.268750
1654		-7.006250
1655		-7.643750
1656		-8.287500
1657		-7.125000
1658		-6.687500
1659		-7.150000
1660		-6.862500
1661		-6.512500
1662		-7.587500
1663		-8.375000
1664		-7.731250
1665		-7.500000
1666		-7.412500
1667		-6.712500
1668		-5.987500
1669		-6.281250
1670		-6.775000
1671		-6.306250
1672		-6.568750
1673		-7.062500
1674		-6.393750
1675		-6.131250
1676		-6.625000
1677		-6.131250
1678		-5.668750
1679		-6.043750
1680		-6.281250
1681		-5.987500
1682		-5.437500
1683		-6.018750
1684		-5.518750
1685		-4.675000
1686		-5.112500
1687		-4.968750
1688		-4.006250
1689		-4.093750
1690		-4.300000
1691		-3.656250
1692		-3.137500
1693		-3.831250
1694		-3.543750
1695		-2.875000
1696		-2.437500
1697		-3.137500
1698		-2.293750
1699		-1.856250
1700		-2.900000
1701		-2.118750
1702		-2.668750
1703		-3.225000
1704		-3.862500
1705		-3.425000
1706		-3.543750
1707		-3.950000
1708		-3.775000
1709		-3.368750
1710		-2.843750
1711		-2.525000
1712		-1.100000
1713		-0.431250
1714		-0.106250
1715		0.587500
1716		0.387500
1717		-0.950000
1718		-0.925000
1719		0.793750
1720		1.343750
1721		1.143750
1722		1.725000
1723		0.562500
1724		-2.843750
1725		-3.656250
1726		-3.918750
1727		-4.793750
1728		-4.093750
1729		-2.206250
1730		-1.418750
1731		-1.968750
1732		-1.593750
1733		-1.243750
1734		-2.318750
1735		-2.612500
1736		-0.168750
1737		1.606250
1738		2.943750
1739		5.243750
1740		6.668750
1741		5.887500
1742		4.750000
1743		4.518750
1744		3.731250
1745		2.775000
1746		3.468750
1747		4.137500
1748		3.468750
1749		2.775000
1750		3.031250
1751		2.362500
1752		1.000000
1753		1.900000
1754		2.306250
1755		2.218750
1756		1.756250
1757		2.656250
1758		1.900000
1759		1.000000
1760		1.956250
1761		2.481250
1762		2.250000
1763		2.712500
1764		4.287500
1765		3.762500
1766		3.118750
1767		3.850000
1768		4.375000
1769		4.256250
1770		4.637500
1771		5.156250
1772		5.068750
1773		4.225000
1774		4.868750
1775		5.068750
1776		4.256250
1777		4.343750
1778		5.306250
1779		4.750000
1780		3.993750
1781		4.287500
1782		4.518750
1783		3.587500
1784		3.500000
1785		3.937500
1786		3.062500
1787		2.012500
1788		2.393750
1789		2.943750
1790		1.956250
1791		2.337500
1792		2.918750
1793		2.918750
1794		2.012500
1795		2.425000
1796		2.831250
1797		2.450000
1798		2.712500
1799		3.937500
1800		3.906250
1801		3.762500
1802		5.012500
1803		5.506250
1804		5.131250
1805		5.218750
1806		6.381250
1807		6.206250
1808		6.237500
1809		7.600000
1810		9.087500
1811		9.381250
1812		9.525000
1813		10.481250
1814		10.075000
1815		8.943750
1816		9.437500
1817		10.893750
1818		10.893750
1819		10.250000
1820		10.893750
1821		10.018750
1822		8.187500
1823		7.718750
1824		7.950000
1825		7.281250
1826		6.612500
1827		7.687500
1828		7.775000
1829		7.281250
1830		7.862500
1831		9.381250
1832		9.900000
1833		10.193750
1834		12.668750
1835		13.450000
1836		13.306250
1837		12.956250
1838		13.018750
1839		10.337500
1840		7.400000
1841		5.068750
1842		3.412500
1843		1.375000
1844		0.881250
1845		1.812500
1846		1.550000
1847		2.100000
1848		4.487500
1849		6.525000
1850		7.718750
1851		8.856250
1852		10.718750
1853		10.393750
1854		10.193750
1855		10.543750
1856		10.775000
1857		10.050000
1858		10.337500
1859		10.918750
1860		10.512500
1861		9.725000
1862		10.137500
1863		9.318750
1864		8.706250
1865		8.737500
1866		9.381250
1867		8.275000
1868		8.706250
1869		9.962500
1870		8.856250
1871		8.768750
1872		9.581250
1873		9.087500
1874		7.775000
1875		6.993750
1876		6.381250
1877		3.643750
1878		1.987500
1879		2.337500
1880		1.056250
1881		1.000000
1882		2.250000
1883		3.206250
1884		3.118750
1885		4.400000
1886		5.131250
1887		4.225000
1888		3.793750
1889		3.937500
1890		3.268750
1891		3.531250
1892		4.981250
1893		4.806250
1894		4.806250
1895		5.825000
1896		6.556250
1897		5.681250
1898		6.525000
1899		7.256250
1900		6.668750
1901		6.118750
1902		6.293750
1903		5.506250
1904		4.462500
1905		4.343750
1906		3.706250
1907		2.012500
1908		1.756250
1909		1.375000
1910		-0.456250
1911		0.500000
1912		0.587500
1913		-0.368750
1914		-0.693750
1915		-0.312500
1916		-1.156250
1917		-2.118750
1918		-1.362500
1919		-1.881250
1920		-2.175000
1921		-2.031250
1922		-0.718750
1923		-1.593750
1924		-0.256250
1925		0.650000
1926		0.006250
1927		0.212500
1928		0.706250
1929		0.125000
1930		-0.750000
1931		-0.343750
1932		-1.625000
1933		-2.143750
1934		-1.593750
1935		-1.593750
1936		-2.931250
1937		-2.612500
1938		-2.900000
1939		-4.093750
1940		-4.531250
1941		-4.737500
1942		-5.956250
1943		-6.281250
1944		-6.106250
1945		-6.975000
1946		-7.850000
1947		-6.481250
1948		-6.537500
1949		-6.862500
1950		-5.900000
1951		-5.606250
1952		-5.406250
1953		-4.762500
1954		-4.300000
1955		-3.831250
1956		-3.281250
1957		-3.312500
1958		-4.068750
1959		-5.175000
1960		-4.675000
1961		-5.287500
1962		-6.131250
1963		-5.493750
1964		-5.606250
1965		-5.843750
1966		-5.437500
1967		-5.112500
1968		-6.481250
1969		-6.687500
1970		-7.125000
1971		-8.812500
1972		-7.706250
1973		-7.268750
1974		-7.850000
1975		-8.606250
1976		-9.450000
1977		-10.850000
1978		-12.187500
1979		-11.137500
1980		-10.237500
1981		-9.918750
1982		-8.575000
1983		-8.231250
1984		-9.162500
1985		-9.331250
1986		-9.075000
1987		-8.956250
1988		-8.781250
1989		-8.312500
1990		-8.168750
1991		-8.312500
1992		-7.793750
1993		-7.300000
1994		-7.993750
1995		-6.975000
1996		-6.862500
1997		-7.381250
1998		-8.168750
1999		-8.231250
2000		-9.450000
2001		-9.743750
2002		-9.012500
2003		-9.243750
2004		-8.956250
2005		-7.356250
2006		-6.800000
2007		-6.887500
2008		-6.687500
2009		-5.637500
2010		-6.975000
2011		-6.975000
2012		-6.106250
2013		-5.693750
2014		-4.968750
2015		-4.300000
2016		-4.212500
2017		-5.550000
2018		-5.606250
2019		-5.756250
2020		-5.262500
2021		-4.850000
2022		-3.981250
2023		-5.112500
2024		-5.781250
2025		-6.131250
2026		-6.918750
2027		-7.587500
2028		-6.743750
2029		-7.468750
2030		-8.375000
2031		-9.218750
2032		-9.393750
2033		-10.412500
2034		-10.262500
2035		-9.625000
2036		-10.412500
2037		-10.906250
2038		-10.175000
2039		-10.787500
2040		-10.206250
2041		-9.768750
2042		-9.743750
2043		-10.850000
2044		-9.768750
2045		-8.900000
2046		-8.868750
2047		-8.575000
2048		-7.468750
2049		-8.025000
2050		-7.881250
2051		-7.706250
2052		-7.412500
2053		-7.881250
2054		-6.625000
2055		-6.512500
2056		-6.975000
2057		-7.793750
2058		-7.300000
2059		-7.381250
2060		-7.881250
2061		-6.712500
2062		-6.975000
2063		-7.556250
2064		-7.443750
2065		-7.500000
2066		-8.168750
2067		-8.462500
2068		-7.706250
2069		-8.375000
2070		-9.075000
2071		-8.837500
2072		-10.643750
2073		-10.731250
2074		-10.293750
2075		-10.325000
2076		-10.937500
2077		-10.731250
2078		-11.081250
2079		-11.431250
2080		-11.431250
2081		-11.106250
2082		-10.556250
2083		-10.875000
2084		-10.262500
2085		-11.343750
2086		-12.737500
2087		-10.906250
2088		-9.856250
2089		-9.856250
2090		-10.556250
2091		-10.587500
2092		-10.293750
2093		-9.887500
2094		-8.431250
2095		-7.706250
2096		-8.662500
2097		-8.462500
2098		-8.781250
2099		-10.031250
2100		-10.325000
2101		-9.831250
2102		-9.800000
2103		-9.450000
2104		-8.868750
2105		-9.043750
2106		-9.712500
2107		-9.593750
2108		-8.987500
2109		-9.593750
2110		-8.987500
2111		-8.312500
2112		-9.131250
2113		-9.593750
2114		-9.162500
2115		-9.656250
2116		-10.468750
2117		-9.418750
2118		-8.693750
2119		-8.200000
2120		-8.287500
2121		-7.412500
2122		-7.993750
2123		-8.606250
2124		-8.375000
2125		-7.937500
2126		-8.143750
2127		-7.062500
2128		-6.193750
2129		-6.950000
2130		-6.800000
2131		-6.043750
2132		-6.393750
2133		-6.712500
2134		-5.462500
2135		-5.350000
2136		-6.043750
2137		-5.693750
2138		-4.881250
2139		-5.550000
2140		-5.262500
2141		-4.356250
2142		-4.912500
2143		-5.262500
2144		-4.243750
2145		-4.093750
2146		-4.331250
2147		-3.806250
2148		-3.368750
2149		-3.106250
2150		-3.575000
2151		-2.875000
2152		-3.225000
2153		-4.562500
2154		-4.243750
2155		-3.862500
2156		-4.418750
2157		-4.587500
2158		-3.687500
2159		-3.950000
2160		-4.356250
2161		-3.368750
2162		-2.668750
2163		-2.525000
2164		-0.950000
2165		-0.168750
2166		-0.893750
2167		-1.737500
2168		-1.475000
2169		-1.037500
2170		-0.925000
2171		0.068750
2172		0.937500
2173		-0.368750
2174		-1.712500
2175		-3.137500
2176		-4.825000
2177		-6.043750
2178		-5.437500
2179		-4.387500
2180		-3.806250
2181		-2.900000
2182		-1.768750
2183		-2.468750
2184		-3.575000
2185		-2.468750
2186		-1.968750
2187		-1.243750
2188		1.256250
2189		4.025000
2190		4.750000
2191		4.956250
2192		5.506250
2193		4.200000
2194		2.362500
2195		2.943750
2196		2.887500
2197		2.625000
2198		3.062500
2199		3.906250
2200		2.512500
2201		1.375000
2202		1.668750
2203		1.462500
2204		0.212500
2205		1.200000
2206		1.956250
2207		1.343750
2208		0.562500
2209		0.762500
2210		0.562500
2211		0.268750
2212		1.256250
2213		2.012500
2214		2.043750
2215		2.450000
2216		3.268750
2217		3.206250
2218		2.250000
2219		3.356250
2220		3.906250
2221		3.356250
2222		3.587500
2223		4.956250
2224		4.343750
2225		3.412500
2226		4.025000
2227		4.225000
2228		3.706250
2229		4.287500
2230		4.781250
2231		3.762500
2232		3.643750
2233		4.343750
2234		3.850000
2235		3.062500
2236		3.500000
2237		3.993750
2238		3.381250
2239		3.031250
2240		3.500000
2241		3.150000
2242		2.743750
2243		2.887500
2244		3.031250
2245		2.887500
2246		2.537500
2247		3.325000
2248		2.918750
2249		2.306250
2250		3.268750
2251		3.937500
2252		3.875000
2253		4.225000
2254		5.100000
2255		5.218750
2256		4.925000
2257		6.118750
2258		6.962500
2259		7.050000
2260		7.750000
2261		9.000000
2262		9.493750
2263		8.681250
2264		8.706250
2265		8.125000
2266		6.843750
2267		7.431250
2268		9.031250
2269		9.756250
2270		10.225000
2271		11.093750
2272		11.618750
2273		11.387500
2274		11.412500
2275		12.200000
2276		11.475000
2277		10.631250
2278		10.893750
2279		11.093750
2280		10.137500
2281		9.900000
2282		10.481250
2283		10.893750
2284		11.037500
2285		12.256250
2286		13.687500
2287		14.037500
2288		13.687500
2289		13.218750
2290		11.475000
2291		8.362500
2292		6.468750
2293		4.837500
2294		2.887500
2295		2.043750
2296		2.862500
2297		3.381250
2298		3.500000
2299		5.943750
2300		8.125000
2301		9.668750
2302		10.687500
2303		12.843750
2304		12.956250
2305		12.781250
2306		13.512500
2307		14.268750
2308		13.712500
2309		13.600000
2310		14.118750
2311		13.625000
2312		12.056250
2313		12.000000
2314		12.200000
2315		11.618750
2316		11.212500
2317		11.793750
2318		12.550000
2319		12.231250
2320		12.987500
2321		13.831250
2322		13.568750
2323		12.931250
2324		13.512500
2325		12.931250
2326		11.212500
2327		9.756250
2328		9.231250
2329		7.281250
2330		5.800000
2331		5.450000
2332		5.975000
2333		6.031250
2334		6.731250
2335		7.950000
2336		8.506250
2337		7.950000
2338		8.706250
2339		8.793750
2340		7.193750
2341		7.431250
2342		9.143750
2343		8.968750
2344		9.231250
2345		10.312500
2346		11.356250
2347		11.068750
2348		11.412500
2349		12.318750
2350		12.025000
2351		10.950000
2352		11.412500
2353		11.475000
2354		10.106250
2355		9.381250
2356		9.987500
2357		8.593750
2358		7.106250
2359		6.993750
2360		6.325000
2361		4.518750
2362		4.637500
2363		5.537500
2364		5.012500
2365		3.993750
2366		4.956250
2367		3.618750
2368		2.918750
2369		3.706250
2370		4.112500
2371		3.468750
2372		4.343750
2373		5.800000
2374		5.712500
2375		5.768750
2376		6.843750
2377		6.818750
2378		5.825000
2379		7.137500
2380		6.325000
2381		5.068750
2382		5.187500
2383		6.000000
2384		4.925000
2385		4.112500
2386		4.637500
2387		4.050000
2388		3.062500
2389		3.181250
2390		2.656250
2391		0.881250
2392		1.081250
2393		0.500000
2394		-0.606250
2395		-0.893750
2396		-0.018750
2397		-0.806250
2398		-0.575000
2399		0.300000
2400		0.268750
2401		-0.168750
2402		1.143750
2403		1.900000
2404		1.756250
2405		2.712500
2406		3.993750
2407		3.325000
2408		3.325000
2409		4.112500
2410		2.162500
2411		1.112500
2412		2.012500
2413		1.868750
2414		1.406250
2415		2.100000
2416		2.043750
2417		0.968750
2418		1.168750
2419		1.431250
2420		0.443750
2421		-0.368750
2422		0.037500
2423		-1.037500
2424		-1.881250
2425		-1.418750
2426		-2.787500
2427		-4.418750
2428		-4.156250
2429		-5.262500
2430		-6.743750
2431		-4.762500
2432		-3.368750
2433		-3.137500
2434		-2.231250
2435		-2.056250
2436		-3.225000
2437		-3.775000
2438		-3.193750
2439		-3.137500
2440		-2.525000
2441		-1.362500
2442		-1.450000
2443		-2.643750
2444		-2.031250
2445		-1.562500
2446		-2.468750
2447		-1.650000
2448		-1.625000
2449		-3.137500
2450		-3.718750
2451		-3.400000
2452		-3.225000
2453		-4.618750
2454		-2.406250
2455		-1.881250
2456		-2.206250
2457		-0.981250
2458		-1.187500
2459		-1.912500
2460		-0.837500
2461		-0.750000
2462		-1.331250
2463		-1.125000
2464		0.475000
2465		0.443750
2466		0.737500
2467		1.756250
2468		0.587500
2469		-0.518750
2470		0.562500
2471		0.650000
2472		0.300000
2473		1.406250
2474		1.287500
2475		-0.137500
2476		-0.606250
2477		-0.343750
2478		-1.681250
2479		-1.387500
2480		-0.606250
2481		-1.856250
2482		-2.756250
2483		-2.787500
2484		-3.718750
2485		-4.618750
2486		-3.918750
2487		-4.387500
2488		-5.668750
2489		-4.881250
2490		-4.531250
2491		-4.881250
2492		-5.262500
2493		-4.737500
2494		-4.937500
2495		-4.737500
2496		-3.718750
2497		-3.656250
2498		-3.862500
2499		-3.162500
2500		-3.337500
2501		-3.687500
2502		-2.931250
2503		-1.912500
2504		-2.612500
2505		-2.000000
2506		-1.737500
2507		-2.468750
2508		-2.931250
2509		-2.087500
2510		-2.725000
2511		-2.643750
2512		-2.175000
2513		-2.468750
2514		-3.018750
2515		-3.600000
2516		-3.575000
2517		-4.506250
2518		-3.918750
2519		-3.425000
2520		-4.356250
2521		-4.587500
2522		-4.968750
2523		-5.375000
2524		-5.900000
2525		-6.337500
2526		-6.712500
2527		-7.062500
2528		-7.006250
2529		-7.006250
2530		-8.256250
2531		-7.793750
2532		-5.900000
2533		-6.775000
2534		-7.300000
2535		-7.037500
2536		-7.556250
2537		-6.862500
2538		-5.843750
2539		-5.406250
2540		-7.443750
2541		-8.081250
2542		-6.337500
2543		-5.406250
2544		-4.475000
2545		-3.225000
2546		-3.337500
2547		-4.387500
2548		-4.850000
2549		-5.868750
2550		-7.062500
2551		-6.162500
2552		-5.462500
2553		-5.693750
2554		-5.725000
2555		-4.793750
2556		-5.956250
2557		-7.006250
2558		-5.900000
2559		-6.131250
2560		-6.193750
2561		-5.550000
2562		-5.143750
2563		-6.106250
2564		-6.862500
2565		-6.568750
2566		-7.181250
2567		-7.237500
2568		-5.931250
2569		-5.231250
2570		-5.725000
2571		-4.937500
2572		-5.262500
2573		-6.512500
2574		-6.250000
2575		-5.112500
2576		-5.025000
2577		-4.937500
2578		-3.918750
2579		-4.212500
2580		-5.056250
2581		-4.443750
2582		-4.587500
2583		-4.356250
2584		-4.125000
2585		-3.425000
2586		-4.006250
2587		-4.212500
2588		-3.512500
2589		-3.575000
2590		-3.775000
2591		-3.281250
2592		-3.106250
2593		-3.425000
2594		-2.987500
2595		-2.293750
2596		-2.812500
2597		-2.668750
2598		-1.387500
2599		-1.300000
2600		-1.650000
2601		-1.187500
2602		-1.187500
2603		-2.350000
2604		-2.700000
2605		-2.406250
2606		-2.812500
2607		-3.193750
2608		-2.350000
2609		-2.843750
2610		-3.018750
2611		-2.175000
2612		-1.825000
2613		-1.712500
2614		-0.225000
2615		0.500000
2616		0.500000
2617		-0.256250
2618		-0.312500
2619		-1.012500
2620		-0.518750
2621		1.375000
2622		1.725000
2623		1.081250
2624		-0.256250
2625		-1.387500
2626		-3.950000
2627		-5.262500
2628		-4.356250
2629		-3.425000
2630		-2.756250
2631		-1.475000
2632		-0.806250
2633		-1.243750
2634		-2.143750
2635		-0.893750
2636		-1.418750
2637		-0.368750
2638		2.012500
2639		3.906250
2640		5.218750
2641		6.293750
2642		6.412500
2643		5.187500
2644		4.200000
2645		4.050000
2646		3.468750
2647		3.206250
2648		4.312500
2649		3.937500
2650		2.831250
2651		2.600000
2652		2.450000
2653		1.637500
2654		1.581250
2655		2.393750
2656		2.043750
2657		1.518750
2658		2.250000
2659		1.868750
2660		1.581250
2661		1.606250
2662		2.625000
2663		2.625000
2664		3.150000
2665		3.556250
2666		4.287500
2667		3.443750
2668		3.937500
2669		4.725000
2670		4.431250
2671		4.575000
2672		5.800000
2673		5.418750
2674		4.725000
2675		5.568750
2676		5.943750
2677		4.925000
2678		5.306250
2679		5.800000
2680		5.306250
2681		4.956250
2682		5.243750
2683		5.156250
2684		4.375000
2685		4.781250
2686		5.156250
2687		4.343750
2688		4.225000
2689		4.781250
2690		4.662500
2691		3.731250
2692		4.200000
2693		4.637500
2694		3.906250
2695		3.793750
2696		4.487500
2697		3.531250
2698		3.006250
2699		3.443750
2700		3.937500
2701		3.468750
2702		4.137500
2703		5.100000
2704		5.100000
2705		5.393750
2706		6.700000
2707		6.993750
2708		6.500000
2709		7.518750
2710		8.968750
2711		9.231250
2712		9.437500
2713		10.481250
2714		9.962500
2715		7.862500
2716		7.775000
2717		7.893750
2718		7.862500
2719		8.300000
2720		9.875000
2721		10.600000
2722		10.631250
2723		11.762500
2724		12.256250
2725		12.025000
2726		12.518750
2727		14.062500
2728		12.725000
2729		11.937500
2730		11.675000
2731		11.762500
2732		11.068750
2733		11.181250
2734		12.200000
2735		12.175000
2736		12.000000
2737		13.512500
2738		13.537500
2739		12.000000
2740		10.831250
2741		9.962500
2742		7.256250
2743		4.518750
2744		3.793750
2745		2.512500
2746		1.143750
2747		1.843750
2748		3.031250
2749		4.256250
2750		5.568750
2751		8.068750
2752		9.668750
2753		9.262500
2754		11.125000
2755		12.231250
2756		12.025000
2757		12.112500
2758		13.218750
2759		13.450000
2760		12.175000
2761		12.725000
2762		12.518750
2763		11.068750
2764		9.637500
2765		9.581250
2766		8.737500
2767		8.362500
2768		9.143750
2769		10.425000
2770		10.743750
2771		11.212500
2772		12.756250
2773		12.956250
2774		12.406250
2775		12.581250
2776		12.143750
2777		10.018750
2778		8.362500
2779		6.843750
2780		5.481250
2781		3.793750
2782		3.818750
2783		4.462500
2784		4.137500
2785		4.575000
2786		6.000000
2787		6.381250
2788		5.800000
2789		6.412500
2790		6.468750
2791		5.681250
2792		5.768750
2793		6.843750
2794		6.756250
2795		6.756250
2796		7.687500
2797		8.943750
2798		8.793750
2799		8.506250
2800		9.962500
2801		10.018750
2802		8.881250
2803		9.293750
2804		9.262500
2805		7.775000
2806		6.587500
2807		6.612500
2808		5.506250
2809		3.906250
2810		2.943750
2811		3.181250
2812		2.275000
2813		1.168750
2814		2.337500
2815		1.756250
2816		0.237500
2817		0.356250
2818		1.025000
2819		0.356250
2820		-0.137500
2821		1.000000
2822		1.606250
2823		0.937500
2824		1.756250
2825		3.325000
2826		2.918750
2827		2.687500
2828		2.975000
2829		3.468750
2830		2.362500
2831		2.250000
2832		2.600000
2833		1.725000
2834		0.387500
2835		0.737500
2836		0.881250
2837		0.212500
2838		-0.837500
2839		0.150000
2840		-1.156250
2841		-2.118750
2842		-2.406250
2843		-2.493750
2844		-4.212500
2845		-4.650000
2846		-3.862500
2847		-4.212500
2848		-4.968750
2849		-3.893750
2850		-3.281250
2851		-3.600000
2852		-3.575000
2853		-2.262500
2854		-2.118750
2855		-2.231250
2856		-1.037500
2857		-0.431250
2858		-1.187500
2859		-1.387500
2860		-1.475000
2861		-2.725000
2862		-3.512500
2863		-2.987500
2864		-2.931250
2865		-3.543750
2866		-2.900000
2867		-2.643750
2868		-3.862500
2869		-3.893750
2870		-3.687500
2871		-4.650000
2872		-5.637500
2873		-5.175000
2874		-5.550000
2875		-7.125000
2876		-7.268750
2877		-7.531250
2878		-8.900000
2879		-9.418750
2880		-8.143750
2881		-8.168750
2882		-8.575000
2883		-7.412500
2884		-7.181250
2885		-8.662500
2886		-8.487500
2887		-7.212500
2888		-7.850000
2889		-7.037500
2890		-6.281250
2891		-6.712500
2892		-7.762500
2893		-6.712500
2894		-6.918750
2895		-6.712500
2896		-5.956250
2897		-5.550000
2898		-7.237500
2899		-7.268750
2900		-8.431250
2901		-8.868750
2902		-9.218750
2903		-7.906250
2904		-8.231250
2905		-8.200000
2906		-6.831250
2907		-6.800000
2908		-6.862500
2909		-5.843750
2910		-5.462500
2911		-6.862500
2912		-6.568750
2913		-6.043750
2914		-6.131250
2915		-5.200000
2916		-4.068750
2917		-4.418750
2918		-5.375000
2919		-5.025000
2920		-5.350000
2921		-5.956250
2922		-5.112500
2923		-4.443750
2924		-5.693750
2925		-5.637500
2926		-6.018750
2927		-7.150000
2928		-7.150000
2929		-6.600000
2930		-7.500000
2931		-8.312500
2932		-8.081250
2933		-8.956250
2934		-10.206250
2935		-9.743750
2936		-9.975000
2937		-11.025000
2938		-10.787500
2939		-10.381250
2940		-11.225000
2941		-10.643750
2942		-9.943750
2943		-10.412500
2944		-10.787500
2945		-9.625000
2946		-10.500000
2947		-10.556250
2948		-9.162500
2949		-8.956250
2950		-9.856250
2951		-9.162500
2952		-8.868750
2953		-10.031250
2954		-8.487500
2955		-7.706250
2956		-8.487500
2957		-8.312500
2958		-8.056250
2959		-8.781250
2960		-9.043750
2961		-7.906250
2962		-8.637500
2963		-9.075000
2964		-8.462500
2965		-9.100000
2966		-10.031250
2967		-9.275000
2968		-9.043750
2969		-10.262500
2970		-9.743750
2971		-9.506250
2972		-10.612500
2973		-11.106250
2974		-10.993750
2975		-11.956250
2976		-12.418750
2977		-11.750000
2978		-12.331250
2979		-13.381250
2980		-12.943750
2981		-13.056250
2982		-13.643750
2983		-12.625000
2984		-11.662500
2985		-12.887500
2986		-13.987500
2987		-12.037500
2988		-11.750000
2989		-11.543750
2990		-11.106250
2991		-12.825000
2992		-13.231250
2993		-11.343750
2994		-10.293750
2995		-9.768750
2996		-9.393750
2997		-8.575000
2998		-9.800000
2999		-10.500000
3000		-11.137500
3001		-11.431250
3002		-11.487500
3003		-10.206250
3004		-10.500000
3005		-10.762500
3006		-10.237500
3007		-10.556250
3008		-11.518750
3009		-10.993750
3010		-10.325000
3011		-10.818750
3012		-10.468750
3013		-10.118750
3014		-11.575000
3015		-11.806250
3016		-11.456250
3017		-11.368750
3018		-11.575000
3019		-10.206250
3020		-9.506250
3021		-10.118750
3022		-10.150000
3023		-10.031250
3024		-10.850000
3025		-10.350000
3026		-9.100000
3027		-9.506250
3028		-8.812500
3029		-8.025000
3030		-8.750000
3031		-9.743750
3032		-8.431250
3033		-8.231250
3034		-8.550000
3035		-7.643750
3036		-7.500000
3037		-7.412500
3038		-7.793750
3039		-6.918750
3040		-7.531250
3041		-7.381250
3042		-6.568750
3043		-6.568750
3044		-7.181250
3045		-6.450000
3046		-6.193750
3047		-5.956250
3048		-5.350000
3049		-4.587500
3050		-4.506250
3051		-4.850000
3052		-4.093750
3053		-4.331250
3054		-5.693750
3055		-5.518750
3056		-5.637500
3057		-6.218750
3058		-5.693750
3059		-5.287500
3060		-5.868750
3061		-5.725000
3062		-4.212500
3063		-4.068750
3064		-3.718750
3065		-2.612500
3066		-1.825000
3067		-2.812500
3068		-3.656250
3069		-3.075000
3070		-3.312500
3071		-2.031250
3072		-0.750000
3073		-0.718750
3074		-2.206250
3075		-3.225000
3076		-5.231250
3077		-7.093750
3078		-7.125000
3079		-6.018750
3080		-4.968750
3081		-3.600000
3082		-2.031250
3083		-2.843750
3084		-3.687500
3085		-3.368750
3086		-3.368750
3087		-2.987500
3088		-0.806250
3089		1.668750
3090		2.975000
3091		4.200000
3092		5.656250
3093		4.081250
3094		3.468750
3095		2.362500
3096		2.425000
3097		1.725000
3098		2.187500
3099		2.568750
3100		1.756250
3101		0.850000
3102		1.056250
3103		0.037500
3104		0.150000
3105		0.587500
3106		0.793750
3107		0.531250
3108		0.562500
3109		0.587500
3110		0.268750
3111		-0.018750
3112		1.493750
3113		1.318750
3114		1.581250
3115		2.600000
3116		3.031250
3117		2.568750
3118		2.918750
3119		3.793750
3120		3.412500
3121		3.706250
3122		4.637500
3123		4.575000
3124		4.431250
3125		4.081250
3126		4.925000
3127		5.012500
3128		4.081250
3129		4.575000
3130		4.431250
3131		3.875000
3132		4.837500
3133		3.962500
3134		3.500000
3135		3.937500
3136		4.200000
3137		3.850000
3138		3.618750
3139		4.343750
3140		3.643750
3141		3.818750
3142		4.168750
3143		3.993750
3144		3.206250
3145		3.618750
3146		3.237500
3147		2.975000
3148		2.687500
3149		3.206250
3150		3.006250
3151		2.600000
3152		3.675000
3153		3.793750
3154		3.706250
3155		4.287500
3156		5.656250
3157		5.362500
3158		5.887500
3159		6.843750
3160		7.312500
3161		7.806250
3162		9.000000
3163		9.262500
3164		8.881250
3165		7.862500
3166		7.256250
3167		6.087500
3168		5.943750
3169		6.818750
3170		7.687500
3171		7.687500
3172		8.506250
3173		9.206250
3174		9.725000
3175		10.162500
3176		11.356250
3177		11.562500
3178		11.850000
3179		12.200000
3180		11.937500
3181		11.181250
3182		10.981250
3183		11.587500
3184		11.325000
3185		11.268750
3186		12.581250
3187		12.518750
3188		11.793750
3189		11.793750
3190		10.893750
3191		8.706250
3192		6.612500
3193		5.306250
3194		3.181250
3195		1.581250
3196		1.725000
3197		1.406250
3198		1.375000
3199		2.306250
3200		4.781250
3201		5.825000
3202		6.993750
3203		8.968750
3204		9.550000
3205		9.700000
3206		10.893750
3207		11.937500
3208		11.443750
3209		11.531250
3210		12.143750
3211		12.318750
3212		10.918750
3213		10.425000
3214		10.137500
3215		8.793750
3216		7.837500
3217		8.593750
3218		8.562500
3219		8.300000
3220		9.437500
3221		10.743750
3222		10.862500
3223		11.562500
3224		12.725000
3225		12.200000
3226		11.125000
3227		10.656250
3228		9.612500
3229		7.193750
3230		5.306250
3231		4.925000
3232		3.706250
3233		3.206250
3234		4.168750
3235		4.925000
3236		4.981250
3237		5.712500
3238		6.962500
3239		5.912500
3240		5.681250
3241		5.593750
3242		5.943750
3243		5.450000
3244		6.668750
3245		8.125000
3246		7.893750
3247		8.068750
3248		9.143750
3249		9.293750
3250		9.118750
3251		9.875000
3252		10.543750
3253		9.612500
3254		9.031250
3255		9.206250
3256		8.387500
3257		6.612500
3258		6.293750
3259		6.000000
3260		4.518750
3261		3.356250
3262		3.643750
3263		2.831250
3264		2.043750
3265		2.743750
3266		2.600000
3267		1.781250
3268		1.231250
3269		1.756250
3270		1.668750
3271		0.618750
3272		1.812500
3273		2.831250
3274		3.062500
3275		3.381250
3276		4.343750
3277		4.462500
3278		3.762500
3279		3.993750
3280		4.662500
3281		3.993750
3282		3.237500
3283		3.906250
3284		3.118750
3285		1.956250
3286		2.600000
3287		2.481250
3288		2.218750
3289		1.693750
3290		1.550000
3291		0.500000
3292		-0.662500
3293		-0.718750
3294		-0.950000
3295		-1.943750
3296		-2.231250
3297		-1.187500
3298		-1.212500
3299		-2.056250
3300		-1.125000
3301		-0.106250
3302		-0.281250
3303		0.068750
3304		1.375000
3305		2.012500
3306		1.843750
3307		2.775000
3308		3.356250
3309		2.625000
3310		1.693750
3311		1.668750
3312		1.143750
3313		-0.168750
3314		0.881250
3315		2.393750
3316		1.318750
3317		0.475000
3318		1.025000
3319		0.762500
3320		-0.193750
3321		-0.575000
3322		0.125000
3323		-1.012500
3324		-2.175000
3325		-2.118750
3326		-2.350000
3327		-4.068750
3328		-4.850000
3329		-4.506250
3330		-4.587500
3331		-5.462500
3332		-4.243750
3333		-3.600000
3334		-3.631250
3335		-4.156250
3336		-3.918750
3337		-3.656250
3338		-4.300000
3339		-3.487500
3340		-2.437500
3341		-2.987500
3342		-3.512500
3343		-2.643750
3344		-2.318750
3345		-2.931250
3346		-2.118750
3347		-1.362500
3348		-2.468750
3349		-3.656250
3350		-3.337500
3351		-4.506250
3352		-5.318750
3353		-4.356250
3354		-3.806250
3355		-3.806250
3356		-3.075000
3357		-1.537500
3358		-1.681250
3359		-2.118750
3360		-0.718750
3361		-1.037500
3362		-2.318750
3363		-2.087500
3364		-0.750000
3365		-0.487500
3366		-0.137500
3367		0.937500
3368		0.268750
3369		-0.806250
3370		-0.750000
3371		0.475000
3372		-0.018750
3373		0.587500
3374		1.256250
3375		0.212500
3376		-0.862500
3377		-0.606250
3378		-1.125000
3379		-2.318750
3380		-1.475000
3381		-1.625000
3382		-3.312500
3383		-3.656250
3384		-3.193750
3385		-4.093750
3386		-4.418750
3387		-3.918750
3388		-4.618750
3389		-5.437500
3390		-4.793750
3391		-4.506250
3392		-5.025000
3393		-4.156250
3394		-3.656250
3395		-4.587500
3396		-4.387500
3397		-3.075000
3398		-3.225000
3399		-3.575000
3400		-2.581250
3401		-2.668750
3402		-3.775000
3403		-2.812500
3404		-2.318750
3405		-2.812500
3406		-1.737500
3407		-1.768750
3408		-2.493750
3409		-2.900000
3410		-1.912500
3411		-2.143750
3412		-2.700000
3413		-2.031250
3414		-2.556250
3415		-3.487500
3416		-2.668750
3417		-3.137500
3418		-4.093750
3419		-3.656250
3420		-3.368750
3421		-5.112500
3422		-4.650000
3423		-4.562500
3424		-5.318750
3425		-5.900000
3426		-5.462500
3427		-5.812500
3428		-6.975000
3429		-6.775000
3430		-6.687500
3431		-8.143750
3432		-7.356250
3433		-6.425000
3434		-6.743750
3435		-6.625000
3436		-6.687500
3437		-8.112500
3438		-6.918750
3439		-5.406250
3440		-5.518750
3441		-7.062500
3442		-6.600000
3443		-6.393750
3444		-5.812500
3445		-4.300000
3446		-3.368750
3447		-3.656250
3448		-3.400000
3449		-3.337500
3450		-5.462500
3451		-5.693750
3452		-4.937500
3453		-5.000000
3454		-5.000000
3455		-3.893750
3456		-4.443750
3457		-4.968750
3458		-4.356250
3459		-5.056250
3460		-5.812500
3461		-4.825000
3462		-4.212500
3463		-4.968750
3464		-4.937500
3465		-4.850000
3466		-6.106250
3467		-6.018750
3468		-5.025000
3469		-4.937500
3470		-4.387500
3471		-3.656250
3472		-3.656250
3473		-4.881250
3474		-4.618750
3475		-4.506250
3476		-5.262500
3477		-4.156250
3478		-3.487500
3479		-3.631250
3480		-3.312500
3481		-2.787500
3482		-3.575000
3483		-3.718750
3484		-2.468750
3485		-2.756250
3486		-2.987500
3487		-1.825000
3488		-2.206250
3489		-3.075000
3490		-2.231250
3491		-2.262500
3492		-2.643750
3493		-2.437500
3494		-1.243750
3495		-1.793750
3496		-1.856250
3497		-1.125000
3498		-1.300000
3499		-0.981250
3500		-0.431250
3501		-0.081250
3502		-0.575000
3503		-0.518750
3504		-0.575000
3505		-1.768750
3506		-1.881250
3507		-1.037500
3508		-1.912500
3509		-1.450000
3510		-0.456250
3511		-1.037500
3512		-0.981250
3513		-0.018750
3514		1.200000
3515		1.000000
3516		2.043750
3517		2.337500
3518		1.256250
3519		0.587500
3520		1.581250
3521		1.431250
3522		2.568750
3523		3.643750
3524		3.206250
3525		0.793750
3526		-0.518750
3527		-1.737500
3528		-3.775000
3529		-2.787500
3530		-1.537500
3531		-0.400000
3532		0.500000
3533		1.318750
3534		0.706250
3535		-0.281250
3536		0.500000
3537		1.112500
3538		1.693750
3539		4.781250
3540		6.818750
3541		7.543750
3542		8.212500
3543		8.650000
3544		6.962500
3545		5.593750
3546		5.768750
3547		5.887500
3548		5.568750
3549		5.887500
3550		5.943750
3551		4.518750
3552		4.287500
3553		4.225000
3554		3.793750
3555		3.531250
3556		4.550000
3557		4.200000
3558		3.850000
3559		3.618750
3560		3.556250
3561		2.600000
3562		3.618750
3563		4.312500
3564		4.200000
3565		4.662500
3566		6.468750
3567		5.800000
3568		5.537500
3569		6.293750
3570		6.556250
3571		6.150000
3572		6.587500
3573		7.193750
3574		6.818750
3575		6.818750
3576		7.687500
3577		7.018750
3578		6.843750
3579		7.168750
3580		6.962500
3581		6.325000
3582		6.756250
3583		6.525000
3584		6.175000
3585		5.887500
3586		6.756250
3587		6.325000
3588		6.031250
3589		6.175000
3590		5.825000
3591		5.306250
3592		5.887500
3593		6.500000
3594		5.887500
3595		5.943750
3596		6.031250
3597		5.506250
3598		4.637500
3599		5.012500
3600		3.875000
3601		3.993750
3602		4.575000
3603		4.806250
3604		4.137500
3605		4.750000
3606		5.681250
3607		5.737500
3608		5.825000
3609		6.962500
3610		7.575000
3611		8.037500
3612		9.231250
3613		10.018750
3614		9.462500
3615		9.206250
3616		8.362500
3617		7.775000
3618		7.343750
3619		8.068750
3620		8.125000
3621		8.100000
3622		9.206250
3623		9.293750
3624		9.262500
3625		9.962500
3626		10.950000
3627		10.600000
3628		10.831250
3629		12.056250
3630		12.518750
3631		11.825000
3632		12.406250
3633		12.812500
3634		12.256250
3635		12.581250
3636		13.687500
3637		13.831250
3638		13.218750
3639		13.306250
3640		12.112500
3641		9.493750
3642		7.543750
3643		5.537500
3644		3.268750
3645		1.956250
3646		1.406250
3647		0.737500
3648		0.587500
3649		2.568750
3650		4.287500
3651		5.537500
3652		7.106250
3653		8.943750
3654		9.406250
3655		9.725000
3656		10.481250
3657		10.831250
3658		10.743750
3659		11.356250
3660		11.850000
3661		11.181250
3662		10.568750
3663		11.037500
3664		10.225000
3665		8.881250
3666		8.593750
3667		8.275000
3668		8.068750
3669		8.943750
3670		9.700000
3671		9.962500
3672		10.250000
3673		12.175000
3674		12.693750
3675		12.318750
3676		12.462500
3677		12.025000
3678		10.018750
3679		7.862500
3680		7.312500
3681		5.737500
3682		4.375000
3683		4.518750
3684		4.956250
3685		4.431250
3686		5.506250
3687		6.556250
3688		6.468750
3689		6.293750
3690		7.343750
3691		6.612500
3692		5.362500
3693		5.943750
3694		6.818750
3695		6.468750
3696		7.137500
3697		8.156250
3698		8.275000
3699		8.450000
3700		9.381250
3701		9.725000
3702		9.756250
3703		9.725000
3704		10.600000
3705		9.812500
3706		8.706250
3707		8.793750
3708		8.068750
3709		6.525000
3710		5.506250
3711		5.362500
3712		4.431250
3713		3.818750
3714		3.993750
3715		3.500000
3716		2.337500
3717		3.031250
3718		2.862500
3719		2.187500
3720		1.725000
3721		2.393750
3722		2.250000
3723		2.100000
3724		3.206250
3725		3.906250
3726		4.081250
3727		4.256250
3728		5.450000
3729		4.806250
3730		4.287500
3731		4.925000
3732		4.575000
3733		3.325000
3734		3.237500
3735		4.200000
3736		3.181250
3737		2.600000
3738		2.918750
3739		2.450000
3740		1.581250
3741		0.737500
3742		0.937500
3743		0.068750
3744		-1.387500
3745		-1.068750
3746		-1.418750
3747		-2.381250
3748		-2.231250
3749		-1.187500
3750		-1.156250
3751		-1.450000
3752		-0.081250
3753		-0.018750
3754		-0.281250
3755		0.793750
3756		2.656250
3757		2.100000
3758		1.956250
3759		2.600000
3760		1.637500
3761		0.212500
3762		0.268750
3763		0.300000
3764		0.068750
3765		0.300000
3766		1.231250
3767		0.650000
3768		-0.456250
3769		-0.018750
3770		-0.137500
3771		-0.606250
3772		-1.300000
3773		-0.662500
3774		-1.362500
3775		-3.050000
3776		-3.050000
3777		-3.281250
3778		-4.762500
3779		-5.287500
3780		-4.968750
3781		-4.506250
3782		-4.937500
3783		-3.862500
3784		-3.225000
3785		-3.656250
3786		-3.512500
3787		-3.425000
3788		-3.631250
3789		-4.268750
3790		-3.981250
3791		-3.718750
3792		-5.112500
3793		-4.443750
3794		-2.931250
3795		-2.843750
3796		-3.312500
3797		-3.225000
3798		-3.368750
3799		-4.587500
3800		-5.931250
3801		-5.112500
3802		-5.493750
3803		-6.281250
3804		-5.812500
3805		-4.850000
3806		-5.112500
3807		-4.650000
3808		-3.743750
3809		-3.400000
3810		-4.181250
3811		-3.718750
3812		-3.918750
3813		-4.762500
3814		-5.087500
3815		-3.425000
3816		-2.700000
3817		-2.875000
3818		-2.787500
3819		-2.725000
3820		-3.981250
3821		-4.650000
3822		-3.425000
3823		-3.106250
3824		-4.093750
3825		-4.475000
3826		-3.631250
3827		-4.587500
3828		-5.756250
3829		-5.606250
3830		-5.437500
3831		-7.062500
3832		-7.643750
3833		-7.500000
3834		-7.993750
3835		-8.987500
3836		-8.662500
3837		-8.375000
3838		-9.712500
3839		-10.556250
3840		-9.331250
3841		-9.100000
3842		-9.450000
3843		-9.012500
3844		-8.575000
3845		-9.043750
3846		-9.393750
3847		-8.662500
3848		-8.287500
3849		-8.200000
3850		-7.850000
3851		-7.643750
3852		-8.462500
3853		-8.606250
3854		-7.268750
3855		-7.325000
3856		-7.412500
3857		-6.862500
3858		-7.006250
3859		-8.143750
3860		-8.375000
3861		-7.531250
3862		-8.287500
3863		-8.487500
3864		-7.356250
3865		-7.818750
3866		-9.306250
3867		-8.956250
3868		-8.518750
3869		-9.481250
3870		-9.568750
3871		-8.900000
3872		-10.031250
3873		-11.081250
3874		-11.137500
3875		-11.281250
3876		-12.187500
3877		-11.925000
3878		-11.662500
3879		-12.593750
3880		-13.031250
3881		-12.562500
3882		-13.262500
3883		-13.962500
3884		-13.818750
3885		-13.406250
3886		-12.712500
3887		-11.081250
3888		-10.906250
3889		-13.087500
3890		-14.281250
3891		-13.381250
3892		-13.350000
3893		-12.650000
3894		-10.468750
3895		-9.625000
3896		-10.500000
3897		-10.468750
3898		-10.700000
3899		-12.362500
3900		-11.806250
3901		-11.168750
3902		-11.693750
3903		-11.281250
3904		-10.731250
3905		-11.662500
3906		-11.868750
3907		-11.631250
3908		-11.606250
3909		-11.718750
3910		-11.312500
3911		-10.700000
3912		-11.806250
3913		-11.662500
3914		-11.631250
3915		-12.800000
3916		-12.737500
3917		-11.781250
3918		-11.281250
3919		-11.050000
3920		-10.118750
3921		-10.875000
3922		-11.925000
3923		-11.137500
3924		-10.875000
3925		-11.225000
3926		-10.175000
3927		-9.481250
3928		-10.093750
3929		-10.293750
3930		-9.681250
3931		-9.800000
3932		-9.681250
3933		-8.431250
3934		-8.956250
3935		-9.131250
3936		-8.231250
3937		-8.812500
3938		-9.506250
3939		-8.693750
3940		-8.112500
3941		-8.431250
3942		-7.643750
3943		-7.356250
3944		-7.881250
3945		-8.168750
3946		-7.125000
3947		-7.062500
3948		-6.800000
3949		-5.668750
3950		-5.406250
3951		-6.131250
3952		-5.550000
3953		-6.250000
3954		-7.300000
3955		-7.412500
3956		-6.712500
3957		-7.731250
3958		-7.531250
3959		-6.743750
3960		-7.587500
3961		-7.993750
3962		-6.043750
3963		-5.693750
3964		-5.318750
3965		-3.425000
3966		-2.931250
3967		-4.387500
3968		-4.006250
3969		-4.531250
3970		-5.350000
3971		-4.068750
3972		-2.175000
3973		-2.437500
3974		-2.468750
3975		-3.425000
3976		-5.725000
3977		-7.731250
3978		-7.675000
3979		-7.818750
3980		-7.237500
3981		-5.287500
3982		-3.918750
3983		-4.737500
3984		-4.212500
3985		-4.650000
3986		-5.143750
3987		-4.356250
3988		-2.318750
3989		-1.156250
3990		0.443750
3991		3.181250
3992		3.412500
3993		3.062500
3994		3.356250
3995		2.831250
3996		0.737500
3997		1.168750
3998		1.287500
3999		1.168750
4000		0.968750
4001		1.343750
4002		-0.343750
4003		-0.806250
4004		-0.081250
4005		-0.456250
4006		-0.806250
4007		-0.137500
4008		0.237500
4009		-0.981250
4010		-0.862500
4011		-0.806250
4012		-0.750000
4013		-0.137500
4014		1.025000
4015		0.881250
4016		1.000000
4017		2.043750
4018		2.012500
4019		1.900000
4020		2.393750
4021		2.775000
4022		2.537500
4023		2.887500
4024		3.731250
4025		2.975000
4026		2.831250
4027		3.531250
4028		3.356250
4029		2.743750
4030		3.381250
4031		2.975000
4032		2.162500
4033		2.887500
4034		2.943750
4035		2.250000
4036		2.712500
4037		3.237500
4038		2.800000
4039		2.481250
4040		2.831250
4041		2.712500
4042		2.481250
4043		3.268750
4044		3.412500
4045		2.481250
4046		2.918750
4047		2.862500
4048		2.100000
4049		1.668750
4050		2.481250
4051		1.406250
4052		1.518750
4053		1.756250
4054		1.868750
4055		1.000000
4056		1.956250
4057		2.306250
4058		2.425000
4059		2.800000
4060		4.225000
4061		4.431250
4062		5.393750
4063		6.756250
4064		6.843750
4065		6.118750
4066		5.912500
4067		5.218750
4068		3.850000
4069		5.012500
4070		5.593750
4071		5.450000
4072		5.800000
4073		7.137500
4074		6.843750
4075		6.468750
4076		7.225000
4077		7.718750
4078		7.193750
4079		8.012500
4080		7.925000
4081		7.718750
4082		7.950000
4083		9.143750
4084		9.637500
4085		9.493750
4086		10.862500
4087		12.000000
4088		11.618750
4089		12.375000
4090		11.675000
4091		9.900000
4092		7.050000
4093		5.393750
4094		2.393750
4095		0.093750
4096		-0.543750
4097		-1.625000
4098		-1.881250
4099		-1.037500
4100		1.081250
4101		2.362500
4102		4.806250
4103		6.643750
4104		7.456250
4105		7.862500
4106		8.706250
4107		8.856250
4108		8.737500
4109		9.756250
4110		10.162500
4111		9.612500
4112		9.437500
4113		9.612500
4114		8.068750
4115		7.343750
4116		7.225000
4117		6.906250
4118		6.062500
4119		6.818750
4120		7.662500
4121		8.012500
4122		8.300000
4123		9.756250
4124		10.481250
4125		10.312500
4126		10.743750
4127		10.481250
4128		8.737500
4129		8.125000
4130		6.612500
4131		4.781250
4132		4.487500
4133		4.806250
4134		3.962500
4135		3.706250
4136		5.068750
4137		5.481250
4138		5.187500
4139		5.481250
4140		5.887500
4141		5.593750
4142		4.837500
4143		5.943750
4144		5.243750
4145		5.100000
4146		6.087500
4147		6.843750
4148		6.468750
4149		7.137500
4150		8.418750
4151		8.650000
4152		8.418750
4153		9.000000
4154		9.350000
4155		8.331250
4156		8.768750
4157		8.156250
4158		7.925000
4159		6.587500
4160		5.825000
4161		4.662500
4162		2.918750
4163		3.062500
4164		2.712500
4165		2.306250
4166		2.043750
4167		2.100000
4168		1.287500
4169		0.587500
4170		1.143750
4171		1.143750
4172		-0.050000
4173		1.518750
4174		2.187500
4175		1.812500
4176		2.100000
4177		3.062500
4178		3.587500
4179		2.918750
4180		2.625000
4181		3.531250
4182		3.093750
4183		2.862500
4184		3.706250
4185		2.831250
4186		2.218750
4187		2.537500
4188		2.337500
4189		1.168750
4190		1.462500
4191		1.287500
4192		0.006250
4193		-0.431250
4194		-0.893750
4195		-1.737500
4196		-2.406250
4197		-2.318750
4198		-1.712500
4199		-1.943750
4200		-2.175000
4201		-0.893750
4202		-0.781250
4203		-1.387500
4204		-0.137500
4205		0.706250
4206		0.706250
4207		1.781250
4208		2.625000
4209		2.187500
4210		1.200000
4211		1.581250
4212		0.762500
4213		-0.256250
4214		-0.018750
4215		1.000000
4216		0.300000
4217		0.006250
4218		0.562500
4219		0.037500
4220		-0.950000
4221		-0.837500
4222		-0.431250
4223		-1.537500
4224		-1.768750
4225		-2.143750
4226		-2.843750
4227		-4.181250
4228		-4.506250
4229		-4.675000
4230		-5.956250
4231		-5.375000
4232		-4.706250
4233		-4.506250
4234		-4.587500
4235		-4.006250
4236		-3.806250
4237		-4.650000
4238		-4.300000
4239		-3.512500
4240		-3.918750
4241		-4.331250
4242		-2.931250
4243		-2.900000
4244		-3.425000
4245		-3.368750
4246		-2.381250
4247		-3.950000
4248		-4.793750
4249		-4.387500
4250		-4.243750
4251		-5.518750
4252		-4.793750
4253		-5.231250
4254		-5.812500
4255		-6.131250
4256		-4.968750
4257		-4.068750
4258		-3.775000
4259		-3.075000
4260		-2.231250
4261		-3.106250
4262		-3.981250
4263		-4.093750
4264		-3.656250
4265		-3.487500
4266		-2.318750
4267		-1.100000
4268		-1.968750
4269		-2.468750
4270		-2.581250
4271		-2.556250
4272		-2.900000
4273		-2.437500
4274		-1.300000
4275		-1.881250
4276		-2.556250
4277		-2.556250
4278		-3.162500
4279		-4.675000
4280		-3.950000
4281		-3.512500
4282		-4.706250
4283		-5.518750
4284		-5.262500
4285		-5.606250
4286		-6.918750
4287		-6.862500
4288		-6.950000
4289		-7.443750
4290		-7.587500
4291		-6.568750
4292		-6.337500
4293		-6.862500
4294		-6.368750
4295		-5.812500
4296		-6.712500
4297		-6.975000
4298		-5.606250
4299		-4.881250
4300		-5.287500
4301		-5.231250
4302		-4.443750
4303		-5.056250
4304		-5.262500
4305		-3.950000
4306		-3.281250
4307		-3.862500
4308		-3.718750
4309		-3.575000
4310		-4.387500
4311		-5.143750
4312		-3.831250
4313		-3.918750
4314		-4.506250
4315		-4.418750
4316		-3.950000
4317		-5.056250
4318		-5.375000
4319		-5.318750
4320		-4.912500
4321		-5.931250
4322		-6.075000
4323		-5.812500
4324		-6.800000
4325		-7.881250
4326		-7.762500
4327		-7.443750
4328		-7.968750
4329		-8.812500
4330		-8.343750
4331		-8.812500
4332		-9.975000
4333		-8.725000
4334		-7.850000
4335		-7.937500
4336		-7.675000
4337		-6.656250
4338		-7.006250
4339		-8.606250
4340		-8.343750
4341		-7.643750
4342		-7.643750
4343		-7.468750
4344		-6.337500
4345		-5.931250
4346		-6.250000
4347		-5.812500
4348		-4.937500
4349		-5.781250
4350		-6.306250
4351		-6.043750
4352		-6.393750
4353		-7.093750
4354		-6.800000
4355		-6.106250
4356		-6.568750
4357		-6.800000
4358		-5.606250
4359		-6.306250
4360		-6.625000
4361		-5.668750
4362		-5.437500
4363		-6.337500
4364		-6.625000
4365		-5.668750
4366		-6.537500
4367		-6.862500
4368		-6.075000
4369		-5.693750
4370		-6.393750
4371		-4.968750
4372		-5.287500
4373		-5.693750
4374		-5.900000
4375		-4.675000
4376		-5.231250
4377		-5.437500
4378		-4.443750
4379		-3.862500
4380		-4.762500
4381		-3.831250
4382		-3.512500
4383		-3.862500
4384		-3.806250
4385		-3.162500
4386		-3.487500
4387		-3.893750
4388		-2.468750
4389		-3.075000
4390		-3.281250
4391		-2.143750
4392		-1.856250
4393		-2.787500
4394		-2.056250
4395		-1.331250
4396		-1.768750
4397		-1.475000
4398		-0.168750
4399		-0.400000
4400		-0.487500
4401		0.150000
4402		-0.081250
4403		-0.631250
4404		-0.281250
4405		-0.456250
4406		-1.912500
4407		-1.475000
4408		-1.100000
4409		-2.000000
4410		-1.768750
4411		-0.662500
4412		-0.893750
4413		-0.718750
4414		1.168750
4415		1.756250
4416		1.550000
4417		2.656250
4418		2.918750
4419		0.762500
4420		0.881250
4421		2.012500
4422		2.712500
4423		3.325000
4424		4.662500
4425		3.006250
4426		0.793750
4427		0.150000
4428		-1.768750
4429		-2.725000
4430		-1.100000
4431		-0.018750
4432		0.300000
4433		1.868750
4434		1.843750
4435		0.587500
4436		0.762500
4437		1.200000
4438		2.131250
4439		3.706250
4440		6.756250
4441		7.862500
4442		8.450000
4443		9.581250
4444		8.768750
4445		7.487500
4446		7.575000
4447		6.906250
4448		5.825000
4449		6.818750
4450		7.343750
4451		6.206250
4452		5.593750
4453		5.800000
4454		5.218750
4455		4.893750
4456		5.887500
4457		5.943750
4458		5.156250
4459		5.656250
4460		5.243750
4461		4.575000
4462		5.450000
4463		5.943750
4464		5.712500
4465		5.856250
4466		7.281250
4467		6.931250
4468		7.050000
4469		8.275000
4470		7.925000
4471		7.631250
4472		8.650000
4473		8.475000
4474		7.775000
4475		8.706250
4476		9.118750
4477		7.981250
4478		8.618750
4479		8.793750
4480		8.037500
4481		8.125000
4482		8.681250
4483		7.862500
4484		7.543750
4485		7.981250
4486		7.750000
4487		7.225000
4488		7.837500
4489		7.543750
4490		6.525000
4491		6.906250
4492		7.775000
4493		6.906250
4494		7.137500
4495		7.600000
4496		7.137500
4497		6.643750
4498		6.993750
4499		6.262500
4500		5.656250
4501		6.381250
4502		6.412500
4503		5.656250
4504		6.325000
4505		6.906250
4506		6.262500
4507		7.018750
4508		7.893750
4509		7.837500
4510		8.331250
4511		9.612500
4512		10.225000
4513		10.631250
4514		11.762500
4515		11.706250
4516		9.987500
4517		9.668750
4518		9.462500
4519		8.856250
4520		8.912500
4521		10.193750
4522		10.018750
4523		10.106250
4524		10.981250
4525		11.500000
4526		11.268750
4527		12.637500
4528		13.656250
4529		13.306250
4530		13.743750
4531		14.881250
4532		14.206250
4533		13.950000
4534		14.906250
4535		13.918750
4536		13.687500
4537		14.093750
4538		15.025000
4539		14.643750
4540		14.412500
4541		13.568750
4542		10.981250
4543		9.031250
4544		7.806250
4545		5.068750
4546		3.675000
4547		3.468750
4548		2.712500
4549		2.600000
4550		4.400000
4551		5.800000
4552		7.018750
4553		8.650000
4554		10.631250
4555		10.543750
4556		11.212500
4557		12.231250
4558		12.287500
4559		12.518750
4560		13.043750
4561		13.600000
4562		12.781250
4563		12.843750
4564		12.725000
4565		11.562500
4566		10.806250
4567		10.743750
4568		9.668750
4569		9.175000
4570		9.875000
4571		9.900000
4572		9.787500
4573		10.631250
4574		11.650000
4575		11.706250
4576		11.850000
4577		12.868750
4578		11.937500
4579		10.250000
4580		8.968750
4581		8.187500
4582		6.062500
4583		5.506250
4584		5.737500
4585		5.012500
4586		5.450000
4587		6.525000
4588		6.843750
4589		6.587500
4590		7.225000
4591		7.081250
4592		6.175000
4593		7.137500
4594		7.256250
4595		7.193750
4596		7.631250
4597		8.706250
4598		8.650000
4599		8.881250
4600		9.612500
4601		9.900000
4602		9.381250
4603		10.050000
4604		10.312500
4605		9.700000
4606		9.962500
4607		10.250000
4608		9.143750
4609		8.243750
4610		7.718750
4611		6.468750
4612		4.725000
4613		5.625000
4614		3.962500
4615		2.887500
4616		2.687500
4617		3.062500
4618		2.362500
4619		1.812500
4620		2.100000
4621		2.012500
4622		1.431250
4623		1.987500
4624		2.600000
4625		3.556250
4626		3.268750
4627		4.575000
4628		4.462500
4629		4.431250
4630		4.575000
4631		4.518750
4632		3.850000
4633		3.906250
4634		4.168750
4635		3.500000
4636		3.206250
4637		3.962500
4638		3.468750
4639		2.362500
4640		2.393750
4641		2.012500
4642		0.618750
4643		0.412500
4644		0.150000
4645		-0.806250
4646		-1.362500
4647		-1.506250
4648		-1.912500
4649		-2.231250
4650		-1.650000
4651		-0.862500
4652		-1.012500
4653		-0.806250
4654		0.356250
4655		0.268750
4656		0.500000
4657		2.131250
4658		2.537500
4659		2.162500
4660		2.012500
4661		1.900000
4662		0.443750
4663		0.212500
4664		0.500000
4665		0.881250
4666		0.531250
4667		1.168750
4668		1.287500
4669		0.443750
4670		0.006250
4671		0.300000
4672		-0.575000
4673		-1.212500
4674		-0.662500
4675		-0.750000
4676		-2.293750
4677		-2.468750
4678		-2.468750
4679		-3.656250
4680		-4.912500
4681		-3.950000
4682		-4.125000
4683		-4.387500
4684		-2.931250
4685		-2.556250
4686		-3.225000
4687		-3.137500
4688		-2.318750
4689		-2.700000
4690		-3.600000
4691		-2.812500
4692		-2.581250
4693		-3.575000
4694		-2.643750
4695		-1.881250
4696		-2.206250
4697		-2.293750
4698		-1.793750
4699		-2.468750
4700		-4.531250
4701		-4.881250
4702		-3.918750
4703		-5.350000
4704		-5.000000
4705		-3.512500
4706		-3.806250
4707		-4.300000
4708		-3.487500
4709		-2.437500
4710		-2.612500
4711		-1.387500
4712		-0.950000
4713		-2.381250
4714		-3.050000
4715		-2.700000
4716		-1.793750
4717		-1.681250
4718		-0.662500
4719		0.006250
4720		-1.156250
4721		-2.350000
4722		-2.262500
4723		-1.856250
4724		-2.293750
4725		-1.450000
4726		-1.125000
4727		-2.056250
4728		-3.400000
4729		-3.225000
4730		-3.687500
4731		-4.881250
4732		-4.737500
4733		-4.706250
4734		-5.493750
4735		-6.075000
4736		-5.756250
4737		-6.425000
4738		-7.500000
4739		-7.443750
4740		-7.531250
4741		-8.168750
4742		-7.643750
4743		-6.425000
4744		-6.775000
4745		-7.212500
4746		-6.712500
4747		-6.950000
4748		-7.468750
4749		-6.537500
4750		-5.318750
4751		-5.550000
4752		-6.106250
4753		-6.106250
4754		-5.693750
4755		-6.018750
4756		-5.375000
4757		-4.125000
4758		-4.356250
4759		-5.375000
4760		-4.968750
4761		-5.375000
4762		-6.193750
4763		-6.043750
4764		-4.706250
4765		-4.937500
4766		-5.781250
4767		-5.581250
4768		-5.550000
4769		-6.743750
4770		-7.125000
4771		-6.568750
4772		-7.181250
4773		-7.850000
4774		-7.587500
4775		-7.968750
4776		-9.418750
4777		-9.537500
4778		-9.162500
4779		-9.768750
4780		-10.525000
4781		-10.325000
4782		-10.850000
4783		-11.925000
4784		-11.281250
4785		-9.943750
4786		-9.943750
4787		-10.500000
4788		-9.393750
4789		-9.768750
4790		-11.025000
4791		-10.850000
4792		-9.975000
4793		-10.437500
4794		-10.700000
4795		-8.956250
4796		-8.168750
4797		-9.162500
4798		-8.637500
4799		-8.025000
4800		-8.837500
4801		-9.975000
4802		-9.831250
4803		-9.331250
4804		-10.262500
4805		-10.031250
4806		-9.162500
4807		-9.656250
4808		-10.381250
4809		-9.887500
4810		-10.150000
4811		-10.293750
4812		-10.412500
4813		-9.481250
4814		-9.681250
4815		-10.993750
4816		-10.556250
4817		-9.918750
4818		-10.700000
4819		-10.937500
4820		-9.306250
4821		-9.712500
4822		-10.381250
4823		-10.175000
4824		-9.331250
4825		-9.625000
4826		-10.031250
4827		-8.750000
4828		-8.900000
4829		-10.262500
4830		-9.243750
4831		-7.906250
4832		-8.287500
4833		-8.693750
4834		-7.675000
4835		-7.181250
4836		-8.312500
4837		-7.675000
4838		-6.862500
4839		-7.468750
4840		-7.618750
4841		-6.975000
4842		-6.337500
4843		-7.443750
4844		-6.831250
4845		-5.868750
4846		-6.131250
4847		-6.950000
4848		-5.668750
4849		-5.112500
4850		-5.987500
4851		-5.437500
4852		-4.531250
4853		-5.437500
4854		-6.131250
4855		-5.493750
4856		-5.668750
4857		-6.831250
4858		-6.712500
4859		-5.756250
4860		-6.950000
4861		-7.181250
4862		-5.900000
4863		-5.693750
4864		-6.043750
4865		-4.181250
4866		-2.843750
4867		-3.487500
4868		-3.050000
4869		-2.581250
4870		-3.718750
4871		-4.356250
4872		-2.787500
4873		-2.175000
4874		-1.881250
4875		-1.537500
4876		-2.118750
4877		-5.025000
4878		-6.568750
4879		-7.412500
4880		-7.881250
4881		-7.850000
4882		-5.518750
4883		-4.650000
4884		-4.618750
4885		-4.356250
4886		-4.475000
4887		-5.493750
4888		-4.968750
4889		-3.137500
4890		-2.206250
4891		-0.193750
4892		2.775000
4893		2.862500
4894		2.600000
4895		2.887500
4896		2.043750
4897		0.268750
4898		0.443750
4899		1.143750
4900		-0.081250
4901		0.737500
4902		0.737500
4903		-0.456250
4904		-1.475000
4905		-0.575000
4906		-0.606250
4907		-1.187500
4908		-0.400000
4909		-0.312500
4910		-1.943750
4911		-1.100000
4912		-0.312500
4913		-1.737500
4914		-1.012500
4915		-0.081250
4916		-0.137500
4917		-0.225000
4918		1.231250
4919		1.025000
4920		0.562500
4921		1.868750
4922		1.756250
4923		1.518750
4924		2.043750
4925		2.306250
4926		1.956250
4927		2.362500
4928		2.712500
4929		2.275000
4930		2.100000
4931		3.118750
4932		2.131250
4933		1.725000
4934		2.393750
4935		2.131250
4936		1.231250
4937		1.756250
4938		2.337500
4939		1.025000
4940		1.462500
4941		1.756250
4942		0.706250
4943		0.706250
4944		1.812500
4945		1.143750
4946		0.500000
4947		1.493750
4948		1.025000
4949		-0.368750
4950		0.500000
4951		0.325000
4952		-0.368750
4953		0.325000
4954		0.762500
4955		0.412500
4956		0.737500
4957		1.987500
4958		1.668750
4959		1.781250
4960		3.412500
4961		3.181250
4962		3.962500
4963		5.537500
4964		5.825000
4965		5.506250
4966		5.800000
4967		5.306250
4968		3.587500
4969		3.875000
4970		4.168750
4971		3.556250
4972		4.112500
4973		5.506250
4974		5.593750
4975		6.381250
4976		7.862500
4977		7.893750
4978		8.475000
4979		9.381250
4980		9.406250
4981		8.187500
4982		8.650000
4983		8.418750
4984		7.543750
4985		7.575000
4986		8.243750
4987		7.981250
4988		8.418750
4989		9.725000
4990		9.175000
4991		8.475000
4992		7.837500
4993		6.031250
4994		3.031250
4995		1.956250
4996		0.412500
4997		-1.625000
4998		-1.593750
4999		-1.275000
5000		-1.387500
5001		-0.168750
5002		1.868750
5003		3.031250
5004		4.575000
5005		6.237500
5006		6.931250
5007		6.993750
5008		8.450000
5009		8.793750
5010		8.856250
5011		9.381250
5012		10.193750
5013		9.087500
5014		8.737500
5015		8.300000
5016		6.993750
5017		5.737500
5018		6.000000
5019		5.737500
5020		5.100000
5021		6.587500
5022		7.718750
5023		7.456250
5024		8.506250
5025		9.493750
5026		9.381250
5027		9.175000
5028		9.262500
5029		7.400000
5030		5.331250
5031		4.025000
5032		2.425000
5033		0.412500
5034		0.475000
5035		1.112500
5036		0.675000
5037		1.781250
5038		3.237500
5039		3.381250
5040		3.412500
5041		4.137500
5042		3.381250
5043		2.250000
5044		3.150000
5045		3.906250
5046		3.325000
5047		4.518750
5048		5.681250
5049		5.243750
5050		5.800000
5051		6.962500
5052		6.962500
5053		6.468750
5054		7.106250
5055		7.631250
5056		6.087500
5057		6.237500
5058		6.237500
5059		4.750000
5060		3.818750
5061		3.850000
5062		2.187500
5063		0.850000
5064		0.412500
5065		0.706250
5066		-0.693750
5067		-0.312500
5068		0.587500
5069		-0.543750
5070		-0.950000
5071		-0.431250
5072		-1.037500
5073		-0.981250
5074		-0.018750
5075		0.268750
5076		0.237500
5077		0.825000
5078		1.725000
5079		1.462500
5080		1.606250
5081		2.218750
5082		1.375000
5083		1.606250
5084		1.606250
5085		0.968750
5086		0.068750
5087		0.412500
5088		0.443750
5089		-0.225000
5090		-0.606250
5091		0.006250
5092		-1.300000
5093		-1.943750
5094		-1.593750
5095		-2.756250
5096		-4.268750
5097		-4.243750
5098		-3.543750
5099		-4.793750
5100		-3.950000
5101		-2.900000
5102		-3.225000
5103		-3.543750
5104		-2.437500
5105		-2.031250
5106		-2.056250
5107		-0.893750
5108		0.212500
5109		0.150000
5110		0.068750
5111		0.650000
5112		-0.662500
5113		-1.881250
5114		-1.156250
5115		-1.331250
5116		-2.406250
5117		-0.950000
5118		-0.718750
5119		-1.450000
5120		-1.650000
5121		-1.068750
5122		-2.118750
5123		-2.843750
5124		-2.437500
5125		-2.493750
5126		-4.093750
5127		-3.950000
5128		-4.587500
5129		-5.843750
5130		-6.687500
5131		-5.931250
5132		-7.212500
5133		-7.062500
5134		-5.781250
5135		-5.175000
5136		-5.756250
5137		-5.637500
5138		-4.968750
5139		-5.318750
5140		-6.043750
5141		-5.175000
5142		-5.987500
5143		-7.006250
5144		-5.200000
5145		-4.793750
5146		-4.506250
5147		-3.981250
5148		-3.950000
5149		-5.175000
5150		-5.606250
5151		-4.737500
5152		-5.262500
5153		-6.450000
5154		-6.106250
5155		-6.425000
5156		-7.093750
5157		-6.568750
5158		-4.762500
5159		-4.356250
5160		-4.156250
5161		-3.425000
5162		-3.575000
5163		-4.443750
5164		-4.881250
5165		-4.006250
5166		-4.006250
5167		-3.281250
5168		-1.856250
5169		-1.912500
5170		-2.725000
5171		-2.931250
5172		-2.900000
5173		-3.425000
5174		-3.162500
5175		-2.056250
5176		-2.756250
5177		-3.281250
5178		-3.743750
5179		-3.631250
5180		-5.025000
5181		-4.881250
5182		-4.793750
5183		-5.693750
5184		-6.625000
5185		-6.568750
5186		-6.831250
5187		-7.643750
5188		-7.675000
5189		-7.531250
5190		-8.575000
5191		-9.075000
5192		-7.356250
5193		-8.025000
5194		-8.168750
5195		-7.500000
5196		-7.212500
5197		-7.881250
5198		-7.906250
5199		-7.006250
5200		-6.043750
5201		-6.625000
5202		-6.193750
5203		-6.193750
5204		-7.062500
5205		-7.006250
5206		-6.106250
5207		-6.193750
5208		-6.131250
5209		-5.200000
5210		-6.250000
5211		-7.006250
5212		-6.918750
5213		-5.956250
5214		-6.537500
5215		-6.106250
5216		-5.462500
5217		-6.568750
5218		-7.850000
5219		-6.337500
5220		-6.918750
5221		-7.643750
5222		-7.818750
5223		-6.950000
5224		-8.287500
5225		-9.743750
5226		-9.162500
5227		-8.925000
5228		-10.118750
5229		-10.031250
5230		-9.331250
5231		-9.975000
5232		-11.606250
5233		-10.937500
5234		-11.225000
5235		-11.281250
5236		-10.556250
5237		-9.075000
5238		-9.131250
5239		-9.243750
5240		-9.450000
5241		-12.331250
5242		-12.856250
5243		-10.412500
5244		-8.056250
5245		-8.200000
5246		-9.043750
5247		-8.575000
5248		-8.725000
5249		-9.306250
5250		-8.143750
5251		-7.212500
5252		-7.468750
5253		-8.256250
5254		-8.375000
5255		-9.306250
5256		-10.350000
5257		-9.162500
5258		-7.881250
5259		-8.287500
5260		-8.375000
5261		-7.762500
5262		-8.781250
5263		-9.418750
5264		-9.275000
5265		-9.187500
5266		-10.412500
5267		-9.481250
5268		-8.575000
5269		-8.256250
5270		-9.393750
5271		-9.043750
5272		-8.462500
5273		-10.118750
5274		-8.956250
5275		-7.706250
5276		-7.881250
5277		-8.575000
5278		-7.643750
5279		-7.968750
5280		-8.575000
5281		-8.256250
5282		-6.862500
5283		-7.181250
5284		-7.150000
5285		-6.337500
5286		-6.568750
5287		-7.212500
5288		-6.712500
5289		-5.668750
5290		-5.581250
5291		-5.812500
5292		-4.737500
5293		-4.675000
5294		-5.175000
5295		-5.025000
5296		-4.181250
5297		-4.212500
5298		-4.212500
5299		-3.425000
5300		-2.406250
5301		-2.787500
5302		-2.962500
5303		-2.143750
5304		-2.987500
5305		-3.512500
5306		-3.512500
5307		-1.912500
5308		-3.225000
5309		-3.950000
5310		-3.281250
5311		-3.631250
5312		-4.418750
5313		-3.456250
5314		-1.825000
5315		-1.881250
5316		-1.243750
5317		0.412500
5318		0.706250
5319		0.068750
5320		0.037500
5321		0.475000
5322		-0.193750
5323		0.068750
5324		1.606250
5325		2.831250
5326		1.462500
5327		0.412500
5328		-0.518750
5329		-2.843750
5330		-4.587500
5331		-3.862500
5332		-2.931250
5333		-1.968750
5334		-1.243750
5335		0.068750
5336		-0.168750
5337		-1.650000
5338		-0.950000
5339		-0.631250
5340		0.068750
5341		1.931250
5342		4.956250
5343		6.381250
5344		6.437500
5345		7.256250
5346		7.518750
5347		5.681250
5348		4.868750
5349		5.418750
5350		5.156250
5351		4.693750
5352		5.100000
5353		5.306250
5354		3.793750
5355		3.556250
5356		3.793750
5357		3.618750
5358		3.237500
5359		4.431250
5360		4.375000
5361		3.381250
5362		3.556250
5363		4.081250
5364		3.618750
5365		3.325000
5366		4.925000
5367		5.331250
5368		4.781250
5369		6.262500
5370		6.525000
5371		6.062500
5372		6.381250
5373		7.750000
5374		6.931250
5375		6.906250
5376		8.125000
5377		7.775000
5378		7.543750
5379		8.037500
5380		8.037500
5381		6.612500
5382		6.931250
5383		7.575000
5384		7.106250
5385		7.081250
5386		7.862500
5387		7.343750
5388		6.993750
5389		7.256250
5390		7.543750
5391		6.237500
5392		6.668750
5393		7.137500
5394		6.787500
5395		6.993750
5396		7.687500
5397		7.106250
5398		6.412500
5399		7.018750
5400		6.556250
5401		5.243750
5402		5.593750
5403		5.800000
5404		5.100000
5405		5.593750
5406		6.468750
5407		6.031250
5408		6.875000
5409		7.981250
5410		7.575000
5411		7.687500
5412		9.118750
5413		9.725000
5414		9.812500
5415		11.412500
5416		11.937500
5417		10.893750
5418		10.831250
5419		10.250000
5420		9.175000
5421		9.231250
5422		10.368750
5423		10.600000
5424		10.568750
5425		12.287500
5426		12.375000
5427		12.406250
5428		14.037500
5429		14.762500
5430		13.512500
5431		14.968750
5432		15.256250
5433		13.600000
5434		13.656250
5435		14.037500
5436		13.337500
5437		13.075000
5438		14.412500
5439		14.206250
5440		14.118750
5441		14.906250
5442		14.268750
5443		12.375000
5444		11.243750
5445		9.668750
5446		6.700000
5447		5.481250
5448		4.693750
5449		3.618750
5450		2.975000
5451		4.575000
5452		4.806250
5453		5.975000
5454		8.506250
5455		10.543750
5456		11.181250
5457		12.812500
5458		13.218750
5459		12.931250
5460		14.037500
5461		14.906250
5462		14.556250
5463		14.818750
5464		15.256250
5465		14.181250
5466		13.656250
5467		14.325000
5468		13.218750
5469		12.375000
5470		13.162500
5471		12.987500
5472		12.318750
5473		13.537500
5474		13.743750
5475		13.656250
5476		14.762500
5477		14.968750
5478		14.150000
5479		12.843750
5480		12.581250
5481		10.393750
5482		8.418750
5483		7.575000
5484		6.643750
5485		5.768750
5486		6.525000
5487		6.843750
5488		7.050000
5489		8.012500
5490		9.175000
5491		8.506250
5492		8.450000
5493		8.856250
5494		8.275000
5495		7.950000
5496		8.968750
5497		8.943750
5498		9.293750
5499		10.393750
5500		10.893750
5501		9.875000
5502		10.918750
5503		11.500000
5504		10.718750
5505		10.743750
5506		11.356250
5507		10.456250
5508		9.962500
5509		9.900000
5510		8.737500
5511		7.106250
5512		6.931250
5513		5.656250
5514		4.781250
5515		5.362500
5516		4.725000
5517		4.225000
5518		4.487500
5519		4.868750
5520		3.731250
5521		3.268750
5522		3.993750
5523		3.731250
5524		3.206250
5525		4.025000
5526		4.781250
5527		4.431250
5528		5.568750
5529		6.118750
5530		6.031250
5531		5.656250
5532		6.468750
5533		5.418750
5534		5.068750
5535		5.331250
5536		5.043750
5537		4.287500
5538		4.287500
5539		4.575000
5540		3.675000
5541		3.206250
5542		3.618750
5543		2.075000
5544		1.200000
5545		1.431250
5546		0.412500
5547		-0.575000
5548		-0.518750
5549		-0.862500
5550		-1.475000
5551		-1.187500
5552		-0.368750
5553		-1.156250
5554		-0.806250
5555		0.650000
5556		0.356250
5557		0.531250
5558		1.868750
5559		2.600000
5560		2.250000
5561		3.268750
5562		3.031250
5563		1.581250
5564		2.043750
5565		1.725000
5566		0.850000
5567		0.881250
5568		1.931250
5569		1.868750
5570		0.650000
5571		1.112500
5572		0.937500
5573		0.125000
5574		-0.081250
5575		0.412500
5576		-0.106250
5577		-1.187500
5578		-0.662500
5579		-2.175000
5580		-3.831250
5581		-4.881250
5582		-5.518750
5583		-5.143750
5584		-4.243750
5585		-2.812500
5586		-3.018750
5587		-3.050000
5588		-2.175000
5589		-2.987500
5590		-3.281250
5591		-2.087500
5592		-1.593750
5593		-2.525000
5594		-2.900000
5595		-2.318750
5596		-2.787500
5597		-2.381250
5598		-1.156250
5599		-1.275000
5600		-1.825000
5601		-1.825000
5602		-2.668750
5603		-3.950000
5604		-4.387500
5605		-3.775000
5606		-4.562500
5607		-4.531250
5608		-3.281250
5609		-2.962500
5610		-3.281250
5611		-1.968750
5612		-1.768750
5613		-2.612500
5614		-2.900000
5615		-2.206250
5616		-2.931250
5617		-2.612500
5618		-1.362500
5619		-1.243750
5620		-1.387500
5621		-1.068750
5622		-1.737500
5623		-2.612500
5624		-2.056250
5625		-0.837500
5626		-1.156250
5627		-1.243750
5628		-1.650000
5629		-2.350000
5630		-3.806250
5631		-3.225000
5632		-3.512500
5633		-4.387500
5634		-5.812500
5635		-5.025000
5636		-6.018750
5637		-6.775000
5638		-6.775000
5639		-6.975000
5640		-7.706250
5641		-8.231250
5642		-8.143750
5643		-8.637500
5644		-8.812500
5645		-7.300000
5646		-7.850000
5647		-8.112500
5648		-7.181250
5649		-7.268750
5650		-7.850000
5651		-6.831250
5652		-5.756250
5653		-6.106250
5654		-6.481250
5655		-5.262500
5656		-5.900000
5657		-5.956250
5658		-4.850000
5659		-4.475000
5660		-4.793750
5661		-5.143750
5662		-4.531250
5663		-5.318750
5664		-5.581250
5665		-4.937500
5666		-4.825000
5667		-5.462500
5668		-5.462500
5669		-5.812500
5670		-5.781250
5671		-6.306250
5672		-5.987500
5673		-6.425000
5674		-7.006250
5675		-7.006250
5676		-7.443750
5677		-8.081250
5678		-8.662500
5679		-8.025000
5680		-8.725000
5681		-9.743750
5682		-9.743750
5683		-9.712500
5684		-10.612500
5685		-10.118750
5686		-9.362500
5687		-9.568750
5688		-8.956250
5689		-7.937500
5690		-8.431250
5691		-9.481250
5692		-10.525000
5693		-11.981250
5694		-10.762500
5695		-8.606250
5696		-6.537500
5697		-6.975000
5698		-8.462500
5699		-8.025000
5700		-7.793750
5701		-8.575000
5702		-7.675000
5703		-6.568750
5704		-6.537500
5705		-7.993750
5706		-8.812500
5707		-9.043750
5708		-9.593750
5709		-8.725000
5710		-7.556250
5711		-6.775000
5712		-7.793750
5713		-7.268750
5714		-8.143750
5715		-9.331250
5716		-8.725000
5717		-8.312500
5718		-8.575000
5719		-8.431250
5720		-7.556250
5721		-7.850000
5722		-8.662500
5723		-8.750000
5724		-8.431250
5725		-8.431250
5726		-7.993750
5727		-6.687500
5728		-7.006250
5729		-7.850000
5730		-7.587500
5731		-7.643750
5732		-8.343750
5733		-7.706250
5734		-6.281250
5735		-6.250000
5736		-6.537500
5737		-6.193750
5738		-6.625000
5739		-7.325000
5740		-6.918750
5741		-5.518750
5742		-5.231250
5743		-4.937500
5744		-4.300000
5745		-4.825000
5746		-5.175000
5747		-4.968750
5748		-4.418750
5749		-4.418750
5750		-4.156250
5751		-2.612500
5752		-2.406250
5753		-3.575000
5754		-2.875000
5755		-2.756250
5756		-3.487500
5757		-3.456250
5758		-2.700000
5759		-3.312500
5760		-4.356250
5761		-4.125000
5762		-3.950000
5763		-4.387500
5764		-4.443750
5765		-3.193750
5766		-2.468750
5767		-2.406250
5768		-0.862500
5769		0.268750
5770		-0.050000
5771		-1.068750
5772		-0.837500
5773		-0.893750
5774		-1.156250
5775		0.268750
5776		1.668750
5777		0.762500
5778		-0.718750
5779		-1.712500
5780		-3.656250
5781		-5.756250
5782		-5.668750
5783		-4.387500
5784		-4.093750
5785		-2.812500
5786		-1.825000
5787		-2.143750
5788		-3.425000
5789		-2.931250
5790		-2.493750
5791		-1.537500
5792		-0.693750
5793		2.306250
5794		4.050000
5795		4.168750
5796		5.418750
5797		5.243750
5798		4.225000
5799		2.775000
5800		3.006250
5801		2.918750
5802		2.043750
5803		2.625000
5804		2.918750
5805		1.581250
5806		0.356250
5807		0.881250
5808		0.675000
5809		0.125000
5810		0.793750
5811		1.112500
5812		0.562500
5813		-0.225000
5814		0.356250
5815		0.006250
5816		0.006250
5817		0.618750
5818		2.337500
5819		2.043750
5820		1.812500
5821		2.887500
5822		2.975000
5823		2.250000
5824		2.712500
5825		4.225000
5826		3.587500
5827		2.568750
5828		3.850000
5829		4.375000
5830		3.731250
5831		3.268750
5832		4.575000
5833		3.706250
5834		2.687500
5835		3.618750
5836		3.875000
5837		3.118750
5838		3.150000
5839		3.643750
5840		3.381250
5841		2.537500
5842		2.831250
5843		3.675000
5844		2.362500
5845		2.512500
5846		3.468750
5847		3.325000
5848		2.481250
5849		3.118750
5850		3.031250
5851		1.693750
5852		1.318750
5853		1.843750
5854		1.025000
5855		0.268750
5856		0.825000
5857		1.231250
5858		0.500000
5859		1.287500
5860		2.012500
5861		1.550000
5862		1.168750
5863		2.975000
5864		3.706250
5865		3.618750
5866		5.243750
5867		6.381250
5868		5.856250
5869		4.893750
5870		5.156250
5871		3.793750
5872		3.325000
5873		4.487500
5874		4.925000
5875		4.868750
5876		5.393750
5877		6.556250
5878		6.206250
5879		5.912500
5880		7.687500
5881		7.543750
5882		7.081250
5883		8.012500
5884		8.275000
5885		7.687500
5886		8.156250
5887		8.881250
5888		8.562500
5889		8.856250
5890		10.162500
5891		9.962500
5892		9.381250
5893		9.550000
5894		7.837500
5895		5.156250
5896		3.468750
5897		1.812500
5898		-0.750000
5899		-1.418750
5900		-1.362500
5901		-2.087500
5902		-2.293750
5903		0.268750
5904		0.793750
5905		2.043750
5906		4.287500
5907		5.537500
5908		5.681250
5909		6.818750
5910		7.862500
5911		7.168750
5912		8.156250
5913		9.381250
5914		8.593750
5915		8.706250
5916		9.637500
5917		8.531250
5918		8.037500
5919		8.681250
5920		8.187500
5921		7.106250
5922		7.893750
5923		8.562500
5924		7.775000
5925		8.125000
5926		8.737500
5927		8.418750
5928		8.593750
5929		9.231250
5930		8.125000
5931		6.087500
5932		4.981250
5933		3.293750
5934		1.318750
5935		1.231250
5936		1.231250
5937		0.737500
5938		1.581250
5939		3.062500
5940		3.356250
5941		3.500000
5942		4.287500
5943		3.118750
5944		2.600000
5945		2.887500
5946		2.656250
5947		2.537500
5948		3.706250
5949		4.200000
5950		3.937500
5951		5.012500
5952		5.593750
5953		5.012500
5954		5.506250
5955		5.975000
5956		5.100000
5957		4.925000
5958		5.100000
5959		4.256250
5960		3.356250
5961		3.412500
5962		2.687500
5963		0.937500
5964		0.968750
5965		0.237500
5966		-1.156250
5967		-0.312500
5968		-0.281250
5969		-0.837500
5970		-1.037500
5971		-1.012500
5972		-2.000000
5973		-2.612500
5974		-1.968750
5975		-2.175000
5976		-2.700000
5977		-1.737500
5978		-1.037500
5979		-1.362500
5980		-0.225000
5981		0.443750
5982		-0.543750
5983		-0.256250
5984		0.237500
5985		-0.543750
5986		-1.068750
5987		-0.487500
5988		-1.387500
5989		-1.450000
5990		-0.925000
5991		-2.056250
5992		-1.968750
5993		-1.593750
5994		-2.318750
5995		-3.575000
5996		-3.487500
5997		-3.831250
5998		-4.356250
5999		-5.112500
6000		-4.618750
6001		-5.493750
6002		-5.550000
6003		-4.675000
6004		-4.475000
6005		-4.675000
6006		-4.212500
6007		-3.487500
6008		-3.600000
6009		-2.612500
6010		-1.243750
6011		-1.187500
6012		-1.387500
6013		-0.631250
6014		-1.881250
6015		-3.162500
6016		-2.931250
6017		-3.487500
6018		-4.212500
6019		-3.425000
6020		-2.643750
6021		-3.281250
6022		-3.368750
6023		-3.312500
6024		-4.331250
6025		-5.087500
6026		-5.406250
6027		-6.337500
6028		-6.106250
6029		-5.518750
6030		-5.406250
6031		-6.481250
6032		-7.937500
6033		-8.637500
6034		-9.743750
6035		-9.100000
6036		-7.268750
6037		-6.775000
6038		-6.337500
6039		-6.043750
6040		-6.625000
6041		-7.793750
6042		-7.006250
6043		-6.887500
6044		-7.381250
6045		-7.006250
6046		-6.831250
6047		-7.125000
6048		-7.093750
6049		-5.931250
6050		-6.193750
6051		-6.568750
6052		-6.337500
6053		-6.537500
6054		-8.200000
6055		-8.081250
6056		-8.375000
6057		-8.868750
6058		-8.868750
6059		-7.356250
6060		-7.300000
6061		-6.425000
6062		-5.375000
6063		-4.737500
6064		-5.781250
6065		-5.668750
6066		-5.518750
6067		-6.250000
6068		-5.693750
6069		-4.093750
6070		-3.425000
6071		-3.425000
6072		-2.700000
6073		-4.212500
6074		-5.375000
6075		-4.531250
6076		-3.862500
6077		-4.243750
6078		-3.743750
6079		-3.425000
6080		-4.387500
6081		-5.406250
6082		-5.375000
6083		-6.306250
6084		-7.006250
6085		-6.625000
6086		-7.125000
6087		-8.462500
6088		-8.837500
6089		-8.575000
6090		-9.043750
6091		-9.100000
6092		-8.925000
6093		-9.743750
6094		-9.768750
6095		-9.187500
6096		-9.012500
6097		-9.131250
6098		-8.837500
6099		-8.168750
6100		-8.518750
6101		-8.662500
6102		-7.468750
6103		-7.556250
6104		-7.993750
6105		-6.975000
6106		-6.918750
6107		-7.556250
6108		-6.831250
6109		-5.462500
6110		-5.956250
6111		-6.043750
6112		-5.956250
6113		-6.625000
6114		-6.975000
6115		-6.337500
6116		-5.606250
6117		-6.162500
6118		-5.668750
6119		-5.406250
6120		-6.337500
6121		-6.775000
6122		-6.162500
6123		-7.006250
6124		-8.056250
6125		-7.443750
6126		-7.468750
6127		-8.637500
6128		-8.606250
6129		-8.375000
6130		-9.100000
6131		-9.481250
6132		-9.100000
6133		-9.743750
6134		-10.700000
6135		-10.850000
6136		-10.412500
6137		-10.700000
6138		-10.293750
6139		-8.987500
6140		-8.900000
6141		-9.243750
6142		-9.012500
6143		-10.206250
6144		-12.387500
6145		-11.662500
6146		-8.900000
6147		-8.112500
6148		-7.268750
6149		-7.006250
6150		-8.487500
6151		-8.725000
6152		-8.168750
6153		-7.150000
6154		-8.081250
6155		-7.643750
6156		-7.150000
6157		-8.462500
6158		-9.481250
6159		-8.750000
6160		-8.812500
6161		-8.868750
6162		-8.375000
6163		-7.881250
6164		-8.143750
6165		-8.812500
6166		-8.431250
6167		-8.812500
6168		-9.743750
6169		-9.162500
6170		-8.750000
6171		-9.075000
6172		-8.693750
6173		-7.937500
6174		-9.012500
6175		-9.306250
6176		-8.606250
6177		-8.343750
6178		-8.868750
6179		-7.850000
6180		-7.618750
6181		-7.881250
6182		-8.431250
6183		-7.618750
6184		-7.881250
6185		-8.287500
6186		-6.281250
6187		-6.425000
6188		-6.537500
6189		-6.712500
6190		-6.568750
6191		-6.425000
6192		-6.625000
6193		-5.756250
6194		-6.018750
6195		-5.931250
6196		-5.518750
6197		-5.087500
6198		-5.693750
6199		-5.781250
6200		-4.737500
6201		-4.243750
6202		-4.531250
6203		-3.487500
6204		-3.368750
6205		-3.950000
6206		-4.356250
6207		-3.831250
6208		-4.156250
6209		-4.156250
6210		-3.918750
6211		-3.512500
6212		-5.668750
6213		-5.025000
6214		-4.937500
6215		-5.112500
6216		-5.112500
6217		-3.487500
6218		-2.556250
6219		-2.525000
6220		-1.625000
6221		0.093750
6222		-1.100000
6223		-2.175000
6224		-2.031250
6225		-1.737500
6226		-1.331250
6227		-0.050000
6228		1.000000
6229		-0.081250
6230		-1.825000
6231		-3.162500
6232		-4.968750
6233		-6.625000
6234		-5.606250
6235		-4.212500
6236		-3.718750
6237		-2.612500
6238		-1.825000
6239		-2.381250
6240		-3.400000
6241		-2.612500
6242		-1.450000
6243		-1.012500
6244		1.168750
6245		3.793750
6246		5.506250
6247		5.481250
6248		6.031250
6249		5.481250
6250		3.325000
6251		3.268750
6252		3.818750
6253		3.412500
6254		3.062500
6255		3.293750
6256		3.237500
6257		1.518750
6258		1.168750
6259		2.012500
6260		1.518750
6261		1.168750
6262		1.956250
6263		2.100000
6264		0.937500
6265		0.850000
6266		2.012500
6267		1.375000
6268		1.581250
6269		2.975000
6270		3.325000
6271		3.062500
6272		3.762500
6273		4.662500
6274		3.937500
6275		4.050000
6276		4.893750
6277		5.593750
6278		4.725000
6279		5.243750
6280		5.306250
6281		5.506250
6282		4.868750
6283		5.656250
6284		5.593750
6285		4.806250
6286		5.068750
6287		6.031250
6288		5.068750
6289		5.131250
6290		5.537500
6291		5.306250
6292		4.925000
6293		4.137500
6294		5.218750
6295		4.662500
6296		4.431250
6297		5.100000
6298		5.568750
6299		5.218750
6300		5.187500
6301		5.656250
6302		4.781250
6303		3.937500
6304		3.706250
6305		4.343750
6306		3.412500
6307		3.962500
6308		5.043750
6309		4.781250
6310		4.343750
6311		4.925000
6312		5.656250
6313		5.593750
6314		5.975000
6315		8.562500
6316		8.562500
6317		8.506250
6318		10.337500
6319		10.631250
6320		9.637500
6321		8.968750
6322		9.087500
6323		8.331250
6324		7.312500
6325		8.275000
6326		9.668750
6327		9.493750
6328		9.318750
6329		10.743750
6330		11.675000
6331		10.568750
6332		11.881250
6333		12.693750
6334		12.581250
6335		12.375000
6336		13.187500
6337		13.018750
6338		12.431250
6339		12.668750
6340		13.512500
6341		13.537500
6342		13.187500
6343		14.181250
6344		14.062500
6345		12.231250
6346		11.268750
6347		9.987500
6348		7.193750
6349		4.925000
6350		3.937500
6351		3.181250
6352		1.812500
6353		1.868750
6354		3.587500
6355		5.068750
6356		5.800000
6357		8.156250
6358		9.931250
6359		10.250000
6360		11.912500
6361		13.106250
6362		12.725000
6363		13.131250
6364		14.037500
6365		13.975000
6366		13.106250
6367		14.037500
6368		13.950000
6369		12.931250
6370		12.725000
6371		13.131250
6372		12.462500
6373		12.143750
6374		13.218750
6375		13.743750
6376		13.306250
6377		14.443750
6378		14.381250
6379		14.412500
6380		14.850000
6381		14.675000
6382		13.362500
6383		11.037500
6384		9.962500
6385		8.212500
6386		6.381250
6387		6.237500
6388		6.437500
6389		5.825000
6390		7.343750
6391		8.650000
6392		8.650000
6393		8.650000
6394		9.725000
6395		9.318750
6396		8.300000
6397		8.881250
6398		8.943750
6399		9.087500
6400		10.193750
6401		11.125000
6402		10.631250
6403		11.325000
6404		11.937500
6405		11.562500
6406		12.231250
6407		12.518750
6408		11.937500
6409		11.412500
6410		11.412500
6411		10.831250
6412		8.943750
6413		9.175000
6414		8.856250
6415		6.587500
6416		6.000000
6417		6.587500
6418		6.175000
6419		5.362500
6420		5.887500
6421		5.656250
6422		4.375000
6423		5.306250
6424		4.375000
6425		3.850000
6426		4.225000
6427		4.575000
6428		4.025000
6429		5.275000
6430		6.325000
6431		5.593750
6432		6.087500
6433		6.787500
6434		6.412500
6435		5.537500
6436		5.975000
6437		5.568750
6438		4.725000
6439		5.218750
6440		5.100000
6441		4.287500
6442		4.575000
6443		4.781250
6444		3.500000
6445		3.237500
6446		3.556250
6447		2.450000
6448		1.518750
6449		2.187500
6450		1.081250
6451		0.181250
6452		1.081250
6453		0.737500
6454		0.268750
6455		1.200000
6456		1.812500
6457		0.937500
6458		2.306250
6459		3.381250
6460		3.181250
6461		3.937500
6462		4.925000
6463		4.837500
6464		3.818750
6465		4.575000
6466		3.731250
6467		2.043750
6468		2.512500
6469		2.043750
6470		1.668750
6471		2.975000
6472		3.062500
6473		2.250000
6474		2.012500
6475		2.043750
6476		1.287500
6477		0.937500
6478		1.406250
6479		0.937500
6480		0.412500
6481		0.562500
6482		-0.400000
6483		-1.881250
6484		-2.118750
6485		-2.206250
6486		-3.193750
6487		-2.931250
6488		-2.175000
6489		-2.262500
6490		-1.037500
6491		-0.081250
6492		-0.312500
6493		-1.450000
6494		-1.125000
6495		-1.881250
6496		-2.118750
6497		-1.387500
6498		-0.518750
6499		-0.518750
6500		-0.193750
6501		0.006250
6502		-1.037500
6503		-1.450000
6504		-0.631250
6505		-1.625000
6506		-2.262500
6507		-2.350000
6508		-3.281250
6509		-3.656250
6510		-2.787500
6511		-1.737500
6512		-1.681250
6513		-0.312500
6514		0.093750
6515		-0.518750
6516		-0.981250
6517		-0.312500
6518		-0.806250
6519		-0.893750
6520		0.125000
6521		0.443750
6522		0.387500
6523		0.850000
6524		0.881250
6525		-0.193750
6526		-0.575000
6527		0.125000
6528		-0.137500
6529		0.093750
6530		0.881250
6531		-0.343750
6532		-1.100000
6533		-1.387500
6534		-1.768750
6535		-3.487500
6536		-3.225000
6537		-3.456250
6538		-4.006250
6539		-4.300000
6540		-4.068750
6541		-5.518750
6542		-5.262500
6543		-5.668750
6544		-6.131250
6545		-7.006250
6546		-5.756250
6547		-5.518750
6548		-6.250000
6549		-5.550000
6550		-4.825000
6551		-5.231250
6552		-5.550000
6553		-4.506250
6554		-4.443750
6555		-4.587500
6556		-3.743750
6557		-4.156250
6558		-4.850000
6559		-4.156250
6560		-3.575000
6561		-3.337500
6562		-2.725000
6563		-2.643750
6564		-3.631250
6565		-4.212500
6566		-3.862500
6567		-3.806250
6568		-4.300000
6569		-3.718750
6570		-3.281250
6571		-4.531250
6572		-4.562500
6573		-4.618750
6574		-5.175000
6575		-5.143750
6576		-4.650000
6577		-5.112500
6578		-6.193750
6579		-5.812500
6580		-6.281250
6581		-7.381250
6582		-7.500000
6583		-6.918750
6584		-8.143750
6585		-8.518750
6586		-7.906250
6587		-8.693750
6588		-9.393750
6589		-8.812500
6590		-9.975000
6591		-9.593750
6592		-7.006250
6593		-5.931250
6594		-6.975000
6595		-9.043750
6596		-9.162500
6597		-9.162500
6598		-8.375000
6599		-6.106250
6600		-5.056250
6601		-4.881250
6602		-4.968750
6603		-5.581250
6604		-7.037500
6605		-7.181250
6606		-6.712500
6607		-6.625000
6608		-7.300000
6609		-6.862500
6610		-7.381250
6611		-8.168750
6612		-8.025000
6613		-7.412500
6614		-8.375000
6615		-8.256250
6616		-6.656250
6617		-7.381250
6618		-7.993750
6619		-7.706250
6620		-8.518750
6621		-9.162500
6622		-8.956250
6623		-7.993750
6624		-7.500000
6625		-7.150000
6626		-6.393750
6627		-7.237500
6628		-7.793750
6629		-7.556250
6630		-6.162500
6631		-6.625000
6632		-5.868750
6633		-4.737500
6634		-5.668750
6635		-6.393750
6636		-5.756250
6637		-5.843750
6638		-6.193750
6639		-5.000000
6640		-4.093750
6641		-4.762500
6642		-5.231250
6643		-5.025000
6644		-5.518750
6645		-5.931250
6646		-5.200000
6647		-4.762500
6648		-4.825000
6649		-4.443750
6650		-4.243750
6651		-4.562500
6652		-4.650000
6653		-3.543750
6654		-3.512500
6655		-3.487500
6656		-2.493750
6657		-2.581250
6658		-3.106250
6659		-3.368750
6660		-2.787500
6661		-3.225000
6662		-3.743750
6663		-3.106250
6664		-3.312500
6665		-4.181250
6666		-3.775000
6667		-3.425000
6668		-3.631250
6669		-2.725000
6670		-1.037500
6671		-0.575000
6672		-0.193750
6673		0.325000
6674		0.068750
6675		-1.156250
6676		-1.450000
6677		-0.081250
6678		0.937500
6679		1.200000
6680		2.306250
6681		0.850000
6682		-1.362500
6683		-3.050000
6684		-4.212500
6685		-5.025000
6686		-4.212500
6687		-2.262500
6688		-1.187500
6689		-1.593750
6690		-0.950000
6691		-1.537500
6692		-2.262500
6693		-1.825000
6694		0.300000
6695		0.793750
6696		2.600000
6697		4.806250
6698		6.325000
6699		6.237500
6700		5.943750
6701		5.856250
6702		4.637500
6703		4.050000
6704		4.287500
6705		4.518750
6706		3.762500
6707		4.050000
6708		3.906250
6709		2.450000
6710		2.450000
6711		3.325000
6712		2.887500
6713		2.862500
6714		2.743750
6715		3.118750
6716		2.250000
6717		2.306250
6718		2.625000
6719		2.831250
6720		2.687500
6721		3.906250
6722		4.518750
6723		4.256250
6724		4.287500
6725		5.012500
6726		4.781250
6727		4.806250
6728		5.912500
6729		6.293750
6730		5.625000
6731		5.975000
6732		6.612500
6733		6.412500
6734		5.656250
6735		5.975000
6736		5.887500
6737		5.306250
6738		5.362500
6739		6.031250
6740		5.275000
6741		5.306250
6742		5.537500
6743		5.912500
6744		4.518750
6745		5.306250
6746		5.537500
6747		4.375000
6748		4.925000
6749		6.000000
6750		5.306250
6751		4.781250
6752		5.275000
6753		5.568750
6754		3.962500
6755		3.381250
6756		4.343750
6757		3.556250
6758		2.943750
6759		3.818750
6760		4.375000
6761		3.675000
6762		3.906250
6763		4.806250
6764		4.375000
6765		3.906250
6766		5.012500
6767		6.468750
6768		6.931250
6769		8.156250
6770		9.381250
6771		8.737500
6772		7.343750
6773		7.518750
6774		6.906250
6775		5.887500
6776		6.787500
6777		7.950000
6778		7.837500
6779		7.456250
6780		7.950000
6781		8.156250
6782		8.125000
6783		8.300000
6784		9.612500
6785		9.318750
6786		8.387500
6787		9.056250
6788		9.231250
6789		8.506250
6790		9.581250
6791		11.181250
6792		10.981250
6793		11.650000
6794		12.725000
6795		13.275000
6796		11.968750
6797		10.456250
6798		9.318750
6799		6.500000
6800		3.118750
6801		1.931250
6802		0.562500
6803		-1.387500
6804		-2.000000
6805		-0.893750
6806		-0.168750
6807		1.081250
6808		3.443750
6809		5.681250
6810		6.437500
6811		6.843750
6812		8.125000
6813		8.681250
6814		7.950000
6815		8.943750
6816		9.437500
6817		9.175000
6818		8.156250
6819		8.881250
6820		8.506250
6821		6.175000
6822		6.175000
6823		6.668750
6824		6.062500
6825		5.450000
6826		6.700000
6827		7.518750
6828		6.931250
6829		8.156250
6830		9.812500
6831		9.756250
6832		8.912500
6833		9.437500
6834		9.231250
6835		6.756250
6836		5.481250
6837		4.487500
6838		2.743750
6839		1.781250
6840		2.337500
6841		2.393750
6842		2.687500
6843		3.206250
6844		4.637500
6845		3.706250
6846		3.443750
6847		3.793750
6848		4.050000
6849		2.918750
6850		3.293750
6851		3.850000
6852		4.400000
6853		3.906250
6854		4.725000
6855		5.362500
6856		4.575000
6857		5.856250
6858		6.875000
6859		6.525000
6860		6.437500
6861		6.962500
6862		6.756250
6863		5.187500
6864		5.100000
6865		4.606250
6866		3.006250
6867		1.781250
6868		1.668750
6869		0.531250
6870		-0.456250
6871		-0.543750
6872		-0.518750
6873		-1.825000
6874		-1.681250
6875		-1.912500
6876		-2.756250
6877		-2.987500
6878		-1.362500
6879		-2.350000
6880		-2.175000
6881		-0.806250
6882		-0.312500
6883		-1.012500
6884		-0.518750
6885		0.237500
6886		-0.281250
6887		-0.168750
6888		0.562500
6889		0.006250
6890		-0.050000
6891		-0.081250
6892		-0.018750
6893		-1.156250
6894		-1.331250
6895		-0.575000
6896		-1.681250
6897		-2.087500
6898		-1.881250
6899		-3.193750
6900		-4.093750
6901		-3.775000
6902		-4.825000
6903		-5.900000
6904		-5.287500
6905		-5.175000
6906		-5.987500
6907		-4.506250
6908		-3.918750
6909		-4.387500
6910		-3.487500
6911		-2.468750
6912		-2.437500
6913		-2.262500
6914		-0.543750
6915		-0.806250
6916		-2.056250
6917		-1.331250
6918		-2.118750
6919		-3.106250
6920		-2.756250
6921		-2.381250
6922		-3.050000
6923		-2.318750
6924		-2.175000
6925		-2.843750
6926		-3.656250
6927		-2.931250
6928		-3.718750
6929		-4.706250
6930		-3.862500
6931		-4.093750
6932		-5.112500
6933		-5.375000
6934		-5.668750
6935		-7.556250
6936		-7.850000
6937		-7.675000
6938		-7.937500
6939		-7.587500
6940		-6.162500
6941		-6.250000
6942		-6.425000
6943		-5.843750
6944		-6.337500
6945		-7.268750
6946		-6.831250
6947		-6.481250
6948		-7.587500
6949		-6.393750
6950		-5.462500
6951		-6.831250
6952		-6.250000
6953		-5.262500
6954		-6.106250
6955		-7.037500
6956		-6.368750
6957		-7.412500
6958		-8.400000
6959		-8.287500
6960		-8.200000
6961		-8.900000
6962		-8.662500
6963		-8.312500
6964		-7.731250
6965		-7.093750
6966		-5.812500
6967		-6.043750
6968		-6.481250
6969		-6.337500
6970		-7.381250
6971		-7.062500
6972		-5.025000
6973		-4.331250
6974		-4.618750
6975		-4.243750
6976		-5.318750
6977		-6.918750
6978		-5.606250
6979		-4.825000
6980		-5.056250
6981		-4.650000
6982		-4.793750
6983		-5.843750
6984		-6.743750
6985		-6.018750
6986		-7.006250
6987		-7.531250
6988		-7.443750
6989		-7.993750
6990		-9.243750
6991		-8.900000
6992		-9.306250
6993		-10.612500
6994		-10.412500
6995		-10.262500
6996		-10.762500
6997		-11.281250
6998		-9.481250
6999		-9.537500
7000		-9.743750
7001		-8.781250
7002		-9.187500
7003		-10.525000
7004		-9.712500
7005		-8.750000
7006		-8.750000
7007		-8.550000
7008		-7.881250
7009		-8.812500
7010		-8.606250
7011		-7.531250
7012		-7.881250
7013		-8.312500
7014		-9.162500
7015		-8.987500
7016		-8.081250
7017		-7.062500
7018		-6.775000
7019		-8.606250
7020		-8.725000
7021		-8.256250
7022		-8.431250
7023		-8.375000
7024		-6.887500
7025		-7.731250
7026		-8.812500
7027		-9.393750
7028		-9.831250
7029		-10.962500
7030		-10.468750
7031		-10.150000
7032		-10.468750
7033		-10.850000
7034		-10.468750
7035		-11.925000
7036		-13.143750
7037		-12.593750
7038		-13.175000
7039		-13.525000
7040		-12.362500
7041		-11.518750
7042		-11.868750
7043		-11.281250
7044		-11.518750
7045		-12.300000
7046		-12.737500
7047		-11.806250
7048		-11.487500
7049		-11.487500
7050		-9.975000
7051		-9.306250
7052		-9.887500
7053		-9.800000
7054		-8.868750
7055		-9.162500
7056		-9.187500
7057		-8.431250
7058		-9.450000
7059		-10.468750
7060		-10.262500
7061		-10.500000
7062		-10.850000
7063		-9.918750
7064		-9.481250
7065		-10.262500
7066		-10.175000
7067		-10.062500
7068		-10.731250
7069		-10.906250
7070		-10.206250
7071		-10.381250
7072		-11.225000
7073		-10.731250
7074		-10.412500
7075		-10.993750
7076		-11.025000
7077		-9.625000
7078		-9.656250
7079		-9.481250
7080		-8.662500
7081		-8.812500
7082		-9.418750
7083		-8.725000
7084		-8.231250
7085		-8.606250
7086		-7.968750
7087		-7.356250
7088		-7.731250
7089		-7.731250
7090		-7.531250
7091		-7.500000
7092		-8.375000
7093		-7.731250
7094		-7.587500
7095		-8.081250
7096		-7.587500
7097		-6.975000
7098		-7.181250
7099		-6.975000
7100		-5.900000
7101		-6.193750
7102		-6.568750
7103		-6.250000
7104		-5.956250
7105		-6.281250
7106		-5.606250
7107		-4.300000
7108		-4.793750
7109		-4.881250
7110		-4.650000
7111		-4.850000
7112		-6.106250
7113		-5.437500
7114		-5.318750
7115		-6.537500
7116		-5.812500
7117		-4.912500
7118		-5.262500
7119		-5.175000
7120		-4.181250
7121		-3.487500
7122		-3.312500
7123		-1.681250
7124		-1.125000
7125		-1.943750
7126		-2.612500
7127		-2.318750
7128		-2.437500
7129		-1.187500
7130		0.356250
7131		1.200000
7132		0.212500
7133		-1.300000
7134		-3.018750
7135		-5.087500
7136		-5.956250
7137		-4.443750
7138		-4.093750
7139		-3.137500
7140		-2.175000
7141		-2.056250
7142		-2.525000
7143		-3.050000
7144		-2.118750
7145		-1.737500
7146		-0.456250
7147		2.162500
7148		3.906250
7149		4.575000
7150		5.768750
7151		5.737500
7152		4.662500
7153		3.556250
7154		3.937500
7155		3.006250
7156		2.568750
7157		3.875000
7158		3.325000
7159		2.218750
7160		2.043750
7161		2.337500
7162		1.581250
7163		1.756250
7164		2.625000
7165		2.250000
7166		1.406250
7167		1.550000
7168		1.581250
7169		0.793750
7170		1.518750
7171		2.625000
7172		2.450000
7173		2.600000
7174		3.731250
7175		4.112500
7176		3.031250
7177		3.643750
7178		4.487500
7179		4.431250
7180		4.606250
7181		5.825000
7182		5.187500
7183		4.575000
7184		5.656250
7185		5.362500
7186		4.606250
7187		4.781250
7188		5.218750
7189		4.806250
7190		4.606250
7191		5.393750
7192		5.043750
7193		4.200000
7194		4.637500
7195		5.100000
7196		4.487500
7197		4.168750
7198		4.868750
7199		4.662500
7200		4.225000
7201		5.218750
7202		5.218750
7203		4.462500
7204		4.200000
7205		4.081250
7206		2.975000
7207		2.250000
7208		3.206250
7209		2.337500
7210		1.781250
7211		2.362500
7212		3.118750
7213		2.425000
7214		2.393750
7215		3.325000
7216		3.206250
7217		3.181250
7218		4.343750
7219		5.593750
7220		6.643750
7221		6.818750
7222		7.950000
7223		7.575000
7224		5.943750
7225		5.825000
7226		5.800000
7227		5.156250
7228		6.087500
7229		7.543750
7230		7.256250
7231		7.081250
7232		7.775000
7233		8.068750
7234		7.718750
7235		8.331250
7236		9.381250
7237		8.506250
7238		8.650000
7239		8.362500
7240		8.531250
7241		8.068750
7242		8.562500
7243		9.668750
7244		10.162500
7245		11.325000
7246		12.056250
7247		12.112500
7248		10.831250
7249		9.756250
7250		8.212500
7251		5.568750
7252		3.031250
7253		2.187500
7254		0.650000
7255		-1.068750
7256		-0.718750
7257		0.587500
7258		1.375000
7259		2.337500
7260		5.331250
7261		6.906250
7262		7.168750
7263		8.418750
7264		9.493750
7265		9.668750
7266		9.875000
7267		10.775000
7268		10.512500
7269		9.493750
7270		9.756250
7271		9.612500
7272		8.650000
7273		6.556250
7274		6.962500
7275		6.818750
7276		5.506250
7277		6.587500
7278		7.487500
7279		7.837500
7280		8.506250
7281		9.581250
7282		10.687500
7283		9.875000
7284		10.337500
7285		10.481250
7286		8.506250
7287		6.818750
7288		5.975000
7289		4.693750
7290		3.006250
7291		3.093750
7292		3.556250
7293		3.643750
7294		3.356250
7295		5.068750
7296		5.187500
7297		5.218750
7298		5.593750
7299		6.556250
7300		5.768750
7301		5.362500
7302		6.468750
7303		6.668750
7304		6.556250
7305		7.137500
7306		7.750000
7307		7.925000
7308		7.600000
7309		9.087500
7310		9.231250
7311		8.793750
7312		8.943750
7313		10.250000
7314		9.293750
7315		8.362500
7316		8.475000
7317		7.718750
7318		6.175000
7319		4.806250
7320		5.362500
7321		4.287500
7322		3.062500
7323		3.412500
7324		3.706250
7325		2.218750
7326		1.375000
7327		2.362500
7328		2.250000
7329		1.231250
7330		2.362500
7331		3.031250
7332		2.887500
7333		3.062500
7334		4.312500
7335		3.937500
7336		3.325000
7337		3.906250
7338		4.806250
7339		3.793750
7340		4.081250
7341		4.956250
7342		4.893750
7343		3.937500
7344		4.343750
7345		5.100000
7346		4.168750
7347		3.181250
7348		3.818750
7349		3.093750
7350		1.375000
7351		1.637500
7352		1.637500
7353		0.181250
7354		-0.281250
7355		0.068750
7356		-0.281250
7357		-1.156250
7358		0.006250
7359		0.968750
7360		0.825000
7361		1.168750
7362		2.975000
7363		2.831250
7364		2.450000
7365		4.050000
7366		4.725000
7367		3.643750
7368		4.400000
7369		4.200000
7370		3.618750
7371		2.975000
7372		4.137500
7373		3.762500
7374		2.481250
7375		3.643750
7376		3.818750
7377		2.831250
7378		2.775000
7379		2.887500
7380		2.393750
7381		1.812500
7382		2.831250
7383		2.100000
7384		0.881250
7385		0.881250
7386		0.500000
7387		-1.100000
7388		-0.950000
7389		0.181250
7390		-0.431250
7391		-0.456250
7392		1.406250
7393		0.850000
7394		0.268750
7395		0.793750
7396		1.000000
7397		-0.081250
7398		0.650000
7399		0.587500
7400		0.300000
7401		0.587500
7402		1.200000
7403		1.000000
7404		0.706250
7405		1.931250
7406		1.406250
7407		0.268750
7408		0.006250
7409		-0.662500
7410		-1.968750
7411		-1.681250
7412		-0.862500
7413		-1.475000
7414		-1.275000
7415		0.181250
7416		0.150000
7417		0.562500
7418		1.318750
7419		0.500000
7420		-0.225000
7421		0.562500
7422		-0.050000
7423		-0.168750
7424		1.025000
7425		1.693750
7426		1.287500
7427		0.912500
7428		1.287500
7429		0.325000
7430		0.212500
7431		1.581250
7432		1.318750
7433		0.706250
7434		1.462500
7435		0.387500
7436		-1.450000
7437		-1.506250
7438		-0.950000
7439		-3.018750
7440		-2.756250
7441		-2.468750
7442		-4.212500
7443		-4.443750
7444		-4.443750
7445		-4.562500
7446		-4.737500
7447		-4.243750
7448		-5.231250
7449		-5.843750
7450		-4.675000
7451		-4.068750
7452		-5.025000
7453		-3.806250
7454		-3.137500
7455		-4.881250
7456		-4.181250
7457		-3.106250
7458		-3.050000
7459		-3.456250
7460		-2.175000
7461		-2.787500
7462		-3.162500
7463		-2.031250
7464		-1.450000
7465		-2.206250
7466		-1.737500
7467		-2.231250
7468		-3.337500
7469		-2.175000
7470		-1.506250
7471		-2.118750
7472		-2.293750
7473		-2.143750
7474		-2.756250
7475		-3.106250
7476		-3.018750
7477		-3.250000
7478		-3.718750
7479		-3.368750
7480		-3.893750
7481		-5.262500
7482		-5.375000
7483		-5.406250
7484		-6.193750
7485		-6.337500
7486		-6.106250
7487		-7.125000
7488		-7.443750
7489		-7.150000
7490		-7.731250
7491		-8.025000
7492		-7.062500
7493		-7.150000
7494		-7.268750
7495		-6.162500
7496		-6.625000
7497		-7.500000
7498		-7.937500
7499		-7.150000
7500		-7.381250
7501		-6.775000
7502		-5.175000
7503		-5.375000
7504		-5.318750
7505		-5.087500
7506		-5.518750
7507		-6.106250
7508		-5.518750
7509		-5.406250
7510		-5.987500
7511		-6.106250
7512		-5.725000
7513		-6.918750
7514		-6.712500
7515		-5.462500
7516		-6.281250
7517		-6.743750
7518		-6.218750
7519		-6.106250
7520		-6.862500
7521		-6.218750
7522		-6.393750
7523		-6.975000
7524		-7.125000
7525		-6.481250
7526		-6.975000
7527		-7.150000
7528		-5.550000
7529		-5.900000
7530		-5.900000
7531		-5.000000
7532		-5.000000
7533		-5.693750
7534		-4.706250
7535		-4.243750
7536		-4.562500
7537		-4.793750
7538		-3.918750
7539		-4.125000
7540		-4.587500
7541		-3.631250
7542		-3.575000
7543		-4.387500
7544		-4.300000
7545		-3.950000
7546		-4.850000
7547		-4.093750
7548		-3.193750
7549		-3.512500
7550		-3.893750
7551		-2.787500
7552		-3.337500
7553		-3.281250
7554		-2.900000
7555		-2.493750
7556		-2.700000
7557		-2.206250
7558		-1.187500
7559		-1.881250
7560		-1.825000
7561		-1.187500
7562		-1.825000
7563		-2.118750
7564		-1.912500
7565		-2.087500
7566		-3.018750
7567		-2.468750
7568		-2.468750
7569		-3.050000
7570		-2.556250
7571		-1.012500
7572		-0.781250
7573		-0.343750
7574		1.025000
7575		1.056250
7576		0.268750
7577		-0.312500
7578		-0.106250
7579		-0.456250
7580		0.650000
7581		2.743750
7582		3.118750
7583		2.393750
7584		1.581250
7585		-0.862500
7586		-3.050000
7587		-3.075000
7588		-2.612500
7589		-1.881250
7590		-0.950000
7591		0.706250
7592		0.443750
7593		-0.431250
7594		0.006250
7595		-0.806250
7596		-0.606250
7597		1.637500
7598		3.556250
7599		5.218750
7600		7.168750
7601		8.562500
7602		8.506250
7603		6.906250
7604		6.700000
7605		5.156250
7606		4.487500
7607		5.043750
7608		5.275000
7609		4.575000
7610		4.550000
7611		4.343750
7612		3.356250
7613		3.006250
7614		3.643750
7615		3.293750
7616		2.687500
7617		3.031250
7618		3.356250
7619		2.425000
7620		2.656250
7621		3.587500
7622		3.356250
7623		3.587500
7624		4.750000
7625		4.606250
7626		5.068750
7627		5.187500
7628		5.450000
7629		5.156250
7630		5.975000
7631		6.668750
7632		6.381250
7633		6.262500
7634		6.818750
7635		6.668750
7636		5.737500
7637		6.118750
7638		6.118750
7639		5.975000
7640		6.031250
7641		6.525000
7642		6.031250
7643		5.737500
7644		5.737500
7645		6.000000
7646		5.100000
7647		5.593750
7648		6.293750
7649		5.656250
7650		5.712500
7651		6.237500
7652		6.175000
7653		6.000000
7654		5.856250
7655		6.031250
7656		5.131250
7657		4.925000
7658		5.043750
7659		4.375000
7660		3.643750
7661		3.937500
7662		4.081250
7663		3.237500
7664		3.556250
7665		3.793750
7666		3.762500
7667		3.468750
7668		4.781250
7669		4.750000
7670		5.156250
7671		6.818750
7672		8.212500
7673		7.862500
7674		7.775000
7675		8.068750
7676		6.412500
7677		5.943750
7678		6.556250
7679		7.312500
7680		7.137500
7681		8.212500
7682		8.856250
7683		8.650000
7684		8.650000
7685		9.812500
7686		9.462500
7687		9.668750
7688		9.612500
7689		9.756250
7690		9.231250
7691		8.856250
7692		9.700000
7693		9.143750
7694		8.793750
7695		9.700000
7696		10.425000
7697		10.018750
7698		10.250000
7699		10.543750
7700		8.881250
7701		7.456250
7702		6.325000
7703		4.925000
7704		2.600000
7705		2.337500
7706		1.693750
7707		0.850000
7708		1.375000
7709		2.450000
7710		3.762500
7711		4.287500
7712		6.381250
7713		7.687500
7714		7.775000
7715		8.825000
7716		10.050000
7717		9.875000
7718		10.337500
7719		12.025000
7720		12.375000
7721		11.562500
7722		10.862500
7723		10.281250
7724		8.593750
7725		6.700000
7726		6.756250
7727		5.912500
7728		5.568750
7729		6.175000
7730		7.518750
7731		7.981250
7732		8.562500
7733		10.106250
7734		10.806250
7735		10.193750
7736		10.543750
7737		10.456250
7738		8.562500
7739		6.437500
7740		5.218750
7741		4.662500
7742		2.393750
7743		3.093750
7744		3.181250
7745		2.943750
7746		3.412500
7747		4.606250
7748		4.806250
7749		4.287500
7750		4.925000
7751		5.068750
7752		4.781250
7753		4.693750
7754		6.262500
7755		5.712500
7756		5.012500
7757		6.000000
7758		6.437500
7759		5.912500
7760		6.412500
7761		7.687500
7762		7.281250
7763		6.875000
7764		7.431250
7765		7.431250
7766		6.668750
7767		6.500000
7768		6.818750
7769		5.506250
7770		4.025000
7771		3.906250
7772		3.268750
7773		2.275000
7774		2.162500
7775		2.306250
7776		1.256250
7777		0.356250
7778		0.675000
7779		0.531250
7780		-0.081250
7781		0.068750
7782		1.081250
7783		1.081250
7784		1.375000
7785		1.581250
7786		1.725000
7787		1.375000
7788		1.462500
7789		2.481250
7790		1.868750
7791		1.606250
7792		2.075000
7793		2.425000
7794		1.725000
7795		1.606250
7796		1.956250
7797		2.162500
7798		0.850000
7799		1.462500
7800		0.937500
7801		0.300000
7802		-0.862500
7803		-0.606250
7804		-2.143750
7805		-3.575000
7806		-2.962500
7807		-2.643750
7808		-3.281250
7809		-3.050000
7810		-1.881250
7811		-2.206250
7812		-2.206250
7813		-0.862500
7814		-0.018750
7815		0.006250
7816		0.356250
7817		1.606250
7818		1.781250
7819		0.618750
7820		0.618750
7821		1.000000
7822		0.125000
7823		-0.575000
7824		-0.137500
7825		0.412500
7826		-0.256250
7827		-0.137500
7828		0.125000
7829		-0.606250
7830		-1.387500
7831		-0.750000
7832		-1.037500
7833		-1.968750
7834		-1.768750
7835		-1.418750
7836		-2.581250
7837		-3.656250
7838		-3.950000
7839		-4.506250
7840		-5.056250
7841		-4.793750
7842		-3.456250
7843		-4.125000
7844		-3.862500
7845		-3.425000
7846		-3.162500
7847		-4.156250
7848		-4.300000
7849		-3.456250
7850		-4.093750
7851		-4.443750
7852		-3.918750
7853		-3.250000
7854		-4.068750
7855		-4.006250
7856		-2.987500
7857		-3.600000
7858		-4.675000
7859		-4.562500
7860		-5.175000
7861		-6.918750
7862		-6.712500
7863		-5.987500
7864		-6.481250
7865		-6.625000
7866		-5.175000
7867		-5.087500
7868		-5.518750
7869		-4.937500
7870		-4.737500
7871		-5.437500
7872		-5.581250
7873		-4.968750
7874		-4.968750
7875		-4.587500
7876		-2.493750
7877		-2.700000
7878		-3.687500
7879		-3.918750
7880		-4.181250
7881		-4.968750
7882		-4.506250
7883		-3.425000
7884		-4.156250
7885		-4.825000
7886		-4.387500
7887		-5.350000
7888		-6.712500
7889		-6.306250
7890		-6.537500
7891		-7.675000
7892		-7.906250
7893		-8.025000
7894		-9.306250
7895		-10.350000
7896		-9.187500
7897		-9.918750
7898		-10.787500
7899		-10.293750
7900		-10.700000
7901		-11.106250
7902		-10.206250
7903		-9.681250
7904		-10.062500
7905		-10.150000
7906		-9.187500
7907		-9.593750
7908		-9.831250
7909		-8.462500
7910		-8.868750
7911		-9.162500
7912		-8.462500
7913		-8.637500
7914		-8.693750
7915		-7.500000
7916		-7.125000
7917		-8.168750
7918		-8.056250
7919		-7.443750
7920		-8.343750
7921		-8.287500
7922		-7.062500
7923		-8.081250
7924		-8.462500
7925		-8.200000
7926		-8.837500
7927		-10.006250
7928		-9.012500
7929		-9.131250
7930		-10.325000
7931		-9.975000
7932		-9.831250
7933		-11.193750
7934		-11.718750
7935		-10.937500
7936		-11.575000
7937		-12.537500
7938		-11.868750
7939		-12.968750
7940		-13.668750
7941		-13.118750
7942		-12.681250
7943		-13.468750
7944		-12.156250
7945		-11.718750
7946		-11.718750
7947		-11.750000
7948		-11.281250
7949		-12.737500
7950		-12.968750
7951		-11.781250
7952		-11.837500
7953		-11.806250
7954		-10.350000
7955		-10.118750
7956		-11.225000
7957		-10.412500
7958		-10.175000
7959		-11.193750
7960		-10.731250
7961		-10.787500
7962		-12.450000
7963		-11.718750
7964		-11.225000
7965		-12.100000
7966		-12.012500
7967		-10.850000
7968		-11.518750
7969		-12.362500
7970		-11.368750
7971		-11.925000
7972		-12.537500
7973		-11.718750
7974		-11.631250
7975		-12.887500
7976		-12.506250
7977		-11.662500
7978		-12.156250
7979		-11.781250
7980		-10.350000
7981		-10.556250
7982		-10.875000
7983		-9.593750
7984		-10.325000
7985		-10.787500
7986		-10.031250
7987		-9.481250
7988		-10.381250
7989		-9.568750
7990		-8.868750
7991		-9.275000
7992		-9.218750
7993		-8.231250
7994		-9.418750
7995		-9.593750
7996		-8.956250
7997		-9.043750
7998		-9.768750
7999		-8.518750
8000		-8.112500
8001		-8.750000
8002		-8.231250
8003		-7.675000
8004		-8.081250
8005		-8.056250
8006		-7.356250
8007		-7.468750
8008		-7.618750
8009		-6.393750
8010		-6.600000
8011		-7.125000
8012		-5.900000
8013		-5.987500
8014		-6.975000
8015		-6.568750
8016		-6.775000
8017		-7.006250
8018		-7.381250
8019		-6.568750
8020		-7.125000
8021		-7.212500
8022		-6.281250
8023		-5.375000
8024		-5.581250
8025		-4.300000
8026		-3.106250
8027		-3.368750
8028		-3.775000
8029		-3.543750
8030		-4.068750
8031		-3.687500
8032		-1.362500
8033		-1.125000
8034		-1.037500
8035		-1.881250
8036		-3.456250
8037		-6.306250
8038		-7.181250
8039		-7.268750
8040		-6.800000
8041		-5.550000
8042		-3.425000
8043		-3.775000
8044		-4.068750
8045		-3.775000
8046		-4.331250
8047		-4.356250
8048		-2.668750
8049		-0.806250
8050		0.706250
8051		2.975000
8052		4.837500
8053		4.693750
8054		4.050000
8055		3.762500
8056		2.425000
8057		1.756250
8058		2.250000
8059		2.687500
8060		1.725000
8061		2.043750
8062		1.756250
8063		0.912500
8064		0.443750
8065		1.231250
8066		0.475000
8067		0.531250
8068		0.937500
8069		0.325000
8070		-0.343750
8071		-0.137500
8072		0.587500
8073		0.125000
8074		0.881250
8075		2.187500
8076		1.668750
8077		1.900000
8078		2.775000
8079		2.512500
8080		2.450000
8081		3.412500
8082		4.287500
8083		3.937500
8084		4.081250
8085		4.925000
8086		4.518750
8087		3.993750
8088		4.868750
8089		4.462500
8090		3.412500
8091		4.375000
8092		4.693750
8093		4.200000
8094		4.112500
8095		4.431250
8096		3.993750
8097		3.587500
8098		4.081250
8099		3.618750
8100		2.862500
8101		3.906250
8102		4.431250
8103		3.937500
8104		4.200000
8105		4.837500
8106		4.081250
8107		3.268750
8108		3.587500
8109		3.268750
8110		1.812500
8111		2.450000
8112		2.218750
8113		2.043750
8114		1.956250
8115		2.425000
8116		2.100000
8117		2.250000
8118		2.743750
8119		3.062500
8120		2.975000
8121		4.575000
8122		6.118750
8123		6.437500
8124		7.081250
8125		8.125000
8126		6.843750
8127		5.362500
8128		5.737500
8129		5.393750
8130		5.306250
8131		6.087500
8132		7.631250
8133		7.256250
8134		7.256250
8135		8.387500
8136		8.362500
8137		7.981250
8138		8.793750
8139		9.087500
8140		8.187500
8141		8.418750
8142		8.706250
8143		8.418750
8144		7.837500
8145		8.212500
8146		8.650000
8147		8.275000
8148		9.462500
8149		10.050000
8150		9.581250
8151		8.418750
8152		8.125000
8153		6.175000
8154		4.375000
8155		3.031250
8156		2.012500
8157		0.531250
8158		0.387500
8159		1.000000
8160		1.343750
8161		2.337500
8162		4.518750
8163		5.362500
8164		5.768750
8165		6.931250
8166		7.862500
8167		7.487500
8168		8.856250
8169		9.962500
8170		10.543750
8171		10.600000
8172		11.531250
8173		10.981250
8174		9.318750
8175		8.475000
8176		7.631250
8177		6.206250
8178		5.275000
8179		5.975000
8180		5.825000
8181		5.681250
8182		6.818750
8183		7.543750
8184		8.506250
8185		8.825000
8186		10.456250
8187		9.900000
8188		9.000000
8189		8.562500
8190		6.906250
8191		4.225000
8192		3.268750
8193		2.687500
8194		2.425000
8195		3.850000
8196		4.375000
8197		4.200000
8198		4.050000
8199		5.100000
8200		4.518750
8201		4.112500
8202		4.806250
8203		5.131250
8204		4.343750
8205		4.431250
8206		5.243750
8207		4.137500
8208		4.025000
8209		4.637500
8210		4.725000
8211		3.850000
8212		4.693750
8213		5.825000
8214		5.418750
8215		4.981250
8216		5.506250
8217		4.637500
8218		2.975000
8219		2.887500
8220		3.618750
8221		1.987500
8222		1.581250
8223		2.043750
8224		1.056250
8225		-0.431250
8226		0.268750
8227		0.500000
8228		-0.312500
8229		0.150000
8230		1.112500
8231		0.793750
8232		0.587500
8233		1.343750
8234		1.581250
8235		1.025000
8236		1.375000
8237		2.075000
8238		2.012500
8239		1.231250
8240		1.606250
8241		1.900000
8242		1.231250
8243		2.131250
8244		2.862500
8245		2.043750
8246		2.218750
8247		2.568750
8248		1.756250
8249		0.300000
8250		0.006250
8251		0.125000
8252		-1.156250
8253		-2.031250
8254		-1.650000
8255		-2.262500
8256		-2.931250
8257		-1.625000
8258		-0.456250
8259		-0.693750
8260		-0.312500
8261		0.675000
8262		1.143750
8263		1.168750
8264		1.812500
8265		3.118750
8266		2.687500
8267		2.043750
8268		2.100000
8269		1.868750
8270		0.881250
8271		1.231250
8272		2.043750
8273		2.393750
8274		1.693750
8275		2.218750
8276		1.781250
8277		0.587500
8278		0.737500
8279		1.606250
8280		0.968750
8281		0.500000
8282		0.937500
8283		0.500000
8284		-0.662500
8285		-1.037500
8286		-0.662500
8287		-1.506250
8288		-1.768750
8289		-0.781250
8290		-0.168750
8291		-0.606250
8292		-0.168750
8293		0.500000
8294		-0.343750
8295		-0.862500
8296		-0.106250
8297		-0.225000
8298		-0.518750
8299		0.068750
8300		0.706250
8301		0.093750
8302		-0.225000
8303		0.562500
8304		0.587500
8305		-0.081250
8306		-0.518750
8307		-0.106250
8308		-1.100000
8309		-2.318750
8310		-2.143750
8311		-1.593750
8312		-1.968750
8313		-1.856250
8314		-0.431250
8315		-0.431250
8316		-1.037500
8317		-0.312500
8318		0.181250
8319		-0.718750
8320		-1.212500
8321		-0.137500
8322		-0.081250
8323		-0.456250
8324		1.081250
8325		1.868750
8326		0.850000
8327		-0.106250
8328		0.387500
8329		0.443750
8330		-0.137500
8331		0.412500
8332		0.825000
8333		-0.050000
8334		-1.068750
8335		-1.100000
8336		-1.387500
8337		-2.725000
8338		-2.643750
8339		-2.843750
8340		-4.093750
8341		-5.087500
8342		-5.025000
8343		-5.375000
8344		-6.481250
8345		-6.306250
8346		-5.518750
8347		-6.512500
8348		-6.656250
8349		-5.843750
8350		-5.262500
8351		-6.131250
8352		-5.200000
8353		-4.737500
8354		-5.318750
8355		-5.087500
8356		-3.487500
8357		-3.543750
8358		-4.068750
8359		-3.543750
8360		-2.987500
8361		-3.831250
8362		-3.106250
8363		-1.681250
8364		-2.262500
8365		-2.725000
8366		-2.350000
8367		-2.318750
8368		-3.425000
8369		-2.700000
8370		-2.206250
8371		-3.106250
8372		-3.281250
8373		-3.137500
8374		-3.487500
8375		-4.212500
8376		-3.400000
8377		-3.656250
8378		-5.087500
8379		-4.387500
8380		-4.506250
8381		-5.693750
8382		-6.306250
8383		-5.668750
8384		-6.450000
8385		-7.093750
8386		-6.281250
8387		-6.975000
8388		-8.025000
8389		-7.556250
8390		-7.093750
8391		-8.025000
8392		-6.775000
8393		-5.606250
8394		-6.018750
8395		-5.812500
8396		-5.518750
8397		-6.425000
8398		-7.062500
8399		-6.043750
8400		-5.693750
8401		-6.218750
8402		-4.762500
8403		-4.387500
8404		-5.143750
8405		-4.881250
8406		-4.181250
8407		-5.112500
8408		-5.406250
8409		-4.618750
8410		-5.518750
8411		-6.712500
8412		-5.987500
8413		-5.756250
8414		-6.775000
8415		-6.712500
8416		-5.931250
8417		-6.862500
8418		-6.481250
8419		-5.606250
8420		-6.393750
8421		-6.918750
8422		-6.075000
8423		-6.918750
8424		-7.006250
8425		-6.043750
8426		-5.725000
8427		-5.987500
8428		-4.937500
8429		-4.650000
8430		-5.287500
8431		-4.356250
8432		-3.950000
8433		-4.937500
8434		-4.387500
8435		-3.743750
8436		-4.156250
8437		-4.243750
8438		-3.543750
8439		-4.243750
8440		-4.587500
8441		-3.775000
8442		-3.775000
8443		-4.387500
8444		-3.806250
8445		-3.512500
8446		-4.006250
8447		-2.931250
8448		-2.556250
8449		-2.556250
8450		-2.350000
8451		-1.825000
8452		-2.468750
8453		-2.700000
8454		-1.450000
8455		-1.793750
8456		-2.143750
8457		-0.487500
8458		-0.368750
8459		-1.125000
8460		-0.343750
8461		-0.081250
8462		-1.037500
8463		-0.862500
8464		-0.168750
8465		-1.275000
8466		-1.737500
8467		-1.037500
8468		-1.506250
8469		-1.825000
8470		-0.718750
8471		-0.518750
8472		0.212500
8473		1.668750
8474		2.600000
8475		1.756250
8476		1.375000
8477		1.781250
8478		1.375000
8479		1.756250
8480		3.962500
8481		3.762500
8482		3.006250
8483		2.600000
8484		0.443750
8485		-2.087500
8486		-2.381250
8487		-1.681250
8488		-1.243750
8489		-0.106250
8490		1.518750
8491		0.737500
8492		1.025000
8493		1.168750
8494		0.125000
8495		0.737500
8496		2.975000
8497		4.343750
8498		6.175000
8499		8.531250
8500		8.912500
8501		8.418750
8502		8.275000
8503		7.687500
8504		6.612500
8505		5.975000
8506		6.062500
8507		6.412500
8508		5.712500
8509		6.062500
8510		5.712500
8511		3.556250
8512		4.287500
8513		4.312500
8514		3.850000
8515		4.462500
8516		5.012500
8517		4.256250
8518		3.850000
8519		4.606250
8520		4.637500
8521		3.618750
8522		5.537500
8523		5.943750
8524		5.362500
8525		6.087500
8526		6.906250
8527		6.525000
8528		6.962500
8529		8.187500
8530		7.631250
8531		8.362500
8532		8.650000
8533		8.562500
8534		7.925000
8535		8.418750
8536		8.275000
8537		7.193750
8538		7.806250
8539		7.806250
8540		7.256250
8541		7.193750
8542		7.600000
8543		7.193750
8544		6.381250
8545		7.456250
8546		7.018750
8547		6.381250
8548		7.431250
8549		7.106250
8550		6.525000
8551		6.556250
8552		7.862500
8553		6.756250
8554		6.468750
8555		6.818750
8556		5.737500
8557		5.393750
8558		5.306250
8559		5.218750
8560		4.606250
8561		4.725000
8562		5.243750
8563		5.131250
8564		4.925000
8565		5.856250
8566		5.825000
8567		5.218750
8568		6.993750
8569		7.775000
8570		8.362500
8571		9.581250
8572		9.962500
8573		9.700000
8574		8.593750
8575		8.706250
8576		7.456250
8577		6.843750
8578		8.156250
8579		8.531250
8580		8.418750
8581		9.581250
8582		9.581250
8583		9.231250
8584		9.875000
8585		10.981250
8586		10.512500
8587		10.312500
8588		10.456250
8589		10.137500
8590		9.668750
8591		10.193750
8592		10.600000
8593		9.900000
8594		10.456250
8595		11.181250
8596		11.825000
8597		11.618750
8598		12.843750
8599		11.562500
8600		9.350000
8601		8.212500
8602		6.437500
8603		4.287500
8604		2.600000
8605		2.100000
8606		1.168750
8607		0.850000
8608		2.450000
8609		3.500000
8610		4.431250
8611		6.175000
8612		7.837500
8613		8.037500
8614		8.100000
8615		10.481250
8616		10.600000
8617		11.093750
8618		12.287500
8619		12.200000
8620		11.093750
8621		10.775000
8622		10.337500
8623		8.450000
8624		7.431250
8625		7.456250
8626		6.731250
8627		6.087500
8628		7.018750
8629		7.600000
8630		7.718750
8631		8.562500
8632		10.193750
8633		10.106250
8634		10.456250
8635		10.893750
8636		9.637500
8637		7.750000
8638		6.700000
8639		4.806250
8640		2.918750
8641		2.187500
8642		2.918750
8643		1.606250
8644		1.725000
8645		2.800000
8646		3.643750
8647		3.643750
8648		4.225000
8649		4.981250
8650		4.487500
8651		4.137500
8652		4.806250
8653		4.806250
8654		4.550000
8655		4.893750
8656		4.725000
8657		4.375000
8658		4.637500
8659		5.100000
8660		4.662500
8661		4.487500
8662		5.450000
8663		5.681250
8664		5.156250
8665		5.537500
8666		6.237500
8667		5.681250
8668		5.506250
8669		5.218750
8670		4.050000
8671		3.062500
8672		2.975000
8673		2.887500
8674		2.162500
8675		1.343750
8676		1.693750
8677		0.500000
8678		-0.168750
8679		0.443750
8680		0.443750
8681		-0.281250
8682		0.825000
8683		1.518750
8684		1.287500
8685		1.256250
8686		1.900000
8687		1.781250
8688		1.112500
8689		1.518750
8690		1.606250
8691		0.850000
8692		1.550000
8693		2.162500
8694		1.550000
8695		1.343750
8696		2.187500
8697		2.275000
8698		1.668750
8699		2.162500
8700		1.900000
8701		0.737500
8702		-0.518750
8703		-0.312500
8704		-1.156250
8705		-2.468750
8706		-1.968750
8707		-2.031250
8708		-2.262500
8709		-1.881250
8710		-0.662500
8711		-0.312500
8712		-0.950000
8713		0.737500
8714		1.462500
8715		1.868750
8716		2.131250
8717		3.618750
8718		2.712500
8719		1.112500
8720		2.218750
8721		1.431250
8722		0.706250
8723		1.318750
8724		2.250000
8725		1.518750
8726		1.318750
8727		1.606250
8728		1.431250
8729		0.443750
8730		0.587500
8731		0.475000
8732		0.300000
8733		-0.018750
8734		0.006250
8735		-0.606250
8736		-2.318750
8737		-2.118750
8738		-2.118750
8739		-2.987500
8740		-3.050000
8741		-1.912500
8742		-1.943750
8743		-2.468750
8744		-1.968750
8745		-1.625000
8746		-2.900000
8747		-3.337500
8748		-2.231250
8749		-2.787500
8750		-3.337500
8751		-2.812500
8752		-1.793750
8753		-2.843750
8754		-2.700000
8755		-1.768750
8756		-2.350000
8757		-3.400000
8758		-3.400000
8759		-3.425000
8760		-4.531250
8761		-5.000000
8762		-4.300000
8763		-4.825000
8764		-5.175000
8765		-4.212500
8766		-3.400000
8767		-3.575000
8768		-3.250000
8769		-2.406250
8770		-3.162500
8771		-3.631250
8772		-3.281250
8773		-3.050000
8774		-3.050000
8775		-2.350000
8776		-1.037500
8777		-1.187500
8778		-2.056250
8779		-2.468750
8780		-2.350000
8781		-2.350000
8782		-2.437500
8783		-1.362500
8784		-2.206250
8785		-3.312500
8786		-3.656250
8787		-4.068750
8788		-4.881250
8789		-5.231250
8790		-4.850000
8791		-5.900000
8792		-7.618750
8793		-7.531250
8794		-7.706250
8795		-8.725000
8796		-9.043750
8797		-8.606250
8798		-9.306250
8799		-10.437500
8800		-9.593750
8801		-8.750000
8802		-9.418750
8803		-9.131250
8804		-8.081250
8805		-8.231250
8806		-9.306250
8807		-8.487500
8808		-7.706250
8809		-8.025000
8810		-7.906250
8811		-7.268750
8812		-7.618750
8813		-7.850000
8814		-7.587500
8815		-6.306250
8816		-6.831250
8817		-7.443750
8818		-7.268750
8819		-7.212500
8820		-8.025000
8821		-7.968750
8822		-6.975000
8823		-7.881250
8824		-8.431250
8825		-8.725000
8826		-8.231250
8827		-8.662500
8828		-9.012500
8829		-8.575000
8830		-9.100000
8831		-10.175000
8832		-10.556250
8833		-10.700000
8834		-11.781250
8835		-11.893750
8836		-11.081250
8837		-11.750000
8838		-12.943750
8839		-12.712500
8840		-12.681250
8841		-13.031250
8842		-13.000000
8843		-11.806250
8844		-11.631250
8845		-11.662500
8846		-11.487500
8847		-10.875000
8848		-12.243750
8849		-12.593750
8850		-11.487500
8851		-11.925000
8852		-11.781250
8853		-10.675000
8854		-10.325000
8855		-11.050000
8856		-10.350000
8857		-9.887500
8858		-10.556250
8859		-11.281250
8860		-10.937500
8861		-11.193750
8862		-12.593750
8863		-12.418750
8864		-11.718750
8865		-12.387500
8866		-12.650000
8867		-11.487500
8868		-12.068750
8869		-12.562500
8870		-12.068750
8871		-12.100000
8872		-13.350000
8873		-12.768750
8874		-12.387500
8875		-13.231250
8876		-13.206250
8877		-12.156250
8878		-12.387500
8879		-12.418750
8880		-11.193750
8881		-10.906250
8882		-12.156250
8883		-11.312500
8884		-11.050000
8885		-11.281250
8886		-11.456250
8887		-10.006250
8888		-10.962500
8889		-11.225000
8890		-10.262500
8891		-10.850000
8892		-11.806250
8893		-11.137500
8894		-10.850000
8895		-11.487500
8896		-11.137500
8897		-10.031250
8898		-10.500000
8899		-10.500000
8900		-9.331250
8901		-9.831250
8902		-10.325000
8903		-9.012500
8904		-9.218750
8905		-10.062500
8906		-9.331250
8907		-8.231250
8908		-8.900000
8909		-8.312500
8910		-7.093750
8911		-8.025000
8912		-8.312500
8913		-7.443750
8914		-8.081250
8915		-8.868750
8916		-8.168750
8917		-8.462500
8918		-9.593750
8919		-8.662500
8920		-8.662500
8921		-9.187500
8922		-8.112500
8923		-6.625000
8924		-6.831250
8925		-5.606250
8926		-4.387500
8927		-5.175000
8928		-5.756250
8929		-5.262500
8930		-5.262500
8931		-5.406250
8932		-3.512500
8933		-2.787500
8934		-4.093750
8935		-4.850000
8936		-6.625000
8937		-8.987500
8938		-9.681250
8939		-8.637500
8940		-8.168750
8941		-6.862500
8942		-5.375000
8943		-5.518750
8944		-6.600000
8945		-6.337500
8946		-6.043750
8947		-6.306250
8948		-3.950000
8949		-1.506250
8950		-0.431250
8951		1.431250
8952		2.075000
8953		1.987500
8954		0.912500
8955		0.793750
8956		-0.575000
8957		-1.100000
8958		0.937500
8959		-0.225000
8960		-0.456250
8961		-1.212500
8962		-1.450000
8963		-3.050000
8964		-2.437500
8965		-2.118750
8966		-2.756250
8967		-2.000000
8968		-1.856250
8969		-2.700000
8970		-3.018750
8971		-1.968750
8972		-2.668750
8973		-2.175000
8974		-0.925000
8975		-0.806250
8976		-1.037500
8977		-0.081250
8978		0.587500
8979		-0.368750
8980		1.000000
8981		1.462500
8982		1.375000
8983		1.550000
8984		2.306250
8985		1.581250
8986		1.287500
8987		2.425000
8988		1.868750
8989		1.256250
8990		1.900000
8991		2.187500
8992		0.850000
8993		1.375000
8994		1.812500
8995		1.406250
8996		0.968750
8997		2.075000
8998		1.318750
8999		0.650000
9000		1.318750
9001		1.375000
9002		1.112500
9003		1.462500
9004		1.756250
9005		0.443750
9006		0.825000
9007		1.143750
9008		0.068750
9009		-0.431250
9010		0.325000
9011		-0.400000
9012		-0.837500
9013		-0.081250
9014		-0.137500
9015		-0.606250
9016		0.237500
9017		1.143750
9018		0.531250
9019		1.056250
9020		2.075000
9021		2.975000
9022		3.268750
9023		4.893750
9024		4.981250
9025		4.606250
9026		4.606250
9027		3.793750
9028		2.450000
9029		2.862500
9030		3.556250
9031		3.443750
9032		3.875000
9033		4.925000
9034		4.868750
9035		4.693750
9036		5.593750
9037		6.175000
9038		5.593750
9039		6.325000
9040		6.612500
9041		5.975000
9042		6.293750
9043		6.875000
9044		6.612500
9045		6.931250
9046		8.387500
9047		8.943750
9048		9.143750
9049		9.756250
9050		9.581250
9051		7.487500
9052		6.381250
9053		4.137500
9054		1.200000
9055		-0.368750
9056		-0.925000
9057		-2.262500
9058		-2.700000
9059		-1.387500
9060		-1.068750
9061		-0.193750
9062		2.043750
9063		3.762500
9064		4.137500
9065		5.068750
9066		6.612500
9067		6.843750
9068		7.106250
9069		8.418750
9070		8.562500
9071		8.012500
9072		8.068750
9073		7.718750
9074		6.381250
9075		5.656250
9076		5.068750
9077		3.937500
9078		3.706250
9079		4.375000
9080		4.168750
9081		4.606250
9082		5.481250
9083		6.118750
9084		6.468750
9085		7.256250
9086		7.750000
9087		7.281250
9088		5.975000
9089		5.506250
9090		3.325000
9091		1.375000
9092		1.000000
9093		0.356250
9094		-0.806250
9095		-0.431250
9096		0.412500
9097		0.562500
9098		0.850000
9099		2.306250
9100		1.606250
9101		1.318750
9102		1.693750
9103		1.900000
9104		1.406250
9105		1.868750
9106		2.687500
9107		2.537500
9108		2.450000
9109		2.975000
9110		2.975000
9111		2.393750
9112		2.831250
9113		3.412500
9114		2.775000
9115		3.443750
9116		4.343750
9117		4.225000
9118		3.793750
9119		3.937500
9120		3.531250
9121		2.337500
9122		2.250000
9123		2.187500
9124		1.081250
9125		0.793750
9126		1.462500
9127		0.356250
9128		-0.368750
9129		-0.281250
9130		-1.037500
9131		-1.825000
9132		-1.187500
9133		-0.718750
9134		-0.718750
9135		-0.343750
9136		0.737500
9137		0.300000
9138		0.500000
9139		0.737500
9140		0.475000
9141		-0.018750
9142		0.212500
9143		0.968750
9144		0.762500
9145		0.881250
9146		1.900000
9147		1.668750
9148		1.200000
9149		1.931250
9150		2.162500
9151		0.881250
9152		0.068750
9153		0.093750
9154		-0.925000
9155		-2.437500
9156		-2.031250
9157		-2.318750
9158		-3.656250
9159		-3.050000
9160		-2.493750
9161		-2.581250
9162		-2.612500
9163		-1.625000
9164		-1.362500
9165		-1.450000
9166		-0.281250
9167		0.300000
9168		0.443750
9169		1.231250
9170		1.725000
9171		1.025000
9172		0.125000
9173		0.531250
9174		0.562500
9175		-0.081250
9176		0.737500
9177		1.606250
9178		0.650000
9179		0.268750
9180		0.500000
9181		-0.168750
9182		-0.662500
9183		0.006250
9184		0.181250
9185		-0.400000
9186		-0.718750
9187		-0.862500
9188		-1.506250
9189		-2.962500
9190		-2.556250
9191		-2.700000
9192		-3.137500
9193		-2.612500
9194		-1.625000
9195		-2.056250
9196		-1.968750
9197		-1.881250
9198		-2.318750
9199		-3.250000
9200		-2.406250
9201		-2.437500
9202		-2.700000
9203		-3.137500
9204		-1.712500
9205		-2.262500
9206		-2.725000
9207		-1.650000
9208		-1.881250
9209		-3.075000
9210		-3.075000
9211		-3.137500
9212		-4.243750
9213		-4.881250
9214		-4.618750
9215		-4.268750
9216		-4.675000
9217		-3.631250
9218		-2.700000
9219		-3.106250
9220		-3.456250
9221		-2.931250
9222		-3.368750
9223		-4.212500
9224		-3.631250
9225		-3.050000
9226		-2.812500
9227		-2.206250
9228		-0.893750
9229		-1.243750
9230		-2.031250
9231		-2.437500
9232		-2.612500
9233		-2.787500
9234		-2.318750
9235		-1.593750
9236		-2.206250
9237		-3.312500
9238		-3.487500
9239		-3.862500
9240		-4.850000
9241		-4.618750
9242		-4.506250
9243		-5.462500
9244		-7.093750
9245		-6.712500
9246		-6.743750
9247		-7.993750
9248		-8.518750
9249		-7.850000
9250		-8.812500
9251		-8.925000
9252		-8.550000
9253		-7.881250
9254		-8.256250
9255		-7.762500
9256		-6.831250
9257		-7.412500
9258		-8.112500
9259		-7.150000
9260		-6.775000
9261		-7.093750
9262		-7.006250
9263		-6.131250
9264		-6.800000
9265		-6.625000
9266		-5.606250
9267		-5.112500
9268		-5.668750
9269		-5.781250
9270		-5.375000
9271		-5.843750
9272		-6.393750
9273		-5.693750
9274		-5.087500
9275		-5.606250
9276		-6.250000
9277		-5.581250
9278		-6.481250
9279		-7.356250
9280		-6.687500
9281		-6.625000
9282		-7.618750
9283		-7.731250
9284		-7.268750
9285		-8.575000
9286		-9.243750
9287		-8.868750
9288		-8.750000
9289		-9.768750
9290		-9.918750
9291		-9.162500
9292		-10.293750
9293		-10.700000
9294		-9.768750
9295		-8.956250
9296		-9.393750
9297		-8.868750
9298		-7.706250
9299		-8.375000
9300		-9.537500
9301		-8.987500
9302		-8.606250
9303		-9.043750
9304		-8.550000
9305		-7.093750
9306		-7.212500
9307		-7.268750
9308		-6.862500
9309		-6.106250
9310		-6.887500
9311		-7.268750
9312		-6.800000
9313		-7.062500
9314		-8.287500
9315		-7.850000
9316		-7.181250
9317		-8.256250
9318		-8.287500
9319		-7.356250
9320		-7.531250
9321		-8.693750
9322		-8.081250
9323		-7.212500
9324		-7.993750
9325		-8.812500
9326		-7.993750
9327		-8.025000
9328		-8.781250
9329		-8.256250
9330		-7.150000
9331		-7.093750
9332		-7.093750
9333		-6.481250
9334		-6.250000
9335		-6.537500
9336		-6.393750
9337		-5.262500
9338		-5.318750
9339		-6.281250
9340		-5.231250
9341		-5.025000
9342		-5.518750
9343		-5.725000
9344		-4.706250
9345		-4.881250
9346		-5.637500
9347		-4.937500
9348		-4.650000
9349		-5.462500
9350		-4.737500
9351		-3.687500
9352		-3.831250
9353		-4.268750
9354		-3.225000
9355		-2.987500
9356		-4.006250
9357		-3.193750
9358		-2.056250
9359		-2.581250
9360		-2.493750
9361		-1.331250
9362		-1.275000
9363		-2.612500
9364		-1.475000
9365		-1.418750
9366		-2.175000
9367		-1.912500
9368		-1.300000
9369		-2.118750
9370		-2.931250
9371		-1.450000
9372		-2.031250
9373		-2.787500
9374		-1.100000
9375		-0.456250
9376		-0.137500
9377		0.587500
9378		2.100000
9379		1.693750
9380		0.850000
9381		1.693750
9382		1.581250
9383		1.756250
9384		3.412500
9385		4.725000
9386		3.443750
9387		2.337500
9388		0.737500
9389		-1.156250
9390		-2.206250
9391		-1.331250
9392		-0.750000
9393		-0.225000
9394		1.756250
9395		1.606250
9396		0.268750
9397		0.825000
9398		1.431250
9399		1.231250
9400		3.093750
9401		6.118750
9402		7.137500
9403		7.775000
9404		9.581250
9405		9.031250
9406		8.012500
9407		8.012500
9408		7.081250
9409		5.887500
9410		6.556250
9411		7.050000
9412		6.412500
9413		6.062500
9414		6.525000
9415		5.100000
9416		4.693750
9417		5.975000
9418		5.187500
9419		4.806250
9420		5.506250
9421		5.012500
9422		3.556250
9423		4.518750
9424		5.393750
9425		4.256250
9426		5.481250
9427		6.818750
9428		6.668750
9429		6.700000
9430		7.775000
9431		7.281250
9432		7.050000
9433		8.387500
9434		8.275000
9435		7.575000
9436		8.450000
9437		9.143750
9438		7.925000
9439		8.450000
9440		8.943750
9441		8.593750
9442		8.100000
9443		9.087500
9444		8.450000
9445		8.212500
9446		9.293750
9447		8.706250
9448		8.331250
9449		9.031250
9450		8.943750
9451		8.212500
9452		8.562500
9453		9.056250
9454		8.125000
9455		8.650000
9456		9.756250
9457		8.943750
9458		8.593750
9459		9.000000
9460		8.012500
9461		7.368750
9462		7.981250
9463		7.343750
9464		6.031250
9465		6.612500
9466		6.700000
9467		5.887500
9468		6.031250
9469		7.018750
9470		6.175000
9471		6.412500
9472		7.456250
9473		7.837500
9474		8.593750
9475		10.312500
9476		10.281250
9477		9.700000
9478		10.106250
9479		9.525000
9480		8.300000
9481		8.881250
9482		9.462500
9483		9.406250
9484		9.962500
9485		10.893750
9486		11.068750
9487		11.006250
9488		12.462500
9489		12.087500
9490		12.143750
9491		12.668750
9492		12.375000
9493		11.212500
9494		11.825000
9495		11.762500
9496		10.918750
9497		11.737500
9498		12.462500
9499		12.087500
9500		12.056250
9501		13.075000
9502		11.825000
9503		10.425000
9504		9.381250
9505		7.718750
9506		5.187500
9507		4.287500
9508		3.587500
9509		2.712500
9510		2.537500
9511		3.206250
9512		3.062500
9513		4.375000
9514		6.587500
9515		7.312500
9516		8.012500
9517		9.118750
9518		9.612500
9519		8.562500
9520		10.743750
9521		11.706250
9522		12.087500
9523		12.581250
9524		13.687500
9525		12.725000
9526		11.387500
9527		11.650000
9528		10.162500
9529		8.618750
9530		8.737500
9531		8.362500
9532		7.431250
9533		8.275000
9534		9.231250
9535		9.293750
9536		9.931250
9537		11.475000
9538		12.175000
9539		11.387500
9540		11.356250
9541		10.050000
9542		7.718750
9543		6.556250
9544		5.418750
9545		3.706250
9546		3.643750
9547		4.050000
9548		3.793750
9549		4.081250
9550		5.450000
9551		5.306250
9552		5.100000
9553		5.537500
9554		6.087500
9555		5.331250
9556		6.325000
9557		6.931250
9558		6.587500
9559		6.612500
9560		6.818750
9561		6.756250
9562		5.625000
9563		6.031250
9564		6.150000
9565		5.625000
9566		6.437500
9567		6.931250
9568		6.525000
9569		6.118750
9570		7.050000
9571		6.031250
9572		5.393750
9573		4.925000
9574		4.637500
9575		3.006250
9576		3.268750
9577		3.268750
9578		2.537500
9579		2.687500
9580		2.537500
9581		1.581250
9582		1.025000
9583		1.431250
9584		1.231250
9585		0.300000
9586		1.900000
9587		2.512500
9588		2.337500
9589		2.043750
9590		3.118750
9591		2.362500
9592		2.075000
9593		2.687500
9594		2.687500
9595		2.481250
9596		3.031250
9597		2.450000
9598		3.118750
9599		3.618750
9600		4.725000
9601		3.762500
9602		3.118750
9603		3.468750
9604		2.975000
9605		1.231250
9606		1.956250
9607		0.912500
9608		-0.575000
9609		-0.606250
9610		-0.281250
9611		-0.806250
9612		-1.387500
9613		-0.256250
9614		0.300000
9615		-0.281250
9616		0.737500
9617		2.512500
9618		2.250000
9619		2.943750
9620		4.225000
9621		3.531250
9622		2.481250
9623		2.975000
9624		3.093750
9625		2.043750
9626		2.425000
9627		3.268750
9628		2.975000
9629		3.062500
9630		3.468750
9631		2.831250
9632		1.668750
9633		2.043750
9634		1.756250
9635		1.318750
9636		1.287500
9637		2.043750
9638		1.056250
9639		0.443750
9640		0.181250
9641		-1.156250
9642		-1.593750
9643		-1.475000
9644		-1.387500
9645		-1.068750
9646		-0.662500
9647		0.562500
9648		0.475000
9649		-0.400000
9650		-0.256250
9651		-0.606250
9652		-1.593750
9653		-0.662500
9654		-0.606250
9655		-0.631250
9656		-0.750000
9657		0.412500
9658		-0.281250
9659		-0.606250
9660		-0.606250
9661		-0.431250
9662		-1.825000
9663		-1.768750
9664		-2.056250
9665		-3.193750
9666		-3.918750
9667		-2.843750
9668		-2.787500
9669		-2.962500
9670		-1.681250
9671		-1.243750
9672		-1.968750
9673		-2.175000
9674		-1.243750
9675		-2.056250
9676		-2.612500
9677		-1.537500
9678		-0.862500
9679		-0.981250
9680		0.412500
9681		0.412500
9682		-0.281250
9683		-1.212500
9684		-0.893750
9685		-0.662500
9686		-0.950000
9687		-0.281250
9688		0.181250
9689		-1.212500
9690		-2.031250
9691		-2.118750
9692		-2.700000
9693		-3.806250
9694		-3.543750
9695		-3.950000
9696		-5.406250
9697		-5.812500
9698		-5.606250
9699		-5.900000
9700		-6.887500
9701		-6.393750
9702		-6.537500
9703		-7.818750
9704		-7.212500
9705		-6.306250
9706		-6.512500
9707		-6.218750
9708		-4.968750
9709		-4.793750
9710		-5.843750
9711		-5.406250
9712		-4.762500
9713		-4.793750
9714		-5.056250
9715		-4.006250
9716		-4.356250
9717		-4.675000
9718		-4.212500
9719		-3.281250
9720		-3.718750
9721		-4.331250
9722		-3.775000
9723		-4.212500
9724		-5.087500
9725		-3.918750
9726		-3.831250
9727		-4.506250
9728		-4.968750
9729		-4.793750
9730		-5.112500
9731		-6.281250
9732		-5.406250
9733		-5.900000
9734		-6.368750
9735		-6.625000
9736		-6.656250
9737		-7.412500
9738		-8.168750
9739		-7.643750
9740		-8.112500
9741		-9.275000
9742		-9.418750
9743		-9.331250
9744		-9.831250
9745		-10.525000
9746		-9.393750
9747		-9.075000
9748		-9.218750
9749		-8.112500
9750		-7.468750
9751		-8.693750
9752		-9.450000
9753		-8.693750
9754		-8.637500
9755		-9.275000
9756		-7.731250
9757		-6.862500
9758		-7.150000
9759		-7.212500
9760		-6.393750
9761		-6.425000
9762		-7.556250
9763		-7.268750
9764		-6.425000
9765		-7.706250
9766		-8.081250
9767		-7.556250
9768		-8.256250
9769		-9.012500
9770		-8.081250
9771		-7.706250
9772		-8.725000
9773		-8.750000
9774		-8.168750
9775		-8.200000
9776		-8.987500
9777		-8.518750
9778		-7.968750
9779		-8.868750
9780		-9.625000
9781		-8.662500
9782		-8.343750
9783		-8.987500
9784		-7.906250
9785		-7.150000
9786		-7.556250
9787		-7.706250
9788		-6.568750
9789		-7.125000
9790		-7.643750
9791		-7.381250
9792		-7.150000
9793		-7.500000
9794		-8.375000
9795		-7.150000
9796		-7.181250
9797		-8.143750
9798		-7.381250
9799		-6.918750
9800		-7.150000
9801		-8.025000
9802		-7.212500
9803		-6.831250
9804		-7.125000
9805		-6.950000
9806		-5.637500
9807		-6.281250
9808		-6.568750
9809		-5.518750
9810		-5.843750
9811		-6.106250
9812		-5.756250
9813		-4.531250
9814		-4.650000
9815		-5.493750
9816		-4.793750
9817		-4.506250
9818		-5.262500
9819		-5.781250
9820		-5.375000
9821		-5.606250
9822		-6.656250
9823		-6.425000
9824		-5.637500
9825		-5.462500
9826		-5.812500
9827		-3.718750
9828		-3.456250
9829		-3.600000
9830		-2.318750
9831		-1.300000
9832		-2.643750
9833		-3.337500
9834		-2.987500
9835		-1.593750
9836		-1.387500
9837		-0.543750
9838		0.150000
9839		-1.768750
9840		-4.243750
9841		-5.112500
9842		-5.987500
9843		-6.831250
9844		-5.406250
9845		-3.193750
9846		-3.162500
9847		-3.400000
9848		-2.525000
9849		-3.456250
9850		-4.531250
9851		-3.075000
9852		-0.950000
9853		-0.137500
9854		2.131250
9855		4.462500
9856		4.662500
9857		3.643750
9858		3.556250
9859		3.325000
9860		1.462500
9861		1.781250
9862		2.943750
9863		1.987500
9864		1.231250
9865		1.581250
9866		0.850000
9867		-0.862500
9868		0.268750
9869		0.562500
9870		-0.137500
9871		0.006250
9872		0.737500
9873		-0.106250
9874		-1.012500
9875		-0.168750
9876		0.181250
9877		-1.037500
9878		0.793750
9879		1.518750
9880		1.000000
9881		1.518750
9882		2.362500
9883		2.337500
9884		1.843750
9885		3.031250
9886		3.206250
9887		2.600000
9888		3.181250
9889		3.587500
9890		2.975000
9891		3.412500
9892		3.850000
9893		3.412500
9894		2.743750
9895		3.706250
9896		2.975000
9897		2.600000
9898		3.356250
9899		2.775000
9900		2.306250
9901		2.975000
9902		3.006250
9903		2.306250
9904		2.600000
9905		3.206250
9906		2.687500
9907		2.600000
9908		3.906250
9909		3.118750
9910		2.537500
9911		2.687500
9912		2.187500
9913		0.850000
9914		1.606250
9915		1.462500
9916		0.356250
9917		0.650000
9918		1.287500
9919		0.475000
9920		-0.168750
9921		0.762500
9922		0.650000
9923		0.068750
9924		1.231250
9925		1.956250
9926		2.162500
9927		3.793750
9928		4.893750
9929		3.818750
9930		3.850000
9931		4.081250
9932		2.712500
9933		2.393750
9934		4.081250
9935		4.312500
9936		4.225000
9937		5.537500
9938		5.450000
9939		4.806250
9940		6.150000
9941		6.612500
9942		6.087500
9943		6.587500
9944		6.931250
9945		5.856250
9946		6.556250
9947		6.468750
9948		6.062500
9949		5.975000
9950		6.612500
9951		6.381250
9952		6.237500
9953		6.843750
9954		6.118750
9955		4.168750
9956		3.268750
9957		1.287500
9958		-0.862500
9959		-1.562500
9960		-1.881250
9961		-2.900000
9962		-3.281250
9963		-2.143750
9964		-1.943750
9965		-1.387500
9966		0.881250
9967		1.343750
9968		1.462500
9969		2.775000
9970		3.181250
9971		2.862500
9972		4.287500
9973		5.656250
9974		6.206250
9975		7.400000
9976		8.387500
9977		7.487500
9978		6.468750
9979		6.700000
9980		5.100000
9981		3.618750
9982		3.706250
9983		3.237500
9984		2.275000
9985		3.118750
9986		3.906250
9987		3.356250
9988		4.750000
9989		6.350000
9990		6.206250
9991		6.118750
9992		6.818750
9993		4.925000
9994		2.887500
9995		1.781250
9996		0.006250
9997		-1.625000
9998		-1.537500
9999		-1.012500
10000		-1.450000
