Channel              :		CH1
Frequency            :		  ?
Period               :		  ?
PK-PK                :		21.88mV
Average              :		-0.743mV
Vertical pos         :		1.000000mV
Probe attenuation    :		1X
Voltage per ADC value:		0.001563mV
Time interval        :		4.00000uS

index		CH1_Voltage(mV)
1		-2.493750
2		-2.087500
3		-2.231250
4		-2.262500
5		-2.493750
6		-3.050000
7		-2.262500
8		-2.175000
9		-1.625000
10		-1.537500
11		-2.175000
12		-1.768750
13		-2.206250
14		-1.450000
15		-1.037500
16		-0.606250
17		0.093750
18		-0.750000
19		-0.806250
20		-0.806250
21		-0.662500
22		-0.225000
23		0.212500
24		0.706250
25		0.587500
26		0.412500
27		0.068750
28		0.356250
29		0.737500
30		1.256250
31		1.931250
32		1.550000
33		1.231250
34		1.375000
35		1.606250
36		2.162500
37		2.250000
38		2.600000
39		2.218750
40		2.250000
41		2.162500
42		2.337500
43		2.537500
44		2.775000
45		2.887500
46		2.743750
47		2.481250
48		2.187500
49		2.043750
50		2.481250
51		2.306250
52		2.862500
53		2.481250
54		2.450000
55		2.100000
56		1.693750
57		1.956250
58		2.012500
59		2.012500
60		2.362500
61		1.812500
62		1.668750
63		2.043750
64		1.606250
65		1.956250
66		2.131250
67		2.450000
68		2.043750
69		1.781250
70		1.868750
71		2.100000
72		2.162500
73		2.362500
74		2.918750
75		2.887500
76		2.687500
77		2.625000
78		2.450000
79		2.743750
80		2.862500
81		3.356250
82		3.031250
83		2.831250
84		2.775000
85		2.393750
86		3.556250
87		3.237500
88		3.181250
89		2.800000
90		2.943750
91		2.625000
92		2.100000
93		2.625000
94		2.537500
95		2.306250
96		2.450000
97		1.868750
98		1.518750
99		1.462500
100		1.081250
101		1.406250
102		1.375000
103		1.725000
104		1.287500
105		0.706250
106		0.500000
107		0.356250
108		0.325000
109		0.387500
110		0.412500
111		0.212500
112		-0.081250
113		-0.081250
114		-0.431250
115		-0.225000
116		0.068750
117		-0.168750
118		-0.256250
119		-0.400000
120		-0.693750
121		-0.950000
122		-0.575000
123		-0.431250
124		-0.312500
125		0.125000
126		-0.543750
127		-0.368750
128		-0.631250
129		-0.137500
130		-0.081250
131		0.356250
132		0.706250
133		0.443750
134		0.793750
135		0.300000
136		0.850000
137		1.081250
138		1.668750
139		2.075000
140		1.668750
141		1.931250
142		1.812500
143		2.100000
144		2.481250
145		2.743750
146		3.412500
147		3.556250
148		3.031250
149		2.887500
150		2.625000
151		3.356250
152		3.762500
153		3.412500
154		3.643750
155		3.531250
156		3.762500
157		2.831250
158		3.412500
159		3.118750
160		3.706250
161		3.531250
162		3.118750
163		3.093750
164		2.862500
165		2.975000
166		3.268750
167		3.556250
168		3.531250
169		3.500000
170		2.862500
171		2.775000
172		2.975000
173		3.468750
174		3.237500
175		3.850000
176		3.356250
177		2.918750
178		2.918750
179		3.325000
180		3.412500
181		3.643750
182		4.137500
183		3.412500
184		3.643750
185		3.412500
186		3.500000
187		3.618750
188		4.050000
189		4.725000
190		4.400000
191		4.200000
192		4.200000
193		3.793750
194		4.168750
195		4.168750
196		4.725000
197		5.068750
198		4.312500
199		4.343750
200		3.706250
201		4.081250
202		4.375000
203		4.200000
204		4.781250
205		4.431250
206		4.200000
207		3.706250
208		4.050000
209		4.050000
210		4.462500
211		4.081250
212		3.706250
213		3.356250
214		3.206250
215		3.031250
216		3.181250
217		3.237500
218		3.268750
219		2.512500
220		2.450000
221		2.250000
222		1.900000
223		2.100000
224		1.931250
225		1.843750
226		1.756250
227		1.000000
228		0.500000
229		-0.018750
230		0.531250
231		0.443750
232		0.356250
233		0.387500
234		-0.137500
235		-0.518750
236		-1.243750
237		-1.100000
238		-0.981250
239		-1.012500
240		-1.012500
241		-1.387500
242		-1.793750
243		-2.175000
244		-1.737500
245		-1.825000
246		-1.768750
247		-1.475000
248		-2.206250
249		-2.293750
250		-2.700000
251		-2.612500
252		-2.350000
253		-2.262500
254		-1.881250
255		-2.262500
256		-2.612500
257		-2.725000
258		-2.787500
259		-2.406250
260		-2.493750
261		-2.231250
262		-2.581250
263		-3.487500
264		-2.812500
265		-2.843750
266		-2.700000
267		-2.318750
268		-1.912500
269		-2.262500
270		-2.493750
271		-2.612500
272		-2.931250
273		-2.118750
274		-1.881250
275		-1.625000
276		-1.737500
277		-2.381250
278		-2.468750
279		-2.725000
280		-1.912500
281		-2.175000
282		-1.968750
283		-1.737500
284		-2.175000
285		-2.262500
286		-2.787500
287		-2.318750
288		-2.118750
289		-2.087500
290		-2.000000
291		-2.262500
292		-2.700000
293		-3.050000
294		-2.231250
295		-2.787500
296		-2.700000
297		-2.206250
298		-2.987500
299		-2.900000
300		-3.075000
301		-2.787500
302		-2.350000
303		-2.643750
304		-1.650000
305		-2.437500
306		-2.612500
307		-2.318750
308		-2.700000
309		-2.262500
310		-1.912500
311		-1.387500
312		-1.737500
313		-1.712500
314		-2.031250
315		-1.968750
316		-1.793750
317		-1.362500
318		-1.212500
319		-1.187500
320		-1.387500
321		-1.243750
322		-1.793750
323		-1.037500
324		-0.718750
325		0.037500
326		-0.606250
327		-0.575000
328		-0.518750
329		-1.156250
330		-0.081250
331		-0.312500
332		0.237500
333		0.500000
334		0.706250
335		0.356250
336		0.125000
337		0.037500
338		0.881250
339		0.912500
340		0.912500
341		0.912500
342		0.850000
343		0.531250
344		0.562500
345		0.825000
346		1.287500
347		1.287500
348		1.056250
349		0.675000
350		0.443750
351		0.268750
352		0.475000
353		0.587500
354		0.706250
355		0.618750
356		0.093750
357		-0.018750
358		-0.718750
359		-0.518750
360		-0.312500
361		-0.137500
362		-0.543750
363		-0.575000
364		-1.243750
365		-1.187500
366		-1.068750
367		-0.950000
368		-0.693750
369		-0.518750
370		-0.862500
371		-1.243750
372		-1.243750
373		-0.981250
374		-1.068750
375		-0.543750
376		-0.400000
377		-0.750000
378		-0.925000
379		-1.275000
380		-0.750000
381		-0.456250
382		-0.693750
383		0.212500
384		-0.456250
385		-0.631250
386		-0.806250
387		-0.718750
388		-0.343750
389		-0.168750
390		0.068750
391		-0.168750
392		-0.718750
393		-0.606250
394		-1.300000
395		-0.543750
396		-0.368750
397		-0.081250
398		-0.518750
399		-0.893750
400		-1.187500
401		-1.012500
402		-0.575000
403		-1.156250
404		-0.518750
405		-0.718750
406		-1.418750
407		-1.475000
408		-1.475000
409		-1.012500
410		-1.331250
411		-1.450000
412		-1.475000
413		-1.968750
414		-2.143750
415		-2.756250
416		-2.262500
417		-2.318750
418		-2.493750
419		-2.087500
420		-2.787500
421		-3.225000
422		-3.106250
423		-3.137500
424		-3.106250
425		-2.612500
426		-2.843750
427		-3.456250
428		-3.775000
429		-4.006250
430		-3.575000
431		-3.487500
432		-3.368750
433		-3.106250
434		-3.631250
435		-3.656250
436		-4.125000
437		-3.687500
438		-4.006250
439		-3.600000
440		-3.050000
441		-3.543750
442		-3.487500
443		-3.600000
444		-3.862500
445		-3.225000
446		-2.931250
447		-2.231250
448		-2.962500
449		-2.931250
450		-2.987500
451		-3.250000
452		-2.406250
453		-2.406250
454		-1.562500
455		-1.912500
456		-2.087500
457		-1.881250
458		-2.206250
459		-1.562500
460		-1.450000
461		-0.750000
462		-0.893750
463		-1.100000
464		-1.362500
465		-1.450000
466		-0.950000
467		-0.575000
468		-0.225000
469		0.006250
470		-0.431250
471		-0.368750
472		-1.100000
473		-0.137500
474		0.125000
475		-0.081250
476		0.443750
477		-0.081250
478		0.093750
479		-0.606250
480		0.037500
481		-0.018750
482		0.443750
483		0.443750
484		0.212500
485		0.006250
486		-0.281250
487		-0.281250
488		0.093750
489		0.006250
490		0.325000
491		-0.225000
492		-0.281250
493		-0.456250
494		-0.893750
495		-0.368750
496		0.125000
497		0.356250
498		-0.081250
499		-0.575000
500		-0.431250
501		-0.718750
502		-0.368750
503		0.006250
504		0.125000
505		-0.137500
506		-0.693750
507		-0.081250
508		-0.606250
509		-0.343750
510		0.006250
511		0.006250
512		0.268750
513		-0.193750
514		-0.456250
515		-0.575000
516		-0.400000
517		0.093750
518		0.068750
519		-0.168750
520		-0.456250
521		-0.343750
522		-0.225000
523		-0.018750
524		-0.168750
525		-0.081250
526		0.037500
527		-0.281250
528		-0.893750
529		-1.100000
530		-1.012500
531		-0.718750
532		-0.606250
533		-0.575000
534		-1.156250
535		-1.625000
536		-1.768750
537		-1.912500
538		-1.825000
539		-1.593750
540		-1.418750
541		-1.625000
542		-1.912500
543		-2.231250
544		-2.756250
545		-2.175000
546		-2.206250
547		-1.912500
548		-2.493750
549		-2.468750
550		-2.931250
551		-3.106250
552		-2.262500
553		-2.468750
554		-2.031250
555		-2.056250
556		-2.493750
557		-2.556250
558		-3.106250
559		-2.643750
560		-2.318750
561		-2.206250
562		-2.206250
563		-2.556250
564		-2.843750
565		-3.137500
566		-2.725000
567		-1.968750
568		-1.943750
569		-2.206250
570		-2.525000
571		-2.643750
572		-2.875000
573		-2.612500
574		-2.350000
575		-1.968750
576		-1.968750
577		-2.756250
578		-2.700000
579		-3.281250
580		-2.493750
581		-2.293750
582		-1.793750
583		-1.768750
584		-2.118750
585		-2.406250
586		-2.931250
587		-2.468750
588		-2.206250
589		-1.856250
590		-1.856250
591		-2.293750
592		-2.406250
593		-2.493750
594		-2.700000
595		-1.881250
596		-2.293750
597		-1.881250
598		-2.581250
599		-2.756250
600		-2.756250
601		-2.987500
602		-2.643750
603		-2.581250
604		-2.056250
605		-2.468750
606		-3.368750
607		-3.193750
608		-3.656250
609		-3.193750
610		-3.425000
611		-3.162500
612		-3.337500
613		-3.368750
614		-3.687500
615		-3.950000
616		-3.512500
617		-3.368750
618		-3.193750
619		-3.656250
620		-3.193750
621		-3.656250
622		-3.487500
623		-3.106250
624		-3.312500
625		-2.725000
626		-2.700000
627		-3.137500
628		-3.162500
629		-3.512500
630		-2.756250
631		-2.962500
632		-2.350000
633		-2.031250
634		-2.756250
635		-2.843750
636		-3.106250
637		-2.525000
638		-2.556250
639		-2.056250
640		-2.468750
641		-2.493750
642		-2.787500
643		-3.075000
644		-2.612500
645		-2.293750
646		-2.031250
647		-2.118750
648		-2.231250
649		-2.643750
650		-2.787500
651		-2.612500
652		-2.206250
653		-2.262500
654		-1.768750
655		-2.000000
656		-2.318750
657		-2.700000
658		-2.787500
659		-2.612500
660		-2.206250
661		-1.825000
662		-2.643750
663		-2.787500
664		-3.162500
665		-2.875000
666		-3.050000
667		-3.162500
668		-2.643750
669		-3.162500
670		-3.775000
671		-3.893750
672		-3.831250
673		-3.512500
674		-3.193750
675		-2.987500
676		-3.281250
677		-3.718750
678		-3.862500
679		-4.006250
680		-4.068750
681		-3.600000
682		-3.312500
683		-3.137500
684		-3.425000
685		-3.656250
686		-3.718750
687		-3.193750
688		-2.900000
689		-3.225000
690		-2.525000
691		-3.075000
692		-3.425000
693		-3.162500
694		-3.281250
695		-3.162500
696		-3.162500
697		-3.075000
698		-3.806250
699		-4.243750
700		-4.618750
701		-4.506250
702		-4.475000
703		-4.387500
704		-4.443750
705		-5.231250
706		-5.462500
707		-6.043750
708		-5.756250
709		-5.812500
710		-5.725000
711		-5.606250
712		-5.725000
713		-5.900000
714		-5.900000
715		-5.143750
716		-5.262500
717		-4.675000
718		-4.387500
719		-4.506250
720		-4.212500
721		-4.006250
722		-3.806250
723		-2.875000
724		-2.231250
725		-1.737500
726		-1.968750
727		-1.625000
728		-1.768750
729		-1.418750
730		-0.862500
731		-0.606250
732		0.356250
733		-0.018750
734		-0.168750
735		-0.400000
736		-0.137500
737		0.150000
738		-0.225000
739		0.412500
740		-0.018750
741		-0.081250
742		-0.575000
743		-0.750000
744		-0.431250
745		0.068750
746		-0.081250
747		-0.050000
748		-0.281250
749		0.037500
750		-0.606250
751		0.125000
752		0.412500
753		0.881250
754		1.287500
755		1.143750
756		1.637500
757		1.462500
758		2.250000
759		2.918750
760		3.268750
761		3.643750
762		3.356250
763		4.200000
764		4.081250
765		4.956250
766		4.868750
767		5.362500
768		5.537500
769		5.306250
770		5.243750
771		5.218750
772		5.131250
773		5.825000
774		5.218750
775		5.625000
776		4.925000
777		4.225000
778		3.762500
779		3.468750
780		3.556250
781		3.118750
782		3.206250
783		2.100000
784		1.406250
785		1.081250
786		0.500000
787		0.181250
788		-0.081250
789		-0.606250
790		-1.068750
791		-1.625000
792		-2.900000
793		-2.987500
794		-3.225000
795		-3.512500
796		-3.575000
797		-4.825000
798		-5.406250
799		-5.987500
800		-6.337500
801		-6.368750
802		-6.568750
803		-6.625000
804		-7.381250
805		-7.793750
806		-7.968750
807		-8.693750
808		-8.518750
809		-8.056250
810		-7.937500
811		-8.462500
812		-8.693750
813		-8.956250
814		-8.662500
815		-8.168750
816		-8.025000
817		-7.443750
818		-7.643750
819		-7.643750
820		-7.181250
821		-7.443750
822		-6.600000
823		-6.656250
824		-5.375000
825		-5.287500
826		-5.462500
827		-5.550000
828		-5.581250
829		-4.937500
830		-4.443750
831		-4.243750
832		-4.212500
833		-4.531250
834		-4.475000
835		-4.937500
836		-4.331250
837		-4.156250
838		-3.981250
839		-3.831250
840		-4.300000
841		-4.475000
842		-4.793750
843		-4.331250
844		-4.006250
845		-4.068750
846		-4.006250
847		-4.706250
848		-4.737500
849		-4.618750
850		-4.300000
851		-3.893750
852		-3.656250
853		-3.162500
854		-3.337500
855		-3.137500
856		-3.631250
857		-2.700000
858		-3.050000
859		-2.143750
860		-1.681250
861		-1.968750
862		-1.475000
863		-1.881250
864		-1.537500
865		-0.950000
866		-0.893750
867		-0.431250
868		-0.806250
869		-0.950000
870		-1.012500
871		-0.606250
872		-0.575000
873		-0.368750
874		-0.281250
875		-0.693750
876		-0.575000
877		-1.100000
878		-1.212500
879		-0.950000
880		-0.750000
881		-0.718750
882		-1.275000
883		-1.625000
884		-2.206250
885		-2.143750
886		-1.712500
887		-2.643750
888		-1.537500
889		-2.468750
890		-2.787500
891		-3.050000
892		-3.368750
893		-3.281250
894		-3.425000
895		-3.281250
896		-3.918750
897		-4.068750
898		-4.356250
899		-4.650000
900		-4.825000
901		-5.318750
902		-4.300000
903		-5.406250
904		-5.437500
905		-6.131250
906		-6.512500
907		-6.043750
908		-6.625000
909		-6.800000
910		-6.831250
911		-7.500000
912		-7.500000
913		-7.937500
914		-7.500000
915		-7.443750
916		-7.125000
917		-7.643750
918		-7.731250
919		-7.937500
920		-8.143750
921		-7.818750
922		-7.356250
923		-7.325000
924		-6.918750
925		-7.062500
926		-6.918750
927		-7.093750
928		-6.512500
929		-5.931250
930		-5.087500
931		-4.706250
932		-5.087500
933		-4.793750
934		-4.387500
935		-3.487500
936		-3.225000
937		-2.643750
938		-2.056250
939		-1.912500
940		-1.593750
941		-1.681250
942		-0.981250
943		-0.456250
944		0.587500
945		0.912500
946		1.112500
947		1.200000
948		1.231250
949		2.450000
950		2.687500
951		3.412500
952		3.875000
953		3.818750
954		4.662500
955		4.868750
956		4.981250
957		5.481250
958		6.525000
959		6.668750
960		6.500000
961		6.262500
962		6.993750
963		7.137500
964		7.718750
965		7.837500
966		8.212500
967		7.925000
968		8.275000
969		7.281250
970		7.687500
971		8.212500
972		8.187500
973		8.562500
974		7.718750
975		7.837500
976		6.931250
977		7.343750
978		6.875000
979		6.787500
980		6.993750
981		6.293750
982		6.000000
983		5.593750
984		5.187500
985		5.275000
986		4.925000
987		5.131250
988		4.225000
989		3.587500
990		3.006250
991		3.118750
992		3.062500
993		2.625000
994		2.775000
995		2.043750
996		1.287500
997		1.168750
998		0.587500
999		0.412500
1000		0.531250
1001		0.268750
1002		-0.137500
1003		-0.718750
1004		-1.331250
1005		-1.912500
1006		-2.118750
1007		-2.406250
1008		-1.793750
1009		-2.468750
1010		-2.931250
1011		-3.918750
1012		-3.656250
1013		-3.631250
1014		-4.093750
1015		-3.456250
1016		-4.650000
1017		-4.650000
1018		-5.493750
1019		-5.087500
1020		-5.087500
1021		-5.518750
1022		-5.143750
1023		-5.262500
1024		-5.812500
1025		-6.018750
1026		-6.131250
1027		-6.218750
1028		-5.900000
1029		-5.606250
1030		-5.518750
1031		-6.193750
1032		-5.987500
1033		-5.812500
1034		-5.668750
1035		-5.350000
1036		-5.087500
1037		-5.262500
1038		-5.462500
1039		-5.668750
1040		-5.756250
1041		-5.087500
1042		-4.418750
1043		-4.268750
1044		-4.443750
1045		-4.825000
1046		-4.737500
1047		-5.112500
1048		-4.531250
1049		-4.300000
1050		-3.981250
1051		-3.543750
1052		-3.743750
1053		-4.243750
1054		-4.125000
1055		-3.337500
1056		-3.075000
1057		-3.312500
1058		-2.556250
1059		-2.787500
1060		-2.931250
1061		-2.262500
1062		-2.175000
1063		-2.643750
1064		-1.650000
1065		-1.275000
1066		-1.275000
1067		-1.125000
1068		-1.187500
1069		-0.575000
1070		-0.312500
1071		-0.081250
1072		0.325000
1073		0.268750
1074		-0.168750
1075		0.325000
1076		0.412500
1077		0.387500
1078		1.287500
1079		1.112500
1080		1.318750
1081		1.081250
1082		0.531250
1083		1.287500
1084		1.550000
1085		1.550000
1086		2.250000
1087		1.756250
1088		2.100000
1089		1.462500
1090		2.275000
1091		2.337500
1092		2.600000
1093		2.625000
1094		2.275000
1095		1.668750
1096		1.343750
1097		2.043750
1098		1.781250
1099		1.987500
1100		2.043750
1101		1.606250
1102		1.231250
1103		0.562500
1104		0.325000
1105		0.443750
1106		1.143750
1107		0.850000
1108		0.006250
1109		-0.518750
1110		-1.100000
1111		-1.331250
1112		-1.100000
1113		-1.187500
1114		-1.156250
1115		-1.768750
1116		-2.231250
1117		-2.556250
1118		-2.612500
1119		-2.787500
1120		-2.468750
1121		-2.381250
1122		-2.875000
1123		-3.337500
1124		-3.950000
1125		-3.487500
1126		-3.281250
1127		-3.487500
1128		-3.106250
1129		-3.487500
1130		-4.212500
1131		-4.531250
1132		-3.425000
1133		-3.743750
1134		-3.918750
1135		-3.337500
1136		-3.831250
1137		-3.487500
1138		-4.006250
1139		-4.093750
1140		-3.400000
1141		-3.656250
1142		-3.225000
1143		-4.006250
1144		-4.093750
1145		-4.212500
1146		-4.618750
1147		-3.950000
1148		-4.006250
1149		-3.862500
1150		-4.006250
1151		-4.418750
1152		-4.212500
1153		-4.331250
1154		-3.918750
1155		-3.918750
1156		-3.368750
1157		-4.243750
1158		-3.918750
1159		-4.093750
1160		-4.093750
1161		-3.862500
1162		-3.656250
1163		-3.137500
1164		-3.162500
1165		-3.281250
1166		-3.893750
1167		-3.631250
1168		-3.487500
1169		-3.137500
1170		-2.931250
1171		-2.787500
1172		-3.050000
1173		-3.281250
1174		-3.425000
1175		-2.787500
1176		-2.262500
1177		-1.856250
1178		-2.262500
1179		-2.556250
1180		-2.525000
1181		-2.318750
1182		-1.737500
1183		-1.537500
1184		-1.300000
1185		-1.300000
1186		-1.012500
1187		-1.387500
1188		-1.100000
1189		-0.456250
1190		-0.368750
1191		-0.631250
1192		-0.368750
1193		0.125000
1194		-0.543750
1195		-0.312500
1196		0.562500
1197		0.500000
1198		0.762500
1199		0.762500
1200		0.650000
1201		0.150000
1202		0.762500
1203		0.937500
1204		0.762500
1205		1.956250
1206		1.462500
1207		1.025000
1208		1.025000
1209		0.850000
1210		0.850000
1211		1.287500
1212		1.900000
1213		1.518750
1214		1.812500
1215		1.200000
1216		1.431250
1217		2.250000
1218		1.900000
1219		2.450000
1220		1.900000
1221		2.075000
1222		1.956250
1223		1.606250
1224		1.868750
1225		2.131250
1226		2.687500
1227		2.187500
1228		1.668750
1229		1.606250
1230		1.462500
1231		2.162500
1232		1.843750
1233		2.393750
1234		2.162500
1235		1.693750
1236		1.725000
1237		1.025000
1238		1.725000
1239		1.868750
1240		1.431250
1241		1.781250
1242		1.081250
1243		0.850000
1244		0.500000
1245		1.168750
1246		0.850000
1247		1.000000
1248		0.968750
1249		0.762500
1250		-0.137500
1251		0.150000
1252		0.387500
1253		0.412500
1254		0.500000
1255		0.443750
1256		0.356250
1257		0.212500
1258		-0.750000
1259		0.006250
1260		0.212500
1261		0.412500
1262		0.412500
1263		-0.368750
1264		0.150000
1265		-0.168750
1266		0.562500
1267		0.850000
1268		0.618750
1269		0.737500
1270		0.443750
1271		0.356250
1272		0.125000
1273		0.793750
1274		0.412500
1275		0.881250
1276		1.318750
1277		0.443750
1278		0.562500
1279		0.037500
1280		0.706250
1281		0.937500
1282		1.287500
1283		1.668750
1284		0.212500
1285		0.562500
1286		0.006250
1287		0.737500
1288		0.737500
1289		1.256250
1290		1.000000
1291		0.850000
1292		0.237500
1293		0.212500
1294		0.443750
1295		0.706250
1296		0.562500
1297		0.706250
1298		0.212500
1299		-0.137500
1300		-0.343750
1301		-0.168750
1302		-0.081250
1303		0.037500
1304		-0.225000
1305		-0.950000
1306		-1.212500
1307		-1.387500
1308		-1.331250
1309		-1.156250
1310		-1.362500
1311		-1.243750
1312		-2.000000
1313		-2.556250
1314		-3.137500
1315		-2.962500
1316		-2.468750
1317		-2.756250
1318		-2.875000
1319		-3.487500
1320		-3.918750
1321		-4.506250
1322		-4.006250
1323		-4.093750
1324		-3.918750
1325		-3.918750
1326		-4.737500
1327		-5.462500
1328		-5.375000
1329		-5.262500
1330		-5.087500
1331		-4.793750
1332		-5.175000
1333		-5.668750
1334		-5.518750
1335		-6.131250
1336		-5.843750
1337		-5.462500
1338		-5.318750
1339		-5.231250
1340		-5.637500
1341		-5.756250
1342		-6.043750
1343		-6.043750
1344		-5.668750
1345		-5.606250
1346		-5.637500
1347		-6.450000
1348		-6.481250
1349		-7.006250
1350		-6.687500
1351		-6.250000
1352		-6.337500
1353		-6.218750
1354		-7.181250
1355		-6.687500
1356		-7.587500
1357		-6.975000
1358		-7.062500
1359		-6.831250
1360		-7.006250
1361		-7.181250
1362		-7.731250
1363		-8.056250
1364		-7.556250
1365		-7.150000
1366		-6.887500
1367		-7.062500
1368		-7.468750
1369		-7.643750
1370		-7.993750
1371		-7.500000
1372		-7.150000
1373		-7.356250
1374		-6.712500
1375		-7.212500
1376		-7.150000
1377		-7.587500
1378		-6.918750
1379		-6.862500
1380		-6.481250
1381		-6.537500
1382		-6.600000
1383		-6.831250
1384		-7.093750
1385		-6.281250
1386		-5.868750
1387		-5.693750
1388		-5.406250
1389		-5.900000
1390		-5.756250
1391		-5.668750
1392		-5.112500
1393		-4.650000
1394		-4.531250
1395		-3.687500
1396		-4.331250
1397		-3.862500
1398		-4.212500
1399		-3.400000
1400		-2.756250
1401		-2.468750
1402		-2.000000
1403		-2.381250
1404		-2.031250
1405		-2.987500
1406		-1.856250
1407		-1.387500
1408		-0.781250
1409		-0.806250
1410		-1.156250
1411		-0.781250
1412		-1.387500
1413		-0.662500
1414		-0.137500
1415		-0.050000
1416		0.150000
1417		-0.431250
1418		-0.431250
1419		-0.106250
1420		0.125000
1421		0.212500
1422		0.562500
1423		0.268750
1424		-0.081250
1425		0.356250
1426		-0.225000
1427		0.412500
1428		0.531250
1429		0.587500
1430		0.762500
1431		0.412500
1432		0.268750
1433		-0.431250
1434		0.212500
1435		0.562500
1436		0.937500
1437		0.356250
1438		0.300000
1439		-0.168750
1440		-0.225000
1441		-0.168750
1442		0.500000
1443		0.356250
1444		0.068750
1445		-0.343750
1446		-0.368750
1447		-0.456250
1448		-0.662500
1449		-0.487500
1450		-0.281250
1451		-0.343750
1452		-0.718750
1453		-0.925000
1454		-1.187500
1455		-0.893750
1456		-0.487500
1457		-0.543750
1458		-0.950000
1459		-1.037500
1460		-1.300000
1461		-1.418750
1462		-1.100000
1463		-0.893750
1464		-0.431250
1465		-0.862500
1466		-1.387500
1467		-1.387500
1468		-1.737500
1469		-0.893750
1470		-0.862500
1471		-0.400000
1472		-0.950000
1473		-1.331250
1474		-1.450000
1475		-1.387500
1476		-0.837500
1477		-1.037500
1478		-0.781250
1479		-1.156250
1480		-1.418750
1481		-2.143750
1482		-2.143750
1483		-1.968750
1484		-1.593750
1485		-1.625000
1486		-1.912500
1487		-2.406250
1488		-2.643750
1489		-2.787500
1490		-2.700000
1491		-2.525000
1492		-2.143750
1493		-2.468750
1494		-3.137500
1495		-3.543750
1496		-3.337500
1497		-3.337500
1498		-2.725000
1499		-2.175000
1500		-2.843750
1501		-2.987500
1502		-3.137500
1503		-2.987500
1504		-2.318750
1505		-2.056250
1506		-1.881250
1507		-2.175000
1508		-2.437500
1509		-2.556250
1510		-2.493750
1511		-1.881250
1512		-1.450000
1513		-1.187500
1514		-1.681250
1515		-1.968750
1516		-2.493750
1517		-1.968750
1518		-2.143750
1519		-1.768750
1520		-1.650000
1521		-1.881250
1522		-1.968750
1523		-2.437500
1524		-2.556250
1525		-2.318750
1526		-2.031250
1527		-1.712500
1528		-2.262500
1529		-2.875000
1530		-3.137500
1531		-3.075000
1532		-2.962500
1533		-2.700000
1534		-2.812500
1535		-2.931250
1536		-3.600000
1537		-3.775000
1538		-3.368750
1539		-3.487500
1540		-2.875000
1541		-2.612500
1542		-3.656250
1543		-3.050000
1544		-3.950000
1545		-3.631250
1546		-3.543750
1547		-3.225000
1548		-2.756250
1549		-3.456250
1550		-3.718750
1551		-3.806250
1552		-3.918750
1553		-3.687500
1554		-3.281250
1555		-2.931250
1556		-3.806250
1557		-3.543750
1558		-4.212500
1559		-4.475000
1560		-4.068750
1561		-3.718750
1562		-3.337500
1563		-3.918750
1564		-4.156250
1565		-4.331250
1566		-4.475000
1567		-3.718750
1568		-3.600000
1569		-3.281250
1570		-3.631250
1571		-4.093750
1572		-4.125000
1573		-4.068750
1574		-3.718750
1575		-3.368750
1576		-2.875000
1577		-3.600000
1578		-3.425000
1579		-4.006250
1580		-3.718750
1581		-3.368750
1582		-3.193750
1583		-2.262500
1584		-3.487500
1585		-3.250000
1586		-4.068750
1587		-3.250000
1588		-3.137500
1589		-2.931250
1590		-2.643750
1591		-3.225000
1592		-3.337500
1593		-3.368750
1594		-3.400000
1595		-2.812500
1596		-2.700000
1597		-2.556250
1598		-2.843750
1599		-3.050000
1600		-3.225000
1601		-3.050000
1602		-2.468750
1603		-2.350000
1604		-1.768750
1605		-2.700000
1606		-2.406250
1607		-2.843750
1608		-2.812500
1609		-2.262500
1610		-2.031250
1611		-1.881250
1612		-2.206250
1613		-2.725000
1614		-2.700000
1615		-2.468750
1616		-2.406250
1617		-2.262500
1618		-1.881250
1619		-2.668750
1620		-3.075000
1621		-3.543750
1622		-3.225000
1623		-3.400000
1624		-3.162500
1625		-2.875000
1626		-3.806250
1627		-4.300000
1628		-4.531250
1629		-4.675000
1630		-4.156250
1631		-4.093750
1632		-3.950000
1633		-4.531250
1634		-4.618750
1635		-5.112500
1636		-5.637500
1637		-4.968750
1638		-4.968750
1639		-4.706250
1640		-5.231250
1641		-5.581250
1642		-6.043750
1643		-5.843750
1644		-5.350000
1645		-5.375000
1646		-4.825000
1647		-5.812500
1648		-5.868750
1649		-6.425000
1650		-6.450000
1651		-6.306250
1652		-5.931250
1653		-5.756250
1654		-6.368750
1655		-6.918750
1656		-6.656250
1657		-7.212500
1658		-6.712500
1659		-6.600000
1660		-6.337500
1661		-6.743750
1662		-7.125000
1663		-7.443750
1664		-7.412500
1665		-7.006250
1666		-6.862500
1667		-6.337500
1668		-6.712500
1669		-6.712500
1670		-6.918750
1671		-7.125000
1672		-6.368750
1673		-6.250000
1674		-6.018750
1675		-6.131250
1676		-6.743750
1677		-6.218750
1678		-7.037500
1679		-6.193750
1680		-5.637500
1681		-5.637500
1682		-5.668750
1683		-6.043750
1684		-6.131250
1685		-5.843750
1686		-5.462500
1687		-5.318750
1688		-4.706250
1689		-5.087500
1690		-5.025000
1691		-5.350000
1692		-5.518750
1693		-5.056250
1694		-4.793750
1695		-4.587500
1696		-4.300000
1697		-4.212500
1698		-4.706250
1699		-5.056250
1700		-4.418750
1701		-3.862500
1702		-3.487500
1703		-3.193750
1704		-3.656250
1705		-3.631250
1706		-3.718750
1707		-3.425000
1708		-3.162500
1709		-2.643750
1710		-2.612500
1711		-2.612500
1712		-2.843750
1713		-2.962500
1714		-2.787500
1715		-2.468750
1716		-2.143750
1717		-1.506250
1718		-2.056250
1719		-2.118750
1720		-2.206250
1721		-2.493750
1722		-1.450000
1723		-1.625000
1724		-1.125000
1725		-1.537500
1726		-1.968750
1727		-1.881250
1728		-2.231250
1729		-1.475000
1730		-1.475000
1731		-1.187500
1732		-1.593750
1733		-1.300000
1734		-2.056250
1735		-1.712500
1736		-1.300000
1737		-0.925000
1738		-0.518750
1739		-0.950000
1740		-0.950000
1741		-1.156250
1742		-1.331250
1743		-0.837500
1744		-0.487500
1745		-0.193750
1746		-0.137500
1747		-0.718750
1748		-0.662500
1749		-1.037500
1750		-0.168750
1751		0.037500
1752		0.268750
1753		0.387500
1754		0.181250
1755		-0.400000
1756		-0.950000
1757		-0.368750
1758		0.006250
1759		0.356250
1760		0.562500
1761		-0.168750
1762		-0.400000
1763		-0.456250
1764		-0.256250
1765		-0.050000
1766		0.268750
1767		0.587500
1768		-0.193750
1769		-0.281250
1770		-0.518750
1771		-0.312500
1772		-0.368750
1773		0.356250
1774		0.268750
1775		-0.256250
1776		-0.662500
1777		-0.806250
1778		-0.781250
1779		-0.575000
1780		-0.281250
1781		-0.050000
1782		-0.431250
1783		-0.693750
1784		-1.537500
1785		-1.300000
1786		-1.331250
1787		-0.950000
1788		-0.518750
1789		-0.750000
1790		-1.212500
1791		-1.681250
1792		-2.000000
1793		-1.418750
1794		-1.387500
1795		-1.125000
1796		-1.450000
1797		-1.506250
1798		-2.031250
1799		-2.293750
1800		-1.737500
1801		-1.475000
1802		-1.537500
1803		-1.362500
1804		-1.912500
1805		-2.143750
1806		-2.175000
1807		-2.206250
1808		-1.881250
1809		-1.650000
1810		-1.362500
1811		-2.056250
1812		-2.056250
1813		-2.406250
1814		-2.175000
1815		-2.087500
1816		-1.881250
1817		-1.475000
1818		-2.231250
1819		-2.581250
1820		-2.900000
1821		-2.787500
1822		-2.406250
1823		-2.406250
1824		-2.000000
1825		-1.825000
1826		-2.900000
1827		-2.987500
1828		-3.106250
1829		-2.987500
1830		-2.962500
1831		-2.756250
1832		-2.556250
1833		-3.312500
1834		-3.512500
1835		-3.512500
1836		-3.368750
1837		-3.137500
1838		-3.281250
1839		-2.987500
1840		-3.512500
1841		-3.656250
1842		-3.862500
1843		-3.806250
1844		-3.575000
1845		-3.075000
1846		-3.018750
1847		-3.918750
1848		-3.862500
1849		-4.093750
1850		-4.300000
1851		-3.487500
1852		-3.425000
1853		-3.225000
1854		-3.400000
1855		-3.631250
1856		-3.893750
1857		-4.068750
1858		-3.512500
1859		-3.250000
1860		-3.075000
1861		-3.137500
1862		-3.250000
1863		-3.806250
1864		-3.981250
1865		-3.368750
1866		-3.050000
1867		-3.137500
1868		-2.900000
1869		-3.050000
1870		-3.400000
1871		-3.543750
1872		-3.137500
1873		-3.106250
1874		-2.556250
1875		-2.556250
1876		-2.931250
1877		-3.193750
1878		-2.962500
1879		-2.875000
1880		-2.293750
1881		-2.468750
1882		-1.737500
1883		-2.206250
1884		-2.118750
1885		-2.318750
1886		-2.381250
1887		-1.825000
1888		-1.968750
1889		-1.418750
1890		-1.625000
1891		-2.143750
1892		-1.968750
1893		-2.700000
1894		-1.650000
1895		-1.475000
1896		-1.362500
1897		-1.475000
1898		-2.000000
1899		-2.206250
1900		-2.231250
1901		-1.737500
1902		-1.387500
1903		-1.562500
1904		-1.068750
1905		-1.562500
1906		-2.118750
1907		-2.175000
1908		-1.712500
1909		-1.212500
1910		-1.562500
1911		-0.925000
1912		-1.768750
1913		-1.712500
1914		-2.175000
1915		-2.118750
1916		-2.031250
1917		-1.475000
1918		-1.100000
1919		-1.300000
1920		-1.187500
1921		-1.625000
1922		-2.175000
1923		-1.275000
1924		-1.243750
1925		-0.806250
1926		-0.950000
1927		-1.737500
1928		-1.625000
1929		-1.681250
1930		-1.300000
1931		-1.012500
1932		-1.243750
1933		-0.518750
1934		-0.950000
1935		-1.037500
1936		-2.087500
1937		-0.693750
1938		-0.862500
1939		-0.781250
1940		-0.312500
1941		-1.125000
1942		-1.331250
1943		-1.712500
1944		-1.275000
1945		-1.243750
1946		-0.862500
1947		-0.806250
1948		-1.125000
1949		-1.387500
1950		-1.793750
1951		-1.593750
1952		-1.243750
1953		-1.331250
1954		-0.862500
1955		-1.212500
1956		-1.712500
1957		-1.737500
1958		-2.318750
1959		-1.450000
1960		-1.562500
1961		-1.187500
1962		-1.387500
1963		-1.881250
1964		-1.912500
1965		-2.381250
1966		-2.056250
1967		-1.768750
1968		-1.387500
1969		-1.881250
1970		-1.712500
1971		-2.525000
1972		-2.318750
1973		-2.318750
1974		-2.206250
1975		-2.175000
1976		-1.681250
1977		-2.350000
1978		-2.525000
1979		-2.668750
1980		-2.725000
1981		-2.262500
1982		-2.031250
1983		-1.362500
1984		-2.056250
1985		-2.406250
1986		-2.668750
1987		-2.643750
1988		-2.493750
1989		-2.143750
1990		-1.562500
1991		-1.537500
1992		-1.912500
1993		-2.493750
1994		-2.700000
1995		-2.350000
1996		-1.593750
1997		-1.450000
1998		-1.387500
1999		-1.856250
2000		-2.175000
2001		-1.856250
2002		-1.912500
2003		-1.450000
2004		-1.418750
2005		-1.012500
2006		-1.243750
2007		-1.912500
2008		-1.881250
2009		-1.881250
2010		-1.712500
2011		-1.187500
2012		-0.862500
2013		-1.100000
2014		-1.331250
2015		-1.275000
2016		-1.881250
2017		-1.331250
2018		-0.718750
2019		-0.631250
2020		-0.575000
2021		-1.125000
2022		-1.012500
2023		-1.625000
2024		-0.456250
2025		-0.518750
2026		-0.606250
2027		0.268750
2028		0.300000
2029		-0.606250
2030		-0.925000
2031		-1.562500
2032		-1.012500
2033		0.068750
2034		0.181250
2035		-0.281250
2036		-0.193750
2037		-0.862500
2038		-0.225000
2039		0.125000
2040		0.412500
2041		0.475000
2042		0.443750
2043		0.068750
2044		0.068750
2045		-0.368750
2046		0.412500
2047		0.587500
2048		0.762500
2049		0.587500
2050		0.443750
2051		0.675000
2052		0.093750
2053		0.587500
2054		0.706250
2055		0.968750
2056		1.318750
2057		0.825000
2058		0.850000
2059		0.650000
2060		0.587500
2061		0.850000
2062		1.000000
2063		1.318750
2064		1.081250
2065		0.650000
2066		0.650000
2067		0.412500
2068		1.025000
2069		1.000000
2070		1.287500
2071		1.318750
2072		1.081250
2073		0.675000
2074		0.500000
2075		0.793750
2076		1.143750
2077		1.231250
2078		1.375000
2079		1.168750
2080		0.650000
2081		0.356250
2082		0.793750
2083		1.000000
2084		1.081250
2085		1.343750
2086		1.168750
2087		0.500000
2088		1.000000
2089		0.475000
2090		1.143750
2091		1.318750
2092		1.200000
2093		0.825000
2094		0.300000
2095		0.268750
2096		0.475000
2097		0.356250
2098		0.793750
2099		1.025000
2100		0.968750
2101		0.475000
2102		0.212500
2103		-0.137500
2104		0.356250
2105		0.475000
2106		0.675000
2107		0.412500
2108		0.150000
2109		-0.018750
2110		-0.606250
2111		0.068750
2112		0.125000
2113		0.650000
2114		0.562500
2115		0.475000
2116		0.150000
2117		-0.368750
2118		-0.018750
2119		0.412500
2120		0.300000
2121		1.168750
2122		0.675000
2123		0.587500
2124		-0.018750
2125		0.006250
2126		0.068750
2127		0.325000
2128		0.443750
2129		0.618750
2130		0.237500
2131		-0.225000
2132		0.150000
2133		0.181250
2134		0.181250
2135		0.562500
2136		0.937500
2137		0.675000
2138		0.068750
2139		-0.343750
2140		0.125000
2141		0.325000
2142		0.618750
2143		0.650000
2144		0.268750
2145		0.150000
2146		0.300000
2147		-0.225000
2148		0.268750
2149		0.650000
2150		1.025000
2151		0.793750
2152		0.268750
2153		0.412500
2154		0.006250
2155		0.125000
2156		0.356250
2157		0.387500
2158		0.125000
2159		-0.018750
2160		-0.837500
2161		-0.981250
2162		-0.662500
2163		-0.718750
2164		-1.156250
2165		-0.781250
2166		-1.331250
2167		-1.593750
2168		-1.968750
2169		-1.968750
2170		-1.537500
2171		-1.331250
2172		-0.693750
2173		-1.331250
2174		-1.562500
2175		-1.650000
2176		-1.912500
2177		-1.156250
2178		-1.187500
2179		-0.168750
2180		-0.168750
2181		-0.518750
2182		-0.431250
2183		-1.012500
2184		0.006250
2185		0.562500
2186		0.706250
2187		1.112500
2188		0.825000
2189		0.325000
2190		0.006250
2191		0.587500
2192		0.825000
2193		1.200000
2194		1.287500
2195		0.881250
2196		0.675000
2197		0.181250
2198		0.150000
2199		0.387500
2200		0.618750
2201		0.706250
2202		0.500000
2203		-0.081250
2204		-0.431250
2205		-0.750000
2206		-0.256250
2207		-0.312500
2208		-0.256250
2209		-0.106250
2210		-0.256250
2211		-0.837500
2212		-0.950000
2213		-0.137500
2214		0.125000
2215		0.562500
2216		0.675000
2217		0.268750
2218		0.068750
2219		0.125000
2220		0.650000
2221		0.912500
2222		1.231250
2223		1.693750
2224		1.493750
2225		0.912500
2226		0.737500
2227		1.231250
2228		1.143750
2229		1.406250
2230		1.843750
2231		1.231250
2232		0.850000
2233		0.675000
2234		0.125000
2235		0.412500
2236		0.125000
2237		0.037500
2238		-0.312500
2239		-0.893750
2240		-1.156250
2241		-1.737500
2242		-1.650000
2243		-1.681250
2244		-1.537500
2245		-1.387500
2246		-2.262500
2247		-2.468750
2248		-2.931250
2249		-2.812500
2250		-2.725000
2251		-2.812500
2252		-2.175000
2253		-2.987500
2254		-3.281250
2255		-4.006250
2256		-3.775000
2257		-4.037500
2258		-3.600000
2259		-3.400000
2260		-4.068750
2261		-4.331250
2262		-4.587500
2263		-4.793750
2264		-4.443750
2265		-4.356250
2266		-3.918750
2267		-4.300000
2268		-4.243750
2269		-4.531250
2270		-4.618750
2271		-4.212500
2272		-3.687500
2273		-3.512500
2274		-3.162500
2275		-3.250000
2276		-3.487500
2277		-3.656250
2278		-3.456250
2279		-2.725000
2280		-2.350000
2281		-2.318750
2282		-2.118750
2283		-2.318750
2284		-2.668750
2285		-2.262500
2286		-2.118750
2287		-1.825000
2288		-1.537500
2289		-1.793750
2290		-2.206250
2291		-2.406250
2292		-2.900000
2293		-2.843750
2294		-1.593750
2295		-2.118750
2296		-2.206250
2297		-2.581250
2298		-2.900000
2299		-3.575000
2300		-3.018750
2301		-2.350000
2302		-2.318750
2303		-1.825000
2304		-2.318750
2305		-2.318750
2306		-2.031250
2307		-2.175000
2308		-1.187500
2309		-1.068750
2310		-0.718750
2311		-0.518750
2312		-0.431250
2313		-0.193750
2314		0.125000
2315		0.937500
2316		1.231250
2317		1.756250
2318		1.756250
2319		2.075000
2320		2.275000
2321		2.162500
2322		2.943750
2323		3.268750
2324		3.762500
2325		3.906250
2326		3.587500
2327		3.731250
2328		3.118750
2329		4.137500
2330		4.225000
2331		4.343750
2332		4.550000
2333		4.225000
2334		4.081250
2335		3.850000
2336		3.993750
2337		3.937500
2338		3.993750
2339		4.662500
2340		4.050000
2341		3.818750
2342		3.293750
2343		3.356250
2344		3.118750
2345		3.412500
2346		3.675000
2347		2.337500
2348		2.600000
2349		2.100000
2350		1.693750
2351		1.931250
2352		1.987500
2353		2.100000
2354		1.637500
2355		1.431250
2356		0.850000
2357		0.443750
2358		0.650000
2359		0.793750
2360		0.850000
2361		0.968750
2362		0.125000
2363		-0.137500
2364		-0.456250
2365		-0.431250
2366		-0.281250
2367		-0.106250
2368		-0.400000
2369		-0.662500
2370		-0.806250
2371		-0.606250
2372		-0.662500
2373		-0.456250
2374		-0.368750
2375		-0.168750
2376		-0.456250
2377		-0.750000
2378		-0.925000
2379		-0.862500
2380		-0.750000
2381		-0.575000
2382		0.125000
2383		-0.256250
2384		-0.806250
2385		-0.750000
2386		-1.243750
2387		-0.606250
2388		-0.431250
2389		-0.518750
2390		-0.431250
2391		-0.862500
2392		-0.806250
2393		-1.243750
2394		-0.925000
2395		-0.518750
2396		-0.312500
2397		-0.312500
2398		-0.431250
2399		-0.981250
2400		-0.862500
2401		-0.950000
2402		-0.431250
2403		-0.168750
2404		0.618750
2405		0.037500
2406		-0.168750
2407		-0.050000
2408		-0.518750
2409		0.387500
2410		0.618750
2411		1.025000
2412		1.025000
2413		0.881250
2414		0.212500
2415		0.325000
2416		1.200000
2417		1.143750
2418		1.756250
2419		1.581250
2420		1.318750
2421		1.168750
2422		0.850000
2423		1.343750
2424		1.462500
2425		2.337500
2426		1.606250
2427		1.375000
2428		1.143750
2429		0.562500
2430		1.256250
2431		1.318750
2432		1.581250
2433		2.162500
2434		1.462500
2435		1.287500
2436		1.143750
2437		1.143750
2438		1.256250
2439		1.318750
2440		2.075000
2441		1.668750
2442		1.637500
2443		1.168750
2444		1.431250
2445		1.318750
2446		1.518750
2447		1.606250
2448		1.606250
2449		1.168750
2450		1.000000
2451		0.881250
2452		1.081250
2453		0.793750
2454		1.112500
2455		1.143750
2456		0.793750
2457		0.150000
2458		-0.456250
2459		-0.343750
2460		-0.456250
2461		0.181250
2462		-0.225000
2463		-0.343750
2464		-0.893750
2465		-1.387500
2466		-1.506250
2467		-1.300000
2468		-1.125000
2469		-0.862500
2470		-1.243750
2471		-1.681250
2472		-1.943750
2473		-1.712500
2474		-1.681250
2475		-1.562500
2476		-1.300000
2477		-1.506250
2478		-2.031250
2479		-1.737500
2480		-1.968750
2481		-2.031250
2482		-1.562500
2483		-1.562500
2484		-1.537500
2485		-1.537500
2486		-1.793750
2487		-1.793750
2488		-1.650000
2489		-1.387500
2490		-1.450000
2491		-1.362500
2492		-1.593750
2493		-1.650000
2494		-2.175000
2495		-1.737500
2496		-1.450000
2497		-1.562500
2498		-0.950000
2499		-1.475000
2500		-1.593750
2501		-1.537500
2502		-1.712500
2503		-0.893750
2504		-1.300000
2505		-0.718750
2506		-0.893750
2507		-1.475000
2508		-1.187500
2509		-1.506250
2510		-0.950000
2511		-0.400000
2512		-0.518750
2513		-0.487500
2514		-0.718750
2515		-0.750000
2516		-1.012500
2517		-0.368750
2518		-0.312500
2519		0.037500
2520		0.356250
2521		0.150000
2522		0.412500
2523		-0.168750
2524		0.443750
2525		1.112500
2526		0.850000
2527		1.431250
2528		0.881250
2529		0.912500
2530		0.181250
2531		0.793750
2532		1.343750
2533		1.637500
2534		1.868750
2535		1.900000
2536		1.518750
2537		1.518750
2538		1.493750
2539		1.606250
2540		2.306250
2541		2.450000
2542		2.306250
2543		2.043750
2544		2.012500
2545		1.781250
2546		2.012500
2547		2.187500
2548		2.425000
2549		2.075000
2550		1.756250
2551		2.043750
2552		1.693750
2553		1.868750
2554		1.781250
2555		2.337500
2556		2.306250
2557		1.606250
2558		1.143750
2559		0.618750
2560		1.143750
2561		1.318750
2562		1.081250
2563		1.756250
2564		1.000000
2565		0.500000
2566		0.325000
2567		0.300000
2568		0.412500
2569		0.212500
2570		0.706250
2571		0.006250
2572		-0.106250
2573		-0.518750
2574		-0.575000
2575		-0.543750
2576		-0.343750
2577		-0.081250
2578		-0.312500
2579		-0.693750
2580		-0.806250
2581		-1.156250
2582		-1.012500
2583		-1.012500
2584		-0.456250
2585		-0.518750
2586		-1.012500
2587		-0.862500
2588		-1.156250
2589		-1.100000
2590		-0.781250
2591		-0.718750
2592		-0.662500
2593		-1.100000
2594		-1.187500
2595		-1.387500
2596		-1.068750
2597		-1.125000
2598		-0.950000
2599		-0.950000
2600		-1.037500
2601		-0.981250
2602		-1.362500
2603		-0.950000
2604		-1.068750
2605		-0.456250
2606		-0.431250
2607		-0.893750
2608		-1.243750
2609		-1.212500
2610		-1.537500
2611		-0.662500
2612		-0.718750
2613		-0.106250
2614		-0.606250
2615		-0.693750
2616		-0.806250
2617		-0.837500
2618		-0.400000
2619		-0.168750
2620		0.325000
2621		0.325000
2622		0.125000
2623		-0.662500
2624		0.562500
2625		0.150000
2626		0.268750
2627		0.706250
2628		1.056250
2629		0.562500
2630		0.850000
2631		0.443750
2632		0.706250
2633		1.143750
2634		1.581250
2635		1.756250
2636		1.756250
2637		1.518750
2638		1.375000
2639		1.781250
2640		2.100000
2641		1.812500
2642		2.687500
2643		2.450000
2644		2.337500
2645		1.931250
2646		2.162500
2647		2.425000
2648		2.537500
2649		2.918750
2650		2.481250
2651		2.600000
2652		2.481250
2653		2.481250
2654		2.306250
2655		3.062500
2656		3.268750
2657		2.743750
2658		2.943750
2659		2.600000
2660		2.362500
2661		2.775000
2662		3.062500
2663		3.325000
2664		2.831250
2665		2.831250
2666		2.450000
2667		1.781250
2668		2.537500
2669		2.481250
2670		2.537500
2671		2.831250
2672		2.450000
2673		2.218750
2674		2.100000
2675		2.075000
2676		2.162500
2677		2.250000
2678		2.100000
2679		2.100000
2680		1.406250
2681		1.200000
2682		1.431250
2683		2.481250
2684		1.781250
2685		2.306250
2686		1.868750
2687		1.000000
2688		1.287500
2689		0.737500
2690		1.287500
2691		1.081250
2692		1.900000
2693		1.550000
2694		0.881250
2695		1.025000
2696		0.500000
2697		0.650000
2698		1.025000
2699		0.587500
2700		0.912500
2701		0.706250
2702		0.325000
2703		0.068750
2704		0.068750
2705		0.587500
2706		0.500000
2707		0.650000
2708		0.181250
2709		-0.431250
2710		-0.718750
2711		0.150000
2712		0.443750
2713		-0.106250
2714		0.443750
2715		0.150000
2716		-0.281250
2717		-0.281250
2718		-0.312500
2719		-0.225000
2720		0.237500
2721		0.325000
2722		0.325000
2723		-0.081250
2724		0.212500
2725		0.037500
2726		0.387500
2727		0.356250
2728		1.168750
2729		0.825000
2730		0.150000
2731		0.531250
2732		0.356250
2733		1.143750
2734		1.025000
2735		1.287500
2736		1.581250
2737		1.143750
2738		1.081250
2739		0.387500
2740		1.431250
2741		1.287500
2742		1.606250
2743		2.100000
2744		1.462500
2745		1.637500
2746		1.081250
2747		1.518750
2748		1.637500
2749		1.868750
2750		2.306250
2751		1.900000
2752		1.781250
2753		1.693750
2754		1.375000
2755		2.043750
2756		2.625000
2757		2.537500
2758		2.075000
2759		1.868750
2760		1.668750
2761		1.868750
2762		2.187500
2763		2.250000
2764		2.450000
2765		2.162500
2766		2.043750
2767		1.550000
2768		1.431250
2769		1.956250
2770		1.725000
2771		1.956250
2772		1.668750
2773		1.231250
2774		1.287500
2775		1.000000
2776		1.000000
2777		1.581250
2778		1.781250
2779		1.112500
2780		1.168750
2781		0.937500
2782		0.650000
2783		0.737500
2784		1.081250
2785		1.143750
2786		1.287500
2787		0.937500
2788		0.737500
2789		0.412500
2790		1.081250
2791		1.025000
2792		1.462500
2793		1.462500
2794		1.056250
2795		0.881250
2796		0.706250
2797		1.000000
2798		1.000000
2799		0.825000
2800		1.287500
2801		1.143750
2802		0.650000
2803		0.650000
2804		0.412500
2805		0.675000
2806		0.443750
2807		1.000000
2808		0.937500
2809		0.675000
2810		0.356250
2811		-0.081250
2812		0.300000
2813		0.300000
2814		0.562500
2815		0.300000
2816		0.093750
2817		-0.456250
2818		-0.256250
2819		0.125000
2820		0.268750
2821		0.500000
2822		0.412500
2823		-0.168750
2824		-0.081250
2825		-0.456250
2826		-0.662500
2827		0.150000
2828		0.068750
2829		0.150000
2830		-0.456250
2831		-0.662500
2832		-0.950000
2833		-0.487500
2834		-0.168750
2835		-0.456250
2836		-0.431250
2837		-0.518750
2838		-0.806250
2839		-1.037500
2840		-0.750000
2841		-0.950000
2842		-0.543750
2843		-0.193750
2844		-0.718750
2845		-0.662500
2846		-0.925000
2847		-0.631250
2848		-0.575000
2849		-0.281250
2850		-0.050000
2851		-0.256250
2852		-0.312500
2853		-0.368750
2854		-0.456250
2855		0.068750
2856		0.212500
2857		0.412500
2858		0.912500
2859		0.650000
2860		-0.018750
2861		0.212500
2862		0.793750
2863		0.793750
2864		1.375000
2865		1.318750
2866		1.025000
2867		0.825000
2868		0.706250
2869		1.200000
2870		1.231250
2871		1.431250
2872		1.318750
2873		0.881250
2874		0.937500
2875		0.412500
2876		1.256250
2877		1.231250
2878		0.850000
2879		0.850000
2880		0.412500
2881		0.268750
2882		-0.081250
2883		-0.018750
2884		0.443750
2885		0.125000
2886		0.793750
2887		0.356250
2888		-0.081250
2889		-0.081250
2890		0.006250
2891		0.212500
2892		0.181250
2893		0.825000
2894		0.618750
2895		0.300000
2896		0.068750
2897		0.212500
2898		0.443750
2899		0.650000
2900		1.000000
2901		0.793750
2902		0.500000
2903		0.737500
2904		0.618750
2905		0.793750
2906		1.081250
2907		1.493750
2908		1.431250
2909		0.881250
2910		0.881250
2911		0.912500
2912		1.000000
2913		1.431250
2914		1.900000
2915		1.668750
2916		1.256250
2917		1.637500
2918		1.081250
2919		1.287500
2920		1.725000
2921		2.100000
2922		2.625000
2923		1.668750
2924		1.693750
2925		1.431250
2926		1.843750
2927		2.043750
2928		2.218750
2929		2.625000
2930		2.393750
2931		2.131250
2932		1.637500
2933		2.043750
2934		2.187500
2935		2.600000
2936		2.393750
2937		2.625000
2938		1.900000
2939		1.725000
2940		1.987500
2941		2.162500
2942		2.275000
2943		2.625000
2944		2.218750
2945		1.931250
2946		1.637500
2947		1.725000
2948		1.931250
2949		1.900000
2950		2.275000
2951		2.043750
2952		2.012500
2953		2.012500
2954		1.518750
2955		1.581250
2956		2.043750
2957		2.012500
2958		1.931250
2959		1.868750
2960		1.518750
2961		1.200000
2962		1.581250
2963		1.431250
2964		1.518750
2965		1.581250
2966		0.825000
2967		0.737500
2968		0.300000
2969		0.618750
2970		0.356250
2971		0.650000
2972		0.531250
2973		-0.081250
2974		-0.750000
2975		-1.125000
2976		-0.718750
2977		-0.662500
2978		-1.012500
2979		-0.862500
2980		-1.187500
2981		-1.300000
2982		-1.387500
2983		-1.362500
2984		-0.893750
2985		-0.750000
2986		-0.487500
2987		-0.281250
2988		-0.400000
2989		-0.368750
2990		0.125000
2991		0.562500
2992		1.000000
2993		1.756250
2994		1.375000
2995		1.231250
2996		1.462500
2997		1.756250
2998		1.900000
2999		2.306250
3000		2.743750
3001		2.450000
3002		2.218750
3003		2.012500
3004		1.143750
3005		1.581250
3006		1.518750
3007		1.581250
3008		1.000000
3009		0.037500
3010		-0.456250
3011		-1.012500
3012		-1.362500
3013		-1.881250
3014		-1.825000
3015		-1.943750
3016		-2.350000
3017		-2.900000
3018		-3.162500
3019		-4.125000
3020		-2.700000
3021		-2.643750
3022		-2.406250
3023		-2.643750
3024		-2.787500
3025		-3.018750
3026		-2.406250
3027		-2.581250
3028		-1.450000
3029		-0.806250
3030		-0.893750
3031		-0.693750
3032		-0.606250
3033		-0.106250
3034		0.387500
3035		0.650000
3036		0.500000
3037		0.500000
3038		-0.193750
3039		-0.256250
3040		-0.193750
3041		-0.718750
3042		-0.662500
3043		-0.456250
3044		-1.625000
3045		-2.118750
3046		-2.756250
3047		-3.806250
3048		-3.718750
3049		-3.981250
3050		-3.512500
3051		-4.387500
3052		-5.287500
3053		-5.437500
3054		-6.162500
3055		-5.637500
3056		-5.781250
3057		-5.175000
3058		-5.406250
3059		-5.868750
3060		-5.900000
3061		-6.043750
3062		-5.231250
3063		-5.056250
3064		-4.212500
3065		-4.006250
3066		-3.775000
3067		-3.918750
3068		-3.575000
3069		-3.106250
3070		-2.468750
3071		-1.737500
3072		-1.793750
3073		-1.768750
3074		-1.593750
3075		-2.318750
3076		-1.300000
3077		-0.950000
3078		-0.312500
3079		0.300000
3080		-1.300000
3081		-0.368750
3082		-0.750000
3083		0.068750
3084		0.500000
3085		0.650000
3086		1.287500
3087		1.056250
3088		1.462500
3089		1.318750
3090		1.637500
3091		2.275000
3092		2.800000
3093		3.118750
3094		3.062500
3095		3.793750
3096		2.887500
3097		3.675000
3098		4.025000
3099		4.462500
3100		5.131250
3101		4.606250
3102		4.925000
3103		4.518750
3104		5.012500
3105		4.868750
3106		4.868750
3107		5.100000
3108		5.156250
3109		4.375000
3110		4.343750
3111		3.993750
3112		4.287500
3113		4.431250
3114		4.725000
3115		5.012500
3116		4.781250
3117		4.637500
3118		4.662500
3119		5.481250
3120		5.800000
3121		6.293750
3122		6.087500
3123		6.643750
3124		6.412500
3125		6.412500
3126		7.368750
3127		7.518750
3128		8.300000
3129		8.275000
3130		8.387500
3131		8.418750
3132		8.618750
3133		8.593750
3134		9.087500
3135		9.293750
3136		9.381250
3137		8.593750
3138		8.012500
3139		7.487500
3140		7.981250
3141		7.518750
3142		7.343750
3143		7.256250
3144		6.118750
3145		5.800000
3146		5.156250
3147		5.243750
3148		4.781250
3149		4.487500
3150		4.806250
3151		4.112500
3152		3.618750
3153		3.181250
3154		3.268750
3155		3.500000
3156		3.118750
3157		3.556250
3158		2.775000
3159		2.775000
3160		2.512500
3161		2.918750
3162		3.118750
3163		3.500000
3164		3.268750
3165		3.468750
3166		2.712500
3167		2.512500
3168		2.393750
3169		3.006250
3170		3.293750
3171		3.293750
3172		2.687500
3173		2.537500
3174		2.512500
3175		1.725000
3176		1.931250
3177		2.162500
3178		2.393750
3179		1.931250
3180		1.781250
3181		1.606250
3182		1.493750
3183		1.756250
3184		2.100000
3185		2.450000
3186		2.187500
3187		2.043750
3188		2.075000
3189		1.812500
3190		2.425000
3191		2.450000
3192		3.150000
3193		3.268750
3194		3.150000
3195		3.150000
3196		2.918750
3197		3.468750
3198		3.906250
3199		3.937500
3200		4.462500
3201		3.618750
3202		3.731250
3203		3.468750
3204		3.412500
3205		3.556250
3206		3.762500
3207		3.356250
3208		2.943750
3209		2.075000
3210		1.256250
3211		1.693750
3212		1.693750
3213		1.168750
3214		1.231250
3215		0.443750
3216		0.006250
3217		-0.431250
3218		-0.750000
3219		-0.950000
3220		-0.981250
3221		-0.750000
3222		-1.712500
3223		-1.856250
3224		-2.262500
3225		-3.018750
3226		-2.643750
3227		-2.556250
3228		-2.493750
3229		-2.900000
3230		-3.775000
3231		-3.487500
3232		-4.125000
3233		-3.512500
3234		-3.775000
3235		-3.225000
3236		-3.981250
3237		-4.881250
3238		-4.387500
3239		-5.231250
3240		-4.331250
3241		-4.243750
3242		-4.418750
3243		-4.387500
3244		-4.937500
3245		-5.112500
3246		-5.262500
3247		-5.231250
3248		-5.231250
3249		-4.881250
3250		-5.056250
3251		-5.606250
3252		-5.843750
3253		-6.043750
3254		-5.025000
3255		-6.800000
3256		-5.518750
3257		-5.262500
3258		-5.900000
3259		-6.162500
3260		-6.162500
3261		-6.131250
3262		-6.393750
3263		-4.850000
3264		-5.756250
3265		-5.756250
3266		-5.668750
3267		-6.281250
3268		-5.375000
3269		-5.231250
3270		-4.587500
3271		-4.762500
3272		-4.650000
3273		-5.318750
3274		-4.850000
3275		-4.387500
3276		-4.068750
3277		-3.687500
3278		-3.718750
3279		-3.862500
3280		-3.806250
3281		-4.387500
3282		-3.312500
3283		-2.900000
3284		-2.206250
3285		-1.912500
3286		-2.468750
3287		-2.406250
3288		-2.668750
3289		-2.056250
3290		-1.537500
3291		-1.387500
3292		-1.012500
3293		-1.125000
3294		-1.100000
3295		-1.300000
3296		-1.012500
3297		-0.662500
3298		0.562500
3299		0.125000
3300		0.356250
3301		-0.081250
3302		-0.168750
3303		-0.018750
3304		-0.050000
3305		1.112500
3306		0.912500
3307		0.356250
3308		0.068750
3309		-0.018750
3310		-0.168750
3311		0.237500
3312		-0.050000
3313		0.412500
3314		-0.193750
3315		-0.518750
3316		-0.606250
3317		-1.068750
3318		-0.837500
3319		-0.693750
3320		-0.168750
3321		-0.431250
3322		-0.862500
3323		-1.331250
3324		-1.300000
3325		-1.037500
3326		-0.981250
3327		-0.750000
3328		-0.718750
3329		-0.981250
3330		-0.925000
3331		-1.125000
3332		-0.606250
3333		-0.487500
3334		0.125000
3335		0.150000
3336		-0.193750
3337		-0.018750
3338		-0.343750
3339		0.212500
3340		0.268750
3341		0.650000
3342		1.025000
3343		0.443750
3344		0.562500
3345		0.387500
3346		0.675000
3347		0.937500
3348		0.881250
3349		0.737500
3350		0.443750
3351		0.325000
3352		-0.225000
3353		0.325000
3354		0.181250
3355		0.587500
3356		0.268750
3357		-0.312500
3358		-0.456250
3359		-1.243750
3360		-0.631250
3361		-0.312500
3362		-0.225000
3363		-0.543750
3364		-1.300000
3365		-1.825000
3366		-1.912500
3367		-1.912500
3368		-2.087500
3369		-1.793750
3370		-1.737500
3371		-2.118750
3372		-2.525000
3373		-2.787500
3374		-2.843750
3375		-2.643750
3376		-2.843750
3377		-2.643750
3378		-2.668750
3379		-3.225000
3380		-3.512500
3381		-3.368750
3382		-3.018750
3383		-2.931250
3384		-2.787500
3385		-3.337500
3386		-3.018750
3387		-3.281250
3388		-3.337500
3389		-2.493750
3390		-2.118750
3391		-2.350000
3392		-2.118750
3393		-2.406250
3394		-2.318750
3395		-2.087500
3396		-1.793750
3397		-1.275000
3398		-0.750000
3399		-0.862500
3400		-1.100000
3401		-1.037500
3402		-0.806250
3403		-0.400000
3404		-0.168750
3405		0.825000
3406		0.475000
3407		0.300000
3408		0.562500
3409		0.181250
3410		0.706250
3411		1.431250
3412		1.637500
3413		1.462500
3414		1.256250
3415		0.937500
3416		0.825000
3417		1.406250
3418		1.318750
3419		1.581250
3420		1.168750
3421		1.081250
3422		0.793750
3423		0.706250
3424		0.912500
3425		0.562500
3426		1.200000
3427		1.081250
3428		0.587500
3429		0.125000
3430		-0.368750
3431		0.300000
3432		0.618750
3433		0.706250
3434		0.737500
3435		0.562500
3436		0.650000
3437		0.150000
3438		0.825000
3439		1.431250
3440		1.025000
3441		1.375000
3442		1.112500
3443		0.737500
3444		0.531250
3445		0.850000
3446		1.081250
3447		1.725000
3448		1.581250
3449		1.375000
3450		1.375000
3451		1.081250
3452		1.550000
3453		1.550000
3454		2.162500
3455		2.393750
3456		2.012500
3457		1.550000
3458		1.431250
3459		1.843750
3460		1.781250
3461		2.043750
3462		2.043750
3463		1.956250
3464		1.287500
3465		1.462500
3466		1.431250
3467		1.781250
3468		2.012500
3469		2.131250
3470		1.637500
3471		1.406250
3472		0.937500
3473		1.287500
3474		1.431250
3475		1.581250
3476		1.143750
3477		1.025000
3478		0.356250
3479		0.150000
3480		0.006250
3481		-0.137500
3482		0.212500
3483		0.068750
3484		-0.106250
3485		-1.012500
3486		-0.750000
3487		-0.981250
3488		-1.187500
3489		-0.950000
3490		-0.575000
3491		-1.768750
3492		-2.031250
3493		-3.106250
3494		-2.381250
3495		-2.643750
3496		-2.231250
3497		-2.143750
3498		-3.162500
3499		-3.075000
3500		-3.487500
3501		-3.831250
3502		-3.337500
3503		-3.312500
3504		-3.075000
3505		-3.743750
3506		-4.243750
3507		-4.618750
3508		-4.331250
3509		-4.156250
3510		-4.068750
3511		-3.718750
3512		-4.650000
3513		-4.825000
3514		-4.825000
3515		-5.087500
3516		-4.937500
3517		-4.912500
3518		-4.387500
3519		-4.531250
3520		-5.087500
3521		-5.025000
3522		-5.437500
3523		-4.937500
3524		-4.706250
3525		-4.675000
3526		-4.737500
3527		-5.112500
3528		-4.968750
3529		-4.968750
3530		-5.087500
3531		-4.650000
3532		-4.212500
3533		-4.587500
3534		-4.675000
3535		-4.850000
3536		-5.025000
3537		-4.793750
3538		-4.181250
3539		-4.156250
3540		-4.300000
3541		-4.506250
3542		-4.937500
3543		-4.825000
3544		-4.356250
3545		-4.068750
3546		-4.006250
3547		-4.331250
3548		-4.706250
3549		-5.231250
3550		-5.231250
3551		-4.618750
3552		-4.506250
3553		-4.562500
3554		-4.881250
3555		-5.000000
3556		-5.518750
3557		-5.318750
3558		-4.912500
3559		-4.850000
3560		-4.587500
3561		-4.825000
3562		-4.881250
3563		-5.262500
3564		-5.406250
3565		-4.937500
3566		-4.937500
3567		-4.506250
3568		-4.793750
3569		-5.025000
3570		-4.531250
3571		-5.112500
3572		-4.300000
3573		-4.300000
3574		-3.950000
3575		-4.068750
3576		-4.418750
3577		-3.981250
3578		-4.475000
3579		-3.718750
3580		-3.862500
3581		-3.656250
3582		-3.456250
3583		-3.487500
3584		-3.631250
3585		-3.775000
3586		-3.862500
3587		-2.700000
3588		-2.756250
3589		-2.406250
3590		-2.700000
3591		-2.756250
3592		-2.756250
3593		-2.318750
3594		-1.793750
3595		-1.625000
3596		-1.387500
3597		-1.593750
3598		-2.581250
3599		-2.056250
3600		-1.475000
3601		-1.012500
3602		-0.781250
3603		-0.806250
3604		-1.212500
3605		-1.037500
3606		-1.625000
3607		-0.950000
3608		-1.037500
3609		-0.950000
3610		-0.575000
3611		-1.243750
3612		-1.943750
3613		-1.881250
3614		-1.625000
3615		-1.625000
3616		-1.768750
3617		-1.387500
3618		-2.118750
3619		-2.206250
3620		-3.050000
3621		-2.406250
3622		-2.525000
3623		-2.143750
3624		-2.000000
3625		-2.756250
3626		-3.137500
3627		-3.600000
3628		-3.193750
3629		-2.843750
3630		-3.075000
3631		-2.468750
3632		-3.075000
3633		-2.931250
3634		-3.281250
3635		-3.425000
3636		-2.900000
3637		-2.556250
3638		-2.350000
3639		-2.318750
3640		-2.350000
3641		-2.900000
3642		-2.900000
3643		-2.437500
3644		-2.143750
3645		-2.000000
3646		-1.968750
3647		-2.175000
3648		-2.612500
3649		-2.350000
3650		-2.143750
3651		-1.768750
3652		-1.300000
3653		-1.856250
3654		-2.118750
3655		-2.612500
3656		-2.468750
3657		-1.562500
3658		-2.525000
3659		-1.856250
3660		-2.293750
3661		-2.350000
3662		-2.756250
3663		-2.931250
3664		-2.700000
3665		-2.468750
3666		-2.118750
3667		-2.612500
3668		-3.575000
3669		-3.250000
3670		-3.575000
3671		-2.700000
3672		-2.987500
3673		-3.225000
3674		-3.368750
3675		-4.006250
3676		-4.093750
3677		-4.587500
3678		-4.212500
3679		-4.093750
3680		-4.125000
3681		-4.300000
3682		-5.000000
3683		-5.462500
3684		-5.000000
3685		-5.087500
3686		-4.850000
3687		-4.737500
3688		-5.025000
3689		-5.231250
3690		-5.693750
3691		-5.406250
3692		-5.581250
3693		-5.056250
3694		-4.618750
3695		-4.968750
3696		-5.375000
3697		-5.606250
3698		-5.606250
3699		-5.462500
3700		-4.850000
3701		-4.968750
3702		-4.650000
3703		-5.056250
3704		-5.262500
3705		-5.000000
3706		-4.675000
3707		-4.356250
3708		-4.093750
3709		-3.950000
3710		-3.950000
3711		-4.443750
3712		-4.068750
3713		-3.718750
3714		-3.312500
3715		-3.050000
3716		-2.987500
3717		-3.631250
3718		-3.656250
3719		-3.512500
3720		-2.668750
3721		-2.175000
3722		-2.056250
3723		-2.056250
3724		-2.350000
3725		-2.843750
3726		-2.612500
3727		-1.912500
3728		-2.031250
3729		-1.362500
3730		-1.387500
3731		-1.537500
3732		-1.737500
3733		-1.968750
3734		-1.362500
3735		-1.068750
3736		-0.750000
3737		-1.012500
3738		-1.387500
3739		-1.537500
3740		-1.712500
3741		-1.300000
3742		-1.037500
3743		-0.862500
3744		-1.068750
3745		-1.187500
3746		-1.537500
3747		-1.737500
3748		-1.450000
3749		-0.925000
3750		-0.862500
3751		-1.125000
3752		-1.300000
3753		-1.625000
3754		-1.681250
3755		-1.275000
3756		-1.100000
3757		-0.862500
3758		-0.837500
3759		-1.593750
3760		-1.625000
3761		-1.625000
3762		-1.156250
3763		-1.100000
3764		-0.806250
3765		-0.893750
3766		-1.537500
3767		-1.387500
3768		-1.625000
3769		-0.806250
3770		-1.068750
3771		-1.187500
3772		-0.925000
3773		-1.156250
3774		-1.593750
3775		-1.681250
3776		-1.331250
3777		-1.243750
3778		-1.187500
3779		-1.187500
3780		-1.387500
3781		-1.300000
3782		-2.056250
3783		-1.387500
3784		-1.100000
3785		-1.037500
3786		-0.925000
3787		-1.362500
3788		-1.737500
3789		-1.856250
3790		-1.562500
3791		-1.187500
3792		-1.625000
3793		-1.450000
3794		-2.056250
3795		-1.943750
3796		-2.900000
3797		-2.350000
3798		-2.262500
3799		-2.206250
3800		-2.000000
3801		-2.643750
3802		-2.756250
3803		-3.281250
3804		-2.843750
3805		-2.612500
3806		-2.643750
3807		-2.468750
3808		-2.931250
3809		-3.543750
3810		-3.656250
3811		-3.193750
3812		-2.931250
3813		-2.612500
3814		-3.075000
3815		-3.425000
3816		-3.656250
3817		-3.718750
3818		-3.162500
3819		-3.312500
3820		-3.050000
3821		-2.787500
3822		-3.487500
3823		-3.425000
3824		-3.718750
3825		-3.281250
3826		-3.281250
3827		-2.987500
3828		-2.931250
3829		-2.987500
3830		-3.487500
3831		-3.893750
3832		-3.106250
3833		-3.425000
3834		-2.493750
3835		-3.075000
3836		-3.193750
3837		-3.368750
3838		-3.312500
3839		-3.050000
3840		-2.812500
3841		-2.612500
3842		-2.525000
3843		-3.018750
3844		-2.931250
3845		-3.162500
3846		-2.668750
3847		-2.406250
3848		-2.087500
3849		-2.318750
3850		-2.643750
3851		-2.843750
3852		-2.900000
3853		-2.581250
3854		-2.437500
3855		-2.262500
3856		-2.468750
3857		-2.493750
3858		-3.018750
3859		-3.337500
3860		-2.987500
3861		-2.756250
3862		-2.493750
3863		-2.787500
3864		-2.756250
3865		-3.337500
3866		-3.631250
3867		-3.575000
3868		-3.075000
3869		-2.900000
3870		-3.456250
3871		-3.600000
3872		-3.862500
3873		-3.862500
3874		-3.425000
3875		-3.281250
3876		-3.368750
3877		-3.656250
3878		-3.806250
3879		-3.656250
3880		-4.037500
3881		-3.862500
3882		-3.250000
3883		-3.137500
3884		-2.787500
3885		-3.193750
3886		-3.543750
3887		-3.543750
3888		-2.812500
3889		-3.018750
3890		-2.175000
3891		-2.406250
3892		-2.700000
3893		-2.643750
3894		-3.050000
3895		-2.175000
3896		-1.968750
3897		-1.593750
3898		-1.737500
3899		-2.175000
3900		-2.318750
3901		-2.468750
3902		-1.943750
3903		-1.737500
3904		-1.418750
3905		-1.737500
3906		-2.087500
3907		-2.056250
3908		-2.493750
3909		-2.031250
3910		-1.187500
3911		-1.212500
3912		-1.537500
3913		-1.943750
3914		-2.118750
3915		-2.231250
3916		-1.856250
3917		-1.475000
3918		-1.275000
3919		-1.856250
3920		-2.293750
3921		-2.206250
3922		-2.700000
3923		-2.262500
3924		-2.118750
3925		-1.881250
3926		-2.143750
3927		-2.643750
3928		-3.050000
3929		-3.106250
3930		-3.137500
3931		-2.787500
3932		-2.406250
3933		-2.900000
3934		-3.512500
3935		-3.512500
3936		-3.425000
3937		-3.250000
3938		-2.931250
3939		-2.725000
3940		-2.987500
3941		-3.337500
3942		-3.281250
3943		-3.425000
3944		-2.725000
3945		-2.437500
3946		-2.381250
3947		-2.493750
3948		-3.075000
3949		-2.725000
3950		-3.050000
3951		-2.293750
3952		-1.856250
3953		-1.793750
3954		-1.968750
3955		-2.468750
3956		-2.668750
3957		-2.700000
3958		-2.231250
3959		-2.350000
3960		-2.056250
3961		-2.725000
3962		-3.250000
3963		-3.575000
3964		-4.268750
3965		-4.181250
3966		-3.918750
3967		-3.862500
3968		-4.243750
3969		-4.587500
3970		-5.025000
3971		-5.200000
3972		-4.850000
3973		-4.706250
3974		-4.331250
3975		-4.506250
3976		-5.606250
3977		-4.968750
3978		-4.531250
3979		-4.093750
3980		-4.037500
3981		-3.075000
3982		-3.193750
3983		-2.931250
3984		-2.987500
3985		-2.725000
3986		-1.650000
3987		-1.212500
3988		-0.518750
3989		-0.631250
3990		-0.862500
3991		-0.518750
3992		-0.168750
3993		0.587500
3994		0.762500
3995		0.937500
3996		1.000000
3997		0.562500
3998		0.150000
3999		0.212500
4000		0.706250
4001		1.000000
4002		1.143750
4003		0.825000
4004		0.356250
4005		0.006250
4006		-0.050000
4007		0.650000
4008		0.706250
4009		1.112500
4010		0.793750
4011		1.081250
4012		0.706250
4013		0.881250
4014		1.081250
4015		1.493750
4016		2.337500
4017		1.956250
4018		2.100000
4019		2.187500
4020		2.450000
4021		3.381250
4022		4.050000
4023		4.637500
4024		4.693750
4025		4.462500
4026		4.518750
4027		4.662500
4028		5.656250
4029		5.825000
4030		6.031250
4031		6.000000
4032		5.625000
4033		5.306250
4034		5.243750
4035		5.625000
4036		5.656250
4037		5.656250
4038		4.893750
4039		4.287500
4040		4.050000
4041		3.500000
4042		3.731250
4043		3.587500
4044		3.675000
4045		2.306250
4046		1.756250
4047		0.850000
4048		0.562500
4049		0.268750
4050		0.150000
4051		0.068750
4052		-0.662500
4053		-1.593750
4054		-2.087500
4055		-2.612500
4056		-2.931250
4057		-2.525000
4058		-3.281250
4059		-3.862500
4060		-4.587500
4061		-4.937500
4062		-5.437500
4063		-5.693750
4064		-5.931250
4065		-5.693750
4066		-6.800000
4067		-7.268750
4068		-7.793750
4069		-7.443750
4070		-7.468750
4071		-7.443750
4072		-7.037500
4073		-7.500000
4074		-7.731250
4075		-7.993750
4076		-7.906250
4077		-7.300000
4078		-7.125000
4079		-6.106250
4080		-6.687500
4081		-6.600000
4082		-6.600000
4083		-6.043750
4084		-5.350000
4085		-4.825000
4086		-4.587500
4087		-4.475000
4088		-4.793750
4089		-4.562500
4090		-4.300000
4091		-3.775000
4092		-3.368750
4093		-2.756250
4094		-3.018750
4095		-3.512500
4096		-3.743750
4097		-3.512500
4098		-3.193750
4099		-2.931250
4100		-2.787500
4101		-3.075000
4102		-3.543750
4103		-3.862500
4104		-3.512500
4105		-3.250000
4106		-3.162500
4107		-3.137500
4108		-2.987500
4109		-3.368750
4110		-3.425000
4111		-3.487500
4112		-3.250000
4113		-2.468750
4114		-2.493750
4115		-2.406250
4116		-2.668750
4117		-2.931250
4118		-2.493750
4119		-2.350000
4120		-1.331250
4121		-0.806250
4122		-1.300000
4123		-1.275000
4124		-1.125000
4125		-0.781250
4126		-0.575000
4127		-0.018750
4128		0.412500
4129		-0.018750
4130		-0.137500
4131		-0.312500
4132		-0.225000
4133		0.150000
4134		0.387500
4135		0.762500
4136		0.387500
4137		-0.081250
4138		-0.312500
4139		-0.281250
4140		-0.081250
4141		0.212500
4142		0.412500
4143		-0.081250
4144		-0.893750
4145		-1.243750
4146		-0.893750
4147		-1.037500
4148		-1.275000
4149		-0.487500
4150		-1.187500
4151		-1.562500
4152		-2.000000
4153		-2.206250
4154		-2.231250
4155		-1.968750
4156		-1.912500
4157		-2.581250
4158		-2.931250
4159		-3.487500
4160		-3.512500
4161		-3.687500
4162		-3.487500
4163		-3.281250
4164		-4.037500
4165		-4.762500
4166		-5.087500
4167		-5.231250
4168		-5.406250
4169		-5.262500
4170		-5.112500
4171		-6.162500
4172		-6.306250
4173		-6.831250
4174		-6.918750
4175		-6.568750
4176		-6.481250
4177		-6.218750
4178		-6.600000
4179		-7.006250
4180		-7.237500
4181		-7.443750
4182		-6.568750
4183		-6.450000
4184		-6.075000
4185		-6.043750
4186		-6.337500
4187		-5.956250
4188		-5.987500
4189		-5.550000
4190		-4.793750
4191		-4.475000
4192		-3.893750
4193		-3.806250
4194		-3.656250
4195		-3.575000
4196		-2.900000
4197		-2.406250
4198		-1.625000
4199		-1.125000
4200		-1.100000
4201		-0.718750
4202		-0.606250
4203		-0.050000
4204		0.937500
4205		1.231250
4206		2.275000
4207		2.012500
4208		2.162500
4209		2.481250
4210		3.206250
4211		3.937500
4212		4.137500
4213		4.806250
4214		4.606250
4215		5.043750
4216		5.306250
4217		6.150000
4218		6.756250
4219		7.050000
4220		7.750000
4221		7.775000
4222		7.575000
4223		7.925000
4224		8.187500
4225		8.475000
4226		8.856250
4227		9.293750
4228		9.175000
4229		8.737500
4230		8.793750
4231		8.825000
4232		8.943750
4233		9.118750
4234		9.756250
4235		9.087500
4236		8.450000
4237		8.531250
4238		8.418750
4239		8.506250
4240		8.562500
4241		8.768750
4242		8.156250
4243		7.487500
4244		7.050000
4245		6.381250
4246		6.818750
4247		6.412500
4248		6.556250
4249		6.237500
4250		5.481250
4251		5.306250
4252		4.400000
4253		4.606250
4254		4.637500
4255		4.312500
4256		3.937500
4257		3.293750
4258		3.268750
4259		2.337500
4260		2.337500
4261		2.306250
4262		2.012500
4263		1.756250
4264		0.912500
4265		0.531250
4266		-0.081250
4267		-0.168750
4268		-0.281250
4269		-0.543750
4270		-0.518750
4271		-1.387500
4272		-1.625000
4273		-1.768750
4274		-2.143750
4275		-2.293750
4276		-2.206250
4277		-2.437500
4278		-3.106250
4279		-3.687500
4280		-3.075000
4281		-4.068750
4282		-3.775000
4283		-3.893750
4284		-3.575000
4285		-5.087500
4286		-4.006250
4287		-4.562500
4288		-4.968750
4289		-5.087500
4290		-4.156250
4291		-3.656250
4292		-4.387500
4293		-4.181250
4294		-4.212500
4295		-4.706250
4296		-3.743750
4297		-3.575000
4298		-3.250000
4299		-3.225000
4300		-3.225000
4301		-3.162500
4302		-3.456250
4303		-3.337500
4304		-2.700000
4305		-2.231250
4306		-2.206250
4307		-2.406250
4308		-2.643750
4309		-2.931250
4310		-2.556250
4311		-2.118750
4312		-1.387500
4313		-1.331250
4314		-1.968750
4315		-1.881250
4316		-1.968750
4317		-1.012500
4318		-1.068750
4319		-0.631250
4320		-0.168750
4321		-0.693750
4322		-0.806250
4323		-0.893750
4324		-0.431250
4325		-0.312500
4326		0.412500
4327		0.587500
4328		0.762500
4329		0.737500
4330		0.793750
4331		-0.368750
4332		0.881250
4333		1.987500
4334		1.900000
4335		2.275000
4336		2.393750
4337		1.812500
4338		1.606250
4339		2.712500
4340		2.943750
4341		2.975000
4342		3.412500
4343		3.906250
4344		2.887500
4345		2.625000
4346		2.712500
4347		3.618750
4348		4.137500
4349		4.550000
4350		4.081250
4351		4.200000
4352		4.112500
4353		4.137500
4354		4.137500
4355		4.781250
4356		5.043750
4357		4.662500
4358		3.468750
4359		3.850000
4360		3.500000
4361		4.256250
4362		4.287500
4363		3.850000
4364		3.643750
4365		3.268750
4366		3.181250
4367		2.306250
4368		2.537500
4369		2.306250
4370		2.187500
4371		2.250000
4372		1.287500
4373		1.143750
4374		0.737500
4375		0.562500
4376		0.268750
4377		-0.137500
4378		-0.018750
4379		-0.543750
4380		-0.950000
4381		-0.750000
4382		-0.718750
4383		-1.243750
4384		-0.950000
4385		-0.518750
4386		-0.950000
4387		-1.450000
4388		-1.712500
4389		-2.118750
4390		-1.187500
4391		-1.387500
4392		-1.068750
4393		-0.981250
4394		-1.881250
4395		-2.031250
4396		-2.175000
4397		-1.737500
4398		-2.056250
4399		-1.125000
4400		-1.156250
4401		-1.737500
4402		-1.856250
4403		-2.406250
4404		-1.881250
4405		-1.593750
4406		-1.681250
4407		-0.950000
4408		-1.450000
4409		-1.825000
4410		-2.118750
4411		-1.968750
4412		-1.712500
4413		-1.537500
4414		-1.331250
4415		-1.537500
4416		-2.175000
4417		-2.087500
4418		-2.118750
4419		-1.825000
4420		-1.475000
4421		-0.893750
4422		-1.187500
4423		-1.475000
4424		-1.943750
4425		-1.856250
4426		-1.275000
4427		-1.212500
4428		-0.950000
4429		-1.037500
4430		-1.187500
4431		-1.387500
4432		-1.625000
4433		-1.100000
4434		-0.431250
4435		-0.368750
4436		-0.081250
4437		-0.431250
4438		-0.575000
4439		-0.193750
4440		-0.431250
4441		0.125000
4442		0.650000
4443		0.706250
4444		0.618750
4445		0.037500
4446		0.562500
4447		0.500000
4448		1.343750
4449		1.518750
4450		2.337500
4451		1.956250
4452		1.725000
4453		1.668750
4454		1.550000
4455		2.337500
4456		2.537500
4457		3.118750
4458		2.712500
4459		2.568750
4460		2.831250
4461		2.250000
4462		2.943750
4463		3.031250
4464		3.531250
4465		3.643750
4466		3.206250
4467		3.381250
4468		2.800000
4469		3.293750
4470		3.643750
4471		3.643750
4472		4.200000
4473		3.937500
4474		3.818750
4475		3.268750
4476		3.268750
4477		3.993750
4478		4.225000
4479		4.725000
4480		4.081250
4481		4.025000
4482		3.762500
4483		3.793750
4484		4.168750
4485		4.462500
4486		4.806250
4487		4.518750
4488		4.225000
4489		4.200000
4490		3.818750
4491		4.343750
4492		4.312500
4493		4.462500
4494		4.662500
4495		3.937500
4496		3.906250
4497		3.587500
4498		3.643750
4499		3.793750
4500		4.112500
4501		4.225000
4502		3.556250
4503		3.556250
4504		2.831250
4505		3.062500
4506		3.006250
4507		3.325000
4508		3.412500
4509		2.743750
4510		2.450000
4511		2.131250
4512		2.306250
4513		2.393750
4514		2.393750
4515		3.150000
4516		2.600000
4517		1.668750
4518		1.843750
4519		1.725000
4520		2.100000
4521		2.337500
4522		2.743750
4523		2.656250
4524		2.250000
4525		2.362500
4526		1.987500
4527		2.306250
4528		2.218750
4529		2.800000
4530		2.943750
4531		2.625000
4532		2.187500
4533		2.450000
4534		2.162500
4535		2.537500
4536		3.150000
4537		3.293750
4538		2.975000
4539		2.743750
4540		2.393750
4541		2.712500
4542		2.512500
4543		3.500000
4544		3.293750
4545		2.943750
4546		2.712500
4547		2.425000
4548		2.306250
4549		2.862500
4550		2.687500
4551		3.093750
4552		3.293750
4553		2.450000
4554		2.512500
4555		2.250000
4556		2.362500
4557		2.887500
4558		2.625000
4559		3.412500
4560		2.656250
4561		2.250000
4562		1.812500
4563		1.725000
4564		2.537500
4565		1.931250
4566		2.162500
4567		1.956250
4568		1.256250
4569		0.706250
4570		0.825000
4571		0.737500
4572		0.650000
4573		1.081250
4574		0.587500
4575		-0.050000
4576		-0.256250
4577		-0.950000
4578		-0.806250
4579		-0.518750
4580		-0.750000
4581		-0.606250
4582		-1.012500
4583		-1.737500
4584		-2.087500
4585		-2.143750
4586		-1.737500
4587		-1.793750
4588		-1.881250
4589		-2.262500
4590		-2.556250
4591		-2.725000
4592		-2.612500
4593		-2.700000
4594		-2.350000
4595		-1.768750
4596		-2.581250
4597		-2.468750
4598		-2.987500
4599		-2.931250
4600		-2.700000
4601		-2.556250
4602		-2.493750
4603		-2.525000
4604		-3.018750
4605		-3.050000
4606		-3.456250
4607		-3.225000
4608		-3.050000
4609		-2.875000
4610		-2.843750
4611		-3.487500
4612		-3.512500
4613		-3.918750
4614		-3.918750
4615		-3.775000
4616		-3.656250
4617		-3.225000
4618		-3.806250
4619		-4.300000
4620		-4.300000
4621		-4.443750
4622		-4.037500
4623		-4.331250
4624		-3.831250
4625		-4.068750
4626		-4.825000
4627		-4.418750
4628		-4.793750
4629		-4.587500
4630		-4.243750
4631		-3.368750
4632		-3.575000
4633		-4.268750
4634		-4.300000
4635		-4.387500
4636		-4.006250
4637		-3.512500
4638		-3.337500
4639		-3.368750
4640		-3.718750
4641		-3.862500
4642		-3.512500
4643		-3.575000
4644		-2.987500
4645		-3.075000
4646		-2.318750
4647		-2.700000
4648		-2.643750
4649		-2.493750
4650		-2.843750
4651		-1.475000
4652		-1.712500
4653		-1.156250
4654		-1.275000
4655		-1.012500
4656		-0.862500
4657		-0.837500
4658		-0.368750
4659		0.150000
4660		0.675000
4661		0.937500
4662		1.081250
4663		0.562500
4664		0.531250
4665		1.406250
4666		1.518750
4667		2.481250
4668		2.862500
4669		2.043750
4670		2.481250
4671		1.956250
4672		2.687500
4673		3.006250
4674		3.381250
4675		3.643750
4676		3.412500
4677		3.181250
4678		2.775000
4679		2.975000
4680		3.412500
4681		3.850000
4682		4.343750
4683		4.050000
4684		3.906250
4685		3.325000
4686		2.862500
4687		3.556250
4688		4.200000
4689		4.287500
4690		4.168750
4691		3.818750
4692		3.356250
4693		3.356250
4694		3.937500
4695		4.050000
4696		4.312500
4697		4.287500
4698		4.025000
4699		3.793750
4700		3.706250
4701		3.706250
4702		4.025000
4703		3.962500
4704		4.575000
4705		4.050000
4706		3.500000
4707		3.706250
4708		3.118750
4709		3.556250
4710		3.850000
4711		4.168750
4712		3.906250
4713		3.181250
4714		3.006250
4715		2.481250
4716		2.918750
4717		3.206250
4718		3.325000
4719		3.443750
4720		3.006250
4721		2.275000
4722		2.162500
4723		2.600000
4724		2.712500
4725		2.918750
4726		3.206250
4727		2.600000
4728		2.393750
4729		1.843750
4730		2.131250
4731		2.306250
4732		2.656250
4733		2.775000
4734		2.625000
4735		2.393750
4736		1.868750
4737		1.931250
4738		2.275000
4739		2.337500
4740		2.568750
4741		2.625000
4742		1.931250
4743		1.462500
4744		1.668750
4745		1.668750
4746		1.637500
4747		1.931250
4748		1.900000
4749		1.168750
4750		1.231250
4751		1.000000
4752		1.168750
4753		1.056250
4754		1.025000
4755		1.606250
4756		1.168750
4757		0.793750
4758		0.706250
4759		0.675000
4760		0.850000
4761		1.462500
4762		1.550000
4763		1.231250
4764		0.937500
4765		0.937500
4766		0.650000
4767		1.168750
4768		1.756250
4769		1.550000
4770		2.100000
4771		1.693750
4772		1.812500
4773		1.781250
4774		1.725000
4775		1.668750
4776		2.162500
4777		2.043750
4778		2.187500
4779		2.131250
4780		1.581250
4781		1.956250
4782		2.393750
4783		2.131250
4784		2.481250
4785		2.043750
4786		1.637500
4787		1.406250
4788		1.200000
4789		1.081250
4790		1.931250
4791		1.900000
4792		1.550000
4793		1.168750
4794		1.000000
4795		0.356250
4796		0.881250
4797		1.025000
4798		1.025000
4799		1.318750
4800		0.881250
4801		0.531250
4802		0.500000
4803		0.443750
4804		1.025000
4805		0.937500
4806		1.231250
4807		0.737500
4808		0.737500
4809		0.387500
4810		0.562500
4811		0.500000
4812		1.081250
4813		1.025000
4814		0.300000
4815		0.675000
4816		0.181250
4817		-0.081250
4818		0.325000
4819		0.500000
4820		0.587500
4821		-0.050000
4822		0.212500
4823		-0.168750
4824		-0.543750
4825		-0.168750
4826		-0.106250
4827		0.212500
4828		0.037500
4829		-0.137500
4830		-0.518750
4831		-0.431250
4832		-0.575000
4833		0.093750
4834		0.412500
4835		0.618750
4836		-0.018750
4837		-0.193750
4838		-0.018750
4839		-0.106250
4840		0.125000
4841		0.737500
4842		1.000000
4843		0.706250
4844		0.300000
4845		0.006250
4846		-0.168750
4847		0.587500
4848		0.650000
4849		1.168750
4850		1.231250
4851		0.706250
4852		0.412500
4853		0.300000
4854		1.256250
4855		0.968750
4856		1.056250
4857		1.493750
4858		0.850000
4859		0.737500
4860		0.387500
4861		0.937500
4862		1.287500
4863		1.287500
4864		1.606250
4865		1.318750
4866		0.762500
4867		0.412500
4868		0.737500
4869		1.168750
4870		1.143750
4871		1.868750
4872		1.287500
4873		1.287500
4874		0.793750
4875		0.793750
4876		0.912500
4877		1.287500
4878		1.143750
4879		1.081250
4880		0.443750
4881		0.850000
4882		0.212500
4883		0.562500
4884		0.587500
4885		0.500000
4886		0.650000
4887		-0.368750
4888		-0.106250
4889		-0.781250
4890		-0.431250
4891		-0.543750
4892		0.150000
4893		-0.543750
4894		-0.456250
4895		-1.243750
4896		-1.387500
4897		-1.387500
4898		-1.450000
4899		-0.806250
4900		-0.662500
4901		-1.275000
4902		-1.450000
4903		-1.593750
4904		-1.943750
4905		-1.212500
4906		-1.362500
4907		-1.243750
4908		-1.537500
4909		-2.262500
4910		-2.118750
4911		-2.175000
4912		-1.943750
4913		-1.881250
4914		-1.562500
4915		-1.825000
4916		-2.612500
4917		-2.931250
4918		-3.162500
4919		-2.787500
4920		-2.556250
4921		-2.581250
4922		-2.293750
4923		-2.843750
4924		-3.368750
4925		-3.806250
4926		-3.193750
4927		-3.225000
4928		-3.018750
4929		-2.812500
4930		-3.050000
4931		-3.137500
4932		-3.575000
4933		-2.962500
4934		-3.050000
4935		-2.612500
4936		-2.175000
4937		-2.556250
4938		-2.612500
4939		-2.756250
4940		-2.931250
4941		-1.825000
4942		-2.056250
4943		-1.768750
4944		-1.625000
4945		-2.318750
4946		-1.856250
4947		-2.318750
4948		-1.737500
4949		-0.950000
4950		-1.243750
4951		-0.575000
4952		-1.187500
4953		-1.037500
4954		-1.212500
4955		-0.806250
4956		-0.431250
4957		-0.781250
4958		-0.256250
4959		-0.368750
4960		-0.312500
4961		-0.718750
4962		-0.168750
4963		-0.106250
4964		0.443750
4965		0.912500
4966		0.356250
4967		0.356250
4968		0.412500
4969		0.268750
4970		0.587500
4971		1.287500
4972		1.375000
4973		1.375000
4974		1.318750
4975		1.375000
4976		0.850000
4977		1.462500
4978		1.318750
4979		1.756250
4980		2.250000
4981		1.900000
4982		1.900000
4983		1.956250
4984		2.306250
4985		2.393750
4986		2.537500
4987		2.943750
4988		2.712500
4989		2.450000
4990		2.012500
4991		2.687500
4992		3.412500
4993		3.062500
4994		3.412500
4995		2.862500
4996		2.943750
4997		2.600000
4998		2.918750
4999		3.325000
5000		3.356250
5001		4.025000
5002		3.293750
5003		3.356250
5004		3.237500
5005		3.618750
5006		3.556250
5007		3.962500
5008		4.225000
5009		3.793750
5010		3.731250
5011		3.675000
5012		3.937500
5013		3.762500
5014		4.400000
5015		4.606250
5016		4.343750
5017		4.025000
5018		3.850000
5019		3.850000
5020		4.168750
5021		4.550000
5022		4.487500
5023		4.725000
5024		4.050000
5025		3.937500
5026		3.556250
5027		3.793750
5028		4.256250
5029		4.137500
5030		4.287500
5031		4.375000
5032		3.993750
5033		4.050000
5034		4.225000
5035		4.287500
5036		4.431250
5037		4.462500
5038		4.081250
5039		3.818750
5040		3.793750
5041		3.937500
5042		3.993750
5043		4.287500
5044		4.256250
5045		3.906250
5046		3.762500
5047		3.556250
5048		3.237500
5049		3.850000
5050		4.343750
5051		3.993750
5052		3.993750
5053		3.268750
5054		3.381250
5055		2.918750
5056		3.268750
5057		3.412500
5058		3.093750
5059		3.906250
5060		3.062500
5061		2.862500
5062		2.537500
5063		2.337500
5064		3.206250
5065		2.831250
5066		3.118750
5067		2.656250
5068		2.337500
5069		2.012500
5070		2.537500
5071		2.481250
5072		2.687500
5073		2.775000
5074		2.306250
5075		2.250000
5076		2.012500
5077		1.900000
5078		2.250000
5079		2.218750
5080		2.775000
5081		2.306250
5082		2.337500
5083		1.900000
5084		1.868750
5085		2.012500
5086		1.987500
5087		2.450000
5088		2.393750
5089		2.043750
5090		1.756250
5091		1.287500
5092		1.781250
5093		1.756250
5094		1.987500
5095		1.843750
5096		1.462500
5097		1.518750
5098		1.056250
5099		1.462500
5100		1.518750
5101		1.725000
5102		1.868750
5103		1.462500
5104		1.431250
5105		0.825000
5106		0.881250
5107		1.168750
5108		1.375000
5109		1.606250
5110		1.431250
5111		0.500000
5112		0.881250
5113		0.881250
5114		0.881250
5115		1.287500
5116		1.518750
5117		1.287500
5118		0.881250
5119		0.412500
5120		0.793750
5121		1.231250
5122		1.168750
5123		1.462500
5124		1.318750
5125		1.025000
5126		0.737500
5127		0.737500
5128		0.793750
5129		1.168750
5130		1.287500
5131		1.725000
5132		1.056250
5133		1.900000
5134		0.912500
5135		1.168750
5136		1.581250
5137		1.931250
5138		2.162500
5139		2.043750
5140		1.668750
5141		1.781250
5142		1.756250
5143		1.900000
5144		2.162500
5145		2.625000
5146		2.393750
5147		2.275000
5148		2.337500
5149		2.187500
5150		2.481250
5151		2.600000
5152		3.268750
5153		2.625000
5154		2.743750
5155		2.625000
5156		2.450000
5157		2.831250
5158		3.031250
5159		3.293750
5160		2.831250
5161		2.918750
5162		2.887500
5163		2.218750
5164		2.918750
5165		2.975000
5166		2.831250
5167		3.118750
5168		2.625000
5169		2.537500
5170		2.687500
5171		2.687500
5172		2.537500
5173		2.743750
5174		3.268750
5175		2.687500
5176		2.712500
5177		2.450000
5178		2.450000
5179		2.537500
5180		3.150000
5181		3.675000
5182		2.712500
5183		2.656250
5184		2.537500
5185		2.512500
5186		2.775000
5187		3.062500
5188		3.443750
5189		3.181250
5190		3.118750
5191		2.831250
5192		2.712500
5193		3.150000
5194		3.468750
5195		3.531250
5196		3.587500
5197		3.293750
5198		3.206250
5199		2.775000
5200		3.356250
5201		3.468750
5202		3.618750
5203		3.556250
5204		3.206250
5205		3.206250
5206		2.918750
5207		3.206250
5208		3.325000
5209		3.556250
5210		3.556250
5211		2.975000
5212		3.325000
5213		2.250000
5214		3.062500
5215		3.006250
5216		3.181250
5217		3.325000
5218		3.031250
5219		2.712500
5220		2.568750
5221		2.481250
5222		3.006250
5223		3.150000
5224		2.712500
5225		2.712500
5226		2.481250
5227		2.481250
5228		2.075000
5229		2.450000
5230		2.481250
5231		2.625000
5232		2.275000
5233		2.187500
5234		2.187500
5235		1.668750
5236		1.868750
5237		1.900000
5238		2.337500
5239		2.250000
5240		1.756250
5241		1.756250
5242		1.550000
5243		1.462500
5244		2.250000
5245		2.100000
5246		2.275000
5247		1.987500
5248		1.431250
5249		1.725000
5250		1.900000
5251		2.131250
5252		2.275000
5253		2.162500
5254		2.512500
5255		2.043750
5256		1.781250
5257		2.100000
5258		2.075000
5259		2.568750
5260		2.975000
5261		2.687500
5262		2.306250
5263		2.481250
5264		2.187500
5265		1.956250
5266		2.600000
5267		2.743750
5268		2.800000
5269		2.362500
5270		2.337500
5271		2.250000
5272		2.481250
5273		2.687500
5274		2.775000
5275		2.975000
5276		2.481250
5277		2.537500
5278		2.100000
5279		2.306250
5280		3.206250
5281		2.887500
5282		3.093750
5283		2.600000
5284		2.975000
5285		2.275000
5286		2.975000
5287		3.206250
5288		3.500000
5289		3.500000
5290		3.293750
5291		3.206250
5292		2.775000
5293		3.325000
5294		3.618750
5295		3.793750
5296		4.375000
5297		3.762500
5298		3.500000
5299		4.081250
5300		3.675000
5301		4.256250
5302		4.200000
5303		4.956250
5304		4.375000
5305		4.050000
5306		4.200000
5307		3.793750
5308		4.225000
5309		4.431250
5310		4.956250
5311		4.662500
5312		4.518750
5313		4.225000
5314		4.487500
5315		4.637500
5316		4.637500
5317		5.243750
5318		4.781250
5319		4.518750
5320		4.200000
5321		4.050000
5322		4.781250
5323		4.781250
5324		4.575000
5325		5.012500
5326		4.575000
5327		4.462500
5328		4.137500
5329		4.400000
5330		4.637500
5331		5.068750
5332		5.243750
5333		4.575000
5334		4.518750
5335		4.137500
5336		4.868750
5337		4.781250
5338		5.156250
5339		5.243750
5340		5.156250
5341		5.012500
5342		4.375000
5343		4.781250
5344		4.662500
5345		5.100000
5346		5.218750
5347		5.068750
5348		4.781250
5349		4.925000
5350		5.012500
5351		5.243750
5352		5.275000
5353		5.625000
5354		5.068750
5355		4.956250
5356		4.750000
5357		4.518750
5358		4.662500
5359		4.925000
5360		5.100000
5361		4.693750
5362		4.462500
5363		4.431250
5364		4.025000
5365		4.343750
5366		4.550000
5367		4.781250
5368		4.637500
5369		4.081250
5370		4.112500
5371		3.412500
5372		4.081250
5373		4.487500
5374		4.112500
5375		4.637500
5376		4.225000
5377		4.200000
5378		3.731250
5379		4.081250
5380		4.518750
5381		4.518750
5382		4.781250
5383		4.637500
5384		4.400000
5385		3.906250
5386		4.137500
5387		4.343750
5388		4.487500
5389		4.518750
5390		4.837500
5391		4.400000
5392		3.993750
5393		4.343750
5394		4.375000
5395		4.806250
5396		5.275000
5397		4.837500
5398		4.462500
5399		4.343750
5400		4.256250
5401		4.518750
5402		4.637500
5403		5.043750
5404		4.637500
5405		4.200000
5406		4.112500
5407		4.081250
5408		4.312500
5409		4.925000
5410		4.725000
5411		4.893750
5412		4.662500
5413		4.431250
5414		4.200000
5415		4.606250
5416		4.400000
5417		4.725000
5418		4.487500
5419		4.081250
5420		4.081250
5421		3.031250
5422		3.356250
5423		3.793750
5424		3.381250
5425		3.500000
5426		2.862500
5427		2.250000
5428		2.043750
5429		1.868750
5430		2.393750
5431		2.306250
5432		2.568750
5433		2.218750
5434		2.043750
5435		1.668750
5436		2.100000
5437		2.250000
5438		2.512500
5439		2.743750
5440		2.887500
5441		2.887500
5442		2.687500
5443		3.062500
5444		3.356250
5445		3.793750
5446		4.400000
5447		3.875000
5448		4.081250
5449		4.081250
5450		4.050000
5451		4.781250
5452		5.012500
5453		5.156250
5454		5.156250
5455		4.750000
5456		4.662500
5457		4.550000
5458		4.725000
5459		4.868750
5460		4.956250
5461		4.750000
5462		4.112500
5463		3.906250
5464		3.587500
5465		3.850000
5466		3.906250
5467		3.937500
5468		3.906250
5469		3.793750
5470		3.500000
5471		2.775000
5472		3.468750
5473		3.325000
5474		3.706250
5475		3.906250
5476		3.325000
5477		3.793750
5478		3.293750
5479		3.412500
5480		4.081250
5481		4.137500
5482		5.100000
5483		4.693750
5484		4.225000
5485		4.025000
5486		4.518750
5487		4.981250
5488		4.806250
5489		5.568750
5490		5.393750
5491		5.068750
5492		4.375000
5493		4.375000
5494		4.925000
5495		4.693750
5496		4.893750
5497		4.725000
5498		4.081250
5499		3.618750
5500		3.443750
5501		3.443750
5502		3.268750
5503		3.468750
5504		2.918750
5505		2.450000
5506		2.481250
5507		2.250000
5508		2.275000
5509		1.931250
5510		1.318750
5511		0.500000
5512		0.881250
5513		0.650000
5514		0.212500
5515		0.387500
5516		0.150000
5517		0.412500
5518		-0.050000
5519		-0.281250
5520		-0.718750
5521		-1.012500
5522		-0.631250
5523		-0.662500
5524		-0.950000
5525		-0.718750
5526		-1.156250
5527		-1.387500
5528		-1.562500
5529		-1.212500
5530		-1.125000
5531		-0.662500
5532		-0.368750
5533		-0.575000
5534		-0.837500
5535		-0.543750
5536		-0.631250
5537		-0.081250
5538		0.412500
5539		0.618750
5540		0.387500
5541		0.500000
5542		0.706250
5543		0.650000
5544		0.881250
5545		1.231250
5546		1.462500
5547		1.375000
5548		1.200000
5549		0.881250
5550		1.200000
5551		1.431250
5552		1.518750
5553		1.843750
5554		1.231250
5555		1.112500
5556		0.618750
5557		0.531250
5558		0.737500
5559		1.112500
5560		0.968750
5561		1.168750
5562		0.937500
5563		0.356250
5564		0.562500
5565		1.025000
5566		1.143750
5567		1.256250
5568		1.318750
5569		1.550000
5570		1.550000
5571		1.493750
5572		1.987500
5573		2.625000
5574		2.887500
5575		3.618750
5576		3.531250
5577		3.468750
5578		3.675000
5579		4.287500
5580		4.575000
5581		5.243750
5582		5.681250
5583		5.537500
5584		5.800000
5585		5.975000
5586		6.437500
5587		6.700000
5588		7.081250
5589		7.225000
5590		7.193750
5591		7.018750
5592		7.050000
5593		6.962500
5594		7.168750
5595		7.687500
5596		7.925000
5597		7.893750
5598		7.312500
5599		7.343750
5600		7.431250
5601		7.487500
5602		7.343750
5603		7.631250
5604		7.456250
5605		6.843750
5606		6.756250
5607		6.325000
5608		6.237500
5609		6.381250
5610		6.325000
5611		5.800000
5612		5.450000
5613		5.068750
5614		4.781250
5615		5.012500
5616		5.156250
5617		5.068750
5618		4.725000
5619		4.168750
5620		3.937500
5621		3.381250
5622		3.618750
5623		3.468750
5624		3.500000
5625		3.962500
5626		2.943750
5627		2.450000
5628		2.337500
5629		2.162500
5630		2.656250
5631		2.362500
5632		2.712500
5633		2.218750
5634		2.075000
5635		1.725000
5636		1.956250
5637		2.537500
5638		2.393750
5639		2.481250
5640		2.250000
5641		2.043750
5642		1.812500
5643		2.187500
5644		2.600000
5645		2.568750
5646		2.975000
5647		2.250000
5648		2.187500
5649		1.987500
5650		2.306250
5651		2.450000
5652		2.831250
5653		3.062500
5654		2.712500
5655		2.100000
5656		2.362500
5657		2.075000
5658		2.568750
5659		2.306250
5660		2.918750
5661		2.537500
5662		2.337500
5663		2.012500
5664		1.812500
5665		2.512500
5666		2.481250
5667		3.643750
5668		2.600000
5669		3.006250
5670		2.712500
5671		2.625000
5672		3.150000
5673		3.468750
5674		3.906250
5675		3.268750
5676		3.062500
5677		3.443750
5678		3.181250
5679		3.706250
5680		4.200000
5681		4.287500
5682		4.431250
5683		3.962500
5684		3.818750
5685		3.587500
5686		3.762500
5687		4.050000
5688		4.375000
5689		4.637500
5690		4.081250
5691		3.850000
5692		3.268750
5693		4.025000
5694		4.200000
5695		3.993750
5696		4.225000
5697		4.112500
5698		3.706250
5699		3.500000
5700		4.050000
5701		4.225000
5702		4.487500
5703		4.637500
5704		4.312500
5705		4.081250
5706		3.818750
5707		3.993750
5708		4.025000
5709		4.431250
5710		4.662500
5711		4.081250
5712		3.762500
5713		3.793750
5714		3.818750
5715		4.050000
5716		3.500000
5717		3.993750
5718		3.731250
5719		3.268750
5720		2.481250
5721		2.568750
5722		2.775000
5723		2.568750
5724		2.712500
5725		1.868750
5726		1.900000
5727		1.287500
5728		1.143750
5729		1.518750
5730		1.200000
5731		1.606250
5732		1.431250
5733		0.937500
5734		0.650000
5735		0.881250
5736		0.825000
5737		1.081250
5738		1.431250
5739		1.081250
5740		0.881250
5741		0.037500
5742		0.268750
5743		1.025000
5744		1.081250
5745		1.168750
5746		1.056250
5747		1.200000
5748		0.850000
5749		1.000000
5750		0.850000
5751		1.431250
5752		1.668750
5753		1.406250
5754		1.168750
5755		0.912500
5756		0.937500
5757		1.318750
5758		1.112500
5759		1.606250
5760		1.637500
5761		1.168750
5762		1.081250
5763		0.675000
5764		1.375000
5765		1.318750
5766		1.200000
5767		1.668750
5768		1.725000
5769		1.143750
5770		1.462500
5771		1.518750
5772		1.606250
5773		2.187500
5774		1.843750
5775		1.900000
5776		1.756250
5777		1.493750
5778		2.043750
5779		1.843750
5780		2.887500
5781		2.625000
5782		3.093750
5783		2.687500
5784		2.568750
5785		3.093750
5786		3.237500
5787		3.556250
5788		3.531250
5789		3.293750
5790		3.412500
5791		3.468750
5792		3.875000
5793		3.962500
5794		4.518750
5795		4.575000
5796		4.518750
5797		4.050000
5798		4.431250
5799		4.375000
5800		4.487500
5801		4.806250
5802		5.100000
5803		5.068750
5804		4.662500
5805		5.068750
5806		4.662500
5807		4.925000
5808		5.156250
5809		5.393750
5810		5.156250
5811		4.781250
5812		5.012500
5813		4.518750
5814		4.781250
5815		5.012500
5816		5.156250
5817		4.956250
5818		4.575000
5819		4.168750
5820		4.025000
5821		4.081250
5822		4.662500
5823		3.937500
5824		3.906250
5825		3.412500
5826		3.062500
5827		2.800000
5828		2.887500
5829		3.062500
5830		3.325000
5831		3.181250
5832		2.831250
5833		2.600000
5834		2.100000
5835		2.337500
5836		2.775000
5837		2.625000
5838		2.831250
5839		2.162500
5840		1.931250
5841		1.406250
5842		2.187500
5843		2.362500
5844		2.775000
5845		2.337500
5846		1.956250
5847		1.518750
5848		1.462500
5849		1.668750
5850		1.868750
5851		2.306250
5852		2.306250
5853		1.581250
5854		1.550000
5855		1.318750
5856		1.725000
5857		1.812500
5858		1.956250
5859		2.162500
5860		1.462500
5861		1.081250
5862		1.056250
5863		1.081250
5864		1.318750
5865		1.756250
5866		1.725000
5867		1.518750
5868		1.231250
5869		1.025000
5870		0.937500
5871		1.343750
5872		1.781250
5873		1.693750
5874		1.431250
5875		1.025000
5876		1.287500
5877		1.143750
5878		1.812500
5879		1.931250
5880		2.481250
5881		2.131250
5882		2.131250
5883		1.987500
5884		1.781250
5885		2.481250
5886		2.568750
5887		3.325000
5888		3.118750
5889		2.831250
5890		2.800000
5891		2.918750
5892		3.412500
5893		3.793750
5894		3.937500
5895		3.850000
5896		3.587500
5897		3.706250
5898		3.500000
5899		3.993750
5900		4.575000
5901		4.781250
5902		4.550000
5903		4.550000
5904		4.518750
5905		4.025000
5906		4.981250
5907		5.012500
5908		5.656250
5909		5.156250
5910		4.806250
5911		5.068750
5912		4.693750
5913		5.043750
5914		5.362500
5915		5.537500
5916		5.800000
5917		4.981250
5918		5.100000
5919		4.606250
5920		5.131250
5921		5.218750
5922		5.768750
5923		5.393750
5924		4.662500
5925		4.575000
5926		4.462500
5927		4.981250
5928		5.156250
5929		5.043750
5930		5.218750
5931		4.781250
5932		4.693750
5933		4.287500
5934		4.575000
5935		4.725000
5936		4.637500
5937		4.725000
5938		4.400000
5939		4.343750
5940		3.993750
5941		4.025000
5942		5.187500
5943		4.806250
5944		4.375000
5945		3.937500
5946		3.818750
5947		3.618750
5948		3.818750
5949		4.225000
5950		4.287500
5951		4.693750
5952		3.643750
5953		3.706250
5954		3.237500
5955		3.206250
5956		3.906250
5957		4.081250
5958		3.937500
5959		3.500000
5960		3.062500
5961		2.831250
5962		2.712500
5963		3.181250
5964		3.268750
5965		3.268750
5966		3.206250
5967		2.600000
5968		2.187500
5969		2.337500
5970		2.625000
5971		2.512500
5972		3.118750
5973		2.743750
5974		2.012500
5975		1.868750
5976		1.956250
5977		2.306250
5978		2.250000
5979		2.625000
5980		2.337500
5981		1.900000
5982		2.043750
5983		2.306250
5984		2.481250
5985		2.600000
5986		3.293750
5987		2.656250
5988		2.537500
5989		2.425000
5990		2.656250
5991		3.031250
5992		2.862500
5993		3.618750
5994		3.062500
5995		3.093750
5996		2.775000
5997		2.743750
5998		3.325000
5999		3.643750
6000		3.762500
6001		3.531250
6002		3.325000
6003		3.237500
6004		2.975000
6005		3.706250
6006		3.731250
6007		3.875000
6008		3.643750
6009		3.731250
6010		3.618750
6011		3.381250
6012		3.937500
6013		4.168750
6014		4.606250
6015		4.287500
6016		3.962500
6017		4.200000
6018		3.556250
6019		4.575000
6020		4.343750
6021		4.550000
6022		4.518750
6023		3.762500
6024		3.762500
6025		3.443750
6026		3.643750
6027		3.793750
6028		4.137500
6029		3.937500
6030		3.731250
6031		3.587500
6032		3.237500
6033		3.356250
6034		3.500000
6035		4.137500
6036		3.906250
6037		3.556250
6038		3.268750
6039		3.150000
6040		3.531250
6041		3.468750
6042		3.793750
6043		3.762500
6044		3.031250
6045		3.031250
6046		2.600000
6047		3.325000
6048		3.443750
6049		3.762500
6050		3.906250
6051		3.356250
6052		3.500000
6053		3.093750
6054		3.762500
6055		3.356250
6056		3.675000
6057		3.875000
6058		3.500000
6059		3.031250
6060		3.150000
6061		3.356250
6062		3.556250
6063		3.531250
6064		3.468750
6065		3.062500
6066		3.118750
6067		3.031250
6068		2.918750
6069		3.031250
6070		3.062500
6071		3.443750
6072		2.743750
6073		2.450000
6074		2.100000
6075		2.100000
6076		2.743750
6077		2.975000
6078		3.237500
6079		2.425000
6080		2.075000
6081		1.462500
6082		2.162500
6083		2.187500
6084		2.187500
6085		2.306250
6086		2.131250
6087		2.043750
6088		1.318750
6089		1.668750
6090		2.043750
6091		1.812500
6092		2.162500
6093		1.956250
6094		1.462500
6095		1.081250
6096		1.200000
6097		1.375000
6098		1.693750
6099		1.956250
6100		1.343750
6101		1.025000
6102		1.025000
6103		0.793750
6104		1.375000
6105		1.493750
6106		1.900000
6107		1.318750
6108		1.200000
6109		1.112500
6110		1.168750
6111		1.493750
6112		1.756250
6113		2.187500
6114		1.812500
6115		1.550000
6116		1.606250
6117		1.606250
6118		2.100000
6119		2.743750
6120		2.918750
6121		2.831250
6122		2.362500
6123		2.275000
6124		2.425000
6125		2.831250
6126		2.975000
6127		3.531250
6128		3.206250
6129		2.600000
6130		2.687500
6131		2.450000
6132		3.268750
6133		2.800000
6134		3.293750
6135		3.381250
6136		2.918750
6137		2.687500
6138		2.043750
6139		2.918750
6140		2.337500
6141		2.975000
6142		2.100000
6143		2.393750
6144		1.868750
6145		1.900000
6146		2.162500
6147		2.187500
6148		2.600000
6149		1.956250
6150		1.987500
6151		1.725000
6152		1.931250
6153		2.393750
6154		2.512500
6155		2.625000
6156		2.162500
6157		2.568750
6158		2.075000
6159		1.756250
6160		2.775000
6161		2.625000
6162		3.293750
6163		3.118750
6164		2.537500
6165		2.481250
6166		2.481250
6167		2.887500
6168		3.206250
6169		3.500000
6170		3.206250
6171		2.568750
6172		2.600000
6173		2.656250
6174		3.031250
6175		3.031250
6176		3.500000
6177		3.206250
6178		2.537500
6179		2.450000
6180		2.625000
6181		2.887500
6182		3.118750
6183		3.356250
6184		3.062500
6185		2.775000
6186		2.362500
6187		2.512500
6188		2.975000
6189		2.918750
6190		3.118750
6191		2.862500
6192		2.712500
6193		2.625000
6194		2.393750
6195		2.775000
6196		2.743750
6197		3.206250
6198		3.006250
6199		2.625000
6200		2.656250
6201		2.600000
6202		2.775000
6203		3.031250
6204		3.412500
6205		3.206250
6206		2.687500
6207		2.887500
6208		2.975000
6209		3.237500
6210		3.062500
6211		3.818750
6212		3.500000
6213		2.775000
6214		2.887500
6215		2.687500
6216		3.618750
6217		3.531250
6218		3.531250
6219		3.675000
6220		3.206250
6221		2.975000
6222		2.687500
6223		2.887500
6224		3.237500
6225		3.118750
6226		2.887500
6227		2.743750
6228		2.162500
6229		1.668750
6230		2.775000
6231		2.012500
6232		2.218750
6233		2.131250
6234		1.081250
6235		1.081250
6236		0.412500
6237		1.025000
6238		0.587500
6239		0.587500
6240		1.000000
6241		0.037500
6242		-0.400000
6243		-0.456250
6244		0.037500
6245		0.150000
6246		0.706250
6247		0.793750
6248		0.500000
6249		0.650000
6250		0.325000
6251		1.025000
6252		1.462500
6253		2.512500
6254		2.481250
6255		1.668750
6256		1.900000
6257		1.987500
6258		2.362500
6259		3.293750
6260		3.206250
6261		3.731250
6262		3.031250
6263		3.443750
6264		3.031250
6265		3.150000
6266		3.356250
6267		3.325000
6268		3.031250
6269		2.393750
6270		1.956250
6271		0.706250
6272		1.168750
6273		0.562500
6274		0.587500
6275		0.268750
6276		-0.806250
6277		-1.968750
6278		-1.625000
6279		-1.825000
6280		-1.625000
6281		-1.418750
6282		-1.737500
6283		-1.968750
6284		-2.612500
6285		-2.787500
6286		-2.000000
6287		-1.506250
6288		-1.037500
6289		-0.662500
6290		-0.837500
6291		-0.837500
6292		-0.662500
6293		0.037500
6294		0.706250
6295		1.056250
6296		1.462500
6297		0.850000
6298		1.287500
6299		0.881250
6300		1.318750
6301		1.431250
6302		0.881250
6303		1.056250
6304		0.587500
6305		-0.543750
6306		-1.243750
6307		-1.243750
6308		-1.387500
6309		-1.681250
6310		-2.031250
6311		-2.962500
6312		-4.125000
6313		-4.587500
6314		-4.737500
6315		-4.762500
6316		-4.506250
6317		-4.506250
6318		-5.668750
6319		-5.756250
6320		-5.812500
6321		-5.287500
6322		-4.968750
6323		-5.231250
6324		-4.968750
6325		-4.650000
6326		-5.112500
6327		-4.850000
6328		-4.156250
6329		-3.250000
6330		-2.556250
6331		-2.581250
6332		-2.493750
6333		-2.293750
6334		-2.143750
6335		-1.537500
6336		-1.156250
6337		-0.893750
6338		-0.575000
6339		-0.718750
6340		-0.862500
6341		-0.750000
6342		-0.312500
6343		0.150000
6344		0.325000
6345		0.968750
6346		0.181250
6347		0.562500
6348		0.850000
6349		1.756250
6350		2.100000
6351		2.625000
6352		2.600000
6353		2.775000
6354		2.537500
6355		2.887500
6356		3.531250
6357		3.993750
6358		4.637500
6359		4.956250
6360		4.550000
6361		4.375000
6362		4.431250
6363		4.806250
6364		5.243750
6365		5.100000
6366		5.331250
6367		4.662500
6368		4.575000
6369		4.431250
6370		4.200000
6371		4.575000
6372		4.925000
6373		4.081250
6374		3.993750
6375		3.643750
6376		3.618750
6377		4.225000
6378		4.400000
6379		4.550000
6380		4.637500
6381		4.868750
6382		4.050000
6383		4.806250
6384		5.012500
6385		5.537500
6386		6.525000
6387		6.525000
6388		6.731250
6389		6.756250
6390		6.843750
6391		7.575000
6392		7.925000
6393		8.737500
6394		8.418750
6395		8.418750
6396		8.418750
6397		7.925000
6398		8.475000
6399		8.737500
6400		8.881250
6401		8.825000
6402		7.981250
6403		7.400000
6404		6.731250
6405		6.756250
6406		6.700000
6407		6.437500
6408		5.737500
6409		4.981250
6410		4.287500
6411		3.850000
6412		3.618750
6413		3.675000
6414		3.706250
6415		3.356250
6416		2.887500
6417		2.362500
6418		2.306250
6419		2.275000
6420		2.306250
6421		2.481250
6422		2.743750
6423		1.693750
6424		1.518750
6425		1.287500
6426		2.337500
6427		2.131250
6428		2.600000
6429		2.131250
6430		1.956250
6431		1.493750
6432		1.431250
6433		1.756250
6434		2.012500
6435		1.956250
6436		1.843750
6437		1.287500
6438		0.737500
6439		0.412500
6440		0.443750
6441		1.000000
6442		1.256250
6443		1.256250
6444		0.675000
6445		0.793750
6446		0.300000
6447		0.762500
6448		1.668750
6449		1.931250
6450		1.868750
6451		1.581250
6452		1.081250
6453		1.200000
6454		2.187500
6455		2.393750
6456		3.118750
6457		2.975000
6458		2.625000
6459		2.775000
6460		2.712500
6461		3.643750
6462		3.412500
6463		3.556250
6464		3.706250
6465		3.062500
6466		2.831250
6467		2.775000
6468		3.093750
6469		2.800000
6470		2.831250
6471		2.362500
6472		1.462500
6473		1.256250
6474		0.093750
6475		0.650000
6476		0.356250
6477		0.150000
6478		0.068750
6479		-0.662500
6480		-1.362500
6481		-2.000000
6482		-1.625000
6483		-1.681250
6484		-1.881250
6485		-2.118750
6486		-3.050000
6487		-3.193750
6488		-3.487500
6489		-3.456250
6490		-3.575000
6491		-3.656250
6492		-3.575000
6493		-4.093750
6494		-4.356250
6495		-4.650000
6496		-4.243750
6497		-4.212500
6498		-3.831250
6499		-3.806250
6500		-4.562500
6501		-4.881250
6502		-5.087500
6503		-4.737500
6504		-4.650000
6505		-4.212500
6506		-4.675000
6507		-5.668750
6508		-5.550000
6509		-6.131250
6510		-5.550000
6511		-5.493750
6512		-5.437500
6513		-5.843750
6514		-6.512500
6515		-7.150000
6516		-6.481250
6517		-6.918750
6518		-6.712500
6519		-6.250000
6520		-6.568750
6521		-7.237500
6522		-7.006250
6523		-7.643750
6524		-7.062500
6525		-6.625000
6526		-6.337500
6527		-7.443750
6528		-6.975000
6529		-7.237500
6530		-7.125000
6531		-6.218750
6532		-6.193750
6533		-5.868750
6534		-5.581250
6535		-5.781250
6536		-5.987500
6537		-5.868750
6538		-5.200000
6539		-4.737500
6540		-4.475000
6541		-4.356250
6542		-4.825000
6543		-4.937500
6544		-4.793750
6545		-4.300000
6546		-3.656250
6547		-3.250000
6548		-3.543750
6549		-3.487500
6550		-3.250000
6551		-3.050000
6552		-2.843750
6553		-2.643750
6554		-2.000000
6555		-1.912500
6556		-2.231250
6557		-2.406250
6558		-2.206250
6559		-1.737500
6560		-1.243750
6561		-0.543750
6562		-1.300000
6563		-1.450000
6564		-1.275000
6565		-1.737500
6566		-1.156250
6567		-0.606250
6568		-0.312500
6569		-0.806250
6570		-1.212500
6571		-1.387500
6572		-1.625000
6573		-1.475000
6574		-1.537500
6575		-1.037500
6576		-1.681250
6577		-2.031250
6578		-2.468750
6579		-2.381250
6580		-2.118750
6581		-1.881250
6582		-1.768750
6583		-1.681250
6584		-2.437500
6585		-2.643750
6586		-2.612500
6587		-2.556250
6588		-2.318750
6589		-1.712500
6590		-1.968750
6591		-2.350000
6592		-3.162500
6593		-1.856250
6594		-2.031250
6595		-1.068750
6596		-0.950000
6597		-1.593750
6598		-1.562500
6599		-1.506250
6600		-1.243750
6601		-0.950000
6602		-0.575000
6603		-0.225000
6604		-0.750000
6605		-0.893750
6606		-0.718750
6607		-0.837500
6608		-0.431250
6609		-0.368750
6610		0.475000
6611		-0.168750
6612		-1.012500
6613		-0.862500
6614		-1.068750
6615		-0.718750
6616		-0.456250
6617		-0.518750
6618		-0.487500
6619		-1.037500
6620		-1.331250
6621		-2.056250
6622		-1.737500
6623		-1.625000
6624		-1.450000
6625		-1.968750
6626		-2.725000
6627		-2.700000
6628		-3.193750
6629		-2.556250
6630		-2.668750
6631		-2.643750
6632		-3.137500
6633		-3.425000
6634		-4.243750
6635		-3.893750
6636		-3.806250
6637		-3.575000
6638		-3.368750
6639		-3.918750
6640		-3.862500
6641		-4.006250
6642		-4.300000
6643		-4.006250
6644		-4.037500
6645		-4.006250
6646		-3.718750
6647		-4.243750
6648		-4.387500
6649		-4.675000
6650		-3.981250
6651		-3.543750
6652		-2.787500
6653		-2.931250
6654		-3.512500
6655		-3.050000
6656		-3.456250
6657		-3.193750
6658		-2.437500
6659		-2.175000
6660		-2.031250
6661		-2.350000
6662		-2.493750
6663		-2.643750
6664		-1.737500
6665		-0.981250
6666		-1.275000
6667		-0.575000
6668		-0.893750
6669		-1.156250
6670		-1.100000
6671		-0.050000
6672		-0.193750
6673		-0.225000
6674		0.006250
6675		-0.575000
6676		-0.487500
6677		-0.281250
6678		-0.543750
6679		-0.225000
6680		-0.106250
6681		0.150000
6682		-0.718750
6683		-1.156250
6684		-1.187500
6685		-0.750000
6686		-0.575000
6687		-0.456250
6688		-0.168750
6689		-0.718750
6690		-1.362500
6691		-1.331250
6692		-1.300000
6693		-1.037500
6694		-0.981250
6695		-0.456250
6696		-0.781250
6697		-1.362500
6698		-1.300000
6699		-1.037500
6700		-0.543750
6701		-0.518750
6702		-0.662500
6703		-0.806250
6704		-0.718750
6705		-1.212500
6706		-0.950000
6707		-0.543750
6708		-0.456250
6709		-0.018750
6710		-0.431250
6711		-0.862500
6712		-0.400000
6713		-0.606250
6714		-0.081250
6715		-0.168750
6716		0.356250
6717		-0.225000
6718		-0.281250
6719		-0.368750
6720		-0.837500
6721		-0.456250
6722		-0.487500
6723		0.006250
6724		-0.225000
6725		-0.718750
6726		-0.693750
6727		-0.950000
6728		-0.693750
6729		-0.018750
6730		-0.631250
6731		-0.137500
6732		-0.693750
6733		-0.950000
6734		-1.387500
6735		-0.718750
6736		-1.037500
6737		-1.012500
6738		-0.806250
6739		-1.387500
6740		-1.712500
6741		-2.118750
6742		-1.912500
6743		-1.793750
6744		-2.437500
6745		-2.118750
6746		-2.293750
6747		-2.725000
6748		-3.106250
6749		-3.137500
6750		-2.612500
6751		-2.875000
6752		-2.875000
6753		-3.337500
6754		-3.918750
6755		-3.918750
6756		-4.243750
6757		-4.300000
6758		-4.125000
6759		-3.656250
6760		-4.850000
6761		-4.650000
6762		-5.375000
6763		-5.318750
6764		-5.318750
6765		-5.175000
6766		-4.937500
6767		-5.437500
6768		-5.462500
6769		-6.425000
6770		-6.162500
6771		-5.756250
6772		-6.106250
6773		-5.756250
6774		-5.956250
6775		-6.481250
6776		-6.568750
6777		-7.150000
6778		-6.625000
6779		-6.712500
6780		-6.131250
6781		-6.775000
6782		-6.656250
6783		-7.062500
6784		-7.268750
6785		-6.600000
6786		-6.862500
6787		-6.281250
6788		-6.425000
6789		-6.600000
6790		-6.918750
6791		-7.150000
6792		-6.950000
6793		-6.193750
6794		-6.162500
6795		-5.900000
6796		-5.987500
6797		-6.425000
6798		-6.537500
6799		-6.106250
6800		-5.956250
6801		-5.350000
6802		-5.437500
6803		-5.581250
6804		-5.900000
6805		-5.956250
6806		-6.306250
6807		-5.868750
6808		-5.606250
6809		-5.375000
6810		-5.606250
6811		-5.843750
6812		-6.075000
6813		-6.075000
6814		-5.956250
6815		-5.843750
6816		-5.262500
6817		-5.900000
6818		-6.218750
6819		-6.250000
6820		-6.775000
6821		-6.250000
6822		-5.956250
6823		-5.931250
6824		-6.075000
6825		-6.450000
6826		-6.568750
6827		-6.862500
6828		-6.775000
6829		-5.931250
6830		-6.043750
6831		-5.781250
6832		-6.512500
6833		-6.600000
6834		-6.775000
6835		-6.712500
6836		-5.987500
6837		-5.637500
6838		-5.812500
6839		-6.368750
6840		-6.337500
6841		-6.687500
6842		-6.337500
6843		-6.043750
6844		-5.900000
6845		-5.437500
6846		-5.462500
6847		-6.162500
6848		-5.756250
6849		-5.931250
6850		-5.262500
6851		-5.112500
6852		-4.356250
6853		-4.675000
6854		-4.675000
6855		-4.912500
6856		-5.437500
6857		-4.243750
6858		-4.300000
6859		-3.487500
6860		-3.950000
6861		-3.950000
6862		-4.243750
6863		-4.531250
6864		-3.950000
6865		-4.093750
6866		-3.193750
6867		-3.281250
6868		-3.806250
6869		-3.687500
6870		-4.443750
6871		-3.950000
6872		-3.775000
6873		-4.006250
6874		-3.631250
6875		-4.212500
6876		-4.356250
6877		-4.531250
6878		-5.437500
6879		-4.531250
6880		-4.650000
6881		-4.650000
6882		-4.650000
6883		-5.518750
6884		-5.462500
6885		-5.756250
6886		-5.550000
6887		-5.462500
6888		-5.175000
6889		-5.087500
6890		-5.606250
6891		-6.131250
6892		-6.281250
6893		-5.668750
6894		-5.756250
6895		-5.375000
6896		-5.493750
6897		-5.987500
6898		-5.668750
6899		-6.218750
6900		-5.693750
6901		-5.606250
6902		-5.350000
6903		-5.318750
6904		-5.550000
6905		-5.406250
6906		-5.956250
6907		-5.956250
6908		-5.375000
6909		-5.550000
6910		-4.793750
6911		-4.850000
6912		-5.462500
6913		-5.693750
6914		-5.931250
6915		-5.406250
6916		-5.143750
6917		-4.675000
6918		-5.087500
6919		-5.350000
6920		-5.550000
6921		-5.668750
6922		-5.143750
6923		-5.200000
6924		-5.287500
6925		-4.968750
6926		-5.581250
6927		-5.668750
6928		-6.193750
6929		-5.606250
6930		-5.262500
6931		-5.581250
6932		-5.025000
6933		-5.956250
6934		-5.900000
6935		-6.337500
6936		-6.800000
6937		-5.987500
6938		-6.075000
6939		-5.725000
6940		-6.425000
6941		-6.568750
6942		-6.950000
6943		-7.300000
6944		-6.862500
6945		-6.600000
6946		-6.831250
6947		-6.862500
6948		-6.862500
6949		-7.500000
6950		-7.556250
6951		-7.006250
6952		-6.712500
6953		-6.712500
6954		-7.037500
6955		-7.381250
6956		-7.556250
6957		-7.731250
6958		-7.443750
6959		-7.181250
6960		-6.918750
6961		-6.625000
6962		-7.125000
6963		-6.712500
6964		-7.181250
6965		-6.831250
6966		-6.743750
6967		-6.281250
6968		-6.018750
6969		-6.131250
6970		-6.537500
6971		-6.537500
6972		-6.600000
6973		-6.043750
6974		-5.843750
6975		-5.725000
6976		-5.437500
6977		-5.693750
6978		-5.843750
6979		-5.693750
6980		-4.968750
6981		-4.793750
6982		-4.243750
6983		-4.268750
6984		-4.506250
6985		-4.618750
6986		-4.737500
6987		-4.243750
6988		-3.950000
6989		-3.656250
6990		-3.075000
6991		-3.775000
6992		-4.243750
6993		-3.950000
6994		-3.656250
6995		-3.250000
6996		-3.137500
6997		-2.643750
6998		-3.050000
6999		-3.312500
7000		-3.631250
7001		-3.312500
7002		-3.106250
7003		-2.843750
7004		-2.725000
7005		-2.643750
7006		-3.487500
7007		-3.631250
7008		-4.068750
7009		-3.193750
7010		-3.368750
7011		-3.368750
7012		-3.137500
7013		-3.831250
7014		-3.893750
7015		-4.243750
7016		-4.006250
7017		-3.806250
7018		-3.368750
7019		-3.600000
7020		-4.006250
7021		-4.331250
7022		-4.387500
7023		-4.562500
7024		-4.443750
7025		-4.125000
7026		-3.862500
7027		-4.356250
7028		-4.762500
7029		-5.375000
7030		-4.968750
7031		-4.562500
7032		-4.387500
7033		-4.156250
7034		-4.762500
7035		-4.650000
7036		-5.056250
7037		-5.087500
7038		-4.675000
7039		-4.506250
7040		-4.443750
7041		-5.000000
7042		-4.825000
7043		-5.318750
7044		-5.406250
7045		-4.706250
7046		-4.562500
7047		-4.675000
7048		-4.212500
7049		-4.825000
7050		-4.937500
7051		-5.175000
7052		-5.287500
7053		-5.025000
7054		-4.737500
7055		-4.650000
7056		-5.112500
7057		-5.606250
7058		-5.693750
7059		-5.868750
7060		-5.550000
7061		-5.462500
7062		-5.462500
7063		-5.493750
7064		-6.018750
7065		-6.537500
7066		-6.600000
7067		-6.193750
7068		-5.956250
7069		-5.668750
7070		-5.843750
7071		-6.250000
7072		-6.625000
7073		-6.950000
7074		-6.887500
7075		-6.393750
7076		-6.193750
7077		-5.843750
7078		-5.956250
7079		-6.568750
7080		-6.743750
7081		-6.625000
7082		-6.568750
7083		-6.075000
7084		-5.637500
7085		-5.756250
7086		-6.450000
7087		-6.450000
7088		-6.368750
7089		-6.193750
7090		-5.693750
7091		-5.518750
7092		-5.668750
7093		-6.193750
7094		-6.131250
7095		-6.193750
7096		-6.043750
7097		-5.668750
7098		-4.912500
7099		-5.318750
7100		-5.756250
7101		-5.693750
7102		-6.337500
7103		-5.375000
7104		-5.493750
7105		-5.087500
7106		-4.650000
7107		-5.462500
7108		-5.606250
7109		-5.518750
7110		-5.931250
7111		-5.200000
7112		-5.112500
7113		-4.825000
7114		-4.881250
7115		-5.375000
7116		-5.606250
7117		-5.756250
7118		-5.606250
7119		-5.262500
7120		-4.968750
7121		-5.262500
7122		-5.518750
7123		-6.250000
7124		-6.481250
7125		-5.987500
7126		-5.956250
7127		-5.406250
7128		-5.956250
7129		-6.218750
7130		-6.568750
7131		-7.125000
7132		-6.537500
7133		-6.975000
7134		-6.393750
7135		-6.043750
7136		-6.281250
7137		-7.037500
7138		-7.212500
7139		-7.125000
7140		-6.687500
7141		-6.306250
7142		-6.250000
7143		-6.775000
7144		-6.537500
7145		-6.975000
7146		-7.062500
7147		-6.831250
7148		-6.250000
7149		-5.956250
7150		-6.250000
7151		-6.250000
7152		-6.481250
7153		-6.656250
7154		-6.075000
7155		-5.843750
7156		-5.668750
7157		-5.581250
7158		-5.756250
7159		-6.218750
7160		-6.512500
7161		-6.218750
7162		-5.843750
7163		-5.812500
7164		-5.406250
7165		-5.581250
7166		-6.306250
7167		-6.162500
7168		-6.568750
7169		-5.756250
7170		-5.812500
7171		-5.518750
7172		-5.812500
7173		-6.131250
7174		-6.625000
7175		-6.687500
7176		-6.281250
7177		-6.131250
7178		-6.193750
7179		-6.018750
7180		-6.393750
7181		-6.712500
7182		-7.062500
7183		-6.775000
7184		-6.131250
7185		-6.368750
7186		-5.956250
7187		-6.425000
7188		-6.918750
7189		-7.356250
7190		-7.356250
7191		-6.887500
7192		-6.950000
7193		-6.712500
7194		-7.300000
7195		-7.643750
7196		-7.618750
7197		-7.881250
7198		-7.587500
7199		-7.731250
7200		-7.237500
7201		-7.443750
7202		-7.500000
7203		-7.618750
7204		-7.881250
7205		-7.268750
7206		-7.062500
7207		-6.887500
7208		-6.831250
7209		-7.125000
7210		-7.037500
7211		-7.443750
7212		-7.212500
7213		-6.568750
7214		-6.712500
7215		-6.250000
7216		-6.625000
7217		-7.037500
7218		-7.125000
7219		-7.062500
7220		-6.918750
7221		-6.481250
7222		-6.568750
7223		-7.181250
7224		-7.643750
7225		-8.168750
7226		-8.693750
7227		-8.143750
7228		-8.375000
7229		-8.462500
7230		-8.900000
7231		-8.900000
7232		-9.568750
7233		-10.031250
7234		-9.481250
7235		-9.331250
7236		-9.012500
7237		-9.043750
7238		-9.075000
7239		-9.568750
7240		-9.075000
7241		-9.131250
7242		-8.168750
7243		-7.993750
7244		-6.775000
7245		-6.831250
7246		-7.006250
7247		-6.862500
7248		-6.281250
7249		-5.581250
7250		-5.087500
7251		-4.618750
7252		-4.650000
7253		-4.587500
7254		-4.356250
7255		-4.618750
7256		-3.950000
7257		-3.575000
7258		-3.193750
7259		-3.137500
7260		-3.862500
7261		-3.543750
7262		-4.331250
7263		-3.575000
7264		-3.600000
7265		-3.425000
7266		-3.368750
7267		-3.950000
7268		-3.775000
7269		-4.093750
7270		-4.037500
7271		-3.893750
7272		-3.543750
7273		-3.050000
7274		-3.425000
7275		-3.368750
7276		-3.687500
7277		-3.656250
7278		-2.987500
7279		-2.318750
7280		-1.825000
7281		-2.056250
7282		-1.625000
7283		-1.562500
7284		-1.212500
7285		-0.693750
7286		-0.018750
7287		0.475000
7288		0.737500
7289		1.000000
7290		0.737500
7291		0.150000
7292		1.025000
7293		1.231250
7294		1.606250
7295		1.606250
7296		1.168750
7297		1.081250
7298		0.618750
7299		0.850000
7300		0.881250
7301		0.912500
7302		0.793750
7303		0.237500
7304		-0.662500
7305		-1.037500
7306		-1.475000
7307		-1.475000
7308		-1.625000
7309		-2.056250
7310		-2.350000
7311		-3.687500
7312		-4.068750
7313		-4.762500
7314		-4.737500
7315		-5.175000
7316		-5.231250
7317		-6.131250
7318		-6.743750
7319		-7.006250
7320		-7.850000
7321		-8.025000
7322		-8.143750
7323		-8.750000
7324		-8.750000
7325		-9.625000
7326		-9.975000
7327		-11.050000
7328		-11.193750
7329		-10.937500
7330		-11.193750
7331		-10.993750
7332		-11.225000
7333		-11.718750
7334		-11.718750
7335		-12.125000
7336		-11.543750
7337		-11.606250
7338		-10.993750
7339		-11.281250
7340		-11.312500
7341		-11.487500
7342		-11.225000
7343		-10.412500
7344		-10.006250
7345		-9.800000
7346		-9.418750
7347		-9.537500
7348		-9.393750
7349		-9.187500
7350		-8.312500
7351		-7.850000
7352		-7.881250
7353		-7.443750
7354		-7.618750
7355		-7.706250
7356		-7.793750
7357		-7.412500
7358		-7.093750
7359		-7.062500
7360		-6.425000
7361		-7.093750
7362		-7.212500
7363		-7.125000
7364		-7.618750
7365		-7.212500
7366		-7.062500
7367		-6.800000
7368		-7.150000
7369		-6.975000
7370		-7.850000
7371		-7.587500
7372		-7.212500
7373		-7.125000
7374		-6.800000
7375		-6.775000
7376		-7.062500
7377		-7.150000
7378		-6.800000
7379		-6.537500
7380		-5.956250
7381		-5.987500
7382		-5.725000
7383		-5.462500
7384		-5.668750
7385		-5.668750
7386		-5.200000
7387		-4.825000
7388		-4.418750
7389		-4.387500
7390		-4.331250
7391		-4.443750
7392		-4.418750
7393		-4.387500
7394		-4.268750
7395		-3.225000
7396		-3.631250
7397		-4.006250
7398		-3.981250
7399		-4.300000
7400		-4.268750
7401		-4.093750
7402		-4.006250
7403		-3.918750
7404		-4.387500
7405		-4.793750
7406		-4.912500
7407		-5.318750
7408		-5.175000
7409		-5.000000
7410		-4.737500
7411		-4.968750
7412		-5.550000
7413		-6.193750
7414		-6.162500
7415		-6.250000
7416		-5.987500
7417		-6.918750
7418		-6.281250
7419		-6.950000
7420		-7.300000
7421		-7.500000
7422		-7.675000
7423		-7.906250
7424		-7.937500
7425		-7.993750
7426		-8.256250
7427		-8.606250
7428		-8.925000
7429		-9.450000
7430		-9.450000
7431		-9.306250
7432		-9.243750
7433		-9.831250
7434		-10.175000
7435		-10.762500
7436		-11.081250
7437		-10.700000
7438		-10.762500
7439		-10.500000
7440		-10.643750
7441		-10.906250
7442		-10.993750
7443		-11.631250
7444		-10.850000
7445		-10.612500
7446		-10.175000
7447		-9.656250
7448		-10.175000
7449		-9.418750
7450		-9.887500
7451		-9.131250
7452		-9.162500
7453		-8.518750
7454		-7.881250
7455		-7.731250
7456		-7.556250
7457		-7.556250
7458		-7.150000
7459		-6.393750
7460		-5.725000
7461		-5.087500
7462		-4.881250
7463		-4.793750
7464		-4.762500
7465		-4.387500
7466		-3.687500
7467		-3.225000
7468		-2.556250
7469		-2.262500
7470		-1.881250
7471		-1.681250
7472		-1.450000
7473		-0.862500
7474		-0.575000
7475		0.300000
7476		0.387500
7477		0.937500
7478		1.143750
7479		1.025000
7480		1.518750
7481		2.481250
7482		2.800000
7483		3.206250
7484		3.325000
7485		3.206250
7486		3.325000
7487		3.643750
7488		3.937500
7489		4.256250
7490		4.781250
7491		4.606250
7492		4.637500
7493		3.762500
7494		4.025000
7495		4.312500
7496		4.287500
7497		5.012500
7498		4.637500
7499		4.431250
7500		3.962500
7501		3.556250
7502		3.643750
7503		3.356250
7504		3.412500
7505		3.118750
7506		2.450000
7507		2.187500
7508		1.462500
7509		1.668750
7510		1.287500
7511		1.287500
7512		1.000000
7513		0.443750
7514		0.181250
7515		-0.718750
7516		-0.893750
7517		-1.156250
7518		-1.212500
7519		-1.125000
7520		-1.825000
7521		-2.381250
7522		-3.193750
7523		-3.456250
7524		-3.368750
7525		-4.156250
7526		-3.425000
7527		-4.443750
7528		-4.793750
7529		-5.493750
7530		-5.812500
7531		-5.606250
7532		-5.900000
7533		-5.868750
7534		-6.568750
7535		-7.062500
7536		-7.268750
7537		-7.850000
7538		-7.412500
7539		-7.850000
7540		-7.643750
7541		-8.025000
7542		-8.606250
7543		-8.750000
7544		-9.331250
7545		-9.162500
7546		-9.100000
7547		-8.750000
7548		-8.518750
7549		-8.725000
7550		-9.218750
7551		-9.681250
7552		-9.450000
7553		-8.868750
7554		-8.987500
7555		-8.518750
7556		-8.693750
7557		-8.956250
7558		-8.812500
7559		-8.868750
7560		-8.287500
7561		-8.343750
7562		-7.762500
7563		-7.906250
7564		-8.143750
7565		-8.287500
7566		-8.168750
7567		-7.906250
7568		-7.300000
7569		-7.268750
7570		-7.443750
7571		-7.468750
7572		-7.468750
7573		-7.850000
7574		-7.268750
7575		-7.006250
7576		-6.775000
7577		-6.625000
7578		-6.600000
7579		-6.743750
7580		-7.125000
7581		-6.131250
7582		-5.668750
7583		-5.375000
7584		-5.175000
7585		-5.143750
7586		-5.606250
7587		-5.375000
7588		-5.000000
7589		-4.300000
7590		-3.775000
7591		-3.718750
7592		-3.718750
7593		-3.743750
7594		-3.950000
7595		-3.687500
7596		-2.962500
7597		-2.493750
7598		-2.175000
7599		-2.406250
7600		-2.556250
7601		-2.643750
7602		-2.581250
7603		-1.856250
7604		-1.768750
7605		-1.100000
7606		-1.681250
7607		-1.650000
7608		-1.387500
7609		-1.625000
7610		-0.950000
7611		-0.693750
7612		-0.081250
7613		-0.168750
7614		-0.368750
7615		-0.312500
7616		-0.981250
7617		-0.225000
7618		-0.168750
7619		-0.137500
7620		0.181250
7621		-0.256250
7622		-1.156250
7623		-1.037500
7624		-1.156250
7625		-0.893750
7626		-1.300000
7627		-1.037500
7628		-1.825000
7629		-2.468750
7630		-2.612500
7631		-2.787500
7632		-2.987500
7633		-2.843750
7634		-2.812500
7635		-3.806250
7636		-4.037500
7637		-4.968750
7638		-4.850000
7639		-5.056250
7640		-4.793750
7641		-4.850000
7642		-5.350000
7643		-5.693750
7644		-5.987500
7645		-6.450000
7646		-6.043750
7647		-6.193750
7648		-5.812500
7649		-5.756250
7650		-6.306250
7651		-6.393750
7652		-6.862500
7653		-6.393750
7654		-6.043750
7655		-5.987500
7656		-6.043750
7657		-6.537500
7658		-6.537500
7659		-6.975000
7660		-6.512500
7661		-6.481250
7662		-6.075000
7663		-5.987500
7664		-6.281250
7665		-6.831250
7666		-6.775000
7667		-6.862500
7668		-6.425000
7669		-6.537500
7670		-6.512500
7671		-6.218750
7672		-7.150000
7673		-7.181250
7674		-7.587500
7675		-6.918750
7676		-6.862500
7677		-6.218750
7678		-6.537500
7679		-6.975000
7680		-7.212500
7681		-6.975000
7682		-6.450000
7683		-6.743750
7684		-6.218750
7685		-6.306250
7686		-6.368750
7687		-6.568750
7688		-6.887500
7689		-6.043750
7690		-6.281250
7691		-5.725000
7692		-5.693750
7693		-5.812500
7694		-5.843750
7695		-6.393750
7696		-6.018750
7697		-5.725000
7698		-5.231250
7699		-5.462500
7700		-5.287500
7701		-5.231250
7702		-5.375000
7703		-5.262500
7704		-4.937500
7705		-4.387500
7706		-4.387500
7707		-4.156250
7708		-4.387500
7709		-4.093750
7710		-4.243750
7711		-3.512500
7712		-3.250000
7713		-2.875000
7714		-2.812500
7715		-2.962500
7716		-3.162500
7717		-3.368750
7718		-2.931250
7719		-2.381250
7720		-1.825000
7721		-2.206250
7722		-2.293750
7723		-2.318750
7724		-2.525000
7725		-1.968750
7726		-1.593750
7727		-1.825000
7728		-1.537500
7729		-1.537500
7730		-1.681250
7731		-1.881250
7732		-1.537500
7733		-1.475000
7734		-0.893750
7735		-0.806250
7736		-1.450000
7737		-1.275000
7738		-1.650000
7739		-1.100000
7740		-1.068750
7741		-0.837500
7742		-0.225000
7743		-0.750000
7744		-0.631250
7745		-0.925000
7746		-1.187500
7747		-0.862500
7748		-0.137500
7749		0.125000
7750		-0.225000
7751		-0.575000
7752		-0.862500
7753		-0.575000
7754		-0.606250
7755		-0.225000
7756		-0.168750
7757		-0.456250
7758		-0.343750
7759		-0.862500
7760		-1.100000
7761		-0.893750
7762		-0.693750
7763		-0.312500
7764		-0.750000
7765		-1.156250
7766		-1.012500
7767		-1.768750
7768		-1.537500
7769		-1.450000
7770		-1.737500
7771		-1.418750
7772		-2.087500
7773		-1.856250
7774		-2.468750
7775		-2.000000
7776		-2.031250
7777		-1.881250
7778		-1.593750
7779		-2.118750
7780		-2.293750
7781		-2.962500
7782		-2.318750
7783		-2.143750
7784		-1.450000
7785		-1.387500
7786		-1.881250
7787		-2.031250
7788		-2.031250
7789		-1.912500
7790		-1.681250
7791		-1.475000
7792		-1.037500
7793		-1.506250
7794		-1.450000
7795		-1.712500
7796		-1.881250
7797		-1.593750
7798		-1.156250
7799		-0.718750
7800		-0.950000
7801		-1.275000
7802		-1.387500
7803		-1.387500
7804		-1.187500
7805		-1.243750
7806		-0.806250
7807		-1.037500
7808		-1.100000
7809		-1.625000
7810		-1.450000
7811		-1.450000
7812		-1.100000
7813		-0.925000
7814		-0.862500
7815		-1.300000
7816		-1.125000
7817		-1.968750
7818		-1.331250
7819		-1.300000
7820		-1.100000
7821		-0.806250
7822		-1.418750
7823		-1.968750
7824		-2.556250
7825		-2.262500
7826		-2.143750
7827		-2.056250
7828		-1.768750
7829		-2.118750
7830		-2.962500
7831		-3.225000
7832		-3.281250
7833		-3.281250
7834		-3.425000
7835		-3.425000
7836		-3.918750
7837		-4.243750
7838		-4.531250
7839		-5.025000
7840		-4.881250
7841		-4.881250
7842		-4.968750
7843		-5.493750
7844		-5.637500
7845		-6.106250
7846		-6.337500
7847		-6.218750
7848		-6.131250
7849		-5.987500
7850		-6.043750
7851		-6.512500
7852		-6.712500
7853		-7.062500
7854		-7.006250
7855		-6.775000
7856		-7.006250
7857		-6.481250
7858		-7.150000
7859		-7.443750
7860		-7.587500
7861		-7.356250
7862		-7.212500
7863		-7.237500
7864		-6.975000
7865		-7.300000
7866		-7.906250
7867		-8.168750
7868		-7.731250
7869		-7.587500
7870		-7.643750
7871		-7.212500
7872		-7.993750
7873		-8.462500
7874		-8.606250
7875		-8.693750
7876		-8.231250
7877		-8.487500
7878		-8.287500
7879		-8.750000
7880		-9.075000
7881		-8.956250
7882		-9.593750
7883		-9.100000
7884		-8.750000
7885		-8.725000
7886		-8.812500
7887		-9.187500
7888		-9.450000
7889		-9.275000
7890		-9.012500
7891		-9.100000
7892		-8.662500
7893		-8.900000
7894		-8.868750
7895		-9.012500
7896		-9.075000
7897		-8.231250
7898		-8.487500
7899		-8.081250
7900		-8.343750
7901		-8.312500
7902		-8.518750
7903		-8.431250
7904		-7.793750
7905		-7.531250
7906		-7.556250
7907		-6.712500
7908		-7.325000
7909		-6.887500
7910		-7.618750
7911		-6.712500
7912		-6.537500
7913		-6.162500
7914		-5.287500
7915		-6.131250
7916		-5.668750
7917		-6.162500
7918		-5.437500
7919		-4.968750
7920		-4.618750
7921		-3.862500
7922		-4.006250
7923		-3.862500
7924		-4.300000
7925		-3.575000
7926		-3.281250
7927		-3.106250
7928		-2.318750
7929		-2.262500
7930		-2.468750
7931		-2.406250
7932		-2.468750
7933		-2.056250
7934		-1.300000
7935		-1.100000
7936		-0.981250
7937		-1.331250
7938		-1.187500
7939		-0.925000
7940		-1.037500
7941		-0.456250
7942		-0.256250
7943		-0.518750
7944		-0.400000
7945		-0.718750
7946		-0.750000
7947		-0.081250
7948		0.125000
7949		0.150000
7950		0.412500
7951		-0.168750
7952		-0.168750
7953		-0.137500
7954		0.006250
7955		0.125000
7956		0.650000
7957		0.675000
7958		0.268750
7959		-0.018750
7960		-0.081250
7961		-0.050000
7962		0.356250
7963		0.443750
7964		0.793750
7965		0.300000
7966		0.006250
7967		-0.662500
7968		-0.281250
7969		-0.081250
7970		-0.225000
7971		0.212500
7972		-0.343750
7973		-0.750000
7974		-0.862500
7975		-1.037500
7976		-0.718750
7977		-0.718750
7978		-0.606250
7979		-0.750000
7980		-1.418750
7981		-1.593750
7982		-1.650000
7983		-1.562500
7984		-1.125000
7985		-1.156250
7986		-1.012500
7987		-1.537500
7988		-1.737500
7989		-1.768750
7990		-1.593750
7991		-1.537500
7992		-1.012500
7993		-1.625000
7994		-1.562500
7995		-1.681250
7996		-1.912500
7997		-1.593750
7998		-1.475000
7999		-1.012500
8000		-1.331250
8001		-1.475000
8002		-2.056250
8003		-1.912500
8004		-2.118750
8005		-1.737500
8006		-1.768750
8007		-1.768750
8008		-2.143750
8009		-2.756250
8010		-2.787500
8011		-3.137500
8012		-2.787500
8013		-2.493750
8014		-2.350000
8015		-2.987500
8016		-3.106250
8017		-3.806250
8018		-3.425000
8019		-3.018750
8020		-2.787500
8021		-2.643750
8022		-3.075000
8023		-3.512500
8024		-3.575000
8025		-3.600000
8026		-2.643750
8027		-2.875000
8028		-2.756250
8029		-2.231250
8030		-2.931250
8031		-3.137500
8032		-2.643750
8033		-2.118750
8034		-2.206250
8035		-1.712500
8036		-2.000000
8037		-2.468750
8038		-2.293750
8039		-2.381250
8040		-1.625000
8041		-2.056250
8042		-1.625000
8043		-1.737500
8044		-2.031250
8045		-2.318750
8046		-2.725000
8047		-2.031250
8048		-1.825000
8049		-1.881250
8050		-1.943750
8051		-2.556250
8052		-2.581250
8053		-3.400000
8054		-2.612500
8055		-2.406250
8056		-2.525000
8057		-2.381250
8058		-2.900000
8059		-3.425000
8060		-3.281250
8061		-3.050000
8062		-2.643750
8063		-2.556250
8064		-2.700000
8065		-3.075000
8066		-3.193750
8067		-3.806250
8068		-3.193750
8069		-2.987500
8070		-2.987500
8071		-2.843750
8072		-3.425000
8073		-3.487500
8074		-3.718750
8075		-3.281250
8076		-3.312500
8077		-3.631250
8078		-3.075000
8079		-3.918750
8080		-3.862500
8081		-3.893750
8082		-3.981250
8083		-3.893750
8084		-3.600000
8085		-3.162500
8086		-3.600000
8087		-3.631250
8088		-3.950000
8089		-3.775000
8090		-3.487500
8091		-3.425000
8092		-3.075000
8093		-3.368750
8094		-3.425000
8095		-3.831250
8096		-3.862500
8097		-3.075000
8098		-3.075000
8099		-2.318750
8100		-2.987500
8101		-2.987500
8102		-2.987500
8103		-3.050000
8104		-3.018750
8105		-2.556250
8106		-2.350000
8107		-2.406250
8108		-2.756250
8109		-3.075000
8110		-2.812500
8111		-2.493750
8112		-2.787500
8113		-2.381250
8114		-2.118750
8115		-2.525000
8116		-2.493750
8117		-3.018750
8118		-2.556250
8119		-2.350000
8120		-2.175000
8121		-1.593750
8122		-2.493750
8123		-2.556250
8124		-3.075000
8125		-2.581250
8126		-2.206250
8127		-1.681250
8128		-1.737500
8129		-1.943750
8130		-2.406250
8131		-2.493750
8132		-1.968750
8133		-1.881250
8134		-1.593750
8135		-1.450000
8136		-1.793750
8137		-1.768750
8138		-2.293750
8139		-1.881250
8140		-2.143750
8141		-2.000000
8142		-1.625000
8143		-2.437500
8144		-2.493750
8145		-2.700000
8146		-2.962500
8147		-2.700000
8148		-2.725000
8149		-2.350000
8150		-2.900000
8151		-3.543750
8152		-3.400000
8153		-3.862500
8154		-3.337500
8155		-3.368750
8156		-3.337500
8157		-3.718750
8158		-4.156250
8159		-4.356250
8160		-4.300000
8161		-4.443750
8162		-4.243750
8163		-3.806250
8164		-4.506250
8165		-5.056250
8166		-4.650000
8167		-5.175000
8168		-5.025000
8169		-4.356250
8170		-4.475000
8171		-4.675000
8172		-5.518750
8173		-5.756250
8174		-5.843750
8175		-5.437500
8176		-5.231250
8177		-5.518750
8178		-5.231250
8179		-5.987500
8180		-6.281250
8181		-6.337500
8182		-6.218750
8183		-5.900000
8184		-6.043750
8185		-5.987500
8186		-6.131250
8187		-6.337500
8188		-6.687500
8189		-6.250000
8190		-6.075000
8191		-6.162500
8192		-5.668750
8193		-5.693750
8194		-5.318750
8195		-5.000000
8196		-5.375000
8197		-5.987500
8198		-5.493750
8199		-5.550000
8200		-5.112500
8201		-4.850000
8202		-4.850000
8203		-4.737500
8204		-5.200000
8205		-5.087500
8206		-4.531250
8207		-4.243750
8208		-4.068750
8209		-3.718750
8210		-3.862500
8211		-4.243750
8212		-4.300000
8213		-4.212500
8214		-3.981250
8215		-3.487500
8216		-3.281250
8217		-3.193750
8218		-3.137500
8219		-3.337500
8220		-3.831250
8221		-2.931250
8222		-3.075000
8223		-2.493750
8224		-2.756250
8225		-2.437500
8226		-2.812500
8227		-2.900000
8228		-2.468750
8229		-2.056250
8230		-1.625000
8231		-1.593750
8232		-1.475000
8233		-1.537500
8234		-1.856250
8235		-1.537500
8236		-0.981250
8237		-1.156250
8238		-0.662500
8239		-1.012500
8240		-1.156250
8241		-1.156250
8242		-0.750000
8243		-0.431250
8244		-0.050000
8245		-0.050000
8246		-0.018750
8247		-0.400000
8248		-0.518750
8249		-0.400000
8250		-0.106250
8251		0.037500
8252		0.212500
8253		-0.456250
8254		-0.106250
8255		-0.662500
8256		0.037500
8257		-0.106250
8258		0.212500
8259		0.587500
8260		0.268750
8261		0.068750
8262		-0.106250
8263		-0.137500
8264		0.737500
8265		0.850000
8266		1.168750
8267		0.737500
8268		0.562500
8269		0.443750
8270		0.587500
8271		0.850000
8272		1.056250
8273		1.462500
8274		1.056250
8275		1.056250
8276		0.737500
8277		0.762500
8278		1.231250
8279		1.143750
8280		1.550000
8281		1.231250
8282		1.143750
8283		0.881250
8284		0.268750
8285		1.025000
8286		0.587500
8287		1.693750
8288		1.081250
8289		1.231250
8290		1.000000
8291		0.793750
8292		1.231250
8293		1.493750
8294		1.581250
8295		1.025000
8296		1.318750
8297		1.025000
8298		0.793750
8299		1.518750
8300		1.143750
8301		1.868750
8302		1.231250
8303		1.756250
8304		0.881250
8305		0.562500
8306		1.000000
8307		0.912500
8308		1.256250
8309		1.143750
8310		0.300000
8311		0.356250
8312		-0.456250
8313		0.443750
8314		0.356250
8315		0.387500
8316		0.587500
8317		0.125000
8318		-0.137500
8319		-0.806250
8320		-0.575000
8321		-0.575000
8322		-0.256250
8323		-0.081250
8324		-0.750000
8325		-1.156250
8326		-1.450000
8327		-1.125000
8328		-0.862500
8329		-0.806250
8330		-0.487500
8331		-0.950000
8332		-1.037500
8333		-1.362500
8334		-1.100000
8335		-0.487500
8336		-0.631250
8337		-0.487500
8338		-0.781250
8339		-0.781250
8340		-1.387500
8341		-1.037500
8342		-0.925000
8343		-0.368750
8344		-0.312500
8345		-0.662500
8346		-0.950000
8347		-1.387500
8348		-1.212500
8349		-0.862500
8350		-0.925000
8351		-0.606250
8352		-1.475000
8353		-1.156250
8354		-1.450000
8355		-1.737500
8356		-1.593750
8357		-1.068750
8358		-1.418750
8359		-1.537500
8360		-1.593750
8361		-2.143750
8362		-2.056250
8363		-1.537500
8364		-1.768750
8365		-1.331250
8366		-1.856250
8367		-2.031250
8368		-2.118750
8369		-2.293750
8370		-2.056250
8371		-1.856250
8372		-1.681250
8373		-2.175000
8374		-2.175000
8375		-2.381250
8376		-2.350000
8377		-1.912500
8378		-1.968750
8379		-1.450000
8380		-1.825000
8381		-1.881250
8382		-2.437500
8383		-2.581250
8384		-1.968750
8385		-1.625000
8386		-2.000000
8387		-1.625000
8388		-1.912500
8389		-2.031250
8390		-2.175000
8391		-1.912500
8392		-1.537500
8393		-1.037500
8394		-1.187500
8395		-1.537500
8396		-1.650000
8397		-1.825000
8398		-1.187500
8399		-1.037500
8400		-0.575000
8401		-0.575000
8402		-1.187500
8403		-0.950000
8404		-1.037500
8405		-0.368750
8406		-0.018750
8407		-0.081250
8408		0.268750
8409		0.268750
8410		-0.343750
8411		-0.487500
8412		0.125000
8413		0.356250
8414		0.587500
8415		0.881250
8416		0.237500
8417		0.150000
8418		-0.368750
8419		0.006250
8420		-0.193750
8421		0.093750
8422		0.212500
8423		-0.081250
8424		-0.168750
8425		-0.631250
8426		-0.343750
8427		0.037500
8428		0.212500
8429		-0.081250
8430		-0.081250
8431		-0.400000
8432		-0.543750
8433		-0.281250
8434		-0.018750
8435		0.268750
8436		0.150000
8437		-0.193750
8438		-0.106250
8439		-0.575000
8440		0.212500
8441		-0.050000
8442		0.500000
8443		1.025000
8444		0.443750
8445		-0.168750
8446		0.093750
8447		0.706250
8448		0.675000
8449		0.650000
8450		1.287500
8451		0.706250
8452		0.500000
8453		0.825000
8454		0.212500
8455		0.762500
8456		1.231250
8457		1.287500
8458		0.675000
8459		0.325000
8460		-0.137500
8461		-0.168750
8462		0.500000
8463		0.237500
8464		0.562500
8465		0.300000
8466		0.325000
8467		-0.225000
8468		-0.050000
8469		0.181250
8470		0.650000
8471		0.356250
8472		0.356250
8473		0.006250
8474		-0.193750
8475		-0.081250
8476		-0.081250
8477		0.150000
8478		0.443750
8479		0.037500
8480		0.125000
8481		0.093750
8482		-0.518750
8483		-0.168750
8484		-0.281250
8485		0.268750
8486		-0.368750
8487		-0.343750
8488		-0.575000
8489		-1.187500
8490		-0.750000
8491		-0.806250
8492		-0.606250
8493		-0.862500
8494		-1.037500
8495		-1.275000
8496		-1.243750
8497		-0.431250
8498		-0.606250
8499		-0.431250
8500		-0.575000
8501		-1.012500
8502		-1.300000
8503		-1.243750
8504		-0.750000
8505		-1.450000
8506		-0.050000
8507		-0.281250
8508		-0.606250
8509		-1.187500
8510		-1.300000
8511		-0.456250
8512		-0.281250
8513		-0.368750
8514		-0.168750
8515		-0.750000
8516		-0.981250
8517		-1.100000
8518		-0.543750
8519		-0.518750
8520		-0.081250
8521		-0.400000
8522		-0.575000
8523		-0.862500
8524		-1.387500
8525		-0.543750
8526		-0.487500
8527		0.037500
8528		-0.368750
8529		-0.606250
8530		-0.718750
8531		-0.862500
8532		-0.312500
8533		-0.256250
8534		-0.018750
8535		0.387500
8536		-0.281250
8537		-0.018750
8538		-0.225000
8539		0.212500
8540		0.706250
8541		0.500000
8542		0.937500
8543		0.793750
8544		0.500000
8545		0.300000
8546		0.706250
8547		0.968750
8548		1.781250
8549		1.493750
8550		1.493750
8551		0.881250
8552		0.587500
8553		1.143750
8554		1.606250
8555		1.462500
8556		1.725000
8557		2.600000
8558		1.231250
8559		1.256250
8560		1.900000
8561		1.637500
8562		1.956250
8563		2.450000
8564		1.725000
8565		1.668750
8566		1.518750
8567		1.812500
8568		1.668750
8569		2.337500
8570		2.625000
8571		2.043750
8572		2.131250
8573		1.318750
8574		1.581250
8575		2.337500
8576		2.712500
8577		2.743750
8578		2.512500
8579		2.337500
8580		2.187500
8581		2.043750
8582		2.481250
8583		2.425000
8584		3.062500
8585		2.537500
8586		2.162500
8587		1.931250
8588		2.425000
8589		2.568750
8590		3.006250
8591		2.943750
8592		2.625000
8593		2.568750
8594		2.250000
8595		2.187500
8596		2.537500
8597		2.775000
8598		3.181250
8599		2.743750
8600		2.131250
8601		2.162500
8602		2.450000
8603		2.425000
8604		3.093750
8605		3.093750
8606		2.887500
8607		2.512500
8608		2.162500
8609		2.537500
8610		2.831250
8611		2.975000
8612		3.181250
8613		2.656250
8614		2.656250
8615		2.075000
8616		2.481250
8617		2.600000
8618		2.337500
8619		2.450000
8620		2.306250
8621		1.900000
8622		1.812500
8623		1.462500
8624		1.987500
8625		1.725000
8626		1.900000
8627		1.756250
8628		1.637500
8629		0.937500
8630		1.493750
8631		1.493750
8632		2.131250
8633		2.043750
8634		1.812500
8635		1.756250
8636		1.200000
8637		1.375000
8638		1.900000
8639		2.481250
8640		2.450000
8641		2.275000
8642		1.900000
8643		1.956250
8644		1.637500
8645		2.306250
8646		2.537500
8647		3.062500
8648		2.775000
8649		2.743750
8650		1.868750
8651		2.012500
8652		2.306250
8653		2.337500
8654		2.600000
8655		2.712500
8656		2.481250
8657		1.868750
8658		1.756250
8659		2.481250
8660		2.656250
8661		2.625000
8662		2.600000
8663		1.406250
8664		1.725000
8665		1.168750
8666		2.187500
8667		2.687500
8668		2.450000
8669		2.600000
8670		1.956250
8671		1.725000
8672		1.956250
8673		1.812500
8674		2.306250
8675		2.450000
8676		2.362500
8677		1.606250
8678		1.550000
8679		1.000000
8680		0.937500
8681		1.343750
8682		2.075000
8683		1.168750
8684		0.500000
8685		0.562500
8686		-0.193750
8687		0.443750
8688		0.356250
8689		0.443750
8690		1.256250
8691		0.150000
8692		0.068750
8693		-0.168750
8694		0.443750
8695		0.475000
8696		1.143750
8697		1.168750
8698		1.081250
8699		0.387500
8700		0.881250
8701		1.518750
8702		1.956250
8703		2.187500
8704		2.450000
8705		2.600000
8706		2.100000
8707		2.481250
8708		2.450000
8709		2.943750
8710		3.206250
8711		3.468750
8712		3.031250
8713		2.775000
8714		2.306250
8715		3.031250
8716		2.887500
8717		2.887500
8718		2.743750
8719		2.187500
8720		1.668750
8721		1.287500
8722		1.168750
8723		2.218750
8724		1.956250
8725		1.606250
8726		1.287500
8727		1.081250
8728		0.762500
8729		1.256250
8730		1.637500
8731		1.900000
8732		1.900000
8733		1.668750
8734		1.231250
8735		1.287500
8736		1.693750
8737		2.162500
8738		2.600000
8739		2.800000
8740		2.450000
8741		2.600000
8742		1.956250
8743		3.468750
8744		3.356250
8745		3.762500
8746		3.325000
8747		3.443750
8748		3.181250
8749		2.831250
8750		3.118750
8751		3.150000
8752		3.556250
8753		3.206250
8754		2.831250
8755		2.075000
8756		1.725000
8757		2.306250
8758		1.843750
8759		1.931250
8760		1.637500
8761		1.168750
8762		0.531250
8763		0.412500
8764		0.475000
8765		0.500000
8766		0.531250
8767		0.325000
8768		-0.487500
8769		-0.368750
8770		-1.300000
8771		-1.037500
8772		-1.037500
8773		-0.893750
8774		-0.950000
8775		-1.450000
8776		-2.056250
8777		-2.175000
8778		-2.231250
8779		-2.262500
8780		-1.737500
8781		-2.056250
8782		-2.406250
8783		-2.612500
8784		-3.106250
8785		-2.175000
8786		-2.350000
8787		-2.143750
8788		-1.825000
8789		-1.968750
8790		-2.118750
8791		-2.406250
8792		-1.881250
8793		-1.212500
8794		-0.893750
8795		-0.225000
8796		-0.925000
8797		-1.156250
8798		-0.575000
8799		-0.662500
8800		0.268750
8801		0.412500
8802		0.443750
8803		0.268750
8804		0.006250
8805		0.150000
8806		0.706250
8807		0.500000
8808		1.025000
8809		1.168750
8810		0.531250
8811		0.150000
8812		0.150000
8813		0.037500
8814		0.562500
8815		0.181250
8816		0.268750
8817		-0.018750
8818		-0.343750
8819		-0.750000
8820		-0.193750
8821		-0.225000
8822		0.443750
8823		0.181250
8824		0.068750
8825		0.587500
8826		0.181250
8827		0.412500
8828		0.937500
8829		1.518750
8830		1.868750
8831		1.637500
8832		2.012500
8833		1.931250
8834		2.800000
8835		3.675000
8836		3.762500
8837		4.200000
8838		4.312500
8839		4.518750
8840		4.487500
8841		5.012500
8842		5.593750
8843		6.000000
8844		6.556250
8845		6.262500
8846		6.700000
8847		5.975000
8848		6.843750
8849		6.875000
8850		7.018750
8851		7.400000
8852		7.050000
8853		6.962500
8854		6.325000
8855		6.906250
8856		6.962500
8857		6.906250
8858		7.343750
8859		6.468750
8860		6.612500
8861		6.087500
8862		5.656250
8863		6.175000
8864		6.381250
8865		6.206250
8866		5.625000
8867		5.362500
8868		5.012500
8869		5.218750
8870		5.131250
8871		4.981250
8872		4.662500
8873		4.168750
8874		4.168750
8875		3.468750
8876		3.618750
8877		3.500000
8878		3.412500
8879		3.531250
8880		2.775000
8881		2.743750
8882		2.100000
8883		2.100000
8884		2.337500
8885		2.162500
8886		2.568750
8887		2.043750
8888		2.306250
8889		1.112500
8890		1.756250
8891		1.756250
8892		2.187500
8893		2.306250
8894		1.900000
8895		1.518750
8896		1.256250
8897		1.900000
8898		2.775000
8899		2.600000
8900		2.687500
8901		2.537500
8902		1.725000
8903		1.987500
8904		2.250000
8905		3.031250
8906		2.481250
8907		2.975000
8908		2.600000
8909		2.481250
8910		2.012500
8911		2.393750
8912		2.218750
8913		2.800000
8914		3.206250
8915		2.162500
8916		2.218750
8917		2.481250
8918		2.187500
8919		3.237500
8920		2.656250
8921		2.918750
8922		2.712500
8923		2.481250
8924		2.275000
8925		2.831250
8926		3.150000
8927		3.181250
8928		3.643750
8929		3.793750
8930		2.975000
8931		3.293750
8932		3.181250
8933		3.793750
8934		4.081250
8935		4.662500
8936		3.793750
8937		3.993750
8938		3.706250
8939		4.287500
8940		4.693750
8941		4.781250
8942		4.981250
8943		4.487500
8944		4.400000
8945		3.937500
8946		4.662500
8947		4.725000
8948		4.781250
8949		5.043750
8950		4.575000
8951		4.375000
8952		3.906250
8953		4.431250
8954		4.518750
8955		4.893750
8956		4.868750
8957		4.200000
8958		4.137500
8959		3.675000
8960		3.993750
8961		4.431250
8962		4.168750
8963		4.606250
8964		3.993750
8965		3.443750
8966		3.293750
8967		3.643750
8968		4.225000
8969		4.112500
8970		4.137500
8971		3.643750
8972		3.062500
8973		2.975000
8974		3.356250
8975		3.206250
8976		3.587500
8977		3.556250
8978		3.268750
8979		2.481250
8980		2.043750
8981		2.187500
8982		2.975000
8983		2.568750
8984		2.625000
8985		1.725000
8986		1.693750
8987		1.431250
8988		1.606250
8989		1.812500
8990		1.900000
8991		1.518750
8992		1.000000
8993		1.112500
8994		-0.050000
8995		1.518750
8996		1.081250
8997		1.256250
8998		1.287500
8999		0.737500
9000		0.412500
9001		0.068750
9002		0.937500
9003		1.462500
9004		1.256250
9005		1.693750
9006		1.168750
9007		0.968750
9008		0.500000
9009		1.493750
9010		1.812500
9011		2.043750
9012		2.337500
9013		1.900000
9014		1.462500
9015		1.343750
9016		1.987500
9017		2.012500
9018		1.931250
9019		1.812500
9020		1.756250
9021		1.081250
9022		1.025000
9023		1.493750
9024		2.043750
9025		1.843750
9026		2.100000
9027		1.987500
9028		1.406250
9029		1.143750
9030		1.637500
9031		2.012500
9032		2.337500
9033		2.250000
9034		2.250000
9035		1.956250
9036		1.843750
9037		2.250000
9038		3.325000
9039		3.268750
9040		3.531250
9041		2.600000
9042		2.800000
9043		3.325000
9044		4.137500
9045		4.343750
9046		4.893750
9047		4.781250
9048		4.693750
9049		4.518750
9050		4.287500
9051		4.868750
9052		5.187500
9053		5.568750
9054		5.481250
9055		5.275000
9056		5.100000
9057		4.662500
9058		5.306250
9059		5.506250
9060		5.887500
9061		5.537500
9062		5.306250
9063		5.681250
9064		4.606250
9065		5.393750
9066		5.331250
9067		5.593750
9068		4.781250
9069		4.925000
9070		4.256250
9071		4.462500
9072		4.781250
9073		5.306250
9074		5.156250
9075		4.518750
9076		4.725000
9077		4.200000
9078		4.081250
9079		4.575000
9080		4.806250
9081		4.956250
9082		4.312500
9083		3.875000
9084		3.556250
9085		3.643750
9086		3.618750
9087		3.293750
9088		4.781250
9089		3.706250
9090		2.975000
9091		2.537500
9092		2.887500
9093		3.181250
9094		2.656250
9095		3.356250
9096		2.625000
9097		2.687500
9098		2.100000
9099		1.900000
9100		2.450000
9101		2.450000
9102		2.743750
9103		2.481250
9104		2.162500
9105		1.868750
9106		1.431250
9107		1.931250
9108		2.362500
9109		2.450000
9110		2.043750
9111		1.956250
9112		2.012500
9113		1.518750
9114		1.868750
9115		2.187500
9116		2.306250
9117		2.218750
9118		1.462500
9119		1.168750
9120		1.318750
9121		1.581250
9122		2.250000
9123		2.043750
9124		1.956250
9125		1.375000
9126		1.375000
9127		1.081250
9128		1.668750
9129		1.987500
9130		2.131250
9131		1.868750
9132		1.693750
9133		1.375000
9134		1.231250
9135		1.756250
9136		2.131250
9137		2.918750
9138		2.250000
9139		1.931250
9140		1.868750
9141		1.756250
9142		2.568750
9143		2.831250
9144		3.118750
9145		3.118750
9146		3.268750
9147		2.975000
9148		2.918750
9149		3.675000
9150		3.993750
9151		4.750000
9152		4.662500
9153		4.375000
9154		4.375000
9155		4.112500
9156		5.012500
9157		4.868750
9158		5.537500
9159		5.681250
9160		5.362500
9161		5.450000
9162		4.693750
9163		5.593750
9164		5.393750
9165		5.943750
9166		5.825000
9167		5.418750
9168		5.100000
9169		4.868750
9170		5.656250
9171		5.768750
9172		5.975000
9173		5.912500
9174		5.656250
9175		5.306250
9176		4.925000
9177		5.593750
9178		5.768750
9179		6.668750
9180		6.237500
9181		5.825000
9182		5.331250
9183		5.156250
9184		5.593750
9185		5.825000
9186		6.000000
9187		6.237500
9188		5.943750
9189		5.537500
9190		5.100000
9191		5.506250
9192		5.506250
9193		6.062500
9194		6.556250
9195		5.887500
9196		5.393750
9197		5.393750
9198		5.243750
9199		5.506250
9200		5.768750
9201		5.887500
9202		5.418750
9203		5.393750
9204		4.781250
9205		4.725000
9206		4.981250
9207		5.218750
9208		5.218750
9209		4.925000
9210		4.637500
9211		4.168750
9212		4.050000
9213		4.462500
9214		4.637500
9215		4.750000
9216		4.637500
9217		4.343750
9218		3.643750
9219		3.237500
9220		3.643750
9221		4.050000
9222		4.200000
9223		3.818750
9224		3.818750
9225		2.918750
9226		3.118750
9227		3.181250
9228		3.793750
9229		3.762500
9230		3.325000
9231		2.743750
9232		2.687500
9233		2.687500
9234		2.862500
9235		3.031250
9236		3.468750
9237		3.412500
9238		2.887500
9239		2.775000
9240		3.031250
9241		2.831250
9242		3.237500
9243		3.443750
9244		4.168750
9245		3.762500
9246		3.268750
9247		3.356250
9248		3.556250
9249		3.706250
9250		4.050000
9251		4.343750
9252		3.875000
9253		3.793750
9254		3.643750
9255		3.937500
9256		4.025000
9257		4.575000
9258		4.725000
9259		4.637500
9260		3.875000
9261		4.168750
9262		3.850000
9263		4.662500
9264		4.662500
9265		5.243750
9266		5.131250
9267		4.806250
9268		4.487500
9269		4.637500
9270		4.637500
9271		4.806250
9272		5.218750
9273		5.362500
9274		4.956250
9275		4.781250
9276		4.287500
9277		4.925000
9278		5.306250
9279		5.243750
9280		5.737500
9281		4.925000
9282		4.837500
9283		4.375000
9284		4.781250
9285		5.218750
9286		5.218750
9287		5.656250
9288		4.806250
9289		4.662500
9290		4.400000
9291		4.518750
9292		4.925000
9293		5.068750
9294		5.362500
9295		4.806250
9296		5.012500
9297		4.375000
9298		4.256250
9299		4.806250
9300		4.981250
9301		5.156250
9302		4.750000
9303		4.750000
9304		4.343750
9305		4.343750
9306		4.256250
9307		4.575000
9308		4.925000
9309		4.725000
9310		4.137500
9311		4.081250
9312		3.962500
9313		4.575000
9314		4.487500
9315		4.837500
9316		4.868750
9317		4.400000
9318		4.287500
9319		3.675000
9320		3.993750
9321		4.462500
9322		4.693750
9323		4.375000
9324		4.550000
9325		3.706250
9326		3.793750
9327		3.818750
9328		4.112500
9329		4.168750
9330		4.431250
9331		4.081250
9332		3.443750
9333		3.268750
9334		3.181250
9335		3.468750
9336		3.793750
9337		4.081250
9338		3.268750
9339		3.293750
9340		3.237500
9341		2.743750
9342		4.137500
9343		3.906250
9344		3.818750
9345		3.587500
9346		3.762500
9347		2.743750
9348		2.712500
9349		3.268750
9350		3.062500
9351		3.412500
9352		3.237500
9353		3.031250
9354		2.450000
9355		2.362500
9356		2.943750
9357		3.006250
9358		3.381250
9359		3.381250
9360		2.975000
9361		2.537500
9362		2.568750
9363		2.568750
9364		2.800000
9365		2.887500
9366		3.468750
9367		3.150000
9368		2.600000
9369		2.425000
9370		2.450000
9371		2.943750
9372		3.206250
9373		3.531250
9374		3.293750
9375		3.206250
9376		3.206250
9377		2.975000
9378		3.818750
9379		3.906250
9380		4.200000
9381		4.487500
9382		4.487500
9383		3.793750
9384		3.500000
9385		4.375000
9386		4.637500
9387		4.956250
9388		4.837500
9389		4.575000
9390		4.956250
9391		3.962500
9392		4.287500
9393		4.662500
9394		4.925000
9395		5.100000
9396		4.225000
9397		4.137500
9398		3.618750
9399		3.706250
9400		4.081250
9401		4.168750
9402		4.287500
9403		3.793750
9404		3.381250
9405		3.356250
9406		3.356250
9407		3.268750
9408		3.587500
9409		3.937500
9410		3.587500
9411		3.356250
9412		3.031250
9413		3.031250
9414		3.381250
9415		3.556250
9416		3.850000
9417		3.993750
9418		3.531250
9419		3.356250
9420		3.031250
9421		3.643750
9422		3.531250
9423		4.081250
9424		4.343750
9425		4.137500
9426		4.137500
9427		3.618750
9428		3.906250
9429		4.431250
9430		4.518750
9431		4.750000
9432		4.606250
9433		4.200000
9434		4.287500
9435		4.137500
9436		4.575000
9437		4.806250
9438		5.187500
9439		4.956250
9440		4.518750
9441		4.287500
9442		4.637500
9443		4.725000
9444		5.156250
9445		5.481250
9446		4.837500
9447		4.518750
9448		4.725000
9449		4.518750
9450		4.725000
9451		4.981250
9452		5.275000
9453		5.418750
9454		4.806250
9455		5.043750
9456		4.343750
9457		4.956250
9458		5.450000
9459		5.450000
9460		5.656250
9461		5.218750
9462		5.131250
9463		4.956250
9464		4.575000
9465		5.218750
9466		5.393750
9467		5.737500
9468		5.450000
9469		5.100000
9470		5.100000
9471		4.693750
9472		5.012500
9473		5.362500
9474		5.306250
9475		5.393750
9476		4.637500
9477		4.725000
9478		4.343750
9479		5.043750
9480		5.100000
9481		5.068750
9482		5.362500
9483		4.806250
9484		4.518750
9485		3.993750
9486		3.906250
9487		4.518750
9488		4.168750
9489		4.575000
9490		3.587500
9491		3.093750
9492		2.887500
9493		2.975000
9494		2.775000
9495		3.150000
9496		3.118750
9497		2.306250
9498		2.100000
9499		1.781250
9500		1.287500
9501		1.581250
9502		1.756250
9503		2.131250
9504		2.012500
9505		2.043750
9506		1.843750
9507		1.900000
9508		2.337500
9509		2.656250
9510		3.118750
9511		3.268750
9512		3.325000
9513		3.706250
9514		3.531250
9515		3.706250
9516		4.487500
9517		5.156250
9518		5.306250
9519		5.187500
9520		4.837500
9521		5.043750
9522		4.925000
9523		4.806250
9524		5.393750
9525		5.393750
9526		4.925000
9527		3.993750
9528		3.793750
9529		3.293750
9530		3.206250
9531		3.118750
9532		2.337500
9533		1.725000
9534		1.025000
9535		0.937500
9536		-0.487500
9537		0.006250
9538		-0.168750
9539		0.125000
9540		-0.050000
9541		-0.718750
9542		-0.950000
9543		-0.718750
9544		-0.518750
9545		0.093750
9546		0.356250
9547		1.231250
9548		0.937500
9549		0.706250
9550		1.550000
9551		1.143750
9552		2.425000
9553		2.712500
9554		3.118750
9555		3.325000
9556		3.150000
9557		2.712500
9558		2.712500
9559		3.093750
9560		3.031250
9561		2.743750
9562		2.600000
9563		1.725000
9564		1.287500
9565		0.125000
9566		0.587500
9567		-0.343750
9568		-0.193750
9569		-0.606250
9570		-1.650000
9571		-2.262500
9572		-3.193750
9573		-3.575000
9574		-3.225000
9575		-3.368750
9576		-3.018750
9577		-3.918750
9578		-4.093750
9579		-3.862500
9580		-4.356250
9581		-3.575000
9582		-2.900000
9583		-2.643750
9584		-2.031250
9585		-2.493750
9586		-2.493750
9587		-2.031250
9588		-1.537500
9589		-0.662500
9590		-0.368750
9591		0.356250
9592		0.181250
9593		0.237500
9594		0.300000
9595		1.025000
9596		1.000000
9597		1.493750
9598		1.756250
9599		1.900000
9600		1.900000
9601		1.518750
9602		2.012500
9603		2.568750
9604		3.006250
9605		3.181250
9606		3.468750
9607		3.118750
9608		3.556250
9609		4.081250
9610		4.343750
9611		4.725000
9612		5.568750
9613		5.331250
9614		5.450000
9615		5.768750
9616		5.768750
9617		6.118750
9618		6.931250
9619		7.256250
9620		7.431250
9621		6.962500
9622		7.343750
9623		6.525000
9624		7.225000
9625		7.256250
9626		7.543750
9627		7.575000
9628		7.368750
9629		6.931250
9630		6.381250
9631		6.700000
9632		6.843750
9633		6.906250
9634		7.137500
9635		6.931250
9636		6.875000
9637		6.731250
9638		6.556250
9639		7.431250
9640		7.862500
9641		8.100000
9642		8.650000
9643		8.418750
9644		8.793750
9645		8.881250
9646		9.550000
9647		10.162500
9648		10.368750
9649		10.981250
9650		11.356250
9651		11.125000
9652		10.950000
9653		12.000000
9654		11.793750
9655		12.637500
9656		12.668750
9657		12.025000
9658		11.850000
9659		10.918750
9660		10.950000
9661		10.981250
9662		10.775000
9663		11.068750
9664		10.075000
9665		9.087500
9666		8.737500
9667		8.156250
9668		8.012500
9669		7.862500
9670		7.168750
9671		7.543750
9672		6.612500
9673		6.175000
9674		5.331250
9675		5.656250
9676		5.656250
9677		5.825000
9678		5.737500
9679		5.625000
9680		4.837500
9681		4.925000
9682		5.156250
9683		5.306250
9684		5.768750
9685		6.000000
9686		5.537500
9687		5.131250
9688		4.925000
9689		5.012500
9690		5.481250
9691		5.593750
9692		5.418750
9693		5.537500
9694		5.393750
9695		4.487500
9696		3.993750
9697		4.837500
9698		4.806250
9699		4.956250
9700		5.187500
9701		4.781250
9702		4.256250
9703		3.906250
9704		4.225000
9705		4.312500
9706		4.287500
9707		5.100000
9708		4.693750
9709		4.693750
9710		4.868750
9711		4.868750
9712		5.825000
9713		6.087500
9714		6.325000
9715		6.118750
9716		5.975000
9717		5.331250
9718		5.362500
9719		6.087500
9720		6.756250
9721		6.756250
9722		6.787500
9723		6.325000
9724		5.943750
9725		5.593750
9726		5.737500
9727		6.031250
9728		6.381250
9729		5.593750
9730		5.156250
9731		4.781250
9732		3.793750
9733		4.343750
9734		3.937500
9735		3.850000
9736		3.618750
9737		3.237500
9738		2.162500
9739		1.756250
9740		1.693750
9741		1.375000
9742		1.900000
9743		1.606250
9744		1.081250
9745		0.237500
9746		-0.168750
9747		-0.256250
9748		-0.400000
9749		-0.225000
9750		0.093750
9751		-0.662500
9752		-0.575000
9753		-0.893750
9754		-1.243750
9755		-1.187500
9756		-0.862500
9757		-1.100000
9758		-0.806250
9759		-1.300000
9760		-1.475000
9761		-2.206250
9762		-1.825000
9763		-1.825000
9764		-1.825000
9765		-1.793750
9766		-2.118750
9767		-2.700000
9768		-3.018750
9769		-3.281250
9770		-3.075000
9771		-3.106250
9772		-2.643750
9773		-3.400000
9774		-3.512500
9775		-4.125000
9776		-3.981250
9777		-3.950000
9778		-4.006250
9779		-3.575000
9780		-3.631250
9781		-4.006250
9782		-4.356250
9783		-4.443750
9784		-3.775000
9785		-3.656250
9786		-3.368750
9787		-3.018750
9788		-3.425000
9789		-3.400000
9790		-4.331250
9791		-3.137500
9792		-2.787500
9793		-2.381250
9794		-1.625000
9795		-2.056250
9796		-1.681250
9797		-1.881250
9798		-1.593750
9799		-1.418750
9800		-1.012500
9801		-0.487500
9802		-0.693750
9803		-0.693750
9804		-0.662500
9805		-0.806250
9806		-0.168750
9807		0.412500
9808		0.587500
9809		0.650000
9810		0.500000
9811		0.587500
9812		0.500000
9813		1.431250
9814		1.431250
9815		1.725000
9816		2.012500
9817		1.581250
9818		1.756250
9819		1.606250
9820		2.043750
9821		2.250000
9822		2.600000
9823		2.800000
9824		2.687500
9825		2.393750
9826		2.625000
9827		2.687500
9828		2.362500
9829		2.975000
9830		2.743750
9831		2.537500
9832		2.162500
9833		1.518750
9834		1.725000
9835		1.812500
9836		1.756250
9837		1.956250
9838		1.693750
9839		1.256250
9840		1.000000
9841		0.793750
9842		1.200000
9843		1.056250
9844		1.287500
9845		1.256250
9846		1.056250
9847		0.850000
9848		0.268750
9849		0.793750
9850		1.462500
9851		1.375000
9852		1.812500
9853		1.956250
9854		1.375000
9855		1.256250
9856		1.231250
9857		1.956250
9858		2.306250
9859		2.887500
9860		2.625000
9861		2.775000
9862		2.187500
9863		2.187500
9864		2.625000
9865		2.568750
9866		3.206250
9867		2.687500
9868		2.425000
9869		2.537500
9870		2.337500
9871		2.537500
9872		2.775000
9873		2.743750
9874		2.625000
9875		2.012500
9876		2.187500
9877		1.518750
9878		1.931250
9879		1.868750
9880		1.868750
9881		1.900000
9882		1.000000
9883		0.706250
9884		0.212500
9885		0.412500
9886		0.150000
9887		0.268750
9888		0.793750
9889		0.150000
9890		-0.050000
9891		-0.662500
9892		-0.543750
9893		-0.431250
9894		0.006250
9895		-0.018750
9896		-0.400000
9897		-0.281250
9898		-1.012500
9899		-1.625000
9900		-1.156250
9901		-0.950000
9902		-0.781250
9903		-1.187500
9904		-1.275000
9905		-1.362500
9906		-1.737500
9907		-1.625000
9908		-1.243750
9909		-0.950000
9910		-0.662500
9911		-0.806250
9912		-0.862500
9913		-0.893750
9914		-0.631250
9915		-0.400000
9916		0.412500
9917		0.412500
9918		0.443750
9919		0.587500
9920		0.300000
9921		0.356250
9922		1.081250
9923		1.493750
9924		1.956250
9925		2.162500
9926		1.868750
9927		1.900000
9928		1.956250
9929		2.743750
9930		2.656250
9931		3.031250
9932		3.443750
9933		2.831250
9934		3.031250
9935		2.656250
9936		2.943750
9937		3.325000
9938		3.268750
9939		3.500000
9940		3.150000
9941		2.918750
9942		3.150000
9943		3.006250
9944		3.675000
9945		3.181250
9946		3.556250
9947		3.268750
9948		3.093750
9949		2.712500
9950		2.775000
9951		2.687500
9952		3.181250
9953		3.793750
9954		3.062500
9955		2.918750
9956		2.687500
9957		2.687500
9958		3.006250
9959		2.775000
9960		3.468750
9961		3.468750
9962		3.006250
9963		3.031250
9964		2.862500
9965		3.356250
9966		3.181250
9967		3.412500
9968		3.500000
9969		3.181250
9970		2.862500
9971		2.450000
9972		3.325000
9973		3.618750
9974		3.500000
9975		3.443750
9976		3.468750
9977		3.587500
9978		2.887500
9979		3.731250
9980		3.412500
9981		3.356250
9982		3.937500
9983		3.268750
9984		3.412500
9985		3.381250
9986		3.706250
9987		3.293750
9988		3.468750
9989		3.618750
9990		3.706250
9991		3.206250
9992		2.943750
9993		3.118750
9994		3.118750
9995		3.062500
9996		3.356250
9997		3.268750
9998		2.743750
9999		2.275000
10000		2.187500
