Channel              :		CH1
Frequency            :		27.17Hz
Period               :		36.80ms
PK-PK                :		28.46mV
Average              :		-0.536mV
Vertical pos         :		1.000000mV
Probe attenuation    :		1X
Voltage per ADC value:		0.001563mV
Time interval        :		10.00000uS

index		CH1_Voltage(mV)
1		-8.956250
2		-7.850000
3		-7.587500
4		-7.850000
5		-6.918750
6		-6.481250
7		-5.987500
8		-5.112500
9		-5.375000
10		-4.881250
11		-4.037500
12		-4.356250
13		-4.156250
14		-3.575000
15		-4.387500
16		-3.950000
17		-4.093750
18		-4.331250
19		-4.243750
20		-4.006250
21		-4.650000
22		-4.006250
23		-4.243750
24		-4.300000
25		-3.775000
26		-4.300000
27		-4.418750
28		-3.775000
29		-4.068750
30		-3.600000
31		-3.543750
32		-4.387500
33		-4.093750
34		-3.862500
35		-4.706250
36		-4.793750
37		-4.737500
38		-5.781250
39		-5.931250
40		-6.106250
41		-7.006250
42		-6.131250
43		-6.918750
44		-7.381250
45		-6.800000
46		-6.687500
47		-6.537500
48		-5.931250
49		-5.812500
50		-5.956250
51		-4.850000
52		-5.637500
53		-5.606250
54		-5.056250
55		-5.868750
56		-5.175000
57		-5.350000
58		-5.462500
59		-5.025000
60		-5.375000
61		-6.162500
62		-5.375000
63		-5.843750
64		-6.425000
65		-5.931250
66		-6.393750
67		-6.743750
68		-6.337500
69		-7.587500
70		-7.268750
71		-7.300000
72		-8.431250
73		-8.256250
74		-8.168750
75		-8.956250
76		-8.868750
77		-8.956250
78		-9.887500
79		-9.075000
80		-9.243750
81		-9.918750
82		-8.606250
83		-8.575000
84		-8.575000
85		-7.587500
86		-7.731250
87		-7.268750
88		-6.250000
89		-6.193750
90		-5.550000
91		-4.825000
92		-5.318750
93		-4.937500
94		-4.387500
95		-4.793750
96		-4.093750
97		-3.600000
98		-4.243750
99		-3.656250
100		-3.806250
101		-3.718750
102		-2.875000
103		-2.668750
104		-2.756250
105		-2.206250
106		-2.787500
107		-2.525000
108		-1.712500
109		-2.700000
110		-3.075000
111		-3.075000
112		-4.037500
113		-4.093750
114		-4.356250
115		-5.812500
116		-5.262500
117		-5.868750
118		-6.281250
119		-5.693750
120		-5.900000
121		-6.368750
122		-5.812500
123		-6.131250
124		-6.281250
125		-5.725000
126		-6.281250
127		-6.043750
128		-6.106250
129		-5.931250
130		-6.337500
131		-6.131250
132		-6.800000
133		-6.481250
134		-6.600000
135		-6.975000
136		-6.568750
137		-6.743750
138		-6.687500
139		-6.281250
140		-5.843750
141		-6.131250
142		-5.056250
143		-6.043750
144		-5.843750
145		-4.793750
146		-5.668750
147		-5.550000
148		-5.056250
149		-5.518750
150		-5.668750
151		-5.606250
152		-6.075000
153		-5.350000
154		-6.018750
155		-6.537500
156		-5.550000
157		-5.900000
158		-6.425000
159		-6.193750
160		-6.537500
161		-7.006250
162		-6.250000
163		-7.181250
164		-7.037500
165		-7.268750
166		-8.143750
167		-7.706250
168		-7.850000
169		-8.431250
170		-7.762500
171		-7.643750
172		-7.937500
173		-7.300000
174		-7.675000
175		-7.268750
176		-6.281250
177		-7.443750
178		-7.300000
179		-6.425000
180		-7.268750
181		-7.150000
182		-6.887500
183		-7.237500
184		-6.950000
185		-6.568750
186		-7.062500
187		-5.987500
188		-5.900000
189		-6.337500
190		-5.175000
191		-5.462500
192		-5.518750
193		-4.825000
194		-5.318750
195		-5.200000
196		-4.443750
197		-5.462500
198		-5.087500
199		-4.587500
200		-5.175000
201		-5.175000
202		-4.825000
203		-5.693750
204		-5.112500
205		-5.406250
206		-5.900000
207		-5.493750
208		-5.843750
209		-6.450000
210		-5.693750
211		-6.281250
212		-6.162500
213		-5.725000
214		-6.281250
215		-6.393750
216		-5.550000
217		-6.450000
218		-6.281250
219		-5.781250
220		-6.537500
221		-6.106250
222		-5.462500
223		-6.043750
224		-5.112500
225		-4.937500
226		-4.762500
227		-3.893750
228		-4.156250
229		-3.656250
230		-2.843750
231		-3.281250
232		-3.075000
233		-2.668750
234		-3.281250
235		-2.875000
236		-2.787500
237		-3.981250
238		-3.193750
239		-3.368750
240		-4.006250
241		-3.400000
242		-3.512500
243		-3.775000
244		-3.337500
245		-3.775000
246		-3.656250
247		-3.193750
248		-3.718750
249		-3.831250
250		-3.718750
251		-4.618750
252		-3.775000
253		-4.443750
254		-4.650000
255		-4.881250
256		-4.825000
257		-5.518750
258		-5.025000
259		-5.462500
260		-5.262500
261		-4.675000
262		-5.350000
263		-4.968750
264		-4.300000
265		-4.675000
266		-4.125000
267		-3.281250
268		-3.281250
269		-2.787500
270		-2.468750
271		-2.875000
272		-2.056250
273		-2.175000
274		-2.293750
275		-1.681250
276		-1.912500
277		-2.756250
278		-1.331250
279		-2.493750
280		-1.856250
281		-1.593750
282		-1.912500
283		-1.593750
284		-1.300000
285		-1.912500
286		-0.925000
287		-1.387500
288		-1.593750
289		-1.212500
290		-1.537500
291		-1.793750
292		-1.362500
293		-2.318750
294		-1.768750
295		-2.175000
296		-2.843750
297		-2.175000
298		-2.556250
299		-2.931250
300		-2.612500
301		-2.556250
302		-2.900000
303		-2.206250
304		-2.875000
305		-2.756250
306		-1.881250
307		-2.262500
308		-2.468750
309		-1.912500
310		-2.756250
311		-2.056250
312		-2.118750
313		-2.668750
314		-2.000000
315		-2.118750
316		-2.612500
317		-1.881250
318		-2.056250
319		-1.943750
320		-1.156250
321		-1.450000
322		-1.100000
323		-0.281250
324		-0.662500
325		-0.718750
326		-0.081250
327		-0.718750
328		-0.256250
329		-0.137500
330		-1.187500
331		-0.081250
332		-0.368750
333		-0.718750
334		-0.225000
335		-0.862500
336		-0.925000
337		-0.193750
338		-1.100000
339		-0.750000
340		-0.018750
341		-0.837500
342		-0.312500
343		-0.168750
344		-0.575000
345		-0.168750
346		-0.225000
347		-0.750000
348		0.300000
349		-0.137500
350		-0.781250
351		0.212500
352		-0.081250
353		0.412500
354		0.443750
355		0.125000
356		0.412500
357		0.675000
358		0.356250
359		0.618750
360		0.937500
361		0.181250
362		0.618750
363		0.762500
364		0.068750
365		0.737500
366		0.737500
367		0.587500
368		1.493750
369		1.462500
370		1.318750
371		2.218750
372		1.956250
373		2.162500
374		3.268750
375		2.600000
376		2.687500
377		3.818750
378		3.268750
379		3.206250
380		3.618750
381		2.887500
382		2.250000
383		2.162500
384		1.081250
385		1.406250
386		1.756250
387		0.500000
388		1.725000
389		1.931250
390		1.606250
391		2.393750
392		2.537500
393		2.250000
394		2.775000
395		2.100000
396		1.462500
397		1.462500
398		0.125000
399		-0.225000
400		-0.312500
401		-1.537500
402		-1.475000
403		-1.156250
404		-2.031250
405		-1.418750
406		-0.606250
407		-0.487500
408		0.212500
409		1.000000
410		0.762500
411		1.406250
412		1.868750
413		1.493750
414		2.131250
415		2.393750
416		1.868750
417		2.512500
418		2.306250
419		2.362500
420		3.062500
421		2.975000
422		3.181250
423		3.962500
424		4.137500
425		4.050000
426		5.506250
427		5.712500
428		6.381250
429		7.600000
430		7.431250
431		7.775000
432		8.593750
433		7.487500
434		7.925000
435		7.518750
436		6.525000
437		6.500000
438		5.856250
439		4.487500
440		4.637500
441		4.287500
442		2.887500
443		3.556250
444		3.381250
445		2.862500
446		3.731250
447		3.556250
448		2.943750
449		3.531250
450		3.062500
451		2.775000
452		3.237500
453		2.712500
454		2.306250
455		2.862500
456		2.775000
457		3.031250
458		4.200000
459		3.675000
460		4.431250
461		5.418750
462		5.131250
463		5.243750
464		6.556250
465		5.712500
466		6.062500
467		6.700000
468		5.943750
469		6.468750
470		6.875000
471		6.381250
472		6.931250
473		6.818750
474		6.262500
475		6.731250
476		7.193750
477		6.262500
478		6.500000
479		6.468750
480		5.506250
481		6.293750
482		5.681250
483		4.518750
484		5.156250
485		4.375000
486		3.706250
487		4.225000
488		3.875000
489		3.325000
490		3.618750
491		3.325000
492		3.356250
493		3.875000
494		3.762500
495		3.468750
496		4.343750
497		3.731250
498		4.375000
499		5.068750
500		4.868750
501		5.450000
502		5.825000
503		5.481250
504		5.975000
505		6.381250
506		5.737500
507		6.412500
508		7.137500
509		6.587500
510		7.281250
511		7.687500
512		7.837500
513		7.981250
514		8.650000
515		8.506250
516		9.000000
517		9.493750
518		8.418750
519		9.031250
520		8.706250
521		7.575000
522		7.837500
523		7.400000
524		6.468750
525		6.612500
526		6.031250
527		5.243750
528		5.593750
529		4.956250
530		4.893750
531		4.956250
532		4.781250
533		4.925000
534		5.187500
535		5.068750
536		5.012500
537		5.825000
538		5.243750
539		5.306250
540		6.262500
541		5.506250
542		5.825000
543		6.612500
544		6.325000
545		6.587500
546		7.368750
547		7.018750
548		7.775000
549		8.187500
550		8.012500
551		8.856250
552		9.493750
553		8.768750
554		9.756250
555		10.250000
556		9.668750
557		10.512500
558		10.337500
559		10.225000
560		10.656250
561		10.193750
562		9.550000
563		9.437500
564		9.668750
565		8.968750
566		9.231250
567		8.562500
568		8.362500
569		8.706250
570		7.925000
571		7.862500
572		8.475000
573		7.981250
574		7.775000
575		8.068750
576		7.687500
577		6.962500
578		7.281250
579		6.381250
580		6.700000
581		6.756250
582		6.381250
583		5.943750
584		7.106250
585		6.118750
586		6.787500
587		7.400000
588		7.256250
589		7.600000
590		8.125000
591		7.981250
592		8.212500
593		8.531250
594		8.387500
595		8.768750
596		8.881250
597		8.418750
598		9.087500
599		9.406250
600		9.175000
601		9.612500
602		9.900000
603		9.437500
604		10.250000
605		9.756250
606		9.437500
607		9.875000
608		9.700000
609		9.262500
610		9.900000
611		9.612500
612		9.525000
613		9.612500
614		9.318750
615		9.031250
616		9.381250
617		8.881250
618		8.881250
619		9.637500
620		9.318750
621		8.300000
622		9.087500
623		8.506250
624		8.706250
625		8.912500
626		8.418750
627		8.681250
628		8.650000
629		8.156250
630		8.418750
631		8.475000
632		8.156250
633		8.506250
634		8.331250
635		8.012500
636		9.031250
637		8.450000
638		8.300000
639		8.618750
640		8.650000
641		7.981250
642		9.231250
643		8.562500
644		8.156250
645		8.737500
646		8.650000
647		8.212500
648		8.943750
649		8.593750
650		8.618750
651		9.087500
652		8.650000
653		8.943750
654		9.900000
655		9.206250
656		9.118750
657		9.875000
658		8.912500
659		9.262500
660		8.881250
661		8.475000
662		8.450000
663		8.475000
664		7.950000
665		7.837500
666		8.156250
667		7.543750
668		8.187500
669		7.775000
670		6.906250
671		7.575000
672		7.281250
673		6.412500
674		6.818750
675		6.556250
676		5.975000
677		5.975000
678		6.556250
679		6.350000
680		7.837500
681		7.775000
682		8.212500
683		9.143750
684		9.175000
685		8.856250
686		9.206250
687		8.187500
688		8.068750
689		7.775000
690		6.731250
691		6.325000
692		7.081250
693		6.031250
694		6.731250
695		7.256250
696		7.281250
697		7.631250
698		8.418750
699		8.037500
700		8.506250
701		8.275000
702		7.281250
703		7.312500
704		7.543750
705		6.643750
706		7.018750
707		7.343750
708		6.412500
709		6.993750
710		6.818750
711		7.050000
712		7.837500
713		8.156250
714		8.275000
715		9.525000
716		9.812500
717		10.512500
718		11.412500
719		11.325000
720		11.356250
721		12.112500
722		11.825000
723		11.356250
724		12.143750
725		11.412500
726		11.325000
727		11.850000
728		10.950000
729		11.562500
730		12.056250
731		11.937500
732		12.725000
733		13.162500
734		12.725000
735		13.537500
736		13.800000
737		12.693750
738		12.637500
739		11.762500
740		10.137500
741		9.525000
742		8.562500
743		7.168750
744		7.312500
745		6.525000
746		5.975000
747		6.468750
748		6.206250
749		5.912500
750		6.612500
751		6.000000
752		5.768750
753		5.712500
754		4.806250
755		4.575000
756		4.400000
757		3.618750
758		3.556250
759		3.875000
760		3.181250
761		3.793750
762		4.375000
763		3.906250
764		5.243750
765		5.506250
766		5.306250
767		6.500000
768		6.556250
769		6.587500
770		7.806250
771		6.875000
772		6.962500
773		7.368750
774		7.168750
775		6.818750
776		7.400000
777		6.756250
778		6.875000
779		7.431250
780		6.993750
781		7.281250
782		8.156250
783		7.631250
784		8.187500
785		8.825000
786		7.981250
787		8.418750
788		8.212500
789		7.862500
790		7.575000
791		7.837500
792		6.612500
793		7.312500
794		6.875000
795		5.975000
796		6.087500
797		6.237500
798		5.712500
799		5.800000
800		6.000000
801		5.800000
802		6.262500
803		5.737500
804		6.293750
805		6.700000
806		6.350000
807		6.000000
808		6.962500
809		6.556250
810		6.700000
811		6.818750
812		6.150000
813		6.325000
814		6.468750
815		5.537500
816		6.350000
817		6.293750
818		5.593750
819		6.525000
820		6.993750
821		6.787500
822		7.775000
823		8.156250
824		8.156250
825		8.912500
826		8.450000
827		8.125000
828		8.881250
829		8.125000
830		7.775000
831		8.037500
832		7.106250
833		7.018750
834		6.962500
835		6.381250
836		6.525000
837		6.731250
838		6.325000
839		6.500000
840		6.612500
841		6.325000
842		6.468750
843		6.150000
844		6.062500
845		6.843750
846		6.643750
847		6.062500
848		6.843750
849		6.818750
850		7.050000
851		6.993750
852		6.962500
853		6.556250
854		7.050000
855		6.931250
856		6.612500
857		6.643750
858		6.087500
859		5.975000
860		6.031250
861		5.825000
862		6.000000
863		6.118750
864		5.593750
865		5.656250
866		5.681250
867		4.925000
868		4.806250
869		4.893750
870		3.468750
871		4.050000
872		3.618750
873		2.600000
874		3.181250
875		2.743750
876		2.250000
877		2.600000
878		2.012500
879		2.162500
880		2.862500
881		2.537500
882		2.600000
883		3.118750
884		2.450000
885		2.775000
886		3.093750
887		2.481250
888		2.337500
889		2.481250
890		2.218750
891		2.568750
892		2.918750
893		2.306250
894		3.093750
895		2.831250
896		2.800000
897		3.206250
898		3.325000
899		2.862500
900		3.731250
901		3.850000
902		3.556250
903		4.343750
904		3.850000
905		4.112500
906		4.837500
907		4.487500
908		4.400000
909		4.868750
910		4.081250
911		4.287500
912		4.431250
913		3.731250
914		3.993750
915		3.818750
916		2.887500
917		3.731250
918		3.443750
919		2.943750
920		3.468750
921		3.118750
922		2.537500
923		2.975000
924		2.918750
925		2.656250
926		2.975000
927		2.712500
928		2.831250
929		3.093750
930		2.600000
931		2.887500
932		3.500000
933		2.862500
934		3.206250
935		3.531250
936		3.237500
937		3.356250
938		3.643750
939		2.887500
940		3.181250
941		3.062500
942		2.337500
943		2.712500
944		2.250000
945		1.843750
946		2.275000
947		1.900000
948		1.693750
949		2.187500
950		1.318750
951		0.912500
952		1.431250
953		0.587500
954		1.025000
955		1.287500
956		0.706250
957		0.412500
958		0.618750
959		-0.050000
960		0.650000
961		0.881250
962		0.300000
963		1.143750
964		1.318750
965		1.000000
966		1.725000
967		1.956250
968		1.868750
969		2.218750
970		2.187500
971		2.012500
972		2.600000
973		2.043750
974		2.075000
975		2.743750
976		2.306250
977		1.931250
978		2.362500
979		1.550000
980		1.956250
981		1.756250
982		1.143750
983		1.493750
984		1.318750
985		0.562500
986		0.587500
987		0.387500
988		0.150000
989		0.475000
990		0.150000
991		-0.312500
992		0.006250
993		-0.718750
994		-0.950000
995		-0.225000
996		-1.331250
997		-1.650000
998		-1.243750
999		-2.031250
1000		-1.625000
1001		-1.187500
1002		-2.056250
1003		-1.537500
1004		-1.593750
1005		-1.856250
1006		-1.243750
1007		-0.925000
1008		-1.100000
1009		-0.925000
1010		-0.456250
1011		-0.631250
1012		0.500000
1013		0.356250
1014		0.356250
1015		1.000000
1016		0.006250
1017		0.356250
1018		0.881250
1019		0.237500
1020		0.268750
1021		0.412500
1022		-0.168750
1023		0.325000
1024		0.068750
1025		-0.487500
1026		-0.312500
1027		0.125000
1028		-0.806250
1029		0.125000
1030		-0.137500
1031		-0.256250
1032		-0.168750
1033		-0.750000
1034		-0.862500
1035		-0.543750
1036		-1.737500
1037		-1.537500
1038		-1.187500
1039		-2.231250
1040		-1.881250
1041		-1.450000
1042		-2.143750
1043		-1.912500
1044		-1.825000
1045		-2.350000
1046		-2.031250
1047		-2.087500
1048		-2.206250
1049		-1.856250
1050		-2.118750
1051		-1.768750
1052		-1.100000
1053		-1.881250
1054		-1.593750
1055		-0.862500
1056		-1.681250
1057		-1.362500
1058		-1.243750
1059		-2.381250
1060		-2.318750
1061		-2.468750
1062		-3.950000
1063		-3.831250
1064		-3.918750
1065		-4.506250
1066		-3.862500
1067		-3.806250
1068		-3.368750
1069		-1.881250
1070		-1.681250
1071		-1.100000
1072		1.025000
1073		1.081250
1074		1.668750
1075		2.775000
1076		2.393750
1077		2.712500
1078		2.687500
1079		1.900000
1080		2.537500
1081		2.687500
1082		2.306250
1083		2.887500
1084		2.918750
1085		2.568750
1086		3.531250
1087		3.875000
1088		3.643750
1089		3.850000
1090		3.531250
1091		3.293750
1092		3.962500
1093		2.481250
1094		1.868750
1095		1.668750
1096		-0.168750
1097		-0.950000
1098		-1.825000
1099		-3.918750
1100		-4.762500
1101		-5.550000
1102		-7.006250
1103		-7.150000
1104		-7.731250
1105		-8.606250
1106		-8.231250
1107		-8.606250
1108		-7.906250
1109		-7.268750
1110		-7.300000
1111		-6.656250
1112		-5.112500
1113		-5.987500
1114		-5.518750
1115		-4.793750
1116		-4.675000
1117		-4.650000
1118		-4.156250
1119		-4.475000
1120		-3.368750
1121		-2.725000
1122		-2.787500
1123		-1.737500
1124		-0.606250
1125		-0.950000
1126		-0.281250
1127		-0.456250
1128		0.093750
1129		0.443750
1130		-0.518750
1131		-1.187500
1132		-0.925000
1133		-2.406250
1134		-2.900000
1135		-2.643750
1136		-3.862500
1137		-3.806250
1138		-3.743750
1139		-4.850000
1140		-4.737500
1141		-5.087500
1142		-5.462500
1143		-5.375000
1144		-5.693750
1145		-6.075000
1146		-5.375000
1147		-5.518750
1148		-5.668750
1149		-5.000000
1150		-5.606250
1151		-4.825000
1152		-4.093750
1153		-4.300000
1154		-3.862500
1155		-3.075000
1156		-2.643750
1157		-1.681250
1158		-1.450000
1159		-1.156250
1160		0.150000
1161		0.587500
1162		1.081250
1163		2.131250
1164		2.162500
1165		2.568750
1166		3.293750
1167		3.181250
1168		3.643750
1169		3.962500
1170		2.625000
1171		2.625000
1172		2.425000
1173		0.737500
1174		0.500000
1175		-0.750000
1176		-2.118750
1177		-2.787500
1178		-4.243750
1179		-5.518750
1180		-6.218750
1181		-7.762500
1182		-8.487500
1183		-8.987500
1184		-10.237500
1185		-10.262500
1186		-10.700000
1187		-11.343750
1188		-11.081250
1189		-11.718750
1190		-11.518750
1191		-10.937500
1192		-9.943750
1193		-10.262500
1194		-8.375000
1195		-8.550000
1196		-7.531250
1197		-6.281250
1198		-6.250000
1199		-5.262500
1200		-3.575000
1201		-4.212500
1202		-3.718750
1203		-2.900000
1204		-3.806250
1205		-3.018750
1206		-2.525000
1207		-3.193750
1208		-2.087500
1209		-2.175000
1210		-2.787500
1211		-1.475000
1212		-1.793750
1213		-1.275000
1214		-1.243750
1215		-1.768750
1216		-2.293750
1217		-1.387500
1218		-2.556250
1219		-2.643750
1220		-2.118750
1221		-3.425000
1222		-3.687500
1223		-3.806250
1224		-4.587500
1225		-4.331250
1226		-5.056250
1227		-6.075000
1228		-5.956250
1229		-7.181250
1230		-7.731250
1231		-7.762500
1232		-8.987500
1233		-9.537500
1234		-9.306250
1235		-10.325000
1236		-10.150000
1237		-10.206250
1238		-10.587500
1239		-10.437500
1240		-10.262500
1241		-10.700000
1242		-10.150000
1243		-9.593750
1244		-9.800000
1245		-8.812500
1246		-8.812500
1247		-8.375000
1248		-7.006250
1249		-7.212500
1250		-6.537500
1251		-5.987500
1252		-6.425000
1253		-5.637500
1254		-5.175000
1255		-5.550000
1256		-4.937500
1257		-5.637500
1258		-5.406250
1259		-5.025000
1260		-5.112500
1261		-4.937500
1262		-4.587500
1263		-5.175000
1264		-4.968750
1265		-4.331250
1266		-4.793750
1267		-4.356250
1268		-4.268750
1269		-4.912500
1270		-4.506250
1271		-4.243750
1272		-5.143750
1273		-4.268750
1274		-4.506250
1275		-5.112500
1276		-3.981250
1277		-5.056250
1278		-4.706250
1279		-4.156250
1280		-5.581250
1281		-5.781250
1282		-5.668750
1283		-6.568750
1284		-6.831250
1285		-6.831250
1286		-7.731250
1287		-7.212500
1288		-7.443750
1289		-7.762500
1290		-6.193750
1291		-6.512500
1292		-6.950000
1293		-6.537500
1294		-6.975000
1295		-6.743750
1296		-6.018750
1297		-6.918750
1298		-6.368750
1299		-5.693750
1300		-7.062500
1301		-6.568750
1302		-6.393750
1303		-6.656250
1304		-5.900000
1305		-6.687500
1306		-6.743750
1307		-6.425000
1308		-6.281250
1309		-6.687500
1310		-6.131250
1311		-7.356250
1312		-7.412500
1313		-7.587500
1314		-8.518750
1315		-8.375000
1316		-8.693750
1317		-10.237500
1318		-9.331250
1319		-9.593750
1320		-9.918750
1321		-9.800000
1322		-10.175000
1323		-10.381250
1324		-9.537500
1325		-10.031250
1326		-9.593750
1327		-8.231250
1328		-8.925000
1329		-8.168750
1330		-7.500000
1331		-8.081250
1332		-6.775000
1333		-6.775000
1334		-6.712500
1335		-6.281250
1336		-5.231250
1337		-6.393750
1338		-4.912500
1339		-5.550000
1340		-5.668750
1341		-4.793750
1342		-5.318750
1343		-4.968750
1344		-4.443750
1345		-5.112500
1346		-4.356250
1347		-3.775000
1348		-4.268750
1349		-3.575000
1350		-3.743750
1351		-3.893750
1352		-3.806250
1353		-4.212500
1354		-4.300000
1355		-4.587500
1356		-4.968750
1357		-5.518750
1358		-5.318750
1359		-6.425000
1360		-6.831250
1361		-6.393750
1362		-7.037500
1363		-7.093750
1364		-6.800000
1365		-7.468750
1366		-7.181250
1367		-6.887500
1368		-7.675000
1369		-7.093750
1370		-7.850000
1371		-8.312500
1372		-7.731250
1373		-8.081250
1374		-8.750000
1375		-8.287500
1376		-8.662500
1377		-8.900000
1378		-8.168750
1379		-8.750000
1380		-8.900000
1381		-7.937500
1382		-8.575000
1383		-8.231250
1384		-7.356250
1385		-8.231250
1386		-7.356250
1387		-7.062500
1388		-7.618750
1389		-7.125000
1390		-6.862500
1391		-8.025000
1392		-6.712500
1393		-7.212500
1394		-7.850000
1395		-7.062500
1396		-7.500000
1397		-8.662500
1398		-7.793750
1399		-8.056250
1400		-7.993750
1401		-7.443750
1402		-8.287500
1403		-8.606250
1404		-7.706250
1405		-8.750000
1406		-8.662500
1407		-8.812500
1408		-9.187500
1409		-9.131250
1410		-9.162500
1411		-9.975000
1412		-9.856250
1413		-9.450000
1414		-10.412500
1415		-10.006250
1416		-9.506250
1417		-10.762500
1418		-9.537500
1419		-9.800000
1420		-10.412500
1421		-9.681250
1422		-9.975000
1423		-10.262500
1424		-9.681250
1425		-9.975000
1426		-10.175000
1427		-9.100000
1428		-9.681250
1429		-9.625000
1430		-9.100000
1431		-9.537500
1432		-9.187500
1433		-8.343750
1434		-8.900000
1435		-8.431250
1436		-7.531250
1437		-8.725000
1438		-8.231250
1439		-7.643750
1440		-8.200000
1441		-8.112500
1442		-8.168750
1443		-8.200000
1444		-8.287500
1445		-7.818750
1446		-8.231250
1447		-7.762500
1448		-7.731250
1449		-8.431250
1450		-8.025000
1451		-8.256250
1452		-8.575000
1453		-8.343750
1454		-8.781250
1455		-9.162500
1456		-8.637500
1457		-9.537500
1458		-9.656250
1459		-8.956250
1460		-9.331250
1461		-9.306250
1462		-8.575000
1463		-9.162500
1464		-9.243750
1465		-8.312500
1466		-8.462500
1467		-7.968750
1468		-7.556250
1469		-8.056250
1470		-7.618750
1471		-6.975000
1472		-7.381250
1473		-6.975000
1474		-6.450000
1475		-6.712500
1476		-6.393750
1477		-6.512500
1478		-7.500000
1479		-6.775000
1480		-7.037500
1481		-7.643750
1482		-7.150000
1483		-7.125000
1484		-7.793750
1485		-7.037500
1486		-7.325000
1487		-7.381250
1488		-6.975000
1489		-7.212500
1490		-7.443750
1491		-6.950000
1492		-7.500000
1493		-7.818750
1494		-7.443750
1495		-7.993750
1496		-8.343750
1497		-8.081250
1498		-8.900000
1499		-8.868750
1500		-7.881250
1501		-9.043750
1502		-9.075000
1503		-8.550000
1504		-8.956250
1505		-8.987500
1506		-8.287500
1507		-8.987500
1508		-8.231250
1509		-7.181250
1510		-7.643750
1511		-7.587500
1512		-6.800000
1513		-7.037500
1514		-5.987500
1515		-6.193750
1516		-6.656250
1517		-6.281250
1518		-5.843750
1519		-6.743750
1520		-6.131250
1521		-5.956250
1522		-6.337500
1523		-5.843750
1524		-5.668750
1525		-5.781250
1526		-5.175000
1527		-5.112500
1528		-5.462500
1529		-4.737500
1530		-4.912500
1531		-5.462500
1532		-4.850000
1533		-5.231250
1534		-5.287500
1535		-5.262500
1536		-5.756250
1537		-6.425000
1538		-5.956250
1539		-6.250000
1540		-7.125000
1541		-5.987500
1542		-6.687500
1543		-6.687500
1544		-6.106250
1545		-7.125000
1546		-6.450000
1547		-6.043750
1548		-6.775000
1549		-6.512500
1550		-5.931250
1551		-6.831250
1552		-6.250000
1553		-6.481250
1554		-6.625000
1555		-6.862500
1556		-6.425000
1557		-6.537500
1558		-7.006250
1559		-6.537500
1560		-6.950000
1561		-6.337500
1562		-5.756250
1563		-6.512500
1564		-5.693750
1565		-5.437500
1566		-6.043750
1567		-4.912500
1568		-4.793750
1569		-4.675000
1570		-4.825000
1571		-4.650000
1572		-4.793750
1573		-4.506250
1574		-4.737500
1575		-5.318750
1576		-4.587500
1577		-5.056250
1578		-5.550000
1579		-4.850000
1580		-5.143750
1581		-5.350000
1582		-4.825000
1583		-5.437500
1584		-5.406250
1585		-4.506250
1586		-5.087500
1587		-4.825000
1588		-4.181250
1589		-5.143750
1590		-4.881250
1591		-4.506250
1592		-4.825000
1593		-4.587500
1594		-4.475000
1595		-5.287500
1596		-4.825000
1597		-4.675000
1598		-5.375000
1599		-4.737500
1600		-4.300000
1601		-5.175000
1602		-4.300000
1603		-4.387500
1604		-4.825000
1605		-3.831250
1606		-4.068750
1607		-4.243750
1608		-3.512500
1609		-3.656250
1610		-4.093750
1611		-3.368750
1612		-3.337500
1613		-3.862500
1614		-2.987500
1615		-3.312500
1616		-2.875000
1617		-2.293750
1618		-3.075000
1619		-2.556250
1620		-1.331250
1621		-1.881250
1622		-1.537500
1623		-1.156250
1624		-1.881250
1625		-2.612500
1626		-2.231250
1627		-2.437500
1628		-3.575000
1629		-3.193750
1630		-3.718750
1631		-3.775000
1632		-3.137500
1633		-3.456250
1634		-3.050000
1635		-2.612500
1636		-2.700000
1637		-2.643750
1638		-2.381250
1639		-3.368750
1640		-3.137500
1641		-3.743750
1642		-5.375000
1643		-5.056250
1644		-5.693750
1645		-6.512500
1646		-6.250000
1647		-6.568750
1648		-6.687500
1649		-6.075000
1650		-6.043750
1651		-5.693750
1652		-4.531250
1653		-4.506250
1654		-3.775000
1655		-3.250000
1656		-3.575000
1657		-3.512500
1658		-2.843750
1659		-3.456250
1660		-3.225000
1661		-2.725000
1662		-3.050000
1663		-2.843750
1664		-2.143750
1665		-2.581250
1666		-2.293750
1667		-1.068750
1668		-1.243750
1669		-0.981250
1670		0.037500
1671		0.068750
1672		1.318750
1673		1.843750
1674		1.725000
1675		2.600000
1676		2.537500
1677		2.218750
1678		2.687500
1679		1.868750
1680		0.912500
1681		1.025000
1682		0.443750
1683		-0.575000
1684		-0.806250
1685		-1.212500
1686		-1.331250
1687		-1.387500
1688		-1.681250
1689		-1.537500
1690		-1.243750
1691		-1.712500
1692		-1.968750
1693		-1.681250
1694		-2.350000
1695		-2.668750
1696		-2.262500
1697		-3.225000
1698		-2.900000
1699		-2.406250
1700		-2.787500
1701		-1.968750
1702		-1.475000
1703		-1.681250
1704		-1.068750
1705		-0.312500
1706		-0.431250
1707		0.500000
1708		0.706250
1709		0.181250
1710		1.025000
1711		0.881250
1712		0.531250
1713		1.168750
1714		1.112500
1715		1.025000
1716		1.668750
1717		1.518750
1718		1.318750
1719		2.075000
1720		1.550000
1721		1.606250
1722		1.900000
1723		1.343750
1724		0.881250
1725		1.112500
1726		0.500000
1727		0.150000
1728		0.125000
1729		-0.606250
1730		-0.575000
1731		-0.431250
1732		-1.450000
1733		-1.362500
1734		-1.212500
1735		-2.293750
1736		-1.737500
1737		-1.593750
1738		-1.943750
1739		-1.625000
1740		-1.187500
1741		-1.625000
1742		-0.750000
1743		-0.631250
1744		-0.400000
1745		0.443750
1746		0.618750
1747		0.825000
1748		1.462500
1749		1.256250
1750		1.462500
1751		2.131250
1752		1.725000
1753		2.250000
1754		2.512500
1755		2.100000
1756		3.118750
1757		3.412500
1758		3.237500
1759		3.762500
1760		4.662500
1761		4.200000
1762		4.312500
1763		4.518750
1764		3.762500
1765		3.850000
1766		3.675000
1767		2.775000
1768		2.800000
1769		1.931250
1770		1.168750
1771		1.200000
1772		0.650000
1773		0.475000
1774		0.443750
1775		0.125000
1776		0.125000
1777		0.356250
1778		-0.018750
1779		-0.018750
1780		1.143750
1781		0.300000
1782		0.500000
1783		1.168750
1784		0.587500
1785		1.168750
1786		1.550000
1787		1.231250
1788		2.275000
1789		2.218750
1790		1.956250
1791		2.568750
1792		3.118750
1793		2.943750
1794		3.675000
1795		4.081250
1796		3.706250
1797		4.662500
1798		4.637500
1799		4.662500
1800		5.506250
1801		5.393750
1802		5.218750
1803		5.656250
1804		5.537500
1805		5.187500
1806		5.737500
1807		4.981250
1808		5.068750
1809		5.418750
1810		4.431250
1811		4.637500
1812		4.868750
1813		4.200000
1814		4.256250
1815		3.643750
1816		3.500000
1817		3.325000
1818		3.150000
1819		2.481250
1820		3.006250
1821		2.450000
1822		1.725000
1823		2.131250
1824		1.956250
1825		1.462500
1826		1.843750
1827		2.012500
1828		2.100000
1829		2.625000
1830		2.600000
1831		2.393750
1832		3.093750
1833		3.150000
1834		3.206250
1835		3.468750
1836		3.206250
1837		3.706250
1838		3.906250
1839		3.850000
1840		4.225000
1841		4.225000
1842		4.518750
1843		5.068750
1844		5.100000
1845		4.487500
1846		5.712500
1847		5.681250
1848		5.331250
1849		5.800000
1850		5.593750
1851		5.131250
1852		5.825000
1853		5.393750
1854		5.218750
1855		5.362500
1856		4.956250
1857		4.868750
1858		5.218750
1859		4.575000
1860		4.837500
1861		5.275000
1862		4.518750
1863		4.781250
1864		5.218750
1865		4.256250
1866		4.462500
1867		4.893750
1868		4.606250
1869		5.450000
1870		4.662500
1871		4.050000
1872		5.100000
1873		4.893750
1874		4.137500
1875		4.981250
1876		4.518750
1877		4.200000
1878		4.781250
1879		4.431250
1880		4.487500
1881		4.893750
1882		4.343750
1883		4.868750
1884		4.575000
1885		4.981250
1886		4.956250
1887		5.825000
1888		5.187500
1889		5.393750
1890		5.768750
1891		4.956250
1892		5.481250
1893		5.537500
1894		4.837500
1895		5.275000
1896		5.218750
1897		4.956250
1898		5.131250
1899		5.156250
1900		5.012500
1901		5.943750
1902		4.725000
1903		4.868750
1904		5.218750
1905		4.662500
1906		4.575000
1907		4.956250
1908		4.343750
1909		4.287500
1910		4.637500
1911		3.618750
1912		3.906250
1913		3.937500
1914		3.293750
1915		3.118750
1916		3.206250
1917		2.362500
1918		2.512500
1919		2.393750
1920		2.043750
1921		2.481250
1922		2.537500
1923		2.625000
1924		3.468750
1925		4.200000
1926		4.400000
1927		5.625000
1928		5.825000
1929		6.206250
1930		6.468750
1931		5.418750
1932		5.362500
1933		5.012500
1934		4.137500
1935		3.793750
1936		3.556250
1937		3.093750
1938		3.325000
1939		3.818750
1940		3.381250
1941		3.993750
1942		4.925000
1943		4.550000
1944		5.393750
1945		5.393750
1946		4.981250
1947		5.218750
1948		4.781250
1949		4.550000
1950		5.012500
1951		4.400000
1952		4.400000
1953		4.806250
1954		4.225000
1955		4.343750
1956		5.187500
1957		4.868750
1958		6.000000
1959		5.800000
1960		5.912500
1961		6.906250
1962		7.518750
1963		7.343750
1964		8.618750
1965		8.418750
1966		7.925000
1967		8.706250
1968		8.681250
1969		8.068750
1970		8.506250
1971		7.925000
1972		7.575000
1973		8.618750
1974		8.300000
1975		8.506250
1976		9.525000
1977		9.668750
1978		9.437500
1979		10.337500
1980		9.581250
1981		9.962500
1982		9.462500
1983		8.068750
1984		7.981250
1985		7.106250
1986		5.712500
1987		5.306250
1988		4.343750
1989		3.643750
1990		3.618750
1991		2.918750
1992		2.687500
1993		4.050000
1994		3.181250
1995		3.381250
1996		3.875000
1997		3.062500
1998		2.831250
1999		3.237500
2000		1.987500
2001		1.956250
2002		1.987500
2003		1.143750
2004		1.868750
2005		2.187500
2006		1.931250
2007		2.337500
2008		2.862500
2009		2.775000
2010		3.643750
2011		3.793750
2012		3.762500
2013		4.431250
2014		3.818750
2015		4.050000
2016		4.518750
2017		3.268750
2018		3.443750
2019		3.762500
2020		3.443750
2021		3.587500
2022		2.975000
2023		3.062500
2024		3.643750
2025		4.256250
2026		3.675000
2027		4.806250
2028		4.806250
2029		4.725000
2030		5.712500
2031		5.068750
2032		4.981250
2033		5.306250
2034		4.693750
2035		4.200000
2036		4.868750
2037		3.356250
2038		3.412500
2039		3.556250
2040		3.412500
2041		3.356250
2042		3.993750
2043		2.656250
2044		3.618750
2045		3.643750
2046		3.762500
2047		4.050000
2048		3.906250
2049		3.531250
2050		4.287500
2051		3.706250
2052		3.906250
2053		4.375000
2054		3.706250
2055		3.706250
2056		4.287500
2057		3.031250
2058		3.556250
2059		3.906250
2060		3.618750
2061		3.500000
2062		4.081250
2063		3.706250
2064		4.606250
2065		4.725000
2066		4.956250
2067		5.481250
2068		6.087500
2069		5.712500
2070		6.556250
2071		6.087500
2072		6.087500
2073		6.525000
2074		5.450000
2075		5.187500
2076		5.418750
2077		4.550000
2078		4.725000
2079		4.725000
2080		3.962500
2081		4.200000
2082		4.200000
2083		3.443750
2084		4.200000
2085		4.050000
2086		3.412500
2087		4.256250
2088		4.575000
2089		3.706250
2090		4.431250
2091		4.112500
2092		4.225000
2093		5.012500
2094		4.200000
2095		4.487500
2096		4.925000
2097		4.200000
2098		4.081250
2099		4.225000
2100		3.356250
2101		3.325000
2102		3.762500
2103		2.687500
2104		3.468750
2105		3.268750
2106		2.887500
2107		3.556250
2108		3.206250
2109		3.206250
2110		3.706250
2111		3.062500
2112		2.975000
2113		3.706250
2114		2.250000
2115		1.956250
2116		2.187500
2117		1.168750
2118		1.606250
2119		1.112500
2120		0.412500
2121		1.025000
2122		0.675000
2123		0.850000
2124		1.081250
2125		0.850000
2126		1.200000
2127		1.518750
2128		0.881250
2129		0.937500
2130		1.318750
2131		0.650000
2132		0.881250
2133		0.912500
2134		0.562500
2135		0.825000
2136		1.256250
2137		0.706250
2138		1.431250
2139		1.462500
2140		1.318750
2141		1.812500
2142		1.668750
2143		1.518750
2144		2.187500
2145		2.162500
2146		2.012500
2147		3.062500
2148		2.625000
2149		2.625000
2150		2.975000
2151		2.537500
2152		2.862500
2153		2.362500
2154		2.306250
2155		2.162500
2156		2.306250
2157		0.737500
2158		1.725000
2159		1.518750
2160		1.143750
2161		1.900000
2162		1.287500
2163		1.231250
2164		1.812500
2165		1.143750
2166		1.143750
2167		1.900000
2168		1.231250
2169		1.518750
2170		1.375000
2171		0.618750
2172		1.637500
2173		1.318750
2174		0.650000
2175		1.812500
2176		1.518750
2177		0.762500
2178		2.043750
2179		1.431250
2180		1.868750
2181		1.900000
2182		1.550000
2183		1.900000
2184		2.218750
2185		1.518750
2186		1.756250
2187		2.187500
2188		1.231250
2189		1.518750
2190		1.462500
2191		0.881250
2192		1.287500
2193		0.968750
2194		0.793750
2195		0.650000
2196		0.706250
2197		0.006250
2198		0.500000
2199		-0.400000
2200		-0.225000
2201		0.356250
2202		-0.343750
2203		0.325000
2204		0.737500
2205		0.237500
2206		0.562500
2207		1.168750
2208		0.587500
2209		1.081250
2210		1.000000
2211		0.793750
2212		1.843750
2213		1.343750
2214		1.025000
2215		1.868750
2216		1.637500
2217		1.518750
2218		1.900000
2219		1.256250
2220		1.462500
2221		1.812500
2222		1.431250
2223		1.518750
2224		1.668750
2225		1.000000
2226		1.431250
2227		1.256250
2228		1.168750
2229		1.025000
2230		0.650000
2231		0.562500
2232		1.000000
2233		-0.050000
2234		-0.050000
2235		0.093750
2236		-0.950000
2237		-0.662500
2238		-0.781250
2239		-2.031250
2240		-1.331250
2241		-1.331250
2242		-1.881250
2243		-1.418750
2244		-1.825000
2245		-1.793750
2246		-1.387500
2247		-1.537500
2248		-1.387500
2249		-0.662500
2250		-1.362500
2251		-0.925000
2252		-0.518750
2253		-0.981250
2254		-0.256250
2255		-0.806250
2256		-0.693750
2257		0.068750
2258		0.125000
2259		-0.050000
2260		0.587500
2261		0.356250
2262		0.356250
2263		1.462500
2264		0.500000
2265		0.587500
2266		1.318750
2267		0.443750
2268		0.968750
2269		1.000000
2270		0.181250
2271		0.706250
2272		0.325000
2273		-0.281250
2274		0.618750
2275		-0.225000
2276		-0.893750
2277		-0.368750
2278		-0.693750
2279		-1.100000
2280		-0.400000
2281		-1.187500
2282		-0.862500
2283		-0.718750
2284		-1.450000
2285		-1.187500
2286		-0.718750
2287		-1.712500
2288		-0.606250
2289		-1.300000
2290		-1.881250
2291		-1.275000
2292		-1.625000
2293		-1.737500
2294		-1.068750
2295		-2.031250
2296		-1.768750
2297		-0.837500
2298		-1.768750
2299		-1.881250
2300		-1.243750
2301		-1.768750
2302		-1.737500
2303		-2.031250
2304		-2.643750
2305		-2.406250
2306		-3.425000
2307		-3.575000
2308		-3.162500
2309		-3.806250
2310		-3.656250
2311		-2.787500
2312		-3.075000
2313		-2.087500
2314		-0.806250
2315		-0.575000
2316		0.762500
2317		1.725000
2318		1.518750
2319		2.775000
2320		2.775000
2321		2.537500
2322		3.556250
2323		3.206250
2324		3.150000
2325		3.793750
2326		3.325000
2327		3.731250
2328		4.200000
2329		3.793750
2330		4.256250
2331		4.400000
2332		3.993750
2333		4.462500
2334		4.375000
2335		3.531250
2336		4.400000
2337		3.206250
2338		2.481250
2339		1.900000
2340		0.300000
2341		-0.518750
2342		-1.100000
2343		-3.106250
2344		-3.950000
2345		-4.968750
2346		-6.600000
2347		-7.237500
2348		-7.300000
2349		-8.462500
2350		-8.056250
2351		-8.143750
2352		-8.606250
2353		-7.412500
2354		-7.125000
2355		-7.125000
2356		-6.106250
2357		-5.693750
2358		-5.375000
2359		-4.475000
2360		-4.650000
2361		-4.387500
2362		-3.193750
2363		-3.543750
2364		-2.700000
2365		-1.825000
2366		-1.625000
2367		-0.606250
2368		0.237500
2369		0.531250
2370		1.287500
2371		1.900000
2372		1.493750
2373		1.900000
2374		0.968750
2375		0.300000
2376		0.650000
2377		-0.431250
2378		-0.806250
2379		-0.718750
2380		-1.968750
2381		-2.437500
2382		-1.912500
2383		-3.075000
2384		-3.137500
2385		-3.050000
2386		-4.006250
2387		-3.862500
2388		-4.300000
2389		-4.850000
2390		-4.443750
2391		-4.531250
2392		-5.693750
2393		-4.587500
2394		-4.243750
2395		-4.706250
2396		-3.656250
2397		-3.893750
2398		-3.137500
2399		-1.825000
2400		-1.793750
2401		-0.606250
2402		1.056250
2403		0.587500
2404		1.462500
2405		2.600000
2406		2.537500
2407		4.256250
2408		4.662500
2409		4.637500
2410		5.100000
2411		5.568750
2412		5.068750
2413		5.768750
2414		5.393750
2415		4.575000
2416		4.225000
2417		3.556250
2418		2.625000
2419		1.812500
2420		1.025000
2421		-0.837500
2422		-1.037500
2423		-2.700000
2424		-4.037500
2425		-4.706250
2426		-5.843750
2427		-6.831250
2428		-6.975000
2429		-8.025000
2430		-8.868750
2431		-8.431250
2432		-9.243750
2433		-9.712500
2434		-9.043750
2435		-9.275000
2436		-8.606250
2437		-8.056250
2438		-7.731250
2439		-6.625000
2440		-5.175000
2441		-5.262500
2442		-3.743750
2443		-3.050000
2444		-2.556250
2445		-2.118750
2446		-1.331250
2447		-1.475000
2448		-0.487500
2449		0.150000
2450		-0.718750
2451		0.475000
2452		1.000000
2453		0.150000
2454		1.168750
2455		0.825000
2456		0.500000
2457		1.056250
2458		0.937500
2459		0.531250
2460		1.231250
2461		0.650000
2462		0.587500
2463		0.937500
2464		0.793750
2465		0.587500
2466		0.500000
2467		-0.312500
2468		-0.893750
2469		-0.631250
2470		-1.881250
2471		-2.756250
2472		-2.700000
2473		-4.506250
2474		-5.087500
2475		-5.437500
2476		-6.800000
2477		-7.062500
2478		-6.831250
2479		-7.850000
2480		-7.500000
2481		-7.125000
2482		-7.906250
2483		-7.618750
2484		-6.975000
2485		-7.443750
2486		-6.975000
2487		-6.368750
2488		-6.775000
2489		-5.781250
2490		-5.375000
2491		-5.462500
2492		-4.093750
2493		-4.156250
2494		-3.862500
2495		-2.812500
2496		-2.493750
2497		-2.350000
2498		-1.681250
2499		-1.856250
2500		-1.793750
2501		-0.981250
2502		-1.275000
2503		-1.537500
2504		-0.750000
2505		-1.243750
2506		-1.187500
2507		-0.281250
2508		-0.925000
2509		-0.950000
2510		-0.281250
2511		-1.212500
2512		-1.100000
2513		-0.137500
2514		-1.275000
2515		-0.950000
2516		-0.862500
2517		-1.562500
2518		-1.300000
2519		-1.156250
2520		-1.681250
2521		-0.925000
2522		-1.100000
2523		-2.087500
2524		-1.625000
2525		-1.968750
2526		-3.137500
2527		-2.406250
2528		-2.787500
2529		-3.862500
2530		-3.718750
2531		-3.368750
2532		-4.156250
2533		-3.368750
2534		-3.487500
2535		-3.831250
2536		-2.700000
2537		-3.050000
2538		-3.250000
2539		-2.612500
2540		-2.700000
2541		-2.581250
2542		-1.768750
2543		-2.668750
2544		-2.756250
2545		-1.881250
2546		-2.350000
2547		-2.406250
2548		-1.768750
2549		-1.943750
2550		-1.450000
2551		-1.537500
2552		-2.231250
2553		-2.525000
2554		-2.056250
2555		-3.050000
2556		-2.987500
2557		-3.456250
2558		-4.937500
2559		-4.443750
2560		-4.093750
2561		-5.262500
2562		-5.812500
2563		-5.231250
2564		-6.018750
2565		-5.581250
2566		-5.956250
2567		-6.537500
2568		-5.843750
2569		-5.375000
2570		-6.131250
2571		-5.112500
2572		-4.587500
2573		-4.881250
2574		-3.575000
2575		-3.656250
2576		-3.631250
2577		-2.262500
2578		-2.525000
2579		-2.350000
2580		-1.450000
2581		-1.737500
2582		-1.331250
2583		-0.718750
2584		-0.368750
2585		-0.606250
2586		-0.018750
2587		-0.225000
2588		0.587500
2589		1.168750
2590		0.793750
2591		1.256250
2592		1.781250
2593		0.762500
2594		1.025000
2595		1.518750
2596		0.587500
2597		0.150000
2598		0.268750
2599		-0.750000
2600		-0.925000
2601		-0.950000
2602		-1.681250
2603		-1.362500
2604		-1.537500
2605		-2.318750
2606		-2.087500
2607		-1.968750
2608		-2.725000
2609		-1.856250
2610		-2.318750
2611		-2.987500
2612		-2.231250
2613		-2.293750
2614		-3.368750
2615		-3.193750
2616		-3.631250
2617		-3.893750
2618		-3.718750
2619		-3.806250
2620		-4.562500
2621		-4.300000
2622		-4.356250
2623		-3.775000
2624		-3.775000
2625		-3.575000
2626		-3.575000
2627		-2.900000
2628		-2.987500
2629		-2.612500
2630		-2.206250
2631		-2.468750
2632		-2.318750
2633		-1.881250
2634		-2.206250
2635		-2.437500
2636		-1.506250
2637		-2.231250
2638		-2.612500
2639		-2.468750
2640		-2.556250
2641		-2.756250
2642		-2.318750
2643		-3.281250
2644		-2.437500
2645		-2.437500
2646		-3.337500
2647		-2.812500
2648		-2.406250
2649		-3.456250
2650		-3.193750
2651		-3.918750
2652		-4.331250
2653		-4.181250
2654		-4.506250
2655		-4.650000
2656		-4.443750
2657		-4.650000
2658		-4.793750
2659		-4.212500
2660		-4.443750
2661		-4.443750
2662		-3.687500
2663		-4.387500
2664		-4.212500
2665		-3.981250
2666		-4.587500
2667		-4.300000
2668		-3.631250
2669		-4.531250
2670		-4.331250
2671		-3.806250
2672		-4.387500
2673		-4.068750
2674		-3.775000
2675		-3.950000
2676		-3.425000
2677		-3.137500
2678		-3.862500
2679		-3.106250
2680		-2.756250
2681		-3.775000
2682		-2.900000
2683		-2.556250
2684		-2.612500
2685		-2.468750
2686		-2.406250
2687		-3.075000
2688		-2.056250
2689		-2.643750
2690		-2.700000
2691		-2.437500
2692		-2.843750
2693		-3.312500
2694		-2.787500
2695		-3.487500
2696		-3.543750
2697		-3.137500
2698		-3.543750
2699		-4.300000
2700		-3.718750
2701		-4.243750
2702		-4.156250
2703		-3.806250
2704		-4.156250
2705		-3.918750
2706		-3.831250
2707		-3.718750
2708		-3.806250
2709		-3.225000
2710		-3.718750
2711		-2.756250
2712		-2.262500
2713		-2.812500
2714		-1.768750
2715		-1.593750
2716		-1.418750
2717		-0.950000
2718		-1.187500
2719		-1.593750
2720		-1.100000
2721		-1.068750
2722		-1.187500
2723		-1.068750
2724		-1.450000
2725		-1.593750
2726		-1.068750
2727		-2.262500
2728		-1.768750
2729		-1.331250
2730		-1.768750
2731		-1.475000
2732		-1.650000
2733		-2.175000
2734		-2.056250
2735		-2.000000
2736		-2.468750
2737		-2.556250
2738		-2.700000
2739		-3.631250
2740		-2.987500
2741		-3.018750
2742		-3.950000
2743		-3.575000
2744		-3.718750
2745		-3.981250
2746		-3.950000
2747		-4.093750
2748		-4.006250
2749		-3.918750
2750		-3.512500
2751		-3.687500
2752		-3.137500
2753		-3.250000
2754		-3.281250
2755		-1.968750
2756		-2.206250
2757		-2.087500
2758		-1.625000
2759		-1.856250
2760		-1.625000
2761		-0.950000
2762		-1.506250
2763		-1.187500
2764		-0.750000
2765		-1.506250
2766		-0.662500
2767		-0.400000
2768		-0.925000
2769		-0.281250
2770		-0.168750
2771		-0.750000
2772		-0.168750
2773		-0.256250
2774		-0.806250
2775		0.237500
2776		-0.312500
2777		-0.750000
2778		-0.575000
2779		-0.950000
2780		-1.650000
2781		-0.806250
2782		-1.450000
2783		-1.387500
2784		-0.893750
2785		-1.712500
2786		-2.087500
2787		-1.387500
2788		-2.000000
2789		-1.856250
2790		-1.387500
2791		-1.881250
2792		-1.562500
2793		-1.625000
2794		-2.143750
2795		-1.881250
2796		-1.768750
2797		-2.350000
2798		-1.625000
2799		-2.262500
2800		-2.700000
2801		-1.768750
2802		-1.968750
2803		-2.056250
2804		-1.593750
2805		-1.450000
2806		-1.768750
2807		-0.893750
2808		-1.125000
2809		-0.750000
2810		0.268750
2811		-0.168750
2812		0.068750
2813		0.300000
2814		0.068750
2815		0.006250
2816		0.356250
2817		-0.137500
2818		-0.693750
2819		-0.281250
2820		-0.343750
2821		-0.137500
2822		-0.281250
2823		-0.750000
2824		-0.343750
2825		-0.693750
2826		-0.981250
2827		-0.225000
2828		-0.193750
2829		-0.575000
2830		0.181250
2831		-0.018750
2832		-0.193750
2833		0.300000
2834		-0.081250
2835		-0.050000
2836		0.356250
2837		-0.106250
2838		-0.193750
2839		-0.050000
2840		0.068750
2841		0.006250
2842		0.737500
2843		0.037500
2844		0.300000
2845		0.650000
2846		0.093750
2847		0.475000
2848		0.968750
2849		0.300000
2850		1.112500
2851		0.587500
2852		0.212500
2853		0.737500
2854		1.112500
2855		1.000000
2856		1.168750
2857		1.287500
2858		1.000000
2859		1.318750
2860		1.518750
2861		1.725000
2862		2.831250
2863		2.537500
2864		2.450000
2865		3.062500
2866		2.743750
2867		2.600000
2868		2.687500
2869		1.987500
2870		1.725000
2871		1.231250
2872		-0.081250
2873		0.237500
2874		0.212500
2875		0.150000
2876		0.825000
2877		0.793750
2878		0.531250
2879		1.143750
2880		1.168750
2881		0.850000
2882		0.937500
2883		0.325000
2884		-0.106250
2885		-0.400000
2886		-1.712500
2887		-2.318750
2888		-1.625000
2889		-2.900000
2890		-2.843750
2891		-2.612500
2892		-3.225000
2893		-2.668750
2894		-1.681250
2895		-1.625000
2896		-0.456250
2897		0.006250
2898		-0.750000
2899		0.300000
2900		0.412500
2901		0.093750
2902		1.143750
2903		1.112500
2904		0.562500
2905		1.056250
2906		0.793750
2907		1.550000
2908		2.218750
2909		1.868750
2910		2.187500
2911		3.500000
2912		2.775000
2913		3.618750
2914		4.575000
2915		4.575000
2916		5.481250
2917		6.325000
2918		5.975000
2919		5.975000
2920		6.237500
2921		5.537500
2922		5.656250
2923		5.131250
2924		3.818750
2925		3.818750
2926		2.862500
2927		2.131250
2928		2.481250
2929		1.868750
2930		1.668750
2931		2.218750
2932		1.581250
2933		1.318750
2934		1.781250
2935		1.200000
2936		1.256250
2937		1.168750
2938		0.412500
2939		0.037500
2940		0.737500
2941		-0.193750
2942		0.300000
2943		0.937500
2944		0.793750
2945		1.606250
2946		2.100000
2947		1.987500
2948		3.118750
2949		3.468750
2950		3.706250
2951		4.343750
2952		3.993750
2953		3.937500
2954		5.068750
2955		4.025000
2956		4.225000
2957		5.100000
2958		4.287500
2959		4.200000
2960		4.518750
2961		4.637500
2962		4.868750
2963		4.893750
2964		4.225000
2965		4.837500
2966		4.518750
2967		3.706250
2968		3.993750
2969		3.556250
2970		2.887500
2971		3.181250
2972		2.306250
2973		1.931250
2974		2.250000
2975		1.581250
2976		1.168750
2977		1.987500
2978		1.168750
2979		1.168750
2980		1.637500
2981		0.881250
2982		1.287500
2983		1.843750
2984		1.518750
2985		2.075000
2986		2.625000
2987		2.043750
2988		3.500000
2989		3.762500
2990		3.875000
2991		4.287500
2992		4.400000
2993		4.518750
2994		4.893750
2995		4.750000
2996		5.012500
2997		5.737500
2998		5.100000
2999		6.000000
3000		6.468750
3001		6.150000
3002		6.818750
3003		7.456250
3004		7.193750
3005		7.137500
3006		7.368750
3007		6.818750
3008		7.281250
3009		6.843750
3010		5.593750
3011		5.737500
3012		5.306250
3013		4.200000
3014		4.137500
3015		3.468750
3016		3.118750
3017		3.793750
3018		2.743750
3019		2.450000
3020		3.031250
3021		2.743750
3022		3.181250
3023		3.556250
3024		3.093750
3025		3.325000
3026		3.468750
3027		3.618750
3028		4.462500
3029		3.906250
3030		3.818750
3031		4.462500
3032		4.200000
3033		4.725000
3034		5.331250
3035		5.537500
3036		5.712500
3037		6.587500
3038		6.293750
3039		6.700000
3040		7.662500
3041		7.081250
3042		7.718750
3043		8.475000
3044		7.806250
3045		7.862500
3046		8.300000
3047		7.718750
3048		8.012500
3049		7.862500
3050		7.193750
3051		7.662500
3052		7.018750
3053		6.993750
3054		6.668750
3055		6.787500
3056		6.237500
3057		6.556250
3058		5.912500
3059		5.537500
3060		6.118750
3061		5.218750
3062		5.450000
3063		5.131250
3064		4.606250
3065		4.256250
3066		4.781250
3067		3.618750
3068		4.487500
3069		4.518750
3070		4.050000
3071		4.518750
3072		4.487500
3073		4.081250
3074		5.593750
3075		5.100000
3076		5.306250
3077		5.943750
3078		5.825000
3079		6.031250
3080		6.556250
3081		6.062500
3082		6.700000
3083		7.193750
3084		6.500000
3085		7.368750
3086		7.631250
3087		7.018750
3088		7.600000
3089		7.837500
3090		7.687500
3091		8.012500
3092		7.981250
3093		7.950000
3094		7.806250
3095		7.343750
3096		7.281250
3097		8.068750
3098		7.168750
3099		6.731250
3100		7.400000
3101		7.106250
3102		7.050000
3103		6.843750
3104		6.500000
3105		6.993750
3106		6.875000
3107		6.175000
3108		7.137500
3109		6.756250
3110		6.468750
3111		6.700000
3112		6.468750
3113		6.468750
3114		7.106250
3115		6.325000
3116		6.262500
3117		7.137500
3118		6.150000
3119		5.737500
3120		6.412500
3121		5.856250
3122		6.525000
3123		6.381250
3124		5.768750
3125		6.818750
3126		6.437500
3127		6.031250
3128		7.050000
3129		6.756250
3130		6.931250
3131		7.343750
3132		6.668750
3133		6.668750
3134		7.256250
3135		6.237500
3136		6.700000
3137		7.137500
3138		6.668750
3139		6.818750
3140		7.106250
3141		6.175000
3142		6.875000
3143		7.106250
3144		6.612500
3145		7.193750
3146		6.906250
3147		6.525000
3148		7.431250
3149		6.843750
3150		6.525000
3151		6.962500
3152		6.031250
3153		6.118750
3154		6.350000
3155		5.768750
3156		5.737500
3157		5.537500
3158		4.375000
3159		4.868750
3160		4.200000
3161		3.762500
3162		4.487500
3163		4.287500
3164		4.287500
3165		5.243750
3166		5.362500
3167		5.506250
3168		6.906250
3169		6.700000
3170		7.193750
3171		7.575000
3172		7.137500
3173		7.050000
3174		6.700000
3175		5.362500
3176		5.306250
3177		4.925000
3178		3.443750
3179		4.050000
3180		3.937500
3181		3.962500
3182		5.156250
3183		4.956250
3184		5.506250
3185		6.237500
3186		5.856250
3187		5.887500
3188		6.668750
3189		5.306250
3190		5.331250
3191		5.418750
3192		4.050000
3193		4.637500
3194		4.487500
3195		3.556250
3196		4.343750
3197		4.312500
3198		4.025000
3199		5.450000
3200		5.625000
3201		6.556250
3202		7.431250
3203		7.631250
3204		8.156250
3205		8.943750
3206		8.881250
3207		9.381250
3208		9.962500
3209		8.856250
3210		9.581250
3211		9.668750
3212		8.681250
3213		8.943750
3214		8.706250
3215		8.618750
3216		9.206250
3217		9.206250
3218		9.725000
3219		10.743750
3220		10.250000
3221		10.481250
3222		11.093750
3223		10.831250
3224		10.162500
3225		9.668750
3226		8.012500
3227		7.718750
3228		6.612500
3229		5.362500
3230		5.068750
3231		3.993750
3232		3.556250
3233		3.500000
3234		2.887500
3235		2.975000
3236		3.468750
3237		2.656250
3238		2.450000
3239		2.450000
3240		1.868750
3241		1.843750
3242		1.025000
3243		0.325000
3244		1.000000
3245		-0.343750
3246		-0.312500
3247		0.562500
3248		0.937500
3249		1.518750
3250		2.218750
3251		1.987500
3252		2.600000
3253		3.556250
3254		3.500000
3255		4.200000
3256		4.662500
3257		4.050000
3258		4.925000
3259		4.312500
3260		3.556250
3261		3.937500
3262		3.993750
3263		3.937500
3264		4.137500
3265		3.293750
3266		4.343750
3267		4.725000
3268		4.637500
3269		4.431250
3270		5.737500
3271		4.781250
3272		5.450000
3273		5.012500
3274		4.487500
3275		5.187500
3276		4.662500
3277		3.818750
3278		3.643750
3279		2.975000
3280		2.831250
3281		3.468750
3282		2.450000
3283		2.012500
3284		2.687500
3285		2.337500
3286		2.537500
3287		3.031250
3288		2.537500
3289		2.775000
3290		2.975000
3291		2.481250
3292		3.500000
3293		3.381250
3294		3.150000
3295		3.325000
3296		3.031250
3297		2.481250
3298		3.062500
3299		2.362500
3300		2.775000
3301		2.831250
3302		2.393750
3303		2.775000
3304		3.412500
3305		3.356250
3306		4.287500
3307		4.081250
3308		4.287500
3309		5.331250
3310		5.393750
3311		5.418750
3312		6.118750
3313		4.868750
3314		5.506250
3315		5.656250
3316		4.781250
3317		4.637500
3318		4.200000
3319		3.325000
3320		4.137500
3321		3.643750
3322		2.975000
3323		3.793750
3324		3.762500
3325		3.237500
3326		3.618750
3327		3.118750
3328		3.706250
3329		4.343750
3330		3.793750
3331		3.793750
3332		3.937500
3333		3.556250
3334		3.937500
3335		4.081250
3336		3.356250
3337		4.168750
3338		4.137500
3339		3.500000
3340		4.200000
3341		3.587500
3342		2.687500
3343		3.706250
3344		2.800000
3345		3.062500
3346		3.468750
3347		2.450000
3348		3.031250
3349		2.862500
3350		2.250000
3351		2.918750
3352		2.568750
3353		1.756250
3354		1.931250
3355		1.462500
3356		1.025000
3357		1.200000
3358		0.006250
3359		-0.575000
3360		-0.487500
3361		-0.662500
3362		-1.125000
3363		-0.368750
3364		-0.893750
3365		-1.212500
3366		-0.575000
3367		-2.118750
3368		0.068750
3369		-0.281250
3370		-0.662500
3371		-0.456250
3372		-0.456250
3373		-1.537500
3374		-0.781250
3375		-1.187500
3376		-1.387500
3377		-0.981250
3378		-1.331250
3379		-1.187500
3380		-0.281250
3381		-1.100000
3382		-0.662500
3383		0.356250
3384		0.006250
3385		0.268750
3386		0.881250
3387		0.325000
3388		0.881250
3389		1.462500
3390		0.881250
3391		1.231250
3392		1.168750
3393		0.650000
3394		1.375000
3395		1.000000
3396		0.850000
3397		1.581250
3398		0.531250
3399		0.150000
3400		0.706250
3401		0.387500
3402		-0.256250
3403		0.562500
3404		0.150000
3405		-0.431250
3406		0.006250
3407		-0.718750
3408		-0.518750
3409		-0.368750
3410		-1.156250
3411		-0.893750
3412		-0.862500
3413		-1.562500
3414		-1.156250
3415		-0.662500
3416		-1.125000
3417		-1.012500
3418		-1.037500
3419		-1.625000
3420		-0.662500
3421		-0.662500
3422		-1.300000
3423		-0.137500
3424		-0.312500
3425		-1.156250
3426		0.356250
3427		-0.693750
3428		-0.950000
3429		-0.343750
3430		-0.862500
3431		-1.300000
3432		-0.837500
3433		-1.737500
3434		-1.331250
3435		-1.100000
3436		-2.175000
3437		-2.031250
3438		-1.593750
3439		-2.406250
3440		-2.406250
3441		-2.175000
3442		-2.875000
3443		-2.612500
3444		-2.031250
3445		-2.700000
3446		-2.381250
3447		-1.881250
3448		-1.968750
3449		-2.175000
3450		-1.856250
3451		-2.493750
3452		-2.056250
3453		-1.943750
3454		-2.231250
3455		-1.387500
3456		-1.506250
3457		-1.768750
3458		-1.768750
3459		-1.943750
3460		-1.737500
3461		-1.475000
3462		-1.737500
3463		-2.318750
3464		-1.593750
3465		-2.493750
3466		-2.206250
3467		-1.537500
3468		-2.493750
3469		-2.381250
3470		-2.350000
3471		-2.843750
3472		-3.018750
3473		-2.468750
3474		-3.575000
3475		-3.600000
3476		-3.368750
3477		-4.156250
3478		-4.125000
3479		-3.718750
3480		-4.650000
3481		-4.531250
3482		-5.025000
3483		-5.200000
3484		-5.262500
3485		-5.025000
3486		-6.043750
3487		-5.318750
3488		-5.143750
3489		-5.668750
3490		-4.881250
3491		-5.000000
3492		-5.375000
3493		-4.506250
3494		-4.443750
3495		-4.650000
3496		-3.193750
3497		-4.006250
3498		-4.006250
3499		-3.193750
3500		-3.425000
3501		-3.718750
3502		-2.643750
3503		-3.250000
3504		-3.075000
3505		-2.581250
3506		-3.337500
3507		-3.162500
3508		-2.175000
3509		-3.193750
3510		-3.512500
3511		-2.987500
3512		-3.575000
3513		-3.631250
3514		-2.900000
3515		-3.575000
3516		-3.512500
3517		-3.512500
3518		-4.243750
3519		-4.093750
3520		-3.337500
3521		-5.000000
3522		-4.506250
3523		-4.418750
3524		-5.350000
3525		-4.737500
3526		-5.112500
3527		-5.781250
3528		-4.912500
3529		-4.968750
3530		-5.637500
3531		-5.231250
3532		-5.931250
3533		-6.193750
3534		-5.493750
3535		-6.075000
3536		-6.250000
3537		-5.462500
3538		-6.250000
3539		-5.931250
3540		-5.287500
3541		-5.493750
3542		-6.106250
3543		-5.087500
3544		-5.781250
3545		-5.987500
3546		-5.987500
3547		-6.512500
3548		-7.237500
3549		-6.687500
3550		-7.937500
3551		-8.287500
3552		-7.643750
3553		-8.025000
3554		-7.531250
3555		-6.250000
3556		-6.018750
3557		-4.793750
3558		-3.806250
3559		-3.950000
3560		-2.556250
3561		-1.856250
3562		-1.825000
3563		-1.537500
3564		-1.187500
3565		-1.537500
3566		-0.981250
3567		-1.156250
3568		-1.625000
3569		-1.037500
3570		-0.631250
3571		-1.387500
3572		-0.368750
3573		-0.106250
3574		-0.750000
3575		-0.312500
3576		-0.256250
3577		-0.662500
3578		-0.693750
3579		-1.562500
3580		-2.056250
3581		-2.350000
3582		-3.281250
3583		-4.443750
3584		-5.262500
3585		-7.037500
3586		-7.881250
3587		-8.431250
3588		-10.237500
3589		-11.050000
3590		-10.937500
3591		-12.387500
3592		-12.737500
3593		-12.243750
3594		-13.031250
3595		-12.537500
3596		-11.718750
3597		-12.068750
3598		-11.281250
3599		-10.350000
3600		-10.700000
3601		-10.262500
3602		-9.131250
3603		-9.393750
3604		-8.487500
3605		-8.025000
3606		-8.231250
3607		-7.237500
3608		-6.393750
3609		-6.537500
3610		-5.518750
3611		-4.881250
3612		-4.562500
3613		-4.300000
3614		-3.918750
3615		-3.950000
3616		-3.368750
3617		-4.243750
3618		-5.025000
3619		-5.056250
3620		-5.756250
3621		-6.712500
3622		-6.625000
3623		-7.381250
3624		-7.793750
3625		-7.531250
3626		-8.168750
3627		-8.518750
3628		-7.850000
3629		-8.956250
3630		-8.781250
3631		-8.287500
3632		-9.481250
3633		-9.131250
3634		-9.187500
3635		-9.887500
3636		-9.075000
3637		-8.812500
3638		-9.162500
3639		-8.431250
3640		-7.793750
3641		-7.762500
3642		-6.512500
3643		-5.756250
3644		-5.900000
3645		-4.793750
3646		-4.006250
3647		-3.950000
3648		-2.643750
3649		-2.350000
3650		-2.118750
3651		-0.662500
3652		-0.662500
3653		-0.862500
3654		-0.106250
3655		-0.281250
3656		-0.137500
3657		-0.431250
3658		-1.243750
3659		-1.625000
3660		-2.206250
3661		-3.337500
3662		-4.587500
3663		-4.912500
3664		-6.775000
3665		-7.881250
3666		-8.312500
3667		-10.468750
3668		-10.731250
3669		-11.168750
3670		-12.650000
3671		-13.468750
3672		-13.031250
3673		-14.487500
3674		-14.512500
3675		-14.487500
3676		-15.125000
3677		-14.162500
3678		-14.281250
3679		-14.162500
3680		-12.968750
3681		-12.068750
3682		-11.400000
3683		-10.118750
3684		-9.537500
3685		-8.956250
3686		-7.675000
3687		-7.500000
3688		-7.062500
3689		-6.368750
3690		-6.393750
3691		-6.425000
3692		-5.550000
3693		-5.231250
3694		-5.231250
3695		-4.443750
3696		-4.968750
3697		-4.650000
3698		-3.918750
3699		-4.912500
3700		-4.737500
3701		-4.212500
3702		-4.937500
3703		-4.881250
3704		-4.675000
3705		-5.262500
3706		-5.350000
3707		-5.550000
3708		-5.756250
3709		-5.581250
3710		-6.193750
3711		-7.268750
3712		-7.237500
3713		-7.618750
3714		-8.606250
3715		-9.162500
3716		-9.625000
3717		-10.962500
3718		-11.193750
3719		-11.575000
3720		-12.681250
3721		-12.825000
3722		-13.318750
3723		-13.468750
3724		-12.593750
3725		-13.118750
3726		-13.087500
3727		-12.331250
3728		-12.243750
3729		-12.125000
3730		-11.368750
3731		-11.137500
3732		-11.081250
3733		-10.031250
3734		-10.350000
3735		-9.275000
3736		-8.606250
3737		-8.575000
3738		-7.993750
3739		-7.212500
3740		-7.675000
3741		-6.831250
3742		-6.625000
3743		-6.862500
3744		-6.218750
3745		-6.218750
3746		-6.600000
3747		-6.281250
3748		-6.106250
3749		-6.831250
3750		-5.843750
3751		-6.425000
3752		-6.018750
3753		-5.406250
3754		-5.406250
3755		-5.375000
3756		-4.968750
3757		-5.581250
3758		-5.550000
3759		-4.881250
3760		-5.606250
3761		-5.812500
3762		-5.231250
3763		-5.812500
3764		-6.131250
3765		-5.812500
3766		-6.656250
3767		-6.481250
3768		-6.950000
3769		-7.643750
3770		-7.468750
3771		-7.906250
3772		-9.012500
3773		-8.550000
3774		-8.812500
3775		-9.075000
3776		-8.343750
3777		-8.550000
3778		-8.868750
3779		-8.168750
3780		-8.168750
3781		-7.993750
3782		-7.356250
3783		-7.968750
3784		-7.937500
3785		-7.731250
3786		-7.881250
3787		-7.468750
3788		-6.712500
3789		-7.556250
3790		-7.443750
3791		-7.212500
3792		-7.325000
3793		-7.268750
3794		-7.325000
3795		-8.231250
3796		-7.412500
3797		-7.937500
3798		-9.100000
3799		-8.750000
3800		-9.012500
3801		-9.537500
3802		-9.481250
3803		-9.625000
3804		-10.437500
3805		-9.918750
3806		-10.731250
3807		-10.556250
3808		-10.150000
3809		-10.587500
3810		-10.556250
3811		-9.681250
3812		-10.118750
3813		-9.887500
3814		-9.012500
3815		-9.243750
3816		-8.900000
3817		-7.850000
3818		-8.025000
3819		-7.443750
3820		-6.656250
3821		-6.918750
3822		-6.281250
3823		-5.606250
3824		-6.218750
3825		-5.812500
3826		-5.550000
3827		-5.812500
3828		-5.112500
3829		-5.175000
3830		-5.087500
3831		-4.387500
3832		-4.531250
3833		-4.618750
3834		-3.487500
3835		-3.718750
3836		-3.656250
3837		-2.962500
3838		-3.862500
3839		-4.212500
3840		-3.718750
3841		-4.737500
3842		-5.175000
3843		-5.262500
3844		-6.337500
3845		-6.625000
3846		-6.537500
3847		-7.443750
3848		-7.181250
3849		-6.975000
3850		-7.643750
3851		-7.300000
3852		-7.412500
3853		-7.906250
3854		-7.150000
3855		-7.237500
3856		-7.675000
3857		-7.237500
3858		-7.618750
3859		-8.025000
3860		-7.793750
3861		-8.168750
3862		-8.200000
3863		-7.937500
3864		-8.343750
3865		-8.606250
3866		-7.993750
3867		-8.143750
3868		-7.618750
3869		-7.006250
3870		-7.381250
3871		-6.975000
3872		-6.687500
3873		-7.300000
3874		-6.393750
3875		-6.043750
3876		-6.425000
3877		-6.131250
3878		-6.043750
3879		-6.481250
3880		-5.843750
3881		-5.900000
3882		-5.987500
3883		-5.606250
3884		-6.218750
3885		-6.537500
3886		-5.987500
3887		-6.393750
3888		-6.568750
3889		-5.987500
3890		-6.687500
3891		-6.106250
3892		-6.800000
3893		-7.356250
3894		-7.643750
3895		-7.731250
3896		-8.343750
3897		-8.056250
3898		-8.312500
3899		-8.956250
3900		-8.662500
3901		-8.575000
3902		-9.306250
3903		-8.256250
3904		-8.168750
3905		-8.900000
3906		-8.287500
3907		-8.550000
3908		-8.431250
3909		-7.906250
3910		-8.518750
3911		-8.287500
3912		-8.081250
3913		-8.375000
3914		-8.143750
3915		-7.500000
3916		-7.731250
3917		-7.381250
3918		-7.325000
3919		-7.793750
3920		-7.212500
3921		-6.625000
3922		-7.212500
3923		-6.831250
3924		-6.481250
3925		-6.831250
3926		-6.106250
3927		-6.043750
3928		-6.537500
3929		-5.462500
3930		-6.075000
3931		-5.606250
3932		-5.112500
3933		-5.987500
3934		-5.868750
3935		-5.668750
3936		-6.131250
3937		-6.018750
3938		-5.956250
3939		-6.687500
3940		-6.687500
3941		-6.393750
3942		-7.237500
3943		-6.975000
3944		-6.918750
3945		-7.643750
3946		-7.062500
3947		-7.125000
3948		-7.093750
3949		-6.918750
3950		-6.625000
3951		-6.712500
3952		-6.193750
3953		-6.075000
3954		-6.337500
3955		-5.493750
3956		-6.043750
3957		-5.756250
3958		-5.025000
3959		-5.462500
3960		-4.737500
3961		-4.587500
3962		-5.318750
3963		-4.737500
3964		-4.737500
3965		-5.581250
3966		-5.175000
3967		-5.231250
3968		-5.287500
3969		-5.025000
3970		-5.000000
3971		-5.518750
3972		-5.175000
3973		-5.318750
3974		-5.231250
3975		-4.825000
3976		-5.231250
3977		-5.287500
3978		-4.912500
3979		-5.637500
3980		-5.462500
3981		-5.756250
3982		-6.250000
3983		-6.193750
3984		-6.250000
3985		-7.125000
3986		-6.687500
3987		-7.062500
3988		-7.181250
3989		-7.093750
3990		-6.775000
3991		-7.325000
3992		-6.712500
3993		-6.106250
3994		-6.687500
3995		-5.693750
3996		-6.131250
3997		-5.606250
3998		-4.850000
3999		-5.375000
4000		-5.087500
4001		-4.243750
4002		-4.737500
4003		-4.037500
4004		-3.862500
4005		-4.268750
4006		-3.543750
4007		-3.718750
4008		-3.775000
4009		-3.162500
4010		-3.050000
4011		-3.337500
4012		-2.812500
4013		-3.225000
4014		-3.281250
4015		-2.843750
4016		-2.812500
4017		-3.193750
4018		-3.137500
4019		-3.337500
4020		-3.600000
4021		-3.281250
4022		-4.037500
4023		-4.156250
4024		-4.156250
4025		-4.675000
4026		-4.418750
4027		-4.212500
4028		-5.175000
4029		-4.737500
4030		-4.618750
4031		-5.231250
4032		-4.387500
4033		-4.825000
4034		-4.825000
4035		-4.387500
4036		-4.531250
4037		-5.056250
4038		-4.037500
4039		-4.506250
4040		-4.618750
4041		-4.093750
4042		-4.912500
4043		-4.675000
4044		-4.418750
4045		-4.793750
4046		-4.243750
4047		-4.618750
4048		-4.737500
4049		-4.300000
4050		-3.512500
4051		-3.718750
4052		-3.018750
4053		-2.900000
4054		-2.962500
4055		-2.000000
4056		-1.537500
4057		-2.381250
4058		-2.293750
4059		-2.350000
4060		-2.318750
4061		-2.318750
4062		-2.987500
4063		-2.493750
4064		-2.725000
4065		-3.137500
4066		-2.787500
4067		-2.900000
4068		-3.368750
4069		-2.931250
4070		-2.556250
4071		-3.050000
4072		-2.700000
4073		-2.787500
4074		-2.493750
4075		-2.031250
4076		-2.900000
4077		-2.612500
4078		-2.556250
4079		-2.987500
4080		-2.700000
4081		-2.406250
4082		-3.075000
4083		-2.581250
4084		-2.468750
4085		-2.931250
4086		-2.493750
4087		-2.493750
4088		-2.437500
4089		-1.768750
4090		-1.881250
4091		-2.206250
4092		-1.625000
4093		-2.118750
4094		-2.318750
4095		-1.593750
4096		-1.681250
4097		-1.593750
4098		-1.125000
4099		-1.212500
4100		-1.362500
4101		-1.243750
4102		-1.331250
4103		-0.781250
4104		-0.368750
4105		-0.693750
4106		0.006250
4107		0.150000
4108		0.300000
4109		0.562500
4110		0.212500
4111		-0.281250
4112		-0.106250
4113		-0.981250
4114		-1.187500
4115		-0.981250
4116		-1.881250
4117		-1.825000
4118		-1.450000
4119		-1.418750
4120		-1.475000
4121		-1.125000
4122		-1.475000
4123		-1.037500
4124		-0.950000
4125		-1.825000
4126		-1.387500
4127		-2.406250
4128		-3.137500
4129		-3.075000
4130		-3.337500
4131		-4.156250
4132		-4.156250
4133		-4.650000
4134		-4.737500
4135		-4.037500
4136		-4.356250
4137		-3.600000
4138		-2.931250
4139		-2.931250
4140		-1.681250
4141		-1.593750
4142		-2.031250
4143		-1.300000
4144		-1.856250
4145		-1.593750
4146		-0.950000
4147		-1.243750
4148		-1.012500
4149		-0.137500
4150		-0.456250
4151		-0.018750
4152		0.793750
4153		0.562500
4154		1.318750
4155		1.725000
4156		1.693750
4157		2.625000
4158		3.443750
4159		3.181250
4160		4.431250
4161		4.168750
4162		4.225000
4163		4.518750
4164		4.225000
4165		3.793750
4166		3.850000
4167		2.600000
4168		2.625000
4169		2.043750
4170		1.081250
4171		1.000000
4172		0.443750
4173		-0.081250
4174		0.300000
4175		0.325000
4176		-0.137500
4177		0.268750
4178		-0.018750
4179		-0.431250
4180		0.068750
4181		-0.456250
4182		-0.662500
4183		-0.662500
4184		-1.037500
4185		-0.862500
4186		-0.168750
4187		-0.518750
4188		0.531250
4189		1.375000
4190		1.231250
4191		1.725000
4192		2.393750
4193		2.306250
4194		3.062500
4195		3.031250
4196		2.743750
4197		3.412500
4198		2.831250
4199		3.093750
4200		3.962500
4201		3.412500
4202		3.237500
4203		3.675000
4204		3.618750
4205		3.793750
4206		3.906250
4207		3.356250
4208		4.137500
4209		3.675000
4210		2.831250
4211		3.268750
4212		2.887500
4213		1.956250
4214		2.600000
4215		1.868750
4216		1.518750
4217		1.637500
4218		0.618750
4219		0.412500
4220		1.081250
4221		0.181250
4222		0.268750
4223		0.650000
4224		-0.018750
4225		1.056250
4226		1.025000
4227		0.793750
4228		2.043750
4229		1.693750
4230		2.275000
4231		2.862500
4232		3.181250
4233		3.356250
4234		4.200000
4235		3.850000
4236		4.487500
4237		4.637500
4238		4.693750
4239		4.725000
4240		5.187500
4241		4.956250
4242		5.737500
4243		6.262500
4244		6.000000
4245		7.081250
4246		7.106250
4247		6.787500
4248		8.012500
4249		7.312500
4250		6.962500
4251		7.456250
4252		6.031250
4253		5.768750
4254		6.087500
4255		4.462500
4256		4.550000
4257		4.200000
4258		2.656250
4259		3.206250
4260		2.743750
4261		2.687500
4262		3.293750
4263		2.600000
4264		2.743750
4265		3.412500
4266		3.093750
4267		3.150000
4268		3.962500
4269		2.975000
4270		3.618750
4271		4.200000
4272		3.762500
4273		4.462500
4274		4.893750
4275		4.225000
4276		5.306250
4277		5.418750
4278		5.275000
4279		6.350000
4280		6.381250
4281		6.325000
4282		7.837500
4283		6.875000
4284		7.343750
4285		8.156250
4286		7.487500
4287		8.418750
4288		8.650000
4289		7.718750
4290		8.300000
4291		8.362500
4292		7.981250
4293		8.418750
4294		7.543750
4295		7.631250
4296		7.687500
4297		6.612500
4298		6.381250
4299		6.993750
4300		5.943750
4301		5.975000
4302		6.325000
4303		4.868750
4304		5.568750
4305		5.362500
4306		4.518750
4307		4.925000
4308		5.043750
4309		4.287500
4310		5.187500
4311		3.793750
4312		4.256250
4313		4.837500
4314		4.431250
4315		4.575000
4316		5.187500
4317		4.750000
4318		5.418750
4319		5.450000
4320		4.981250
4321		6.031250
4322		6.062500
4323		5.506250
4324		6.587500
4325		6.381250
4326		6.381250
4327		7.312500
4328		7.106250
4329		7.456250
4330		8.100000
4331		7.631250
4332		8.212500
4333		8.212500
4334		7.718750
4335		8.418750
4336		8.012500
4337		7.543750
4338		8.012500
4339		7.575000
4340		7.281250
4341		7.775000
4342		7.487500
4343		7.050000
4344		7.806250
4345		6.962500
4346		7.225000
4347		7.543750
4348		6.906250
4349		7.456250
4350		7.431250
4351		6.843750
4352		7.575000
4353		7.343750
4354		6.643750
4355		7.487500
4356		7.343750
4357		7.050000
4358		7.431250
4359		6.668750
4360		6.931250
4361		7.193750
4362		6.843750
4363		6.931250
4364		7.487500
4365		6.668750
4366		7.343750
4367		7.575000
4368		7.431250
4369		7.368750
4370		7.631250
4371		7.256250
4372		8.037500
4373		7.518750
4374		7.343750
4375		7.981250
4376		7.806250
4377		7.368750
4378		8.037500
4379		7.631250
4380		7.662500
4381		7.837500
4382		7.281250
4383		7.687500
4384		8.650000
4385		7.575000
4386		8.068750
4387		8.243750
4388		8.012500
4389		7.981250
4390		7.775000
4391		7.575000
4392		7.862500
4393		7.837500
4394		6.818750
4395		7.343750
4396		7.456250
4397		6.381250
4398		7.106250
4399		6.412500
4400		5.912500
4401		6.381250
4402		6.031250
4403		6.031250
4404		5.737500
4405		5.068750
4406		5.187500
4407		5.800000
4408		5.450000
4409		5.887500
4410		6.906250
4411		6.875000
4412		7.893750
4413		8.593750
4414		8.125000
4415		8.562500
4416		8.881250
4417		7.575000
4418		7.837500
4419		7.137500
4420		6.175000
4421		6.000000
4422		6.118750
4423		5.012500
4424		6.031250
4425		6.118750
4426		5.887500
4427		6.962500
4428		7.168750
4429		7.137500
4430		8.300000
4431		7.662500
4432		7.431250
4433		7.750000
4434		6.993750
4435		6.906250
4436		7.837500
4437		6.262500
4438		6.237500
4439		6.962500
4440		6.556250
4441		7.081250
4442		7.950000
4443		7.662500
4444		8.450000
4445		9.206250
4446		8.943750
4447		9.875000
4448		10.831250
4449		10.543750
4450		11.475000
4451		11.562500
4452		10.862500
4453		11.356250
4454		11.650000
4455		11.125000
4456		11.325000
4457		11.156250
4458		10.018750
4459		11.037500
4460		10.981250
4461		10.893750
4462		11.850000
4463		12.200000
4464		12.343750
4465		13.250000
4466		13.043750
4467		12.956250
4468		12.900000
4469		11.618750
4470		10.831250
4471		10.743750
4472		8.593750
4473		8.125000
4474		7.718750
4475		6.700000
4476		6.293750
4477		6.612500
4478		5.712500
4479		5.943750
4480		6.175000
4481		5.712500
4482		5.912500
4483		5.737500
4484		4.956250
4485		4.868750
4486		4.662500
4487		3.587500
4488		4.225000
4489		4.225000
4490		3.237500
4491		4.256250
4492		4.725000
4493		4.112500
4494		5.537500
4495		5.506250
4496		5.450000
4497		6.875000
4498		6.818750
4499		6.206250
4500		7.018750
4501		6.843750
4502		6.875000
4503		7.193750
4504		6.525000
4505		6.087500
4506		6.906250
4507		6.087500
4508		6.262500
4509		6.962500
4510		6.118750
4511		6.643750
4512		7.925000
4513		7.281250
4514		7.543750
4515		8.068750
4516		7.543750
4517		7.687500
4518		8.156250
4519		7.018750
4520		7.050000
4521		7.518750
4522		6.875000
4523		6.756250
4524		6.556250
4525		5.681250
4526		6.293750
4527		6.087500
4528		5.768750
4529		6.381250
4530		6.412500
4531		5.481250
4532		6.206250
4533		6.381250
4534		6.062500
4535		6.668750
4536		6.381250
4537		5.912500
4538		6.906250
4539		6.500000
4540		6.031250
4541		6.525000
4542		6.175000
4543		6.175000
4544		6.668750
4545		6.293750
4546		6.412500
4547		6.993750
4548		6.906250
4549		7.281250
4550		8.125000
4551		7.862500
4552		8.418750
4553		9.175000
4554		8.912500
4555		9.000000
4556		9.725000
4557		9.087500
4558		8.943750
4559		8.943750
4560		7.837500
4561		8.012500
4562		8.156250
4563		7.193750
4564		7.256250
4565		7.456250
4566		6.906250
4567		6.993750
4568		7.518750
4569		6.612500
4570		7.487500
4571		7.631250
4572		6.756250
4573		7.718750
4574		7.456250
4575		6.906250
4576		7.862500
4577		7.950000
4578		7.487500
4579		8.037500
4580		8.156250
4581		7.518750
4582		7.631250
4583		7.431250
4584		7.193750
4585		7.718750
4586		7.106250
4587		6.668750
4588		7.081250
4589		6.731250
4590		6.525000
4591		7.193750
4592		6.525000
4593		6.643750
4594		7.193750
4595		6.381250
4596		6.668750
4597		6.756250
4598		6.031250
4599		5.825000
4600		5.887500
4601		4.837500
4602		4.693750
4603		4.518750
4604		3.675000
4605		3.500000
4606		3.618750
4607		2.800000
4608		3.618750
4609		3.500000
4610		2.831250
4611		3.937500
4612		4.112500
4613		3.412500
4614		4.050000
4615		3.850000
4616		3.325000
4617		3.793750
4618		3.618750
4619		3.118750
4620		3.643750
4621		3.412500
4622		3.206250
4623		4.200000
4624		4.025000
4625		4.050000
4626		4.725000
4627		4.081250
4628		4.575000
4629		5.506250
4630		4.806250
4631		4.925000
4632		5.481250
4633		4.981250
4634		5.187500
4635		5.887500
4636		5.218750
4637		5.243750
4638		5.537500
4639		4.806250
4640		4.956250
4641		4.956250
4642		4.343750
4643		4.343750
4644		4.750000
4645		4.256250
4646		4.462500
4647		4.200000
4648		3.706250
4649		4.312500
4650		4.343750
4651		3.643750
4652		4.487500
4653		4.168750
4654		3.643750
4655		4.050000
4656		3.793750
4657		3.587500
4658		3.962500
4659		3.962500
4660		3.793750
4661		4.256250
4662		3.793750
4663		4.050000
4664		4.925000
4665		4.343750
4666		3.937500
4667		4.837500
4668		4.400000
4669		4.550000
4670		4.925000
4671		4.487500
4672		4.287500
4673		4.662500
4674		4.200000
4675		4.050000
4676		4.400000
4677		3.206250
4678		3.325000
4679		3.325000
4680		2.306250
4681		2.425000
4682		2.687500
4683		1.693750
4684		2.187500
4685		2.100000
4686		1.431250
4687		1.956250
4688		1.956250
4689		1.581250
4690		1.637500
4691		2.337500
4692		2.012500
4693		2.712500
4694		2.450000
4695		2.450000
4696		3.325000
4697		3.206250
4698		2.918750
4699		3.293750
4700		2.656250
4701		3.031250
4702		3.618750
4703		3.237500
4704		3.500000
4705		3.643750
4706		3.268750
4707		3.356250
4708		3.850000
4709		2.800000
4710		3.006250
4711		3.181250
4712		2.393750
4713		2.862500
4714		2.481250
4715		1.756250
4716		2.275000
4717		1.931250
4718		1.287500
4719		1.493750
4720		0.881250
4721		0.706250
4722		1.000000
4723		0.268750
4724		0.212500
4725		0.387500
4726		-0.137500
4727		-0.456250
4728		0.268750
4729		-0.312500
4730		-0.368750
4731		0.093750
4732		-0.606250
4733		-0.662500
4734		-0.168750
4735		-0.662500
4736		-0.400000
4737		0.268750
4738		-0.281250
4739		-0.256250
4740		0.237500
4741		-0.518750
4742		0.562500
4743		0.618750
4744		0.475000
4745		0.706250
4746		1.143750
4747		0.650000
4748		1.518750
4749		1.581250
4750		1.431250
4751		1.668750
4752		1.143750
4753		1.318750
4754		1.287500
4755		1.081250
4756		1.081250
4757		1.581250
4758		0.212500
4759		0.212500
4760		1.000000
4761		0.093750
4762		0.181250
4763		0.150000
4764		-0.575000
4765		-0.575000
4766		-0.431250
4767		-0.693750
4768		-0.456250
4769		-0.312500
4770		-1.100000
4771		-0.750000
4772		-0.693750
4773		-1.300000
4774		-1.068750
4775		-0.750000
4776		-1.300000
4777		-1.275000
4778		-1.537500
4779		-1.912500
4780		-1.212500
4781		-1.275000
4782		-1.475000
4783		-1.012500
4784		-1.012500
4785		-1.037500
4786		-0.431250
4787		-1.418750
4788		-0.893750
4789		-0.750000
4790		-2.056250
4791		-2.437500
4792		-2.175000
4793		-3.337500
4794		-3.162500
4795		-3.487500
4796		-3.512500
4797		-2.987500
4798		-2.406250
4799		-2.318750
4800		-1.243750
4801		-0.168750
4802		-0.225000
4803		1.668750
4804		1.725000
4805		2.012500
4806		2.887500
4807		2.625000
4808		2.775000
4809		3.181250
4810		2.862500
4811		3.181250
4812		3.443750
4813		3.237500
4814		3.356250
4815		3.643750
4816		3.468750
4817		3.706250
4818		4.200000
4819		3.181250
4820		3.706250
4821		3.468750
4822		2.975000
4823		2.393750
4824		1.693750
4825		0.850000
4826		0.181250
4827		-0.893750
4828		-2.206250
4829		-2.987500
4830		-4.212500
4831		-5.581250
4832		-6.193750
4833		-7.125000
4834		-7.643750
4835		-7.906250
4836		-8.112500
4837		-8.256250
4838		-7.643750
4839		-8.143750
4840		-7.500000
4841		-6.481250
4842		-6.425000
4843		-6.075000
4844		-5.087500
4845		-5.900000
4846		-5.175000
4847		-4.181250
4848		-4.418750
4849		-3.487500
4850		-3.075000
4851		-3.193750
4852		-2.118750
4853		-1.418750
4854		-1.243750
4855		-0.368750
4856		-0.281250
4857		-0.256250
4858		0.125000
4859		-0.168750
4860		-0.631250
4861		-0.431250
4862		-1.387500
4863		-2.000000
4864		-1.881250
4865		-3.137500
4866		-3.575000
4867		-3.281250
4868		-4.675000
4869		-4.243750
4870		-4.506250
4871		-5.112500
4872		-5.462500
4873		-5.287500
4874		-6.393750
4875		-5.900000
4876		-5.900000
4877		-6.862500
4878		-6.106250
4879		-6.425000
4880		-6.481250
4881		-5.843750
4882		-5.693750
4883		-5.287500
4884		-4.506250
4885		-4.006250
4886		-3.543750
4887		-2.318750
4888		-1.968750
4889		-1.125000
4890		0.387500
4891		0.412500
4892		1.231250
4893		2.043750
4894		2.250000
4895		2.362500
4896		3.381250
4897		2.918750
4898		3.181250
4899		3.118750
4900		2.450000
4901		2.656250
4902		1.581250
4903		0.706250
4904		0.300000
4905		-0.981250
4906		-2.087500
4907		-2.931250
4908		-4.037500
4909		-5.350000
4910		-5.318750
4911		-7.531250
4912		-8.550000
4913		-8.575000
4914		-10.031250
4915		-10.700000
4916		-10.587500
4917		-11.781250
4918		-11.718750
4919		-12.068750
4920		-12.068750
4921		-11.518750
4922		-10.700000
4923		-10.993750
4924		-9.800000
4925		-8.725000
4926		-8.256250
4927		-7.150000
4928		-5.900000
4929		-5.550000
4930		-4.156250
4931		-4.356250
4932		-4.006250
4933		-3.337500
4934		-3.368750
4935		-3.137500
4936		-2.262500
4937		-2.493750
4938		-2.318750
4939		-2.031250
4940		-2.087500
4941		-1.856250
4942		-1.475000
4943		-2.318750
4944		-1.681250
4945		-2.031250
4946		-2.468750
4947		-2.206250
4948		-2.031250
4949		-2.931250
4950		-2.262500
4951		-2.643750
4952		-3.225000
4953		-3.687500
4954		-4.037500
4955		-4.181250
4956		-4.443750
4957		-5.462500
4958		-6.425000
4959		-6.568750
4960		-7.818750
4961		-8.725000
4962		-8.987500
4963		-10.350000
4964		-10.293750
4965		-10.175000
4966		-10.675000
4967		-10.293750
4968		-9.918750
4969		-10.525000
4970		-9.481250
4971		-9.537500
4972		-9.831250
4973		-8.900000
4974		-8.750000
4975		-8.693750
4976		-7.443750
4977		-7.762500
4978		-7.125000
4979		-6.043750
4980		-5.956250
4981		-5.493750
4982		-4.737500
4983		-4.881250
4984		-4.968750
4985		-3.893750
4986		-4.181250
4987		-4.006250
4988		-3.425000
4989		-4.762500
4990		-3.400000
4991		-3.631250
4992		-4.093750
4993		-3.600000
4994		-3.456250
4995		-3.656250
4996		-3.337500
4997		-3.250000
4998		-3.487500
4999		-3.250000
5000		-3.687500
5001		-3.806250
5002		-2.900000
5003		-3.950000
5004		-3.775000
5005		-3.456250
5006		-4.037500
5007		-3.743750
5008		-3.456250
5009		-4.650000
5010		-3.775000
5011		-4.793750
5012		-5.262500
5013		-5.087500
5014		-5.375000
5015		-5.987500
5016		-5.812500
5017		-6.368750
5018		-6.600000
5019		-6.075000
5020		-6.537500
5021		-6.393750
5022		-5.812500
5023		-6.106250
5024		-5.437500
5025		-5.756250
5026		-5.668750
5027		-5.606250
5028		-5.175000
5029		-5.725000
5030		-5.143750
5031		-4.968750
5032		-5.693750
5033		-4.968750
5034		-5.087500
5035		-5.287500
5036		-5.087500
5037		-5.287500
5038		-5.112500
5039		-5.231250
5040		-5.956250
5041		-6.775000
5042		-6.106250
5043		-6.975000
5044		-7.356250
5045		-7.300000
5046		-8.256250
5047		-7.937500
5048		-8.025000
5049		-9.162500
5050		-8.431250
5051		-8.343750
5052		-8.987500
5053		-7.937500
5054		-8.081250
5055		-8.400000
5056		-7.675000
5057		-7.587500
5058		-7.443750
5059		-6.656250
5060		-6.743750
5061		-6.193750
5062		-5.231250
5063		-5.318750
5064		-4.618750
5065		-3.862500
5066		-4.212500
5067		-3.600000
5068		-3.225000
5069		-3.806250
5070		-2.756250
5071		-2.875000
5072		-3.281250
5073		-2.643750
5074		-2.700000
5075		-2.612500
5076		-1.881250
5077		-2.206250
5078		-1.768750
5079		-0.893750
5080		-1.768750
5081		-1.593750
5082		-1.856250
5083		-2.493750
5084		-2.812500
5085		-2.843750
5086		-3.631250
5087		-3.950000
5088		-3.775000
5089		-4.825000
5090		-4.675000
5091		-4.675000
5092		-5.318750
5093		-5.025000
5094		-4.881250
5095		-5.231250
5096		-4.968750
5097		-5.262500
5098		-5.493750
5099		-5.231250
5100		-6.131250
5101		-6.218750
5102		-5.900000
5103		-6.712500
5104		-6.537500
5105		-6.687500
5106		-7.381250
5107		-6.800000
5108		-6.281250
5109		-6.712500
5110		-5.581250
5111		-6.337500
5112		-5.956250
5113		-5.262500
5114		-5.375000
5115		-5.318750
5116		-4.443750
5117		-5.231250
5118		-5.175000
5119		-4.587500
5120		-5.056250
5121		-4.650000
5122		-4.531250
5123		-5.550000
5124		-4.737500
5125		-5.025000
5126		-5.606250
5127		-5.087500
5128		-5.350000
5129		-5.812500
5130		-4.793750
5131		-5.518750
5132		-5.668750
5133		-5.025000
5134		-5.493750
5135		-5.900000
5136		-5.550000
5137		-6.306250
5138		-6.600000
5139		-6.218750
5140		-7.881250
5141		-7.212500
5142		-6.975000
5143		-7.731250
5144		-7.356250
5145		-7.268750
5146		-7.968750
5147		-7.356250
5148		-6.775000
5149		-7.181250
5150		-6.337500
5151		-6.862500
5152		-6.712500
5153		-6.425000
5154		-7.093750
5155		-6.975000
5156		-6.656250
5157		-7.150000
5158		-6.831250
5159		-6.568750
5160		-7.037500
5161		-5.987500
5162		-5.843750
5163		-6.712500
5164		-5.518750
5165		-5.781250
5166		-6.568750
5167		-5.318750
5168		-5.375000
5169		-5.637500
5170		-4.156250
5171		-5.262500
5172		-4.937500
5173		-4.650000
5174		-5.668750
5175		-4.937500
5176		-4.881250
5177		-5.812500
5178		-5.606250
5179		-5.756250
5180		-6.075000
5181		-5.868750
5182		-6.193750
5183		-6.775000
5184		-5.931250
5185		-6.687500
5186		-6.656250
5187		-5.956250
5188		-6.712500
5189		-6.568750
5190		-5.868750
5191		-6.568750
5192		-5.987500
5193		-6.043750
5194		-6.537500
5195		-6.075000
5196		-5.725000
5197		-5.956250
5198		-5.406250
5199		-5.437500
5200		-5.437500
5201		-4.825000
5202		-4.912500
5203		-4.562500
5204		-3.656250
5205		-4.618750
5206		-4.068750
5207		-4.443750
5208		-4.356250
5209		-4.531250
5210		-4.418750
5211		-4.937500
5212		-4.937500
5213		-5.000000
5214		-5.231250
5215		-5.025000
5216		-5.112500
5217		-5.462500
5218		-5.143750
5219		-5.406250
5220		-5.550000
5221		-5.087500
5222		-5.668750
5223		-5.931250
5224		-5.437500
5225		-6.537500
5226		-6.106250
5227		-6.281250
5228		-7.062500
5229		-6.600000
5230		-6.918750
5231		-7.500000
5232		-6.775000
5233		-7.212500
5234		-7.268750
5235		-6.193750
5236		-6.862500
5237		-7.006250
5238		-6.393750
5239		-6.600000
5240		-6.250000
5241		-5.518750
5242		-6.075000
5243		-5.200000
5244		-5.025000
5245		-5.550000
5246		-4.331250
5247		-4.850000
5248		-4.443750
5249		-4.156250
5250		-4.037500
5251		-3.862500
5252		-3.487500
5253		-3.950000
5254		-3.575000
5255		-3.368750
5256		-4.243750
5257		-3.806250
5258		-3.718750
5259		-4.531250
5260		-3.950000
5261		-4.156250
5262		-4.331250
5263		-4.068750
5264		-4.181250
5265		-4.531250
5266		-3.950000
5267		-5.087500
5268		-4.793750
5269		-4.737500
5270		-5.231250
5271		-5.200000
5272		-5.318750
5273		-5.812500
5274		-5.231250
5275		-5.693750
5276		-5.931250
5277		-5.550000
5278		-6.018750
5279		-5.987500
5280		-5.437500
5281		-5.931250
5282		-5.900000
5283		-5.025000
5284		-5.756250
5285		-5.350000
5286		-4.937500
5287		-6.018750
5288		-5.175000
5289		-4.968750
5290		-5.518750
5291		-4.793750
5292		-4.762500
5293		-4.443750
5294		-4.125000
5295		-4.068750
5296		-4.125000
5297		-3.225000
5298		-4.093750
5299		-3.543750
5300		-2.931250
5301		-3.687500
5302		-3.425000
5303		-3.137500
5304		-4.006250
5305		-3.575000
5306		-3.137500
5307		-4.243750
5308		-3.193750
5309		-3.487500
5310		-3.981250
5311		-3.512500
5312		-3.862500
5313		-3.918750
5314		-3.162500
5315		-3.831250
5316		-3.425000
5317		-3.162500
5318		-4.006250
5319		-3.718750
5320		-3.193750
5321		-4.156250
5322		-3.631250
5323		-3.775000
5324		-4.125000
5325		-3.425000
5326		-3.656250
5327		-3.743750
5328		-2.556250
5329		-3.075000
5330		-2.843750
5331		-2.206250
5332		-2.843750
5333		-2.493750
5334		-2.350000
5335		-2.843750
5336		-2.668750
5337		-2.556250
5338		-3.337500
5339		-2.556250
5340		-2.843750
5341		-3.050000
5342		-2.143750
5343		-2.493750
5344		-2.318750
5345		-1.475000
5346		-1.881250
5347		-1.681250
5348		-0.575000
5349		-1.387500
5350		-0.806250
5351		-0.081250
5352		-0.925000
5353		-0.693750
5354		-1.037500
5355		-2.031250
5356		-1.737500
5357		-2.668750
5358		-3.281250
5359		-2.931250
5360		-3.368750
5361		-3.425000
5362		-2.668750
5363		-2.756250
5364		-2.900000
5365		-2.000000
5366		-2.406250
5367		-2.875000
5368		-1.912500
5369		-3.425000
5370		-3.718750
5371		-3.893750
5372		-5.318750
5373		-5.287500
5374		-5.493750
5375		-6.687500
5376		-6.106250
5377		-6.425000
5378		-6.712500
5379		-6.043750
5380		-4.793750
5381		-5.143750
5382		-4.068750
5383		-4.156250
5384		-3.806250
5385		-2.525000
5386		-3.337500
5387		-3.050000
5388		-2.231250
5389		-3.075000
5390		-2.612500
5391		-2.350000
5392		-2.987500
5393		-2.056250
5394		-1.418750
5395		-2.525000
5396		-1.300000
5397		-0.950000
5398		-1.331250
5399		-0.168750
5400		0.125000
5401		0.475000
5402		1.812500
5403		1.287500
5404		1.956250
5405		2.425000
5406		2.131250
5407		1.781250
5408		2.481250
5409		1.081250
5410		0.500000
5411		0.356250
5412		-0.718750
5413		-0.950000
5414		-1.243750
5415		-2.231250
5416		-1.881250
5417		-2.143750
5418		-3.018750
5419		-2.206250
5420		-2.206250
5421		-3.193750
5422		-2.525000
5423		-2.812500
5424		-3.775000
5425		-3.162500
5426		-3.193750
5427		-3.600000
5428		-2.900000
5429		-2.643750
5430		-2.931250
5431		-2.175000
5432		-1.825000
5433		-1.537500
5434		-0.925000
5435		-0.456250
5436		-0.018750
5437		1.287500
5438		0.068750
5439		0.325000
5440		0.706250
5441		0.068750
5442		0.475000
5443		0.762500
5444		-0.081250
5445		0.737500
5446		0.912500
5447		0.356250
5448		1.256250
5449		1.287500
5450		1.081250
5451		1.143750
5452		1.375000
5453		0.125000
5454		0.412500
5455		0.212500
5456		-0.806250
5457		-0.606250
5458		-1.387500
5459		-2.000000
5460		-1.650000
5461		-2.031250
5462		-2.725000
5463		-2.318750
5464		-2.643750
5465		-2.875000
5466		-2.406250
5467		-2.556250
5468		-2.262500
5469		-1.768750
5470		-2.118750
5471		-1.362500
5472		-0.456250
5473		-0.862500
5474		-0.281250
5475		0.412500
5476		0.650000
5477		0.412500
5478		0.650000
5479		0.412500
5480		0.793750
5481		1.168750
5482		0.587500
5483		1.231250
5484		1.931250
5485		1.868750
5486		2.537500
5487		2.743750
5488		2.831250
5489		3.500000
5490		3.587500
5491		2.537500
5492		3.500000
5493		3.443750
5494		2.425000
5495		2.975000
5496		2.043750
5497		1.318750
5498		0.937500
5499		0.500000
5500		-0.518750
5501		-0.168750
5502		-0.750000
5503		-1.300000
5504		-0.750000
5505		-1.681250
5506		-0.925000
5507		-0.837500
5508		-1.012500
5509		-0.750000
5510		-0.018750
5511		-0.806250
5512		-0.168750
5513		0.587500
5514		0.268750
5515		0.475000
5516		1.000000
5517		0.125000
5518		0.587500
5519		1.406250
5520		1.025000
5521		1.318750
5522		2.393750
5523		2.100000
5524		2.481250
5525		3.118750
5526		3.150000
5527		3.793750
5528		4.431250
5529		3.468750
5530		4.806250
5531		4.806250
5532		4.168750
5533		4.637500
5534		4.637500
5535		3.618750
5536		4.137500
5537		3.706250
5538		2.450000
5539		2.537500
5540		2.537500
5541		2.075000
5542		2.425000
5543		2.187500
5544		1.693750
5545		1.956250
5546		1.900000
5547		1.168750
5548		1.843750
5549		1.606250
5550		0.968750
5551		1.318750
5552		0.300000
5553		0.562500
5554		0.937500
5555		-0.018750
5556		0.212500
5557		0.618750
5558		-0.343750
5559		0.618750
5560		0.793750
5561		0.268750
5562		1.025000
5563		1.375000
5564		0.650000
5565		1.756250
5566		1.581250
5567		1.462500
5568		2.481250
5569		2.656250
5570		2.306250
5571		3.031250
5572		3.118750
5573		2.800000
5574		3.118750
5575		3.556250
5576		3.062500
5577		3.675000
5578		3.268750
5579		2.918750
5580		3.468750
5581		2.831250
5582		2.831250
5583		2.337500
5584		2.712500
5585		2.481250
5586		2.800000
5587		2.393750
5588		2.743750
5589		3.150000
5590		3.031250
5591		2.918750
5592		3.031250
5593		2.600000
5594		3.006250
5595		2.775000
5596		2.187500
5597		2.187500
5598		2.775000
5599		2.162500
5600		1.725000
5601		2.275000
5602		1.581250
5603		1.843750
5604		2.131250
5605		1.812500
5606		1.987500
5607		2.218750
5608		1.693750
5609		2.362500
5610		2.337500
5611		1.462500
5612		2.656250
5613		2.831250
5614		2.250000
5615		2.918750
5616		2.625000
5617		2.162500
5618		2.831250
5619		2.568750
5620		2.218750
5621		3.062500
5622		2.337500
5623		2.187500
5624		2.800000
5625		2.600000
5626		2.862500
5627		3.412500
5628		2.887500
5629		2.943750
5630		3.412500
5631		2.600000
5632		2.975000
5633		3.325000
5634		2.831250
5635		2.537500
5636		2.775000
5637		1.900000
5638		1.868750
5639		2.250000
5640		1.550000
5641		1.518750
5642		1.812500
5643		1.000000
5644		0.762500
5645		1.143750
5646		0.443750
5647		0.356250
5648		0.825000
5649		-0.137500
5650		0.500000
5651		0.850000
5652		0.850000
5653		1.868750
5654		2.425000
5655		2.775000
5656		3.206250
5657		2.918750
5658		3.062500
5659		3.412500
5660		2.537500
5661		2.187500
5662		2.162500
5663		0.968750
5664		0.475000
5665		1.168750
5666		0.387500
5667		0.587500
5668		1.518750
5669		1.518750
5670		1.756250
5671		2.862500
5672		2.450000
5673		2.568750
5674		2.743750
5675		1.781250
5676		2.075000
5677		1.637500
5678		0.650000
5679		1.143750
5680		1.318750
5681		0.356250
5682		2.012500
5683		1.375000
5684		1.168750
5685		2.800000
5686		2.537500
5687		2.800000
5688		3.793750
5689		4.225000
5690		4.781250
5691		5.362500
5692		5.506250
5693		5.912500
5694		6.412500
5695		6.000000
5696		5.800000
5697		6.437500
5698		5.156250
5699		5.306250
5700		5.681250
5701		5.012500
5702		5.393750
5703		6.000000
5704		5.593750
5705		6.668750
5706		7.312500
5707		7.193750
5708		8.012500
5709		8.531250
5710		7.050000
5711		6.993750
5712		6.587500
5713		5.156250
5714		4.606250
5715		3.850000
5716		2.043750
5717		1.725000
5718		0.618750
5719		0.675000
5720		0.587500
5721		0.268750
5722		-0.368750
5723		0.587500
5724		0.443750
5725		0.300000
5726		0.443750
5727		-0.431250
5728		-0.368750
5729		-0.456250
5730		-1.300000
5731		-1.212500
5732		-1.068750
5733		-1.650000
5734		-0.662500
5735		-0.543750
5736		-0.312500
5737		-0.137500
5738		0.300000
5739		0.475000
5740		1.431250
5741		1.637500
5742		1.000000
5743		2.012500
5744		1.931250
5745		1.200000
5746		1.868750
5747		1.756250
5748		1.168750
5749		1.868750
5750		1.581250
5751		1.725000
5752		2.012500
5753		2.250000
5754		2.306250
5755		3.093750
5756		2.800000
5757		3.031250
5758		3.356250
5759		2.975000
5760		3.268750
5761		3.325000
5762		2.743750
5763		2.712500
5764		3.181250
5765		2.012500
5766		2.043750
5767		2.043750
5768		1.406250
5769		1.375000
5770		1.581250
5771		0.793750
5772		1.318750
5773		1.781250
5774		0.587500
5775		1.343750
5776		1.231250
5777		0.912500
5778		1.581250
5779		1.406250
5780		1.606250
5781		1.318750
5782		1.931250
5783		1.693750
5784		2.187500
5785		1.581250
5786		1.956250
5787		1.900000
5788		1.606250
5789		2.012500
5790		2.450000
5791		1.987500
5792		2.656250
5793		2.743750
5794		3.006250
5795		3.181250
5796		4.256250
5797		3.875000
5798		4.550000
5799		4.806250
5800		3.762500
5801		3.993750
5802		3.937500
5803		2.975000
5804		3.556250
5805		2.831250
5806		2.481250
5807		3.293750
5808		2.481250
5809		2.218750
5810		3.237500
5811		2.775000
5812		2.775000
5813		3.531250
5814		2.743750
5815		2.887500
5816		3.093750
5817		2.943750
5818		2.687500
5819		2.918750
5820		2.481250
5821		2.887500
5822		3.181250
5823		2.393750
5824		3.031250
5825		3.181250
5826		2.887500
5827		3.062500
5828		2.975000
5829		2.481250
5830		2.743750
5831		2.600000
5832		2.450000
5833		2.800000
5834		2.425000
5835		2.393750
5836		2.918750
5837		2.075000
5838		2.162500
5839		2.337500
5840		1.812500
5841		1.518750
5842		1.725000
5843		0.762500
5844		0.300000
5845		0.475000
5846		-0.431250
5847		-0.343750
5848		-0.431250
5849		-1.100000
5850		-0.950000
5851		-0.137500
5852		-0.662500
5853		-0.050000
5854		0.412500
5855		-0.518750
5856		0.237500
5857		-0.081250
5858		-0.312500
5859		-0.225000
5860		-0.225000
5861		-0.718750
5862		0.068750
5863		-0.606250
5864		-0.693750
5865		0.268750
5866		-0.225000
5867		-0.312500
5868		0.650000
5869		0.212500
5870		0.737500
5871		0.793750
5872		0.325000
5873		1.143750
5874		1.668750
5875		0.850000
5876		1.781250
5877		2.012500
5878		1.000000
5879		1.756250
5880		1.756250
5881		1.693750
5882		2.012500
5883		1.318750
5884		1.318750
5885		1.668750
5886		1.231250
5887		0.737500
5888		1.725000
5889		0.793750
5890		1.056250
5891		1.375000
5892		0.968750
5893		0.968750
5894		1.256250
5895		0.531250
5896		0.937500
5897		0.937500
5898		0.037500
5899		0.356250
5900		0.387500
5901		-0.137500
5902		0.150000
5903		0.325000
5904		-0.050000
5905		0.793750
5906		1.081250
5907		0.706250
5908		1.868750
5909		1.231250
5910		1.081250
5911		1.725000
5912		1.431250
5913		1.518750
5914		1.518750
5915		0.443750
5916		0.793750
5917		0.850000
5918		0.068750
5919		-0.281250
5920		0.412500
5921		-0.718750
5922		-0.431250
5923		-0.543750
5924		-1.418750
5925		-0.893750
5926		-1.012500
5927		-1.475000
5928		-1.156250
5929		-0.662500
5930		-1.100000
5931		-0.862500
5932		-1.212500
5933		-1.068750
5934		-0.343750
5935		-0.693750
5936		-0.806250
5937		0.125000
5938		-0.518750
5939		-0.225000
5940		0.181250
5941		-0.368750
5942		0.125000
5943		0.300000
5944		0.068750
5945		0.475000
5946		0.531250
5947		0.268750
5948		0.968750
5949		0.356250
5950		0.300000
5951		1.025000
5952		0.850000
5953		0.356250
5954		0.881250
5955		0.150000
5956		0.068750
5957		0.387500
5958		-0.606250
5959		-0.606250
5960		-0.631250
5961		-1.562500
5962		-1.331250
5963		-1.450000
5964		-2.493750
5965		-1.793750
5966		-1.881250
5967		-2.900000
5968		-2.437500
5969		-2.843750
5970		-3.137500
5971		-2.556250
5972		-2.900000
5973		-3.806250
5974		-2.987500
5975		-3.312500
5976		-3.337500
5977		-2.700000
5978		-3.225000
5979		-3.106250
5980		-2.787500
5981		-3.137500
5982		-2.493750
5983		-2.175000
5984		-2.643750
5985		-1.943750
5986		-1.387500
5987		-2.175000
5988		-1.212500
5989		-0.925000
5990		-1.156250
5991		-0.981250
5992		-0.893750
5993		-1.243750
5994		-0.862500
5995		-0.806250
5996		-1.125000
5997		-0.837500
5998		-1.537500
5999		-1.768750
6000		-1.331250
6001		-1.968750
6002		-2.000000
6003		-1.737500
6004		-2.468750
6005		-2.118750
6006		-2.350000
6007		-3.075000
6008		-2.468750
6009		-2.875000
6010		-2.900000
6011		-2.556250
6012		-3.050000
6013		-3.193750
6014		-2.700000
6015		-3.368750
6016		-3.718750
6017		-2.787500
6018		-3.600000
6019		-4.068750
6020		-3.512500
6021		-4.181250
6022		-3.831250
6023		-3.806250
6024		-4.300000
6025		-3.487500
6026		-3.281250
6027		-3.775000
6028		-3.193750
6029		-2.987500
6030		-3.137500
6031		-3.193750
6032		-3.543750
6033		-4.356250
6034		-4.331250
6035		-4.912500
6036		-5.493750
6037		-5.287500
6038		-6.337500
6039		-5.956250
6040		-5.318750
6041		-5.175000
6042		-4.387500
6043		-3.425000
6044		-2.812500
6045		-1.450000
6046		-0.487500
6047		-0.662500
6048		0.762500
6049		0.793750
6050		0.443750
6051		1.168750
6052		0.881250
6053		0.587500
6054		1.375000
6055		0.762500
6056		0.850000
6057		1.900000
6058		1.112500
6059		1.406250
6060		1.756250
6061		1.462500
6062		1.637500
6063		1.693750
6064		1.231250
6065		1.081250
6066		0.912500
6067		-0.575000
6068		-0.750000
6069		-1.881250
6070		-3.425000
6071		-3.950000
6072		-4.968750
6073		-6.481250
6074		-7.093750
6075		-8.287500
6076		-9.162500
6077		-9.331250
6078		-10.437500
6079		-10.612500
6080		-10.206250
6081		-10.587500
6082		-9.681250
6083		-9.593750
6084		-9.743750
6085		-8.550000
6086		-8.168750
6087		-8.518750
6088		-6.887500
6089		-6.975000
6090		-6.775000
6091		-5.550000
6092		-5.581250
6093		-5.375000
6094		-4.093750
6095		-4.093750
6096		-3.656250
6097		-2.581250
6098		-2.468750
6099		-2.350000
6100		-1.681250
6101		-2.175000
6102		-2.000000
6103		-2.056250
6104		-3.193750
6105		-3.193750
6106		-3.718750
6107		-4.762500
6108		-4.387500
6109		-5.350000
6110		-5.668750
6111		-5.518750
6112		-6.131250
6113		-6.712500
6114		-6.193750
6115		-6.831250
6116		-7.212500
6117		-6.950000
6118		-8.168750
6119		-7.818750
6120		-7.850000
6121		-8.168750
6122		-7.587500
6123		-7.381250
6124		-7.762500
6125		-6.600000
6126		-6.337500
6127		-5.987500
6128		-4.243750
6129		-3.806250
6130		-3.337500
6131		-2.118750
6132		-2.406250
6133		-1.275000
6134		0.006250
6135		-0.312500
6136		0.475000
6137		1.343750
6138		0.737500
6139		1.956250
6140		2.162500
6141		1.493750
6142		1.987500
6143		1.725000
6144		0.968750
6145		0.912500
6146		-0.168750
6147		-1.125000
6148		-1.068750
6149		-2.900000
6150		-4.006250
6151		-4.793750
6152		-6.425000
6153		-7.443750
6154		-7.937500
6155		-9.331250
6156		-10.206250
6157		-10.906250
6158		-12.537500
6159		-12.037500
6160		-12.650000
6161		-13.231250
6162		-12.450000
6163		-12.593750
6164		-12.737500
6165		-11.781250
6166		-11.518750
6167		-10.731250
6168		-8.750000
6169		-8.518750
6170		-7.731250
6171		-6.337500
6172		-5.987500
6173		-5.287500
6174		-4.506250
6175		-5.112500
6176		-4.068750
6177		-3.950000
6178		-4.156250
6179		-3.193750
6180		-3.456250
6181		-3.050000
6182		-2.700000
6183		-2.987500
6184		-2.556250
6185		-2.031250
6186		-2.787500
6187		-2.612500
6188		-1.881250
6189		-2.581250
6190		-2.493750
6191		-2.556250
6192		-3.075000
6193		-2.756250
6194		-3.075000
6195		-4.037500
6196		-3.575000
6197		-4.475000
6198		-5.175000
6199		-4.968750
6200		-6.193750
6201		-6.831250
6202		-6.975000
6203		-8.487500
6204		-8.987500
6205		-9.243750
6206		-10.031250
6207		-10.612500
6208		-10.062500
6209		-11.168750
6210		-10.293750
6211		-10.350000
6212		-10.262500
6213		-9.800000
6214		-10.062500
6215		-9.975000
6216		-9.012500
6217		-8.900000
6218		-9.100000
6219		-7.468750
6220		-8.256250
6221		-7.381250
6222		-6.625000
6223		-6.687500
6224		-5.668750
6225		-5.406250
6226		-5.087500
6227		-4.212500
6228		-4.443750
6229		-4.268750
6230		-3.543750
6231		-3.512500
6232		-3.631250
6233		-3.075000
6234		-4.093750
6235		-3.543750
6236		-2.875000
6237		-3.337500
6238		-3.575000
6239		-3.050000
6240		-4.006250
6241		-3.162500
6242		-2.987500
6243		-3.512500
6244		-2.843750
6245		-3.250000
6246		-3.225000
6247		-2.700000
6248		-2.725000
6249		-3.050000
6250		-2.468750
6251		-3.162500
6252		-3.050000
6253		-3.193750
6254		-4.181250
6255		-4.506250
6256		-4.418750
6257		-5.231250
6258		-5.406250
6259		-5.637500
6260		-6.218750
6261		-5.581250
6262		-5.693750
6263		-5.668750
6264		-4.912500
6265		-5.087500
6266		-4.737500
6267		-3.950000
6268		-4.243750
6269		-3.862500
6270		-3.806250
6271		-4.243750
6272		-3.950000
6273		-3.893750
6274		-4.650000
6275		-3.950000
6276		-4.006250
6277		-4.531250
6278		-3.806250
6279		-4.531250
6280		-4.356250
6281		-3.950000
6282		-5.725000
6283		-5.087500
6284		-4.675000
6285		-5.581250
6286		-5.606250
6287		-5.987500
6288		-6.887500
6289		-6.425000
6290		-6.975000
6291		-7.125000
6292		-7.468750
6293		-7.268750
6294		-7.675000
6295		-6.862500
6296		-7.731250
6297		-7.556250
6298		-6.862500
6299		-7.300000
6300		-6.887500
6301		-6.162500
6302		-6.306250
6303		-5.462500
6304		-4.737500
6305		-5.175000
6306		-4.125000
6307		-3.775000
6308		-3.687500
6309		-2.643750
6310		-2.756250
6311		-2.437500
6312		-1.825000
6313		-2.643750
6314		-2.293750
6315		-1.912500
6316		-2.787500
6317		-1.793750
6318		-1.625000
6319		-2.087500
6320		-0.925000
6321		-1.156250
6322		-1.387500
6323		-0.631250
6324		-0.925000
6325		-1.475000
6326		-0.981250
6327		-1.912500
6328		-2.031250
6329		-1.881250
6330		-3.075000
6331		-3.250000
6332		-3.337500
6333		-4.387500
6334		-3.918750
6335		-4.093750
6336		-4.475000
6337		-4.156250
6338		-4.387500
6339		-4.331250
6340		-4.006250
6341		-4.506250
6342		-4.562500
6343		-3.950000
6344		-4.793750
6345		-4.675000
6346		-4.387500
6347		-4.706250
6348		-4.793750
6349		-4.737500
6350		-5.462500
6351		-4.675000
6352		-4.793750
6353		-5.437500
6354		-4.562500
6355		-4.443750
6356		-4.531250
6357		-3.918750
6358		-3.718750
6359		-4.356250
6360		-3.337500
6361		-3.918750
6362		-3.600000
6363		-2.987500
6364		-3.225000
6365		-3.137500
6366		-3.575000
6367		-3.250000
6368		-3.400000
6369		-2.787500
6370		-3.950000
6371		-3.137500
6372		-3.400000
6373		-4.037500
6374		-3.281250
6375		-3.862500
6376		-3.918750
6377		-3.631250
6378		-4.443750
6379		-4.793750
6380		-4.531250
6381		-5.143750
6382		-5.462500
6383		-5.087500
6384		-5.637500
6385		-5.406250
6386		-4.968750
6387		-5.843750
6388		-5.375000
6389		-4.968750
6390		-5.262500
6391		-4.675000
6392		-4.675000
6393		-5.350000
6394		-4.443750
6395		-4.443750
6396		-5.262500
6397		-4.506250
6398		-5.143750
6399		-5.287500
6400		-4.156250
6401		-4.793750
6402		-4.762500
6403		-3.687500
6404		-4.093750
6405		-3.950000
6406		-2.843750
6407		-3.893750
6408		-3.368750
6409		-2.787500
6410		-3.075000
6411		-2.875000
6412		-2.756250
6413		-2.931250
6414		-2.668750
6415		-2.556250
6416		-2.900000
6417		-2.643750
6418		-2.437500
6419		-3.137500
6420		-2.318750
6421		-2.725000
6422		-3.368750
6423		-2.843750
6424		-3.225000
6425		-3.456250
6426		-3.425000
6427		-3.487500
6428		-3.600000
6429		-3.250000
6430		-3.775000
6431		-4.093750
6432		-3.162500
6433		-3.743750
6434		-3.600000
6435		-3.075000
6436		-3.487500
6437		-3.312500
6438		-2.875000
6439		-3.337500
6440		-2.812500
6441		-2.581250
6442		-2.556250
6443		-2.406250
6444		-1.968750
6445		-1.825000
6446		-1.506250
6447		-1.156250
6448		-1.737500
6449		-0.925000
6450		-0.893750
6451		-1.681250
6452		-0.950000
6453		-1.331250
6454		-1.331250
6455		-1.681250
6456		-1.881250
6457		-2.406250
6458		-1.650000
6459		-2.231250
6460		-2.262500
6461		-1.625000
6462		-1.968750
6463		-2.031250
6464		-1.681250
6465		-2.143750
6466		-2.612500
6467		-1.737500
6468		-2.525000
6469		-2.787500
6470		-1.562500
6471		-3.456250
6472		-3.425000
6473		-3.050000
6474		-3.512500
6475		-3.487500
6476		-3.425000
6477		-3.425000
6478		-3.600000
6479		-3.162500
6480		-3.831250
6481		-2.843750
6482		-2.293750
6483		-2.900000
6484		-2.175000
6485		-1.625000
6486		-2.056250
6487		-1.068750
6488		-0.806250
6489		-0.606250
6490		-0.256250
6491		-0.193750
6492		-1.037500
6493		-0.456250
6494		0.181250
6495		-0.456250
6496		-0.018750
6497		-0.343750
6498		-0.662500
6499		0.006250
6500		-0.312500
6501		-0.543750
6502		0.737500
6503		-0.225000
6504		-0.225000
6505		0.587500
6506		-0.168750
6507		-0.018750
6508		0.562500
6509		-0.368750
6510		-0.281250
6511		-0.137500
6512		-1.450000
6513		-1.037500
6514		-0.718750
6515		-1.450000
6516		-0.925000
6517		-1.012500
6518		-1.625000
6519		-1.537500
6520		-1.243750
6521		-1.331250
6522		-1.450000
6523		-1.650000
6524		-1.593750
6525		-1.300000
6526		-1.156250
6527		-1.712500
6528		-1.275000
6529		-0.893750
6530		-1.300000
6531		-0.862500
6532		-0.750000
6533		-1.593750
6534		-0.312500
6535		-0.606250
6536		-0.806250
6537		0.068750
6538		-0.081250
6539		-0.106250
6540		0.881250
6541		0.587500
6542		0.793750
6543		1.168750
6544		1.168750
6545		0.706250
6546		1.668750
6547		0.618750
6548		1.081250
6549		1.462500
6550		1.168750
6551		0.587500
6552		1.668750
6553		0.500000
6554		0.968750
6555		1.056250
6556		0.150000
6557		0.850000
6558		1.343750
6559		0.825000
6560		0.850000
6561		1.518750
6562		0.793750
6563		1.081250
6564		1.693750
6565		0.793750
6566		1.231250
6567		1.112500
6568		0.475000
6569		1.287500
6570		1.462500
6571		1.081250
6572		1.756250
6573		1.900000
6574		1.462500
6575		1.550000
6576		2.187500
6577		1.606250
6578		2.481250
6579		2.337500
6580		1.637500
6581		2.187500
6582		1.375000
6583		1.756250
6584		2.481250
6585		2.337500
6586		2.012500
6587		2.887500
6588		2.450000
6589		2.775000
6590		3.906250
6591		3.325000
6592		3.906250
6593		4.518750
6594		3.993750
6595		4.343750
6596		5.012500
6597		4.050000
6598		3.293750
6599		3.093750
6600		2.162500
6601		1.868750
6602		2.100000
6603		1.550000
6604		1.931250
6605		2.162500
6606		1.812500
6607		2.481250
6608		2.918750
6609		2.337500
6610		2.943750
6611		2.975000
6612		1.900000
6613		2.218750
6614		1.000000
6615		-0.168750
6616		0.300000
6617		-0.662500
6618		-1.475000
6619		-0.893750
6620		-1.362500
6621		-1.125000
6622		-0.575000
6623		-0.662500
6624		0.125000
6625		1.025000
6626		0.850000
6627		1.287500
6628		2.306250
6629		1.637500
6630		2.337500
6631		2.887500
6632		2.393750
6633		2.800000
6634		3.062500
6635		2.306250
6636		2.831250
6637		3.443750
6638		2.775000
6639		3.937500
6640		4.200000
6641		3.706250
6642		4.868750
6643		5.418750
6644		5.450000
6645		6.437500
6646		7.050000
6647		7.106250
6648		8.100000
6649		7.925000
6650		7.575000
6651		7.806250
6652		7.106250
6653		6.087500
6654		5.856250
6655		4.893750
6656		4.693750
6657		4.225000
6658		3.500000
6659		3.031250
6660		3.793750
6661		3.006250
6662		2.775000
6663		3.531250
6664		3.118750
6665		2.862500
6666		3.118750
6667		3.006250
6668		2.687500
6669		2.887500
6670		2.393750
6671		2.625000
6672		2.887500
6673		2.537500
6674		3.356250
6675		3.706250
6676		3.500000
6677		4.343750
6678		4.806250
6679		4.781250
6680		5.737500
6681		5.681250
6682		5.418750
6683		5.681250
6684		6.031250
6685		5.887500
6686		6.468750
6687		6.175000
6688		6.325000
6689		6.643750
6690		6.325000
6691		6.556250
6692		7.343750
6693		6.612500
6694		6.381250
6695		6.875000
6696		6.175000
6697		5.737500
6698		6.087500
6699		5.243750
6700		4.956250
6701		4.868750
6702		4.200000
6703		4.050000
6704		3.962500
6705		3.118750
6706		3.500000
6707		3.531250
6708		2.687500
6709		3.268750
6710		3.556250
6711		2.918750
6712		3.706250
6713		4.050000
6714		3.531250
6715		4.518750
6716		4.868750
6717		4.662500
6718		5.068750
6719		5.593750
6720		5.275000
6721		6.206250
6722		5.800000
6723		5.800000
6724		6.962500
6725		6.500000
6726		6.556250
6727		7.862500
6728		7.631250
6729		7.837500
6730		8.768750
6731		8.300000
6732		8.825000
6733		9.525000
6734		8.793750
6735		8.618750
6736		9.087500
6737		7.925000
6738		7.925000
6739		7.400000
6740		6.087500
6741		6.612500
6742		5.912500
6743		4.868750
6744		5.156250
6745		5.131250
6746		4.025000
6747		4.637500
6748		4.637500
6749		4.200000
6750		4.750000
6751		4.487500
6752		4.575000
6753		5.306250
6754		4.806250
6755		4.806250
6756		5.450000
6757		4.925000
6758		5.068750
6759		5.887500
6760		5.625000
6761		5.975000
6762		6.468750
6763		5.975000
6764		6.756250
6765		7.400000
6766		7.168750
6767		7.750000
6768		8.475000
6769		7.981250
6770		9.087500
6771		9.087500
6772		9.143750
6773		9.962500
6774		9.550000
6775		9.206250
6776		9.493750
6777		9.550000
6778		9.118750
6779		9.293750
6780		8.593750
6781		8.300000
6782		8.593750
6783		7.543750
6784		7.687500
6785		7.925000
6786		7.106250
6787		7.225000
6788		7.718750
6789		6.556250
6790		6.931250
6791		7.106250
6792		6.381250
6793		6.237500
6794		5.856250
6795		5.275000
6796		5.418750
6797		5.506250
6798		4.575000
6799		4.981250
6800		5.100000
6801		4.837500
6802		5.393750
6803		5.481250
6804		5.568750
6805		6.381250
6806		6.087500
6807		6.206250
6808		7.256250
6809		6.668750
6810		7.106250
6811		7.837500
6812		7.400000
6813		7.543750
6814		8.243750
6815		7.662500
6816		8.125000
6817		8.531250
6818		8.300000
6819		8.362500
6820		8.618750
6821		8.125000
6822		8.650000
6823		8.475000
6824		7.750000
6825		8.362500
6826		8.475000
6827		8.068750
6828		8.531250
6829		8.275000
6830		7.862500
6831		8.275000
6832		7.281250
6833		7.600000
6834		8.068750
6835		7.575000
6836		7.687500
6837		7.981250
6838		7.343750
6839		7.050000
6840		7.837500
6841		6.962500
6842		7.343750
6843		7.575000
6844		6.906250
6845		6.931250
6846		7.256250
6847		6.700000
6848		6.993750
6849		7.256250
6850		6.843750
6851		7.193750
6852		7.518750
6853		6.993750
6854		7.687500
6855		7.281250
6856		7.106250
6857		7.687500
6858		7.431250
6859		7.193750
6860		7.718750
6861		7.081250
6862		7.343750
6863		7.837500
6864		6.525000
6865		7.256250
6866		7.862500
6867		7.050000
6868		7.575000
6869		7.662500
6870		7.018750
6871		7.687500
6872		8.012500
6873		7.050000
6874		7.431250
6875		7.631250
6876		7.081250
6877		7.081250
6878		6.700000
6879		5.800000
6880		6.668750
6881		5.856250
6882		5.656250
6883		5.856250
6884		5.243750
6885		5.156250
6886		5.656250
6887		4.956250
6888		5.068750
6889		5.450000
6890		4.575000
6891		4.343750
6892		4.806250
6893		3.468750
6894		4.487500
6895		5.012500
6896		4.925000
6897		6.087500
6898		6.756250
6899		6.612500
6900		7.543750
6901		7.543750
6902		7.050000
6903		7.575000
6904		6.325000
6905		5.912500
6906		6.350000
6907		5.187500
6908		4.781250
6909		5.306250
6910		4.781250
6911		4.925000
6912		5.681250
6913		5.712500
6914		6.118750
6915		6.612500
6916		6.731250
6917		6.437500
6918		6.612500
6919		5.656250
6920		6.087500
6921		6.031250
6922		5.012500
6923		5.218750
6924		5.362500
6925		5.012500
6926		5.393750
6927		5.737500
6928		5.856250
6929		6.643750
6930		6.962500
6931		7.256250
6932		8.300000
6933		8.037500
6934		8.475000
6935		9.637500
6936		9.031250
6937		9.381250
6938		9.581250
6939		8.968750
6940		9.350000
6941		9.293750
6942		8.331250
6943		8.650000
6944		9.175000
6945		8.450000
6946		9.493750
6947		9.756250
6948		9.900000
6949		10.568750
6950		11.181250
6951		10.687500
6952		11.562500
6953		11.006250
6954		10.456250
6955		10.568750
6956		8.825000
6957		7.837500
6958		7.343750
6959		6.031250
6960		5.506250
6961		4.606250
6962		3.993750
6963		4.400000
6964		4.725000
6965		3.762500
6966		4.637500
6967		4.637500
6968		4.256250
6969		4.750000
6970		4.168750
6971		3.793750
6972		3.850000
6973		3.381250
6974		2.943750
6975		3.356250
6976		2.537500
6977		3.031250
6978		3.818750
6979		2.656250
6980		3.531250
6981		4.287500
6982		3.937500
6983		4.725000
6984		5.243750
6985		4.662500
6986		5.393750
6987		5.043750
6988		4.550000
6989		4.868750
6990		4.868750
6991		4.287500
6992		4.893750
6993		4.781250
6994		4.487500
6995		4.750000
6996		4.400000
6997		4.837500
6998		5.625000
6999		5.243750
7000		5.393750
7001		6.000000
7002		5.856250
7003		5.625000
7004		6.062500
7005		5.243750
7006		5.243750
7007		5.856250
7008		5.331250
7009		5.450000
7010		4.893750
7011		4.575000
7012		5.012500
7013		4.806250
7014		4.081250
7015		4.662500
7016		4.575000
7017		4.487500
7018		5.218750
7019		4.343750
7020		4.431250
7021		4.781250
7022		4.462500
7023		4.575000
7024		5.362500
7025		4.518750
7026		5.068750
7027		5.218750
7028		4.925000
7029		5.218750
7030		5.156250
7031		4.637500
7032		5.506250
7033		5.218750
7034		5.131250
7035		5.856250
7036		5.887500
7037		6.118750
7038		6.643750
7039		6.668750
7040		6.818750
7041		7.862500
7042		7.256250
7043		7.487500
7044		7.925000
7045		7.168750
7046		7.018750
7047		6.931250
7048		6.031250
7049		6.118750
7050		6.237500
7051		5.131250
7052		5.737500
7053		5.568750
7054		5.537500
7055		5.887500
7056		5.393750
7057		5.331250
7058		5.943750
7059		5.393750
7060		5.156250
7061		5.800000
7062		5.393750
7063		5.593750
7064		6.175000
7065		5.568750
7066		5.943750
7067		6.381250
7068		5.593750
7069		6.325000
7070		6.087500
7071		5.243750
7072		5.825000
7073		5.450000
7074		5.450000
7075		5.243750
7076		4.925000
7077		5.100000
7078		5.156250
7079		4.518750
7080		4.806250
7081		5.156250
7082		4.287500
7083		4.725000
7084		5.012500
7085		3.731250
7086		4.750000
7087		4.287500
7088		3.731250
7089		3.356250
7090		3.268750
7091		2.450000
7092		2.625000
7093		2.775000
7094		2.306250
7095		2.775000
7096		2.250000
7097		2.450000
7098		2.831250
7099		2.100000
7100		2.362500
7101		2.712500
7102		2.275000
7103		2.425000
7104		2.162500
7105		1.668750
7106		2.393750
7107		2.131250
7108		2.012500
7109		2.625000
7110		2.393750
7111		2.425000
7112		3.062500
7113		3.062500
7114		2.975000
7115		3.906250
7116		2.918750
7117		3.356250
7118		3.818750
7119		3.093750
7120		3.531250
7121		4.050000
7122		3.356250
7123		3.762500
7124		3.500000
7125		2.918750
7126		3.618750
7127		3.618750
7128		3.118750
7129		3.643750
7130		3.325000
7131		2.712500
7132		3.325000
7133		2.743750
7134		3.118750
7135		3.443750
7136		2.687500
7137		2.887500
7138		2.975000
7139		2.162500
7140		2.775000
7141		2.712500
7142		2.306250
7143		2.600000
7144		2.362500
7145		1.956250
7146		2.712500
7147		2.337500
7148		2.712500
7149		2.450000
7150		3.062500
7151		3.356250
7152		3.793750
7153		3.181250
7154		3.062500
7155		3.206250
7156		2.537500
7157		3.093750
7158		2.687500
7159		1.956250
7160		2.306250
7161		2.306250
7162		1.581250
7163		2.600000
7164		1.756250
7165		1.462500
7166		1.812500
7167		1.725000
7168		1.668750
7169		2.306250
7170		1.168750
7171		1.112500
7172		1.431250
7173		0.587500
7174		0.412500
7175		1.000000
7176		0.500000
7177		1.000000
7178		1.318750
7179		0.562500
7180		1.668750
7181		1.518750
7182		1.056250
7183		1.756250
7184		1.375000
7185		1.287500
7186		2.393750
7187		1.375000
7188		1.956250
7189		2.250000
7190		1.606250
7191		2.131250
7192		2.075000
7193		1.493750
7194		2.131250
7195		2.043750
7196		1.375000
7197		1.406250
7198		1.231250
7199		0.793750
7200		1.025000
7201		0.675000
7202		0.387500
7203		0.850000
7204		0.093750
7205		-0.168750
7206		0.037500
7207		-0.893750
7208		-0.662500
7209		-0.662500
7210		-1.825000
7211		-1.212500
7212		-1.387500
7213		-2.175000
7214		-1.793750
7215		-2.556250
7216		-2.406250
7217		-1.881250
7218		-2.493750
7219		-2.612500
7220		-2.206250
7221		-2.787500
7222		-2.406250
7223		-2.031250
7224		-2.206250
7225		-1.593750
7226		-1.450000
7227		-2.000000
7228		-1.012500
7229		-0.950000
7230		-1.593750
7231		-0.893750
7232		-0.718750
7233		-0.893750
7234		0.212500
7235		-0.750000
7236		-0.806250
7237		-0.193750
7238		-0.606250
7239		-1.068750
7240		-0.518750
7241		-1.506250
7242		-1.125000
7243		-1.100000
7244		-2.118750
7245		-1.212500
7246		-1.625000
7247		-2.175000
7248		-1.681250
7249		-2.056250
7250		-2.700000
7251		-2.143750
7252		-2.756250
7253		-3.075000
7254		-2.612500
7255		-3.600000
7256		-3.281250
7257		-3.075000
7258		-3.862500
7259		-3.368750
7260		-3.575000
7261		-4.212500
7262		-3.400000
7263		-4.068750
7264		-4.356250
7265		-3.893750
7266		-4.156250
7267		-4.037500
7268		-3.400000
7269		-3.775000
7270		-3.456250
7271		-3.193750
7272		-3.718750
7273		-3.193750
7274		-3.312500
7275		-4.443750
7276		-4.093750
7277		-4.737500
7278		-6.043750
7279		-5.756250
7280		-6.306250
7281		-6.368750
7282		-5.781250
7283		-6.106250
7284		-5.318750
7285		-3.950000
7286		-3.631250
7287		-2.468750
7288		-1.187500
7289		-0.806250
7290		0.412500
7291		0.587500
7292		0.475000
7293		1.081250
7294		0.618750
7295		0.562500
7296		1.231250
7297		0.300000
7298		0.737500
7299		1.081250
7300		0.793750
7301		1.256250
7302		1.725000
7303		1.168750
7304		1.843750
7305		1.812500
7306		0.850000
7307		1.493750
7308		0.531250
7309		0.212500
7310		0.618750
7311		-1.212500
7312		-2.056250
7313		-2.643750
7314		-4.356250
7315		-5.318750
7316		-6.043750
7317		-7.881250
7318		-8.662500
7319		-9.362500
7320		-10.381250
7321		-10.500000
7322		-10.818750
7323		-11.368750
7324		-10.175000
7325		-10.325000
7326		-10.031250
7327		-9.043750
7328		-9.012500
7329		-8.400000
7330		-7.125000
7331		-7.881250
7332		-7.062500
7333		-6.281250
7334		-6.162500
7335		-5.637500
7336		-5.087500
7337		-4.968750
7338		-3.950000
7339		-3.656250
7340		-3.425000
7341		-2.406250
7342		-2.206250
7343		-2.643750
7344		-1.650000
7345		-2.318750
7346		-2.787500
7347		-2.700000
7348		-3.918750
7349		-3.950000
7350		-4.243750
7351		-5.262500
7352		-5.462500
7353		-6.131250
7354		-6.862500
7355		-6.775000
7356		-7.412500
7357		-8.081250
7358		-7.643750
7359		-7.993750
7360		-8.781250
7361		-8.431250
7362		-8.662500
7363		-8.575000
7364		-8.025000
7365		-8.925000
7366		-8.575000
7367		-7.500000
7368		-7.618750
7369		-6.862500
7370		-5.987500
7371		-5.931250
7372		-5.056250
7373		-4.212500
7374		-4.331250
7375		-2.987500
7376		-2.525000
7377		-2.556250
7378		-0.893750
7379		-1.100000
7380		-0.893750
7381		0.500000
7382		0.475000
7383		0.650000
7384		1.343750
7385		0.650000
7386		0.912500
7387		0.500000
7388		-0.718750
7389		-1.300000
7390		-1.768750
7391		-3.718750
7392		-4.356250
7393		-5.350000
7394		-7.125000
7395		-7.643750
7396		-8.518750
7397		-10.700000
7398		-11.081250
7399		-11.893750
7400		-13.056250
7401		-12.968750
7402		-14.106250
7403		-14.862500
7404		-14.425000
7405		-15.212500
7406		-14.918750
7407		-14.106250
7408		-14.018750
7409		-13.318750
7410		-11.806250
7411		-11.837500
7412		-10.787500
7413		-9.075000
7414		-8.900000
7415		-7.850000
7416		-6.950000
7417		-6.687500
7418		-6.425000
7419		-5.900000
7420		-6.481250
7421		-5.668750
7422		-5.231250
7423		-5.693750
7424		-4.737500
7425		-4.675000
7426		-5.318750
7427		-4.387500
7428		-4.418750
7429		-4.706250
7430		-3.862500
7431		-4.443750
7432		-4.825000
7433		-4.706250
7434		-5.262500
7435		-5.462500
7436		-4.881250
7437		-5.756250
7438		-6.075000
7439		-5.843750
7440		-7.325000
7441		-7.881250
7442		-7.356250
7443		-8.431250
7444		-9.306250
7445		-9.187500
7446		-10.962500
7447		-11.312500
7448		-11.606250
7449		-12.625000
7450		-12.593750
7451		-12.537500
7452		-13.031250
7453		-12.825000
7454		-12.593750
7455		-13.406250
7456		-12.506250
7457		-12.212500
7458		-12.681250
7459		-11.781250
7460		-11.518750
7461		-11.431250
7462		-10.031250
7463		-10.381250
7464		-10.350000
7465		-9.012500
7466		-8.956250
7467		-8.312500
7468		-7.531250
7469		-7.300000
7470		-7.125000
7471		-6.250000
7472		-6.862500
7473		-6.481250
7474		-6.162500
7475		-6.775000
7476		-6.687500
7477		-6.106250
7478		-6.862500
7479		-6.743750
7480		-6.425000
7481		-7.268750
7482		-6.712500
7483		-6.656250
7484		-7.062500
7485		-6.306250
7486		-6.218750
7487		-6.862500
7488		-6.393750
7489		-6.337500
7490		-6.918750
7491		-6.481250
7492		-5.868750
7493		-7.300000
7494		-6.775000
7495		-6.831250
7496		-7.556250
7497		-7.412500
7498		-7.381250
7499		-8.375000
7500		-8.143750
7501		-8.956250
7502		-9.481250
7503		-9.043750
7504		-9.393750
7505		-9.393750
7506		-8.487500
7507		-8.725000
7508		-8.662500
7509		-7.762500
7510		-8.168750
7511		-7.643750
7512		-7.062500
7513		-7.793750
7514		-7.993750
7515		-6.625000
7516		-8.168750
7517		-7.731250
7518		-7.468750
7519		-8.518750
7520		-7.881250
7521		-7.731250
7522		-8.431250
7523		-8.231250
7524		-7.993750
7525		-8.868750
7526		-8.606250
7527		-8.925000
7528		-9.887500
7529		-9.450000
7530		-9.681250
7531		-10.643750
7532		-10.468750
7533		-10.643750
7534		-11.312500
7535		-10.731250
7536		-11.137500
7537		-11.400000
7538		-10.875000
7539		-11.368750
7540		-11.575000
7541		-10.850000
7542		-10.906250
7543		-10.787500
7544		-9.681250
7545		-9.712500
7546		-9.625000
7547		-8.606250
7548		-8.375000
7549		-7.850000
7550		-7.300000
7551		-6.950000
7552		-6.743750
7553		-6.250000
7554		-6.481250
7555		-6.281250
7556		-5.781250
7557		-6.106250
7558		-5.812500
7559		-5.287500
7560		-5.693750
7561		-5.550000
7562		-5.231250
7563		-5.462500
7564		-4.937500
7565		-4.387500
7566		-5.518750
7567		-5.056250
7568		-5.000000
7569		-5.550000
7570		-5.693750
7571		-5.756250
7572		-7.237500
7573		-7.093750
7574		-7.500000
7575		-8.575000
7576		-8.056250
7577		-8.375000
7578		-8.987500
7579		-8.693750
7580		-8.956250
7581		-8.662500
7582		-8.750000
7583		-9.012500
7584		-9.131250
7585		-8.725000
7586		-9.418750
7587		-9.681250
7588		-9.306250
7589		-9.162500
7590		-9.743750
7591		-9.393750
7592		-9.656250
7593		-9.975000
7594		-9.481250
7595		-10.062500
7596		-9.537500
7597		-8.868750
7598		-9.275000
7599		-9.187500
7600		-8.256250
7601		-8.900000
7602		-8.431250
7603		-8.143750
7604		-8.462500
7605		-8.025000
7606		-7.468750
7607		-8.518750
7608		-8.168750
7609		-7.556250
7610		-8.343750
7611		-8.168750
7612		-7.850000
7613		-8.900000
7614		-7.993750
7615		-8.081250
7616		-8.725000
7617		-8.143750
7618		-8.725000
7619		-9.593750
7620		-8.606250
7621		-8.956250
7622		-9.450000
7623		-9.243750
7624		-8.987500
7625		-10.006250
7626		-9.593750
7627		-10.262500
7628		-10.062500
7629		-9.625000
7630		-10.206250
7631		-10.325000
7632		-9.306250
7633		-9.712500
7634		-9.043750
7635		-8.868750
7636		-9.393750
7637		-9.393750
7638		-9.162500
7639		-10.031250
7640		-9.450000
7641		-9.450000
7642		-9.743750
7643		-9.306250
7644		-9.162500
7645		-9.768750
7646		-8.900000
7647		-8.868750
7648		-9.187500
7649		-8.375000
7650		-8.256250
7651		-8.750000
7652		-7.556250
7653		-8.112500
7654		-8.750000
7655		-7.906250
7656		-7.993750
7657		-8.431250
7658		-7.993750
7659		-8.287500
7660		-8.550000
7661		-8.287500
7662		-8.143750
7663		-8.343750
7664		-8.200000
7665		-8.637500
7666		-8.168750
7667		-8.287500
7668		-8.550000
7669		-8.956250
7670		-8.606250
7671		-9.450000
7672		-9.075000
7673		-8.637500
7674		-9.075000
7675		-9.043750
7676		-8.575000
7677		-8.725000
7678		-8.900000
7679		-8.256250
7680		-9.100000
7681		-8.287500
7682		-8.231250
7683		-8.662500
7684		-7.412500
7685		-7.412500
7686		-7.237500
7687		-6.568750
7688		-6.831250
7689		-6.368750
7690		-5.900000
7691		-6.218750
7692		-6.918750
7693		-5.868750
7694		-6.337500
7695		-6.162500
7696		-5.868750
7697		-6.512500
7698		-6.712500
7699		-6.625000
7700		-7.268750
7701		-6.625000
7702		-7.006250
7703		-7.443750
7704		-6.950000
7705		-7.093750
7706		-7.618750
7707		-7.125000
7708		-7.300000
7709		-7.968750
7710		-7.675000
7711		-7.587500
7712		-8.956250
7713		-8.725000
7714		-8.375000
7715		-9.568750
7716		-8.287500
7717		-8.750000
7718		-9.162500
7719		-8.431250
7720		-8.868750
7721		-9.043750
7722		-8.400000
7723		-8.143750
7724		-8.231250
7725		-7.443750
7726		-7.881250
7727		-7.300000
7728		-6.337500
7729		-6.250000
7730		-6.568750
7731		-5.462500
7732		-6.193750
7733		-5.518750
7734		-5.056250
7735		-5.668750
7736		-5.112500
7737		-4.737500
7738		-5.143750
7739		-4.881250
7740		-4.675000
7741		-5.606250
7742		-4.793750
7743		-4.212500
7744		-5.087500
7745		-4.212500
7746		-4.531250
7747		-4.793750
7748		-4.156250
7749		-4.300000
7750		-4.937500
7751		-4.937500
7752		-4.825000
7753		-5.493750
7754		-5.231250
7755		-5.931250
7756		-5.406250
7757		-5.462500
7758		-6.425000
7759		-6.600000
7760		-5.812500
7761		-5.956250
7762		-5.868750
7763		-5.843750
7764		-6.393750
7765		-5.756250
7766		-5.693750
7767		-6.337500
7768		-5.987500
7769		-5.756250
7770		-6.337500
7771		-5.987500
7772		-5.518750
7773		-6.075000
7774		-5.518750
7775		-5.000000
7776		-6.075000
7777		-5.056250
7778		-5.262500
7779		-5.318750
7780		-4.587500
7781		-4.506250
7782		-4.531250
7783		-3.775000
7784		-3.950000
7785		-3.918750
7786		-3.337500
7787		-3.862500
7788		-3.631250
7789		-3.137500
7790		-3.775000
7791		-3.806250
7792		-3.368750
7793		-4.037500
7794		-3.893750
7795		-3.718750
7796		-4.300000
7797		-4.125000
7798		-3.631250
7799		-5.000000
7800		-3.687500
7801		-3.631250
7802		-3.312500
7803		-3.137500
7804		-3.687500
7805		-4.156250
7806		-3.400000
7807		-3.575000
7808		-3.918750
7809		-3.512500
7810		-4.212500
7811		-3.575000
7812		-2.643750
7813		-3.743750
7814		-3.250000
7815		-2.900000
7816		-2.812500
7817		-2.756250
7818		-2.031250
7819		-2.700000
7820		-3.193750
7821		-2.381250
7822		-3.075000
7823		-2.468750
7824		-2.493750
7825		-3.193750
7826		-2.381250
7827		-2.350000
7828		-2.987500
7829		-1.625000
7830		-2.031250
7831		-2.231250
7832		-1.331250
7833		-1.450000
7834		-0.893750
7835		-0.281250
7836		-0.575000
7837		-0.168750
7838		0.037500
7839		-0.193750
7840		-1.012500
7841		-0.806250
7842		-1.681250
7843		-2.175000
7844		-1.856250
7845		-2.668750
7846		-2.556250
7847		-2.206250
7848		-2.437500
7849		-1.768750
7850		-1.362500
7851		-2.468750
7852		-1.300000
7853		-1.593750
7854		-2.350000
7855		-2.318750
7856		-2.875000
7857		-3.193750
7858		-3.368750
7859		-4.506250
7860		-5.143750
7861		-4.762500
7862		-5.350000
7863		-5.550000
7864		-4.475000
7865		-5.025000
7866		-4.212500
7867		-3.400000
7868		-3.137500
7869		-2.756250
7870		-0.862500
7871		-2.175000
7872		-1.450000
7873		-1.506250
7874		-1.593750
7875		-1.418750
7876		-0.806250
7877		-1.712500
7878		-0.893750
7879		-0.575000
7880		-0.893750
7881		0.268750
7882		0.212500
7883		0.412500
7884		1.375000
7885		1.868750
7886		2.187500
7887		3.237500
7888		3.325000
7889		4.112500
7890		4.637500
7891		4.081250
7892		4.081250
7893		4.343750
7894		3.468750
7895		2.887500
7896		2.743750
7897		0.850000
7898		0.968750
7899		0.500000
7900		-0.575000
7901		0.006250
7902		-0.368750
7903		-1.156250
7904		0.068750
7905		-0.662500
7906		-0.518750
7907		-0.050000
7908		-0.518750
7909		-0.893750
7910		-0.193750
7911		-0.950000
7912		-1.156250
7913		-0.862500
7914		-1.300000
7915		-0.718750
7916		0.737500
7917		-0.168750
7918		0.706250
7919		1.168750
7920		1.143750
7921		1.756250
7922		2.162500
7923		2.012500
7924		2.775000
7925		2.831250
7926		2.425000
7927		3.206250
7928		2.712500
7929		3.150000
7930		3.706250
7931		3.268750
7932		3.325000
7933		3.762500
7934		3.206250
7935		3.643750
7936		3.762500
7937		3.237500
7938		3.500000
7939		3.062500
7940		2.450000
7941		2.600000
7942		1.781250
7943		1.231250
7944		1.406250
7945		1.056250
7946		0.125000
7947		0.268750
7948		0.125000
7949		-0.543750
7950		0.356250
7951		-0.456250
7952		-0.106250
7953		0.268750
7954		0.212500
7955		0.093750
7956		1.231250
7957		1.375000
7958		1.606250
7959		2.275000
7960		1.375000
7961		2.187500
7962		3.031250
7963		2.600000
7964		3.206250
7965		4.025000
7966		3.237500
7967		3.962500
7968		3.937500
7969		3.706250
7970		4.725000
7971		4.400000
7972		4.750000
7973		5.481250
7974		5.656250
7975		5.306250
7976		6.468750
7977		5.825000
7978		5.418750
7979		6.000000
7980		5.012500
7981		4.868750
7982		4.518750
7983		3.412500
7984		3.325000
7985		2.743750
7986		2.012500
7987		2.012500
7988		1.756250
7989		1.143750
7990		1.637500
7991		1.606250
7992		1.725000
7993		1.900000
7994		2.012500
7995		1.725000
7996		2.918750
7997		2.162500
7998		2.012500
7999		2.625000
8000		2.337500
8001		2.887500
8002		3.268750
8003		3.237500
8004		3.643750
8005		3.937500
8006		3.731250
8007		4.487500
8008		4.868750
8009		4.343750
8010		5.825000
8011		5.887500
8012		6.118750
8013		6.787500
8014		6.612500
8015		6.731250
8016		7.400000
8017		6.962500
8018		6.612500
8019		7.487500
8020		6.906250
8021		6.325000
8022		6.612500
8023		5.737500
8024		5.306250
8025		5.656250
8026		4.781250
8027		4.837500
8028		4.575000
8029		3.962500
8030		4.462500
8031		4.225000
8032		3.731250
8033		4.200000
8034		3.762500
8035		3.468750
8036		3.706250
8037		3.206250
8038		3.150000
8039		3.206250
8040		2.975000
8041		2.775000
8042		3.500000
8043		3.006250
8044		3.381250
8045		3.412500
8046		3.443750
8047		3.962500
8048		4.200000
8049		3.675000
8050		4.575000
8051		4.637500
8052		4.200000
8053		4.956250
8054		5.012500
8055		5.450000
8056		5.800000
8057		5.593750
8058		5.943750
8059		6.787500
8060		6.350000
8061		6.150000
8062		6.643750
8063		5.975000
8064		6.237500
8065		6.412500
8066		6.381250
8067		6.175000
8068		5.887500
8069		5.156250
8070		5.800000
8071		5.418750
8072		5.243750
8073		5.593750
8074		5.243750
8075		5.131250
8076		5.393750
8077		4.956250
8078		4.868750
8079		5.656250
8080		5.131250
8081		5.243750
8082		5.362500
8083		4.781250
8084		5.156250
8085		5.218750
8086		4.431250
8087		4.837500
8088		4.750000
8089		4.256250
8090		4.956250
8091		4.606250
8092		4.200000
8093		5.537500
8094		4.837500
8095		4.575000
8096		5.943750
8097		4.837500
8098		5.100000
8099		5.625000
8100		5.100000
8101		5.856250
8102		5.275000
8103		4.925000
8104		5.331250
8105		5.043750
8106		4.750000
8107		5.043750
8108		4.981250
8109		4.662500
8110		5.450000
8111		5.218750
8112		5.481250
8113		6.237500
8114		5.737500
8115		5.681250
8116		6.468750
8117		5.887500
8118		5.800000
8119		6.000000
8120		5.306250
8121		5.681250
8122		5.393750
8123		4.637500
8124		4.925000
8125		4.868750
8126		4.256250
8127		4.662500
8128		4.400000
8129		4.287500
8130		4.487500
8131		3.618750
8132		3.643750
8133		3.762500
8134		3.206250
8135		3.118750
8136		3.675000
8137		3.443750
8138		3.793750
8139		4.168750
8140		4.287500
8141		5.156250
8142		5.012500
8143		4.693750
8144		5.537500
8145		5.068750
8146		4.225000
8147		3.906250
8148		3.356250
8149		2.100000
8150		3.587500
8151		2.568750
8152		2.975000
8153		3.293750
8154		3.618750
8155		4.200000
8156		4.868750
8157		4.662500
8158		5.506250
8159		5.043750
8160		4.662500
8161		5.218750
8162		4.225000
8163		3.793750
8164		3.706250
8165		3.381250
8166		2.887500
8167		3.850000
8168		3.031250
8169		3.381250
8170		4.518750
8171		4.400000
8172		4.956250
8173		6.118750
8174		5.825000
8175		7.631250
8176		7.862500
8177		7.837500
8178		9.231250
8179		8.418750
8180		8.618750
8181		8.943750
8182		8.943750
8183		8.562500
8184		9.231250
8185		8.387500
8186		8.618750
8187		9.031250
8188		8.968750
8189		9.318750
8190		10.250000
8191		9.843750
8192		11.037500
8193		9.987500
8194		9.756250
8195		7.600000
8196		6.843750
8197		6.381250
8198		5.243750
8199		4.431250
8200		4.575000
8201		3.268750
8202		3.793750
8203		4.050000
8204		2.943750
8205		3.706250
8206		3.643750
8207		2.450000
8208		2.975000
8209		2.393750
8210		1.431250
8211		1.606250
8212		0.706250
8213		1.000000
8214		1.406250
8215		0.881250
8216		1.256250
8217		2.218750
8218		2.075000
8219		2.775000
8220		3.818750
8221		3.118750
8222		4.575000
8223		4.725000
8224		4.487500
8225		5.275000
8226		4.893750
8227		5.131250
8228		5.568750
8229		4.868750
8230		4.956250
8231		5.656250
8232		5.218750
8233		5.418750
8234		6.412500
8235		5.800000
8236		6.262500
8237		6.731250
8238		6.206250
8239		7.312500
8240		7.193750
8241		6.525000
8242		7.193750
8243		6.325000
8244		6.237500
8245		6.612500
8246		5.800000
8247		5.506250
8248		5.625000
8249		4.725000
8250		4.981250
8251		5.331250
8252		4.662500
8253		5.362500
8254		5.243750
8255		4.806250
8256		5.537500
8257		5.737500
8258		5.506250
8259		5.887500
8260		5.943750
8261		5.887500
8262		6.612500
8263		5.593750
8264		5.943750
8265		6.087500
8266		5.362500
8267		5.481250
8268		5.450000
8269		4.637500
8270		5.156250
8271		5.218750
8272		5.187500
8273		5.481250
8274		5.593750
8275		5.825000
8276		6.818750
8277		6.731250
8278		7.368750
8279		7.775000
8280		7.106250
8281		7.575000
8282		7.687500
8283		6.843750
8284		7.106250
8285		6.612500
8286		5.800000
8287		6.381250
8288		5.943750
8289		5.450000
8290		6.262500
8291		5.625000
8292		5.737500
8293		6.262500
8294		5.450000
8295		5.681250
8296		6.206250
8297		5.362500
8298		6.350000
8299		6.087500
8300		5.393750
8301		6.262500
8302		6.556250
8303		5.856250
8304		6.818750
8305		6.175000
8306		6.500000
8307		7.431250
8308		6.818750
8309		6.587500
8310		7.256250
8311		6.206250
8312		6.118750
8313		6.587500
8314		6.118750
8315		6.612500
8316		6.087500
8317		5.975000
8318		6.437500
8319		5.681250
8320		5.450000
8321		5.737500
8322		4.806250
8323		4.662500
8324		4.606250
8325		3.618750
8326		3.762500
8327		3.325000
8328		2.075000
8329		2.600000
8330		2.656250
8331		1.756250
8332		2.393750
8333		2.393750
8334		2.012500
8335		3.093750
8336		2.393750
8337		2.625000
8338		3.412500
8339		2.512500
8340		2.831250
8341		3.150000
8342		2.250000
8343		2.450000
8344		2.862500
8345		2.337500
8346		2.975000
8347		3.062500
8348		2.625000
8349		3.356250
8350		3.325000
8351		3.181250
8352		4.287500
8353		4.312500
8354		4.225000
8355		4.781250
8356		4.575000
8357		4.893750
8358		5.656250
8359		5.100000
8360		5.450000
8361		6.087500
8362		5.450000
8363		5.418750
8364		5.943750
8365		4.518750
8366		5.275000
8367		4.868750
8368		4.112500
8369		4.637500
8370		4.256250
8371		4.025000
8372		4.750000
8373		4.256250
8374		4.050000
8375		4.287500
8376		3.906250
8377		3.937500
8378		4.431250
8379		3.643750
8380		3.993750
8381		4.287500
8382		3.587500
8383		4.168750
8384		4.462500
8385		3.962500
8386		4.287500
8387		4.750000
8388		3.850000
8389		5.100000
8390		5.100000
8391		4.606250
8392		5.218750
8393		4.981250
8394		4.550000
8395		4.956250
8396		4.375000
8397		4.137500
8398		4.518750
8399		3.850000
8400		3.993750
8401		4.431250
8402		3.468750
8403		3.468750
8404		3.793750
8405		2.625000
8406		2.831250
8407		3.237500
8408		2.481250
8409		2.656250
8410		2.800000
8411		2.481250
8412		2.393750
8413		2.625000
8414		2.425000
8415		2.918750
8416		2.831250
8417		2.450000
8418		3.443750
8419		3.237500
8420		3.150000
8421		3.818750
8422		3.675000
8423		3.293750
8424		4.256250
8425		4.225000
8426		4.137500
8427		4.431250
8428		4.225000
8429		4.200000
8430		4.956250
8431		4.025000
8432		4.137500
8433		4.806250
8434		3.875000
8435		4.025000
8436		4.431250
8437		3.381250
8438		3.500000
8439		3.793750
8440		2.743750
8441		3.093750
8442		2.743750
8443		1.812500
8444		2.012500
8445		2.306250
8446		1.231250
8447		1.462500
8448		1.143750
8449		0.356250
8450		1.025000
8451		0.675000
8452		-0.256250
8453		0.850000
8454		0.825000
8455		-0.106250
8456		0.793750
8457		0.443750
8458		0.268750
8459		0.475000
8460		0.850000
8461		0.762500
8462		1.462500
8463		1.000000
8464		1.231250
8465		2.275000
8466		1.606250
8467		1.781250
8468		2.450000
8469		2.131250
8470		2.656250
8471		2.943750
8472		2.250000
8473		2.687500
8474		2.975000
8475		1.956250
8476		2.250000
8477		2.537500
8478		1.668750
8479		1.868750
8480		2.043750
8481		1.493750
8482		1.956250
8483		1.868750
8484		0.562500
8485		1.637500
8486		1.781250
8487		1.168750
8488		1.287500
8489		0.825000
8490		0.237500
8491		0.762500
8492		0.037500
8493		-0.018750
8494		0.762500
8495		0.006250
8496		-0.225000
8497		0.475000
8498		0.475000
8499		-0.193750
8500		0.268750
8501		-0.281250
8502		-0.368750
8503		0.412500
8504		-0.368750
8505		-0.281250
8506		0.706250
8507		0.006250
8508		0.268750
8509		1.025000
8510		0.356250
8511		0.500000
8512		0.881250
8513		-0.018750
8514		-0.137500
8515		-0.368750
8516		-1.593750
8517		-1.856250
8518		-1.881250
8519		-2.700000
8520		-2.493750
8521		-2.381250
8522		-2.493750
8523		-1.625000
8524		-0.281250
8525		0.037500
8526		1.868750
8527		2.337500
8528		2.306250
8529		3.618750
8530		3.875000
8531		3.675000
8532		4.662500
8533		4.343750
8534		4.662500
8535		4.487500
8536		4.200000
8537		4.287500
8538		4.575000
8539		4.868750
8540		5.012500
8541		4.925000
8542		5.100000
8543		4.981250
8544		5.593750
8545		5.100000
8546		4.868750
8547		5.218750
8548		4.287500
8549		3.381250
8550		3.412500
8551		1.431250
8552		0.675000
8553		0.300000
8554		-1.012500
8555		-2.262500
8556		-3.050000
8557		-4.587500
8558		-4.937500
8559		-4.912500
8560		-6.250000
8561		-6.075000
8562		-5.725000
8563		-6.512500
8564		-5.462500
8565		-4.793750
8566		-5.437500
8567		-4.068750
8568		-3.656250
8569		-3.687500
8570		-2.987500
8571		-2.700000
8572		-2.525000
8573		-1.506250
8574		-0.718750
8575		-1.331250
8576		0.125000
8577		0.443750
8578		0.793750
8579		1.843750
8580		1.987500
8581		1.781250
8582		2.743750
8583		2.075000
8584		1.868750
8585		1.956250
8586		0.737500
8587		0.125000
8588		0.300000
8589		-0.837500
8590		-1.156250
8591		-1.243750
8592		-2.262500
8593		-2.581250
8594		-2.556250
8595		-3.775000
8596		-3.425000
8597		-3.487500
8598		-3.862500
8599		-3.631250
8600		-3.575000
8601		-4.212500
8602		-3.512500
8603		-3.368750
8604		-3.656250
8605		-2.493750
8606		-2.056250
8607		-2.262500
8608		-1.068750
8609		-0.343750
8610		-0.168750
8611		0.937500
8612		1.168750
8613		1.493750
8614		2.743750
8615		2.425000
8616		3.093750
8617		4.050000
8618		4.200000
8619		4.287500
8620		5.218750
8621		4.781250
8622		5.450000
8623		5.568750
8624		4.662500
8625		4.981250
8626		4.925000
8627		3.118750
8628		2.306250
8629		1.900000
8630		1.081250
8631		-0.137500
8632		-0.837500
8633		-3.225000
8634		-3.512500
8635		-4.156250
8636		-6.193750
8637		-6.512500
8638		-6.393750
8639		-8.575000
8640		-8.431250
8641		-8.900000
8642		-9.537500
8643		-9.450000
8644		-9.537500
8645		-9.681250
8646		-8.750000
8647		-8.025000
8648		-7.850000
8649		-6.656250
8650		-6.250000
8651		-5.143750
8652		-3.656250
8653		-2.900000
8654		-2.262500
8655		-1.593750
8656		-1.331250
8657		-1.387500
8658		0.237500
8659		-0.225000
8660		0.212500
8661		0.618750
8662		0.268750
8663		0.650000
8664		0.850000
8665		0.737500
8666		0.706250
8667		1.000000
8668		0.618750
8669		0.562500
8670		0.737500
8671		-0.137500
8672		-0.193750
8673		0.037500
8674		-0.662500
8675		-0.750000
8676		-1.100000
8677		-1.912500
8678		-1.881250
8679		-2.175000
8680		-2.900000
8681		-2.643750
8682		-3.543750
8683		-4.443750
8684		-4.356250
8685		-5.200000
8686		-6.193750
8687		-6.162500
8688		-7.037500
8689		-7.381250
8690		-6.831250
8691		-7.237500
8692		-7.556250
8693		-6.537500
8694		-7.212500
8695		-6.862500
8696		-6.425000
8697		-6.512500
8698		-5.900000
8699		-5.550000
8700		-5.843750
8701		-4.968750
8702		-4.475000
8703		-4.881250
8704		-3.743750
8705		-2.900000
8706		-3.456250
8707		-2.350000
8708		-1.968750
8709		-2.206250
8710		-1.537500
8711		-1.475000
8712		-1.737500
8713		-0.837500
8714		-0.981250
8715		-1.475000
8716		-1.243750
8717		-1.387500
8718		-1.362500
8719		-0.718750
8720		-1.243750
8721		-1.506250
8722		-0.925000
8723		-1.593750
8724		-1.450000
8725		-0.750000
8726		-1.331250
8727		-1.037500
8728		-1.125000
8729		-1.943750
8730		-1.681250
8731		-1.300000
8732		-1.881250
8733		-1.856250
8734		-2.000000
8735		-2.931250
8736		-2.756250
8737		-2.875000
8738		-3.656250
8739		-3.425000
8740		-3.368750
8741		-4.156250
8742		-3.656250
8743		-3.918750
8744		-4.156250
8745		-3.400000
8746		-3.193750
8747		-3.743750
8748		-3.075000
8749		-3.106250
8750		-2.643750
8751		-2.293750
8752		-3.018750
8753		-3.193750
8754		-2.787500
8755		-3.456250
8756		-3.575000
8757		-3.018750
8758		-3.687500
8759		-3.487500
8760		-3.075000
8761		-3.425000
8762		-3.337500
8763		-3.631250
8764		-4.587500
8765		-3.918750
8766		-4.037500
8767		-4.706250
8768		-4.881250
8769		-5.200000
8770		-5.900000
8771		-5.318750
8772		-6.018750
8773		-6.712500
8774		-5.956250
8775		-6.800000
8776		-6.918750
8777		-6.306250
8778		-6.918750
8779		-6.918750
8780		-5.756250
8781		-6.306250
8782		-5.550000
8783		-5.112500
8784		-5.112500
8785		-4.443750
8786		-3.281250
8787		-3.400000
8788		-2.987500
8789		-2.175000
8790		-2.406250
8791		-1.943750
8792		-1.593750
8793		-1.968750
8794		-1.387500
8795		-1.100000
8796		-1.625000
8797		-1.012500
8798		-0.806250
8799		-1.387500
8800		-0.631250
8801		-0.662500
8802		-1.037500
8803		-0.225000
8804		-0.543750
8805		-0.662500
8806		-0.312500
8807		-1.100000
8808		-0.950000
8809		-1.100000
8810		-1.881250
8811		-2.756250
8812		-2.118750
8813		-3.368750
8814		-3.656250
8815		-3.225000
8816		-4.243750
8817		-3.950000
8818		-3.862500
8819		-4.243750
8820		-3.862500
8821		-3.631250
8822		-4.387500
8823		-3.775000
8824		-3.893750
8825		-4.475000
8826		-4.068750
8827		-4.443750
8828		-4.531250
8829		-4.675000
8830		-4.562500
8831		-5.112500
8832		-4.387500
8833		-4.937500
8834		-4.793750
8835		-4.300000
8836		-4.762500
8837		-4.181250
8838		-3.718750
8839		-4.006250
8840		-4.037500
8841		-3.512500
8842		-3.950000
8843		-3.918750
8844		-3.281250
8845		-3.718750
8846		-2.987500
8847		-3.487500
8848		-3.862500
8849		-3.456250
8850		-3.575000
8851		-3.950000
8852		-3.656250
8853		-3.806250
8854		-3.806250
8855		-4.006250
8856		-4.331250
8857		-4.675000
8858		-4.243750
8859		-4.881250
8860		-5.175000
8861		-4.587500
8862		-5.606250
8863		-5.668750
8864		-5.462500
8865		-6.250000
8866		-5.900000
8867		-5.606250
8868		-6.393750
8869		-5.812500
8870		-5.900000
8871		-6.537500
8872		-5.668750
8873		-5.812500
8874		-6.193750
8875		-5.406250
8876		-5.900000
8877		-5.843750
8878		-5.462500
8879		-6.043750
8880		-5.931250
8881		-5.693750
8882		-5.812500
8883		-6.043750
8884		-5.231250
8885		-5.668750
8886		-5.175000
8887		-4.675000
8888		-4.737500
8889		-4.587500
8890		-4.475000
8891		-5.087500
8892		-4.243750
8893		-3.950000
8894		-4.531250
8895		-4.212500
8896		-4.356250
8897		-4.881250
8898		-4.093750
8899		-4.300000
8900		-4.562500
8901		-4.068750
8902		-4.331250
8903		-4.825000
8904		-4.243750
8905		-4.881250
8906		-4.706250
8907		-4.562500
8908		-4.937500
8909		-5.375000
8910		-4.793750
8911		-5.231250
8912		-5.493750
8913		-5.175000
8914		-5.518750
8915		-5.143750
8916		-5.056250
8917		-5.956250
8918		-5.231250
8919		-4.937500
8920		-5.350000
8921		-4.618750
8922		-4.650000
8923		-4.506250
8924		-4.006250
8925		-3.631250
8926		-3.687500
8927		-3.137500
8928		-2.787500
8929		-2.900000
8930		-2.843750
8931		-2.875000
8932		-3.018750
8933		-2.668750
8934		-3.656250
8935		-3.281250
8936		-3.631250
8937		-4.156250
8938		-3.575000
8939		-3.687500
8940		-4.825000
8941		-3.950000
8942		-3.918750
8943		-4.618750
8944		-4.093750
8945		-4.212500
8946		-4.443750
8947		-4.006250
8948		-4.300000
8949		-4.737500
8950		-4.506250
8951		-4.762500
8952		-5.175000
8953		-4.531250
8954		-5.518750
8955		-5.231250
8956		-4.937500
8957		-5.781250
8958		-5.493750
8959		-5.318750
8960		-5.668750
8961		-5.175000
8962		-4.881250
8963		-5.143750
8964		-4.356250
8965		-4.181250
8966		-4.443750
8967		-3.512500
8968		-3.162500
8969		-3.512500
8970		-2.493750
8971		-3.050000
8972		-2.437500
8973		-1.912500
8974		-2.231250
8975		-2.293750
8976		-1.793750
8977		-2.206250
8978		-1.912500
8979		-1.912500
8980		-2.318750
8981		-2.031250
8982		-1.768750
8983		-2.206250
8984		-1.968750
8985		-1.625000
8986		-2.493750
8987		-1.943750
8988		-2.118750
8989		-2.787500
8990		-2.118750
8991		-2.318750
8992		-2.700000
8993		-2.406250
8994		-3.050000
8995		-3.487500
8996		-2.668750
8997		-3.687500
8998		-3.337500
8999		-3.250000
9000		-3.337500
9001		-3.162500
9002		-2.787500
9003		-3.831250
9004		-3.050000
9005		-3.162500
9006		-3.456250
9007		-2.987500
9008		-2.812500
9009		-3.368750
9010		-2.700000
9011		-2.962500
9012		-2.668750
9013		-2.350000
9014		-2.556250
9015		-2.787500
9016		-1.793750
9017		-2.468750
9018		-2.206250
9019		-1.418750
9020		-1.625000
9021		-1.593750
9022		-1.100000
9023		-1.737500
9024		-0.862500
9025		-0.368750
9026		-1.475000
9027		-0.693750
9028		-1.156250
9029		-1.331250
9030		-1.125000
9031		-1.037500
9032		-1.243750
9033		-0.518750
9034		-1.418750
9035		-2.231250
9036		-1.037500
9037		-2.206250
9038		-1.475000
9039		-1.068750
9040		-2.206250
9041		-1.331250
9042		-0.806250
9043		-1.243750
9044		-1.275000
9045		-0.837500
9046		-1.387500
9047		-1.012500
9048		-0.806250
9049		-1.793750
9050		-0.718750
9051		-0.718750
9052		-0.750000
9053		-0.018750
9054		-0.662500
9055		-0.400000
9056		0.325000
9057		0.068750
9058		-0.137500
9059		-0.137500
9060		-0.662500
9061		-0.456250
9062		0.006250
9063		-0.718750
9064		-0.193750
9065		0.212500
9066		-0.400000
9067		0.500000
9068		0.618750
9069		0.500000
9070		1.375000
9071		1.318750
9072		1.518750
9073		2.131250
9074		2.131250
9075		1.812500
9076		2.831250
9077		1.956250
9078		1.812500
9079		1.756250
9080		1.081250
9081		0.737500
9082		0.531250
9083		-0.168750
9084		0.500000
9085		0.325000
9086		0.093750
9087		0.762500
9088		0.675000
9089		0.706250
9090		1.637500
9091		0.912500
9092		0.850000
9093		0.850000
9094		0.325000
9095		-0.631250
9096		-0.431250
9097		-2.143750
9098		-2.118750
9099		-2.756250
9100		-3.400000
9101		-3.050000
9102		-2.812500
9103		-3.400000
9104		-2.175000
9105		-1.825000
9106		-1.625000
9107		-0.281250
9108		-0.400000
9109		-0.456250
9110		0.825000
9111		0.125000
9112		0.356250
9113		1.231250
9114		0.562500
9115		0.881250
9116		1.375000
9117		0.650000
9118		1.025000
9119		1.606250
9120		1.256250
9121		2.162500
9122		2.512500
9123		2.862500
9124		3.587500
9125		4.200000
9126		4.487500
9127		5.825000
9128		5.887500
9129		5.856250
9130		6.350000
9131		5.943750
9132		5.362500
9133		5.243750
9134		4.287500
9135		3.643750
9136		3.468750
9137		2.337500
9138		2.187500
9139		1.756250
9140		0.912500
9141		1.812500
9142		1.406250
9143		1.143750
9144		1.518750
9145		1.406250
9146		1.318750
9147		1.725000
9148		0.850000
9149		1.025000
9150		1.518750
9151		0.356250
9152		0.737500
9153		1.000000
9154		0.587500
9155		1.143750
9156		1.843750
9157		1.812500
9158		2.918750
9159		3.381250
9160		3.118750
9161		4.137500
9162		3.906250
9163		3.793750
9164		4.575000
9165		4.112500
9166		4.550000
9167		4.575000
9168		4.487500
9169		4.781250
9170		5.012500
9171		4.081250
9172		4.550000
9173		4.781250
9174		4.518750
9175		4.637500
9176		4.550000
9177		3.618750
9178		4.225000
9179		3.118750
9180		2.831250
9181		3.556250
9182		2.481250
9183		1.987500
9184		2.075000
9185		1.375000
9186		1.462500
9187		1.668750
9188		1.056250
9189		1.143750
9190		1.287500
9191		0.325000
9192		1.843750
9193		1.693750
9194		1.550000
9195		2.362500
9196		2.600000
9197		2.712500
9198		3.356250
9199		2.887500
9200		3.268750
9201		4.168750
9202		3.706250
9203		4.050000
9204		4.343750
9205		3.793750
9206		4.781250
9207		4.781250
9208		4.781250
9209		5.506250
9210		5.506250
9211		5.537500
9212		6.668750
9213		6.643750
9214		6.731250
9215		7.137500
9216		6.525000
9217		6.381250
9218		6.556250
9219		5.737500
9220		5.393750
9221		4.956250
9222		3.706250
9223		3.268750
9224		3.118750
9225		2.337500
9226		2.393750
9227		2.075000
9228		1.781250
9229		2.275000
9230		1.868750
9231		1.956250
9232		2.831250
9233		1.725000
9234		2.425000
9235		2.537500
9236		2.043750
9237		2.537500
9238		2.743750
9239		1.868750
9240		2.887500
9241		3.531250
9242		2.918750
9243		3.937500
9244		3.556250
9245		4.081250
9246		5.156250
9247		4.518750
9248		4.925000
9249		6.031250
9250		5.481250
9251		5.975000
9252		6.612500
9253		6.118750
9254		6.993750
9255		6.843750
9256		6.668750
9257		7.050000
9258		6.756250
9259		6.062500
9260		6.556250
9261		5.681250
9262		5.800000
9263		5.975000
9264		4.925000
9265		5.100000
9266		5.012500
9267		4.256250
9268		4.518750
9269		4.693750
9270		3.643750
9271		4.168750
9272		3.906250
9273		3.118750
9274		3.618750
9275		3.118750
9276		2.975000
9277		2.975000
9278		2.275000
9279		3.531250
9280		3.706250
9281		3.268750
9282		3.443750
9283		4.225000
9284		3.325000
9285		4.487500
9286		4.868750
9287		4.487500
9288		5.218750
9289		4.925000
9290		4.806250
9291		5.768750
9292		5.568750
9293		5.450000
9294		6.556250
9295		5.418750
9296		6.412500
9297		6.818750
9298		6.500000
9299		7.050000
9300		6.993750
9301		6.237500
9302		6.993750
9303		6.756250
9304		6.381250
9305		6.668750
9306		6.612500
9307		6.468750
9308		6.556250
9309		5.975000
9310		6.031250
9311		6.700000
9312		5.800000
9313		6.062500
9314		6.412500
9315		5.043750
9316		5.825000
9317		6.087500
9318		5.100000
9319		5.912500
9320		5.362500
9321		5.187500
9322		5.625000
9323		5.218750
9324		5.306250
9325		5.737500
9326		5.068750
9327		5.568750
9328		5.481250
9329		5.068750
9330		5.975000
9331		5.568750
9332		5.012500
9333		5.450000
9334		5.393750
9335		4.575000
9336		5.656250
9337		5.275000
9338		4.925000
9339		5.943750
9340		5.506250
9341		5.306250
9342		5.975000
9343		4.956250
9344		4.956250
9345		5.568750
9346		4.837500
9347		5.362500
9348		5.681250
9349		4.575000
9350		5.568750
9351		5.537500
9352		5.156250
9353		5.856250
9354		5.625000
9355		5.306250
9356		5.975000
9357		5.068750
9358		4.575000
9359		5.131250
9360		4.518750
9361		4.025000
9362		4.868750
9363		4.487500
9364		3.793750
9365		4.112500
9366		3.356250
9367		3.706250
9368		3.468750
9369		2.712500
9370		2.800000
9371		2.625000
9372		2.218750
9373		2.481250
9374		1.812500
9375		2.043750
9376		3.031250
9377		2.887500
9378		3.181250
9379		3.906250
9380		3.906250
9381		4.637500
9382		5.362500
9383		4.375000
9384		4.550000
9385		4.868750
9386		3.468750
9387		3.468750
9388		3.093750
9389		2.100000
9390		2.450000
9391		2.450000
9392		1.868750
9393		2.656250
9394		2.918750
9395		2.512500
9396		3.556250
9397		3.468750
9398		3.093750
9399		3.906250
9400		3.325000
9401		2.775000
9402		3.556250
9403		2.712500
9404		3.062500
9405		3.181250
9406		2.481250
9407		2.687500
9408		3.675000
9409		3.381250
9410		3.962500
9411		4.925000
9412		4.637500
9413		5.131250
9414		5.825000
9415		5.450000
9416		6.412500
9417		6.700000
9418		6.293750
9419		6.962500
9420		7.106250
9421		6.381250
9422		7.050000
9423		6.350000
9424		5.856250
9425		6.700000
9426		6.668750
9427		6.468750
9428		7.343750
9429		7.137500
9430		7.750000
9431		8.362500
9432		8.387500
9433		8.275000
9434		9.000000
9435		7.662500
9436		7.575000
9437		7.106250
9438		5.681250
9439		4.518750
9440		4.256250
9441		2.625000
9442		2.337500
9443		2.043750
9444		0.850000
9445		1.550000
9446		1.550000
9447		0.762500
9448		1.343750
9449		1.143750
9450		0.412500
9451		1.168750
9452		0.237500
9453		-0.081250
9454		0.562500
9455		0.037500
9456		-0.312500
9457		0.181250
9458		-0.018750
9459		0.006250
9460		0.937500
9461		0.762500
9462		0.912500
9463		1.931250
9464		1.812500
9465		2.337500
9466		3.062500
9467		2.481250
9468		2.831250
9469		3.706250
9470		2.600000
9471		2.362500
9472		2.975000
9473		2.131250
9474		2.306250
9475		2.568750
9476		1.900000
9477		2.250000
9478		2.712500
9479		2.043750
9480		2.687500
9481		3.531250
9482		2.887500
9483		3.268750
9484		3.675000
9485		3.093750
9486		3.325000
9487		3.237500
9488		2.943750
9489		2.918750
9490		2.862500
9491		1.812500
9492		2.100000
9493		1.581250
9494		1.431250
9495		1.318750
9496		1.231250
9497		0.675000
9498		1.200000
9499		0.650000
9500		0.706250
9501		1.168750
9502		1.406250
9503		1.287500
9504		1.956250
9505		1.812500
9506		2.075000
9507		2.743750
9508		2.012500
9509		2.481250
9510		2.712500
9511		2.306250
9512		2.187500
9513		2.862500
9514		2.450000
9515		2.337500
9516		2.887500
9517		2.393750
9518		2.943750
9519		3.706250
9520		3.412500
9521		4.225000
9522		4.137500
9523		3.818750
9524		4.312500
9525		4.606250
9526		3.818750
9527		4.400000
9528		4.287500
9529		3.356250
9530		3.181250
9531		3.443750
9532		2.712500
9533		3.268750
9534		2.800000
9535		2.075000
9536		2.975000
9537		2.625000
9538		2.425000
9539		2.625000
9540		2.012500
9541		1.987500
9542		2.537500
9543		1.956250
9544		2.043750
9545		2.537500
9546		1.987500
9547		2.362500
9548		2.775000
9549		2.162500
9550		2.306250
9551		2.831250
9552		1.843750
9553		1.868750
9554		2.250000
9555		1.000000
9556		1.318750
9557		1.900000
9558		1.287500
9559		1.318750
9560		1.375000
9561		0.937500
9562		1.256250
9563		1.256250
9564		0.706250
9565		0.706250
9566		1.112500
9567		-0.081250
9568		0.093750
9569		-0.431250
9570		-1.450000
9571		-1.156250
9572		-1.275000
9573		-1.737500
9574		-1.475000
9575		-1.881250
9576		-1.881250
9577		-1.537500
9578		-1.537500
9579		-1.537500
9580		-1.331250
9581		-1.331250
9582		-1.187500
9583		-1.100000
9584		-1.681250
9585		-1.475000
9586		-0.893750
9587		-1.768750
9588		-1.537500
9589		-0.837500
9590		-1.537500
9591		-1.793750
9592		-0.750000
9593		-1.387500
9594		-1.212500
9595		-0.750000
9596		-1.475000
9597		-0.950000
9598		-0.137500
9599		-0.925000
9600		-0.575000
9601		-0.368750
9602		-0.606250
9603		-0.106250
9604		0.006250
9605		-0.400000
9606		0.212500
9607		0.212500
9608		-0.631250
9609		-0.168750
9610		0.443750
9611		-0.631250
9612		0.006250
9613		-0.543750
9614		-1.100000
9615		-0.893750
9616		-1.243750
9617		-1.506250
9618		-1.068750
9619		-1.100000
9620		-1.537500
9621		-1.100000
9622		-1.300000
9623		-1.450000
9624		-0.837500
9625		-1.037500
9626		-1.212500
9627		-0.543750
9628		-1.037500
9629		-0.862500
9630		0.037500
9631		-0.368750
9632		-0.225000
9633		0.068750
9634		-0.256250
9635		-0.050000
9636		-0.168750
9637		-0.606250
9638		-0.193750
9639		0.068750
9640		-1.037500
9641		-0.781250
9642		-0.806250
9643		-1.593750
9644		-1.450000
9645		-1.243750
9646		-2.118750
9647		-1.650000
9648		-2.056250
9649		-2.493750
9650		-1.881250
9651		-1.968750
9652		-2.700000
9653		-2.556250
9654		-2.206250
9655		-2.787500
9656		-2.087500
9657		-2.643750
9658		-2.612500
9659		-2.031250
9660		-2.612500
9661		-2.468750
9662		-1.881250
9663		-2.143750
9664		-2.262500
9665		-1.593750
9666		-1.593750
9667		-1.562500
9668		-1.243750
9669		-1.681250
9670		-1.450000
9671		-1.212500
9672		-1.562500
9673		-1.362500
9674		-0.837500
9675		-1.881250
9676		-1.562500
9677		-1.450000
9678		-2.031250
9679		-1.768750
9680		-2.056250
9681		-2.756250
9682		-2.118750
9683		-2.668750
9684		-3.368750
9685		-2.987500
9686		-3.575000
9687		-3.743750
9688		-3.281250
9689		-3.775000
9690		-4.212500
9691		-3.743750
9692		-4.356250
9693		-4.762500
9694		-4.125000
9695		-5.087500
9696		-5.231250
9697		-4.881250
9698		-5.406250
9699		-5.112500
9700		-4.825000
9701		-5.287500
9702		-5.262500
9703		-4.762500
9704		-4.825000
9705		-4.650000
9706		-4.093750
9707		-4.825000
9708		-3.718750
9709		-3.312500
9710		-4.068750
9711		-3.193750
9712		-3.137500
9713		-3.631250
9714		-2.843750
9715		-2.812500
9716		-3.193750
9717		-2.987500
9718		-3.050000
9719		-3.193750
9720		-2.756250
9721		-3.137500
9722		-2.000000
9723		-1.912500
9724		-2.556250
9725		-2.700000
9726		-2.468750
9727		-3.050000
9728		-2.931250
9729		-2.787500
9730		-3.862500
9731		-3.600000
9732		-3.456250
9733		-4.093750
9734		-4.093750
9735		-4.300000
9736		-4.912500
9737		-4.650000
9738		-4.475000
9739		-5.375000
9740		-4.587500
9741		-4.762500
9742		-5.493750
9743		-4.968750
9744		-5.375000
9745		-5.462500
9746		-4.737500
9747		-4.675000
9748		-4.968750
9749		-4.300000
9750		-4.506250
9751		-4.331250
9752		-3.775000
9753		-4.268750
9754		-4.212500
9755		-4.037500
9756		-4.912500
9757		-5.318750
9758		-5.231250
9759		-5.931250
9760		-7.062500
9761		-7.412500
9762		-7.731250
9763		-7.125000
9764		-6.887500
9765		-6.687500
9766		-5.262500
9767		-4.356250
9768		-4.212500
9769		-1.968750
9770		-1.562500
9771		-1.387500
9772		-0.137500
9773		-0.137500
9774		-0.193750
9775		0.300000
9776		-0.168750
9777		-0.431250
9778		-0.431250
9779		-0.631250
9780		-0.168750
9781		0.150000
9782		0.150000
9783		-0.018750
9784		0.675000
9785		0.212500
9786		0.325000
9787		0.762500
9788		-0.256250
9789		-0.431250
9790		-0.281250
9791		-1.506250
9792		-1.768750
9793		-2.612500
9794		-3.718750
9795		-4.706250
9796		-5.668750
9797		-7.300000
9798		-7.643750
9799		-8.487500
9800		-9.831250
9801		-10.412500
9802		-11.050000
9803		-11.806250
9804		-11.518750
9805		-11.193750
9806		-11.343750
9807		-10.643750
9808		-10.262500
9809		-9.975000
9810		-8.900000
9811		-9.187500
9812		-8.462500
9813		-7.443750
9814		-7.587500
9815		-7.268750
9816		-6.018750
9817		-6.481250
9818		-5.406250
9819		-4.737500
9820		-4.825000
9821		-3.831250
9822		-3.050000
9823		-2.900000
9824		-2.406250
9825		-2.118750
9826		-2.900000
9827		-2.381250
9828		-2.987500
9829		-4.300000
9830		-3.575000
9831		-4.912500
9832		-5.812500
9833		-5.868750
9834		-6.712500
9835		-7.412500
9836		-7.150000
9837		-8.343750
9838		-8.256250
9839		-8.287500
9840		-8.693750
9841		-9.043750
9842		-8.812500
9843		-9.481250
9844		-8.900000
9845		-7.675000
9846		-8.637500
9847		-7.762500
9848		-7.006250
9849		-6.975000
9850		-5.812500
9851		-5.518750
9852		-4.968750
9853		-3.775000
9854		-3.656250
9855		-3.281250
9856		-2.381250
9857		-2.700000
9858		-1.856250
9859		-0.431250
9860		-0.281250
9861		-0.137500
9862		0.881250
9863		0.443750
9864		0.850000
9865		1.518750
9866		0.500000
9867		0.675000
9868		0.675000
9869		-0.168750
9870		-0.750000
9871		-1.537500
9872		-2.350000
9873		-3.600000
9874		-4.300000
9875		-6.250000
9876		-7.006250
9877		-8.143750
9878		-9.481250
9879		-10.325000
9880		-10.412500
9881		-11.662500
9882		-11.693750
9883		-12.737500
9884		-13.031250
9885		-12.475000
9886		-13.175000
9887		-13.231250
9888		-12.012500
9889		-12.681250
9890		-11.312500
9891		-10.500000
9892		-10.206250
9893		-9.075000
9894		-7.937500
9895		-7.706250
9896		-6.775000
9897		-5.987500
9898		-5.262500
9899		-4.650000
9900		-4.212500
9901		-4.212500
9902		-2.931250
9903		-3.193750
9904		-2.643750
9905		-1.881250
9906		-1.856250
9907		-2.406250
9908		-1.387500
9909		-2.756250
9910		-2.406250
9911		-1.825000
9912		-2.668750
9913		-2.756250
9914		-2.787500
9915		-3.600000
9916		-3.718750
9917		-3.743750
9918		-4.418750
9919		-4.331250
9920		-4.675000
9921		-5.606250
9922		-5.087500
9923		-6.106250
9924		-6.600000
9925		-6.687500
9926		-7.443750
9927		-8.606250
9928		-8.168750
9929		-9.450000
9930		-9.768750
9931		-9.681250
9932		-10.412500
9933		-10.787500
9934		-9.800000
9935		-10.731250
9936		-10.437500
9937		-9.943750
9938		-10.325000
9939		-9.568750
9940		-9.162500
9941		-9.593750
9942		-8.637500
9943		-8.168750
9944		-8.550000
9945		-7.125000
9946		-7.093750
9947		-6.481250
9948		-5.406250
9949		-5.350000
9950		-4.618750
9951		-3.831250
9952		-4.068750
9953		-3.743750
9954		-2.931250
9955		-4.037500
9956		-3.631250
9957		-3.106250
9958		-4.125000
9959		-3.862500
9960		-3.425000
9961		-4.300000
9962		-3.281250
9963		-3.656250
9964		-3.806250
9965		-3.512500
9966		-3.600000
9967		-3.718750
9968		-3.193750
9969		-3.368750
9970		-3.950000
9971		-3.687500
9972		-3.575000
9973		-4.268750
9974		-3.487500
9975		-4.650000
9976		-4.387500
9977		-4.181250
9978		-5.112500
9979		-5.175000
9980		-5.462500
9981		-5.843750
9982		-5.956250
9983		-6.250000
9984		-6.831250
9985		-6.131250
9986		-6.306250
9987		-6.450000
9988		-5.956250
9989		-6.106250
9990		-5.668750
9991		-5.200000
9992		-5.318750
9993		-5.318750
9994		-5.112500
9995		-5.668750
9996		-5.781250
9997		-5.262500
9998		-5.843750
9999		-5.843750
10000		-5.812500
