Channel              :		CH1
Frequency            :		39.53Hz
Period               :		25.30ms
PK-PK                :		26.83mV
Average              :		-0.128mV
Vertical pos         :		1.000000mV
Probe attenuation    :		1X
Voltage per ADC value:		0.001563mV
Time interval        :		20.00000uS

index		CH1_Voltage(mV)
1		3.850000
2		3.206250
3		1.668750
4		1.518750
5		1.756250
6		0.587500
7		2.568750
8		3.793750
9		3.268750
10		3.031250
11		1.318750
12		-0.862500
13		-1.825000
14		-1.881250
15		-0.893750
16		-0.168750
17		1.493750
18		2.887500
19		3.206250
20		5.243750
21		7.193750
22		6.468750
23		6.381250
24		4.981250
25		2.537500
26		0.093750
27		-0.193750
28		-0.606250
29		-1.943750
30		-1.300000
31		-1.450000
32		-2.612500
33		-2.875000
34		-2.031250
35		-2.556250
36		-2.406250
37		-0.225000
38		1.143750
39		1.812500
40		3.356250
41		5.100000
42		3.937500
43		4.375000
44		4.256250
45		2.918750
46		2.600000
47		2.481250
48		1.668750
49		0.300000
50		0.737500
51		1.025000
52		-0.718750
53		-0.312500
54		1.406250
55		0.737500
56		1.375000
57		3.356250
58		3.793750
59		3.618750
60		4.662500
61		4.781250
62		3.356250
63		3.793750
64		3.875000
65		2.887500
66		2.743750
67		3.906250
68		2.600000
69		1.843750
70		1.843750
71		1.812500
72		1.143750
73		2.043750
74		2.625000
75		2.012500
76		1.843750
77		3.268750
78		2.975000
79		3.181250
80		4.287500
81		3.937500
82		2.743750
83		3.206250
84		2.425000
85		1.431250
86		0.825000
87		1.025000
88		0.125000
89		-0.543750
90		-0.018750
91		0.068750
92		-0.518750
93		0.412500
94		1.056250
95		0.006250
96		0.500000
97		1.287500
98		0.793750
99		0.968750
100		2.450000
101		2.743750
102		2.600000
103		3.468750
104		4.137500
105		3.906250
106		3.356250
107		4.025000
108		3.062500
109		1.756250
110		2.656250
111		1.931250
112		1.406250
113		1.606250
114		2.393750
115		1.518750
116		1.406250
117		1.725000
118		1.375000
119		0.500000
120		1.375000
121		1.756250
122		1.287500
123		1.637500
124		2.975000
125		2.450000
126		2.187500
127		3.443750
128		3.356250
129		2.250000
130		3.268750
131		3.356250
132		2.187500
133		1.725000
134		2.600000
135		1.025000
136		0.150000
137		0.737500
138		1.000000
139		-0.018750
140		0.562500
141		1.581250
142		1.287500
143		1.231250
144		2.743750
145		2.831250
146		1.756250
147		2.918750
148		3.206250
149		1.868750
150		2.250000
151		3.468750
152		3.556250
153		2.537500
154		3.937500
155		3.500000
156		2.481250
157		2.887500
158		3.325000
159		2.043750
160		1.900000
161		3.206250
162		2.775000
163		2.187500
164		2.943750
165		3.443750
166		2.537500
167		2.425000
168		2.887500
169		3.093750
170		2.512500
171		3.675000
172		3.850000
173		2.687500
174		2.362500
175		2.250000
176		0.587500
177		0.356250
178		2.918750
179		3.993750
180		4.431250
181		6.525000
182		7.225000
183		6.731250
184		7.137500
185		8.793750
186		8.650000
187		8.037500
188		8.737500
189		7.806250
190		4.893750
191		3.062500
192		1.462500
193		-0.606250
194		-2.931250
195		-2.468750
196		-1.825000
197		-1.768750
198		0.475000
199		2.362500
200		2.306250
201		1.606250
202		2.625000
203		1.868750
204		1.900000
205		3.962500
206		5.481250
207		6.087500
208		6.381250
209		7.518750
210		5.975000
211		3.412500
212		2.306250
213		0.443750
214		-1.475000
215		-2.756250
216		-1.912500
217		-1.943750
218		-1.768750
219		1.025000
220		2.975000
221		3.962500
222		6.087500
223		8.531250
224		9.462500
225		9.175000
226		10.512500
227		10.543750
228		8.531250
229		7.600000
230		6.962500
231		4.137500
232		1.406250
233		0.850000
234		-0.862500
235		-3.162500
236		-3.831250
237		-3.312500
238		-5.087500
239		-5.868750
240		-4.387500
241		-3.400000
242		-2.962500
243		-0.400000
244		2.481250
245		4.081250
246		5.243750
247		7.631250
248		7.718750
249		6.556250
250		7.281250
251		7.106250
252		5.243750
253		4.200000
254		4.287500
255		2.337500
256		0.212500
257		0.793750
258		0.150000
259		-0.781250
260		-0.750000
261		-0.662500
262		-1.943750
263		-3.337500
264		-2.700000
265		-3.687500
266		-3.425000
267		-2.262500
268		-0.575000
269		0.006250
270		1.606250
271		2.393750
272		1.693750
273		1.287500
274		1.518750
275		-0.018750
276		-0.925000
277		-0.343750
278		-0.168750
279		-1.187500
280		0.706250
281		1.231250
282		0.475000
283		1.318750
284		2.512500
285		1.287500
286		1.287500
287		2.425000
288		1.518750
289		0.475000
290		1.462500
291		1.025000
292		-0.281250
293		0.650000
294		0.968750
295		-0.312500
296		0.387500
297		0.968750
298		-1.100000
299		-1.450000
300		-1.506250
301		-3.456250
302		-4.212500
303		-3.918750
304		-3.918750
305		-4.243750
306		-2.118750
307		-0.950000
308		-1.156250
309		-0.018750
310		0.212500
311		-0.893750
312		-0.018750
313		-0.431250
314		-1.506250
315		-1.681250
316		-0.518750
317		-1.212500
318		-1.212500
319		0.212500
320		-0.343750
321		-0.862500
322		-0.137500
323		-0.950000
324		-1.912500
325		-0.950000
326		-1.187500
327		-2.643750
328		-1.331250
329		-0.981250
330		-2.000000
331		-0.893750
332		0.300000
333		-0.081250
334		0.650000
335		1.756250
336		0.500000
337		-0.281250
338		-0.137500
339		-1.625000
340		-2.493750
341		-1.593750
342		-1.475000
343		-1.968750
344		-0.431250
345		-0.575000
346		-1.737500
347		-1.156250
348		-1.387500
349		-3.950000
350		-2.612500
351		-2.406250
352		-3.631250
353		-3.337500
354		-2.031250
355		-3.018750
356		-3.225000
357		-2.668750
358		-4.068750
359		-5.175000
360		-4.356250
361		-5.112500
362		-6.306250
363		-5.143750
364		-5.262500
365		-5.606250
366		-4.531250
367		-3.687500
368		-4.300000
369		-2.700000
370		-1.881250
371		-2.612500
372		-1.943750
373		-1.387500
374		-2.206250
375		-2.293750
376		-1.275000
377		-1.912500
378		-2.725000
379		-1.387500
380		-2.350000
381		-2.812500
382		-1.943750
383		-2.612500
384		-3.543750
385		-2.931250
386		-2.468750
387		-4.243750
388		-3.250000
389		-3.281250
390		-3.893750
391		-3.456250
392		-2.118750
393		-3.050000
394		-2.493750
395		-1.793750
396		-2.350000
397		-2.493750
398		-1.968750
399		-2.556250
400		-3.631250
401		-3.050000
402		-2.931250
403		-3.193750
404		-2.293750
405		-1.825000
406		-2.493750
407		-2.231250
408		-1.506250
409		-2.668750
410		-3.075000
411		-2.468750
412		-3.137500
413		-3.487500
414		-2.231250
415		-2.318750
416		-2.900000
417		-1.593750
418		-1.768750
419		-2.468750
420		-2.293750
421		-2.318750
422		-3.487500
423		-3.193750
424		-2.493750
425		-2.293750
426		-2.725000
427		-1.125000
428		-1.943750
429		-2.931250
430		-2.318750
431		-2.581250
432		-3.543750
433		-2.962500
434		-3.512500
435		-4.068750
436		-3.075000
437		-3.368750
438		-4.356250
439		-3.743750
440		-3.162500
441		-3.893750
442		-4.418750
443		-3.400000
444		-3.862500
445		-4.531250
446		-3.862500
447		-4.418750
448		-5.518750
449		-4.912500
450		-4.793750
451		-5.406250
452		-5.262500
453		-4.331250
454		-4.850000
455		-4.762500
456		-3.893750
457		-4.737500
458		-4.912500
459		-3.950000
460		-4.881250
461		-5.518750
462		-5.112500
463		-4.793750
464		-6.106250
465		-5.262500
466		-4.562500
467		-4.562500
468		-4.006250
469		-2.987500
470		-4.068750
471		-5.437500
472		-5.231250
473		-5.843750
474		-7.093750
475		-5.287500
476		-5.781250
477		-7.643750
478		-7.675000
479		-8.725000
480		-10.612500
481		-10.500000
482		-9.743750
483		-10.262500
484		-9.943750
485		-8.343750
486		-8.956250
487		-9.100000
488		-8.662500
489		-8.081250
490		-8.312500
491		-6.918750
492		-5.087500
493		-3.918750
494		-2.812500
495		0.237500
496		-1.156250
497		-1.681250
498		-2.556250
499		-4.356250
500		-6.831250
501		-6.862500
502		-7.268750
503		-8.025000
504		-7.356250
505		-6.712500
506		-8.025000
507		-8.375000
508		-7.731250
509		-7.556250
510		-8.606250
511		-7.706250
512		-7.300000
513		-7.675000
514		-6.337500
515		-5.318750
516		-4.881250
517		-4.243750
518		-3.893750
519		-4.650000
520		-5.812500
521		-5.606250
522		-6.131250
523		-6.918750
524		-6.568750
525		-6.975000
526		-8.081250
527		-7.587500
528		-6.887500
529		-6.425000
530		-5.987500
531		-4.300000
532		-4.068750
533		-4.212500
534		-3.775000
535		-3.512500
536		-3.981250
537		-3.018750
538		-2.262500
539		-3.075000
540		-3.075000
541		-2.987500
542		-3.425000
543		-4.387500
544		-4.125000
545		-4.968750
546		-6.193750
547		-6.106250
548		-6.368750
549		-6.425000
550		-6.393750
551		-5.175000
552		-5.518750
553		-5.000000
554		-3.687500
555		-3.193750
556		-2.843750
557		-1.187500
558		-0.050000
559		-0.368750
560		-0.312500
561		-0.281250
562		-1.100000
563		-1.825000
564		-1.625000
565		-2.556250
566		-3.050000
567		-2.556250
568		-3.050000
569		-4.212500
570		-3.687500
571		-3.687500
572		-4.418750
573		-5.175000
574		-4.331250
575		-4.243750
576		-4.531250
577		-2.700000
578		-2.175000
579		-2.031250
580		-1.387500
581		-0.893750
582		-0.750000
583		-0.806250
584		0.268750
585		-0.256250
586		-0.806250
587		-0.400000
588		-0.806250
589		-1.593750
590		-1.625000
591		-1.243750
592		-2.756250
593		-3.281250
594		-2.756250
595		-3.775000
596		-4.675000
597		-3.831250
598		-4.181250
599		-4.475000
600		-4.006250
601		-3.137500
602		-3.806250
603		-3.512500
604		-2.612500
605		-3.368750
606		-4.006250
607		-3.600000
608		-3.656250
609		-4.506250
610		-4.912500
611		-4.762500
612		-5.437500
613		-6.218750
614		-5.606250
615		-5.868750
616		-6.131250
617		-5.025000
618		-4.006250
619		-3.600000
620		-2.437500
621		-0.837500
622		-0.862500
623		-0.925000
624		-0.018750
625		-0.281250
626		-1.562500
627		-1.187500
628		-0.431250
629		-0.606250
630		0.618750
631		2.393750
632		1.112500
633		-0.950000
634		-2.262500
635		-3.656250
636		-4.937500
637		-3.950000
638		-2.556250
639		-2.493750
640		-4.093750
641		-4.387500
642		-5.550000
643		-6.337500
644		-4.912500
645		-3.193750
646		-2.643750
647		-1.125000
648		0.500000
649		1.081250
650		0.068750
651		0.587500
652		0.212500
653		-1.275000
654		-0.750000
655		1.025000
656		1.518750
657		2.362500
658		3.937500
659		2.450000
660		-0.368750
661		-1.768750
662		-2.931250
663		-4.093750
664		-2.556250
665		-0.400000
666		0.737500
667		1.781250
668		3.150000
669		4.550000
670		4.137500
671		4.662500
672		4.168750
673		1.987500
674		-0.893750
675		-1.243750
676		-2.493750
677		-3.687500
678		-2.700000
679		-1.825000
680		-3.075000
681		-3.050000
682		-2.262500
683		-3.250000
684		-4.093750
685		-3.018750
686		-1.450000
687		-0.168750
688		2.306250
689		4.287500
690		4.662500
691		4.518750
692		5.100000
693		5.068750
694		3.356250
695		3.118750
696		2.943750
697		2.162500
698		0.706250
699		1.112500
700		0.475000
701		-0.662500
702		0.150000
703		1.025000
704		1.287500
705		1.987500
706		3.618750
707		4.050000
708		3.381250
709		4.487500
710		3.937500
711		2.425000
712		2.568750
713		3.468750
714		2.887500
715		2.943750
716		4.225000
717		4.693750
718		3.500000
719		3.643750
720		4.400000
721		3.618750
722		2.887500
723		3.468750
724		3.293750
725		2.943750
726		3.412500
727		4.781250
728		4.662500
729		4.575000
730		5.156250
731		4.487500
732		2.306250
733		2.568750
734		2.131250
735		0.500000
736		-0.225000
737		0.300000
738		-0.281250
739		-1.125000
740		-0.312500
741		0.650000
742		0.475000
743		0.412500
744		1.956250
745		1.606250
746		1.000000
747		2.306250
748		2.775000
749		2.687500
750		3.268750
751		5.243750
752		5.243750
753		5.068750
754		5.943750
755		6.118750
756		4.431250
757		4.487500
758		4.662500
759		3.268750
760		2.306250
761		2.831250
762		2.100000
763		1.462500
764		1.900000
765		2.537500
766		1.431250
767		1.900000
768		2.943750
769		2.187500
770		2.043750
771		3.412500
772		3.325000
773		2.393750
774		3.850000
775		4.375000
776		3.556250
777		4.400000
778		5.275000
779		4.431250
780		4.462500
781		5.068750
782		3.618750
783		3.237500
784		3.818750
785		3.293750
786		1.725000
787		2.918750
788		2.943750
789		2.012500
790		3.325000
791		4.225000
792		3.181250
793		3.818750
794		4.806250
795		4.781250
796		3.556250
797		4.725000
798		4.287500
799		3.556250
800		4.806250
801		4.693750
802		4.400000
803		4.487500
804		5.012500
805		3.993750
806		4.637500
807		5.331250
808		4.431250
809		4.981250
810		5.656250
811		5.068750
812		4.837500
813		6.468750
814		5.656250
815		5.243750
816		5.943750
817		5.243750
818		4.287500
819		4.925000
820		5.537500
821		3.993750
822		4.431250
823		4.375000
824		1.987500
825		1.900000
826		2.337500
827		2.362500
828		4.200000
829		6.700000
830		7.718750
831		8.331250
832		9.931250
833		9.725000
834		9.875000
835		11.356250
836		11.825000
837		11.356250
838		11.618750
839		10.193750
840		6.612500
841		4.981250
842		3.443750
843		0.300000
844		0.093750
845		1.287500
846		1.637500
847		3.093750
848		5.681250
849		5.243750
850		4.806250
851		5.593750
852		4.606250
853		4.400000
854		6.962500
855		8.212500
856		9.031250
857		10.918750
858		11.125000
859		9.318750
860		8.212500
861		6.756250
862		3.531250
863		2.743750
864		1.987500
865		0.968750
866		1.606250
867		3.062500
868		3.706250
869		5.825000
870		8.562500
871		9.962500
872		10.831250
873		13.831250
874		13.862500
875		13.450000
876		14.993750
877		14.006250
878		11.650000
879		10.718750
880		8.737500
881		5.825000
882		4.725000
883		3.468750
884		0.881250
885		-0.018750
886		0.125000
887		-1.825000
888		-2.175000
889		-1.212500
890		-0.950000
891		0.268750
892		2.918750
893		5.012500
894		6.206250
895		9.525000
896		10.981250
897		10.687500
898		11.443750
899		11.937500
900		10.512500
901		9.900000
902		9.406250
903		7.543750
904		5.975000
905		5.362500
906		4.725000
907		3.850000
908		4.375000
909		3.325000
910		2.537500
911		2.450000
912		1.462500
913		-0.312500
914		0.562500
915		0.793750
916		0.793750
917		2.568750
918		4.431250
919		5.306250
920		6.262500
921		7.281250
922		6.700000
923		5.593750
924		5.068750
925		4.137500
926		3.268750
927		4.225000
928		4.725000
929		4.550000
930		5.625000
931		6.118750
932		5.825000
933		6.118750
934		6.587500
935		6.262500
936		6.087500
937		6.843750
938		5.887500
939		5.012500
940		5.506250
941		4.868750
942		4.112500
943		5.331250
944		5.068750
945		4.343750
946		4.925000
947		4.781250
948		3.731250
949		2.656250
950		2.337500
951		0.531250
952		-0.050000
953		1.168750
954		0.968750
955		1.637500
956		3.325000
957		3.937500
958		3.962500
959		5.187500
960		5.218750
961		3.706250
962		3.875000
963		3.762500
964		3.118750
965		3.118750
966		4.112500
967		3.468750
968		3.181250
969		4.375000
970		3.818750
971		2.537500
972		3.118750
973		3.118750
974		1.756250
975		2.275000
976		3.031250
977		2.625000
978		2.250000
979		3.468750
980		3.206250
981		3.443750
982		4.725000
983		5.068750
984		4.487500
985		5.131250
986		4.137500
987		3.006250
988		2.393750
989		3.150000
990		2.275000
991		2.481250
992		3.293750
993		3.731250
994		3.206250
995		3.587500
996		2.887500
997		1.756250
998		1.868750
999		1.693750
1000		0.443750
1001		0.762500
1002		1.550000
1003		1.287500
1004		0.475000
1005		1.168750
1006		0.562500
1007		-0.718750
1008		0.037500
1009		-0.225000
1010		-1.625000
1011		-1.037500
1012		-0.837500
1013		-1.450000
1014		-1.243750
1015		0.150000
1016		0.443750
1017		0.443750
1018		1.812500
1019		2.218750
1020		1.493750
1021		2.131250
1022		2.100000
1023		1.431250
1024		1.550000
1025		2.600000
1026		1.406250
1027		0.968750
1028		2.043750
1029		1.462500
1030		0.650000
1031		1.081250
1032		0.968750
1033		-0.281250
1034		0.737500
1035		0.762500
1036		-0.018750
1037		-0.575000
1038		0.793750
1039		0.500000
1040		-0.312500
1041		0.793750
1042		1.025000
1043		-0.081250
1044		1.200000
1045		1.143750
1046		0.443750
1047		0.531250
1048		1.056250
1049		0.531250
1050		0.443750
1051		0.881250
1052		0.325000
1053		0.181250
1054		0.706250
1055		1.256250
1056		0.268750
1057		1.025000
1058		1.025000
1059		0.212500
1060		0.068750
1061		0.412500
1062		-0.312500
1063		-0.718750
1064		-0.018750
1065		0.443750
1066		-0.281250
1067		0.937500
1068		1.431250
1069		0.650000
1070		-0.050000
1071		0.825000
1072		0.125000
1073		-0.718750
1074		0.475000
1075		0.937500
1076		0.850000
1077		1.081250
1078		1.143750
1079		0.268750
1080		-0.225000
1081		0.650000
1082		-0.168750
1083		-1.012500
1084		-0.806250
1085		-0.606250
1086		-1.387500
1087		-0.950000
1088		-0.081250
1089		-1.068750
1090		-1.650000
1091		-0.693750
1092		-1.650000
1093		-2.612500
1094		-2.350000
1095		-1.387500
1096		-2.493750
1097		-2.643750
1098		-2.087500
1099		-2.612500
1100		-3.281250
1101		-2.437500
1102		-2.381250
1103		-2.962500
1104		-2.350000
1105		-1.450000
1106		-2.468750
1107		-2.087500
1108		-1.156250
1109		-2.000000
1110		-3.106250
1111		-2.175000
1112		-2.468750
1113		-3.425000
1114		-2.725000
1115		-2.468750
1116		-2.350000
1117		-1.593750
1118		0.006250
1119		-1.650000
1120		-2.756250
1121		-2.668750
1122		-3.193750
1123		-4.068750
1124		-3.225000
1125		-2.931250
1126		-3.656250
1127		-5.231250
1128		-5.350000
1129		-7.237500
1130		-8.518750
1131		-8.081250
1132		-7.556250
1133		-8.231250
1134		-7.643750
1135		-6.512500
1136		-6.218750
1137		-6.250000
1138		-5.087500
1139		-5.025000
1140		-5.231250
1141		-3.368750
1142		-1.737500
1143		-0.781250
1144		0.475000
1145		2.250000
1146		0.587500
1147		-1.475000
1148		-2.318750
1149		-3.775000
1150		-6.193750
1151		-5.581250
1152		-4.762500
1153		-5.375000
1154		-5.931250
1155		-4.881250
1156		-5.812500
1157		-6.887500
1158		-6.250000
1159		-5.843750
1160		-6.425000
1161		-6.075000
1162		-4.475000
1163		-4.387500
1164		-4.618750
1165		-2.787500
1166		-2.293750
1167		-3.425000
1168		-3.075000
1169		-3.137500
1170		-4.356250
1171		-5.056250
1172		-4.737500
1173		-5.175000
1174		-6.950000
1175		-5.956250
1176		-5.812500
1177		-6.131250
1178		-5.318750
1179		-3.425000
1180		-3.337500
1181		-3.718750
1182		-2.900000
1183		-2.643750
1184		-3.312500
1185		-2.643750
1186		-1.300000
1187		-1.881250
1188		-2.262500
1189		-1.331250
1190		-2.406250
1191		-3.487500
1192		-3.656250
1193		-3.918750
1194		-5.112500
1195		-5.668750
1196		-4.762500
1197		-5.900000
1198		-6.831250
1199		-5.956250
1200		-5.112500
1201		-5.518750
1202		-5.262500
1203		-3.425000
1204		-3.687500
1205		-3.137500
1206		-1.418750
1207		-0.400000
1208		-0.543750
1209		-1.037500
1210		-0.456250
1211		-1.737500
1212		-2.900000
1213		-2.493750
1214		-2.787500
1215		-3.918750
1216		-3.425000
1217		-3.075000
1218		-4.243750
1219		-5.056250
1220		-4.506250
1221		-4.937500
1222		-6.162500
1223		-5.462500
1224		-4.587500
1225		-4.443750
1226		-3.918750
1227		-2.206250
1228		-1.968750
1229		-2.700000
1230		-1.968750
1231		-1.037500
1232		-1.537500
1233		-1.331250
1234		-0.487500
1235		-0.862500
1236		-2.056250
1237		-1.387500
1238		-1.100000
1239		-2.468750
1240		-2.812500
1241		-2.406250
1242		-2.900000
1243		-4.418750
1244		-4.475000
1245		-4.268750
1246		-5.112500
1247		-5.262500
1248		-4.212500
1249		-4.387500
1250		-5.693750
1251		-4.418750
1252		-4.093750
1253		-5.262500
1254		-4.531250
1255		-3.893750
1256		-4.587500
1257		-5.350000
1258		-4.068750
1259		-5.056250
1260		-6.481250
1261		-6.481250
1262		-6.512500
1263		-8.256250
1264		-7.587500
1265		-6.481250
1266		-6.862500
1267		-6.712500
1268		-5.000000
1269		-4.737500
1270		-4.881250
1271		-2.931250
1272		-2.318750
1273		-2.787500
1274		-1.912500
1275		-1.243750
1276		-2.087500
1277		-2.318750
1278		-1.275000
1279		-1.187500
1280		-1.125000
1281		-0.662500
1282		-2.318750
1283		-4.706250
1284		-4.968750
1285		-5.318750
1286		-5.843750
1287		-4.587500
1288		-4.006250
1289		-6.218750
1290		-7.881250
1291		-7.381250
1292		-8.256250
1293		-7.968750
1294		-4.850000
1295		-3.806250
1296		-3.312500
1297		-1.537500
1298		-0.893750
1299		-2.493750
1300		-1.825000
1301		-2.031250
1302		-3.806250
1303		-3.950000
1304		-2.056250
1305		-2.056250
1306		-1.125000
1307		0.881250
1308		-0.281250
1309		-2.612500
1310		-3.512500
1311		-4.793750
1312		-6.862500
1313		-4.793750
1314		-3.312500
1315		-3.050000
1316		-0.312500
1317		0.968750
1318		1.112500
1319		2.600000
1320		3.731250
1321		2.187500
1322		0.650000
1323		-0.518750
1324		-3.400000
1325		-4.737500
1326		-4.156250
1327		-4.968750
1328		-5.693750
1329		-4.156250
1330		-5.000000
1331		-6.537500
1332		-5.956250
1333		-5.900000
1334		-6.537500
1335		-4.650000
1336		-2.612500
1337		-2.175000
1338		-0.631250
1339		1.343750
1340		0.937500
1341		0.531250
1342		0.968750
1343		-0.081250
1344		-0.893750
1345		-0.662500
1346		-1.650000
1347		-3.075000
1348		-2.493750
1349		-3.106250
1350		-4.243750
1351		-3.018750
1352		-2.612500
1353		-3.162500
1354		-1.475000
1355		-0.281250
1356		-0.718750
1357		0.212500
1358		1.287500
1359		0.125000
1360		-0.400000
1361		0.006250
1362		-1.450000
1363		-1.912500
1364		-0.718750
1365		-1.737500
1366		-2.000000
1367		-1.156250
1368		-1.475000
1369		-2.262500
1370		-1.331250
1371		-1.243750
1372		-2.293750
1373		-1.450000
1374		-1.156250
1375		-1.881250
1376		-0.168750
1377		0.443750
1378		-0.168750
1379		0.356250
1380		1.200000
1381		-0.168750
1382		-1.300000
1383		-1.625000
1384		-2.787500
1385		-3.775000
1386		-3.368750
1387		-4.156250
1388		-5.025000
1389		-3.893750
1390		-3.337500
1391		-4.156250
1392		-3.050000
1393		-2.843750
1394		-3.425000
1395		-2.931250
1396		-2.143750
1397		-2.556250
1398		-1.593750
1399		0.006250
1400		0.093750
1401		0.300000
1402		1.462500
1403		0.706250
1404		0.006250
1405		0.706250
1406		0.387500
1407		-1.037500
1408		-0.806250
1409		-0.662500
1410		-2.056250
1411		-2.031250
1412		-1.625000
1413		-2.525000
1414		-2.381250
1415		-2.031250
1416		-2.231250
1417		-2.118750
1418		-1.243750
1419		-1.387500
1420		-1.768750
1421		-1.243750
1422		-1.037500
1423		-1.712500
1424		-0.662500
1425		-0.718750
1426		-1.300000
1427		-0.631250
1428		-0.137500
1429		-0.950000
1430		-0.950000
1431		-0.662500
1432		-1.737500
1433		-2.556250
1434		-2.318750
1435		-3.281250
1436		-3.281250
1437		-2.493750
1438		-2.056250
1439		-2.700000
1440		-1.243750
1441		-0.518750
1442		-1.100000
1443		-0.431250
1444		0.268750
1445		-0.225000
1446		-1.012500
1447		0.412500
1448		-0.081250
1449		0.006250
1450		0.650000
1451		0.412500
1452		-0.487500
1453		0.093750
1454		0.150000
1455		-0.862500
1456		-0.456250
1457		0.037500
1458		-0.543750
1459		-0.487500
1460		0.300000
1461		-0.281250
1462		-0.693750
1463		0.268750
1464		0.125000
1465		-0.606250
1466		0.356250
1467		0.968750
1468		-0.050000
1469		0.881250
1470		1.550000
1471		0.006250
1472		-0.225000
1473		-0.893750
1474		-1.793750
1475		-2.262500
1476		0.125000
1477		1.406250
1478		2.162500
1479		4.343750
1480		4.806250
1481		4.168750
1482		5.218750
1483		6.293750
1484		5.943750
1485		6.818750
1486		7.256250
1487		5.568750
1488		3.556250
1489		2.275000
1490		-0.631250
1491		-3.050000
1492		-4.006250
1493		-4.212500
1494		-4.762500
1495		-2.231250
1496		0.125000
1497		0.675000
1498		1.406250
1499		1.668750
1500		0.706250
1501		0.150000
1502		1.581250
1503		2.712500
1504		3.850000
1505		6.000000
1506		6.962500
1507		5.737500
1508		5.131250
1509		3.062500
1510		1.406250
1511		-1.300000
1512		-1.712500
1513		-3.106250
1514		-3.831250
1515		-2.900000
1516		-0.606250
1517		-0.343750
1518		1.956250
1519		4.287500
1520		5.568750
1521		7.368750
1522		8.881250
1523		9.381250
1524		10.050000
1525		10.281250
1526		9.462500
1527		7.193750
1528		6.412500
1529		4.225000
1530		1.318750
1531		0.068750
1532		-0.606250
1533		-2.787500
1534		-3.425000
1535		-3.656250
1536		-5.200000
1537		-5.668750
1538		-4.762500
1539		-3.656250
1540		-3.050000
1541		-0.312500
1542		2.218750
1543		3.556250
1544		5.568750
1545		7.862500
1546		8.300000
1547		7.662500
1548		8.187500
1549		7.431250
1550		5.887500
1551		5.450000
1552		4.343750
1553		1.868750
1554		1.287500
1555		1.606250
1556		0.737500
1557		0.650000
1558		0.825000
1559		0.068750
1560		-1.387500
1561		-1.650000
1562		-2.031250
1563		-2.756250
1564		-2.262500
1565		-0.518750
1566		0.268750
1567		1.431250
1568		2.975000
1569		3.937500
1570		3.268750
1571		3.118750
1572		2.537500
1573		0.562500
1574		0.650000
1575		0.793750
1576		1.143750
1577		0.793750
1578		2.537500
1579		2.775000
1580		2.187500
1581		2.656250
1582		3.325000
1583		2.687500
1584		3.206250
1585		4.200000
1586		3.293750
1587		3.031250
1588		3.468750
1589		2.481250
1590		1.756250
1591		2.712500
1592		2.862500
1593		2.337500
1594		2.600000
1595		3.150000
1596		1.431250
1597		0.937500
1598		0.325000
1599		-0.518750
1600		-2.493750
1601		-1.825000
1602		-1.681250
1603		-1.825000
1604		-0.518750
1605		1.000000
1606		1.462500
1607		2.012500
1608		2.393750
1609		1.843750
1610		0.587500
1611		0.387500
1612		0.968750
1613		-0.018750
1614		0.268750
1615		1.143750
1616		1.000000
1617		0.706250
1618		1.168750
1619		0.937500
1620		-0.168750
1621		-0.050000
1622		0.618750
1623		-0.806250
1624		-0.343750
1625		0.737500
1626		0.006250
1627		-0.343750
1628		0.737500
1629		1.581250
1630		1.056250
1631		2.162500
1632		3.556250
1633		2.625000
1634		1.956250
1635		2.250000
1636		1.025000
1637		-0.718750
1638		-0.225000
1639		0.500000
1640		-0.081250
1641		0.793750
1642		1.868750
1643		1.318750
1644		0.443750
1645		0.937500
1646		0.268750
1647		-1.068750
1648		-0.631250
1649		-0.106250
1650		-0.981250
1651		-1.212500
1652		-0.081250
1653		-0.431250
1654		-1.681250
1655		-1.275000
1656		-1.243750
1657		-2.787500
1658		-3.075000
1659		-2.381250
1660		-3.225000
1661		-3.718750
1662		-2.931250
1663		-2.700000
1664		-3.281250
1665		-1.825000
1666		-0.431250
1667		-0.575000
1668		-0.168750
1669		1.318750
1670		1.081250
1671		0.237500
1672		0.850000
1673		0.618750
1674		-0.168750
1675		-0.106250
1676		0.850000
1677		0.387500
1678		-0.368750
1679		0.650000
1680		0.037500
1681		-0.750000
1682		-1.012500
1683		-0.312500
1684		-1.187500
1685		-1.768750
1686		-0.518750
1687		-0.456250
1688		-1.243750
1689		-0.312500
1690		0.587500
1691		-0.137500
1692		-0.312500
1693		1.025000
1694		0.762500
1695		-0.456250
1696		0.881250
1697		0.912500
1698		-0.225000
1699		-0.081250
1700		1.056250
1701		0.125000
1702		-0.343750
1703		1.231250
1704		1.375000
1705		0.237500
1706		0.850000
1707		1.431250
1708		0.531250
1709		-0.137500
1710		0.937500
1711		0.562500
1712		-0.543750
1713		0.443750
1714		1.081250
1715		0.881250
1716		0.825000
1717		2.131250
1718		1.287500
1719		0.181250
1720		0.737500
1721		0.850000
1722		0.356250
1723		-0.018750
1724		1.756250
1725		1.343750
1726		0.125000
1727		0.500000
1728		1.256250
1729		0.125000
1730		-0.193750
1731		0.650000
1732		0.068750
1733		-0.806250
1734		-0.256250
1735		-0.256250
1736		-0.862500
1737		-1.156250
1738		0.268750
1739		-0.543750
1740		-1.331250
1741		-0.575000
1742		-0.368750
1743		-1.506250
1744		-1.712500
1745		-0.950000
1746		-1.506250
1747		-2.493750
1748		-1.300000
1749		-1.212500
1750		-1.943750
1751		-1.825000
1752		-1.212500
1753		-2.056250
1754		-2.175000
1755		-0.806250
1756		-1.037500
1757		-2.031250
1758		-1.275000
1759		-0.925000
1760		-2.031250
1761		-2.206250
1762		-1.331250
1763		-1.825000
1764		-2.437500
1765		-0.431250
1766		0.212500
1767		-0.806250
1768		0.006250
1769		-0.718750
1770		-2.175000
1771		-2.381250
1772		-1.362500
1773		-2.087500
1774		-2.668750
1775		-1.943750
1776		-3.543750
1777		-5.518750
1778		-5.812500
1779		-6.193750
1780		-7.181250
1781		-5.900000
1782		-5.231250
1783		-6.281250
1784		-5.143750
1785		-4.006250
1786		-4.737500
1787		-5.350000
1788		-2.987500
1789		-3.106250
1790		-2.031250
1791		0.300000
1792		1.493750
1793		1.431250
1794		3.181250
1795		3.118750
1796		0.587500
1797		-0.981250
1798		-1.450000
1799		-3.281250
1800		-3.512500
1801		-2.468750
1802		-2.987500
1803		-3.918750
1804		-3.250000
1805		-4.037500
1806		-4.881250
1807		-4.006250
1808		-3.456250
1809		-4.506250
1810		-3.018750
1811		-2.787500
1812		-3.106250
1813		-2.175000
1814		-0.693750
1815		-1.300000
1816		-0.862500
1817		-0.456250
1818		-1.475000
1819		-2.381250
1820		-1.593750
1821		-2.931250
1822		-4.181250
1823		-3.456250
1824		-3.981250
1825		-5.087500
1826		-3.225000
1827		-2.206250
1828		-2.725000
1829		-1.212500
1830		-0.256250
1831		-1.537500
1832		-1.100000
1833		0.150000
1834		-0.456250
1835		-0.225000
1836		1.343750
1837		0.762500
1838		0.412500
1839		1.168750
1840		-0.018750
1841		-1.475000
1842		-0.518750
1843		-1.912500
1844		-3.137500
1845		-2.318750
1846		-2.493750
1847		-3.400000
1848		-2.056250
1849		-1.681250
1850		-2.612500
1851		-1.418750
1852		-0.487500
1853		-0.431250
1854		0.850000
1855		3.031250
1856		3.118750
1857		3.500000
1858		4.431250
1859		3.118750
1860		1.812500
1861		2.600000
1862		0.937500
1863		0.412500
1864		0.937500
1865		0.937500
1866		-0.368750
1867		0.356250
1868		0.793750
1869		-1.300000
1870		-1.068750
1871		-1.037500
1872		-2.087500
1873		-1.737500
1874		-0.018750
1875		-0.168750
1876		0.762500
1877		2.306250
1878		2.275000
1879		2.012500
1880		3.268750
1881		2.943750
1882		2.012500
1883		2.625000
1884		2.862500
1885		1.987500
1886		2.600000
1887		2.625000
1888		1.518750
1889		1.518750
1890		1.550000
1891		0.300000
1892		-0.431250
1893		-0.050000
1894		-1.100000
1895		-1.625000
1896		-0.400000
1897		-0.893750
1898		-1.537500
1899		-0.518750
1900		-0.631250
1901		-1.012500
1902		-0.368750
1903		-0.193750
1904		-1.593750
1905		-0.893750
1906		-0.343750
1907		-1.331250
1908		-1.100000
1909		-0.750000
1910		-1.912500
1911		-3.337500
1912		-2.875000
1913		-3.225000
1914		-3.743750
1915		-2.175000
1916		-1.593750
1917		-1.712500
1918		-0.343750
1919		0.475000
1920		0.618750
1921		1.375000
1922		2.187500
1923		1.637500
1924		2.162500
1925		3.093750
1926		2.656250
1927		3.412500
1928		4.925000
1929		4.287500
1930		2.743750
1931		2.337500
1932		-0.168750
1933		-1.387500
1934		-0.543750
1935		0.212500
1936		-0.456250
1937		-0.050000
1938		-0.893750
1939		-3.487500
1940		-4.125000
1941		-3.368750
1942		-2.756250
1943		-1.331250
1944		1.812500
1945		2.481250
1946		2.887500
1947		3.875000
1948		4.168750
1949		2.393750
1950		2.600000
1951		1.781250
1952		0.675000
1953		1.581250
1954		3.181250
1955		3.793750
1956		4.256250
1957		4.662500
1958		1.900000
1959		-0.606250
1960		-1.387500
1961		-1.825000
1962		-1.625000
1963		0.706250
1964		2.481250
1965		3.062500
1966		4.781250
1967		6.525000
1968		6.875000
1969		7.281250
1970		7.137500
1971		4.606250
1972		2.743750
1973		1.725000
1974		-0.050000
1975		-1.475000
1976		-0.862500
1977		-0.312500
1978		-1.387500
1979		-1.418750
1980		-1.012500
1981		-2.000000
1982		-2.293750
1983		-0.837500
1984		0.037500
1985		0.762500
1986		2.943750
1987		4.225000
1988		4.200000
1989		5.012500
1990		5.331250
1991		3.762500
1992		3.675000
1993		4.312500
1994		2.537500
1995		1.550000
1996		2.043750
1997		1.056250
1998		0.675000
1999		1.112500
2000		1.200000
2001		1.025000
2002		1.956250
2003		3.206250
2004		3.031250
2005		4.256250
2006		5.393750
2007		5.131250
2008		4.725000
2009		4.781250
2010		4.081250
2011		3.062500
2012		3.412500
2013		3.206250
2014		2.187500
2015		2.656250
2016		2.743750
2017		2.187500
2018		2.162500
2019		2.831250
2020		2.362500
2021		2.393750
2022		3.031250
2023		2.831250
2024		2.012500
2025		3.118750
2026		4.137500
2027		3.818750
2028		4.200000
2029		4.606250
2030		3.500000
2031		2.250000
2032		2.481250
2033		0.937500
2034		-0.368750
2035		-0.137500
2036		-0.256250
2037		-0.981250
2038		-0.431250
2039		0.125000
2040		-0.081250
2041		0.037500
2042		0.650000
2043		0.531250
2044		0.212500
2045		1.143750
2046		1.231250
2047		1.318750
2048		2.362500
2049		3.618750
2050		2.687500
2051		3.618750
2052		4.287500
2053		3.181250
2054		2.625000
2055		3.325000
2056		2.450000
2057		1.581250
2058		1.843750
2059		1.812500
2060		0.968750
2061		0.706250
2062		1.725000
2063		0.793750
2064		0.268750
2065		1.000000
2066		0.912500
2067		0.325000
2068		1.637500
2069		2.306250
2070		1.231250
2071		1.956250
2072		2.887500
2073		2.337500
2074		1.550000
2075		3.181250
2076		2.481250
2077		2.393750
2078		2.393750
2079		2.337500
2080		1.375000
2081		1.431250
2082		1.287500
2083		0.675000
2084		-0.281250
2085		0.618750
2086		0.125000
2087		-0.106250
2088		0.968750
2089		1.868750
2090		1.318750
2091		1.756250
2092		2.975000
2093		2.425000
2094		2.012500
2095		3.093750
2096		2.450000
2097		1.725000
2098		2.625000
2099		2.481250
2100		2.600000
2101		2.712500
2102		3.062500
2103		2.075000
2104		1.756250
2105		2.537500
2106		2.481250
2107		1.868750
2108		2.600000
2109		2.918750
2110		2.775000
2111		2.918750
2112		3.556250
2113		3.031250
2114		2.187500
2115		3.118750
2116		2.743750
2117		2.687500
2118		3.618750
2119		4.200000
2120		2.537500
2121		1.956250
2122		1.812500
2123		0.587500
2124		0.268750
2125		2.162500
2126		3.850000
2127		4.781250
2128		6.437500
2129		8.012500
2130		7.750000
2131		8.012500
2132		9.143750
2133		9.525000
2134		8.706250
2135		9.231250
2136		8.681250
2137		4.956250
2138		3.556250
2139		2.043750
2140		-0.431250
2141		-2.556250
2142		-1.681250
2143		-1.068750
2144		-0.312500
2145		1.900000
2146		3.731250
2147		3.706250
2148		3.268750
2149		3.468750
2150		3.031250
2151		2.775000
2152		5.975000
2153		6.931250
2154		7.400000
2155		8.187500
2156		8.825000
2157		7.018750
2158		3.906250
2159		3.356250
2160		1.318750
2161		-1.187500
2162		-1.475000
2163		-1.362500
2164		-1.212500
2165		-0.225000
2166		2.625000
2167		4.050000
2168		5.975000
2169		8.300000
2170		10.075000
2171		10.337500
2172		11.181250
2173		12.143750
2174		11.325000
2175		9.175000
2176		9.118750
2177		7.575000
2178		4.637500
2179		3.181250
2180		2.425000
2181		-0.368750
2182		-2.318750
2183		-1.856250
2184		-3.368750
2185		-5.406250
2186		-4.181250
2187		-2.843750
2188		-2.700000
2189		-1.418750
2190		2.162500
2191		3.706250
2192		4.575000
2193		7.281250
2194		8.275000
2195		8.156250
2196		8.331250
2197		8.793750
2198		7.862500
2199		6.700000
2200		5.681250
2201		4.287500
2202		2.043750
2203		1.287500
2204		2.362500
2205		1.025000
2206		0.068750
2207		0.737500
2208		0.150000
2209		-1.475000
2210		-1.593750
2211		-2.031250
2212		-3.018750
2213		-2.437500
2214		-0.487500
2215		0.150000
2216		0.706250
2217		2.775000
2218		4.137500
2219		3.293750
2220		2.450000
2221		2.887500
2222		1.200000
2223		-0.281250
2224		0.737500
2225		1.318750
2226		1.143750
2227		1.843750
2228		3.618750
2229		3.356250
2230		2.712500
2231		3.850000
2232		3.762500
2233		2.425000
2234		2.862500
2235		3.556250
2236		2.512500
2237		2.625000
2238		2.775000
2239		2.625000
2240		1.900000
2241		2.275000
2242		3.118750
2243		2.337500
2244		1.375000
2245		1.493750
2246		0.325000
2247		-1.768750
2248		-1.625000
2249		-1.537500
2250		-2.643750
2251		-2.612500
2252		-1.068750
2253		-0.606250
2254		-0.431250
2255		1.000000
2256		1.868750
2257		1.025000
2258		0.968750
2259		1.781250
2260		0.475000
2261		-0.312500
2262		0.300000
2263		0.500000
2264		-0.456250
2265		0.650000
2266		1.081250
2267		-0.050000
2268		0.093750
2269		1.143750
2270		-0.137500
2271		-1.068750
2272		-0.400000
2273		-0.750000
2274		-1.681250
2275		-0.543750
2276		-0.606250
2277		-0.950000
2278		0.037500
2279		1.493750
2280		0.968750
2281		1.581250
2282		2.162500
2283		1.143750
2284		-0.168750
2285		0.300000
2286		-0.750000
2287		-1.968750
2288		-0.750000
2289		-0.256250
2290		-0.750000
2291		0.387500
2292		0.618750
2293		-0.862500
2294		-1.243750
2295		-0.256250
2296		-1.968750
2297		-2.525000
2298		-1.275000
2299		-1.912500
2300		-2.668750
2301		-1.712500
2302		-1.968750
2303		-3.575000
2304		-2.756250
2305		-3.075000
2306		-4.387500
2307		-4.300000
2308		-3.456250
2309		-4.531250
2310		-4.825000
2311		-3.312500
2312		-4.068750
2313		-3.575000
2314		-1.943750
2315		-1.475000
2316		-1.793750
2317		-0.368750
2318		0.006250
2319		-1.125000
2320		-0.081250
2321		-0.456250
2322		-1.793750
2323		-0.368750
2324		-0.400000
2325		-1.387500
2326		-1.125000
2327		-0.806250
2328		-1.681250
2329		-1.856250
2330		-0.750000
2331		-1.881250
2332		-2.931250
2333		-1.912500
2334		-2.556250
2335		-3.312500
2336		-2.087500
2337		-1.593750
2338		-2.493750
2339		-1.300000
2340		-1.100000
2341		-2.406250
2342		-1.537500
2343		-1.212500
2344		-2.143750
2345		-1.562500
2346		-0.806250
2347		-2.525000
2348		-2.293750
2349		-1.300000
2350		-2.031250
2351		-1.768750
2352		-0.606250
2353		-1.450000
2354		-2.262500
2355		-0.750000
2356		-1.387500
2357		-2.787500
2358		-2.056250
2359		-1.943750
2360		-3.281250
2361		-2.612500
2362		-1.737500
2363		-2.493750
2364		-1.362500
2365		-0.718750
2366		-1.943750
2367		-2.087500
2368		-1.737500
2369		-2.525000
2370		-2.843750
2371		-1.537500
2372		-1.825000
2373		-2.262500
2374		-1.012500
2375		-1.506250
2376		-2.262500
2377		-1.300000
2378		-1.418750
2379		-2.900000
2380		-2.381250
2381		-2.118750
2382		-3.281250
2383		-3.075000
2384		-2.262500
2385		-3.456250
2386		-3.075000
2387		-1.968750
2388		-2.725000
2389		-3.543750
2390		-2.206250
2391		-3.281250
2392		-4.125000
2393		-3.250000
2394		-3.806250
2395		-4.650000
2396		-4.037500
2397		-3.425000
2398		-4.618750
2399		-4.125000
2400		-3.575000
2401		-4.093750
2402		-3.893750
2403		-3.250000
2404		-3.893750
2405		-4.243750
2406		-3.281250
2407		-4.006250
2408		-4.737500
2409		-3.743750
2410		-4.443750
2411		-5.462500
2412		-4.531250
2413		-4.006250
2414		-4.506250
2415		-3.512500
2416		-3.137500
2417		-4.331250
2418		-5.143750
2419		-4.737500
2420		-5.843750
2421		-5.668750
2422		-5.112500
2423		-6.193750
2424		-7.643750
2425		-7.793750
2426		-9.306250
2427		-10.937500
2428		-10.325000
2429		-10.031250
2430		-10.556250
2431		-9.362500
2432		-8.781250
2433		-9.187500
2434		-8.343750
2435		-7.731250
2436		-7.993750
2437		-7.237500
2438		-5.493750
2439		-4.793750
2440		-3.656250
2441		-1.300000
2442		-0.806250
2443		-1.537500
2444		-1.912500
2445		-3.718750
2446		-6.625000
2447		-6.712500
2448		-7.006250
2449		-7.443750
2450		-7.150000
2451		-6.481250
2452		-7.618750
2453		-8.375000
2454		-7.793750
2455		-8.487500
2456		-8.606250
2457		-7.643750
2458		-7.412500
2459		-7.968750
2460		-6.918750
2461		-5.931250
2462		-6.106250
2463		-5.175000
2464		-4.156250
2465		-5.175000
2466		-5.518750
2467		-5.350000
2468		-6.337500
2469		-7.212500
2470		-6.975000
2471		-7.300000
2472		-8.868750
2473		-7.937500
2474		-7.443750
2475		-7.356250
2476		-6.600000
2477		-4.793750
2478		-5.025000
2479		-4.968750
2480		-3.718750
2481		-4.356250
2482		-4.762500
2483		-3.487500
2484		-3.368750
2485		-4.212500
2486		-3.281250
2487		-3.193750
2488		-4.212500
2489		-4.737500
2490		-4.356250
2491		-5.375000
2492		-6.568750
2493		-6.393750
2494		-7.006250
2495		-7.212500
2496		-6.712500
2497		-6.281250
2498		-6.800000
2499		-5.175000
2500		-4.825000
2501		-5.112500
2502		-3.775000
2503		-2.381250
2504		-2.175000
2505		-1.737500
2506		-0.718750
2507		-1.243750
2508		-2.056250
2509		-2.087500
2510		-2.612500
2511		-3.487500
2512		-3.687500
2513		-3.456250
2514		-4.243750
2515		-4.506250
2516		-4.156250
2517		-4.881250
2518		-5.606250
2519		-4.762500
2520		-5.231250
2521		-6.043750
2522		-5.231250
2523		-4.068750
2524		-3.950000
2525		-3.075000
2526		-1.650000
2527		-1.968750
2528		-1.625000
2529		-0.606250
2530		-0.693750
2531		-1.362500
2532		-0.893750
2533		-0.862500
2534		-1.681250
2535		-1.768750
2536		-1.506250
2537		-2.318750
2538		-2.350000
2539		-2.118750
2540		-3.050000
2541		-3.918750
2542		-4.068750
2543		-4.506250
2544		-5.406250
2545		-4.881250
2546		-4.156250
2547		-4.156250
2548		-4.068750
2549		-3.400000
2550		-3.600000
2551		-3.806250
2552		-3.250000
2553		-3.918750
2554		-4.675000
2555		-4.506250
2556		-4.243750
2557		-5.462500
2558		-5.287500
2559		-5.087500
2560		-5.956250
2561		-6.862500
2562		-5.550000
2563		-5.725000
2564		-5.900000
2565		-4.531250
2566		-3.775000
2567		-3.425000
2568		-2.406250
2569		-0.781250
2570		-1.212500
2571		-0.950000
2572		-0.193750
2573		-1.562500
2574		-1.537500
2575		0.037500
2576		0.650000
2577		0.268750
2578		0.762500
2579		0.212500
2580		-2.556250
2581		-4.093750
2582		-3.806250
2583		-3.806250
2584		-3.831250
2585		-3.137500
2586		-3.775000
2587		-6.368750
2588		-6.281250
2589		-5.868750
2590		-5.262500
2591		-4.618750
2592		-2.231250
2593		-1.331250
2594		-0.806250
2595		0.937500
2596		0.881250
2597		-0.806250
2598		-0.312500
2599		-0.750000
2600		-1.156250
2601		-1.331250
2602		-0.081250
2603		0.881250
2604		0.737500
2605		1.000000
2606		-0.193750
2607		-3.193750
2608		-4.268750
2609		-4.243750
2610		-4.006250
2611		-3.312500
2612		-0.950000
2613		-0.081250
2614		0.562500
2615		2.362500
2616		3.993750
2617		3.793750
2618		3.793750
2619		3.006250
2620		0.237500
2621		-2.350000
2622		-2.700000
2623		-3.600000
2624		-4.300000
2625		-3.018750
2626		-2.843750
2627		-3.512500
2628		-4.125000
2629		-3.775000
2630		-4.331250
2631		-4.618750
2632		-2.987500
2633		-1.156250
2634		-0.575000
2635		1.256250
2636		3.062500
2637		3.468750
2638		2.481250
2639		2.943750
2640		2.012500
2641		0.300000
2642		0.300000
2643		-0.256250
2644		-1.331250
2645		-1.825000
2646		-1.012500
2647		-1.593750
2648		-1.593750
2649		-0.225000
2650		0.300000
2651		-0.168750
2652		1.318750
2653		2.481250
2654		2.481250
2655		2.600000
2656		3.875000
2657		2.656250
2658		1.318750
2659		1.493750
2660		2.131250
2661		1.143750
2662		1.287500
2663		1.287500
2664		0.412500
2665		0.068750
2666		0.150000
2667		0.706250
2668		0.068750
2669		0.562500
2670		1.375000
2671		0.443750
2672		0.562500
2673		2.131250
2674		1.956250
2675		1.606250
2676		2.393750
2677		3.093750
2678		1.431250
2679		1.143750
2680		1.493750
2681		-0.018750
2682		-1.387500
2683		-1.537500
2684		-0.750000
2685		-2.931250
2686		-1.450000
2687		-0.400000
2688		-0.575000
2689		-0.862500
2690		0.268750
2691		0.181250
2692		-0.806250
2693		0.150000
2694		1.143750
2695		0.968750
2696		1.493750
2697		3.206250
2698		3.793750
2699		2.943750
2700		3.675000
2701		3.906250
2702		2.918750
2703		2.306250
2704		3.237500
2705		2.043750
2706		1.143750
2707		1.756250
2708		2.187500
2709		1.081250
2710		1.200000
2711		2.162500
2712		1.231250
2713		0.268750
2714		0.850000
2715		1.343750
2716		0.387500
2717		1.025000
2718		2.975000
2719		2.450000
2720		1.693750
2721		3.031250
2722		3.587500
2723		1.900000
2724		2.887500
2725		4.081250
2726		3.006250
2727		2.337500
2728		3.731250
2729		2.687500
2730		1.081250
2731		1.200000
2732		1.462500
2733		0.268750
2734		-0.225000
2735		1.518750
2736		1.287500
2737		0.587500
2738		2.131250
2739		3.093750
2740		2.512500
2741		2.187500
2742		3.500000
2743		2.250000
2744		2.012500
2745		2.743750
2746		3.993750
2747		3.206250
2748		3.412500
2749		4.893750
2750		4.375000
2751		2.862500
2752		3.793750
2753		3.468750
2754		2.187500
2755		2.975000
2756		3.993750
2757		3.443750
2758		3.293750
2759		4.725000
2760		3.818750
2761		3.293750
2762		4.225000
2763		4.050000
2764		3.206250
2765		4.137500
2766		5.306250
2767		4.868750
2768		4.343750
2769		4.925000
2770		3.206250
2771		1.693750
2772		2.862500
2773		3.643750
2774		4.112500
2775		6.587500
2776		8.450000
2777		8.125000
2778		8.881250
2779		9.875000
2780		9.787500
2781		10.018750
2782		11.500000
2783		11.037500
2784		9.293750
2785		8.506250
2786		6.643750
2787		3.206250
2788		2.218750
2789		1.231250
2790		-0.193750
2791		0.412500
2792		2.568750
2793		3.062500
2794		3.937500
2795		5.887500
2796		5.800000
2797		3.850000
2798		5.450000
2799		6.175000
2800		5.887500
2801		8.593750
2802		10.018750
2803		9.756250
2804		9.900000
2805		9.987500
2806		7.631250
2807		5.593750
2808		4.981250
2809		2.393750
2810		0.825000
2811		1.200000
2812		1.081250
2813		1.518750
2814		3.993750
2815		5.800000
2816		7.081250
2817		9.581250
2818		11.356250
2819		12.025000
2820		13.306250
2821		14.118750
2822		13.393750
2823		12.493750
2824		12.581250
2825		9.931250
2826		8.212500
2827		7.312500
2828		4.312500
2829		2.250000
2830		2.100000
2831		0.881250
2832		-0.750000
2833		-1.100000
2834		-1.681250
2835		-2.206250
2836		-0.343750
2837		1.493750
2838		2.887500
2839		5.506250
2840		8.012500
2841		8.650000
2842		10.631250
2843		12.087500
2844		11.212500
2845		10.481250
2846		11.650000
2847		9.668750
2848		8.737500
2849		8.793750
2850		6.731250
2851		4.868750
2852		5.737500
2853		5.012500
2854		3.906250
2855		4.343750
2856		4.400000
2857		1.987500
2858		2.131250
2859		2.450000
2860		0.825000
2861		1.843750
2862		3.237500
2863		3.237500
2864		4.925000
2865		6.787500
2866		6.962500
2867		6.906250
2868		8.275000
2869		6.237500
2870		4.637500
2871		5.362500
2872		4.575000
2873		3.762500
2874		4.893750
2875		5.800000
2876		5.393750
2877		6.381250
2878		7.687500
2879		6.556250
2880		7.050000
2881		7.631250
2882		6.612500
2883		6.468750
2884		7.281250
2885		5.887500
2886		5.681250
2887		6.262500
2888		6.031250
2889		5.537500
2890		6.556250
2891		6.437500
2892		5.012500
2893		5.306250
2894		4.606250
2895		2.600000
2896		2.306250
2897		2.362500
2898		0.825000
2899		1.143750
2900		2.600000
2901		2.687500
2902		3.325000
2903		5.450000
2904		4.956250
2905		4.725000
2906		5.243750
2907		4.781250
2908		4.025000
2909		4.343750
2910		4.200000
2911		3.206250
2912		4.050000
2913		4.375000
2914		3.443750
2915		4.050000
2916		4.662500
2917		3.993750
2918		3.962500
2919		4.375000
2920		3.618750
2921		3.268750
2922		3.962500
2923		3.500000
2924		2.743750
2925		4.025000
2926		4.400000
2927		4.462500
2928		5.593750
2929		6.381250
2930		5.800000
2931		5.506250
2932		5.537500
2933		4.050000
2934		3.118750
2935		3.643750
2936		2.687500
2937		3.293750
2938		4.312500
2939		4.487500
2940		3.993750
2941		4.375000
2942		4.025000
2943		2.687500
2944		2.537500
2945		2.362500
2946		1.781250
2947		1.756250
2948		2.687500
2949		2.162500
2950		1.518750
2951		2.275000
2952		1.343750
2953		0.068750
2954		0.356250
2955		0.068750
2956		-1.156250
2957		-0.718750
2958		-0.456250
2959		-0.750000
2960		-0.575000
2961		0.968750
2962		0.825000
2963		1.231250
2964		2.918750
2965		2.450000
2966		2.393750
2967		3.762500
2968		3.962500
2969		2.537500
2970		3.356250
2971		3.268750
2972		2.162500
2973		2.450000
2974		3.006250
2975		2.568750
2976		2.043750
2977		2.943750
2978		1.956250
2979		1.343750
2980		1.756250
2981		1.168750
2982		0.562500
2983		1.000000
2984		1.200000
2985		0.850000
2986		0.881250
2987		1.668750
2988		1.668750
2989		1.231250
2990		2.337500
2991		1.868750
2992		1.143750
2993		1.868750
2994		1.606250
2995		0.737500
2996		1.375000
2997		1.581250
2998		1.231250
2999		1.081250
3000		2.012500
3001		1.781250
3002		1.406250
3003		2.043750
3004		1.668750
3005		0.706250
3006		1.318750
3007		1.025000
3008		0.618750
3009		0.706250
3010		1.406250
3011		0.850000
3012		1.200000
3013		2.218750
3014		1.581250
3015		0.675000
3016		1.168750
3017		0.300000
3018		-0.225000
3019		0.762500
3020		1.143750
3021		0.212500
3022		1.000000
3023		1.143750
3024		0.412500
3025		0.387500
3026		0.937500
3027		0.125000
3028		-0.431250
3029		0.006250
3030		-0.018750
3031		-1.100000
3032		-0.168750
3033		-0.368750
3034		-0.950000
3035		-1.037500
3036		-0.281250
3037		-0.862500
3038		-1.625000
3039		-1.331250
3040		-1.300000
3041		-2.262500
3042		-1.825000
3043		-2.381250
3044		-2.987500
3045		-2.931250
3046		-1.912500
3047		-2.087500
3048		-2.700000
3049		-1.968750
3050		-2.262500
3051		-2.643750
3052		-2.000000
3053		-1.681250
3054		-3.075000
3055		-2.493750
3056		-2.612500
3057		-2.843750
3058		-2.700000
3059		-1.793750
3060		-2.931250
3061		-3.312500
3062		-1.881250
3063		-1.768750
3064		-2.318750
3065		-2.787500
3066		-2.293750
3067		-3.718750
3068		-3.950000
3069		-3.337500
3070		-3.512500
3071		-3.918750
3072		-4.125000
3073		-5.406250
3074		-7.531250
3075		-7.937500
3076		-7.675000
3077		-8.343750
3078		-8.168750
3079		-7.237500
3080		-6.918750
3081		-7.268750
3082		-6.393750
3083		-6.131250
3084		-6.831250
3085		-5.868750
3086		-4.650000
3087		-3.862500
3088		-2.493750
3089		-0.106250
3090		0.912500
3091		0.500000
3092		1.231250
3093		-0.168750
3094		-3.487500
3095		-4.243750
3096		-4.706250
3097		-6.193750
3098		-5.843750
3099		-4.850000
3100		-5.956250
3101		-6.800000
3102		-6.368750
3103		-6.306250
3104		-7.037500
3105		-6.512500
3106		-5.725000
3107		-6.193750
3108		-5.693750
3109		-3.806250
3110		-3.950000
3111		-3.631250
3112		-2.725000
3113		-2.293750
3114		-3.831250
3115		-3.950000
3116		-4.181250
3117		-4.737500
3118		-5.406250
3119		-5.025000
3120		-5.756250
3121		-6.712500
3122		-5.668750
3123		-5.231250
3124		-5.231250
3125		-4.268750
3126		-2.931250
3127		-3.250000
3128		-3.225000
3129		-2.175000
3130		-1.968750
3131		-2.668750
3132		-2.143750
3133		-1.362500
3134		-1.593750
3135		-2.350000
3136		-1.625000
3137		-2.612500
3138		-3.575000
3139		-3.368750
3140		-3.893750
3141		-5.025000
3142		-5.462500
3143		-5.087500
3144		-5.693750
3145		-5.812500
3146		-4.650000
3147		-4.212500
3148		-4.937500
3149		-3.368750
3150		-2.643750
3151		-1.625000
3152		-0.981250
3153		0.881250
3154		0.650000
3155		0.268750
3156		-0.081250
3157		0.212500
3158		-0.893750
3159		-1.187500
3160		-1.187500
3161		-2.262500
3162		-2.725000
3163		-1.737500
3164		-2.643750
3165		-4.125000
3166		-3.575000
3167		-3.337500
3168		-4.587500
3169		-4.356250
3170		-3.337500
3171		-3.225000
3172		-3.600000
3173		-1.943750
3174		-1.212500
3175		-1.418750
3176		-1.100000
3177		0.150000
3178		0.268750
3179		-0.368750
3180		0.587500
3181		0.531250
3182		-0.518750
3183		-0.606250
3184		-0.487500
3185		-0.837500
3186		-2.000000
3187		-1.593750
3188		-2.437500
3189		-4.037500
3190		-3.631250
3191		-3.631250
3192		-5.000000
3193		-4.650000
3194		-3.743750
3195		-3.918750
3196		-4.331250
3197		-3.312500
3198		-3.368750
3199		-4.506250
3200		-4.125000
3201		-3.137500
3202		-3.862500
3203		-4.331250
3204		-4.006250
3205		-4.737500
3206		-6.712500
3207		-6.656250
3208		-6.018750
3209		-6.625000
3210		-7.212500
3211		-5.581250
3212		-5.231250
3213		-5.437500
3214		-3.512500
3215		-2.175000
3216		-2.350000
3217		-1.625000
3218		0.093750
3219		-0.343750
3220		-1.275000
3221		-0.806250
3222		-0.575000
3223		-1.125000
3224		-0.837500
3225		1.550000
3226		0.762500
3227		-1.625000
3228		-2.175000
3229		-2.987500
3230		-4.650000
3231		-4.968750
3232		-3.225000
3233		-3.918750
3234		-5.725000
3235		-5.725000
3236		-6.162500
3237		-7.881250
3238		-6.043750
3239		-3.893750
3240		-2.493750
3241		-1.562500
3242		0.006250
3243		0.212500
3244		-0.950000
3245		-0.606250
3246		-0.018750
3247		-1.187500
3248		-1.537500
3249		-0.225000
3250		0.500000
3251		0.793750
3252		1.581250
3253		1.637500
3254		-1.156250
3255		-2.843750
3256		-2.931250
3257		-4.562500
3258		-5.375000
3259		-1.943750
3260		-0.343750
3261		-1.156250
3262		1.168750
3263		3.762500
3264		3.206250
3265		3.618750
3266		3.993750
3267		1.931250
3268		-1.712500
3269		-2.556250
3270		-3.137500
3271		-6.075000
3272		-5.175000
3273		-3.862500
3274		-4.675000
3275		-4.737500
3276		-4.443750
3277		-5.493750
3278		-6.393750
3279		-4.912500
3280		-3.893750
3281		-3.487500
3282		-0.543750
3283		1.200000
3284		0.825000
3285		1.581250
3286		2.393750
3287		1.200000
3288		1.112500
3289		1.256250
3290		-0.400000
3291		-1.450000
3292		-1.362500
3293		-2.843750
3294		-3.831250
3295		-3.193750
3296		-2.556250
3297		-3.050000
3298		-2.643750
3299		-0.693750
3300		-0.893750
3301		0.212500
3302		1.637500
3303		1.081250
3304		0.387500
3305		1.112500
3306		-0.018750
3307		-1.187500
3308		-0.193750
3309		-0.256250
3310		-1.187500
3311		-0.456250
3312		0.125000
3313		-1.331250
3314		-0.981250
3315		0.300000
3316		-0.718750
3317		-0.281250
3318		0.068750
3319		-0.662500
3320		-0.606250
3321		1.287500
3322		0.912500
3323		0.762500
3324		2.043750
3325		0.825000
3326		-0.225000
3327		-0.106250
3328		-0.693750
3329		-2.556250
3330		-2.406250
3331		-2.668750
3332		-4.356250
3333		-4.068750
3334		-3.337500
3335		-4.443750
3336		-3.487500
3337		-2.206250
3338		-2.725000
3339		-2.175000
3340		-0.893750
3341		-1.768750
3342		-2.031250
3343		-0.606250
3344		0.006250
3345		-0.106250
3346		1.025000
3347		1.256250
3348		0.618750
3349		1.581250
3350		1.081250
3351		-0.487500
3352		0.006250
3353		-0.168750
3354		-2.031250
3355		-1.650000
3356		-1.187500
3357		-2.293750
3358		-2.262500
3359		-1.450000
3360		-2.581250
3361		-2.987500
3362		-2.000000
3363		-2.556250
3364		-3.193750
3365		-1.625000
3366		-1.387500
3367		-2.031250
3368		-1.037500
3369		-0.456250
3370		-1.506250
3371		-0.225000
3372		0.212500
3373		-0.925000
3374		-0.368750
3375		0.068750
3376		-0.606250
3377		-1.100000
3378		-0.718750
3379		-2.087500
3380		-2.381250
3381		-1.856250
3382		-2.406250
3383		-3.193750
3384		-1.825000
3385		-1.625000
3386		-1.737500
3387		-0.750000
3388		-0.368750
3389		-1.300000
3390		-0.950000
3391		-0.518750
3392		-1.331250
3393		-0.781250
3394		-0.312500
3395		-0.431250
3396		-0.193750
3397		0.793750
3398		0.068750
3399		-0.518750
3400		0.300000
3401		0.006250
3402		-0.806250
3403		-0.081250
3404		0.412500
3405		-0.456250
3406		0.268750
3407		0.937500
3408		0.006250
3409		0.500000
3410		0.937500
3411		0.412500
3412		0.443750
3413		1.287500
3414		0.762500
3415		0.706250
3416		1.081250
3417		-0.256250
3418		-1.943750
3419		-1.593750
3420		-1.912500
3421		-2.350000
3422		0.150000
3423		1.725000
3424		2.162500
3425		3.443750
3426		4.837500
3427		3.962500
3428		5.068750
3429		6.818750
3430		6.843750
3431		5.975000
3432		6.818750
3433		4.431250
3434		1.668750
3435		0.068750
3436		-2.118750
3437		-4.356250
3438		-3.918750
3439		-3.250000
3440		-2.843750
3441		-1.300000
3442		0.912500
3443		1.143750
3444		0.706250
3445		1.581250
3446		0.881250
3447		0.793750
3448		2.568750
3449		3.875000
3450		4.025000
3451		5.537500
3452		5.656250
3453		4.200000
3454		3.062500
3455		2.043750
3456		-0.543750
3457		-2.406250
3458		-2.931250
3459		-3.312500
3460		-3.743750
3461		-2.206250
3462		-0.543750
3463		0.881250
3464		3.618750
3465		5.362500
3466		6.612500
3467		8.418750
3468		9.612500
3469		9.293750
3470		9.056250
3471		9.525000
3472		7.925000
3473		5.887500
3474		4.431250
3475		2.306250
3476		-0.518750
3477		-1.156250
3478		-2.812500
3479		-4.531250
3480		-4.968750
3481		-5.318750
3482		-5.956250
3483		-5.693750
3484		-3.950000
3485		-3.193750
3486		-1.593750
3487		1.431250
3488		3.356250
3489		4.518750
3490		6.525000
3491		7.687500
3492		6.731250
3493		7.081250
3494		6.993750
3495		5.243750
3496		4.487500
3497		4.343750
3498		2.131250
3499		1.056250
3500		1.287500
3501		0.531250
3502		-0.225000
3503		0.300000
3504		0.093750
3505		-1.881250
3506		-2.756250
3507		-2.231250
3508		-3.281250
3509		-2.756250
3510		-0.925000
3511		-0.750000
3512		0.500000
3513		2.568750
3514		3.006250
3515		2.625000
3516		2.625000
3517		2.450000
3518		0.475000
3519		0.475000
3520		0.937500
3521		0.650000
3522		0.650000
3523		2.043750
3524		2.306250
3525		2.012500
3526		3.031250
3527		3.237500
3528		2.100000
3529		2.887500
3530		3.206250
3531		2.337500
3532		2.393750
3533		3.031250
3534		1.725000
3535		1.431250
3536		2.775000
3537		1.987500
3538		1.581250
3539		2.712500
3540		2.218750
3541		1.000000
3542		0.443750
3543		0.500000
3544		-1.156250
3545		-2.175000
3546		-1.825000
3547		-2.118750
3548		-2.468750
3549		-0.631250
3550		0.300000
3551		0.675000
3552		1.956250
3553		2.743750
3554		2.012500
3555		0.793750
3556		1.900000
3557		1.168750
3558		0.006250
3559		1.168750
3560		1.375000
3561		0.706250
3562		1.200000
3563		2.100000
3564		1.431250
3565		0.737500
3566		1.462500
3567		0.562500
3568		-0.256250
3569		0.300000
3570		0.356250
3571		-0.431250
3572		0.006250
3573		1.375000
3574		0.850000
3575		1.168750
3576		3.006250
3577		2.831250
3578		2.337500
3579		3.206250
3580		2.512500
3581		0.737500
3582		0.650000
3583		0.300000
3584		-0.168750
3585		0.325000
3586		1.318750
3587		1.287500
3588		0.675000
3589		1.343750
3590		1.025000
3591		0.006250
3592		0.068750
3593		0.212500
3594		-0.781250
3595		-0.981250
3596		-0.368750
3597		-0.950000
3598		-1.625000
3599		-0.837500
3600		-1.012500
3601		-2.437500
3602		-2.118750
3603		-1.912500
3604		-3.281250
3605		-3.631250
3606		-2.812500
3607		-2.787500
3608		-3.137500
3609		-2.175000
3610		-0.718750
3611		-1.243750
3612		-0.281250
3613		0.531250
3614		0.412500
3615		0.093750
3616		0.850000
3617		0.793750
3618		-0.543750
3619		0.237500
3620		0.531250
3621		-0.487500
3622		-0.575000
3623		0.268750
3624		-0.606250
3625		-1.243750
3626		-0.487500
3627		-0.575000
3628		-1.712500
3629		-1.450000
3630		-0.925000
3631		-1.418750
3632		-1.300000
3633		-0.225000
3634		-0.781250
3635		-1.187500
3636		-0.456250
3637		-0.662500
3638		-1.450000
3639		-0.281250
3640		0.356250
3641		-0.400000
3642		-0.750000
3643		-0.168750
3644		-0.487500
3645		-1.562500
3646		-0.575000
3647		-0.137500
3648		-0.518750
3649		-0.343750
3650		0.881250
3651		0.181250
3652		-0.693750
3653		-0.456250
3654		-0.256250
3655		-1.943750
3656		-1.475000
3657		-0.431250
3658		-0.862500
3659		-0.518750
3660		0.212500
3661		0.006250
3662		-0.543750
3663		-0.281250
3664		0.068750
3665		-1.650000
3666		-1.625000
3667		-0.168750
3668		-0.487500
3669		-1.100000
3670		-0.081250
3671		0.006250
3672		-0.981250
3673		-0.781250
3674		-0.050000
3675		-1.037500
3676		-2.056250
3677		-0.718750
3678		-1.275000
3679		-1.968750
3680		-1.243750
3681		-1.037500
3682		-1.825000
3683		-1.593750
3684		-1.418750
3685		-2.056250
3686		-2.612500
3687		-1.768750
3688		-1.562500
3689		-2.406250
3690		-2.381250
3691		-1.881250
3692		-2.700000
3693		-2.987500
3694		-2.206250
3695		-2.406250
3696		-3.775000
3697		-2.756250
3698		-1.475000
3699		-2.318750
3700		-2.700000
3701		-1.475000
3702		-1.881250
3703		-2.725000
3704		-2.437500
3705		-2.175000
3706		-2.700000
3707		-3.425000
3708		-2.031250
3709		-1.912500
3710		-1.825000
3711		-0.693750
3712		-0.168750
3713		-1.943750
3714		-2.643750
3715		-2.493750
3716		-2.987500
3717		-3.743750
3718		-2.987500
3719		-2.612500
3720		-4.737500
3721		-5.637500
3722		-5.725000
3723		-7.731250
3724		-8.400000
3725		-7.643750
3726		-7.356250
3727		-7.412500
3728		-6.687500
3729		-5.693750
3730		-5.843750
3731		-6.568750
3732		-5.287500
3733		-4.068750
3734		-4.356250
3735		-2.787500
3736		0.237500
3737		0.587500
3738		1.256250
3739		1.987500
3740		1.231250
3741		-1.475000
3742		-2.812500
3743		-3.050000
3744		-5.087500
3745		-5.318750
3746		-4.212500
3747		-5.175000
3748		-5.956250
3749		-4.968750
3750		-5.143750
3751		-6.218750
3752		-5.900000
3753		-4.387500
3754		-5.518750
3755		-5.581250
3756		-4.356250
3757		-3.281250
3758		-3.687500
3759		-1.881250
3760		-0.837500
3761		-1.825000
3762		-2.756250
3763		-2.056250
3764		-3.575000
3765		-4.850000
3766		-4.243750
3767		-4.125000
3768		-5.518750
3769		-4.825000
3770		-4.181250
3771		-4.243750
3772		-3.575000
3773		-1.712500
3774		-2.118750
3775		-2.468750
3776		-1.037500
3777		-1.037500
3778		-1.418750
3779		-0.575000
3780		0.356250
3781		-0.487500
3782		-0.193750
3783		0.650000
3784		-0.925000
3785		-1.650000
3786		-1.243750
3787		-2.175000
3788		-3.487500
3789		-2.900000
3790		-3.337500
3791		-4.650000
3792		-3.512500
3793		-2.875000
3794		-3.425000
3795		-2.643750
3796		-1.156250
3797		-1.593750
3798		-0.575000
3799		1.956250
3800		2.075000
3801		2.043750
3802		3.412500
3803		2.775000
3804		1.231250
3805		2.012500
3806		1.168750
3807		-0.168750
3808		0.150000
3809		0.325000
3810		-0.862500
3811		-1.012500
3812		-0.137500
3813		-1.475000
3814		-2.293750
3815		-1.331250
3816		-2.406250
3817		-2.756250
3818		-1.156250
3819		-1.012500
3820		-1.012500
3821		1.081250
3822		0.912500
3823		1.056250
3824		1.756250
3825		2.306250
3826		1.200000
3827		2.162500
3828		2.743750
3829		1.756250
3830		2.100000
3831		2.800000
3832		1.406250
3833		1.231250
3834		1.581250
3835		0.212500
3836		-0.575000
3837		0.181250
3838		-0.837500
3839		-1.768750
3840		-1.037500
3841		-1.681250
3842		-1.912500
3843		-0.431250
3844		-0.312500
3845		-1.418750
3846		-0.368750
3847		-0.225000
3848		-1.125000
3849		-0.456250
3850		0.443750
3851		-0.575000
3852		-1.068750
3853		-0.456250
3854		-2.262500
3855		-2.556250
3856		-1.737500
3857		-2.493750
3858		-2.987500
3859		-1.506250
3860		-1.212500
3861		-1.187500
3862		1.000000
3863		1.931250
3864		1.287500
3865		3.031250
3866		3.381250
3867		2.306250
3868		2.393750
3869		3.412500
3870		2.100000
3871		3.268750
3872		4.725000
3873		4.956250
3874		4.343750
3875		4.256250
3876		1.931250
3877		0.006250
3878		0.443750
3879		0.500000
3880		-0.400000
3881		0.587500
3882		0.793750
3883		-2.843750
3884		-2.668750
3885		-2.381250
3886		-2.206250
3887		-0.168750
3888		1.868750
3889		2.100000
3890		3.412500
3891		4.375000
3892		4.050000
3893		3.906250
3894		3.818750
3895		2.625000
3896		2.275000
3897		3.500000
3898		4.518750
3899		4.956250
3900		5.568750
3901		4.956250
3902		2.450000
3903		0.650000
3904		-0.168750
3905		-1.331250
3906		0.150000
3907		1.900000
3908		2.918750
3909		4.225000
3910		6.668750
3911		7.168750
3912		7.893750
3913		8.856250
3914		7.806250
3915		5.068750
3916		3.643750
3917		2.012500
3918		-0.518750
3919		-0.018750
3920		0.762500
3921		0.356250
3922		0.475000
3923		0.881250
3924		-0.606250
3925		-1.331250
3926		-0.750000
3927		-0.950000
3928		-0.368750
3929		2.831250
3930		4.256250
3931		5.131250
3932		7.137500
3933		7.487500
3934		6.262500
3935		5.800000
3936		5.887500
3937		4.550000
3938		3.993750
3939		4.225000
3940		3.118750
3941		2.043750
3942		2.918750
3943		2.250000
3944		1.868750
3945		2.800000
3946		3.412500
3947		3.118750
3948		4.637500
3949		5.450000
3950		5.331250
3951		5.362500
3952		5.943750
3953		4.662500
3954		4.168750
3955		4.868750
3956		4.050000
3957		3.762500
3958		5.068750
3959		4.662500
3960		3.793750
3961		4.431250
3962		4.637500
3963		3.762500
3964		4.137500
3965		4.343750
3966		3.325000
3967		3.500000
3968		4.925000
3969		4.806250
3970		4.956250
3971		6.062500
3972		5.681250
3973		4.575000
3974		4.575000
3975		3.762500
3976		1.668750
3977		1.693750
3978		1.081250
3979		0.443750
3980		0.387500
3981		1.025000
3982		0.737500
3983		0.500000
3984		1.318750
3985		1.287500
3986		1.081250
3987		1.756250
3988		2.337500
3989		1.668750
3990		2.337500
3991		3.618750
3992		3.706250
3993		4.081250
3994		5.362500
3995		5.418750
3996		5.043750
3997		5.362500
3998		4.981250
3999		4.225000
4000		4.375000
4001		4.137500
4002		2.600000
4003		3.206250
4004		3.468750
4005		2.362500
4006		2.425000
4007		2.481250
4008		1.693750
4009		1.462500
4010		1.900000
4011		2.012500
4012		1.493750
4013		2.306250
4014		2.687500
4015		2.362500
4016		2.250000
4017		3.093750
4018		3.031250
4019		3.006250
4020		4.312500
4021		3.762500
4022		2.775000
4023		3.118750
4024		2.687500
4025		1.987500
4026		2.043750
4027		1.900000
4028		1.256250
4029		1.318750
4030		1.725000
4031		1.606250
4032		1.375000
4033		2.831250
4034		2.918750
4035		2.162500
4036		2.887500
4037		3.118750
4038		1.900000
4039		2.450000
4040		3.325000
4041		3.031250
4042		2.687500
4043		3.937500
4044		3.531250
4045		2.712500
4046		2.687500
4047		3.206250
4048		2.043750
4049		2.393750
4050		3.500000
4051		3.118750
4052		2.831250
4053		4.050000
4054		3.468750
4055		3.268750
4056		3.731250
4057		3.875000
4058		2.918750
4059		3.643750
4060		3.937500
4061		3.850000
4062		3.937500
4063		4.487500
4064		2.975000
4065		1.725000
4066		1.287500
4067		0.650000
4068		0.500000
4069		2.187500
4070		4.431250
4071		5.568750
4072		6.381250
4073		7.600000
4074		7.225000
4075		7.137500
4076		8.968750
4077		9.843750
4078		9.143750
4079		9.031250
4080		8.793750
4081		6.237500
4082		3.762500
4083		2.393750
4084		0.412500
4085		-1.912500
4086		-1.681250
4087		-0.281250
4088		0.150000
4089		2.568750
4090		4.112500
4091		3.762500
4092		3.618750
4093		4.518750
4094		3.643750
4095		3.618750
4096		6.468750
4097		6.700000
4098		7.281250
4099		8.125000
4100		8.275000
4101		6.818750
4102		4.925000
4103		3.937500
4104		1.256250
4105		-0.893750
4106		-1.243750
4107		-1.537500
4108		-1.187500
4109		0.618750
4110		3.325000
4111		5.568750
4112		7.256250
4113		9.931250
4114		10.918750
4115		10.806250
4116		12.231250
4117		12.493750
4118		11.443750
4119		10.775000
4120		10.456250
4121		7.718750
4122		5.243750
4123		4.662500
4124		1.781250
4125		-1.012500
4126		-1.187500
4127		-2.087500
4128		-2.468750
4129		-3.543750
4130		-2.437500
4131		-2.493750
4132		-1.968750
4133		0.587500
4134		2.393750
4135		3.206250
4136		6.668750
4137		8.737500
4138		9.381250
4139		9.437500
4140		10.337500
4141		9.700000
4142		8.037500
4143		7.893750
4144		6.700000
4145		4.575000
4146		3.500000
4147		3.762500
4148		2.800000
4149		1.956250
4150		2.656250
4151		2.162500
4152		0.006250
4153		-0.018750
4154		-0.400000
4155		-1.625000
4156		-1.737500
4157		-0.312500
4158		0.706250
4159		1.081250
4160		3.181250
4161		4.693750
4162		4.606250
4163		3.906250
4164		4.225000
4165		2.975000
4166		1.868750
4167		2.656250
4168		2.481250
4169		2.187500
4170		3.237500
4171		4.312500
4172		4.487500
4173		4.025000
4174		5.306250
4175		4.981250
4176		3.993750
4177		4.518750
4178		4.693750
4179		3.962500
4180		3.500000
4181		3.962500
4182		2.831250
4183		2.337500
4184		3.443750
4185		3.381250
4186		2.250000
4187		2.625000
4188		2.600000
4189		1.231250
4190		0.412500
4191		0.443750
4192		-0.631250
4193		-1.768750
4194		-2.031250
4195		-1.037500
4196		-1.243750
4197		-0.781250
4198		1.756250
4199		1.956250
4200		1.518750
4201		2.162500
4202		2.275000
4203		0.562500
4204		0.562500
4205		1.318750
4206		0.675000
4207		-0.168750
4208		0.825000
4209		1.431250
4210		0.268750
4211		1.112500
4212		1.606250
4213		0.675000
4214		-0.137500
4215		0.531250
4216		0.356250
4217		-0.862500
4218		-0.543750
4219		0.475000
4220		-0.256250
4221		-0.106250
4222		1.231250
4223		1.843750
4224		1.318750
4225		2.043750
4226		2.862500
4227		1.900000
4228		0.500000
4229		0.850000
4230		0.006250
4231		-1.068750
4232		-0.018750
4233		1.000000
4234		0.500000
4235		0.125000
4236		1.406250
4237		0.706250
4238		-0.862500
4239		-0.456250
4240		0.006250
4241		-1.475000
4242		-1.793750
4243		-0.893750
4244		-1.362500
4245		-2.668750
4246		-2.000000
4247		-1.768750
4248		-2.900000
4249		-3.512500
4250		-2.756250
4251		-3.281250
4252		-4.387500
4253		-3.512500
4254		-3.487500
4255		-4.156250
4256		-3.193750
4257		-1.681250
4258		-1.681250
4259		-1.768750
4260		-0.081250
4261		-0.400000
4262		-1.212500
4263		-0.662500
4264		0.125000
4265		-1.825000
4266		-1.450000
4267		-0.662500
4268		-1.387500
4269		-2.262500
4270		-0.806250
4271		-1.275000
4272		-2.962500
4273		-1.856250
4274		-1.768750
4275		-3.368750
4276		-2.787500
4277		-2.206250
4278		-3.512500
4279		-3.137500
4280		-1.475000
4281		-2.643750
4282		-2.350000
4283		-1.243750
4284		-1.625000
4285		-2.900000
4286		-1.943750
4287		-1.968750
4288		-3.162500
4289		-2.468750
4290		-1.537500
4291		-2.987500
4292		-2.787500
4293		-1.768750
4294		-2.175000
4295		-2.812500
4296		-0.837500
4297		-1.562500
4298		-2.875000
4299		-1.737500
4300		-2.000000
4301		-3.575000
4302		-2.756250
4303		-2.668750
4304		-3.600000
4305		-3.075000
4306		-2.206250
4307		-2.787500
4308		-2.787500
4309		-1.212500
4310		-2.493750
4311		-3.193750
4312		-1.825000
4313		-3.337500
4314		-3.981250
4315		-1.912500
4316		-2.056250
4317		-2.556250
4318		-1.650000
4319		-1.737500
4320		-3.050000
4321		-2.725000
4322		-2.581250
4323		-3.487500
4324		-3.575000
4325		-2.725000
4326		-4.006250
4327		-4.300000
4328		-3.137500
4329		-3.831250
4330		-4.937500
4331		-3.281250
4332		-4.506250
4333		-4.968750
4334		-4.156250
4335		-4.531250
4336		-5.518750
4337		-5.287500
4338		-5.000000
4339		-5.231250
4340		-5.406250
4341		-4.850000
4342		-5.931250
4343		-5.756250
4344		-4.387500
4345		-6.043750
4346		-5.812500
4347		-4.737500
4348		-5.637500
4349		-6.106250
4350		-4.443750
4351		-5.900000
4352		-6.712500
4353		-5.668750
4354		-5.606250
4355		-7.356250
4356		-5.518750
4357		-5.143750
4358		-5.756250
4359		-5.175000
4360		-5.550000
4361		-6.975000
4362		-7.212500
4363		-6.568750
4364		-7.818750
4365		-7.706250
4366		-6.862500
4367		-8.518750
4368		-10.350000
4369		-10.500000
4370		-11.693750
4371		-12.712500
4372		-11.106250
4373		-11.431250
4374		-11.956250
4375		-10.556250
4376		-10.262500
4377		-11.193750
4378		-10.206250
4379		-9.593750
4380		-9.218750
4381		-8.168750
4382		-6.106250
4383		-5.550000
4384		-3.656250
4385		-1.881250
4386		-2.350000
4387		-3.775000
4388		-4.093750
4389		-6.537500
4390		-8.200000
4391		-7.793750
4392		-8.343750
4393		-9.393750
4394		-9.075000
4395		-9.012500
4396		-10.500000
4397		-10.237500
4398		-9.393750
4399		-10.412500
4400		-9.481250
4401		-8.550000
4402		-8.900000
4403		-9.012500
4404		-7.300000
4405		-7.125000
4406		-6.625000
4407		-5.493750
4408		-5.812500
4409		-7.093750
4410		-6.975000
4411		-7.762500
4412		-9.418750
4413		-8.956250
4414		-8.987500
4415		-9.975000
4416		-9.768750
4417		-8.725000
4418		-9.075000
4419		-8.375000
4420		-6.775000
4421		-6.568750
4422		-6.862500
4423		-5.756250
4424		-5.900000
4425		-5.931250
4426		-5.375000
4427		-4.850000
4428		-6.218750
4429		-5.087500
4430		-4.737500
4431		-5.756250
4432		-5.900000
4433		-5.668750
4434		-7.037500
4435		-8.143750
4436		-7.556250
4437		-8.637500
4438		-9.100000
4439		-8.518750
4440		-8.112500
4441		-8.200000
4442		-6.625000
4443		-6.162500
4444		-6.512500
4445		-5.350000
4446		-4.125000
4447		-3.775000
4448		-3.075000
4449		-2.056250
4450		-2.581250
4451		-3.400000
4452		-2.900000
4453		-3.918750
4454		-4.443750
4455		-4.443750
4456		-4.937500
4457		-5.956250
4458		-5.843750
4459		-5.318750
4460		-6.393750
4461		-6.625000
4462		-5.987500
4463		-6.862500
4464		-7.237500
4465		-6.018750
4466		-5.550000
4467		-5.606250
4468		-3.806250
4469		-3.137500
4470		-3.368750
4471		-1.968750
4472		-1.912500
4473		-2.318750
4474		-2.262500
4475		-2.000000
4476		-2.350000
4477		-2.612500
4478		-2.056250
4479		-2.812500
4480		-3.862500
4481		-3.075000
4482		-3.743750
4483		-5.056250
4484		-5.375000
4485		-5.550000
4486		-6.337500
4487		-6.368750
4488		-5.287500
4489		-5.462500
4490		-5.262500
4491		-3.981250
4492		-5.000000
4493		-5.375000
4494		-4.650000
4495		-4.825000
4496		-5.406250
4497		-4.793750
4498		-5.406250
4499		-5.668750
4500		-5.843750
4501		-5.606250
4502		-6.831250
4503		-7.237500
4504		-6.425000
4505		-6.712500
4506		-6.831250
4507		-5.725000
4508		-4.825000
4509		-4.881250
4510		-3.456250
4511		-1.881250
4512		-2.031250
4513		-1.475000
4514		-0.518750
4515		-1.100000
4516		-1.450000
4517		-0.281250
4518		0.093750
4519		-0.225000
4520		1.025000
4521		0.356250
4522		-1.737500
4523		-3.137500
4524		-3.425000
4525		-3.981250
4526		-3.775000
4527		-2.581250
4528		-3.950000
4529		-5.462500
4530		-5.987500
4531		-6.337500
4532		-6.918750
4533		-5.025000
4534		-2.643750
4535		-1.793750
4536		-0.606250
4537		1.143750
4538		0.793750
4539		0.300000
4540		0.912500
4541		0.412500
4542		-0.806250
4543		-0.225000
4544		0.737500
4545		0.562500
4546		1.668750
4547		2.393750
4548		0.650000
4549		-1.331250
4550		-1.912500
4551		-3.487500
4552		-4.443750
4553		-2.581250
4554		-1.212500
4555		-0.518750
4556		1.143750
4557		3.412500
4558		4.200000
4559		4.781250
4560		6.175000
4561		4.431250
4562		1.725000
4563		0.325000
4564		-1.187500
4565		-3.193750
4566		-2.787500
4567		-1.593750
4568		-2.406250
4569		-2.643750
4570		-1.625000
4571		-2.900000
4572		-3.918750
4573		-3.312500
4574		-2.700000
4575		-2.437500
4576		0.150000
4577		2.306250
4578		2.743750
4579		3.206250
4580		4.487500
4581		3.381250
4582		2.600000
4583		2.656250
4584		1.781250
4585		0.212500
4586		0.212500
4587		0.268750
4588		-0.837500
4589		-1.331250
4590		-0.168750
4591		-0.106250
4592		-0.456250
4593		0.737500
4594		1.693750
4595		1.581250
4596		3.062500
4597		4.137500
4598		3.412500
4599		3.206250
4600		3.762500
4601		2.625000
4602		1.987500
4603		2.250000
4604		2.337500
4605		1.168750
4606		1.668750
4607		2.306250
4608		1.000000
4609		1.056250
4610		2.131250
4611		1.725000
4612		0.850000
4613		1.318750
4614		1.931250
4615		1.143750
4616		2.012500
4617		3.325000
4618		3.031250
4619		2.337500
4620		2.743750
4621		2.537500
4622		0.268750
4623		0.443750
4624		0.150000
4625		-1.331250
4626		-1.537500
4627		-0.431250
4628		-1.562500
4629		-1.881250
4630		-0.281250
4631		-0.456250
4632		-1.100000
4633		-0.106250
4634		0.212500
4635		-0.312500
4636		-0.343750
4637		1.606250
4638		1.287500
4639		1.431250
4640		2.743750
4641		3.500000
4642		2.043750
4643		2.537500
4644		3.325000
4645		2.218750
4646		1.493750
4647		2.187500
4648		1.231250
4649		0.325000
4650		1.000000
4651		1.462500
4652		0.212500
4653		0.300000
4654		0.912500
4655		-0.281250
4656		-0.862500
4657		0.068750
4658		0.443750
4659		-0.281250
4660		0.443750
4661		1.868750
4662		1.343750
4663		1.200000
4664		2.775000
4665		2.012500
4666		1.518750
4667		2.012500
4668		2.481250
4669		1.668750
4670		1.406250
4671		2.306250
4672		0.356250
4673		0.268750
4674		0.093750
4675		0.125000
4676		-1.068750
4677		-0.368750
4678		0.587500
4679		0.212500
4680		0.387500
4681		1.581250
4682		2.043750
4683		1.143750
4684		1.668750
4685		2.131250
4686		1.606250
4687		2.100000
4688		2.975000
4689		2.743750
4690		2.512500
4691		3.412500
4692		3.675000
4693		2.481250
4694		2.337500
4695		3.293750
4696		2.162500
4697		1.668750
4698		3.268750
4699		2.712500
4700		2.743750
4701		3.181250
4702		4.050000
4703		3.731250
4704		3.118750
4705		3.850000
4706		3.443750
4707		2.887500
4708		4.200000
4709		4.750000
4710		4.343750
4711		3.181250
4712		2.743750
4713		1.956250
4714		0.650000
4715		1.431250
4716		4.375000
4717		4.925000
4718		6.118750
4719		7.837500
4720		7.862500
4721		6.962500
4722		8.593750
4723		10.250000
4724		9.437500
4725		9.318750
4726		9.612500
4727		7.431250
4728		4.550000
4729		3.587500
4730		1.462500
4731		-0.837500
4732		-1.331250
4733		0.325000
4734		0.650000
4735		1.493750
4736		3.706250
4737		4.637500
4738		3.762500
4739		4.112500
4740		5.218750
4741		4.981250
4742		5.218750
4743		7.775000
4744		8.475000
4745		8.300000
4746		8.450000
4747		8.593750
4748		6.468750
4749		4.637500
4750		3.587500
4751		2.187500
4752		-0.575000
4753		-0.312500
4754		0.443750
4755		-0.368750
4756		2.362500
4757		4.781250
4758		6.612500
4759		8.187500
4760		10.893750
4761		12.693750
4762		12.756250
4763		13.043750
4764		13.712500
4765		12.231250
4766		10.687500
4767		11.037500
4768		7.600000
4769		5.418750
4770		4.025000
4771		2.425000
4772		1.231250
4773		-0.081250
4774		-0.193750
4775		-2.231250
4776		-2.556250
4777		-0.806250
4778		-0.806250
4779		0.068750
4780		3.500000
4781		5.625000
4782		6.731250
4783		8.968750
4784		10.568750
4785		10.193750
4786		10.862500
4787		11.387500
4788		9.875000
4789		9.231250
4790		9.612500
4791		7.312500
4792		5.856250
4793		5.737500
4794		4.956250
4795		3.643750
4796		4.781250
4797		4.225000
4798		2.600000
4799		2.743750
4800		2.743750
4801		0.650000
4802		1.081250
4803		2.012500
4804		1.868750
4805		3.150000
4806		5.306250
4807		5.856250
4808		6.031250
4809		6.962500
4810		6.412500
4811		4.606250
4812		5.218750
4813		4.662500
4814		3.093750
4815		4.137500
4816		4.925000
4817		4.137500
4818		5.218750
4819		6.556250
4820		5.887500
4821		6.556250
4822		7.018750
4823		6.612500
4824		6.087500
4825		7.106250
4826		5.825000
4827		4.806250
4828		6.031250
4829		5.418750
4830		4.781250
4831		6.206250
4832		6.412500
4833		5.243750
4834		5.393750
4835		5.131250
4836		2.887500
4837		2.887500
4838		2.600000
4839		0.968750
4840		0.881250
4841		2.187500
4842		1.143750
4843		2.075000
4844		4.400000
4845		4.256250
4846		4.518750
4847		6.031250
4848		5.100000
4849		3.850000
4850		4.806250
4851		4.312500
4852		3.325000
4853		5.068750
4854		5.068750
4855		3.793750
4856		4.868750
4857		5.068750
4858		4.375000
4859		4.518750
4860		5.156250
4861		4.343750
4862		3.762500
4863		4.225000
4864		4.200000
4865		2.800000
4866		4.750000
4867		4.375000
4868		4.081250
4869		6.118750
4870		6.612500
4871		5.912500
4872		6.843750
4873		6.556250
4874		4.868750
4875		4.725000
4876		4.287500
4877		2.512500
4878		3.468750
4879		4.575000
4880		4.137500
4881		4.637500
4882		5.481250
4883		4.518750
4884		3.875000
4885		4.487500
4886		3.206250
4887		2.100000
4888		2.656250
4889		2.775000
4890		2.043750
4891		2.568750
4892		2.306250
4893		1.693750
4894		1.581250
4895		1.318750
4896		0.068750
4897		-0.081250
4898		0.500000
4899		0.006250
4900		0.212500
4901		1.256250
4902		0.562500
4903		0.850000
4904		2.218750
4905		2.600000
4906		2.512500
4907		3.556250
4908		3.875000
4909		3.268750
4910		4.050000
4911		4.637500
4912		2.918750
4913		3.468750
4914		3.793750
4915		2.975000
4916		2.687500
4917		3.468750
4918		2.887500
4919		2.537500
4920		2.975000
4921		2.687500
4922		1.868750
4923		2.362500
4924		1.987500
4925		0.706250
4926		1.725000
4927		2.450000
4928		1.812500
4929		2.187500
4930		3.062500
4931		2.393750
4932		2.450000
4933		3.118750
4934		2.537500
4935		1.756250
4936		2.537500
4937		2.187500
4938		1.581250
4939		2.187500
4940		2.800000
4941		1.956250
4942		2.537500
4943		3.031250
4944		2.306250
4945		2.362500
4946		3.062500
4947		2.100000
4948		1.956250
4949		2.393750
4950		1.287500
4951		1.200000
4952		2.218750
4953		2.425000
4954		1.606250
4955		2.600000
4956		2.743750
4957		1.518750
4958		1.406250
4959		2.162500
4960		1.231250
4961		1.462500
4962		2.775000
4963		2.187500
4964		1.843750
4965		2.831250
4966		2.600000
4967		0.937500
4968		1.518750
4969		1.375000
4970		0.300000
4971		0.562500
4972		0.706250
4973		0.562500
4974		0.212500
4975		0.937500
4976		0.618750
4977		-0.487500
4978		0.325000
4979		-0.081250
4980		-0.487500
4981		-0.225000
4982		-0.137500
4983		-1.331250
4984		-0.981250
4985		-0.631250
4986		-1.450000
4987		-1.650000
4988		-0.631250
4989		-1.681250
4990		-1.737500
4991		-1.362500
4992		-1.068750
4993		-1.856250
4994		-1.562500
4995		-1.156250
4996		-1.625000
4997		-2.206250
4998		-1.562500
4999		-2.668750
5000		-2.875000
5001		-1.593750
5002		-1.650000
5003		-1.650000
5004		-0.518750
5005		-0.225000
5006		-1.387500
5007		-1.881250
5008		-2.000000
5009		-3.575000
5010		-3.106250
5011		-2.556250
5012		-3.137500
5013		-4.156250
5014		-4.587500
5015		-6.131250
5016		-8.025000
5017		-7.881250
5018		-7.906250
5019		-8.637500
5020		-7.325000
5021		-6.481250
5022		-7.150000
5023		-6.687500
5024		-5.518750
5025		-5.956250
5026		-5.843750
5027		-4.181250
5028		-3.225000
5029		-2.318750
5030		-0.518750
5031		1.143750
5032		0.650000
5033		0.443750
5034		-0.081250
5035		-2.525000
5036		-4.706250
5037		-4.881250
5038		-5.606250
5039		-6.162500
5040		-5.462500
5041		-5.606250
5042		-6.337500
5043		-6.193750
5044		-5.812500
5045		-6.106250
5046		-6.687500
5047		-5.637500
5048		-6.075000
5049		-6.512500
5050		-4.968750
5051		-3.862500
5052		-4.006250
5053		-3.225000
5054		-2.468750
5055		-3.718750
5056		-4.531250
5057		-4.331250
5058		-5.693750
5059		-6.425000
5060		-6.218750
5061		-6.800000
5062		-7.531250
5063		-6.656250
5064		-5.025000
5065		-5.637500
5066		-4.531250
5067		-3.487500
5068		-3.487500
5069		-4.006250
5070		-3.050000
5071		-2.493750
5072		-3.487500
5073		-2.056250
5074		-1.793750
5075		-2.056250
5076		-2.406250
5077		-2.087500
5078		-2.843750
5079		-3.918750
5080		-3.575000
5081		-4.156250
5082		-5.956250
5083		-5.843750
5084		-5.493750
5085		-6.162500
5086		-5.843750
5087		-4.650000
5088		-4.762500
5089		-4.737500
5090		-3.831250
5091		-2.525000
5092		-3.018750
5093		-0.925000
5094		-0.018750
5095		-0.312500
5096		-0.431250
5097		0.356250
5098		-1.156250
5099		-1.968750
5100		-1.593750
5101		-1.968750
5102		-3.050000
5103		-2.643750
5104		-2.525000
5105		-3.425000
5106		-3.718750
5107		-3.225000
5108		-4.443750
5109		-5.112500
5110		-4.387500
5111		-3.862500
5112		-4.212500
5113		-2.900000
5114		-1.537500
5115		-1.475000
5116		-1.037500
5117		0.268750
5118		-0.168750
5119		-0.950000
5120		0.125000
5121		0.793750
5122		-0.631250
5123		-0.137500
5124		0.675000
5125		-0.693750
5126		-0.950000
5127		-0.950000
5128		-1.625000
5129		-2.787500
5130		-2.556250
5131		-2.468750
5132		-3.831250
5133		-3.862500
5134		-3.487500
5135		-3.368750
5136		-3.543750
5137		-2.581250
5138		-2.493750
5139		-3.512500
5140		-3.018750
5141		-2.468750
5142		-3.137500
5143		-3.281250
5144		-2.031250
5145		-2.350000
5146		-3.687500
5147		-3.862500
5148		-4.093750
5149		-5.637500
5150		-5.843750
5151		-4.968750
5152		-5.287500
5153		-5.087500
5154		-3.806250
5155		-3.137500
5156		-3.281250
5157		-1.881250
5158		-1.037500
5159		-0.806250
5160		-0.225000
5161		1.431250
5162		1.168750
5163		0.500000
5164		1.812500
5165		2.975000
5166		2.162500
5167		1.493750
5168		1.025000
5169		-1.681250
5170		-3.400000
5171		-2.262500
5172		-1.768750
5173		-2.406250
5174		-2.056250
5175		-2.900000
5176		-5.175000
5177		-6.281250
5178		-5.112500
5179		-4.093750
5180		-3.806250
5181		-1.362500
5182		0.762500
5183		1.431250
5184		2.250000
5185		3.181250
5186		2.100000
5187		0.562500
5188		0.475000
5189		-0.225000
5190		-0.925000
5191		0.150000
5192		2.043750
5193		1.900000
5194		0.650000
5195		-0.168750
5196		-2.118750
5197		-4.793750
5198		-4.506250
5199		-2.962500
5200		-2.700000
5201		-0.950000
5202		1.000000
5203		2.362500
5204		2.800000
5205		4.050000
5206		5.506250
5207		3.937500
5208		2.306250
5209		1.668750
5210		-1.068750
5211		-3.018750
5212		-2.206250
5213		-2.493750
5214		-3.368750
5215		-3.631250
5216		-2.318750
5217		-3.862500
5218		-5.318750
5219		-3.862500
5220		-3.600000
5221		-3.250000
5222		-1.387500
5223		1.756250
5224		2.337500
5225		2.043750
5226		3.293750
5227		3.268750
5228		0.937500
5229		1.375000
5230		1.581250
5231		0.412500
5232		-0.631250
5233		-0.225000
5234		-0.575000
5235		-2.556250
5236		-1.912500
5237		-1.187500
5238		-1.562500
5239		-1.475000
5240		0.500000
5241		1.200000
5242		1.287500
5243		2.600000
5244		3.762500
5245		2.712500
5246		2.043750
5247		2.775000
5248		1.693750
5249		0.443750
5250		1.343750
5251		1.581250
5252		0.531250
5253		0.037500
5254		0.825000
5255		0.093750
5256		-0.487500
5257		0.300000
5258		0.268750
5259		-0.862500
5260		-0.281250
5261		1.081250
5262		0.737500
5263		0.093750
5264		2.306250
5265		1.693750
5266		0.268750
5267		0.650000
5268		0.006250
5269		-1.712500
5270		-1.331250
5271		-1.387500
5272		-2.931250
5273		-2.756250
5274		-1.968750
5275		-2.525000
5276		-2.987500
5277		-1.881250
5278		-2.350000
5279		-2.812500
5280		-1.625000
5281		-1.275000
5282		-2.175000
5283		-1.450000
5284		-0.168750
5285		-0.312500
5286		-0.343750
5287		1.606250
5288		0.562500
5289		0.068750
5290		0.850000
5291		0.443750
5292		-0.950000
5293		-0.312500
5294		-0.718750
5295		-1.912500
5296		-1.793750
5297		-0.718750
5298		-2.262500
5299		-2.206250
5300		-1.625000
5301		-2.612500
5302		-2.931250
5303		-1.537500
5304		-2.406250
5305		-2.812500
5306		-1.418750
5307		-0.950000
5308		-1.768750
5309		-0.718750
5310		-0.487500
5311		-0.981250
5312		-0.137500
5313		0.587500
5314		-0.606250
5315		-0.431250
5316		-0.018750
5317		-1.300000
5318		-2.031250
5319		-1.450000
5320		-2.206250
5321		-3.281250
5322		-1.912500
5323		-3.050000
5324		-3.193750
5325		-1.943750
5326		-2.350000
5327		-2.612500
5328		-1.450000
5329		-1.156250
5330		-2.381250
5331		-1.387500
5332		-0.606250
5333		-1.275000
5334		-0.862500
5335		0.300000
5336		0.125000
5337		0.237500
5338		0.737500
5339		0.268750
5340		-1.012500
5341		0.125000
5342		-0.368750
5343		-1.625000
5344		-0.750000
5345		-0.543750
5346		-1.625000
5347		-0.631250
5348		-0.281250
5349		-1.625000
5350		-0.662500
5351		-0.168750
5352		-1.300000
5353		-0.456250
5354		0.706250
5355		0.093750
5356		0.006250
5357		0.475000
5358		-1.825000
5359		-2.700000
5360		-1.737500
5361		-1.712500
5362		-0.925000
5363		2.187500
5364		2.450000
5365		2.306250
5366		3.706250
5367		3.937500
5368		3.206250
5369		4.837500
5370		5.362500
5371		3.962500
5372		4.256250
5373		3.325000
5374		0.300000
5375		-1.212500
5376		-2.493750
5377		-4.968750
5378		-5.812500
5379		-4.243750
5380		-4.068750
5381		-2.468750
5382		-0.431250
5383		0.150000
5384		-0.662500
5385		0.412500
5386		0.268750
5387		0.181250
5388		1.668750
5389		3.531250
5390		3.875000
5391		5.306250
5392		5.506250
5393		3.556250
5394		2.450000
5395		1.637500
5396		-1.125000
5397		-3.162500
5398		-3.512500
5399		-4.387500
5400		-4.531250
5401		-2.700000
5402		-1.593750
5403		0.268750
5404		2.625000
5405		4.925000
5406		5.156250
5407		7.018750
5408		8.275000
5409		7.662500
5410		7.981250
5411		8.125000
5412		6.325000
5413		4.575000
5414		4.025000
5415		2.162500
5416		-1.156250
5417		-2.206250
5418		-3.512500
5419		-5.606250
5420		-5.437500
5421		-6.131250
5422		-7.150000
5423		-5.900000
5424		-4.793750
5425		-3.631250
5426		-1.943750
5427		0.650000
5428		1.637500
5429		3.443750
5430		5.712500
5431		5.825000
5432		5.625000
5433		6.237500
5434		5.681250
5435		4.025000
5436		3.356250
5437		2.218750
5438		0.562500
5439		0.125000
5440		-0.225000
5441		-1.331250
5442		-0.950000
5443		-0.575000
5444		-1.450000
5445		-2.468750
5446		-2.031250
5447		-3.512500
5448		-4.387500
5449		-3.281250
5450		-2.756250
5451		-1.593750
5452		0.562500
5453		0.912500
5454		1.606250
5455		1.256250
5456		1.900000
5457		0.268750
5458		-0.693750
5459		-0.750000
5460		-1.768750
5461		-1.562500
5462		-0.081250
5463		0.037500
5464		0.212500
5465		1.518750
5466		1.431250
5467		0.937500
5468		1.606250
5469		2.393750
5470		1.693750
5471		1.756250
5472		2.450000
5473		1.375000
5474		0.356250
5475		1.956250
5476		1.431250
5477		1.081250
5478		1.518750
5479		1.431250
5480		0.237500
5481		0.150000
5482		0.006250
5483		-1.450000
5484		-2.318750
5485		-1.912500
5486		-3.512500
5487		-3.281250
5488		-2.468750
5489		-1.856250
5490		-1.593750
5491		0.268750
5492		1.081250
5493		0.412500
5494		0.443750
5495		0.356250
5496		-0.543750
5497		-0.925000
5498		0.037500
5499		-0.631250
5500		-0.693750
5501		0.325000
5502		0.850000
5503		-0.312500
5504		0.531250
5505		0.150000
5506		-0.693750
5507		-0.893750
5508		-0.312500
5509		-0.606250
5510		-0.431250
5511		0.300000
5512		-0.368750
5513		-0.281250
5514		1.056250
5515		1.725000
5516		1.375000
5517		2.131250
5518		2.625000
5519		1.406250
5520		0.562500
5521		0.737500
5522		-0.343750
5523		-0.750000
5524		0.093750
5525		0.125000
5526		-0.431250
5527		0.587500
5528		0.650000
5529		0.006250
5530		-0.081250
5531		0.475000
5532		-0.431250
5533		-1.156250
5534		-0.168750
5535		-0.981250
5536		-1.650000
5537		-0.925000
5538		-0.893750
5539		-2.318750
5540		-2.087500
5541		-1.912500
5542		-3.137500
5543		-3.368750
5544		-2.987500
5545		-3.862500
5546		-4.825000
5547		-3.225000
5548		-2.900000
5549		-2.581250
5550		-1.825000
5551		-0.518750
5552		-0.606250
5553		-0.312500
5554		1.231250
5555		0.762500
5556		0.068750
5557		1.081250
5558		0.737500
5559		-0.081250
5560		0.737500
5561		0.562500
5562		-0.312500
5563		0.006250
5564		0.650000
5565		-0.018750
5566		-0.950000
5567		0.006250
5568		-0.718750
5569		-1.943750
5570		-1.300000
5571		-1.156250
5572		-1.768750
5573		-1.300000
5574		-0.693750
5575		-0.431250
5576		-1.450000
5577		-0.343750
5578		-0.837500
5579		-1.418750
5580		-0.837500
5581		-0.431250
5582		-1.450000
5583		-0.981250
5584		-0.750000
5585		-1.037500
5586		-1.125000
5587		-0.368750
5588		-0.137500
5589		-0.631250
5590		-0.225000
5591		0.150000
5592		-1.275000
5593		-0.750000
5594		-0.225000
5595		-0.893750
5596		-1.681250
5597		-0.781250
5598		-0.631250
5599		-0.862500
5600		0.037500
5601		0.356250
5602		-0.662500
5603		-1.275000
5604		-0.312500
5605		-1.100000
5606		-1.912500
5607		-0.750000
5608		-0.862500
5609		-1.450000
5610		-0.862500
5611		-0.137500
5612		-1.156250
5613		-1.187500
5614		-0.893750
5615		-1.362500
5616		-2.262500
5617		-1.737500
5618		-2.206250
5619		-2.756250
5620		-1.912500
5621		-1.562500
5622		-2.437500
5623		-2.931250
5624		-2.031250
5625		-2.581250
5626		-3.400000
5627		-2.668750
5628		-3.106250
5629		-3.893750
5630		-3.193750
5631		-3.137500
5632		-3.918750
5633		-4.156250
5634		-3.225000
5635		-3.487500
5636		-4.650000
5637		-3.718750
5638		-3.193750
5639		-4.387500
5640		-3.831250
5641		-3.106250
5642		-3.512500
5643		-4.212500
5644		-3.400000
5645		-3.950000
5646		-5.056250
5647		-4.506250
5648		-3.631250
5649		-3.862500
5650		-2.900000
5651		-1.625000
5652		-2.987500
5653		-3.831250
5654		-4.156250
5655		-4.506250
5656		-5.462500
5657		-4.850000
5658		-4.387500
5659		-5.606250
5660		-7.181250
5661		-7.587500
5662		-8.900000
5663		-10.206250
5664		-10.031250
5665		-9.131250
5666		-9.131250
5667		-9.043750
5668		-7.706250
5669		-8.112500
5670		-8.375000
5671		-7.125000
5672		-6.481250
5673		-6.425000
5674		-4.618750
5675		-2.493750
5676		-1.331250
5677		-0.893750
5678		0.212500
5679		-0.518750
5680		-2.700000
5681		-3.950000
5682		-4.356250
5683		-6.281250
5684		-6.568750
5685		-5.693750
5686		-6.306250
5687		-7.325000
5688		-6.950000
5689		-7.062500
5690		-7.906250
5691		-7.150000
5692		-5.987500
5693		-6.512500
5694		-7.093750
5695		-5.693750
5696		-4.968750
5697		-5.350000
5698		-3.687500
5699		-2.406250
5700		-3.162500
5701		-4.093750
5702		-3.575000
5703		-4.506250
5704		-6.018750
5705		-5.956250
5706		-5.000000
5707		-6.337500
5708		-6.393750
5709		-5.462500
5710		-5.606250
5711		-5.900000
5712		-4.356250
5713		-3.368750
5714		-3.600000
5715		-3.225000
5716		-1.793750
5717		-2.468750
5718		-2.812500
5719		-1.881250
5720		-0.981250
5721		-2.262500
5722		-2.262500
5723		-1.275000
5724		-2.350000
5725		-3.456250
5726		-3.137500
5727		-3.918750
5728		-5.262500
5729		-5.756250
5730		-4.675000
5731		-5.493750
5732		-6.131250
5733		-4.356250
5734		-4.006250
5735		-4.531250
5736		-3.456250
5737		-1.881250
5738		-1.562500
5739		-1.037500
5740		0.587500
5741		1.000000
5742		0.268750
5743		0.443750
5744		0.881250
5745		-0.950000
5746		-1.331250
5747		-0.575000
5748		-1.275000
5749		-2.468750
5750		-2.206250
5751		-1.768750
5752		-3.193750
5753		-3.312500
5754		-2.381250
5755		-3.281250
5756		-4.093750
5757		-2.962500
5758		-2.437500
5759		-2.668750
5760		-1.650000
5761		0.412500
5762		0.093750
5763		0.356250
5764		2.075000
5765		1.431250
5766		0.937500
5767		1.375000
5768		1.518750
5769		0.793750
5770		1.143750
5771		1.581250
5772		0.237500
5773		-0.606250
5774		0.150000
5775		-1.187500
5776		-1.968750
5777		-1.650000
5778		-2.262500
5779		-3.137500
5780		-2.056250
5781		-1.418750
5782		-1.881250
5783		-1.562500
5784		-0.575000
5785		-1.243750
5786		-1.300000
5787		-0.281250
5788		-0.781250
5789		-1.506250
5790		-0.781250
5791		-1.593750
5792		-2.493750
5793		-2.612500
5794		-3.250000
5795		-4.212500
5796		-3.368750
5797		-3.225000
5798		-3.456250
5799		-2.643750
5800		-0.950000
5801		0.068750
5802		0.443750
5803		2.625000
5804		2.187500
5805		1.756250
5806		3.062500
5807		2.100000
5808		1.287500
5809		2.743750
5810		3.706250
5811		3.706250
5812		4.693750
5813		4.487500
5814		1.843750
5815		-0.050000
5816		0.006250
5817		-1.187500
5818		-1.100000
5819		0.412500
5820		-0.518750
5821		-2.350000
5822		-2.206250
5823		-3.400000
5824		-4.356250
5825		-1.912500
5826		-0.081250
5827		0.443750
5828		2.600000
5829		3.381250
5830		2.656250
5831		3.325000
5832		3.675000
5833		2.337500
5834		3.062500
5835		3.618750
5836		3.118750
5837		3.937500
5838		6.031250
5839		5.450000
5840		3.850000
5841		2.887500
5842		0.587500
5843		-1.300000
5844		-0.018750
5845		0.825000
5846		1.000000
5847		3.325000
5848		5.100000
5849		5.450000
5850		7.343750
5851		9.175000
5852		7.981250
5853		6.906250
5854		6.237500
5855		2.712500
5856		0.825000
5857		0.881250
5858		0.325000
5859		-0.368750
5860		1.200000
5861		0.706250
5862		-0.225000
5863		0.150000
5864		-0.606250
5865		-1.275000
5866		0.475000
5867		1.956250
5868		2.337500
5869		5.331250
5870		6.818750
5871		6.931250
5872		7.862500
5873		7.862500
5874		6.612500
5875		6.000000
5876		5.593750
5877		4.112500
5878		2.918750
5879		3.268750
5880		2.362500
5881		1.200000
5882		2.537500
5883		2.800000
5884		1.900000
5885		3.500000
5886		4.287500
5887		3.793750
5888		5.306250
5889		6.381250
5890		5.506250
5891		5.450000
5892		5.975000
5893		4.806250
5894		5.100000
5895		6.031250
5896		5.156250
5897		4.868750
5898		6.087500
5899		4.981250
5900		4.518750
5901		5.306250
5902		4.781250
5903		3.993750
5904		4.343750
5905		4.725000
5906		3.731250
5907		4.431250
5908		5.537500
5909		5.043750
5910		5.593750
5911		5.856250
5912		5.506250
5913		4.287500
5914		4.343750
5915		3.181250
5916		1.693750
5917		2.075000
5918		1.668750
5919		0.650000
5920		1.056250
5921		1.581250
5922		0.937500
5923		2.043750
5924		2.800000
5925		2.162500
5926		2.306250
5927		3.093750
5928		2.656250
5929		2.918750
5930		4.781250
5931		5.043750
5932		4.750000
5933		6.087500
5934		6.118750
5935		5.331250
5936		6.062500
5937		5.481250
5938		4.487500
5939		3.962500
5940		4.343750
5941		3.875000
5942		3.181250
5943		3.618750
5944		3.062500
5945		2.481250
5946		3.206250
5947		2.337500
5948		1.868750
5949		2.512500
5950		2.712500
5951		1.956250
5952		3.500000
5953		3.675000
5954		3.062500
5955		3.412500
5956		4.256250
5957		3.468750
5958		3.706250
5959		4.662500
5960		4.375000
5961		3.850000
5962		4.662500
5963		3.875000
5964		2.187500
5965		2.625000
5966		2.537500
5967		1.375000
5968		1.581250
5969		2.187500
5970		2.043750
5971		2.306250
5972		4.081250
5973		3.468750
5974		3.206250
5975		4.081250
5976		3.556250
5977		2.600000
5978		3.412500
5979		3.706250
5980		3.031250
5981		3.643750
5982		4.925000
5983		4.081250
5984		3.706250
5985		4.225000
5986		3.850000
5987		2.975000
5988		3.762500
5989		3.468750
5990		2.887500
5991		3.731250
5992		4.343750
5993		3.618750
5994		4.137500
5995		4.806250
5996		4.225000
5997		3.325000
5998		4.462500
5999		4.081250
6000		3.962500
6001		4.343750
6002		3.993750
6003		2.687500
6004		1.931250
6005		1.725000
6006		0.737500
6007		1.462500
6008		3.762500
6009		4.981250
6010		6.381250
6011		7.718750
6012		8.012500
6013		7.718750
6014		9.381250
6015		10.162500
6016		9.525000
6017		9.843750
6018		9.437500
6019		7.106250
6020		5.100000
6021		3.268750
6022		0.500000
6023		-1.068750
6024		-1.593750
6025		-0.606250
6026		-0.368750
6027		1.518750
6028		3.293750
6029		3.356250
6030		3.531250
6031		3.875000
6032		3.906250
6033		3.468750
6034		5.012500
6035		6.118750
6036		7.050000
6037		8.156250
6038		8.737500
6039		6.756250
6040		5.625000
6041		4.462500
6042		1.725000
6043		-0.225000
6044		-0.575000
6045		-1.068750
6046		-1.625000
6047		0.412500
6048		1.868750
6049		3.181250
6050		5.656250
6051		8.856250
6052		10.018750
6053		11.443750
6054		11.937500
6055		12.112500
6056		11.181250
6057		11.387500
6058		9.462500
6059		6.843750
6060		6.062500
6061		4.050000
6062		1.693750
6063		-0.018750
6064		-0.431250
6065		-2.437500
6066		-3.718750
6067		-3.575000
6068		-3.950000
6069		-4.006250
6070		-2.525000
6071		-0.662500
6072		0.850000
6073		3.325000
6074		6.000000
6075		7.487500
6076		8.275000
6077		9.931250
6078		10.050000
6079		9.056250
6080		8.650000
6081		8.156250
6082		5.975000
6083		4.837500
6084		4.487500
6085		2.481250
6086		1.987500
6087		2.656250
6088		2.043750
6089		0.793750
6090		1.375000
6091		0.212500
6092		-1.187500
6093		-1.475000
6094		-0.893750
6095		-1.037500
6096		-0.518750
6097		1.343750
6098		2.625000
6099		3.031250
6100		4.662500
6101		4.662500
6102		3.381250
6103		3.062500
6104		3.181250
6105		2.187500
6106		1.287500
6107		2.656250
6108		2.975000
6109		2.887500
6110		3.793750
6111		4.431250
6112		4.518750
6113		4.375000
6114		5.100000
6115		4.868750
6116		4.225000
6117		4.550000
6118		4.662500
6119		3.325000
6120		3.412500
6121		3.962500
6122		3.793750
6123		3.325000
6124		3.962500
6125		4.137500
6126		2.537500
6127		2.800000
6128		1.406250
6129		0.268750
6130		-0.400000
6131		-0.400000
6132		-0.606250
6133		-1.475000
6134		0.093750
6135		1.081250
6136		0.762500
6137		2.512500
6138		3.031250
6139		2.831250
6140		2.831250
6141		3.325000
6142		2.450000
6143		1.462500
6144		2.187500
6145		2.218750
6146		1.493750
6147		2.362500
6148		2.712500
6149		2.275000
6150		1.518750
6151		2.481250
6152		1.725000
6153		0.881250
6154		1.518750
6155		1.668750
6156		0.675000
6157		0.325000
6158		1.812500
6159		1.781250
6160		1.462500
6161		3.237500
6162		4.200000
6163		3.206250
6164		3.762500
6165		3.762500
6166		2.975000
6167		1.518750
6168		1.756250
6169		1.287500
6170		0.475000
6171		1.431250
6172		2.337500
6173		1.581250
6174		2.187500
6175		2.337500
6176		1.606250
6177		0.300000
6178		1.025000
6179		0.562500
6180		-0.431250
6181		-0.281250
6182		0.412500
6183		-0.343750
6184		-1.037500
6185		-0.543750
6186		-1.012500
6187		-2.262500
6188		-2.262500
6189		-1.912500
6190		-2.931250
6191		-3.106250
6192		-2.175000
6193		-2.293750
6194		-2.756250
6195		-1.625000
6196		-0.343750
6197		-0.750000
6198		-0.312500
6199		0.793750
6200		0.125000
6201		-0.312500
6202		0.762500
6203		0.500000
6204		-0.225000
6205		-0.081250
6206		0.618750
6207		-0.193750
6208		-0.893750
6209		-0.281250
6210		-0.631250
6211		-2.087500
6212		-1.362500
6213		-0.543750
6214		-1.450000
6215		-2.231250
6216		-1.243750
6217		-1.362500
6218		-2.437500
6219		-1.475000
6220		-0.750000
6221		-0.862500
6222		-1.387500
6223		-0.225000
6224		-0.806250
6225		-1.825000
6226		-1.275000
6227		-0.750000
6228		-1.418750
6229		-2.143750
6230		-0.368750
6231		-0.518750
6232		-1.243750
6233		-0.693750
6234		0.006250
6235		-0.893750
6236		-0.662500
6237		0.150000
6238		-0.781250
6239		-1.881250
6240		-1.737500
6241		-1.331250
6242		-2.262500
6243		-1.825000
6244		-0.343750
6245		-0.862500
6246		-1.387500
6247		-0.631250
6248		-1.187500
6249		-2.875000
6250		-2.493750
6251		-1.593750
6252		-2.087500
6253		-2.293750
6254		-0.662500
6255		-0.806250
6256		-2.056250
6257		-1.187500
6258		-1.243750
6259		-2.787500
6260		-3.050000
6261		-2.493750
6262		-3.137500
6263		-3.487500
6264		-2.725000
6265		-3.075000
6266		-3.656250
6267		-3.400000
6268		-2.931250
6269		-4.212500
6270		-4.443750
6271		-3.543750
6272		-4.068750
6273		-4.937500
6274		-3.775000
6275		-4.006250
6276		-5.375000
6277		-4.737500
6278		-4.506250
6279		-5.725000
6280		-5.462500
6281		-4.825000
6282		-5.231250
6283		-5.462500
6284		-4.093750
6285		-4.793750
6286		-5.437500
6287		-4.881250
6288		-5.437500
6289		-6.625000
6290		-6.250000
6291		-5.725000
6292		-7.006250
6293		-5.868750
6294		-4.531250
6295		-5.000000
6296		-4.675000
6297		-3.806250
6298		-5.087500
6299		-6.600000
6300		-5.843750
6301		-6.950000
6302		-7.006250
6303		-6.281250
6304		-6.537500
6305		-8.812500
6306		-9.481250
6307		-10.031250
6308		-12.012500
6309		-11.837500
6310		-11.256250
6311		-11.431250
6312		-10.700000
6313		-9.306250
6314		-10.206250
6315		-10.118750
6316		-8.812500
6317		-9.218750
6318		-9.100000
6319		-7.412500
6320		-6.131250
6321		-5.350000
6322		-2.468750
6323		-1.362500
6324		-3.137500
6325		-2.875000
6326		-4.093750
6327		-7.531250
6328		-8.518750
6329		-8.231250
6330		-9.243750
6331		-9.537500
6332		-8.143750
6333		-9.162500
6334		-9.656250
6335		-9.243750
6336		-9.393750
6337		-10.062500
6338		-8.987500
6339		-9.331250
6340		-9.743750
6341		-8.693750
6342		-7.731250
6343		-7.706250
6344		-6.306250
6345		-4.937500
6346		-6.975000
6347		-7.150000
6348		-7.037500
6349		-8.750000
6350		-9.100000
6351		-8.550000
6352		-9.537500
6353		-10.293750
6354		-9.481250
6355		-9.712500
6356		-10.118750
6357		-7.968750
6358		-7.587500
6359		-8.112500
6360		-6.537500
6361		-6.306250
6362		-7.531250
6363		-6.018750
6364		-5.231250
6365		-6.193750
6366		-5.493750
6367		-4.825000
6368		-5.987500
6369		-6.306250
6370		-5.987500
6371		-6.975000
6372		-7.675000
6373		-7.125000
6374		-8.400000
6375		-9.393750
6376		-8.812500
6377		-9.481250
6378		-9.743750
6379		-8.312500
6380		-7.618750
6381		-7.993750
6382		-6.162500
6383		-5.087500
6384		-5.200000
6385		-3.512500
6386		-2.612500
6387		-3.106250
6388		-3.687500
6389		-3.018750
6390		-4.093750
6391		-4.587500
6392		-3.981250
6393		-4.737500
6394		-5.693750
6395		-4.737500
6396		-5.693750
6397		-6.712500
6398		-6.481250
6399		-6.625000
6400		-7.793750
6401		-7.850000
6402		-7.006250
6403		-7.037500
6404		-6.481250
6405		-5.112500
6406		-4.762500
6407		-4.475000
6408		-2.931250
6409		-3.018750
6410		-3.425000
6411		-2.350000
6412		-2.318750
6413		-2.875000
6414		-2.406250
6415		-2.556250
6416		-4.006250
6417		-3.806250
6418		-4.443750
6419		-5.200000
6420		-5.437500
6421		-5.175000
6422		-6.368750
6423		-6.131250
6424		-6.193750
6425		-6.712500
6426		-7.062500
6427		-5.931250
6428		-5.956250
6429		-6.106250
6430		-5.868750
6431		-5.200000
6432		-6.337500
6433		-5.606250
6434		-4.881250
6435		-5.350000
6436		-5.406250
6437		-5.437500
6438		-6.831250
6439		-7.412500
6440		-7.212500
6441		-7.618750
6442		-8.256250
6443		-7.268750
6444		-7.300000
6445		-7.468750
6446		-5.406250
6447		-4.300000
6448		-4.737500
6449		-3.656250
6450		-2.437500
6451		-2.118750
6452		-1.681250
6453		-0.893750
6454		-1.387500
6455		-1.737500
6456		0.150000
6457		-0.225000
6458		-1.712500
6459		-2.118750
6460		-4.037500
6461		-5.550000
6462		-5.518750
6463		-4.212500
6464		-4.212500
6465		-5.231250
6466		-5.087500
6467		-6.656250
6468		-8.231250
6469		-7.793750
6470		-7.125000
6471		-5.987500
6472		-3.400000
6473		-1.450000
6474		-1.212500
6475		0.268750
6476		0.912500
6477		0.093750
6478		-0.662500
6479		-0.312500
6480		-2.031250
6481		-1.768750
6482		-0.281250
6483		0.356250
6484		0.587500
6485		0.706250
6486		-0.431250
6487		-3.718750
6488		-4.881250
6489		-4.881250
6490		-4.825000
6491		-4.181250
6492		-1.300000
6493		-0.400000
6494		0.618750
6495		2.393750
6496		4.137500
6497		3.762500
6498		3.706250
6499		2.625000
6500		0.093750
6501		-1.125000
6502		-2.406250
6503		-3.368750
6504		-3.831250
6505		-2.556250
6506		-2.643750
6507		-3.425000
6508		-3.718750
6509		-3.806250
6510		-5.231250
6511		-4.912500
6512		-2.875000
6513		-2.031250
6514		0.181250
6515		2.187500
6516		2.337500
6517		3.006250
6518		2.918750
6519		2.250000
6520		1.000000
6521		0.968750
6522		1.025000
6523		-0.281250
6524		-0.368750
6525		-0.281250
6526		-0.893750
6527		-1.450000
6528		-1.212500
6529		-1.156250
6530		-0.781250
6531		0.212500
6532		1.025000
6533		1.637500
6534		3.556250
6535		3.793750
6536		3.731250
6537		3.031250
6538		2.887500
6539		1.812500
6540		1.168750
6541		2.162500
6542		1.900000
6543		0.737500
6544		1.343750
6545		1.231250
6546		0.500000
6547		1.231250
6548		1.725000
6549		1.000000
6550		1.256250
6551		1.868750
6552		1.637500
6553		0.825000
6554		2.943750
6555		3.062500
6556		2.481250
6557		2.831250
6558		2.275000
6559		0.937500
6560		0.443750
6561		0.412500
6562		-0.368750
6563		-1.243750
6564		-0.312500
6565		-0.400000
6566		-1.593750
6567		-0.431250
6568		-0.312500
6569		-0.862500
6570		-0.343750
6571		0.412500
6572		0.068750
6573		-0.018750
6574		0.937500
6575		1.168750
6576		1.168750
6577		2.337500
6578		2.687500
6579		2.831250
6580		2.012500
6581		2.918750
6582		2.043750
6583		1.431250
6584		1.900000
6585		1.168750
6586		0.587500
6587		1.081250
6588		1.693750
6589		0.268750
6590		0.181250
6591		0.706250
6592		-0.368750
6593		-1.012500
6594		-0.050000
6595		0.300000
6596		-0.225000
6597		0.300000
6598		1.462500
6599		0.850000
6600		1.581250
6601		2.162500
6602		2.043750
6603		2.306250
6604		2.075000
6605		2.537500
6606		0.937500
6607		1.843750
6608		1.693750
6609		0.268750
6610		-0.225000
6611		0.068750
6612		-0.456250
6613		-1.475000
6614		-0.543750
6615		-0.456250
6616		-0.950000
6617		-0.168750
6618		0.443750
6619		0.500000
6620		0.412500
6621		1.375000
6622		0.618750
6623		0.300000
6624		1.668750
6625		2.218750
6626		1.868750
6627		2.075000
6628		3.118750
6629		2.162500
6630		1.606250
6631		1.956250
6632		1.318750
6633		0.706250
6634		1.287500
6635		1.287500
6636		0.737500
6637		1.000000
6638		1.462500
6639		1.606250
6640		1.000000
6641		1.725000
6642		1.956250
6643		1.581250
6644		2.275000
6645		3.850000
6646		3.268750
6647		2.743750
6648		3.062500
6649		1.668750
6650		0.068750
6651		0.006250
6652		1.318750
6653		1.725000
6654		3.762500
6655		6.062500
6656		6.237500
6657		5.506250
6658		6.700000
6659		6.818750
6660		6.643750
6661		7.256250
6662		7.862500
6663		6.556250
6664		4.781250
6665		4.025000
6666		1.493750
6667		-1.300000
6668		-2.143750
6669		-2.206250
6670		-2.931250
6671		-1.125000
6672		1.081250
6673		2.306250
6674		2.600000
6675		3.468750
6676		3.618750
6677		2.568750
6678		3.206250
6679		5.068750
6680		6.031250
6681		6.612500
6682		7.837500
6683		8.187500
6684		5.975000
6685		5.306250
6686		3.587500
6687		1.231250
6688		-0.137500
6689		-0.750000
6690		-1.450000
6691		-1.825000
6692		-0.168750
6693		1.868750
6694		3.237500
6695		5.362500
6696		8.362500
6697		9.437500
6698		9.931250
6699		11.825000
6700		12.518750
6701		11.300000
6702		10.981250
6703		10.743750
6704		8.475000
6705		6.150000
6706		5.012500
6707		3.062500
6708		0.443750
6709		-0.168750
6710		-0.718750
6711		-2.468750
6712		-3.400000
6713		-2.206250
6714		-2.206250
6715		-1.912500
6716		0.500000
6717		2.450000
6718		3.793750
6719		5.362500
6720		8.125000
6721		9.143750
6722		8.681250
6723		9.612500
6724		9.787500
6725		8.650000
6726		7.893750
6727		7.718750
6728		5.887500
6729		3.468750
6730		3.618750
6731		3.268750
6732		2.600000
6733		2.656250
6734		3.875000
6735		2.306250
6736		0.850000
6737		0.500000
6738		0.562500
6739		-0.950000
6740		-0.456250
6741		1.756250
6742		2.337500
6743		3.268750
6744		5.100000
6745		5.887500
6746		4.725000
6747		4.518750
6748		4.431250
6749		2.775000
6750		1.931250
6751		3.181250
6752		2.712500
6753		2.862500
6754		3.793750
6755		4.956250
6756		4.956250
6757		5.156250
6758		5.975000
6759		5.593750
6760		5.068750
6761		6.150000
6762		6.000000
6763		5.100000
6764		5.506250
6765		5.912500
6766		4.606250
6767		4.287500
6768		5.712500
6769		5.156250
6770		4.750000
6771		5.593750
6772		4.375000
6773		2.687500
6774		2.306250
6775		1.987500
6776		0.237500
6777		0.006250
6778		1.168750
6779		1.462500
6780		2.012500
6781		3.937500
6782		4.081250
6783		4.431250
6784		4.981250
6785		4.693750
6786		3.325000
6787		3.706250
6788		4.081250
6789		3.062500
6790		3.618750
6791		5.043750
6792		4.287500
6793		4.200000
6794		5.568750
6795		4.781250
6796		3.937500
6797		5.100000
6798		3.993750
6799		2.712500
6800		3.325000
6801		3.587500
6802		2.656250
6803		3.356250
6804		4.956250
6805		3.962500
6806		4.750000
6807		6.556250
6808		5.943750
6809		5.537500
6810		6.118750
6811		4.868750
6812		3.206250
6813		4.287500
6814		3.093750
6815		2.275000
6816		3.706250
6817		4.400000
6818		3.468750
6819		4.287500
6820		4.837500
6821		3.150000
6822		2.975000
6823		3.793750
6824		2.250000
6825		2.306250
6826		3.118750
6827		2.512500
6828		1.725000
6829		3.268750
6830		2.187500
6831		1.143750
6832		1.900000
6833		0.937500
6834		-0.018750
6835		0.737500
6836		0.443750
6837		-0.662500
6838		-0.168750
6839		0.937500
6840		0.006250
6841		1.725000
6842		3.356250
6843		3.118750
6844		3.325000
6845		4.781250
6846		4.200000
6847		3.962500
6848		4.925000
6849		4.375000
6850		3.237500
6851		4.606250
6852		4.137500
6853		3.325000
6854		3.937500
6855		4.137500
6856		2.656250
6857		3.237500
6858		3.556250
6859		1.900000
6860		2.337500
6861		2.800000
6862		1.781250
6863		1.987500
6864		3.556250
6865		2.425000
6866		2.743750
6867		4.025000
6868		2.975000
6869		2.512500
6870		3.818750
6871		3.293750
6872		2.218750
6873		3.181250
6874		3.062500
6875		2.012500
6876		2.887500
6877		3.556250
6878		2.568750
6879		3.556250
6880		4.137500
6881		3.062500
6882		3.443750
6883		3.443750
6884		2.862500
6885		2.481250
6886		3.093750
6887		2.162500
6888		1.900000
6889		2.743750
6890		3.206250
6891		2.656250
6892		3.206250
6893		3.443750
6894		2.100000
6895		2.075000
6896		2.450000
6897		1.812500
6898		2.187500
6899		2.831250
6900		2.337500
6901		2.218750
6902		3.206250
6903		2.393750
6904		1.725000
6905		2.687500
6906		1.637500
6907		1.056250
6908		1.550000
6909		1.518750
6910		0.762500
6911		1.318750
6912		1.518750
6913		0.650000
6914		0.825000
6915		1.375000
6916		0.500000
6917		0.356250
6918		0.825000
6919		0.387500
6920		0.125000
6921		0.737500
6922		0.150000
6923		-0.081250
6924		-0.168750
6925		-0.018750
6926		-1.068750
6927		0.125000
6928		-0.050000
6929		-1.012500
6930		-0.518750
6931		-0.168750
6932		-1.156250
6933		-0.718750
6934		-0.431250
6935		-1.187500
6936		-1.681250
6937		-1.187500
6938		-1.537500
6939		-1.825000
6940		0.125000
6941		0.500000
6942		-0.281250
6943		0.387500
6944		-0.281250
6945		-2.056250
6946		-1.912500
6947		-1.275000
6948		-1.768750
6949		-2.206250
6950		-2.493750
6951		-4.587500
6952		-6.193750
6953		-6.018750
6954		-6.568750
6955		-7.443750
6956		-6.018750
6957		-5.518750
6958		-5.987500
6959		-5.781250
6960		-4.968750
6961		-5.200000
6962		-5.175000
6963		-3.337500
6964		-2.843750
6965		-2.350000
6966		0.412500
6967		1.550000
6968		1.637500
6969		2.362500
6970		1.756250
6971		-0.806250
6972		-2.056250
6973		-3.050000
6974		-4.706250
6975		-4.968750
6976		-3.718750
6977		-4.300000
6978		-4.968750
6979		-4.562500
6980		-5.200000
6981		-6.368750
6982		-5.518750
6983		-5.112500
6984		-5.581250
6985		-4.881250
6986		-3.831250
6987		-3.775000
6988		-3.250000
6989		-1.506250
6990		-1.912500
6991		-2.556250
6992		-1.881250
6993		-2.725000
6994		-4.037500
6995		-3.862500
6996		-4.006250
6997		-5.437500
6998		-5.375000
6999		-5.143750
7000		-5.262500
7001		-4.937500
7002		-3.368750
7003		-3.075000
7004		-2.787500
7005		-1.768750
7006		-1.737500
7007		-2.556250
7008		-1.681250
7009		-1.156250
7010		-1.737500
7011		-1.387500
7012		-0.456250
7013		-1.475000
7014		-2.437500
7015		-1.506250
7016		-2.700000
7017		-3.918750
7018		-3.806250
7019		-4.418750
7020		-6.043750
7021		-5.581250
7022		-4.737500
7023		-5.175000
7024		-4.356250
7025		-2.962500
7026		-3.075000
7027		-2.875000
7028		-1.156250
7029		-0.456250
7030		-0.543750
7031		0.587500
7032		1.287500
7033		0.650000
7034		0.300000
7035		0.562500
7036		-0.925000
7037		-1.537500
7038		-1.012500
7039		-1.712500
7040		-2.787500
7041		-2.468750
7042		-2.668750
7043		-3.806250
7044		-3.981250
7045		-3.487500
7046		-4.506250
7047		-4.506250
7048		-3.250000
7049		-3.281250
7050		-2.725000
7051		-1.387500
7052		-0.781250
7053		-1.187500
7054		-0.168750
7055		0.475000
7056		0.325000
7057		0.300000
7058		0.912500
7059		0.093750
7060		-0.456250
7061		0.268750
7062		-0.106250
7063		-1.156250
7064		-1.037500
7065		-0.981250
7066		-2.031250
7067		-2.900000
7068		-2.350000
7069		-3.250000
7070		-4.418750
7071		-3.512500
7072		-3.137500
7073		-3.656250
7074		-2.643750
7075		-1.968750
7076		-2.556250
7077		-2.843750
7078		-2.031250
7079		-2.612500
7080		-2.900000
7081		-2.175000
7082		-2.756250
7083		-3.950000
7084		-3.656250
7085		-3.918750
7086		-4.937500
7087		-5.262500
7088		-4.587500
7089		-4.793750
7090		-4.443750
7091		-3.631250
7092		-2.206250
7093		-2.318750
7094		-0.893750
7095		0.300000
7096		-0.281250
7097		-0.081250
7098		0.268750
7099		0.093750
7100		0.475000
7101		2.775000
7102		2.918750
7103		2.250000
7104		1.550000
7105		0.181250
7106		-2.087500
7107		-2.931250
7108		-1.537500
7109		-1.475000
7110		-1.712500
7111		-2.262500
7112		-3.543750
7113		-5.025000
7114		-5.175000
7115		-4.093750
7116		-2.843750
7117		-1.625000
7118		0.587500
7119		1.606250
7120		1.900000
7121		2.975000
7122		2.887500
7123		1.431250
7124		0.737500
7125		0.937500
7126		0.268750
7127		0.825000
7128		2.218750
7129		3.325000
7130		1.812500
7131		1.200000
7132		-0.543750
7133		-1.300000
7134		-3.250000
7135		-1.881250
7136		-1.450000
7137		-0.575000
7138		2.275000
7139		2.218750
7140		3.150000
7141		5.012500
7142		6.587500
7143		5.681250
7144		3.993750
7145		3.293750
7146		0.793750
7147		-1.331250
7148		-1.275000
7149		-0.862500
7150		-1.418750
7151		-1.625000
7152		-0.925000
7153		-2.056250
7154		-2.700000
7155		-2.118750
7156		-1.625000
7157		-1.968750
7158		0.412500
7159		2.131250
7160		3.031250
7161		3.237500
7162		4.431250
7163		4.637500
7164		3.150000
7165		3.118750
7166		3.181250
7167		2.275000
7168		1.287500
7169		1.606250
7170		0.443750
7171		-0.575000
7172		0.212500
7173		0.268750
7174		-0.400000
7175		0.562500
7176		1.956250
7177		2.568750
7178		2.656250
7179		4.343750
7180		4.168750
7181		3.381250
7182		3.875000
7183		3.993750
7184		2.687500
7185		2.218750
7186		2.975000
7187		2.187500
7188		1.231250
7189		1.725000
7190		1.668750
7191		1.287500
7192		1.406250
7193		2.425000
7194		1.931250
7195		1.375000
7196		2.043750
7197		2.100000
7198		1.493750
7199		2.275000
7200		3.062500
7201		2.393750
7202		1.956250
7203		2.218750
7204		1.725000
7205		-0.081250
7206		-0.168750
7207		-0.018750
7208		-1.387500
7209		-2.350000
7210		-1.331250
7211		-1.737500
7212		-2.087500
7213		-1.331250
7214		-0.718750
7215		-1.300000
7216		-1.125000
7217		0.006250
7218		-0.256250
7219		-1.187500
7220		0.212500
7221		1.343750
7222		0.587500
7223		1.000000
7224		2.887500
7225		1.956250
7226		1.000000
7227		1.812500
7228		2.187500
7229		0.300000
7230		0.237500
7231		1.431250
7232		0.562500
7233		-0.575000
7234		0.737500
7235		0.650000
7236		-0.431250
7237		-0.631250
7238		0.300000
7239		-0.281250
7240		-1.275000
7241		-0.137500
7242		-0.225000
7243		-0.893750
7244		0.237500
7245		0.881250
7246		0.650000
7247		-0.281250
7248		1.231250
7249		1.025000
7250		-0.431250
7251		0.412500
7252		0.300000
7253		-0.662500
7254		-0.575000
7255		0.125000
7256		-1.156250
7257		-2.143750
7258		-1.100000
7259		-1.012500
7260		-2.206250
7261		-1.475000
7262		-0.050000
7263		-0.925000
7264		-0.193750
7265		0.881250
7266		0.068750
7267		-0.606250
7268		0.325000
7269		0.356250
7270		-0.718750
7271		0.443750
7272		0.762500
7273		-0.225000
7274		0.300000
7275		1.025000
7276		0.006250
7277		-0.750000
7278		0.125000
7279		-0.518750
7280		-1.331250
7281		-0.575000
7282		-0.168750
7283		-1.243750
7284		-0.225000
7285		0.475000
7286		-0.225000
7287		-0.718750
7288		0.825000
7289		-0.137500
7290		-0.018750
7291		1.581250
7292		0.850000
7293		-0.750000
7294		-0.487500
7295		-1.156250
7296		-2.700000
7297		-1.418750
7298		0.562500
7299		0.737500
7300		2.337500
7301		4.518750
7302		3.731250
7303		3.675000
7304		5.506250
7305		5.593750
7306		5.218750
7307		6.412500
7308		5.418750
7309		3.062500
7310		1.956250
7311		-0.168750
7312		-3.575000
7313		-4.531250
7314		-4.825000
7315		-5.287500
7316		-3.981250
7317		-1.712500
7318		-0.950000
7319		0.037500
7320		1.256250
7321		0.268750
7322		-0.225000
7323		1.318750
7324		1.725000
7325		2.687500
7326		4.981250
7327		5.825000
7328		4.750000
7329		4.806250
7330		3.643750
7331		0.587500
7332		-0.925000
7333		-1.968750
7334		-4.443750
7335		-4.356250
7336		-3.400000
7337		-3.281250
7338		-1.768750
7339		0.356250
7340		1.668750
7341		2.918750
7342		6.150000
7343		7.050000
7344		7.518750
7345		9.000000
7346		8.881250
7347		7.137500
7348		6.643750
7349		5.306250
7350		2.100000
7351		1.143750
7352		-0.193750
7353		-3.137500
7354		-3.743750
7355		-4.418750
7356		-6.337500
7357		-6.831250
7358		-6.337500
7359		-7.150000
7360		-6.600000
7361		-3.831250
7362		-2.725000
7363		-1.187500
7364		1.931250
7365		3.618750
7366		4.025000
7367		6.000000
7368		6.118750
7369		4.575000
7370		5.243750
7371		5.012500
7372		2.537500
7373		1.693750
7374		1.343750
7375		-0.431250
7376		-1.418750
7377		-0.893750
7378		-1.475000
7379		-1.912500
7380		-1.387500
7381		-2.987500
7382		-4.331250
7383		-3.893750
7384		-4.356250
7385		-5.175000
7386		-3.425000
7387		-1.768750
7388		-0.950000
7389		0.006250
7390		1.231250
7391		0.650000
7392		0.618750
7393		0.443750
7394		-1.331250
7395		-1.681250
7396		-1.037500
7397		-1.475000
7398		-1.125000
7399		-0.018750
7400		0.325000
7401		0.268750
7402		1.200000
7403		1.725000
7404		1.168750
7405		1.812500
7406		2.568750
7407		1.200000
7408		1.493750
7409		0.881250
7410		0.356250
7411		0.237500
7412		0.737500
7413		0.650000
7414		0.387500
7415		1.256250
7416		0.500000
7417		-0.431250
7418		-1.331250
7419		-2.381250
7420		-3.718750
7421		-3.831250
7422		-4.006250
7423		-4.850000
7424		-3.743750
7425		-2.262500
7426		-2.206250
7427		-0.718750
7428		0.650000
7429		-0.312500
7430		-0.631250
7431		0.006250
7432		-0.662500
7433		-1.331250
7434		-0.518750
7435		-0.456250
7436		-1.300000
7437		-0.225000
7438		0.093750
7439		-1.068750
7440		-0.893750
7441		-0.431250
7442		-1.068750
7443		-1.243750
7444		-0.543750
7445		-1.243750
7446		-2.143750
7447		-0.368750
7448		-0.950000
7449		-1.593750
7450		-0.168750
7451		0.912500
7452		0.268750
7453		1.143750
7454		1.693750
7455		0.793750
7456		0.006250
7457		0.237500
7458		-0.981250
7459		-1.968750
7460		-0.893750
7461		-1.387500
7462		-1.156250
7463		-0.400000
7464		0.325000
7465		-0.837500
7466		-0.312500
7467		-0.518750
7468		-1.537500
7469		-1.881250
7470		-1.156250
7471		-2.087500
7472		-2.056250
7473		-1.537500
7474		-2.031250
7475		-2.900000
7476		-2.700000
7477		-2.787500
7478		-4.243750
7479		-4.068750
7480		-3.981250
7481		-5.087500
7482		-4.587500
7483		-3.831250
7484		-3.575000
7485		-3.575000
7486		-1.912500
7487		-1.737500
7488		-1.681250
7489		-0.487500
7490		-0.106250
7491		-1.012500
7492		-0.431250
7493		-0.137500
7494		-0.837500
7495		-1.012500
7496		-0.312500
7497		-0.806250
7498		-1.300000
7499		-0.575000
7500		-1.187500
7501		-1.537500
7502		-1.037500
7503		-1.331250
7504		-2.406250
7505		-1.856250
7506		-1.475000
7507		-2.350000
7508		-2.262500
7509		-0.837500
7510		-2.056250
7511		-1.768750
7512		-0.893750
7513		-1.450000
7514		-1.562500
7515		-1.243750
7516		-0.893750
7517		-1.943750
7518		-1.768750
7519		-1.187500
7520		-1.475000
7521		-1.737500
7522		-0.256250
7523		-1.156250
7524		-1.243750
7525		-0.137500
7526		-0.662500
7527		-1.331250
7528		-0.806250
7529		-0.312500
7530		-1.387500
7531		-1.331250
7532		-1.068750
7533		-1.212500
7534		-1.650000
7535		-0.862500
7536		-0.575000
7537		-0.837500
7538		-0.693750
7539		-0.518750
7540		-1.768750
7541		-1.331250
7542		-0.368750
7543		-1.475000
7544		-1.156250
7545		-0.050000
7546		-0.575000
7547		-1.156250
7548		-0.312500
7549		-0.662500
7550		-2.143750
7551		-1.968750
7552		-1.625000
7553		-2.000000
7554		-2.031250
7555		-1.243750
7556		-1.681250
7557		-2.581250
7558		-1.712500
7559		-2.031250
7560		-3.575000
7561		-3.162500
7562		-2.493750
7563		-3.425000
7564		-3.225000
7565		-2.406250
7566		-3.137500
7567		-4.125000
7568		-2.756250
7569		-3.225000
7570		-3.950000
7571		-3.162500
7572		-3.050000
7573		-3.631250
7574		-3.631250
7575		-2.556250
7576		-2.931250
7577		-4.037500
7578		-3.918750
7579		-3.806250
7580		-4.650000
7581		-4.531250
7582		-4.212500
7583		-5.025000
7584		-4.356250
7585		-2.756250
7586		-2.493750
7587		-2.900000
7588		-2.612500
7589		-3.862500
7590		-5.087500
7591		-5.375000
7592		-4.531250
7593		-4.506250
7594		-4.475000
7595		-4.937500
7596		-6.712500
7597		-8.200000
7598		-8.900000
7599		-9.625000
7600		-10.150000
7601		-9.625000
7602		-8.487500
7603		-8.312500
7604		-8.287500
7605		-7.500000
7606		-7.643750
7607		-8.487500
7608		-6.656250
7609		-5.550000
7610		-5.406250
7611		-2.987500
7612		-1.300000
7613		-1.100000
7614		-1.100000
7615		-0.137500
7616		-2.231250
7617		-4.968750
7618		-5.262500
7619		-6.537500
7620		-7.818750
7621		-7.381250
7622		-5.756250
7623		-7.556250
7624		-7.937500
7625		-7.850000
7626		-7.643750
7627		-8.812500
7628		-7.793750
7629		-7.125000
7630		-7.618750
7631		-7.062500
7632		-5.668750
7633		-5.375000
7634		-4.793750
7635		-3.225000
7636		-3.893750
7637		-4.737500
7638		-5.437500
7639		-6.106250
7640		-6.887500
7641		-7.150000
7642		-6.481250
7643		-7.675000
7644		-8.662500
7645		-7.125000
7646		-6.368750
7647		-7.212500
7648		-5.606250
7649		-4.650000
7650		-4.387500
7651		-4.762500
7652		-3.918750
7653		-3.656250
7654		-4.181250
7655		-2.756250
7656		-2.668750
7657		-3.106250
7658		-2.756250
7659		-2.525000
7660		-3.775000
7661		-4.850000
7662		-4.737500
7663		-5.112500
7664		-6.393750
7665		-6.712500
7666		-6.481250
7667		-6.862500
7668		-6.975000
7669		-5.725000
7670		-5.493750
7671		-5.693750
7672		-4.762500
7673		-3.368750
7674		-2.900000
7675		-1.768750
7676		0.037500
7677		-0.281250
7678		-0.750000
7679		-0.837500
7680		-1.187500
7681		-2.437500
7682		-2.318750
7683		-1.881250
7684		-2.406250
7685		-3.018750
7686		-2.318750
7687		-2.931250
7688		-4.531250
7689		-4.387500
7690		-4.006250
7691		-5.200000
7692		-5.462500
7693		-3.981250
7694		-3.575000
7695		-3.543750
7696		-1.825000
7697		-0.631250
7698		-0.662500
7699		-0.518750
7700		1.112500
7701		0.562500
7702		-0.456250
7703		0.968750
7704		1.518750
7705		0.300000
7706		0.387500
7707		1.081250
7708		-0.081250
7709		-1.506250
7710		-1.187500
7711		-1.243750
7712		-3.106250
7713		-3.193750
7714		-2.293750
7715		-3.425000
7716		-3.981250
7717		-2.087500
7718		-2.468750
7719		-3.106250
7720		-2.700000
7721		-1.475000
7722		-2.350000
7723		-2.787500
7724		-1.362500
7725		-1.881250
7726		-3.162500
7727		-2.875000
7728		-2.900000
7729		-3.950000
7730		-5.318750
7731		-4.068750
7732		-4.675000
7733		-5.956250
7734		-4.650000
7735		-3.075000
7736		-2.875000
7737		-2.031250
7738		0.412500
7739		0.825000
7740		0.587500
7741		1.406250
7742		2.250000
7743		1.000000
7744		1.518750
7745		3.237500
7746		3.206250
7747		3.268750
7748		4.225000
7749		2.831250
7750		-0.718750
7751		-1.712500
7752		-1.331250
7753		-2.000000
7754		-2.206250
7755		-0.925000
7756		-2.381250
7757		-4.706250
7758		-4.531250
7759		-4.475000
7760		-4.968750
7761		-2.787500
7762		-0.050000
7763		1.000000
7764		2.043750
7765		4.025000
7766		3.937500
7767		2.481250
7768		2.887500
7769		2.250000
7770		0.587500
7771		1.462500
7772		3.293750
7773		3.937500
7774		4.781250
7775		5.593750
7776		3.356250
7777		-0.018750
7778		-0.862500
7779		-1.593750
7780		-2.406250
7781		-0.193750
7782		2.012500
7783		2.831250
7784		4.400000
7785		7.050000
7786		7.343750
7787		7.518750
7788		7.862500
7789		6.031250
7790		3.150000
7791		2.306250
7792		1.056250
7793		-0.225000
7794		0.356250
7795		0.912500
7796		-0.750000
7797		-0.106250
7798		-0.137500
7799		-1.387500
7800		-1.506250
7801		-0.050000
7802		0.268750
7803		1.000000
7804		3.962500
7805		5.393750
7806		5.068750
7807		6.931250
7808		6.818750
7809		5.362500
7810		5.243750
7811		5.306250
7812		3.587500
7813		3.268750
7814		3.850000
7815		2.275000
7816		1.843750
7817		2.568750
7818		2.075000
7819		1.812500
7820		3.268750
7821		3.325000
7822		3.706250
7823		5.681250
7824		6.293750
7825		5.537500
7826		6.468750
7827		6.031250
7828		4.287500
7829		4.431250
7830		4.606250
7831		3.706250
7832		3.937500
7833		4.781250
7834		3.962500
7835		3.937500
7836		5.012500
7837		4.375000
7838		4.168750
7839		5.393750
7840		4.550000
7841		3.937500
7842		5.306250
7843		5.537500
7844		4.956250
7845		6.325000
7846		6.556250
7847		5.156250
7848		5.362500
7849		5.275000
7850		3.500000
7851		3.181250
7852		2.918750
7853		1.318750
7854		1.900000
7855		2.800000
7856		2.100000
7857		1.693750
7858		3.356250
7859		2.687500
7860		1.956250
7861		3.556250
7862		3.325000
7863		3.031250
7864		4.287500
7865		4.781250
7866		3.937500
7867		5.800000
7868		6.325000
7869		5.068750
7870		5.537500
7871		6.612500
7872		5.537500
7873		5.912500
7874		6.262500
7875		4.893750
7876		4.518750
7877		5.218750
7878		3.937500
7879		3.500000
7880		4.375000
7881		4.050000
7882		2.887500
7883		3.356250
7884		3.268750
7885		2.800000
7886		3.587500
7887		3.937500
7888		3.268750
7889		4.081250
7890		4.200000
7891		3.818750
7892		3.706250
7893		4.868750
7894		4.168750
7895		4.575000
7896		5.362500
7897		4.312500
7898		3.643750
7899		3.850000
7900		3.206250
7901		2.337500
7902		2.831250
7903		2.887500
7904		1.550000
7905		2.831250
7906		3.500000
7907		3.206250
7908		3.618750
7909		4.925000
7910		4.081250
7911		3.937500
7912		4.925000
7913		4.256250
7914		4.200000
7915		5.068750
7916		4.781250
7917		4.750000
7918		5.012500
7919		5.043750
7920		3.850000
7921		4.343750
7922		4.518750
7923		3.443750
7924		3.793750
7925		4.550000
7926		4.112500
7927		4.137500
7928		5.218750
7929		4.487500
7930		4.431250
7931		5.362500
7932		4.925000
7933		3.850000
7934		4.868750
7935		5.568750
7936		5.012500
7937		5.362500
7938		5.243750
7939		3.206250
7940		2.043750
7941		2.831250
7942		2.918750
7943		3.875000
7944		6.350000
7945		7.400000
7946		7.631250
7947		9.118750
7948		9.087500
7949		8.300000
7950		10.050000
7951		10.568750
7952		9.875000
7953		9.525000
7954		8.825000
7955		6.412500
7956		3.618750
7957		2.656250
7958		0.300000
7959		-1.012500
7960		0.181250
7961		1.025000
7962		1.900000
7963		4.112500
7964		4.956250
7965		4.200000
7966		4.575000
7967		4.956250
7968		4.725000
7969		5.418750
7970		7.981250
7971		8.593750
7972		9.206250
7973		9.525000
7974		8.506250
7975		6.731250
7976		5.593750
7977		3.206250
7978		1.143750
7979		0.068750
7980		-0.137500
7981		-0.256250
7982		0.500000
7983		2.537500
7984		4.287500
7985		6.087500
7986		8.706250
7987		10.193750
7988		10.918750
7989		12.375000
7990		13.018750
7991		12.200000
7992		11.531250
7993		10.950000
7994		9.031250
7995		6.875000
7996		6.412500
7997		3.500000
7998		1.318750
7999		0.825000
8000		-0.631250
8001		-2.350000
8002		-2.756250
8003		-2.931250
8004		-3.137500
8005		-1.793750
8006		0.150000
8007		1.931250
8008		3.556250
8009		6.381250
8010		7.662500
8011		8.650000
8012		10.050000
8013		10.050000
8014		9.231250
8015		9.406250
8016		8.912500
8017		6.731250
8018		5.887500
8019		5.218750
8020		3.618750
8021		2.450000
8022		3.181250
8023		2.481250
8024		1.550000
8025		2.568750
8026		1.287500
8027		-0.631250
8028		-0.487500
8029		-0.343750
8030		-1.012500
8031		0.006250
8032		1.756250
8033		2.687500
8034		3.443750
8035		5.068750
8036		5.218750
8037		3.706250
8038		3.587500
8039		3.206250
8040		1.581250
8041		1.518750
8042		2.250000
8043		2.450000
8044		2.600000
8045		4.312500
8046		4.225000
8047		4.081250
8048		4.693750
8049		5.450000
8050		4.200000
8051		4.806250
8052		5.187500
8053		4.518750
8054		3.531250
8055		4.400000
8056		3.587500
8057		2.775000
8058		3.731250
8059		3.993750
8060		2.775000
8061		3.031250
8062		3.031250
8063		1.406250
8064		-0.050000
8065		0.068750
8066		-0.806250
8067		-1.856250
8068		-1.012500
8069		-0.456250
8070		-0.662500
8071		1.143750
8072		2.831250
8073		2.600000
8074		2.512500
8075		3.531250
8076		2.800000
8077		1.518750
8078		2.743750
8079		2.450000
8080		1.637500
8081		2.250000
8082		2.600000
8083		2.600000
8084		2.075000
8085		3.006250
8086		2.337500
8087		1.518750
8088		1.868750
8089		2.043750
8090		0.650000
8091		0.850000
8092		1.406250
8093		0.793750
8094		1.168750
8095		3.181250
8096		3.443750
8097		2.862500
8098		4.050000
8099		3.531250
8100		2.743750
8101		2.187500
8102		2.043750
8103		1.000000
8104		0.356250
8105		1.931250
8106		1.550000
8107		1.287500
8108		2.537500
8109		3.031250
8110		1.756250
8111		1.462500
8112		1.493750
8113		0.587500
8114		-0.081250
8115		1.318750
8116		1.025000
8117		-0.281250
8118		0.531250
8119		0.562500
8120		-0.662500
8121		-1.012500
8122		-0.312500
8123		-1.625000
8124		-2.175000
8125		-1.737500
8126		-1.275000
8127		-2.668750
8128		-1.450000
8129		-0.750000
8130		-1.650000
8131		-0.518750
8132		1.112500
8133		1.143750
8134		0.500000
8135		2.043750
8136		2.218750
8137		1.431250
8138		1.637500
8139		2.012500
8140		1.200000
8141		0.562500
8142		1.493750
8143		0.737500
8144		0.068750
8145		1.081250
8146		1.000000
8147		-0.281250
8148		-0.431250
8149		0.587500
8150		-0.487500
8151		-1.100000
8152		0.068750
8153		0.037500
8154		-1.243750
8155		-0.050000
8156		0.825000
8157		0.212500
8158		0.006250
8159		0.968750
8160		0.412500
8161		-0.543750
8162		0.006250
8163		0.300000
8164		-0.312500
8165		-0.487500
8166		1.000000
8167		0.531250
8168		-0.081250
8169		0.737500
8170		0.881250
8171		-0.137500
8172		0.500000
8173		1.081250
8174		-0.193750
8175		-0.431250
8176		0.412500
8177		0.068750
8178		-0.981250
8179		0.356250
8180		0.675000
8181		-0.193750
8182		0.268750
8183		0.793750
8184		-0.137500
8185		-1.187500
8186		-0.543750
8187		-0.225000
8188		-1.331250
8189		-0.718750
8190		0.618750
8191		-0.168750
8192		-0.837500
8193		-1.243750
8194		-2.056250
8195		-2.700000
8196		-1.968750
8197		-2.318750
8198		-3.225000
8199		-2.468750
8200		-2.437500
8201		-3.075000
8202		-3.456250
8203		-2.581250
8204		-3.368750
8205		-4.243750
8206		-3.631250
8207		-3.487500
8208		-4.331250
8209		-4.356250
8210		-3.193750
8211		-4.006250
8212		-4.675000
8213		-3.918750
8214		-3.425000
8215		-4.737500
8216		-4.650000
8217		-3.337500
8218		-4.243750
8219		-4.881250
8220		-3.575000
8221		-4.825000
8222		-5.668750
8223		-5.518750
8224		-3.862500
8225		-4.068750
8226		-4.068750
8227		-2.262500
8228		-3.075000
8229		-4.762500
8230		-5.406250
8231		-4.937500
8232		-5.518750
8233		-5.900000
8234		-4.968750
8235		-5.956250
8236		-8.025000
8237		-8.550000
8238		-9.162500
8239		-10.262500
8240		-11.256250
8241		-9.362500
8242		-9.331250
8243		-10.031250
8244		-9.418750
8245		-8.518750
8246		-9.481250
8247		-9.162500
8248		-7.731250
8249		-6.975000
8250		-6.481250
8251		-4.387500
8252		-2.787500
8253		-2.493750
8254		-1.212500
8255		-0.606250
8256		-3.162500
8257		-5.000000
8258		-5.550000
8259		-7.587500
8260		-8.812500
8261		-7.968750
8262		-7.906250
8263		-8.900000
8264		-8.606250
8265		-8.081250
8266		-9.568750
8267		-10.468750
8268		-8.750000
8269		-8.925000
8270		-9.593750
8271		-8.200000
8272		-8.025000
8273		-8.518750
8274		-6.600000
8275		-5.606250
8276		-6.218750
8277		-6.393750
8278		-6.043750
8279		-7.412500
8280		-8.750000
8281		-7.850000
8282		-8.575000
8283		-9.975000
8284		-9.393750
8285		-9.306250
8286		-10.062500
8287		-8.812500
8288		-7.325000
8289		-7.356250
8290		-6.625000
8291		-5.462500
8292		-6.512500
8293		-6.043750
8294		-4.587500
8295		-5.350000
8296		-5.581250
8297		-4.300000
8298		-4.356250
8299		-5.900000
8300		-5.462500
8301		-5.693750
8302		-7.531250
8303		-7.300000
8304		-7.443750
8305		-9.218750
8306		-8.868750
8307		-8.400000
8308		-9.243750
8309		-8.868750
8310		-7.181250
8311		-7.150000
8312		-6.975000
8313		-5.287500
8314		-4.825000
8315		-4.618750
8316		-3.106250
8317		-2.612500
8318		-3.312500
8319		-2.668750
8320		-2.931250
8321		-4.300000
8322		-4.243750
8323		-4.125000
8324		-5.462500
8325		-5.350000
8326		-4.825000
8327		-5.812500
8328		-6.337500
8329		-5.725000
8330		-7.006250
8331		-7.993750
8332		-6.625000
8333		-7.325000
8334		-7.731250
8335		-5.843750
8336		-5.175000
8337		-5.287500
8338		-3.425000
8339		-3.425000
8340		-4.125000
8341		-3.456250
8342		-2.206250
8343		-3.806250
8344		-3.631250
8345		-2.468750
8346		-3.400000
8347		-3.806250
8348		-3.075000
8349		-5.112500
8350		-5.087500
8351		-3.862500
8352		-4.937500
8353		-6.393750
8354		-5.781250
8355		-6.337500
8356		-7.993750
8357		-7.125000
8358		-7.037500
8359		-7.643750
8360		-6.450000
8361		-5.550000
8362		-6.887500
8363		-6.625000
8364		-5.931250
8365		-6.862500
8366		-6.712500
8367		-5.725000
8368		-6.712500
8369		-7.443750
8370		-7.006250
8371		-8.143750
8372		-9.450000
8373		-8.550000
8374		-8.637500
8375		-8.956250
8376		-7.556250
8377		-6.687500
8378		-6.975000
8379		-5.262500
8380		-3.806250
8381		-4.443750
8382		-3.337500
8383		-2.493750
8384		-3.193750
8385		-2.931250
8386		-1.450000
8387		-0.981250
8388		-0.750000
8389		-0.081250
8390		-1.737500
8391		-4.268750
8392		-4.850000
8393		-5.200000
8394		-5.987500
8395		-4.093750
8396		-4.912500
8397		-6.831250
8398		-7.993750
8399		-8.200000
8400		-9.306250
8401		-8.662500
8402		-5.987500
8403		-5.262500
8404		-3.718750
8405		-1.331250
8406		-1.537500
8407		-1.275000
8408		-0.750000
8409		-1.387500
8410		-2.643750
8411		-2.725000
8412		-2.175000
8413		-2.175000
8414		-0.487500
8415		0.762500
8416		-0.662500
8417		-2.381250
8418		-3.775000
8419		-6.131250
8420		-6.918750
8421		-5.437500
8422		-4.937500
8423		-3.631250
8424		-1.275000
8425		-0.168750
8426		0.500000
8427		2.043750
8428		2.687500
8429		1.581250
8430		0.412500
8431		-0.718750
8432		-3.137500
8433		-3.806250
8434		-3.981250
8435		-4.443750
8436		-4.968750
8437		-3.512500
8438		-4.331250
8439		-5.375000
8440		-5.112500
8441		-5.112500
8442		-5.843750
8443		-3.806250
8444		-2.262500
8445		-1.243750
8446		-0.137500
8447		1.518750
8448		1.725000
8449		1.343750
8450		2.537500
8451		0.675000
8452		-0.431250
8453		-0.137500
8454		-1.331250
8455		-2.668750
8456		-2.756250
8457		-2.756250
8458		-3.806250
8459		-2.987500
8460		-2.031250
8461		-2.350000
8462		-1.475000
8463		0.150000
8464		1.000000
8465		1.081250
8466		2.775000
8467		2.393750
8468		0.968750
8469		1.375000
8470		1.025000
8471		0.125000
8472		0.587500
8473		1.462500
8474		0.793750
8475		0.587500
8476		0.443750
8477		-0.168750
8478		-0.606250
8479		0.037500
8480		-0.050000
8481		-0.606250
8482		-0.225000
8483		0.212500
8484		-0.137500
8485		0.850000
8486		1.606250
8487		0.968750
8488		1.025000
8489		1.231250
8490		-0.050000
8491		-0.543750
8492		-0.718750
8493		-1.187500
8494		-2.056250
8495		-1.912500
8496		-2.056250
8497		-2.643750
8498		-2.175000
8499		-1.243750
8500		-1.593750
8501		-1.125000
8502		-0.518750
8503		-0.862500
8504		-0.862500
8505		0.387500
8506		0.237500
8507		-0.050000
8508		1.518750
8509		1.756250
8510		1.287500
8511		1.287500
8512		1.987500
8513		1.025000
8514		0.562500
8515		1.143750
8516		0.531250
8517		-0.606250
8518		0.212500
8519		0.325000
8520		-0.837500
8521		0.037500
8522		0.237500
8523		-0.606250
8524		-0.662500
8525		-0.225000
8526		-0.631250
8527		-1.100000
8528		0.093750
8529		0.675000
8530		-0.225000
8531		1.143750
8532		1.493750
8533		0.793750
8534		0.825000
8535		1.606250
8536		1.287500
8537		0.706250
8538		1.518750
8539		0.737500
8540		-0.168750
8541		0.268750
8542		-0.106250
8543		-1.243750
8544		-0.862500
8545		-0.193750
8546		-0.518750
8547		-1.012500
8548		0.412500
8549		0.356250
8550		-0.312500
8551		1.231250
8552		0.937500
8553		0.037500
8554		0.968750
8555		1.493750
8556		1.081250
8557		0.937500
8558		2.537500
8559		2.012500
8560		1.637500
8561		2.512500
8562		2.306250
8563		0.650000
8564		1.431250
8565		1.581250
8566		0.706250
8567		0.881250
8568		2.012500
8569		1.606250
8570		1.200000
8571		2.043750
8572		2.100000
8573		0.937500
8574		1.406250
8575		2.100000
8576		1.693750
8577		2.250000
8578		2.775000
8579		1.781250
8580		0.150000
8581		0.325000
8582		-0.018750
8583		-0.575000
8584		1.581250
8585		3.381250
8586		4.487500
8587		4.868750
8588		6.500000
8589		6.118750
8590		6.237500
8591		7.400000
8592		8.450000
8593		7.193750
8594		7.050000
8595		6.381250
8596		3.850000
8597		1.025000
8598		-0.281250
8599		-2.493750
8600		-3.575000
8601		-2.612500
8602		-1.212500
8603		-1.187500
8604		1.287500
8605		2.218750
8606		1.843750
8607		1.637500
8608		2.275000
8609		2.625000
8610		2.712500
8611		4.487500
8612		6.087500
8613		6.031250
8614		6.700000
8615		6.731250
8616		4.606250
8617		2.306250
8618		1.581250
8619		-0.575000
8620		-2.318750
8621		-2.787500
8622		-1.825000
8623		-1.943750
8624		-0.018750
8625		2.100000
8626		4.575000
8627		5.156250
8628		8.156250
8629		9.143750
8630		8.881250
8631		10.687500
8632		10.631250
8633		9.087500
8634		8.037500
8635		7.431250
8636		5.187500
8637		2.250000
8638		1.025000
8639		-0.256250
8640		-2.437500
8641		-3.400000
8642		-3.193750
8643		-4.793750
8644		-5.175000
8645		-3.918750
8646		-3.775000
8647		-2.700000
8648		-0.081250
8649		2.306250
8650		3.500000
8651		5.393750
8652		7.981250
8653		7.981250
8654		7.981250
8655		8.593750
8656		8.100000
8657		6.381250
8658		5.800000
8659		4.200000
8660		2.625000
8661		1.168750
8662		2.306250
8663		1.431250
8664		0.562500
8665		1.081250
8666		0.762500
8667		-0.950000
8668		-2.381250
8669		-2.143750
8670		-1.968750
8671		-2.643750
8672		-0.368750
8673		0.531250
8674		0.850000
8675		3.031250
8676		4.050000
8677		3.237500
8678		2.425000
8679		2.743750
8680		1.518750
8681		0.125000
8682		0.912500
8683		1.725000
8684		1.843750
8685		1.812500
8686		3.500000
8687		3.356250
8688		3.412500
8689		3.762500
8690		5.012500
8691		4.550000
8692		4.287500
8693		5.100000
8694		4.137500
8695		2.831250
8696		3.556250
8697		3.356250
8698		2.362500
8699		3.062500
8700		4.025000
8701		3.793750
8702		3.556250
8703		3.468750
8704		2.481250
8705		0.587500
8706		-0.018750
8707		0.150000
8708		-1.068750
8709		-1.737500
8710		0.212500
8711		0.443750
8712		0.737500
8713		2.481250
8714		3.675000
8715		3.031250
8716		2.450000
8717		3.181250
8718		2.425000
8719		1.200000
8720		2.275000
8721		2.625000
8722		2.537500
8723		2.425000
8724		4.375000
8725		3.118750
8726		2.537500
8727		2.568750
8728		2.887500
8729		2.275000
8730		1.606250
8731		2.831250
8732		1.781250
8733		1.143750
8734		2.100000
8735		2.687500
8736		2.162500
8737		2.687500
8738		4.606250
8739		4.050000
8740		3.206250
8741		3.762500
8742		3.818750
8743		1.693750
8744		1.668750
8745		2.687500
8746		1.812500
8747		1.606250
8748		3.206250
8749		2.831250
8750		2.481250
8751		3.206250
8752		3.325000
8753		1.493750
8754		1.518750
8755		2.337500
8756		1.493750
8757		0.737500
8758		1.581250
8759		1.231250
8760		0.125000
8761		0.650000
8762		0.968750
8763		0.150000
8764		-0.662500
8765		0.618750
8766		-0.343750
8767		-0.837500
8768		0.068750
8769		-0.256250
8770		-0.312500
8771		0.968750
8772		2.012500
8773		1.375000
8774		2.775000
8775		3.731250
8776		2.775000
8777		2.537500
8778		3.618750
8779		2.743750
8780		2.131250
8781		2.918750
8782		2.918750
8783		2.043750
8784		3.181250
8785		3.062500
8786		1.900000
8787		1.987500
8788		2.512500
8789		1.462500
8790		1.143750
8791		2.481250
8792		1.693750
8793		1.431250
8794		2.687500
8795		2.625000
8796		1.931250
8797		2.687500
8798		3.062500
8799		1.756250
8800		2.275000
8801		2.687500
8802		1.606250
8803		2.162500
8804		2.687500
8805		1.581250
8806		1.462500
8807		2.918750
8808		1.931250
8809		1.812500
8810		3.356250
8811		2.800000
8812		2.100000
8813		3.468750
8814		2.975000
8815		1.581250
8816		2.568750
8817		2.012500
8818		1.318750
8819		1.550000
8820		2.012500
8821		1.606250
8822		2.393750
8823		3.381250
8824		2.100000
8825		2.075000
8826		2.687500
8827		1.581250
8828		0.881250
8829		2.250000
8830		1.956250
8831		1.668750
8832		3.762500
8833		3.150000
8834		2.187500
8835		2.743750
8836		2.043750
8837		0.706250
8838		1.318750
8839		1.318750
8840		0.443750
8841		0.562500
8842		1.725000
8843		0.531250
8844		0.500000
8845		1.375000
8846		0.356250
8847		-0.400000
8848		1.287500
8849		0.531250
8850		-0.312500
8851		0.968750
8852		0.937500
8853		-0.281250
8854		0.762500
8855		0.762500
8856		-0.281250
8857		-0.081250
8858		0.325000
8859		-0.718750
8860		0.268750
8861		0.475000
8862		-0.168750
8863		-0.431250
8864		0.443750
8865		-0.893750
8866		-1.212500
8867		-0.575000
8868		-1.387500
8869		-1.712500
8870		0.325000
8871		0.675000
8872		0.443750
8873		1.143750
8874		0.650000
8875		-1.912500
8876		-1.593750
8877		-1.506250
8878		-2.406250
8879		-1.650000
8880		-1.625000
8881		-3.631250
8882		-4.531250
8883		-4.587500
8884		-6.393750
8885		-7.006250
8886		-5.987500
8887		-6.075000
8888		-6.131250
8889		-4.587500
8890		-4.587500
8891		-5.000000
8892		-4.356250
8893		-3.575000
8894		-3.425000
8895		-1.593750
8896		0.268750
8897		0.618750
8898		2.306250
8899		3.618750
8900		2.600000
8901		0.937500
8902		0.618750
8903		-2.206250
8904		-3.106250
8905		-3.337500
8906		-3.631250
8907		-4.418750
8908		-3.656250
8909		-3.981250
8910		-5.025000
8911		-4.675000
8912		-4.181250
8913		-5.262500
8914		-4.587500
8915		-3.656250
8916		-3.950000
8917		-3.631250
8918		-2.118750
8919		-1.881250
8920		-1.300000
8921		-0.312500
8922		-0.718750
8923		-1.968750
8924		-2.056250
8925		-2.612500
8926		-4.356250
8927		-4.243750
8928		-3.918750
8929		-4.587500
8930		-4.675000
8931		-3.893750
8932		-3.512500
8933		-2.643750
8934		-0.925000
8935		-1.681250
8936		-1.387500
8937		-0.137500
8938		-0.781250
8939		-1.243750
8940		-0.543750
8941		0.356250
8942		-0.343750
8943		0.443750
8944		0.706250
8945		-0.981250
8946		-1.331250
8947		-1.737500
8948		-3.018750
8949		-3.456250
8950		-3.512500
8951		-4.068750
8952		-4.243750
8953		-3.656250
8954		-3.368750
8955		-3.631250
8956		-2.293750
8957		-1.418750
8958		-1.712500
8959		-0.431250
8960		1.143750
8961		1.375000
8962		1.725000
8963		2.337500
8964		1.550000
8965		0.500000
8966		0.850000
8967		0.006250
8968		-1.012500
8969		-0.575000
8970		-0.487500
8971		-1.825000
8972		-1.625000
8973		-1.212500
8974		-2.262500
8975		-3.075000
8976		-2.643750
8977		-3.281250
8978		-3.575000
8979		-1.912500
8980		-1.418750
8981		-1.593750
8982		0.125000
8983		0.937500
8984		0.737500
8985		1.081250
8986		1.956250
8987		1.200000
8988		0.762500
8989		1.900000
8990		1.143750
8991		0.737500
8992		1.462500
8993		0.968750
8994		-0.168750
8995		0.068750
8996		0.150000
8997		-0.925000
8998		-1.387500
8999		-1.418750
9000		-2.175000
9001		-3.106250
9002		-2.031250
9003		-2.406250
9004		-2.962500
9005		-1.712500
9006		-1.037500
9007		-1.825000
9008		-1.593750
9009		-1.300000
9010		-2.056250
9011		-3.225000
9012		-2.231250
9013		-3.050000
9014		-3.981250
9015		-3.575000
9016		-3.687500
9017		-5.175000
9018		-4.356250
9019		-4.356250
9020		-4.506250
9021		-3.893750
9022		-1.881250
9023		-0.662500
9024		-0.925000
9025		0.150000
9026		0.093750
9027		-0.837500
9028		-0.950000
9029		-0.806250
9030		-1.187500
9031		0.968750
9032		3.643750
9033		3.906250
9034		3.962500
9035		3.412500
9036		0.443750
9037		-1.881250
9038		-2.406250
9039		-2.031250
9040		-2.056250
9041		-1.912500
9042		-2.087500
9043		-4.675000
9044		-5.056250
9045		-4.881250
9046		-4.881250
9047		-3.718750
9048		-1.793750
9049		-0.575000
9050		-0.137500
9051		0.650000
9052		1.550000
9053		0.706250
9054		0.937500
9055		1.518750
9056		0.412500
9057		0.587500
9058		1.900000
9059		3.181250
9060		2.712500
9061		2.481250
9062		1.550000
9063		-1.943750
9064		-3.600000
9065		-3.368750
9066		-2.900000
9067		-2.350000
9068		0.587500
9069		1.668750
9070		2.537500
9071		4.431250
9072		5.681250
9073		4.806250
9074		4.806250
9075		3.850000
9076		1.231250
9077		-1.100000
9078		-1.012500
9079		-1.418750
9080		-1.881250
9081		-0.862500
9082		-0.718750
9083		-1.912500
9084		-2.318750
9085		-2.493750
9086		-3.425000
9087		-3.193750
9088		-1.475000
9089		0.325000
9090		0.912500
9091		3.237500
9092		4.200000
9093		4.343750
9094		4.518750
9095		4.375000
9096		3.325000
9097		1.987500
9098		2.393750
9099		1.143750
9100		-0.168750
9101		-0.225000
9102		0.531250
9103		-0.518750
9104		-0.168750
9105		1.581250
9106		0.968750
9107		1.025000
9108		2.743750
9109		2.975000
9110		3.093750
9111		3.706250
9112		3.731250
9113		2.975000
9114		2.512500
9115		3.443750
9116		2.600000
9117		2.743750
9118		3.793750
9119		3.850000
9120		2.600000
9121		2.600000
9122		3.006250
9123		2.393750
9124		2.100000
9125		3.118750
9126		2.625000
9127		1.518750
9128		2.743750
9129		3.531250
9130		3.118750
9131		3.993750
9132		4.837500
9133		3.443750
9134		2.481250
9135		2.831250
9136		1.406250
9137		-0.431250
9138		-0.606250
9139		-0.456250
9140		-1.243750
9141		-1.300000
9142		0.325000
9143		0.356250
9144		-0.312500
9145		0.706250
9146		1.081250
9147		-0.168750
9148		0.300000
9149		1.637500
9150		1.231250
9151		1.143750
9152		3.006250
9153		3.325000
9154		2.918750
9155		3.850000
9156		3.993750
9157		3.443750
9158		2.800000
9159		3.706250
9160		2.425000
9161		0.937500
9162		1.956250
9163		2.162500
9164		0.762500
9165		1.343750
9166		2.393750
9167		1.287500
9168		0.387500
9169		1.231250
9170		1.112500
9171		0.181250
9172		1.025000
9173		1.462500
9174		1.493750
9175		0.356250
9176		2.162500
9177		1.462500
9178		0.650000
9179		1.581250
9180		2.131250
9181		1.025000
9182		1.518750
9183		2.337500
9184		1.725000
9185		0.356250
9186		1.112500
9187		0.268750
9188		-0.950000
9189		-0.631250
9190		0.268750
9191		-0.106250
9192		-0.106250
9193		1.287500
9194		1.168750
9195		0.443750
9196		1.025000
9197		1.231250
9198		0.300000
9199		0.387500
9200		1.056250
9201		0.500000
9202		0.093750
9203		1.168750
9204		1.581250
9205		0.387500
9206		0.325000
9207		1.287500
9208		0.762500
9209		-0.225000
9210		1.375000
9211		1.318750
9212		1.000000
9213		1.168750
9214		2.162500
9215		2.337500
9216		1.056250
9217		1.812500
9218		1.431250
9219		-0.168750
9220		0.500000
9221		2.450000
9222		1.581250
9223		1.000000
9224		1.168750
9225		0.150000
9226		-2.231250
9227		-1.943750
9228		-0.806250
9229		0.356250
9230		1.287500
9231		4.312500
9232		4.981250
9233		4.287500
9234		6.062500
9235		7.431250
9236		6.993750
9237		7.137500
9238		8.275000
9239		7.431250
9240		4.725000
9241		3.118750
9242		1.756250
9243		-1.881250
9244		-3.831250
9245		-3.368750
9246		-3.775000
9247		-3.631250
9248		-1.068750
9249		0.475000
9250		0.268750
9251		0.937500
9252		1.637500
9253		1.168750
9254		0.531250
9255		2.275000
9256		3.618750
9257		3.793750
9258		5.450000
9259		6.206250
9260		4.725000
9261		3.443750
9262		3.031250
9263		-0.281250
9264		-2.293750
9265		-2.812500
9266		-4.181250
9267		-5.143750
9268		-3.137500
9269		-0.718750
9270		-0.631250
9271		2.075000
9272		5.306250
9273		6.087500
9274		7.343750
9275		9.350000
9276		9.437500
9277		7.950000
9278		8.706250
9279		7.400000
9280		4.312500
9281		3.325000
9282		1.843750
9283		-1.100000
9284		-2.206250
9285		-3.193750
9286		-5.175000
9287		-6.393750
9288		-6.250000
9289		-7.268750
9290		-7.675000
9291		-5.725000
9292		-4.156250
9293		-3.512500
9294		-0.137500
9295		2.306250
9296		3.206250
9297		5.887500
9298		6.875000
9299		5.887500
9300		6.381250
9301		7.281250
9302		4.925000
9303		3.962500
9304		3.118750
9305		0.850000
9306		-0.862500
9307		-0.925000
9308		-1.243750
9309		-1.912500
9310		-1.187500
9311		-1.450000
9312		-3.687500
9313		-3.400000
9314		-3.656250
9315		-5.200000
9316		-4.475000
9317		-2.843750
9318		-3.075000
9319		-1.156250
9320		0.937500
9321		1.606250
9322		0.912500
9323		2.425000
9324		1.025000
9325		-0.893750
9326		-0.693750
9327		-1.187500
9328		-2.350000
9329		-0.137500
9330		0.531250
9331		-0.081250
9332		0.706250
9333		1.900000
9334		0.650000
9335		1.025000
9336		2.162500
9337		0.937500
9338		0.912500
9339		1.725000
9340		0.412500
9341		0.006250
9342		0.618750
9343		0.150000
9344		-0.368750
9345		0.850000
9346		-0.018750
9347		-0.950000
9348		-0.837500
9349		-1.450000
9350		-3.050000
9351		-3.575000
9352		-4.418750
9353		-5.462500
9354		-5.200000
9355		-3.950000
9356		-4.156250
9357		-3.137500
9358		-1.300000
9359		-1.100000
9360		-1.331250
9361		0.181250
9362		-0.018750
9363		-1.881250
9364		-0.893750
9365		-1.331250
9366		-2.087500
9367		-1.300000
9368		-1.418750
9369		-2.668750
9370		-1.650000
9371		-1.300000
9372		-2.468750
9373		-1.331250
9374		-1.212500
9375		-2.556250
9376		-2.668750
9377		-1.912500
9378		-2.556250
9379		-2.468750
9380		-1.387500
9381		-1.418750
9382		-0.893750
9383		0.825000
9384		0.587500
9385		0.412500
9386		0.793750
9387		-0.168750
9388		-1.650000
9389		-1.825000
9390		-1.562500
9391		-2.756250
9392		-1.968750
9393		-0.662500
9394		-1.362500
9395		-0.981250
9396		-0.343750
9397		-1.650000
9398		-2.118750
9399		-1.506250
9400		-2.206250
9401		-3.075000
9402		-2.556250
9403		-2.843750
9404		-4.037500
9405		-3.425000
9406		-3.775000
9407		-4.587500
9408		-4.737500
9409		-4.506250
9410		-4.912500
9411		-4.825000
9412		-4.531250
9413		-5.262500
9414		-5.025000
9415		-3.718750
9416		-4.037500
9417		-3.575000
9418		-2.031250
9419		-2.000000
9420		-2.056250
9421		-1.362500
9422		-1.243750
9423		-1.912500
9424		-1.450000
9425		-0.950000
9426		-1.943750
9427		-1.968750
9428		-1.450000
9429		-1.912500
9430		-2.231250
9431		-1.793750
9432		-2.525000
9433		-3.225000
9434		-2.556250
9435		-2.843750
9436		-3.512500
9437		-3.137500
9438		-2.468750
9439		-3.425000
9440		-3.050000
9441		-2.056250
9442		-2.931250
9443		-2.556250
9444		-1.475000
9445		-2.318750
9446		-2.175000
9447		-1.712500
9448		-2.056250
9449		-3.106250
9450		-2.350000
9451		-2.175000
9452		-3.050000
9453		-2.000000
9454		-1.387500
9455		-1.968750
9456		-1.968750
9457		-1.156250
9458		-1.881250
9459		-2.406250
9460		-1.737500
9461		-2.468750
9462		-3.193750
9463		-2.262500
9464		-2.406250
9465		-2.700000
9466		-2.231250
9467		-1.331250
9468		-2.175000
9469		-2.262500
9470		-1.681250
9471		-2.437500
9472		-2.787500
9473		-1.912500
9474		-2.143750
9475		-2.206250
9476		-1.387500
9477		-1.362500
9478		-2.031250
9479		-1.562500
9480		-2.000000
9481		-2.931250
9482		-3.162500
9483		-2.612500
9484		-3.193750
9485		-3.368750
9486		-2.406250
9487		-2.931250
9488		-3.656250
9489		-3.075000
9490		-3.162500
9491		-4.068750
9492		-3.543750
9493		-3.225000
9494		-4.125000
9495		-4.212500
9496		-3.337500
9497		-4.006250
9498		-4.587500
9499		-3.425000
9500		-4.156250
9501		-4.937500
9502		-4.587500
9503		-4.300000
9504		-4.937500
9505		-4.156250
9506		-3.862500
9507		-4.300000
9508		-4.587500
9509		-3.806250
9510		-5.112500
9511		-5.318750
9512		-4.300000
9513		-4.650000
9514		-5.350000
9515		-4.068750
9516		-2.843750
9517		-3.337500
9518		-3.162500
9519		-3.106250
9520		-4.587500
9521		-5.668750
9522		-4.675000
9523		-4.300000
9524		-5.262500
9525		-4.762500
9526		-5.406250
9527		-7.793750
9528		-8.606250
9529		-9.331250
9530		-10.350000
9531		-10.093750
9532		-9.043750
9533		-8.750000
9534		-8.693750
9535		-8.143750
9536		-7.556250
9537		-8.312500
9538		-7.762500
9539		-6.250000
9540		-5.900000
9541		-4.387500
9542		-2.000000
9543		-0.981250
9544		0.068750
9545		1.056250
9546		-0.168750
9547		-2.875000
9548		-4.068750
9549		-4.937500
9550		-7.062500
9551		-6.918750
9552		-6.043750
9553		-6.625000
9554		-7.006250
9555		-6.425000
9556		-7.181250
9557		-7.675000
9558		-7.300000
9559		-6.887500
9560		-7.675000
9561		-6.625000
9562		-5.518750
9563		-5.406250
9564		-4.650000
9565		-3.281250
9566		-3.368750
9567		-3.950000
9568		-3.656250
9569		-4.968750
9570		-6.106250
9571		-6.075000
9572		-5.987500
9573		-6.775000
9574		-7.125000
9575		-6.218750
9576		-6.862500
9577		-6.918750
9578		-5.087500
9579		-4.387500
9580		-4.675000
9581		-3.487500
9582		-3.368750
9583		-3.543750
9584		-4.068750
9585		-2.056250
9586		-2.056250
9587		-2.812500
9588		-2.493750
9589		-3.225000
9590		-4.212500
9591		-3.918750
9592		-4.006250
9593		-4.356250
9594		-5.900000
9595		-5.025000
9596		-6.512500
9597		-7.150000
9598		-6.193750
9599		-6.218750
9600		-6.075000
9601		-5.000000
9602		-3.743750
9603		-3.337500
9604		-3.137500
9605		-1.593750
9606		-0.631250
9607		-1.012500
9608		0.093750
9609		0.356250
9610		-1.387500
9611		-1.593750
9612		-1.475000
9613		-2.556250
9614		-2.962500
9615		-2.143750
9616		-2.700000
9617		-3.918750
9618		-3.918750
9619		-4.125000
9620		-5.493750
9621		-5.843750
9622		-5.000000
9623		-5.200000
9624		-5.262500
9625		-3.687500
9626		-3.050000
9627		-3.225000
9628		-2.056250
9629		-0.862500
9630		-1.387500
9631		-0.950000
9632		0.412500
9633		-0.281250
9634		-0.368750
9635		-0.256250
9636		-0.193750
9637		-1.650000
9638		-1.712500
9639		-1.537500
9640		-2.787500
9641		-3.425000
9642		-2.787500
9643		-3.225000
9644		-4.618750
9645		-4.356250
9646		-3.950000
9647		-5.112500
9648		-4.443750
9649		-3.106250
9650		-3.950000
9651		-4.093750
9652		-3.512500
9653		-3.050000
9654		-4.181250
9655		-3.656250
9656		-2.725000
9657		-3.368750
9658		-4.850000
9659		-4.331250
9660		-5.668750
9661		-6.687500
9662		-6.131250
9663		-5.868750
9664		-5.987500
9665		-5.693750
9666		-3.893750
9667		-3.806250
9668		-3.600000
9669		-1.856250
9670		-0.631250
9671		-1.187500
9672		-0.431250
9673		1.025000
9674		0.150000
9675		-0.312500
9676		1.143750
9677		1.375000
9678		1.081250
9679		1.287500
9680		0.181250
9681		-1.912500
9682		-3.368750
9683		-2.875000
9684		-2.875000
9685		-3.368750
9686		-1.768750
9687		-3.193750
9688		-5.518750
9689		-5.956250
9690		-5.175000
9691		-4.737500
9692		-3.718750
9693		-0.806250
9694		0.475000
9695		0.650000
9696		1.637500
9697		3.062500
9698		1.606250
9699		1.025000
9700		0.881250
9701		0.006250
9702		-0.718750
9703		1.168750
9704		2.712500
9705		3.268750
9706		2.250000
9707		1.725000
9708		-0.518750
9709		-3.337500
9710		-3.281250
9711		-1.968750
9712		-1.187500
9713		0.881250
9714		2.918750
9715		3.993750
9716		4.050000
9717		5.681250
9718		6.700000
9719		6.118750
9720		4.168750
9721		3.118750
9722		0.706250
9723		-1.362500
9724		-1.012500
9725		-0.693750
9726		-1.968750
9727		-1.968750
9728		-1.275000
9729		-2.525000
9730		-3.225000
9731		-2.293750
9732		-1.187500
9733		-1.387500
9734		0.387500
9735		2.975000
9736		3.618750
9737		3.587500
9738		5.712500
9739		5.656250
9740		3.762500
9741		3.500000
9742		3.962500
9743		2.337500
9744		1.812500
9745		1.956250
9746		1.493750
9747		-0.256250
9748		0.037500
9749		1.462500
9750		0.500000
9751		1.143750
9752		3.181250
9753		3.381250
9754		3.906250
9755		5.712500
9756		6.756250
9757		4.781250
9758		4.868750
9759		5.131250
9760		4.081250
9761		4.025000
9762		4.662500
9763		4.200000
9764		3.031250
9765		4.137500
9766		3.675000
9767		2.131250
9768		3.181250
9769		4.112500
9770		3.500000
9771		3.356250
9772		4.462500
9773		3.675000
9774		3.500000
9775		5.800000
9776		5.506250
9777		5.131250
9778		5.656250
9779		5.012500
9780		3.412500
9781		3.500000
9782		3.031250
9783		1.637500
9784		1.431250
9785		2.393750
9786		0.737500
9787		1.231250
9788		2.393750
9789		1.518750
9790		2.131250
9791		3.206250
9792		2.450000
9793		2.131250
9794		3.181250
9795		4.225000
9796		3.587500
9797		5.243750
9798		5.681250
9799		5.100000
9800		5.681250
9801		6.412500
9802		5.243750
9803		5.012500
9804		5.450000
9805		4.343750
9806		3.793750
9807		4.868750
9808		3.643750
9809		2.831250
9810		3.556250
9811		3.906250
9812		2.537500
9813		2.831250
9814		3.062500
9815		1.725000
9816		2.450000
9817		3.556250
9818		2.712500
9819		3.325000
9820		4.606250
9821		3.818750
9822		3.325000
9823		5.156250
9824		4.693750
9825		3.618750
9826		5.156250
9827		4.893750
9828		3.706250
9829		4.168750
9830		3.937500
9831		2.306250
9832		2.918750
9833		2.918750
9834		1.756250
9835		2.306250
9836		3.181250
9837		2.743750
9838		2.800000
9839		4.487500
9840		4.081250
9841		3.731250
9842		4.400000
9843		4.137500
9844		3.675000
9845		5.043750
9846		4.956250
9847		4.725000
9848		5.568750
9849		5.943750
9850		4.750000
9851		5.506250
9852		5.481250
9853		4.375000
9854		4.200000
9855		5.131250
9856		4.112500
9857		4.431250
9858		5.481250
9859		4.725000
9860		4.462500
9861		5.800000
9862		5.156250
9863		4.693750
9864		5.737500
9865		5.506250
9866		4.837500
9867		6.556250
9868		6.118750
9869		4.225000
9870		4.137500
9871		3.875000
9872		2.450000
9873		3.675000
9874		5.331250
9875		6.468750
9876		7.487500
9877		9.437500
9878		8.706250
9879		9.000000
9880		10.481250
9881		10.775000
9882		10.456250
9883		11.587500
9884		10.743750
9885		8.650000
9886		7.775000
9887		5.131250
9888		2.043750
9889		0.937500
9890		0.300000
9891		-0.606250
9892		0.850000
9893		3.181250
9894		4.200000
9895		4.956250
9896		6.237500
9897		5.625000
9898		5.043750
9899		5.593750
9900		6.437500
9901		7.081250
9902		9.381250
9903		10.225000
9904		9.668750
9905		9.525000
9906		8.681250
9907		5.887500
9908		3.906250
9909		2.831250
9910		0.793750
9911		0.237500
9912		1.231250
9913		1.581250
9914		2.625000
9915		5.481250
9916		6.843750
9917		8.362500
9918		10.806250
9919		12.318750
9920		12.431250
9921		13.687500
9922		13.656250
9923		12.637500
9924		11.706250
9925		10.368750
9926		8.156250
9927		6.412500
9928		4.893750
9929		2.887500
9930		0.793750
9931		0.443750
9932		-1.012500
9933		-2.381250
9934		-1.768750
9935		-1.125000
9936		-1.825000
9937		0.562500
9938		2.393750
9939		4.200000
9940		6.818750
9941		8.706250
9942		9.756250
9943		10.162500
9944		11.650000
9945		10.893750
9946		9.931250
9947		9.875000
9948		8.618750
9949		6.175000
9950		5.737500
9951		4.725000
9952		3.468750
9953		3.706250
9954		4.431250
9955		3.325000
9956		2.775000
9957		2.975000
9958		1.375000
9959		0.037500
9960		0.587500
9961		0.500000
9962		0.762500
9963		2.800000
9964		4.200000
9965		4.462500
9966		5.800000
9967		6.525000
9968		5.218750
9969		4.431250
9970		4.400000
9971		2.743750
9972		2.100000
9973		3.031250
9974		3.412500
9975		3.268750
9976		5.012500
9977		5.656250
9978		5.012500
9979		5.306250
9980		6.237500
9981		5.656250
9982		5.656250
9983		6.325000
9984		5.306250
9985		4.781250
9986		5.656250
9987		4.518750
9988		4.225000
9989		4.637500
9990		5.012500
9991		3.818750
9992		3.906250
9993		4.343750
9994		2.743750
9995		1.287500
9996		1.668750
9997		0.006250
9998		-0.543750
9999		0.212500
10000		0.325000
