Channel              :		CH1
Frequency            :		  ?
Period               :		  ?
PK-PK                :		37.98mV
Average              :		-0.169mV
Vertical pos         :		1.000000mV
Probe attenuation    :		1X
Voltage per ADC value:		0.001563mV
Time interval        :		10.00000uS

index		CH1_Voltage(mV)
1		-3.775000
2		-2.987500
3		-2.700000
4		-3.487500
5		-2.350000
6		-2.468750
7		-3.281250
8		-2.525000
9		-3.018750
10		-3.250000
11		-2.031250
12		-2.612500
13		-2.700000
14		-1.625000
15		-1.968750
16		-1.825000
17		-0.750000
18		-1.593750
19		-1.625000
20		-0.631250
21		-1.912500
22		-1.768750
23		-1.475000
24		-2.350000
25		-2.437500
26		-1.712500
27		-2.931250
28		-2.175000
29		-2.118750
30		-2.175000
31		-1.418750
32		-0.925000
33		-1.331250
34		-0.575000
35		-0.575000
36		-0.950000
37		0.268750
38		0.125000
39		-0.256250
40		1.231250
41		0.443750
42		1.231250
43		1.056250
44		1.168750
45		0.850000
46		1.668750
47		1.168750
48		1.343750
49		2.306250
50		0.937500
51		1.756250
52		2.306250
53		1.406250
54		1.550000
55		2.187500
56		1.581250
57		1.725000
58		2.187500
59		1.143750
60		1.900000
61		1.431250
62		0.825000
63		1.200000
64		1.025000
65		0.500000
66		0.937500
67		0.650000
68		0.268750
69		0.825000
70		0.587500
71		0.237500
72		0.968750
73		0.562500
74		0.475000
75		1.025000
76		-0.081250
77		-0.431250
78		-0.018750
79		-1.037500
80		-0.981250
81		-0.718750
82		-1.387500
83		-1.068750
84		-0.225000
85		-1.243750
86		-0.456250
87		-0.081250
88		0.125000
89		0.356250
90		0.968750
91		0.268750
92		1.168750
93		1.200000
94		0.356250
95		1.081250
96		1.056250
97		0.475000
98		1.143750
99		1.081250
100		1.168750
101		1.812500
102		1.812500
103		2.012500
104		2.887500
105		2.656250
106		2.712500
107		3.906250
108		3.118750
109		3.381250
110		3.643750
111		3.062500
112		2.887500
113		3.556250
114		2.831250
115		3.237500
116		3.675000
117		2.337500
118		2.625000
119		2.537500
120		1.756250
121		2.775000
122		2.218750
123		1.725000
124		2.075000
125		1.668750
126		1.868750
127		2.393750
128		2.393750
129		2.012500
130		3.118750
131		2.512500
132		2.337500
133		3.500000
134		2.625000
135		2.481250
136		3.325000
137		2.162500
138		3.468750
139		3.093750
140		2.043750
141		2.800000
142		2.712500
143		1.725000
144		2.481250
145		2.275000
146		1.637500
147		2.537500
148		2.337500
149		1.606250
150		2.250000
151		2.337500
152		1.900000
153		1.956250
154		2.162500
155		2.250000
156		3.181250
157		2.537500
158		3.093750
159		3.793750
160		3.031250
161		3.006250
162		3.706250
163		2.600000
164		2.831250
165		2.975000
166		1.931250
167		2.337500
168		2.800000
169		2.162500
170		3.118750
171		3.325000
172		2.943750
173		4.462500
174		4.575000
175		4.287500
176		5.450000
177		5.243750
178		4.956250
179		5.737500
180		5.506250
181		5.331250
182		6.150000
183		5.306250
184		5.825000
185		6.262500
186		5.218750
187		5.800000
188		5.825000
189		4.868750
190		5.187500
191		5.362500
192		4.518750
193		4.868750
194		5.306250
195		4.287500
196		5.218750
197		5.362500
198		4.637500
199		5.712500
200		5.768750
201		5.100000
202		6.000000
203		5.568750
204		5.506250
205		5.681250
206		5.156250
207		5.043750
208		5.481250
209		4.725000
210		4.781250
211		5.393750
212		4.462500
213		5.418750
214		5.362500
215		5.012500
216		5.737500
217		5.825000
218		5.418750
219		5.912500
220		6.175000
221		4.956250
222		5.800000
223		5.712500
224		5.243750
225		5.593750
226		5.362500
227		5.068750
228		6.087500
229		5.506250
230		5.681250
231		6.437500
232		5.943750
233		5.912500
234		6.700000
235		5.768750
236		6.087500
237		6.175000
238		5.593750
239		6.031250
240		6.500000
241		5.681250
242		6.468750
243		6.731250
244		6.412500
245		7.456250
246		7.487500
247		7.575000
248		8.706250
249		8.912500
250		9.206250
251		9.875000
252		9.931250
253		10.137500
254		11.093750
255		10.225000
256		10.050000
257		10.337500
258		9.031250
259		9.175000
260		9.293750
261		9.175000
262		9.525000
263		10.018750
264		9.437500
265		10.425000
266		10.075000
267		9.350000
268		9.437500
269		8.243750
270		6.993750
271		6.262500
272		4.956250
273		3.706250
274		3.500000
275		2.337500
276		2.187500
277		2.775000
278		2.250000
279		2.831250
280		4.312500
281		4.637500
282		5.593750
283		6.556250
284		6.468750
285		7.193750
286		7.631250
287		6.700000
288		7.050000
289		6.612500
290		5.418750
291		6.031250
292		5.331250
293		5.218750
294		6.437500
295		6.437500
296		7.050000
297		8.418750
298		8.593750
299		9.725000
300		11.500000
301		11.968750
302		13.337500
303		14.531250
304		13.800000
305		14.675000
306		15.137500
307		13.625000
308		13.975000
309		12.693750
310		11.325000
311		11.125000
312		9.756250
313		8.506250
314		8.418750
315		7.687500
316		7.400000
317		7.775000
318		6.906250
319		7.081250
320		7.543750
321		6.525000
322		6.643750
323		7.106250
324		6.062500
325		5.943750
326		5.737500
327		4.725000
328		5.243750
329		4.837500
330		4.168750
331		4.637500
332		5.100000
333		5.156250
334		6.031250
335		5.975000
336		6.437500
337		7.281250
338		7.050000
339		7.543750
340		8.068750
341		7.256250
342		7.575000
343		7.487500
344		6.668750
345		7.281250
346		7.281250
347		6.612500
348		7.400000
349		7.575000
350		6.843750
351		7.368750
352		7.400000
353		7.575000
354		8.212500
355		7.837500
356		7.775000
357		8.100000
358		7.137500
359		7.456250
360		7.893750
361		6.325000
362		6.700000
363		6.906250
364		5.681250
365		6.206250
366		5.943750
367		5.306250
368		5.825000
369		5.393750
370		4.575000
371		5.506250
372		5.393750
373		4.400000
374		5.656250
375		5.100000
376		5.393750
377		6.643750
378		5.275000
379		5.800000
380		6.325000
381		5.331250
382		5.768750
383		5.975000
384		5.362500
385		5.912500
386		6.118750
387		5.306250
388		6.237500
389		5.943750
390		5.825000
391		5.975000
392		5.393750
393		5.131250
394		5.656250
395		4.637500
396		4.693750
397		5.012500
398		3.962500
399		3.993750
400		4.081250
401		3.237500
402		3.468750
403		3.762500
404		2.887500
405		3.587500
406		3.443750
407		2.943750
408		3.962500
409		3.412500
410		3.118750
411		3.356250
412		3.293750
413		2.775000
414		3.468750
415		2.043750
416		1.956250
417		2.306250
418		1.318750
419		1.431250
420		2.100000
421		1.581250
422		2.012500
423		2.775000
424		2.162500
425		3.093750
426		2.743750
427		2.943750
428		4.050000
429		3.556250
430		3.556250
431		4.518750
432		2.887500
433		4.050000
434		4.781250
435		3.556250
436		3.675000
437		3.531250
438		2.450000
439		2.250000
440		2.450000
441		1.143750
442		1.256250
443		1.025000
444		-0.106250
445		1.143750
446		1.000000
447		0.737500
448		2.162500
449		1.668750
450		2.393750
451		2.887500
452		2.337500
453		2.393750
454		2.537500
455		1.081250
456		1.343750
457		0.881250
458		-0.456250
459		-0.018750
460		-0.487500
461		-1.450000
462		-0.343750
463		-0.431250
464		-0.368750
465		0.325000
466		0.237500
467		-0.168750
468		-0.312500
469		-1.068750
470		-1.943750
471		-1.737500
472		-3.918750
473		-3.512500
474		-3.775000
475		-4.793750
476		-3.743750
477		-3.193750
478		-3.512500
479		-2.262500
480		-1.737500
481		-1.037500
482		0.387500
483		0.587500
484		1.493750
485		2.918750
486		2.712500
487		3.412500
488		4.137500
489		2.975000
490		2.943750
491		3.150000
492		1.868750
493		1.581250
494		2.043750
495		0.500000
496		1.581250
497		1.518750
498		0.937500
499		2.393750
500		1.956250
501		1.725000
502		2.625000
503		1.431250
504		1.000000
505		0.237500
506		-1.881250
507		-3.050000
508		-4.387500
509		-6.918750
510		-7.706250
511		-9.012500
512		-10.612500
513		-10.468750
514		-11.400000
515		-12.068750
516		-10.787500
517		-11.225000
518		-10.906250
519		-9.418750
520		-9.100000
521		-8.750000
522		-6.975000
523		-7.412500
524		-6.625000
525		-5.693750
526		-5.956250
527		-4.881250
528		-4.531250
529		-4.793750
530		-3.425000
531		-3.337500
532		-2.725000
533		-1.450000
534		-1.275000
535		-0.456250
536		1.112500
537		0.500000
538		1.375000
539		2.012500
540		1.431250
541		1.375000
542		1.756250
543		0.268750
544		0.531250
545		-0.487500
546		-1.825000
547		-1.593750
548		-2.643750
549		-3.337500
550		-2.843750
551		-4.650000
552		-4.506250
553		-4.156250
554		-5.518750
555		-5.493750
556		-4.968750
557		-6.131250
558		-5.987500
559		-6.250000
560		-7.412500
561		-7.150000
562		-7.212500
563		-8.550000
564		-7.125000
565		-7.906250
566		-7.881250
567		-6.625000
568		-7.062500
569		-5.900000
570		-4.618750
571		-4.762500
572		-3.456250
573		-2.756250
574		-2.962500
575		-2.556250
576		-2.700000
577		-4.093750
578		-3.337500
579		-4.587500
580		-5.756250
581		-5.606250
582		-7.212500
583		-7.587500
584		-7.731250
585		-8.575000
586		-8.231250
587		-7.793750
588		-8.375000
589		-7.556250
590		-7.062500
591		-7.300000
592		-6.775000
593		-6.775000
594		-7.300000
595		-6.625000
596		-7.150000
597		-7.587500
598		-7.731250
599		-9.075000
600		-9.768750
601		-9.681250
602		-11.487500
603		-12.037500
604		-12.012500
605		-13.787500
606		-13.612500
607		-13.525000
608		-14.400000
609		-12.768750
610		-12.362500
611		-12.331250
612		-10.150000
613		-10.150000
614		-8.956250
615		-7.356250
616		-7.412500
617		-6.512500
618		-5.462500
619		-6.193750
620		-5.112500
621		-4.531250
622		-5.231250
623		-4.181250
624		-4.300000
625		-4.618750
626		-3.600000
627		-4.506250
628		-4.506250
629		-3.456250
630		-4.243750
631		-4.675000
632		-4.156250
633		-4.968750
634		-5.025000
635		-4.387500
636		-5.756250
637		-4.793750
638		-4.937500
639		-5.693750
640		-4.618750
641		-5.143750
642		-5.781250
643		-5.287500
644		-5.668750
645		-6.043750
646		-5.812500
647		-6.687500
648		-6.743750
649		-6.425000
650		-7.556250
651		-7.881250
652		-7.643750
653		-8.662500
654		-8.956250
655		-8.900000
656		-10.062500
657		-9.681250
658		-10.325000
659		-11.456250
660		-10.500000
661		-11.193750
662		-11.543750
663		-10.525000
664		-10.906250
665		-10.700000
666		-9.162500
667		-9.887500
668		-9.625000
669		-8.056250
670		-9.162500
671		-8.375000
672		-7.731250
673		-8.312500
674		-7.850000
675		-7.268750
676		-8.725000
677		-7.643750
678		-7.793750
679		-8.606250
680		-7.643750
681		-8.287500
682		-8.837500
683		-7.850000
684		-7.937500
685		-8.287500
686		-7.093750
687		-8.025000
688		-7.125000
689		-6.450000
690		-7.237500
691		-6.712500
692		-5.318750
693		-6.075000
694		-5.406250
695		-4.675000
696		-5.175000
697		-5.175000
698		-4.737500
699		-5.606250
700		-5.262500
701		-5.406250
702		-6.512500
703		-6.393750
704		-7.212500
705		-8.312500
706		-7.643750
707		-8.431250
708		-9.743750
709		-8.900000
710		-9.568750
711		-10.237500
712		-9.043750
713		-9.681250
714		-9.306250
715		-8.287500
716		-9.075000
717		-8.606250
718		-7.356250
719		-8.112500
720		-7.675000
721		-6.775000
722		-7.412500
723		-6.950000
724		-6.393750
725		-7.412500
726		-7.062500
727		-6.775000
728		-7.731250
729		-7.125000
730		-6.918750
731		-7.818750
732		-6.831250
733		-6.975000
734		-7.325000
735		-6.193750
736		-5.606250
737		-6.106250
738		-4.762500
739		-4.587500
740		-4.793750
741		-3.312500
742		-3.487500
743		-3.512500
744		-2.556250
745		-3.400000
746		-3.456250
747		-2.700000
748		-3.512500
749		-3.656250
750		-3.162500
751		-4.243750
752		-4.212500
753		-3.806250
754		-4.968750
755		-4.968750
756		-4.181250
757		-5.318750
758		-4.387500
759		-4.006250
760		-4.912500
761		-4.093750
762		-3.456250
763		-4.125000
764		-3.543750
765		-2.787500
766		-3.806250
767		-2.987500
768		-2.756250
769		-3.368750
770		-2.262500
771		-2.318750
772		-3.018750
773		-1.768750
774		-1.650000
775		-2.031250
776		-1.100000
777		-1.362500
778		-1.737500
779		-0.431250
780		-1.187500
781		-1.712500
782		-0.606250
783		-1.506250
784		-1.881250
785		-1.387500
786		-2.206250
787		-2.175000
788		-1.881250
789		-2.787500
790		-2.556250
791		-1.562500
792		-2.031250
793		-1.300000
794		-0.193750
795		-0.893750
796		0.181250
797		1.112500
798		0.443750
799		1.287500
800		1.581250
801		0.825000
802		1.375000
803		1.518750
804		0.356250
805		0.737500
806		0.587500
807		-0.368750
808		0.006250
809		0.300000
810		-0.631250
811		0.531250
812		0.412500
813		-0.018750
814		1.606250
815		1.581250
816		1.462500
817		2.075000
818		1.868750
819		1.725000
820		2.537500
821		1.931250
822		1.868750
823		2.306250
824		1.200000
825		0.500000
826		1.143750
827		0.150000
828		0.356250
829		0.850000
830		-0.168750
831		-0.312500
832		0.562500
833		-0.806250
834		-0.343750
835		0.475000
836		-0.575000
837		-0.168750
838		0.587500
839		-0.606250
840		0.268750
841		0.937500
842		0.037500
843		0.937500
844		1.343750
845		1.025000
846		2.012500
847		2.393750
848		1.868750
849		2.600000
850		2.918750
851		1.868750
852		3.093750
853		2.712500
854		2.187500
855		3.500000
856		2.625000
857		2.743750
858		4.112500
859		4.081250
860		3.556250
861		4.725000
862		4.343750
863		3.500000
864		4.137500
865		3.381250
866		3.268750
867		3.706250
868		3.325000
869		4.081250
870		4.956250
871		4.487500
872		5.043750
873		6.087500
874		5.625000
875		5.656250
876		6.412500
877		5.068750
878		4.956250
879		5.537500
880		4.343750
881		4.312500
882		4.637500
883		3.206250
884		3.993750
885		4.050000
886		3.325000
887		4.050000
888		4.575000
889		3.556250
890		4.081250
891		4.081250
892		2.887500
893		3.468750
894		3.587500
895		2.625000
896		3.500000
897		3.031250
898		2.568750
899		3.762500
900		3.031250
901		2.831250
902		3.556250
903		3.118750
904		2.687500
905		2.975000
906		2.481250
907		2.162500
908		3.181250
909		2.450000
910		2.537500
911		3.556250
912		3.150000
913		3.062500
914		4.081250
915		3.293750
916		3.237500
917		3.937500
918		2.887500
919		2.918750
920		3.706250
921		3.031250
922		3.468750
923		4.137500
924		3.150000
925		4.112500
926		4.200000
927		3.793750
928		4.225000
929		4.287500
930		3.618750
931		4.081250
932		3.731250
933		2.537500
934		3.062500
935		3.118750
936		2.481250
937		3.181250
938		3.325000
939		2.743750
940		3.937500
941		4.050000
942		4.081250
943		4.893750
944		4.550000
945		4.606250
946		5.218750
947		5.506250
948		5.975000
949		6.437500
950		5.887500
951		6.118750
952		7.312500
953		6.587500
954		7.256250
955		7.750000
956		7.081250
957		7.431250
958		7.575000
959		6.756250
960		7.281250
961		7.400000
962		6.843750
963		7.018750
964		6.962500
965		6.668750
966		7.168750
967		7.193750
968		6.468750
969		6.962500
970		6.906250
971		5.856250
972		6.525000
973		6.468750
974		5.681250
975		6.412500
976		5.887500
977		5.481250
978		6.262500
979		5.825000
980		5.912500
981		6.031250
982		5.418750
983		5.156250
984		5.393750
985		4.462500
986		4.725000
987		4.925000
988		3.675000
989		3.556250
990		4.375000
991		3.468750
992		3.818750
993		4.518750
994		3.793750
995		4.400000
996		5.131250
997		5.068750
998		5.656250
999		6.031250
1000		5.068750
1001		6.031250
1002		5.943750
1003		5.131250
1004		5.656250
1005		5.656250
1006		4.693750
1007		5.887500
1008		5.825000
1009		5.887500
1010		6.612500
1011		6.175000
1012		6.756250
1013		7.518750
1014		7.368750
1015		7.600000
1016		8.531250
1017		7.837500
1018		8.037500
1019		8.793750
1020		7.775000
1021		7.718750
1022		7.950000
1023		6.818750
1024		7.281250
1025		7.775000
1026		6.787500
1027		7.168750
1028		7.456250
1029		6.756250
1030		6.875000
1031		6.756250
1032		6.325000
1033		6.843750
1034		6.818750
1035		6.237500
1036		7.193750
1037		6.818750
1038		6.500000
1039		7.050000
1040		6.818750
1041		6.556250
1042		7.431250
1043		6.993750
1044		6.668750
1045		7.106250
1046		6.468750
1047		6.437500
1048		7.487500
1049		6.150000
1050		6.325000
1051		6.906250
1052		5.975000
1053		6.381250
1054		6.556250
1055		5.975000
1056		6.118750
1057		6.031250
1058		5.306250
1059		5.593750
1060		5.887500
1061		5.068750
1062		5.825000
1063		6.262500
1064		5.737500
1065		6.293750
1066		6.381250
1067		6.118750
1068		7.137500
1069		6.906250
1070		6.293750
1071		6.931250
1072		6.731250
1073		5.943750
1074		6.612500
1075		5.825000
1076		5.681250
1077		6.906250
1078		5.768750
1079		6.437500
1080		7.256250
1081		6.756250
1082		7.543750
1083		8.418750
1084		7.718750
1085		8.418750
1086		9.206250
1087		8.212500
1088		9.031250
1089		9.550000
1090		8.650000
1091		9.031250
1092		9.231250
1093		8.300000
1094		8.912500
1095		9.031250
1096		8.531250
1097		9.000000
1098		8.300000
1099		7.925000
1100		8.793750
1101		7.981250
1102		8.275000
1103		8.418750
1104		7.487500
1105		7.256250
1106		8.618750
1107		7.575000
1108		8.068750
1109		8.737500
1110		7.575000
1111		8.068750
1112		8.706250
1113		8.012500
1114		8.012500
1115		7.893750
1116		7.631250
1117		7.925000
1118		7.775000
1119		6.906250
1120		7.775000
1121		7.806250
1122		7.281250
1123		8.187500
1124		7.981250
1125		7.837500
1126		8.418750
1127		8.187500
1128		7.862500
1129		8.531250
1130		7.718750
1131		7.750000
1132		8.068750
1133		7.543750
1134		7.950000
1135		8.156250
1136		7.543750
1137		7.925000
1138		8.506250
1139		8.100000
1140		8.825000
1141		8.912500
1142		8.156250
1143		8.706250
1144		8.881250
1145		7.862500
1146		8.212500
1147		8.275000
1148		7.631250
1149		8.562500
1150		8.362500
1151		8.125000
1152		9.231250
1153		8.531250
1154		9.143750
1155		10.106250
1156		9.962500
1157		10.193750
1158		11.268750
1159		11.006250
1160		11.387500
1161		12.518750
1162		11.968750
1163		12.725000
1164		12.781250
1165		11.881250
1166		12.318750
1167		12.318750
1168		10.893750
1169		11.387500
1170		11.412500
1171		10.687500
1172		11.737500
1173		12.056250
1174		11.412500
1175		12.725000
1176		11.587500
1177		10.950000
1178		11.212500
1179		9.668750
1180		8.450000
1181		8.012500
1182		5.825000
1183		5.243750
1184		4.925000
1185		3.381250
1186		3.993750
1187		4.112500
1188		3.706250
1189		4.868750
1190		6.237500
1191		6.468750
1192		7.400000
1193		8.450000
1194		8.331250
1195		9.143750
1196		9.087500
1197		8.387500
1198		8.681250
1199		8.562500
1200		7.343750
1201		8.012500
1202		7.256250
1203		7.312500
1204		8.012500
1205		7.981250
1206		8.856250
1207		10.250000
1208		10.543750
1209		11.912500
1210		13.250000
1211		13.656250
1212		15.137500
1213		16.100000
1214		15.900000
1215		16.393749
1216		16.799999
1217		15.287500
1218		15.400000
1219		14.325000
1220		11.825000
1221		12.231250
1222		11.037500
1223		9.756250
1224		9.962500
1225		8.881250
1226		8.506250
1227		8.881250
1228		8.212500
1229		8.618750
1230		8.450000
1231		8.681250
1232		8.125000
1233		8.300000
1234		7.168750
1235		7.543750
1236		7.487500
1237		6.175000
1238		6.381250
1239		6.525000
1240		5.187500
1241		6.612500
1242		6.787500
1243		6.325000
1244		8.037500
1245		7.400000
1246		7.106250
1247		8.562500
1248		8.531250
1249		8.650000
1250		9.031250
1251		8.450000
1252		8.593750
1253		8.737500
1254		7.862500
1255		8.331250
1256		9.143750
1257		8.300000
1258		8.593750
1259		9.118750
1260		8.562500
1261		8.856250
1262		9.406250
1263		8.300000
1264		9.493750
1265		9.525000
1266		8.300000
1267		9.118750
1268		9.031250
1269		7.925000
1270		8.825000
1271		8.418750
1272		8.243750
1273		8.300000
1274		7.431250
1275		7.718750
1276		8.212500
1277		6.612500
1278		6.818750
1279		6.843750
1280		5.943750
1281		6.437500
1282		6.381250
1283		6.118750
1284		6.700000
1285		6.818750
1286		6.262500
1287		7.256250
1288		7.281250
1289		6.668750
1290		7.600000
1291		7.256250
1292		7.193750
1293		7.862500
1294		7.018750
1295		7.487500
1296		8.300000
1297		7.400000
1298		7.400000
1299		8.187500
1300		7.575000
1301		7.862500
1302		7.543750
1303		6.556250
1304		7.018750
1305		7.256250
1306		5.481250
1307		6.350000
1308		5.506250
1309		4.662500
1310		5.825000
1311		4.893750
1312		4.781250
1313		4.925000
1314		4.081250
1315		4.750000
1316		5.593750
1317		5.100000
1318		5.306250
1319		5.825000
1320		4.662500
1321		4.781250
1322		4.750000
1323		3.706250
1324		3.643750
1325		3.468750
1326		2.775000
1327		3.556250
1328		2.943750
1329		2.712500
1330		3.412500
1331		3.062500
1332		3.500000
1333		4.487500
1334		4.081250
1335		4.400000
1336		5.418750
1337		4.487500
1338		4.750000
1339		5.306250
1340		4.806250
1341		5.068750
1342		5.393750
1343		4.081250
1344		4.693750
1345		4.806250
1346		3.793750
1347		4.312500
1348		3.556250
1349		2.800000
1350		3.118750
1351		2.625000
1352		1.781250
1353		2.687500
1354		1.900000
1355		1.956250
1356		3.325000
1357		2.918750
1358		3.468750
1359		4.487500
1360		3.762500
1361		4.225000
1362		4.606250
1363		3.468750
1364		3.118750
1365		2.625000
1366		1.518750
1367		1.668750
1368		1.693750
1369		0.325000
1370		0.793750
1371		0.531250
1372		0.562500
1373		1.518750
1374		1.143750
1375		0.737500
1376		1.756250
1377		0.212500
1378		0.268750
1379		0.125000
1380		-1.156250
1381		-1.650000
1382		-1.537500
1383		-2.643750
1384		-1.856250
1385		-2.056250
1386		-2.812500
1387		-1.300000
1388		-0.837500
1389		-1.156250
1390		1.000000
1391		0.825000
1392		1.812500
1393		2.943750
1394		3.062500
1395		3.875000
1396		4.806250
1397		3.906250
1398		4.806250
1399		4.518750
1400		3.468750
1401		3.325000
1402		3.268750
1403		2.012500
1404		2.537500
1405		2.775000
1406		1.725000
1407		2.450000
1408		2.337500
1409		2.275000
1410		2.862500
1411		2.537500
1412		2.187500
1413		2.187500
1414		0.150000
1415		-0.543750
1416		-1.300000
1417		-3.775000
1418		-5.287500
1419		-6.656250
1420		-8.637500
1421		-9.393750
1422		-10.062500
1423		-11.343750
1424		-10.325000
1425		-10.643750
1426		-10.787500
1427		-9.681250
1428		-9.450000
1429		-8.812500
1430		-7.731250
1431		-7.675000
1432		-6.775000
1433		-5.406250
1434		-5.812500
1435		-5.175000
1436		-3.918750
1437		-4.650000
1438		-3.425000
1439		-2.987500
1440		-3.512500
1441		-1.912500
1442		-2.031250
1443		-1.943750
1444		-0.431250
1445		0.325000
1446		0.300000
1447		1.431250
1448		1.287500
1449		0.762500
1450		1.868750
1451		0.793750
1452		0.587500
1453		0.356250
1454		-1.187500
1455		-1.881250
1456		-2.118750
1457		-3.631250
1458		-3.631250
1459		-3.950000
1460		-5.406250
1461		-5.087500
1462		-5.112500
1463		-6.337500
1464		-5.868750
1465		-6.106250
1466		-6.625000
1467		-6.512500
1468		-7.675000
1469		-7.881250
1470		-7.500000
1471		-8.812500
1472		-8.575000
1473		-8.231250
1474		-9.187500
1475		-8.343750
1476		-7.731250
1477		-8.606250
1478		-6.862500
1479		-6.281250
1480		-5.900000
1481		-4.300000
1482		-3.862500
1483		-3.950000
1484		-3.075000
1485		-3.918750
1486		-4.356250
1487		-4.356250
1488		-5.987500
1489		-6.831250
1490		-6.831250
1491		-8.868750
1492		-8.518750
1493		-9.187500
1494		-10.031250
1495		-8.925000
1496		-8.812500
1497		-9.306250
1498		-8.462500
1499		-8.662500
1500		-8.662500
1501		-7.212500
1502		-7.881250
1503		-7.793750
1504		-7.381250
1505		-8.575000
1506		-8.925000
1507		-8.900000
1508		-10.500000
1509		-11.193750
1510		-11.806250
1511		-13.556250
1512		-13.262500
1513		-14.137500
1514		-15.181250
1515		-14.775000
1516		-15.006250
1517		-15.243750
1518		-13.962500
1519		-13.843750
1520		-12.887500
1521		-11.368750
1522		-11.487500
1523		-10.293750
1524		-9.100000
1525		-9.331250
1526		-8.168750
1527		-7.762500
1528		-8.200000
1529		-7.125000
1530		-6.775000
1531		-7.268750
1532		-6.218750
1533		-6.481250
1534		-5.987500
1535		-5.812500
1536		-6.600000
1537		-6.193750
1538		-5.725000
1539		-7.062500
1540		-6.712500
1541		-6.950000
1542		-8.112500
1543		-7.268750
1544		-7.531250
1545		-8.431250
1546		-7.731250
1547		-7.731250
1548		-8.375000
1549		-7.556250
1550		-8.143750
1551		-8.112500
1552		-7.500000
1553		-8.487500
1554		-8.812500
1555		-8.550000
1556		-9.481250
1557		-9.331250
1558		-9.450000
1559		-11.168750
1560		-10.525000
1561		-11.400000
1562		-12.243750
1563		-11.718750
1564		-12.650000
1565		-13.175000
1566		-12.768750
1567		-13.962500
1568		-14.050000
1569		-13.818750
1570		-14.600000
1571		-14.456250
1572		-13.875000
1573		-14.750000
1574		-13.612500
1575		-13.293750
1576		-13.643750
1577		-12.068750
1578		-12.037500
1579		-12.362500
1580		-11.281250
1581		-11.956250
1582		-11.925000
1583		-10.906250
1584		-12.037500
1585		-11.487500
1586		-11.281250
1587		-12.418750
1588		-11.662500
1589		-12.037500
1590		-12.943750
1591		-11.956250
1592		-11.781250
1593		-12.475000
1594		-11.431250
1595		-11.781250
1596		-11.368750
1597		-10.262500
1598		-10.206250
1599		-10.350000
1600		-9.306250
1601		-10.262500
1602		-9.481250
1603		-8.662500
1604		-9.887500
1605		-9.012500
1606		-9.100000
1607		-9.918750
1608		-9.043750
1609		-9.625000
1610		-10.762500
1611		-9.743750
1612		-10.993750
1613		-11.631250
1614		-11.431250
1615		-12.650000
1616		-12.825000
1617		-12.212500
1618		-13.643750
1619		-12.968750
1620		-13.056250
1621		-14.137500
1622		-13.143750
1623		-13.731250
1624		-14.050000
1625		-12.800000
1626		-13.000000
1627		-12.943750
1628		-11.750000
1629		-12.450000
1630		-12.212500
1631		-11.168750
1632		-11.868750
1633		-11.431250
1634		-10.500000
1635		-11.806250
1636		-11.225000
1637		-11.225000
1638		-12.418750
1639		-11.281250
1640		-11.925000
1641		-12.450000
1642		-11.368750
1643		-11.631250
1644		-11.781250
1645		-10.237500
1646		-10.325000
1647		-9.887500
1648		-8.868750
1649		-9.243750
1650		-8.400000
1651		-7.412500
1652		-8.256250
1653		-7.268750
1654		-7.125000
1655		-8.256250
1656		-7.443750
1657		-7.706250
1658		-8.812500
1659		-8.462500
1660		-9.218750
1661		-9.887500
1662		-9.218750
1663		-10.150000
1664		-10.500000
1665		-9.393750
1666		-10.206250
1667		-10.325000
1668		-9.275000
1669		-10.206250
1670		-9.450000
1671		-8.868750
1672		-9.743750
1673		-8.725000
1674		-8.431250
1675		-9.393750
1676		-8.431250
1677		-8.200000
1678		-8.750000
1679		-7.706250
1680		-7.587500
1681		-8.056250
1682		-7.356250
1683		-7.237500
1684		-7.643750
1685		-6.537500
1686		-7.062500
1687		-7.037500
1688		-5.843750
1689		-7.062500
1690		-6.712500
1691		-5.987500
1692		-7.412500
1693		-7.381250
1694		-7.006250
1695		-8.056250
1696		-7.762500
1697		-7.412500
1698		-8.256250
1699		-7.675000
1700		-7.150000
1701		-8.143750
1702		-6.743750
1703		-6.393750
1704		-6.800000
1705		-5.262500
1706		-5.175000
1707		-5.956250
1708		-4.356250
1709		-4.762500
1710		-4.937500
1711		-4.093750
1712		-4.937500
1713		-5.087500
1714		-4.562500
1715		-5.581250
1716		-5.462500
1717		-4.506250
1718		-5.843750
1719		-5.231250
1720		-4.650000
1721		-5.812500
1722		-4.881250
1723		-4.006250
1724		-4.650000
1725		-3.950000
1726		-3.456250
1727		-4.243750
1728		-3.512500
1729		-3.425000
1730		-4.268750
1731		-3.831250
1732		-3.862500
1733		-4.825000
1734		-4.418750
1735		-4.968750
1736		-5.931250
1737		-5.287500
1738		-5.462500
1739		-6.368750
1740		-5.550000
1741		-6.193750
1742		-6.743750
1743		-5.637500
1744		-6.687500
1745		-6.537500
1746		-5.843750
1747		-6.568750
1748		-6.537500
1749		-5.406250
1750		-6.831250
1751		-5.725000
1752		-4.737500
1753		-5.637500
1754		-4.968750
1755		-4.243750
1756		-4.968750
1757		-3.775000
1758		-3.368750
1759		-4.156250
1760		-3.687500
1761		-3.512500
1762		-4.181250
1763		-3.337500
1764		-2.900000
1765		-3.806250
1766		-2.556250
1767		-2.493750
1768		-3.106250
1769		-2.175000
1770		-1.912500
1771		-3.106250
1772		-2.118750
1773		-2.725000
1774		-3.543750
1775		-2.787500
1776		-2.900000
1777		-3.312500
1778		-2.056250
1779		-2.231250
1780		-2.000000
1781		-0.518750
1782		-1.012500
1783		-0.750000
1784		0.268750
1785		-0.606250
1786		-0.543750
1787		-0.518750
1788		-1.737500
1789		-1.881250
1790		-1.387500
1791		-2.900000
1792		-2.468750
1793		-1.825000
1794		-2.643750
1795		-2.468750
1796		-1.912500
1797		-2.381250
1798		-1.793750
1799		-1.331250
1800		-2.468750
1801		-1.881250
1802		-1.881250
1803		-2.931250
1804		-2.262500
1805		-2.206250
1806		-3.050000
1807		-2.668750
1808		-2.556250
1809		-3.456250
1810		-2.468750
1811		-3.050000
1812		-3.631250
1813		-3.106250
1814		-3.893750
1815		-4.356250
1816		-3.656250
1817		-3.806250
1818		-3.981250
1819		-3.425000
1820		-3.225000
1821		-3.281250
1822		-2.525000
1823		-3.425000
1824		-3.050000
1825		-2.262500
1826		-3.512500
1827		-3.806250
1828		-2.875000
1829		-4.093750
1830		-3.225000
1831		-2.725000
1832		-3.368750
1833		-2.493750
1834		-1.625000
1835		-2.556250
1836		-1.593750
1837		-0.693750
1838		-1.681250
1839		-1.712500
1840		-1.300000
1841		-2.643750
1842		-2.000000
1843		-1.912500
1844		-2.987500
1845		-2.700000
1846		-2.118750
1847		-2.987500
1848		-1.968750
1849		-1.737500
1850		-1.881250
1851		-0.893750
1852		-1.212500
1853		-1.793750
1854		-0.368750
1855		-0.137500
1856		-1.037500
1857		0.412500
1858		-0.168750
1859		-0.225000
1860		0.675000
1861		0.587500
1862		0.475000
1863		1.000000
1864		0.793750
1865		0.237500
1866		1.462500
1867		0.300000
1868		0.587500
1869		1.168750
1870		0.675000
1871		0.737500
1872		1.375000
1873		0.300000
1874		0.412500
1875		1.168750
1876		0.356250
1877		0.793750
1878		1.550000
1879		0.068750
1880		0.587500
1881		1.081250
1882		-0.137500
1883		0.650000
1884		0.443750
1885		-0.662500
1886		0.037500
1887		0.300000
1888		0.068750
1889		-0.137500
1890		-0.081250
1891		-1.156250
1892		-0.400000
1893		-0.893750
1894		-1.506250
1895		-0.981250
1896		-1.968750
1897		-2.468750
1898		-1.593750
1899		-1.681250
1900		-2.262500
1901		-1.681250
1902		-1.737500
1903		-1.825000
1904		-0.981250
1905		-1.331250
1906		-1.037500
1907		-0.193750
1908		-0.862500
1909		-0.168750
1910		0.212500
1911		-0.368750
1912		-0.193750
1913		0.650000
1914		-0.543750
1915		-0.137500
1916		0.881250
1917		-0.081250
1918		0.587500
1919		1.462500
1920		0.881250
1921		1.143750
1922		2.162500
1923		1.812500
1924		2.537500
1925		2.656250
1926		2.075000
1927		2.600000
1928		2.775000
1929		1.637500
1930		2.687500
1931		2.162500
1932		1.550000
1933		2.337500
1934		2.162500
1935		1.406250
1936		2.162500
1937		1.431250
1938		1.025000
1939		1.693750
1940		1.168750
1941		0.850000
1942		1.375000
1943		0.968750
1944		0.850000
1945		1.725000
1946		1.025000
1947		1.231250
1948		2.012500
1949		1.231250
1950		1.637500
1951		2.043750
1952		1.581250
1953		1.756250
1954		1.987500
1955		1.025000
1956		1.581250
1957		1.781250
1958		1.375000
1959		1.462500
1960		1.781250
1961		0.881250
1962		1.868750
1963		1.200000
1964		0.650000
1965		1.143750
1966		1.112500
1967		0.531250
1968		0.912500
1969		0.912500
1970		0.412500
1971		1.287500
1972		1.000000
1973		1.000000
1974		2.162500
1975		2.162500
1976		1.231250
1977		2.568750
1978		2.043750
1979		2.012500
1980		2.743750
1981		1.868750
1982		1.668750
1983		1.987500
1984		1.287500
1985		1.375000
1986		2.043750
1987		1.143750
1988		1.112500
1989		2.337500
1990		1.900000
1991		2.450000
1992		3.118750
1993		2.831250
1994		3.937500
1995		4.200000
1996		3.818750
1997		4.287500
1998		4.575000
1999		3.906250
2000		4.287500
2001		4.662500
2002		3.531250
2003		4.487500
2004		4.081250
2005		3.675000
2006		4.375000
2007		3.793750
2008		3.500000
2009		4.081250
2010		3.531250
2011		3.206250
2012		3.793750
2013		3.500000
2014		3.293750
2015		4.050000
2016		3.818750
2017		3.762500
2018		4.781250
2019		3.268750
2020		4.081250
2021		4.575000
2022		3.818750
2023		4.025000
2024		4.487500
2025		3.412500
2026		3.762500
2027		3.993750
2028		3.118750
2029		3.500000
2030		3.937500
2031		3.006250
2032		4.256250
2033		4.575000
2034		3.643750
2035		4.637500
2036		4.893750
2037		3.875000
2038		4.750000
2039		3.962500
2040		3.706250
2041		4.662500
2042		3.937500
2043		3.381250
2044		4.343750
2045		4.137500
2046		3.906250
2047		4.956250
2048		4.312500
2049		4.806250
2050		5.768750
2051		4.662500
2052		5.156250
2053		5.393750
2054		4.431250
2055		4.837500
2056		4.925000
2057		4.693750
2058		5.362500
2059		5.306250
2060		4.575000
2061		5.243750
2062		5.593750
2063		5.156250
2064		6.468750
2065		7.050000
2066		6.843750
2067		8.362500
2068		8.275000
2069		7.837500
2070		9.031250
2071		8.768750
2072		9.031250
2073		9.668750
2074		8.650000
2075		8.650000
2076		9.031250
2077		7.862500
2078		8.037500
2079		8.618750
2080		8.125000
2081		8.531250
2082		9.462500
2083		8.793750
2084		9.175000
2085		9.668750
2086		8.387500
2087		7.925000
2088		7.106250
2089		5.131250
2090		4.606250
2091		3.268750
2092		1.581250
2093		1.606250
2094		1.112500
2095		0.268750
2096		1.025000
2097		1.375000
2098		1.956250
2099		3.500000
2100		4.137500
2101		4.575000
2102		6.031250
2103		5.768750
2104		6.381250
2105		6.993750
2106		5.943750
2107		5.737500
2108		5.943750
2109		4.725000
2110		4.925000
2111		5.068750
2112		4.837500
2113		5.568750
2114		6.175000
2115		6.175000
2116		7.687500
2117		8.387500
2118		8.912500
2119		11.325000
2120		12.087500
2121		12.693750
2122		14.118750
2123		14.181250
2124		14.206250
2125		14.237500
2126		13.887500
2127		13.106250
2128		12.200000
2129		10.600000
2130		9.812500
2131		9.381250
2132		8.387500
2133		7.543750
2134		8.593750
2135		6.412500
2136		6.556250
2137		6.668750
2138		6.150000
2139		6.731250
2140		7.718750
2141		6.175000
2142		6.350000
2143		6.150000
2144		5.912500
2145		5.243750
2146		4.868750
2147		3.587500
2148		4.137500
2149		3.906250
2150		3.706250
2151		4.750000
2152		4.781250
2153		4.806250
2154		6.031250
2155		5.593750
2156		6.437500
2157		6.962500
2158		6.412500
2159		6.818750
2160		7.543750
2161		6.643750
2162		6.906250
2163		6.993750
2164		6.468750
2165		7.137500
2166		7.225000
2167		6.700000
2168		6.843750
2169		7.137500
2170		6.787500
2171		7.400000
2172		7.400000
2173		7.050000
2174		8.037500
2175		7.400000
2176		7.018750
2177		7.543750
2178		7.193750
2179		7.256250
2180		7.631250
2181		7.106250
2182		6.993750
2183		7.050000
2184		5.943750
2185		6.150000
2186		6.412500
2187		5.131250
2188		5.506250
2189		5.418750
2190		4.662500
2191		5.218750
2192		5.156250
2193		4.925000
2194		5.856250
2195		5.800000
2196		5.218750
2197		6.118750
2198		6.031250
2199		5.593750
2200		6.993750
2201		6.175000
2202		6.237500
2203		7.106250
2204		6.525000
2205		6.412500
2206		7.431250
2207		6.412500
2208		6.150000
2209		6.643750
2210		5.768750
2211		5.768750
2212		6.818750
2213		5.218750
2214		5.156250
2215		5.131250
2216		4.168750
2217		4.287500
2218		4.343750
2219		3.268750
2220		4.312500
2221		3.906250
2222		3.468750
2223		4.025000
2224		3.468750
2225		3.181250
2226		4.375000
2227		3.731250
2228		3.325000
2229		3.906250
2230		3.268750
2231		3.006250
2232		3.531250
2233		2.537500
2234		2.481250
2235		2.537500
2236		1.812500
2237		2.218750
2238		2.425000
2239		2.012500
2240		2.537500
2241		2.712500
2242		2.537500
2243		3.325000
2244		3.850000
2245		3.412500
2246		4.550000
2247		4.081250
2248		3.793750
2249		4.606250
2250		4.081250
2251		3.906250
2252		4.781250
2253		3.762500
2254		3.643750
2255		3.793750
2256		2.918750
2257		2.887500
2258		3.031250
2259		1.843750
2260		2.012500
2261		1.668750
2262		1.000000
2263		1.518750
2264		1.725000
2265		0.881250
2266		2.012500
2267		2.393750
2268		2.425000
2269		2.862500
2270		2.775000
2271		2.481250
2272		2.800000
2273		2.162500
2274		1.518750
2275		1.143750
2276		0.068750
2277		-0.137500
2278		0.125000
2279		-0.718750
2280		-0.137500
2281		-0.050000
2282		-0.256250
2283		0.325000
2284		0.475000
2285		-0.575000
2286		0.006250
2287		-0.718750
2288		-1.768750
2289		-1.943750
2290		-3.631250
2291		-3.918750
2292		-3.400000
2293		-3.775000
2294		-3.806250
2295		-2.612500
2296		-3.018750
2297		-2.406250
2298		-0.781250
2299		-1.331250
2300		0.237500
2301		1.287500
2302		1.143750
2303		1.900000
2304		2.743750
2305		2.250000
2306		3.181250
2307		3.118750
2308		2.306250
2309		2.687500
2310		1.606250
2311		1.375000
2312		1.287500
2313		0.793750
2314		0.587500
2315		1.318750
2316		0.793750
2317		1.168750
2318		1.781250
2319		1.081250
2320		1.406250
2321		1.462500
2322		-0.050000
2323		-0.431250
2324		-1.475000
2325		-3.600000
2326		-4.618750
2327		-6.106250
2328		-8.081250
2329		-8.662500
2330		-10.062500
2331		-11.518750
2332		-11.431250
2333		-11.806250
2334		-12.012500
2335		-10.850000
2336		-11.368750
2337		-10.556250
2338		-9.100000
2339		-9.306250
2340		-8.231250
2341		-7.237500
2342		-7.212500
2343		-6.775000
2344		-5.693750
2345		-6.218750
2346		-5.375000
2347		-4.912500
2348		-4.881250
2349		-3.831250
2350		-3.512500
2351		-3.281250
2352		-2.056250
2353		-1.881250
2354		-1.068750
2355		0.006250
2356		-0.456250
2357		-0.081250
2358		0.618750
2359		0.093750
2360		-0.081250
2361		0.150000
2362		-1.418750
2363		-1.825000
2364		-2.318750
2365		-3.600000
2366		-3.918750
2367		-4.675000
2368		-5.956250
2369		-5.637500
2370		-6.568750
2371		-7.300000
2372		-6.918750
2373		-7.237500
2374		-8.112500
2375		-7.500000
2376		-8.637500
2377		-8.812500
2378		-8.662500
2379		-9.593750
2380		-9.331250
2381		-9.362500
2382		-10.325000
2383		-9.537500
2384		-9.275000
2385		-9.681250
2386		-8.550000
2387		-8.025000
2388		-7.731250
2389		-6.250000
2390		-5.900000
2391		-5.756250
2392		-4.531250
2393		-5.087500
2394		-5.262500
2395		-5.087500
2396		-6.306250
2397		-6.950000
2398		-7.006250
2399		-8.606250
2400		-8.900000
2401		-9.012500
2402		-10.412500
2403		-9.918750
2404		-9.743750
2405		-10.787500
2406		-9.162500
2407		-9.331250
2408		-9.481250
2409		-8.312500
2410		-8.462500
2411		-8.287500
2412		-8.112500
2413		-8.837500
2414		-9.218750
2415		-8.462500
2416		-9.887500
2417		-10.525000
2418		-10.700000
2419		-12.712500
2420		-13.087500
2421		-13.143750
2422		-14.718750
2423		-14.918750
2424		-15.212500
2425		-16.025000
2426		-15.093750
2427		-14.750000
2428		-14.631250
2429		-12.737500
2430		-12.593750
2431		-11.781250
2432		-10.175000
2433		-10.031250
2434		-8.956250
2435		-7.818750
2436		-8.168750
2437		-7.412500
2438		-6.537500
2439		-7.181250
2440		-6.131250
2441		-5.987500
2442		-6.425000
2443		-5.668750
2444		-5.843750
2445		-6.337500
2446		-5.693750
2447		-6.250000
2448		-6.625000
2449		-6.106250
2450		-7.268750
2451		-7.468750
2452		-7.181250
2453		-8.025000
2454		-7.993750
2455		-7.443750
2456		-8.081250
2457		-7.675000
2458		-7.181250
2459		-7.556250
2460		-6.862500
2461		-7.300000
2462		-7.762500
2463		-7.181250
2464		-8.168750
2465		-8.900000
2466		-8.431250
2467		-9.306250
2468		-9.656250
2469		-9.506250
2470		-10.556250
2471		-10.762500
2472		-10.700000
2473		-11.981250
2474		-11.718750
2475		-11.837500
2476		-13.143750
2477		-12.912500
2478		-12.825000
2479		-13.756250
2480		-12.650000
2481		-13.175000
2482		-13.556250
2483		-12.275000
2484		-12.100000
2485		-11.718750
2486		-10.612500
2487		-10.993750
2488		-10.262500
2489		-9.975000
2490		-10.206250
2491		-9.800000
2492		-9.537500
2493		-10.556250
2494		-10.031250
2495		-10.206250
2496		-11.050000
2497		-10.150000
2498		-10.587500
2499		-11.081250
2500		-10.118750
2501		-10.850000
2502		-10.700000
2503		-9.743750
2504		-10.175000
2505		-9.768750
2506		-8.750000
2507		-9.568750
2508		-9.012500
2509		-8.462500
2510		-8.956250
2511		-7.937500
2512		-7.556250
2513		-8.231250
2514		-7.150000
2515		-7.237500
2516		-7.850000
2517		-7.062500
2518		-7.968750
2519		-7.881250
2520		-7.793750
2521		-9.043750
2522		-9.331250
2523		-9.218750
2524		-10.643750
2525		-10.643750
2526		-10.906250
2527		-11.693750
2528		-11.518750
2529		-11.837500
2530		-12.387500
2531		-11.456250
2532		-11.662500
2533		-11.837500
2534		-10.787500
2535		-11.631250
2536		-10.468750
2537		-9.012500
2538		-9.975000
2539		-9.243750
2540		-8.606250
2541		-8.900000
2542		-8.431250
2543		-8.168750
2544		-8.868750
2545		-8.200000
2546		-8.662500
2547		-9.450000
2548		-8.518750
2549		-9.975000
2550		-9.450000
2551		-8.750000
2552		-9.131250
2553		-8.518750
2554		-7.468750
2555		-7.643750
2556		-7.037500
2557		-6.106250
2558		-6.218750
2559		-5.087500
2560		-4.562500
2561		-5.493750
2562		-3.775000
2563		-4.212500
2564		-4.937500
2565		-3.656250
2566		-4.793750
2567		-5.025000
2568		-4.618750
2569		-5.956250
2570		-6.218750
2571		-5.518750
2572		-6.862500
2573		-6.625000
2574		-6.425000
2575		-7.300000
2576		-6.481250
2577		-6.393750
2578		-6.712500
2579		-5.812500
2580		-5.956250
2581		-5.956250
2582		-4.825000
2583		-5.375000
2584		-5.175000
2585		-4.243750
2586		-4.850000
2587		-4.300000
2588		-3.337500
2589		-4.650000
2590		-3.512500
2591		-3.193750
2592		-4.037500
2593		-2.725000
2594		-2.962500
2595		-3.425000
2596		-2.262500
2597		-2.381250
2598		-3.075000
2599		-2.031250
2600		-2.900000
2601		-2.875000
2602		-2.262500
2603		-3.981250
2604		-3.775000
2605		-3.631250
2606		-4.793750
2607		-3.775000
2608		-3.600000
2609		-4.587500
2610		-2.900000
2611		-3.018750
2612		-3.137500
2613		-1.450000
2614		-1.856250
2615		-1.300000
2616		-0.018750
2617		-0.662500
2618		-0.281250
2619		0.212500
2620		-0.368750
2621		0.150000
2622		0.093750
2623		-1.012500
2624		0.125000
2625		-0.950000
2626		-1.537500
2627		-0.431250
2628		-1.037500
2629		-1.187500
2630		-0.368750
2631		-1.037500
2632		-0.225000
2633		0.793750
2634		-0.081250
2635		0.737500
2636		1.606250
2637		0.412500
2638		1.287500
2639		1.200000
2640		0.562500
2641		1.143750
2642		0.793750
2643		-0.431250
2644		0.618750
2645		-0.137500
2646		-0.806250
2647		-0.193750
2648		-1.418750
2649		-1.331250
2650		-1.125000
2651		-1.825000
2652		-1.625000
2653		-1.275000
2654		-2.293750
2655		-1.737500
2656		-1.537500
2657		-2.350000
2658		-1.737500
2659		-1.275000
2660		-1.362500
2661		-0.431250
2662		-0.487500
2663		-0.693750
2664		1.000000
2665		0.706250
2666		1.231250
2667		1.956250
2668		1.581250
2669		1.956250
2670		2.625000
2671		1.581250
2672		1.462500
2673		2.625000
2674		1.693750
2675		2.393750
2676		2.975000
2677		2.187500
2678		3.181250
2679		3.206250
2680		2.712500
2681		3.325000
2682		2.943750
2683		1.956250
2684		2.943750
2685		2.337500
2686		2.362500
2687		3.556250
2688		3.356250
2689		3.675000
2690		4.925000
2691		4.431250
2692		4.956250
2693		5.656250
2694		4.518750
2695		4.781250
2696		5.100000
2697		3.468750
2698		3.468750
2699		3.962500
2700		2.775000
2701		3.206250
2702		3.412500
2703		2.250000
2704		3.206250
2705		3.468750
2706		2.600000
2707		3.556250
2708		3.731250
2709		2.600000
2710		3.556250
2711		2.656250
2712		2.450000
2713		3.268750
2714		2.537500
2715		2.393750
2716		3.356250
2717		2.743750
2718		2.831250
2719		3.356250
2720		2.887500
2721		2.887500
2722		3.118750
2723		2.100000
2724		2.012500
2725		2.600000
2726		1.637500
2727		2.100000
2728		2.600000
2729		1.725000
2730		2.687500
2731		2.862500
2732		2.306250
2733		2.831250
2734		2.568750
2735		1.725000
2736		2.975000
2737		2.425000
2738		1.725000
2739		2.975000
2740		2.943750
2741		2.481250
2742		4.050000
2743		3.993750
2744		3.793750
2745		4.806250
2746		4.287500
2747		3.993750
2748		4.725000
2749		3.762500
2750		3.412500
2751		3.818750
2752		3.181250
2753		2.775000
2754		3.618750
2755		2.481250
2756		3.206250
2757		4.431250
2758		3.937500
2759		4.225000
2760		4.925000
2761		4.168750
2762		5.275000
2763		5.825000
2764		5.218750
2765		5.856250
2766		6.381250
2767		5.537500
2768		6.525000
2769		6.756250
2770		5.712500
2771		7.193750
2772		6.931250
2773		6.587500
2774		7.256250
2775		7.256250
2776		6.500000
2777		7.600000
2778		6.787500
2779		6.525000
2780		7.431250
2781		6.843750
2782		6.437500
2783		7.256250
2784		6.668750
2785		6.668750
2786		7.431250
2787		6.500000
2788		6.843750
2789		7.081250
2790		6.237500
2791		6.087500
2792		6.612500
2793		5.537500
2794		5.593750
2795		6.175000
2796		5.218750
2797		5.393750
2798		6.087500
2799		5.100000
2800		5.800000
2801		5.825000
2802		4.806250
2803		5.012500
2804		4.868750
2805		3.818750
2806		4.343750
2807		4.312500
2808		3.150000
2809		4.200000
2810		4.137500
2811		3.731250
2812		4.375000
2813		4.081250
2814		4.081250
2815		5.306250
2816		5.481250
2817		5.012500
2818		6.237500
2819		5.800000
2820		5.506250
2821		6.500000
2822		5.887500
2823		5.593750
2824		6.556250
2825		6.087500
2826		5.656250
2827		6.818750
2828		6.262500
2829		6.612500
2830		7.281250
2831		6.818750
2832		7.400000
2833		8.012500
2834		7.343750
2835		7.718750
2836		8.768750
2837		7.631250
2838		8.156250
2839		8.418750
2840		7.687500
2841		7.862500
2842		8.681250
2843		7.168750
2844		7.981250
2845		8.362500
2846		7.106250
2847		7.400000
2848		7.631250
2849		6.612500
2850		7.193750
2851		7.018750
2852		6.293750
2853		6.875000
2854		7.168750
2855		6.643750
2856		7.662500
2857		7.600000
2858		6.962500
2859		8.068750
2860		7.893750
2861		7.137500
2862		8.125000
2863		7.431250
2864		6.843750
2865		7.981250
2866		7.400000
2867		6.875000
2868		8.012500
2869		6.931250
2870		7.256250
2871		7.687500
2872		7.137500
2873		6.700000
2874		7.400000
2875		6.643750
2876		6.787500
2877		7.312500
2878		6.262500
2879		6.150000
2880		7.343750
2881		6.587500
2882		7.256250
2883		7.775000
2884		6.906250
2885		7.575000
2886		8.300000
2887		7.431250
2888		8.125000
2889		8.187500
2890		7.168750
2891		7.487500
2892		7.312500
2893		6.500000
2894		7.368750
2895		7.193750
2896		6.237500
2897		7.431250
2898		7.775000
2899		7.137500
2900		8.275000
2901		8.943750
2902		8.506250
2903		9.406250
2904		9.462500
2905		9.293750
2906		10.137500
2907		10.018750
2908		9.462500
2909		10.425000
2910		9.462500
2911		9.700000
2912		10.281250
2913		9.462500
2914		9.525000
2915		9.756250
2916		9.000000
2917		8.881250
2918		9.700000
2919		8.300000
2920		8.531250
2921		9.087500
2922		8.450000
2923		8.881250
2924		9.581250
2925		8.650000
2926		9.350000
2927		9.318750
2928		8.737500
2929		9.118750
2930		9.493750
2931		8.506250
2932		8.706250
2933		9.000000
2934		8.506250
2935		8.681250
2936		8.593750
2937		7.837500
2938		8.475000
2939		8.531250
2940		8.187500
2941		9.031250
2942		9.000000
2943		8.562500
2944		9.787500
2945		9.175000
2946		8.912500
2947		9.581250
2948		9.231250
2949		9.087500
2950		9.550000
2951		8.943750
2952		8.881250
2953		9.318750
2954		8.737500
2955		8.881250
2956		10.018750
2957		9.143750
2958		9.581250
2959		10.456250
2960		8.768750
2961		9.843750
2962		10.393750
2963		9.318750
2964		9.875000
2965		9.812500
2966		9.000000
2967		9.812500
2968		10.162500
2969		9.350000
2970		10.543750
2971		10.281250
2972		9.962500
2973		11.037500
2974		11.093750
2975		10.950000
2976		12.175000
2977		12.343750
2978		12.637500
2979		13.656250
2980		13.425000
2981		13.712500
2982		14.181250
2983		13.887500
2984		13.512500
2985		13.887500
2986		12.931250
2987		12.375000
2988		13.187500
2989		12.637500
2990		13.306250
2991		13.975000
2992		13.537500
2993		13.568750
2994		14.237500
2995		13.075000
2996		12.493750
2997		12.143750
2998		10.050000
2999		9.293750
3000		8.125000
3001		6.325000
3002		6.381250
3003		5.593750
3004		4.606250
3005		5.450000
3006		5.887500
3007		5.825000
3008		7.518750
3009		8.275000
3010		8.593750
3011		10.137500
3012		9.962500
3013		10.018750
3014		10.918750
3015		10.137500
3016		9.812500
3017		9.812500
3018		9.118750
3019		9.175000
3020		9.525000
3021		8.943750
3022		9.318750
3023		10.543750
3024		10.512500
3025		11.618750
3026		12.931250
3027		13.131250
3028		14.531250
3029		15.868750
3030		16.362499
3031		17.525000
3032		18.168751
3033		17.500000
3034		18.368750
3035		17.731251
3036		16.306250
3037		16.362499
3038		15.050000
3039		13.362500
3040		13.075000
3041		11.881250
3042		11.268750
3043		11.300000
3044		10.656250
3045		10.337500
3046		10.918750
3047		10.106250
3048		10.050000
3049		10.743750
3050		10.250000
3051		9.550000
3052		10.050000
3053		8.593750
3054		8.593750
3055		8.881250
3056		7.487500
3057		7.256250
3058		7.925000
3059		6.756250
3060		7.600000
3061		8.275000
3062		7.925000
3063		9.293750
3064		9.668750
3065		9.118750
3066		10.225000
3067		10.106250
3068		9.756250
3069		10.337500
3070		10.193750
3071		9.462500
3072		10.543750
3073		9.581250
3074		9.206250
3075		10.106250
3076		9.756250
3077		9.843750
3078		10.512500
3079		10.018750
3080		10.018750
3081		11.181250
3082		10.512500
3083		10.393750
3084		11.412500
3085		10.106250
3086		10.743750
3087		10.512500
3088		10.075000
3089		10.481250
3090		10.337500
3091		9.406250
3092		9.406250
3093		9.000000
3094		7.925000
3095		8.793750
3096		8.212500
3097		7.400000
3098		8.156250
3099		7.662500
3100		7.487500
3101		8.156250
3102		8.100000
3103		8.068750
3104		8.737500
3105		8.331250
3106		8.737500
3107		9.143750
3108		8.450000
3109		8.650000
3110		9.462500
3111		8.681250
3112		8.856250
3113		8.793750
3114		8.275000
3115		8.531250
3116		9.000000
3117		8.362500
3118		8.593750
3119		8.593750
3120		7.487500
3121		8.331250
3122		8.212500
3123		7.018750
3124		7.862500
3125		7.225000
3126		6.412500
3127		6.468750
3128		5.975000
3129		5.943750
3130		6.412500
3131		5.537500
3132		5.393750
3133		6.118750
3134		5.218750
3135		5.656250
3136		6.468750
3137		5.506250
3138		5.418750
3139		6.062500
3140		4.750000
3141		4.837500
3142		4.725000
3143		4.312500
3144		4.225000
3145		3.962500
3146		3.325000
3147		3.850000
3148		4.256250
3149		3.412500
3150		4.606250
3151		4.375000
3152		4.487500
3153		5.187500
3154		5.393750
3155		5.568750
3156		6.237500
3157		5.450000
3158		5.943750
3159		6.556250
3160		5.800000
3161		5.887500
3162		6.700000
3163		5.450000
3164		5.418750
3165		5.737500
3166		4.606250
3167		4.487500
3168		4.081250
3169		2.943750
3170		3.062500
3171		2.687500
3172		2.100000
3173		2.656250
3174		2.625000
3175		2.537500
3176		3.500000
3177		3.443750
3178		3.293750
3179		4.400000
3180		3.643750
3181		3.587500
3182		3.937500
3183		2.481250
3184		2.393750
3185		2.218750
3186		0.881250
3187		1.000000
3188		1.200000
3189		0.618750
3190		1.668750
3191		1.668750
3192		1.000000
3193		1.462500
3194		1.756250
3195		0.650000
3196		0.937500
3197		0.181250
3198		-1.156250
3199		-0.893750
3200		-2.000000
3201		-3.075000
3202		-1.968750
3203		-2.612500
3204		-2.493750
3205		-1.475000
3206		-1.387500
3207		-0.518750
3208		0.706250
3209		0.793750
3210		1.693750
3211		3.093750
3212		2.743750
3213		3.618750
3214		4.637500
3215		3.906250
3216		4.575000
3217		4.256250
3218		3.181250
3219		3.381250
3220		3.062500
3221		2.100000
3222		2.250000
3223		1.287500
3224		1.493750
3225		2.162500
3226		1.756250
3227		1.987500
3228		2.918750
3229		2.187500
3230		2.337500
3231		2.537500
3232		1.025000
3233		-0.168750
3234		-1.243750
3235		-3.281250
3236		-4.506250
3237		-5.756250
3238		-8.143750
3239		-8.956250
3240		-9.887500
3241		-11.368750
3242		-10.731250
3243		-11.368750
3244		-11.718750
3245		-10.350000
3246		-10.031250
3247		-9.943750
3248		-8.231250
3249		-8.231250
3250		-7.443750
3251		-6.393750
3252		-6.625000
3253		-5.987500
3254		-4.737500
3255		-5.375000
3256		-4.737500
3257		-3.368750
3258		-4.156250
3259		-3.543750
3260		-2.206250
3261		-2.756250
3262		-1.100000
3263		-0.400000
3264		-0.806250
3265		0.356250
3266		0.825000
3267		0.500000
3268		0.706250
3269		0.618750
3270		-0.400000
3271		-0.225000
3272		-1.418750
3273		-2.437500
3274		-2.056250
3275		-3.806250
3276		-4.093750
3277		-4.093750
3278		-5.406250
3279		-5.318750
3280		-5.200000
3281		-6.537500
3282		-5.781250
3283		-6.218750
3284		-7.037500
3285		-6.887500
3286		-6.950000
3287		-8.462500
3288		-7.793750
3289		-8.518750
3290		-9.243750
3291		-8.256250
3292		-8.487500
3293		-8.812500
3294		-8.025000
3295		-8.081250
3296		-7.325000
3297		-5.287500
3298		-5.843750
3299		-4.937500
3300		-3.337500
3301		-4.093750
3302		-3.575000
3303		-2.931250
3304		-3.656250
3305		-4.300000
3306		-3.950000
3307		-6.425000
3308		-6.656250
3309		-7.443750
3310		-9.043750
3311		-9.162500
3312		-9.537500
3313		-9.975000
3314		-9.275000
3315		-9.331250
3316		-9.537500
3317		-8.400000
3318		-8.725000
3319		-8.518750
3320		-8.200000
3321		-8.400000
3322		-8.168750
3323		-8.168750
3324		-8.987500
3325		-9.162500
3326		-9.656250
3327		-10.937500
3328		-11.281250
3329		-12.418750
3330		-12.968750
3331		-13.556250
3332		-14.400000
3333		-15.300000
3334		-15.300000
3335		-14.918750
3336		-14.662500
3337		-13.525000
3338		-12.856250
3339		-11.781250
3340		-10.700000
3341		-10.937500
3342		-9.306250
3343		-8.343750
3344		-8.143750
3345		-7.150000
3346		-6.425000
3347		-7.006250
3348		-5.668750
3349		-5.437500
3350		-5.987500
3351		-5.200000
3352		-5.112500
3353		-5.437500
3354		-4.531250
3355		-4.562500
3356		-5.262500
3357		-4.850000
3358		-5.668750
3359		-6.075000
3360		-5.462500
3361		-6.481250
3362		-5.987500
3363		-5.900000
3364		-6.775000
3365		-6.425000
3366		-6.512500
3367		-7.150000
3368		-6.393750
3369		-6.281250
3370		-6.950000
3371		-6.131250
3372		-6.975000
3373		-7.675000
3374		-7.412500
3375		-8.025000
3376		-8.312500
3377		-8.168750
3378		-9.593750
3379		-9.393750
3380		-9.450000
3381		-10.556250
3382		-10.325000
3383		-10.325000
3384		-11.631250
3385		-11.343750
3386		-11.487500
3387		-12.681250
3388		-12.300000
3389		-12.387500
3390		-13.087500
3391		-11.368750
3392		-11.225000
3393		-12.037500
3394		-10.962500
3395		-11.106250
3396		-10.643750
3397		-9.681250
3398		-10.350000
3399		-9.975000
3400		-9.187500
3401		-10.381250
3402		-9.887500
3403		-9.331250
3404		-10.437500
3405		-9.918750
3406		-10.612500
3407		-10.700000
3408		-9.743750
3409		-10.325000
3410		-10.787500
3411		-9.712500
3412		-10.237500
3413		-10.350000
3414		-9.275000
3415		-9.918750
3416		-8.956250
3417		-8.312500
3418		-9.331250
3419		-8.550000
3420		-7.443750
3421		-8.462500
3422		-7.556250
3423		-7.237500
3424		-7.500000
3425		-6.862500
3426		-7.037500
3427		-8.112500
3428		-7.237500
3429		-7.937500
3430		-9.012500
3431		-8.812500
3432		-9.712500
3433		-10.237500
3434		-10.262500
3435		-11.456250
3436		-11.606250
3437		-11.431250
3438		-12.300000
3439		-12.187500
3440		-11.693750
3441		-12.768750
3442		-11.575000
3443		-11.193750
3444		-11.662500
3445		-10.762500
3446		-10.500000
3447		-10.993750
3448		-9.331250
3449		-9.831250
3450		-9.831250
3451		-9.100000
3452		-9.537500
3453		-9.537500
3454		-8.868750
3455		-9.918750
3456		-9.712500
3457		-9.593750
3458		-10.437500
3459		-9.450000
3460		-9.681250
3461		-10.468750
3462		-9.243750
3463		-8.837500
3464		-9.393750
3465		-7.618750
3466		-7.125000
3467		-7.300000
3468		-6.193750
3469		-6.537500
3470		-5.900000
3471		-5.143750
3472		-5.637500
3473		-5.550000
3474		-4.737500
3475		-5.987500
3476		-5.812500
3477		-5.900000
3478		-7.150000
3479		-6.600000
3480		-6.625000
3481		-8.112500
3482		-7.150000
3483		-7.793750
3484		-7.906250
3485		-7.531250
3486		-7.881250
3487		-7.762500
3488		-6.393750
3489		-7.356250
3490		-6.656250
3491		-6.250000
3492		-6.800000
3493		-6.131250
3494		-6.075000
3495		-6.537500
3496		-5.175000
3497		-5.375000
3498		-5.812500
3499		-5.350000
3500		-5.693750
3501		-5.056250
3502		-4.068750
3503		-4.506250
3504		-4.706250
3505		-3.631250
3506		-4.243750
3507		-3.775000
3508		-3.687500
3509		-4.825000
3510		-4.356250
3511		-4.356250
3512		-5.462500
3513		-5.175000
3514		-5.606250
3515		-6.043750
3516		-5.175000
3517		-5.987500
3518		-5.812500
3519		-5.112500
3520		-4.881250
3521		-4.737500
3522		-3.631250
3523		-3.862500
3524		-2.843750
3525		-2.175000
3526		-3.193750
3527		-1.912500
3528		-1.681250
3529		-2.700000
3530		-2.056250
3531		-2.318750
3532		-3.106250
3533		-2.843750
3534		-3.456250
3535		-3.775000
3536		-3.106250
3537		-4.181250
3538		-3.656250
3539		-2.931250
3540		-3.862500
3541		-2.875000
3542		-2.843750
3543		-3.137500
3544		-2.206250
3545		-1.768750
3546		-2.525000
3547		-1.768750
3548		-2.143750
3549		-2.756250
3550		-1.881250
3551		-2.900000
3552		-3.487500
3553		-2.787500
3554		-3.368750
3555		-3.918750
3556		-3.225000
3557		-4.737500
3558		-4.443750
3559		-4.418750
3560		-5.462500
3561		-4.968750
3562		-4.881250
3563		-5.462500
3564		-4.881250
3565		-5.350000
3566		-5.406250
3567		-4.531250
3568		-4.912500
3569		-4.506250
3570		-3.018750
3571		-4.618750
3572		-3.631250
3573		-2.787500
3574		-3.512500
3575		-2.556250
3576		-2.175000
3577		-2.987500
3578		-1.912500
3579		-2.318750
3580		-2.581250
3581		-1.768750
3582		-2.318750
3583		-1.968750
3584		-0.950000
3585		-1.537500
3586		-1.156250
3587		-0.256250
3588		-1.331250
3589		-0.456250
3590		-0.518750
3591		-1.275000
3592		-0.862500
3593		-1.537500
3594		-2.143750
3595		-0.950000
3596		-1.300000
3597		-1.450000
3598		-0.281250
3599		-0.431250
3600		-0.081250
3601		1.143750
3602		0.300000
3603		0.618750
3604		0.912500
3605		-0.312500
3606		0.125000
3607		-0.456250
3608		-1.387500
3609		-0.950000
3610		-0.893750
3611		-1.475000
3612		-0.312500
3613		-1.243750
3614		-1.737500
3615		-0.750000
3616		-1.537500
3617		-0.575000
3618		-0.575000
3619		-1.768750
3620		-1.593750
3621		-1.125000
3622		-2.406250
3623		-1.125000
3624		-1.537500
3625		-2.612500
3626		-1.537500
3627		-1.856250
3628		-2.406250
3629		-1.012500
3630		-2.175000
3631		-2.231250
3632		-1.825000
3633		-2.843750
3634		-2.643750
3635		-2.468750
3636		-3.193750
3637		-2.493750
3638		-2.118750
3639		-3.193750
3640		-1.681250
3641		-2.031250
3642		-2.900000
3643		-1.475000
3644		-2.175000
3645		-2.493750
3646		-1.593750
3647		-2.581250
3648		-2.262500
3649		-1.387500
3650		-2.262500
3651		-1.068750
3652		-0.662500
3653		-1.625000
3654		-1.037500
3655		-0.806250
3656		-1.331250
3657		-0.950000
3658		-1.187500
3659		-2.350000
3660		-1.768750
3661		-2.437500
3662		-3.075000
3663		-1.825000
3664		-2.406250
3665		-2.931250
3666		-1.300000
3667		-1.968750
3668		-1.387500
3669		-0.281250
3670		-1.037500
3671		-0.487500
3672		0.356250
3673		-0.575000
3674		0.150000
3675		0.412500
3676		-0.281250
3677		0.356250
3678		1.056250
3679		0.068750
3680		1.406250
3681		1.200000
3682		0.443750
3683		1.668750
3684		1.318750
3685		0.706250
3686		1.756250
3687		1.431250
3688		1.318750
3689		1.781250
3690		1.025000
3691		1.287500
3692		1.843750
3693		0.706250
3694		1.200000
3695		1.725000
3696		0.500000
3697		0.706250
3698		1.256250
3699		0.068750
3700		0.850000
3701		0.443750
3702		-0.693750
3703		0.150000
3704		0.562500
3705		-0.862500
3706		0.212500
3707		0.037500
3708		-0.950000
3709		-0.018750
3710		-0.312500
3711		-1.331250
3712		-0.312500
3713		-1.243750
3714		-1.912500
3715		-1.450000
3716		-2.318750
3717		-2.381250
3718		-1.856250
3719		-2.962500
3720		-2.118750
3721		-1.243750
3722		-1.793750
3723		-1.681250
3724		-0.543750
3725		-1.068750
3726		-0.312500
3727		0.150000
3728		-0.518750
3729		0.068750
3730		0.212500
3731		-0.750000
3732		-0.106250
3733		-0.050000
3734		-0.750000
3735		-0.106250
3736		0.068750
3737		-0.750000
3738		0.412500
3739		0.443750
3740		0.268750
3741		1.431250
3742		1.318750
3743		1.256250
3744		2.306250
3745		1.431250
3746		1.231250
3747		2.337500
3748		1.581250
3749		1.406250
3750		2.275000
3751		0.937500
3752		1.406250
3753		1.900000
3754		0.881250
3755		1.112500
3756		1.518750
3757		0.443750
3758		0.587500
3759		1.256250
3760		0.212500
3761		0.650000
3762		0.850000
3763		0.212500
3764		1.168750
3765		1.025000
3766		0.300000
3767		0.937500
3768		1.375000
3769		0.762500
3770		1.581250
3771		1.025000
3772		0.356250
3773		1.231250
3774		0.737500
3775		0.150000
3776		1.231250
3777		0.706250
3778		0.212500
3779		1.231250
3780		0.587500
3781		0.093750
3782		1.143750
3783		0.475000
3784		0.212500
3785		0.937500
3786		0.068750
3787		-0.312500
3788		0.562500
3789		0.006250
3790		0.300000
3791		0.968750
3792		0.412500
3793		1.000000
3794		1.143750
3795		0.706250
3796		1.000000
3797		1.781250
3798		0.793750
3799		1.000000
3800		1.462500
3801		0.093750
3802		1.081250
3803		1.431250
3804		0.006250
3805		0.793750
3806		0.793750
3807		0.825000
3808		1.756250
3809		1.725000
3810		1.462500
3811		2.393750
3812		2.775000
3813		1.956250
3814		3.268750
3815		3.031250
3816		2.831250
3817		3.468750
3818		3.206250
3819		3.206250
3820		3.906250
3821		3.206250
3822		3.062500
3823		3.993750
3824		3.181250
3825		3.356250
3826		3.762500
3827		3.031250
3828		2.656250
3829		3.643750
3830		2.450000
3831		2.393750
3832		3.325000
3833		2.100000
3834		2.337500
3835		3.531250
3836		2.450000
3837		2.831250
3838		3.675000
3839		2.600000
3840		3.500000
3841		3.793750
3842		2.075000
3843		2.537500
3844		3.031250
3845		1.868750
3846		2.512500
3847		2.687500
3848		1.956250
3849		2.275000
3850		2.775000
3851		2.250000
3852		3.006250
3853		3.556250
3854		2.306250
3855		3.206250
3856		3.531250
3857		1.987500
3858		3.206250
3859		2.687500
3860		2.250000
3861		2.800000
3862		2.275000
3863		1.900000
3864		3.062500
3865		2.512500
3866		2.656250
3867		3.706250
3868		3.093750
3869		2.887500
3870		4.137500
3871		3.150000
3872		3.293750
3873		3.962500
3874		2.481250
3875		2.887500
3876		3.818750
3877		2.775000
3878		3.206250
3879		4.312500
3880		3.500000
3881		3.937500
3882		4.662500
3883		3.906250
3884		5.100000
3885		6.031250
3886		5.656250
3887		6.612500
3888		7.106250
3889		6.412500
3890		7.543750
3891		7.687500
3892		6.906250
3893		7.487500
3894		7.050000
3895		6.062500
3896		6.731250
3897		5.912500
3898		5.418750
3899		6.756250
3900		6.731250
3901		6.668750
3902		7.837500
3903		7.193750
3904		6.962500
3905		7.193750
3906		6.000000
3907		4.925000
3908		4.400000
3909		2.043750
3910		1.318750
3911		0.793750
3912		-0.431250
3913		-0.575000
3914		-0.225000
3915		-0.893750
3916		-0.168750
3917		1.375000
3918		1.606250
3919		2.450000
3920		3.906250
3921		3.762500
3922		4.256250
3923		5.218750
3924		4.431250
3925		4.431250
3926		4.575000
3927		3.268750
3928		3.731250
3929		3.412500
3930		2.943750
3931		3.531250
3932		4.343750
3933		3.706250
3934		5.243750
3935		5.856250
3936		6.150000
3937		8.156250
3938		9.206250
3939		9.787500
3940		11.618750
3941		12.000000
3942		11.500000
3943		12.693750
3944		11.793750
3945		11.618750
3946		11.387500
3947		9.637500
3948		8.562500
3949		8.100000
3950		6.643750
3951		6.381250
3952		6.150000
3953		4.725000
3954		4.806250
3955		5.187500
3956		4.575000
3957		4.956250
3958		5.243750
3959		4.256250
3960		4.693750
3961		4.781250
3962		3.468750
3963		3.500000
3964		3.643750
3965		2.337500
3966		2.512500
3967		2.250000
3968		1.668750
3969		2.625000
3970		2.600000
3971		2.337500
3972		3.962500
3973		4.400000
3974		3.762500
3975		4.837500
3976		4.781250
3977		4.487500
3978		5.306250
3979		4.806250
3980		4.200000
3981		4.893750
3982		4.081250
3983		4.225000
3984		5.068750
3985		4.343750
3986		4.518750
3987		5.506250
3988		4.806250
3989		4.956250
3990		6.175000
3991		4.806250
3992		5.275000
3993		5.737500
3994		5.275000
3995		5.243750
3996		5.393750
3997		4.575000
3998		4.925000
3999		4.806250
4000		4.225000
4001		4.725000
4002		4.050000
4003		3.118750
4004		3.906250
4005		3.675000
4006		2.600000
4007		3.325000
4008		3.206250
4009		2.512500
4010		3.587500
4011		2.975000
4012		3.325000
4013		4.225000
4014		3.531250
4015		3.500000
4016		3.850000
4017		4.112500
4018		4.025000
4019		4.637500
4020		3.643750
4021		4.400000
4022		4.806250
4023		3.793750
4024		4.200000
4025		4.518750
4026		3.962500
4027		4.662500
4028		4.575000
4029		3.618750
4030		4.168750
4031		3.793750
4032		2.943750
4033		3.468750
4034		2.918750
4035		2.012500
4036		2.075000
4037		2.043750
4038		1.462500
4039		1.781250
4040		1.168750
4041		1.168750
4042		1.756250
4043		1.318750
4044		1.462500
4045		2.306250
4046		1.668750
4047		1.168750
4048		1.756250
4049		1.287500
4050		1.256250
4051		1.462500
4052		0.268750
4053		0.500000
4054		0.500000
4055		-0.456250
4056		-0.431250
4057		0.068750
4058		-0.256250
4059		0.268750
4060		1.318750
4061		0.387500
4062		1.056250
4063		1.431250
4064		1.231250
4065		2.187500
4066		2.162500
4067		1.725000
4068		2.481250
4069		2.012500
4070		1.781250
4071		2.568750
4072		1.931250
4073		1.518750
4074		1.756250
4075		0.937500
4076		0.650000
4077		0.793750
4078		0.006250
4079		-0.837500
4080		-0.225000
4081		-1.187500
4082		-1.012500
4083		-0.606250
4084		-1.156250
4085		-0.281250
4086		0.587500
4087		0.150000
4088		1.025000
4089		1.375000
4090		0.675000
4091		0.850000
4092		0.212500
4093		-1.100000
4094		-1.012500
4095		-1.912500
4096		-2.987500
4097		-2.437500
4098		-3.137500
4099		-3.487500
4100		-2.406250
4101		-2.406250
4102		-2.406250
4103		-1.537500
4104		-1.737500
4105		-2.118750
4106		-1.968750
4107		-3.281250
4108		-3.775000
4109		-3.806250
4110		-4.937500
4111		-5.287500
4112		-4.762500
4113		-5.843750
4114		-5.087500
4115		-4.937500
4116		-4.562500
4117		-3.775000
4118		-2.962500
4119		-2.612500
4120		-1.100000
4121		-0.281250
4122		-0.137500
4123		1.256250
4124		1.343750
4125		1.287500
4126		2.100000
4127		1.493750
4128		0.587500
4129		0.937500
4130		0.093750
4131		-0.631250
4132		0.006250
4133		-1.243750
4134		-0.981250
4135		-0.575000
4136		-0.862500
4137		-0.256250
4138		0.500000
4139		-0.368750
4140		-0.168750
4141		-0.781250
4142		-2.000000
4143		-2.556250
4144		-3.337500
4145		-6.043750
4146		-6.918750
4147		-8.900000
4148		-11.081250
4149		-11.487500
4150		-12.825000
4151		-14.050000
4152		-13.406250
4153		-13.931250
4154		-13.612500
4155		-12.387500
4156		-12.100000
4157		-11.575000
4158		-10.262500
4159		-10.118750
4160		-9.887500
4161		-8.081250
4162		-8.550000
4163		-7.881250
4164		-7.150000
4165		-7.125000
4166		-6.862500
4167		-5.725000
4168		-5.843750
4169		-4.762500
4170		-4.068750
4171		-3.831250
4172		-2.812500
4173		-2.468750
4174		-2.143750
4175		-1.593750
4176		-1.275000
4177		-1.681250
4178		-1.125000
4179		-1.475000
4180		-2.262500
4181		-2.318750
4182		-3.425000
4183		-3.806250
4184		-4.300000
4185		-5.550000
4186		-5.900000
4187		-5.812500
4188		-7.037500
4189		-7.443750
4190		-7.181250
4191		-8.143750
4192		-7.993750
4193		-8.025000
4194		-8.837500
4195		-8.431250
4196		-9.218750
4197		-10.062500
4198		-9.918750
4199		-10.150000
4200		-11.225000
4201		-10.262500
4202		-10.525000
4203		-10.850000
4204		-9.625000
4205		-8.956250
4206		-8.868750
4207		-7.212500
4208		-7.006250
4209		-6.018750
4210		-4.793750
4211		-5.056250
4212		-4.825000
4213		-4.300000
4214		-5.437500
4215		-5.987500
4216		-6.218750
4217		-8.168750
4218		-8.837500
4219		-8.812500
4220		-10.850000
4221		-10.468750
4222		-10.700000
4223		-11.718750
4224		-10.787500
4225		-10.962500
4226		-11.137500
4227		-9.681250
4228		-10.325000
4229		-10.556250
4230		-9.625000
4231		-10.500000
4232		-9.918750
4233		-9.593750
4234		-10.762500
4235		-11.193750
4236		-11.368750
4237		-12.712500
4238		-13.175000
4239		-13.612500
4240		-14.687500
4241		-14.981250
4242		-15.475000
4243		-16.231251
4244		-15.937500
4245		-15.737500
4246		-15.737500
4247		-14.193750
4248		-13.525000
4249		-13.031250
4250		-11.343750
4251		-11.081250
4252		-10.237500
4253		-8.750000
4254		-8.662500
4255		-7.731250
4256		-6.625000
4257		-7.125000
4258		-6.743750
4259		-5.987500
4260		-6.337500
4261		-5.956250
4262		-5.518750
4263		-6.218750
4264		-5.781250
4265		-5.781250
4266		-6.918750
4267		-6.281250
4268		-6.337500
4269		-7.731250
4270		-6.831250
4271		-7.468750
4272		-8.231250
4273		-7.556250
4274		-8.312500
4275		-8.343750
4276		-7.706250
4277		-8.575000
4278		-8.231250
4279		-7.643750
4280		-8.837500
4281		-8.750000
4282		-8.287500
4283		-9.800000
4284		-9.331250
4285		-9.481250
4286		-10.325000
4287		-10.556250
4288		-10.731250
4289		-11.575000
4290		-11.050000
4291		-11.518750
4292		-12.331250
4293		-11.981250
4294		-12.856250
4295		-13.556250
4296		-12.887500
4297		-13.581250
4298		-13.818750
4299		-13.350000
4300		-14.281250
4301		-13.643750
4302		-13.175000
4303		-13.381250
4304		-12.537500
4305		-11.631250
4306		-11.025000
4307		-11.543750
4308		-10.875000
4309		-10.062500
4310		-10.350000
4311		-10.643750
4312		-11.925000
4313		-10.675000
4314		-10.906250
4315		-11.575000
4316		-11.081250
4317		-11.343750
4318		-11.718750
4319		-10.700000
4320		-11.281250
4321		-11.256250
4322		-10.675000
4323		-11.106250
4324		-10.612500
4325		-9.800000
4326		-10.500000
4327		-10.006250
4328		-9.537500
4329		-9.943750
4330		-8.637500
4331		-8.868750
4332		-8.900000
4333		-8.231250
4334		-8.575000
4335		-8.837500
4336		-8.143750
4337		-8.837500
4338		-9.162500
4339		-8.987500
4340		-9.918750
4341		-10.293750
4342		-10.118750
4343		-11.693750
4344		-11.487500
4345		-11.718750
4346		-12.650000
4347		-12.475000
4348		-12.537500
4349		-13.143750
4350		-12.625000
4351		-13.231250
4352		-13.350000
4353		-12.187500
4354		-12.331250
4355		-12.300000
4356		-11.225000
4357		-11.837500
4358		-11.487500
4359		-10.500000
4360		-11.081250
4361		-10.731250
4362		-9.918750
4363		-10.875000
4364		-10.675000
4365		-10.437500
4366		-11.281250
4367		-10.993750
4368		-10.906250
4369		-11.781250
4370		-10.587500
4371		-10.437500
4372		-10.556250
4373		-9.306250
4374		-9.393750
4375		-9.187500
4376		-8.231250
4377		-7.937500
4378		-7.443750
4379		-6.600000
4380		-7.125000
4381		-6.712500
4382		-6.162500
4383		-6.887500
4384		-6.131250
4385		-6.250000
4386		-7.500000
4387		-6.775000
4388		-7.793750
4389		-8.312500
4390		-7.968750
4391		-7.993750
4392		-8.925000
4393		-8.143750
4394		-8.312500
4395		-8.518750
4396		-7.850000
4397		-8.462500
4398		-8.143750
4399		-7.237500
4400		-8.168750
4401		-7.300000
4402		-6.600000
4403		-7.818750
4404		-6.625000
4405		-6.306250
4406		-6.687500
4407		-5.931250
4408		-5.900000
4409		-6.250000
4410		-5.287500
4411		-5.350000
4412		-5.868750
4413		-4.762500
4414		-5.262500
4415		-5.056250
4416		-4.243750
4417		-4.850000
4418		-4.793750
4419		-4.300000
4420		-4.737500
4421		-5.112500
4422		-4.650000
4423		-5.812500
4424		-5.581250
4425		-5.843750
4426		-5.931250
4427		-5.287500
4428		-5.056250
4429		-5.843750
4430		-4.531250
4431		-4.762500
4432		-4.475000
4433		-3.106250
4434		-3.368750
4435		-2.812500
4436		-1.856250
4437		-2.318750
4438		-1.968750
4439		-1.275000
4440		-2.468750
4441		-2.262500
4442		-2.206250
4443		-3.281250
4444		-1.968750
4445		-3.018750
4446		-3.543750
4447		-2.725000
4448		-2.931250
4449		-2.987500
4450		-2.031250
4451		-2.493750
4452		-1.856250
4453		-0.718750
4454		-1.387500
4455		-0.981250
4456		-0.837500
4457		-1.650000
4458		-0.781250
4459		-1.037500
4460		-1.650000
4461		-1.593750
4462		-2.612500
4463		-2.700000
4464		-2.118750
4465		-2.525000
4466		-3.400000
4467		-3.075000
4468		-3.687500
4469		-4.356250
4470		-3.225000
4471		-4.181250
4472		-3.950000
4473		-3.487500
4474		-4.156250
4475		-3.631250
4476		-3.337500
4477		-4.356250
4478		-3.250000
4479		-3.368750
4480		-3.718750
4481		-2.468750
4482		-2.087500
4483		-2.381250
4484		-1.450000
4485		-1.450000
4486		-1.300000
4487		-0.431250
4488		-0.925000
4489		-0.862500
4490		-0.137500
4491		-1.243750
4492		-0.606250
4493		-0.193750
4494		-0.862500
4495		-0.256250
4496		-0.018750
4497		-0.606250
4498		0.706250
4499		0.650000
4500		0.212500
4501		0.675000
4502		-0.168750
4503		-0.543750
4504		-0.050000
4505		-0.431250
4506		-0.050000
4507		1.375000
4508		0.475000
4509		1.462500
4510		2.100000
4511		1.868750
4512		2.687500
4513		2.481250
4514		1.431250
4515		1.956250
4516		1.781250
4517		0.618750
4518		1.431250
4519		0.737500
4520		0.300000
4521		1.112500
4522		0.356250
4523		0.793750
4524		1.025000
4525		0.300000
4526		1.462500
4527		1.231250
4528		0.737500
4529		0.937500
4530		0.675000
4531		0.212500
4532		1.231250
4533		0.737500
4534		0.300000
4535		1.431250
4536		0.587500
4537		0.937500
4538		1.518750
4539		0.587500
4540		0.587500
4541		1.287500
4542		-0.343750
4543		0.300000
4544		0.300000
4545		-0.431250
4546		0.268750
4547		0.412500
4548		0.412500
4549		1.168750
4550		0.500000
4551		0.500000
4552		1.406250
4553		0.793750
4554		0.675000
4555		1.200000
4556		0.387500
4557		0.650000
4558		1.518750
4559		0.443750
4560		1.081250
4561		1.168750
4562		1.000000
4563		2.100000
4564		2.012500
4565		1.606250
4566		2.887500
4567		2.187500
4568		2.250000
4569		2.537500
4570		1.581250
4571		1.606250
4572		2.362500
4573		1.143750
4574		1.581250
4575		2.450000
4576		1.000000
4577		2.337500
4578		2.862500
4579		2.131250
4580		3.618750
4581		3.500000
4582		3.031250
4583		3.818750
4584		3.325000
4585		3.618750
4586		4.981250
4587		4.168750
4588		4.781250
4589		5.800000
4590		4.575000
4591		5.768750
4592		5.506250
4593		4.837500
4594		5.625000
4595		5.450000
4596		4.781250
4597		5.825000
4598		5.100000
4599		4.781250
4600		5.737500
4601		4.956250
4602		5.362500
4603		5.768750
4604		4.575000
4605		5.100000
4606		5.768750
4607		4.375000
4608		5.218750
4609		5.100000
4610		4.081250
4611		5.068750
4612		4.693750
4613		3.731250
4614		4.956250
4615		3.937500
4616		3.675000
4617		4.575000
4618		3.850000
4619		3.906250
4620		4.400000
4621		3.150000
4622		3.643750
4623		3.468750
4624		2.425000
4625		3.062500
4626		2.800000
4627		1.493750
4628		2.887500
4629		2.250000
4630		1.900000
4631		3.412500
4632		2.775000
4633		3.093750
4634		4.225000
4635		3.325000
4636		4.200000
4637		4.375000
4638		3.762500
4639		4.462500
4640		4.375000
4641		3.675000
4642		4.400000
4643		4.312500
4644		3.556250
4645		4.637500
4646		4.637500
4647		4.662500
4648		5.887500
4649		5.568750
4650		5.887500
4651		6.993750
4652		6.118750
4653		6.818750
4654		7.400000
4655		6.668750
4656		7.312500
4657		7.343750
4658		6.350000
4659		6.756250
4660		7.106250
4661		6.175000
4662		6.993750
4663		6.412500
4664		5.593750
4665		6.906250
4666		6.262500
4667		6.031250
4668		6.412500
4669		5.450000
4670		5.768750
4671		6.293750
4672		5.156250
4673		5.656250
4674		6.556250
4675		5.481250
4676		6.237500
4677		6.587500
4678		5.887500
4679		6.587500
4680		6.500000
4681		5.568750
4682		6.556250
4683		6.350000
4684		5.681250
4685		6.700000
4686		6.237500
4687		5.537500
4688		6.668750
4689		5.768750
4690		5.887500
4691		6.381250
4692		5.887500
4693		6.118750
4694		6.556250
4695		5.393750
4696		5.712500
4697		5.943750
4698		4.925000
4699		5.393750
4700		6.293750
4701		5.243750
4702		6.087500
4703		6.700000
4704		6.031250
4705		7.137500
4706		7.368750
4707		5.681250
4708		7.400000
4709		6.818750
4710		6.062500
4711		7.168750
4712		6.525000
4713		6.031250
4714		6.843750
4715		6.000000
4716		6.468750
4717		7.806250
4718		6.818750
4719		6.993750
4720		8.156250
4721		7.718750
4722		8.506250
4723		9.525000
4724		8.737500
4725		9.318750
4726		9.581250
4727		9.293750
4728		9.550000
4729		10.018750
4730		9.350000
4731		9.725000
4732		10.162500
4733		8.968750
4734		9.581250
4735		9.318750
4736		8.562500
4737		9.118750
4738		8.943750
4739		8.156250
4740		8.856250
4741		8.331250
4742		7.400000
4743		8.681250
4744		8.506250
4745		8.156250
4746		9.462500
4747		8.943750
4748		8.881250
4749		9.787500
4750		8.881250
4751		8.881250
4752		9.612500
4753		8.506250
4754		8.562500
4755		9.000000
4756		8.100000
4757		8.362500
4758		9.462500
4759		8.156250
4760		8.881250
4761		9.756250
4762		9.031250
4763		9.437500
4764		9.700000
4765		8.825000
4766		9.143750
4767		9.756250
4768		8.562500
4769		9.087500
4770		9.293750
4771		8.212500
4772		8.793750
4773		8.968750
4774		8.156250
4775		9.350000
4776		9.175000
4777		8.475000
4778		9.812500
4779		9.525000
4780		8.943750
4781		9.756250
4782		9.581250
4783		8.681250
4784		9.756250
4785		9.031250
4786		8.968750
4787		10.106250
4788		9.612500
4789		9.293750
4790		10.687500
4791		10.075000
4792		10.600000
4793		11.387500
4794		10.981250
4795		11.562500
4796		12.843750
4797		11.793750
4798		13.218750
4799		13.743750
4800		12.843750
4801		13.800000
4802		14.150000
4803		13.075000
4804		13.481250
4805		12.900000
4806		11.912500
4807		12.518750
4808		12.550000
4809		11.912500
4810		13.393750
4811		13.393750
4812		13.043750
4813		14.118750
4814		13.950000
4815		12.287500
4816		12.668750
4817		11.212500
4818		9.462500
4819		9.031250
4820		7.718750
4821		6.412500
4822		6.175000
4823		5.100000
4824		4.487500
4825		5.737500
4826		5.450000
4827		6.325000
4828		7.775000
4829		8.212500
4830		8.943750
4831		10.456250
4832		10.050000
4833		10.337500
4834		11.181250
4835		10.312500
4836		10.337500
4837		10.106250
4838		9.293750
4839		9.293750
4840		9.668750
4841		8.737500
4842		9.843750
4843		10.543750
4844		10.250000
4845		11.650000
4846		12.843750
4847		13.218750
4848		15.312500
4849		16.506250
4850		16.712500
4851		18.168751
4852		18.693750
4853		17.818750
4854		18.750000
4855		18.368750
4856		16.943750
4857		16.593750
4858		15.431250
4859		13.656250
4860		13.537500
4861		12.231250
4862		11.387500
4863		11.912500
4864		11.181250
4865		10.481250
4866		11.387500
4867		10.568750
4868		10.631250
4869		11.325000
4870		10.481250
4871		9.843750
4872		10.312500
4873		9.206250
4874		9.525000
4875		9.668750
4876		8.475000
4877		8.125000
4878		8.706250
4879		7.950000
4880		8.506250
4881		9.550000
4882		9.175000
4883		9.875000
4884		10.831250
4885		10.225000
4886		10.775000
4887		11.325000
4888		10.600000
4889		11.243750
4890		11.325000
4891		10.075000
4892		10.862500
4893		10.950000
4894		9.812500
4895		10.600000
4896		10.918750
4897		9.987500
4898		11.325000
4899		11.243750
4900		10.250000
4901		11.531250
4902		11.531250
4903		10.193750
4904		11.443750
4905		10.806250
4906		10.456250
4907		11.387500
4908		10.718750
4909		10.568750
4910		11.006250
4911		10.018750
4912		9.843750
4913		10.050000
4914		9.143750
4915		8.943750
4916		9.318750
4917		8.187500
4918		8.362500
4919		9.000000
4920		8.212500
4921		8.531250
4922		9.175000
4923		8.562500
4924		8.793750
4925		9.381250
4926		8.943750
4927		9.525000
4928		10.050000
4929		9.206250
4930		10.018750
4931		9.900000
4932		9.381250
4933		9.962500
4934		9.987500
4935		9.231250
4936		10.106250
4937		9.525000
4938		8.706250
4939		9.087500
4940		8.881250
4941		8.275000
4942		8.943750
4943		8.475000
4944		7.718750
4945		8.068750
4946		7.518750
4947		7.193750
4948		7.431250
4949		7.137500
4950		6.818750
4951		7.431250
4952		6.237500
4953		7.050000
4954		7.343750
4955		6.237500
4956		6.843750
4957		7.081250
4958		6.118750
4959		5.856250
4960		6.350000
4961		5.187500
4962		5.243750
4963		5.450000
4964		4.662500
4965		4.693750
4966		4.781250
4967		4.137500
4968		4.925000
4969		5.393750
4970		5.012500
4971		5.856250
4972		6.031250
4973		5.800000
4974		6.962500
4975		6.906250
4976		6.412500
4977		7.368750
4978		7.137500
4979		6.525000
4980		7.343750
4981		7.018750
4982		7.137500
4983		7.281250
4984		6.700000
4985		6.237500
4986		6.437500
4987		5.418750
4988		5.156250
4989		5.481250
4990		4.287500
4991		3.937500
4992		4.375000
4993		3.531250
4994		4.050000
4995		4.725000
4996		4.725000
4997		4.925000
4998		5.681250
4999		5.218750
5000		5.800000
5001		5.306250
5002		4.112500
5003		4.200000
5004		3.643750
5005		2.306250
5006		2.831250
5007		2.568750
5008		1.781250
5009		2.162500
5010		2.100000
5011		1.931250
5012		3.093750
5013		2.393750
5014		3.093750
5015		2.712500
5016		1.756250
5017		1.025000
5018		0.587500
5019		-0.693750
5020		-0.950000
5021		-0.431250
5022		-1.331250
5023		-1.187500
5024		-0.518750
5025		-0.806250
5026		0.006250
5027		1.231250
5028		1.343750
5029		2.218750
5030		3.643750
5031		3.793750
5032		4.637500
5033		5.362500
5034		5.243750
5035		6.000000
5036		6.000000
5037		4.400000
5038		5.393750
5039		4.575000
5040		3.675000
5041		4.081250
5042		3.381250
5043		2.743750
5044		3.325000
5045		3.181250
5046		3.500000
5047		4.168750
5048		4.025000
5049		3.793750
5050		4.375000
5051		3.093750
5052		2.187500
5053		1.812500
5054		-0.456250
5055		-1.856250
5056		-2.931250
5057		-5.262500
5058		-6.687500
5059		-7.443750
5060		-9.243750
5061		-9.625000
5062		-9.918750
5063		-10.437500
5064		-9.243750
5065		-8.987500
5066		-9.131250
5067		-7.468750
5068		-7.212500
5069		-6.862500
5070		-5.375000
5071		-5.200000
5072		-5.112500
5073		-3.893750
5074		-4.093750
5075		-3.718750
5076		-2.787500
5077		-2.700000
5078		-2.056250
5079		-1.100000
5080		-1.243750
5081		-0.312500
5082		0.850000
5083		0.475000
5084		1.375000
5085		2.275000
5086		1.668750
5087		1.637500
5088		2.337500
5089		1.375000
5090		1.406250
5091		0.562500
5092		-0.543750
5093		-1.037500
5094		-1.475000
5095		-3.075000
5096		-2.900000
5097		-3.575000
5098		-4.587500
5099		-4.531250
5100		-5.056250
5101		-5.668750
5102		-5.087500
5103		-5.781250
5104		-6.250000
5105		-5.900000
5106		-6.481250
5107		-7.268750
5108		-6.306250
5109		-7.793750
5110		-7.468750
5111		-7.006250
5112		-7.587500
5113		-7.212500
5114		-6.831250
5115		-6.918750
5116		-5.668750
5117		-4.762500
5118		-4.737500
5119		-3.600000
5120		-2.756250
5121		-2.987500
5122		-2.118750
5123		-2.143750
5124		-3.137500
5125		-2.900000
5126		-3.893750
5127		-5.200000
5128		-5.000000
5129		-6.537500
5130		-7.150000
5131		-7.412500
5132		-8.256250
5133		-8.431250
5134		-7.762500
5135		-8.431250
5136		-8.312500
5137		-7.468750
5138		-7.993750
5139		-7.993750
5140		-7.356250
5141		-8.375000
5142		-7.706250
5143		-7.937500
5144		-8.900000
5145		-8.750000
5146		-9.218750
5147		-10.643750
5148		-10.468750
5149		-11.487500
5150		-12.712500
5151		-12.331250
5152		-13.437500
5153		-14.575000
5154		-13.318750
5155		-14.018750
5156		-13.231250
5157		-12.243750
5158		-11.662500
5159		-10.850000
5160		-9.393750
5161		-9.418750
5162		-8.231250
5163		-6.975000
5164		-7.006250
5165		-6.193750
5166		-5.231250
5167		-5.987500
5168		-4.650000
5169		-4.737500
5170		-4.968750
5171		-4.068750
5172		-4.068750
5173		-4.475000
5174		-3.512500
5175		-3.831250
5176		-4.825000
5177		-4.300000
5178		-4.968750
5179		-5.550000
5180		-5.262500
5181		-6.075000
5182		-6.393750
5183		-5.756250
5184		-6.512500
5185		-6.450000
5186		-5.987500
5187		-6.687500
5188		-6.131250
5189		-6.043750
5190		-7.037500
5191		-6.656250
5192		-6.625000
5193		-7.993750
5194		-7.325000
5195		-8.081250
5196		-8.925000
5197		-8.606250
5198		-9.187500
5199		-10.150000
5200		-9.656250
5201		-10.175000
5202		-10.500000
5203		-10.325000
5204		-11.193750
5205		-12.037500
5206		-11.400000
5207		-12.156250
5208		-12.387500
5209		-11.487500
5210		-12.331250
5211		-11.575000
5212		-11.193750
5213		-11.893750
5214		-10.850000
5215		-9.975000
5216		-10.643750
5217		-9.743750
5218		-9.450000
5219		-10.150000
5220		-9.187500
5221		-9.481250
5222		-9.743750
5223		-9.187500
5224		-9.450000
5225		-10.325000
5226		-9.306250
5227		-9.743750
5228		-9.656250
5229		-9.075000
5230		-9.918750
5231		-9.681250
5232		-8.575000
5233		-9.831250
5234		-9.537500
5235		-8.287500
5236		-9.100000
5237		-8.375000
5238		-7.643750
5239		-8.606250
5240		-7.850000
5241		-7.618750
5242		-7.881250
5243		-7.443750
5244		-6.918750
5245		-7.731250
5246		-6.831250
5247		-7.587500
5248		-8.312500
5249		-7.500000
5250		-8.606250
5251		-8.868750
5252		-9.162500
5253		-10.237500
5254		-10.437500
5255		-10.325000
5256		-11.343750
5257		-11.312500
5258		-11.225000
5259		-11.718750
5260		-11.837500
5261		-11.281250
5262		-12.012500
5263		-11.137500
5264		-10.850000
5265		-11.106250
5266		-10.150000
5267		-9.887500
5268		-9.918750
5269		-9.418750
5270		-9.506250
5271		-9.656250
5272		-8.750000
5273		-8.837500
5274		-9.131250
5275		-8.781250
5276		-9.162500
5277		-9.681250
5278		-9.075000
5279		-10.006250
5280		-9.800000
5281		-8.900000
5282		-9.331250
5283		-8.750000
5284		-7.793750
5285		-7.937500
5286		-6.775000
5287		-6.250000
5288		-6.537500
5289		-5.287500
5290		-4.937500
5291		-5.143750
5292		-4.443750
5293		-4.762500
5294		-5.025000
5295		-4.587500
5296		-5.200000
5297		-5.550000
5298		-5.581250
5299		-6.481250
5300		-6.568750
5301		-6.306250
5302		-7.443750
5303		-7.093750
5304		-6.950000
5305		-7.325000
5306		-6.712500
5307		-6.712500
5308		-6.800000
5309		-6.043750
5310		-6.337500
5311		-6.537500
5312		-5.462500
5313		-5.693750
5314		-5.693750
5315		-4.912500
5316		-5.175000
5317		-5.000000
5318		-4.300000
5319		-5.262500
5320		-5.025000
5321		-3.918750
5322		-4.356250
5323		-4.156250
5324		-3.368750
5325		-3.862500
5326		-3.425000
5327		-3.337500
5328		-3.631250
5329		-3.368750
5330		-3.456250
5331		-4.243750
5332		-3.512500
5333		-4.268750
5334		-4.675000
5335		-4.125000
5336		-4.650000
5337		-4.737500
5338		-4.212500
5339		-4.300000
5340		-3.687500
5341		-2.787500
5342		-3.075000
5343		-2.406250
5344		-1.625000
5345		-2.293750
5346		-1.243750
5347		-0.693750
5348		-1.475000
5349		-0.456250
5350		-0.606250
5351		-1.793750
5352		-0.981250
5353		-1.562500
5354		-1.881250
5355		-1.562500
5356		-2.231250
5357		-1.968750
5358		-1.625000
5359		-2.175000
5360		-1.825000
5361		-0.518750
5362		-1.243750
5363		-0.662500
5364		0.037500
5365		-0.631250
5366		-0.225000
5367		0.300000
5368		-0.368750
5369		0.356250
5370		-0.050000
5371		-0.893750
5372		-0.312500
5373		-1.100000
5374		-1.737500
5375		-1.187500
5376		-1.625000
5377		-2.175000
5378		-1.650000
5379		-2.843750
5380		-2.700000
5381		-2.293750
5382		-3.050000
5383		-2.318750
5384		-2.812500
5385		-3.250000
5386		-2.468750
5387		-2.493750
5388		-3.050000
5389		-1.562500
5390		-1.912500
5391		-2.031250
5392		-1.037500
5393		-1.243750
5394		-0.662500
5395		0.356250
5396		-0.193750
5397		0.212500
5398		0.937500
5399		-0.575000
5400		0.150000
5401		0.443750
5402		-0.487500
5403		0.268750
5404		1.025000
5405		0.531250
5406		1.318750
5407		1.493750
5408		0.850000
5409		1.812500
5410		1.725000
5411		1.056250
5412		1.725000
5413		0.443750
5414		0.937500
5415		1.318750
5416		0.762500
5417		1.081250
5418		2.481250
5419		1.693750
5420		2.600000
5421		3.118750
5422		2.218750
5423		2.831250
5424		2.712500
5425		1.843750
5426		2.100000
5427		1.431250
5428		0.850000
5429		1.581250
5430		0.912500
5431		0.562500
5432		1.406250
5433		0.587500
5434		0.587500
5435		1.431250
5436		0.587500
5437		1.143750
5438		1.606250
5439		-0.168750
5440		0.356250
5441		1.375000
5442		-0.225000
5443		0.850000
5444		0.475000
5445		-0.281250
5446		0.650000
5447		0.412500
5448		0.093750
5449		1.318750
5450		0.356250
5451		-0.018750
5452		0.325000
5453		-0.518750
5454		-0.343750
5455		0.412500
5456		-0.750000
5457		-0.368750
5458		0.587500
5459		-0.368750
5460		0.675000
5461		0.587500
5462		-0.312500
5463		0.675000
5464		0.587500
5465		-0.368750
5466		0.037500
5467		-0.168750
5468		-0.168750
5469		0.793750
5470		0.212500
5471		0.793750
5472		1.756250
5473		0.937500
5474		1.868750
5475		2.187500
5476		1.143750
5477		1.843750
5478		1.725000
5479		0.531250
5480		1.056250
5481		0.587500
5482		-0.225000
5483		0.412500
5484		-0.225000
5485		-0.081250
5486		0.968750
5487		0.562500
5488		1.168750
5489		2.162500
5490		1.668750
5491		2.162500
5492		2.687500
5493		1.725000
5494		2.943750
5495		3.031250
5496		2.656250
5497		3.206250
5498		3.850000
5499		3.237500
5500		4.050000
5501		3.762500
5502		3.762500
5503		4.606250
5504		3.556250
5505		3.937500
5506		4.725000
5507		3.706250
5508		4.137500
5509		4.200000
5510		3.443750
5511		4.200000
5512		4.050000
5513		3.443750
5514		4.431250
5515		4.050000
5516		3.412500
5517		4.081250
5518		3.443750
5519		2.918750
5520		3.468750
5521		2.393750
5522		2.481250
5523		3.181250
5524		2.187500
5525		2.306250
5526		2.775000
5527		2.043750
5528		2.337500
5529		2.393750
5530		1.725000
5531		2.250000
5532		2.012500
5533		0.912500
5534		1.287500
5535		0.587500
5536		0.150000
5537		0.881250
5538		-0.400000
5539		0.268750
5540		0.912500
5541		0.300000
5542		0.587500
5543		1.431250
5544		0.412500
5545		1.231250
5546		1.812500
5547		1.431250
5548		2.187500
5549		1.781250
5550		1.318750
5551		2.425000
5552		1.868750
5553		1.518750
5554		2.512500
5555		1.518750
5556		2.162500
5557		2.425000
5558		1.843750
5559		2.568750
5560		3.031250
5561		2.306250
5562		3.293750
5563		3.206250
5564		2.975000
5565		4.025000
5566		3.468750
5567		3.356250
5568		3.762500
5569		3.206250
5570		3.731250
5571		4.312500
5572		3.093750
5573		3.237500
5574		4.050000
5575		2.831250
5576		3.356250
5577		3.206250
5578		2.393750
5579		2.918750
5580		2.306250
5581		2.337500
5582		2.800000
5583		1.843750
5584		2.162500
5585		2.600000
5586		1.956250
5587		2.918750
5588		3.556250
5589		2.743750
5590		3.181250
5591		3.556250
5592		2.481250
5593		3.006250
5594		3.325000
5595		1.843750
5596		3.237500
5597		2.512500
5598		2.393750
5599		3.118750
5600		2.512500
5601		2.275000
5602		3.006250
5603		1.931250
5604		2.481250
5605		2.743750
5606		1.462500
5607		2.362500
5608		1.956250
5609		1.343750
5610		2.743750
5611		2.162500
5612		2.131250
5613		2.975000
5614		2.275000
5615		2.918750
5616		3.500000
5617		2.481250
5618		3.118750
5619		3.325000
5620		2.625000
5621		2.393750
5622		2.625000
5623		1.956250
5624		2.043750
5625		2.218750
5626		1.375000
5627		2.712500
5628		2.481250
5629		2.600000
5630		3.937500
5631		3.731250
5632		4.025000
5633		5.218750
5634		4.431250
5635		5.100000
5636		5.593750
5637		4.637500
5638		5.068750
5639		5.362500
5640		4.256250
5641		5.275000
5642		4.925000
5643		4.168750
5644		5.218750
5645		4.312500
5646		4.287500
5647		4.806250
5648		3.937500
5649		4.256250
5650		4.750000
5651		4.025000
5652		4.081250
5653		4.606250
5654		3.762500
5655		3.937500
5656		4.431250
5657		3.643750
5658		4.662500
5659		4.400000
5660		3.356250
5661		4.487500
5662		3.818750
5663		3.587500
5664		3.937500
5665		3.500000
5666		3.206250
5667		4.112500
5668		3.206250
5669		3.412500
5670		4.662500
5671		4.050000
5672		3.906250
5673		4.868750
5674		3.762500
5675		4.081250
5676		4.518750
5677		3.706250
5678		4.287500
5679		3.643750
5680		2.975000
5681		3.706250
5682		3.118750
5683		2.775000
5684		3.937500
5685		3.531250
5686		3.325000
5687		4.431250
5688		3.706250
5689		3.906250
5690		5.012500
5691		4.806250
5692		4.200000
5693		4.637500
5694		3.356250
5695		3.762500
5696		4.518750
5697		3.412500
5698		4.487500
5699		4.750000
5700		3.962500
5701		4.956250
5702		5.187500
5703		4.375000
5704		5.887500
5705		6.668750
5706		5.800000
5707		6.993750
5708		7.137500
5709		6.906250
5710		8.362500
5711		7.981250
5712		7.631250
5713		8.418750
5714		7.575000
5715		6.787500
5716		7.662500
5717		6.700000
5718		6.756250
5719		7.718750
5720		6.731250
5721		7.168750
5722		8.362500
5723		7.400000
5724		7.750000
5725		8.012500
5726		5.943750
5727		5.825000
5728		4.925000
5729		2.337500
5730		2.337500
5731		0.706250
5732		-0.606250
5733		-0.487500
5734		-0.837500
5735		-1.625000
5736		0.268750
5737		0.706250
5738		0.937500
5739		3.031250
5740		2.975000
5741		3.206250
5742		4.868750
5743		4.400000
5744		4.256250
5745		4.925000
5746		3.706250
5747		3.618750
5748		3.875000
5749		2.862500
5750		3.031250
5751		4.112500
5752		3.268750
5753		4.431250
5754		5.681250
5755		5.243750
5756		6.468750
5757		8.275000
5758		8.450000
5759		10.018750
5760		11.268750
5761		11.443750
5762		12.200000
5763		12.175000
5764		11.387500
5765		12.143750
5766		11.181250
5767		9.350000
5768		8.856250
5769		7.893750
5770		5.856250
5771		6.381250
5772		5.218750
5773		4.518750
5774		5.243750
5775		4.462500
5776		3.762500
5777		4.868750
5778		4.575000
5779		4.112500
5780		4.662500
5781		3.531250
5782		3.643750
5783		3.906250
5784		2.743750
5785		2.275000
5786		2.481250
5787		1.931250
5788		1.931250
5789		2.918750
5790		2.337500
5791		2.975000
5792		3.818750
5793		3.618750
5794		4.431250
5795		4.925000
5796		4.343750
5797		5.131250
5798		5.506250
5799		4.781250
5800		4.693750
5801		5.012500
5802		3.906250
5803		4.725000
5804		4.487500
5805		3.618750
5806		4.781250
5807		4.575000
5808		4.200000
5809		5.156250
5810		5.218750
5811		4.518750
5812		5.800000
5813		5.100000
5814		4.637500
5815		5.362500
5816		5.156250
5817		4.375000
5818		5.012500
5819		4.343750
5820		3.937500
5821		4.606250
5822		3.675000
5823		3.556250
5824		4.050000
5825		3.031250
5826		2.743750
5827		3.206250
5828		2.250000
5829		2.687500
5830		3.325000
5831		2.362500
5832		3.412500
5833		3.937500
5834		2.918750
5835		3.412500
5836		4.050000
5837		3.268750
5838		3.875000
5839		3.793750
5840		3.293750
5841		3.850000
5842		4.287500
5843		2.918750
5844		3.875000
5845		4.137500
5846		2.712500
5847		3.468750
5848		3.468750
5849		2.568750
5850		3.268750
5851		2.943750
5852		2.362500
5853		2.800000
5854		2.337500
5855		1.143750
5856		1.756250
5857		1.256250
5858		0.268750
5859		1.112500
5860		0.325000
5861		-0.050000
5862		0.850000
5863		0.387500
5864		-0.018750
5865		0.881250
5866		0.412500
5867		0.237500
5868		-0.081250
5869		-0.137500
5870		0.181250
5871		0.387500
5872		-0.718750
5873		-0.950000
5874		-0.225000
5875		-1.506250
5876		-1.156250
5877		-0.893750
5878		-1.243750
5879		-0.893750
5880		-0.225000
5881		-1.275000
5882		-0.081250
5883		0.881250
5884		-0.137500
5885		0.387500
5886		1.168750
5887		0.562500
5888		1.143750
5889		1.112500
5890		0.562500
5891		1.518750
5892		1.000000
5893		0.068750
5894		0.587500
5895		0.150000
5896		-0.575000
5897		0.006250
5898		-0.893750
5899		-1.943750
5900		-1.362500
5901		-2.206250
5902		-2.931250
5903		-1.793750
5904		-1.912500
5905		-2.143750
5906		-1.100000
5907		-1.187500
5908		-0.950000
5909		-0.050000
5910		-0.312500
5911		-0.575000
5912		-0.081250
5913		-1.156250
5914		-1.737500
5915		-1.968750
5916		-3.456250
5917		-3.400000
5918		-2.812500
5919		-3.687500
5920		-3.718750
5921		-2.468750
5922		-3.656250
5923		-2.931250
5924		-2.525000
5925		-3.806250
5926		-3.368750
5927		-3.743750
5928		-5.262500
5929		-5.231250
5930		-5.843750
5931		-6.975000
5932		-6.481250
5933		-6.481250
5934		-7.006250
5935		-6.018750
5936		-5.693750
5937		-5.581250
5938		-4.037500
5939		-3.543750
5940		-3.425000
5941		-1.593750
5942		-1.593750
5943		-0.893750
5944		0.093750
5945		-0.106250
5946		0.125000
5947		0.587500
5948		-0.456250
5949		-0.606250
5950		-0.281250
5951		-1.712500
5952		-1.300000
5953		-1.156250
5954		-2.031250
5955		-1.825000
5956		-1.243750
5957		-1.593750
5958		-1.243750
5959		-0.606250
5960		-1.650000
5961		-1.331250
5962		-2.056250
5963		-3.718750
5964		-4.587500
5965		-6.106250
5966		-8.081250
5967		-9.243750
5968		-10.700000
5969		-12.856250
5970		-12.825000
5971		-14.281250
5972		-15.243750
5973		-14.918750
5974		-14.718750
5975		-15.156250
5976		-13.643750
5977		-13.612500
5978		-13.031250
5979		-11.868750
5980		-11.575000
5981		-11.281250
5982		-9.918750
5983		-9.918750
5984		-9.306250
5985		-8.168750
5986		-8.431250
5987		-7.762500
5988		-6.687500
5989		-7.037500
5990		-6.131250
5991		-4.706250
5992		-5.375000
5993		-4.212500
5994		-3.368750
5995		-4.068750
5996		-2.987500
5997		-2.843750
5998		-3.575000
5999		-3.075000
6000		-2.987500
6001		-4.506250
6002		-4.387500
6003		-5.493750
6004		-6.537500
6005		-6.712500
6006		-7.150000
6007		-8.606250
6008		-8.287500
6009		-8.725000
6010		-9.506250
6011		-9.187500
6012		-9.975000
6013		-9.918750
6014		-9.187500
6015		-10.556250
6016		-10.587500
6017		-9.831250
6018		-11.431250
6019		-11.893750
6020		-10.787500
6021		-12.387500
6022		-12.037500
6023		-11.456250
6024		-11.575000
6025		-10.906250
6026		-10.093750
6027		-10.175000
6028		-8.956250
6029		-7.818750
6030		-7.556250
6031		-6.512500
6032		-5.956250
6033		-6.800000
6034		-6.162500
6035		-7.181250
6036		-8.143750
6037		-8.343750
6038		-9.075000
6039		-10.643750
6040		-10.437500
6041		-11.575000
6042		-12.362500
6043		-11.750000
6044		-12.387500
6045		-12.506250
6046		-11.925000
6047		-12.012500
6048		-11.781250
6049		-11.193750
6050		-12.100000
6051		-11.606250
6052		-10.993750
6053		-11.893750
6054		-11.868750
6055		-11.631250
6056		-12.912500
6057		-13.318750
6058		-13.818750
6059		-15.125000
6060		-15.443750
6061		-16.174999
6062		-17.106251
6063		-17.162500
6064		-17.424999
6065		-18.325001
6066		-16.987499
6067		-16.781250
6068		-16.318750
6069		-14.631250
6070		-14.075000
6071		-13.525000
6072		-11.543750
6073		-11.368750
6074		-10.762500
6075		-9.768750
6076		-9.481250
6077		-9.243750
6078		-8.143750
6079		-8.662500
6080		-7.906250
6081		-7.212500
6082		-7.793750
6083		-7.381250
6084		-7.006250
6085		-7.818750
6086		-7.125000
6087		-7.212500
6088		-8.312500
6089		-8.143750
6090		-8.431250
6091		-9.131250
6092		-8.606250
6093		-8.750000
6094		-9.275000
6095		-8.900000
6096		-8.987500
6097		-9.450000
6098		-8.637500
6099		-9.481250
6100		-9.450000
6101		-9.100000
6102		-9.537500
6103		-10.062500
6104		-9.768750
6105		-10.875000
6106		-10.962500
6107		-10.643750
6108		-11.925000
6109		-11.893750
6110		-12.275000
6111		-12.912500
6112		-13.087500
6113		-12.968750
6114		-13.612500
6115		-13.818750
6116		-13.525000
6117		-14.862500
6118		-14.312500
6119		-14.543750
6120		-15.156250
6121		-14.281250
6122		-14.225000
6123		-14.687500
6124		-13.493750
6125		-13.468750
6126		-13.406250
6127		-12.100000
6128		-11.868750
6129		-12.300000
6130		-11.956250
6131		-11.400000
6132		-11.518750
6133		-11.193750
6134		-11.868750
6135		-11.718750
6136		-11.543750
6137		-12.362500
6138		-11.956250
6139		-11.456250
6140		-12.362500
6141		-11.806250
6142		-11.575000
6143		-12.331250
6144		-11.518750
6145		-11.487500
6146		-11.781250
6147		-10.381250
6148		-10.700000
6149		-10.787500
6150		-9.768750
6151		-9.450000
6152		-9.593750
6153		-8.725000
6154		-8.868750
6155		-9.162500
6156		-8.462500
6157		-9.187500
6158		-9.306250
6159		-9.187500
6160		-10.587500
6161		-10.906250
6162		-10.700000
6163		-12.012500
6164		-11.868750
6165		-12.212500
6166		-13.087500
6167		-12.968750
6168		-13.231250
6169		-13.787500
6170		-12.968750
6171		-12.943750
6172		-13.612500
6173		-12.737500
6174		-12.387500
6175		-13.031250
6176		-11.662500
6177		-11.718750
6178		-11.925000
6179		-10.818750
6180		-10.937500
6181		-11.025000
6182		-10.350000
6183		-10.937500
6184		-11.081250
6185		-10.293750
6186		-11.281250
6187		-11.081250
6188		-10.587500
6189		-11.368750
6190		-10.993750
6191		-10.762500
6192		-10.962500
6193		-10.293750
6194		-9.625000
6195		-9.656250
6196		-8.462500
6197		-8.287500
6198		-8.518750
6199		-7.443750
6200		-7.150000
6201		-7.006250
6202		-6.337500
6203		-7.125000
6204		-7.181250
6205		-6.393750
6206		-6.918750
6207		-7.181250
6208		-7.006250
6209		-7.906250
6210		-7.937500
6211		-7.412500
6212		-8.900000
6213		-8.168750
6214		-7.850000
6215		-8.868750
6216		-8.200000
6217		-7.881250
6218		-8.487500
6219		-7.762500
6220		-7.556250
6221		-8.200000
6222		-7.125000
6223		-7.181250
6224		-7.443750
6225		-6.450000
6226		-6.537500
6227		-6.537500
6228		-5.550000
6229		-6.250000
6230		-5.931250
6231		-4.937500
6232		-5.143750
6233		-5.143750
6234		-4.587500
6235		-5.231250
6236		-4.587500
6237		-4.212500
6238		-5.437500
6239		-4.650000
6240		-4.587500
6241		-5.668750
6242		-4.737500
6243		-5.693750
6244		-6.250000
6245		-5.493750
6246		-5.812500
6247		-6.162500
6248		-5.087500
6249		-5.462500
6250		-5.318750
6251		-4.006250
6252		-4.243750
6253		-3.687500
6254		-2.525000
6255		-3.106250
6256		-2.725000
6257		-1.968750
6258		-2.143750
6259		-1.825000
6260		-1.681250
6261		-2.581250
6262		-2.406250
6263		-2.350000
6264		-3.106250
6265		-2.381250
6266		-2.725000
6267		-3.512500
6268		-2.787500
6269		-3.018750
6270		-2.700000
6271		-2.318750
6272		-2.262500
6273		-2.056250
6274		-1.593750
6275		-1.856250
6276		-1.387500
6277		-0.431250
6278		-1.243750
6279		-1.068750
6280		-0.487500
6281		-1.737500
6282		-1.912500
6283		-1.881250
6284		-2.931250
6285		-2.987500
6286		-3.137500
6287		-4.300000
6288		-3.425000
6289		-3.281250
6290		-4.587500
6291		-4.006250
6292		-4.037500
6293		-4.300000
6294		-3.075000
6295		-4.387500
6296		-3.918750
6297		-3.631250
6298		-3.487500
6299		-3.312500
6300		-2.406250
6301		-3.337500
6302		-2.756250
6303		-2.668750
6304		-2.725000
6305		-1.768750
6306		-1.537500
6307		-2.031250
6308		-1.187500
6309		-1.681250
6310		-1.768750
6311		-0.862500
6312		-1.187500
6313		-1.881250
6314		-0.950000
6315		-0.718750
6316		-0.662500
6317		0.212500
6318		-0.312500
6319		0.212500
6320		1.056250
6321		-0.518750
6322		-0.343750
6323		0.006250
6324		-1.037500
6325		-0.693750
6326		-0.312500
6327		-0.431250
6328		0.356250
6329		0.850000
6330		0.412500
6331		1.868750
6332		1.931250
6333		1.462500
6334		2.100000
6335		1.231250
6336		0.912500
6337		1.287500
6338		0.212500
6339		-0.050000
6340		0.706250
6341		-0.606250
6342		-0.137500
6343		0.268750
6344		-0.806250
6345		-0.431250
6346		0.237500
6347		-0.456250
6348		0.356250
6349		0.150000
6350		-0.662500
6351		-0.081250
6352		-0.400000
6353		-0.950000
6354		-0.081250
6355		-0.862500
6356		-0.543750
6357		-0.018750
6358		-0.575000
6359		-0.368750
6360		0.237500
6361		-0.718750
6362		-0.662500
6363		-1.012500
6364		-1.562500
6365		-1.387500
6366		-0.981250
6367		-1.506250
6368		-0.950000
6369		-1.068750
6370		-1.537500
6371		-0.575000
6372		-0.518750
6373		-0.806250
6374		-0.487500
6375		-1.012500
6376		-1.418750
6377		-0.281250
6378		-1.450000
6379		-1.012500
6380		-0.631250
6381		-0.456250
6382		-0.487500
6383		0.006250
6384		-0.431250
6385		0.006250
6386		0.212500
6387		-0.281250
6388		-0.050000
6389		0.006250
6390		-0.662500
6391		-0.693750
6392		-0.862500
6393		-1.125000
6394		-0.575000
6395		-1.125000
6396		-0.543750
6397		0.443750
6398		0.068750
6399		0.356250
6400		1.143750
6401		0.618750
6402		1.375000
6403		1.812500
6404		1.287500
6405		2.162500
6406		2.275000
6407		1.518750
6408		2.625000
6409		2.481250
6410		2.306250
6411		3.706250
6412		3.150000
6413		3.118750
6414		4.081250
6415		3.062500
6416		3.643750
6417		4.112500
6418		3.412500
6419		3.762500
6420		4.225000
6421		2.943750
6422		3.181250
6423		3.381250
6424		2.743750
6425		3.268750
6426		3.556250
6427		2.600000
6428		3.325000
6429		3.325000
6430		2.600000
6431		2.975000
6432		2.775000
6433		2.831250
6434		3.150000
6435		2.075000
6436		2.362500
6437		2.712500
6438		1.843750
6439		2.043750
6440		2.393750
6441		1.812500
6442		1.725000
6443		1.462500
6444		0.650000
6445		1.231250
6446		0.737500
6447		0.300000
6448		0.443750
6449		0.181250
6450		0.237500
6451		1.200000
6452		0.762500
6453		1.081250
6454		2.775000
6455		1.375000
6456		2.218750
6457		2.450000
6458		1.812500
6459		2.537500
6460		2.831250
6461		2.450000
6462		2.600000
6463		2.537500
6464		1.518750
6465		2.450000
6466		2.218750
6467		2.306250
6468		3.381250
6469		2.656250
6470		3.181250
6471		4.200000
6472		3.706250
6473		4.287500
6474		5.100000
6475		4.225000
6476		4.287500
6477		5.068750
6478		3.793750
6479		5.068750
6480		4.868750
6481		5.068750
6482		4.806250
6483		4.168750
6484		3.850000
6485		4.462500
6486		3.793750
6487		3.818750
6488		4.575000
6489		3.500000
6490		3.937500
6491		4.112500
6492		3.118750
6493		3.412500
6494		4.168750
6495		3.181250
6496		4.287500
6497		3.937500
6498		3.675000
6499		4.462500
6500		3.962500
6501		3.762500
6502		4.518750
6503		3.643750
6504		3.675000
6505		4.287500
6506		3.500000
6507		4.025000
6508		4.375000
6509		3.468750
6510		4.025000
6511		3.762500
6512		3.381250
6513		4.487500
6514		4.025000
6515		2.887500
6516		3.850000
6517		3.093750
6518		2.975000
6519		3.381250
6520		3.006250
6521		3.181250
6522		4.050000
6523		3.731250
6524		4.225000
6525		4.725000
6526		4.137500
6527		5.100000
6528		5.393750
6529		4.400000
6530		5.218750
6531		4.806250
6532		4.343750
6533		5.131250
6534		4.462500
6535		4.200000
6536		5.362500
6537		4.750000
6538		5.068750
6539		5.943750
6540		5.506250
6541		6.150000
6542		7.050000
6543		6.206250
6544		7.256250
6545		7.775000
6546		7.137500
6547		7.775000
6548		8.068750
6549		7.343750
6550		8.125000
6551		7.575000
6552		7.456250
6553		8.418750
6554		7.687500
6555		7.631250
6556		7.718750
6557		7.281250
6558		7.750000
6559		7.775000
6560		6.818750
6561		7.343750
6562		7.137500
6563		5.800000
6564		7.225000
6565		6.668750
6566		6.525000
6567		7.368750
6568		6.843750
6569		6.962500
6570		7.431250
6571		6.787500
6572		7.081250
6573		7.575000
6574		6.700000
6575		6.818750
6576		7.256250
6577		5.737500
6578		7.081250
6579		7.281250
6580		6.468750
6581		7.400000
6582		6.962500
6583		6.818750
6584		7.925000
6585		7.081250
6586		8.068750
6587		8.125000
6588		7.343750
6589		7.168750
6590		7.718750
6591		6.818750
6592		7.256250
6593		7.662500
6594		6.556250
6595		7.837500
6596		7.518750
6597		7.137500
6598		8.562500
6599		7.806250
6600		8.187500
6601		9.000000
6602		7.981250
6603		8.275000
6604		8.706250
6605		7.281250
6606		8.068750
6607		8.362500
6608		7.837500
6609		8.387500
6610		8.362500
6611		7.718750
6612		9.087500
6613		8.793750
6614		8.943750
6615		9.875000
6616		9.875000
6617		10.193750
6618		11.443750
6619		10.718750
6620		11.650000
6621		12.725000
6622		11.912500
6623		12.900000
6624		12.518750
6625		11.762500
6626		11.850000
6627		11.356250
6628		10.893750
6629		11.356250
6630		10.893750
6631		11.706250
6632		12.431250
6633		11.912500
6634		12.000000
6635		13.162500
6636		11.968750
6637		11.762500
6638		11.006250
6639		9.000000
6640		8.912500
6641		7.106250
6642		5.825000
6643		5.156250
6644		3.993750
6645		3.237500
6646		4.200000
6647		3.643750
6648		4.518750
6649		6.412500
6650		6.087500
6651		6.906250
6652		8.475000
6653		7.837500
6654		9.000000
6655		9.462500
6656		8.856250
6657		9.293750
6658		8.943750
6659		7.862500
6660		8.681250
6661		8.562500
6662		7.662500
6663		8.706250
6664		8.618750
6665		8.968750
6666		10.337500
6667		10.775000
6668		11.793750
6669		13.687500
6670		14.268750
6671		15.400000
6672		17.174999
6673		16.831249
6674		17.674999
6675		18.137501
6676		16.975000
6677		16.887501
6678		16.275000
6679		14.531250
6680		14.381250
6681		12.987500
6682		11.618750
6683		11.762500
6684		10.806250
6685		9.668750
6686		10.631250
6687		9.962500
6688		9.700000
6689		10.018750
6690		9.493750
6691		9.293750
6692		10.193750
6693		9.175000
6694		8.737500
6695		8.968750
6696		7.575000
6697		7.837500
6698		8.331250
6699		7.050000
6700		7.718750
6701		7.862500
6702		7.487500
6703		8.418750
6704		8.912500
6705		8.618750
6706		9.987500
6707		10.312500
6708		9.612500
6709		10.981250
6710		10.543750
6711		9.668750
6712		11.068750
6713		10.368750
6714		9.812500
6715		10.806250
6716		10.193750
6717		10.050000
6718		10.918750
6719		10.481250
6720		10.656250
6721		11.475000
6722		10.918750
6723		11.325000
6724		12.056250
6725		10.918750
6726		10.981250
6727		11.325000
6728		10.456250
6729		10.831250
6730		10.950000
6731		10.162500
6732		10.193750
6733		10.193750
6734		9.175000
6735		9.700000
6736		9.525000
6737		8.212500
6738		9.000000
6739		8.856250
6740		8.156250
6741		8.968750
6742		8.681250
6743		8.012500
6744		9.406250
6745		8.943750
6746		8.618750
6747		9.756250
6748		9.143750
6749		9.087500
6750		9.875000
6751		9.350000
6752		9.493750
6753		10.050000
6754		9.143750
6755		9.637500
6756		10.368750
6757		9.318750
6758		9.787500
6759		10.225000
6760		9.175000
6761		9.637500
6762		9.987500
6763		8.475000
6764		8.793750
6765		9.000000
6766		7.600000
6767		8.012500
6768		7.575000
6769		6.756250
6770		7.018750
6771		7.050000
6772		6.350000
6773		7.631250
6774		6.962500
6775		6.118750
6776		7.343750
6777		7.137500
6778		6.262500
6779		7.137500
6780		6.381250
6781		5.800000
6782		6.525000
6783		5.506250
6784		5.156250
6785		5.712500
6786		4.431250
6787		4.693750
6788		5.593750
6789		5.306250
6790		5.306250
6791		6.206250
6792		5.450000
6793		6.237500
6794		6.906250
6795		6.412500
6796		6.962500
6797		7.543750
6798		6.612500
6799		7.256250
6800		7.687500
6801		6.556250
6802		7.487500
6803		7.518750
6804		6.031250
6805		6.700000
6806		6.643750
6807		5.537500
6808		5.975000
6809		5.306250
6810		4.200000
6811		4.662500
6812		4.287500
6813		3.206250
6814		4.137500
6815		4.225000
6816		3.850000
6817		5.156250
6818		5.537500
6819		4.956250
6820		6.087500
6821		5.593750
6822		5.068750
6823		5.393750
6824		4.431250
6825		3.381250
6826		3.962500
6827		2.800000
6828		2.275000
6829		2.887500
6830		2.075000
6831		2.275000
6832		3.268750
6833		2.537500
6834		3.062500
6835		3.906250
6836		2.393750
6837		2.218750
6838		2.450000
6839		0.706250
6840		0.650000
6841		0.325000
6842		-0.693750
6843		-0.693750
6844		-0.343750
6845		-1.012500
6846		-0.168750
6847		0.475000
6848		0.093750
6849		1.900000
6850		2.943750
6851		3.006250
6852		4.375000
6853		5.156250
6854		5.393750
6855		6.612500
6856		6.962500
6857		6.118750
6858		6.962500
6859		6.350000
6860		5.068750
6861		5.625000
6862		4.956250
6863		3.762500
6864		4.518750
6865		3.993750
6866		3.587500
6867		4.893750
6868		4.487500
6869		4.343750
6870		5.331250
6871		4.637500
6872		4.431250
6873		4.431250
6874		2.687500
6875		1.725000
6876		0.793750
6877		-1.825000
6878		-2.787500
6879		-4.125000
6880		-6.193750
6881		-6.831250
6882		-7.150000
6883		-8.956250
6884		-8.868750
6885		-8.143750
6886		-8.781250
6887		-7.731250
6888		-6.656250
6889		-7.062500
6890		-5.900000
6891		-5.025000
6892		-5.262500
6893		-4.418750
6894		-3.600000
6895		-4.006250
6896		-2.962500
6897		-2.000000
6898		-2.643750
6899		-1.100000
6900		-0.862500
6901		-1.012500
6902		1.025000
6903		1.231250
6904		0.793750
6905		2.425000
6906		2.250000
6907		2.625000
6908		3.643750
6909		2.775000
6910		2.831250
6911		3.006250
6912		1.606250
6913		1.025000
6914		1.318750
6915		-0.137500
6916		-0.837500
6917		-0.750000
6918		-2.175000
6919		-2.406250
6920		-2.493750
6921		-3.775000
6922		-3.981250
6923		-3.656250
6924		-4.825000
6925		-4.506250
6926		-4.181250
6927		-5.843750
6928		-5.550000
6929		-5.375000
6930		-6.625000
6931		-6.393750
6932		-6.193750
6933		-6.537500
6934		-5.843750
6935		-5.843750
6936		-6.106250
6937		-5.200000
6938		-4.356250
6939		-4.443750
6940		-2.700000
6941		-2.206250
6942		-2.556250
6943		-1.156250
6944		-1.968750
6945		-2.262500
6946		-2.556250
6947		-2.931250
6948		-4.156250
6949		-4.093750
6950		-5.375000
6951		-6.018750
6952		-5.756250
6953		-6.918750
6954		-6.337500
6955		-6.043750
6956		-6.687500
6957		-6.625000
6958		-5.637500
6959		-6.337500
6960		-5.843750
6961		-5.550000
6962		-6.687500
6963		-6.568750
6964		-6.250000
6965		-7.443750
6966		-7.150000
6967		-7.500000
6968		-8.662500
6969		-9.043750
6970		-9.887500
6971		-11.193750
6972		-10.937500
6973		-11.781250
6974		-12.681250
6975		-12.243750
6976		-12.156250
6977		-12.362500
6978		-11.137500
6979		-10.587500
6980		-10.062500
6981		-8.462500
6982		-8.143750
6983		-7.412500
6984		-6.131250
6985		-5.900000
6986		-5.462500
6987		-3.981250
6988		-4.531250
6989		-3.862500
6990		-3.137500
6991		-4.068750
6992		-3.543750
6993		-2.756250
6994		-2.987500
6995		-2.668750
6996		-2.493750
6997		-3.487500
6998		-2.725000
6999		-2.987500
7000		-3.775000
7001		-3.656250
7002		-3.425000
7003		-4.562500
7004		-4.356250
7005		-4.443750
7006		-5.025000
7007		-4.037500
7008		-4.387500
7009		-5.112500
7010		-4.356250
7011		-4.850000
7012		-5.175000
7013		-4.881250
7014		-5.581250
7015		-6.193750
7016		-5.756250
7017		-6.743750
7018		-6.862500
7019		-6.625000
7020		-7.793750
7021		-8.025000
7022		-7.675000
7023		-8.987500
7024		-9.043750
7025		-8.750000
7026		-9.768750
7027		-9.943750
7028		-9.887500
7029		-10.762500
7030		-10.468750
7031		-10.206250
7032		-10.612500
7033		-10.175000
7034		-9.537500
7035		-9.887500
7036		-8.900000
7037		-8.781250
7038		-8.781250
7039		-8.256250
7040		-7.881250
7041		-8.637500
7042		-7.443750
7043		-7.818750
7044		-8.312500
7045		-7.762500
7046		-7.993750
7047		-8.375000
7048		-7.937500
7049		-8.462500
7050		-8.518750
7051		-7.731250
7052		-8.575000
7053		-8.287500
7054		-7.268750
7055		-7.643750
7056		-7.381250
7057		-6.687500
7058		-7.125000
7059		-6.481250
7060		-5.987500
7061		-6.306250
7062		-5.518750
7063		-5.550000
7064		-6.393750
7065		-5.406250
7066		-5.550000
7067		-6.337500
7068		-5.231250
7069		-5.843750
7070		-6.918750
7071		-6.600000
7072		-6.918750
7073		-8.112500
7074		-7.762500
7075		-8.662500
7076		-8.987500
7077		-9.306250
7078		-10.093750
7079		-10.293750
7080		-9.593750
7081		-10.262500
7082		-10.262500
7083		-9.625000
7084		-9.831250
7085		-9.593750
7086		-8.693750
7087		-9.681250
7088		-8.868750
7089		-8.256250
7090		-8.781250
7091		-7.937500
7092		-7.706250
7093		-8.662500
7094		-7.675000
7095		-7.675000
7096		-7.818750
7097		-7.968750
7098		-8.168750
7099		-8.812500
7100		-7.881250
7101		-8.081250
7102		-8.343750
7103		-7.268750
7104		-7.731250
7105		-7.587500
7106		-6.337500
7107		-6.218750
7108		-5.437500
7109		-4.825000
7110		-5.112500
7111		-4.506250
7112		-3.775000
7113		-4.531250
7114		-3.806250
7115		-3.225000
7116		-4.618750
7117		-4.300000
7118		-4.212500
7119		-5.231250
7120		-4.850000
7121		-5.231250
7122		-6.131250
7123		-5.868750
7124		-6.193750
7125		-6.568750
7126		-5.900000
7127		-6.193750
7128		-6.368750
7129		-5.756250
7130		-5.637500
7131		-5.781250
7132		-4.968750
7133		-5.406250
7134		-4.937500
7135		-4.006250
7136		-4.506250
7137		-4.181250
7138		-3.425000
7139		-4.300000
7140		-3.806250
7141		-3.281250
7142		-4.212500
7143		-3.193750
7144		-3.487500
7145		-3.950000
7146		-3.225000
7147		-3.162500
7148		-3.487500
7149		-2.437500
7150		-2.875000
7151		-3.575000
7152		-2.875000
7153		-3.312500
7154		-3.512500
7155		-3.075000
7156		-3.718750
7157		-3.918750
7158		-3.225000
7159		-3.806250
7160		-3.487500
7161		-2.787500
7162		-2.931250
7163		-2.612500
7164		-1.825000
7165		-2.262500
7166		-1.300000
7167		-0.718750
7168		-1.300000
7169		-0.718750
7170		-0.368750
7171		-1.012500
7172		-0.518750
7173		-0.662500
7174		-1.012500
7175		-0.718750
7176		-1.243750
7177		-1.881250
7178		-1.506250
7179		-1.912500
7180		-1.968750
7181		-1.187500
7182		-1.331250
7183		-0.950000
7184		-0.281250
7185		-0.606250
7186		-0.312500
7187		0.531250
7188		0.068750
7189		0.093750
7190		0.650000
7191		-0.456250
7192		-0.225000
7193		-0.368750
7194		-0.950000
7195		-0.925000
7196		-1.156250
7197		-1.968750
7198		-1.506250
7199		-1.681250
7200		-2.668750
7201		-2.262500
7202		-2.468750
7203		-3.512500
7204		-2.293750
7205		-3.162500
7206		-3.225000
7207		-2.581250
7208		-2.612500
7209		-2.293750
7210		-1.793750
7211		-2.406250
7212		-1.912500
7213		-1.593750
7214		-1.768750
7215		-0.893750
7216		-0.312500
7217		-1.100000
7218		-0.137500
7219		-0.225000
7220		-0.487500
7221		-0.225000
7222		0.181250
7223		-1.068750
7224		-0.050000
7225		-0.225000
7226		-0.631250
7227		0.706250
7228		0.706250
7229		0.618750
7230		1.725000
7231		1.025000
7232		1.375000
7233		1.518750
7234		0.850000
7235		0.912500
7236		1.287500
7237		0.500000
7238		0.825000
7239		1.168750
7240		1.581250
7241		2.100000
7242		2.537500
7243		2.187500
7244		2.975000
7245		2.600000
7246		1.956250
7247		2.537500
7248		1.956250
7249		1.081250
7250		1.725000
7251		0.937500
7252		0.500000
7253		0.650000
7254		0.412500
7255		0.587500
7256		1.406250
7257		0.300000
7258		1.025000
7259		1.431250
7260		0.412500
7261		0.737500
7262		1.462500
7263		0.268750
7264		0.443750
7265		0.093750
7266		-0.431250
7267		0.562500
7268		0.412500
7269		0.125000
7270		0.762500
7271		0.387500
7272		-0.081250
7273		0.212500
7274		-0.312500
7275		-0.431250
7276		0.006250
7277		-0.631250
7278		-0.281250
7279		0.500000
7280		-0.312500
7281		0.587500
7282		1.287500
7283		0.125000
7284		0.850000
7285		0.706250
7286		-0.225000
7287		0.181250
7288		0.150000
7289		-0.606250
7290		0.443750
7291		-0.168750
7292		-0.368750
7293		0.706250
7294		0.562500
7295		0.706250
7296		1.637500
7297		1.081250
7298		1.318750
7299		2.043750
7300		1.025000
7301		1.025000
7302		1.462500
7303		0.268750
7304		0.412500
7305		0.356250
7306		-0.256250
7307		0.500000
7308		0.912500
7309		0.268750
7310		1.493750
7311		1.931250
7312		1.493750
7313		2.162500
7314		2.012500
7315		2.425000
7316		3.181250
7317		3.181250
7318		3.643750
7319		3.818750
7320		3.468750
7321		3.850000
7322		4.662500
7323		4.081250
7324		4.637500
7325		4.637500
7326		3.731250
7327		4.487500
7328		4.725000
7329		3.937500
7330		5.156250
7331		4.637500
7332		3.906250
7333		4.662500
7334		4.287500
7335		3.850000
7336		4.981250
7337		4.200000
7338		4.225000
7339		4.606250
7340		3.793750
7341		3.850000
7342		4.287500
7343		3.468750
7344		3.356250
7345		3.706250
7346		2.918750
7347		3.206250
7348		3.181250
7349		2.100000
7350		2.625000
7351		2.450000
7352		1.431250
7353		2.393750
7354		1.931250
7355		1.725000
7356		2.362500
7357		1.462500
7358		1.287500
7359		1.956250
7360		1.000000
7361		1.256250
7362		2.187500
7363		1.462500
7364		2.012500
7365		2.568750
7366		2.043750
7367		2.512500
7368		2.975000
7369		2.656250
7370		3.587500
7371		3.356250
7372		2.687500
7373		3.381250
7374		3.031250
7375		3.062500
7376		3.706250
7377		3.237500
7378		3.500000
7379		4.287500
7380		3.706250
7381		4.343750
7382		5.418750
7383		4.781250
7384		5.393750
7385		5.737500
7386		5.243750
7387		5.625000
7388		5.975000
7389		5.187500
7390		6.150000
7391		5.537500
7392		5.043750
7393		5.681250
7394		5.187500
7395		4.837500
7396		5.362500
7397		4.462500
7398		4.806250
7399		5.568750
7400		4.287500
7401		4.868750
7402		4.868750
7403		3.587500
7404		4.256250
7405		4.287500
7406		3.531250
7407		4.343750
7408		4.343750
7409		3.706250
7410		4.925000
7411		4.343750
7412		4.168750
7413		4.956250
7414		4.225000
7415		4.225000
7416		5.275000
7417		4.518750
7418		4.725000
7419		5.243750
7420		4.200000
7421		4.925000
7422		4.606250
7423		3.556250
7424		4.256250
7425		4.112500
7426		2.918750
7427		3.500000
7428		3.468750
7429		2.687500
7430		3.500000
7431		3.031250
7432		3.062500
7433		4.287500
7434		3.587500
7435		4.081250
7436		5.068750
7437		4.343750
7438		4.956250
7439		5.131250
7440		4.518750
7441		5.012500
7442		4.750000
7443		3.587500
7444		4.343750
7445		4.050000
7446		2.975000
7447		4.200000
7448		3.818750
7449		3.618750
7450		4.925000
7451		4.518750
7452		4.956250
7453		5.975000
7454		5.537500
7455		6.381250
7456		7.400000
7457		6.381250
7458		6.931250
7459		7.106250
7460		6.787500
7461		7.193750
7462		7.106250
7463		6.468750
7464		7.431250
7465		6.818750
7466		6.350000
7467		6.993750
7468		6.612500
7469		5.887500
7470		6.818750
7471		5.943750
7472		5.887500
7473		6.756250
7474		5.737500
7475		5.975000
7476		6.175000
7477		5.450000
7478		6.031250
7479		6.031250
7480		5.450000
7481		6.500000
7482		6.087500
7483		5.768750
7484		6.556250
7485		5.800000
7486		5.681250
7487		6.000000
7488		5.393750
7489		5.568750
7490		6.062500
7491		5.506250
7492		5.975000
7493		6.262500
7494		5.681250
7495		6.262500
7496		6.525000
7497		5.681250
7498		6.962500
7499		6.325000
7500		5.800000
7501		6.612500
7502		5.943750
7503		5.537500
7504		6.262500
7505		5.681250
7506		5.825000
7507		6.150000
7508		5.481250
7509		6.206250
7510		6.700000
7511		6.206250
7512		6.525000
7513		6.437500
7514		5.825000
7515		6.700000
7516		6.843750
7517		5.800000
7518		6.062500
7519		5.975000
7520		6.031250
7521		7.168750
7522		6.468750
7523		6.668750
7524		7.431250
7525		6.787500
7526		7.368750
7527		8.300000
7528		8.037500
7529		8.825000
7530		9.175000
7531		8.737500
7532		9.812500
7533		10.312500
7534		9.787500
7535		10.512500
7536		10.162500
7537		9.612500
7538		10.050000
7539		8.737500
7540		8.912500
7541		9.493750
7542		8.418750
7543		9.381250
7544		10.018750
7545		9.437500
7546		9.962500
7547		9.525000
7548		8.475000
7549		8.593750
7550		7.106250
7551		5.681250
7552		5.243750
7553		3.268750
7554		2.162500
7555		2.218750
7556		1.256250
7557		0.968750
7558		1.668750
7559		1.231250
7560		2.743750
7561		3.556250
7562		3.587500
7563		5.043750
7564		5.362500
7565		5.243750
7566		6.206250
7567		5.887500
7568		5.331250
7569		5.656250
7570		4.575000
7571		4.806250
7572		5.012500
7573		3.962500
7574		4.725000
7575		5.656250
7576		4.725000
7577		6.556250
7578		7.518750
7579		7.518750
7580		10.106250
7581		10.743750
7582		11.500000
7583		12.956250
7584		12.987500
7585		13.393750
7586		14.268750
7587		12.725000
7588		12.812500
7589		12.781250
7590		10.568750
7591		10.018750
7592		9.725000
7593		7.662500
7594		7.543750
7595		7.106250
7596		6.031250
7597		6.668750
7598		6.643750
7599		6.087500
7600		6.556250
7601		5.887500
7602		5.656250
7603		6.381250
7604		4.956250
7605		5.506250
7606		5.187500
7607		3.706250
7608		3.850000
7609		3.762500
7610		3.031250
7611		3.093750
7612		3.381250
7613		2.975000
7614		4.431250
7615		4.287500
7616		5.012500
7617		6.237500
7618		5.043750
7619		6.062500
7620		6.843750
7621		6.150000
7622		6.668750
7623		6.381250
7624		5.656250
7625		6.525000
7626		6.031250
7627		5.100000
7628		6.262500
7629		5.506250
7630		5.593750
7631		6.906250
7632		6.087500
7633		6.381250
7634		6.906250
7635		5.975000
7636		6.612500
7637		6.931250
7638		5.856250
7639		6.525000
7640		6.206250
7641		5.331250
7642		6.262500
7643		5.768750
7644		4.868750
7645		5.681250
7646		4.400000
7647		4.050000
7648		5.100000
7649		3.675000
7650		3.906250
7651		4.606250
7652		3.031250
7653		3.500000
7654		4.256250
7655		3.643750
7656		4.081250
7657		4.606250
7658		4.025000
7659		4.893750
7660		4.725000
7661		3.706250
7662		4.893750
7663		4.575000
7664		4.200000
7665		5.100000
7666		4.637500
7667		4.137500
7668		4.925000
7669		4.050000
7670		4.375000
7671		4.925000
7672		3.937500
7673		3.993750
7674		4.081250
7675		2.918750
7676		3.556250
7677		3.412500
7678		2.043750
7679		2.450000
7680		2.131250
7681		0.937500
7682		1.868750
7683		1.812500
7684		0.912500
7685		2.306250
7686		1.343750
7687		1.000000
7688		2.012500
7689		1.025000
7690		1.000000
7691		1.668750
7692		0.737500
7693		0.443750
7694		0.881250
7695		-0.137500
7696		-0.256250
7697		0.150000
7698		-0.718750
7699		-0.400000
7700		-0.343750
7701		-0.893750
7702		0.068750
7703		0.387500
7704		-0.431250
7705		0.706250
7706		0.912500
7707		0.212500
7708		1.375000
7709		1.406250
7710		0.356250
7711		1.668750
7712		1.168750
7713		0.937500
7714		1.900000
7715		0.706250
7716		0.650000
7717		1.606250
7718		0.212500
7719		-0.168750
7720		0.562500
7721		-1.012500
7722		-1.212500
7723		-0.606250
7724		-2.206250
7725		-1.537500
7726		-1.387500
7727		-2.231250
7728		-1.037500
7729		-1.100000
7730		-0.950000
7731		-0.543750
7732		0.006250
7733		-1.212500
7734		-0.281250
7735		-0.662500
7736		-1.793750
7737		-2.031250
7738		-2.556250
7739		-3.743750
7740		-3.050000
7741		-3.775000
7742		-4.212500
7743		-3.281250
7744		-3.487500
7745		-4.093750
7746		-2.493750
7747		-3.250000
7748		-3.631250
7749		-3.487500
7750		-4.531250
7751		-5.231250
7752		-5.056250
7753		-6.281250
7754		-6.775000
7755		-6.018750
7756		-6.887500
7757		-6.568750
7758		-5.812500
7759		-6.043750
7760		-4.850000
7761		-4.212500
7762		-4.006250
7763		-2.725000
7764		-1.418750
7765		-1.881250
7766		-0.281250
7767		-0.343750
7768		-0.750000
7769		0.125000
7770		-0.256250
7771		-1.100000
7772		-0.575000
7773		-1.156250
7774		-2.556250
7775		-1.968750
7776		-2.175000
7777		-2.900000
7778		-1.825000
7779		-1.825000
7780		-1.881250
7781		-1.243750
7782		-1.625000
7783		-2.175000
7784		-1.212500
7785		-2.612500
7786		-4.037500
7787		-4.387500
7788		-6.712500
7789		-8.462500
7790		-9.162500
7791		-12.012500
7792		-12.800000
7793		-13.031250
7794		-15.006250
7795		-15.300000
7796		-14.750000
7797		-15.681250
7798		-14.400000
7799		-13.293750
7800		-13.756250
7801		-12.537500
7802		-11.431250
7803		-11.925000
7804		-10.062500
7805		-9.712500
7806		-10.006250
7807		-9.043750
7808		-8.900000
7809		-9.450000
7810		-7.181250
7811		-6.862500
7812		-7.150000
7813		-5.931250
7814		-5.518750
7815		-5.812500
7816		-4.156250
7817		-3.368750
7818		-4.006250
7819		-2.756250
7820		-2.931250
7821		-3.225000
7822		-2.987500
7823		-4.125000
7824		-4.587500
7825		-4.650000
7826		-6.043750
7827		-6.625000
7828		-6.775000
7829		-8.462500
7830		-8.287500
7831		-8.343750
7832		-9.568750
7833		-9.831250
7834		-9.043750
7835		-10.525000
7836		-9.625000
7837		-9.625000
7838		-10.818750
7839		-10.818750
7840		-10.787500
7841		-12.212500
7842		-11.893750
7843		-12.068750
7844		-13.031250
7845		-12.387500
7846		-12.156250
7847		-13.087500
7848		-11.606250
7849		-11.431250
7850		-11.368750
7851		-9.800000
7852		-8.900000
7853		-8.868750
7854		-7.006250
7855		-7.356250
7856		-7.706250
7857		-7.062500
7858		-7.643750
7859		-9.218750
7860		-8.812500
7861		-9.856250
7862		-10.993750
7863		-11.281250
7864		-12.387500
7865		-13.350000
7866		-12.275000
7867		-13.493750
7868		-13.293750
7869		-12.681250
7870		-13.381250
7871		-12.968750
7872		-12.243750
7873		-13.056250
7874		-13.031250
7875		-12.212500
7876		-13.381250
7877		-12.968750
7878		-12.593750
7879		-14.312500
7880		-14.250000
7881		-14.400000
7882		-16.231251
7883		-16.406250
7884		-17.043751
7885		-18.356251
7886		-17.862499
7887		-18.299999
7888		-19.231251
7889		-18.325001
7890		-17.481251
7891		-17.712500
7892		-15.912500
7893		-15.068750
7894		-15.093750
7895		-13.612500
7896		-12.887500
7897		-12.593750
7898		-11.312500
7899		-10.850000
7900		-10.700000
7901		-9.887500
7902		-9.831250
7903		-9.887500
7904		-8.956250
7905		-8.606250
7906		-9.012500
7907		-7.993750
7908		-8.693750
7909		-8.925000
7910		-8.287500
7911		-9.012500
7912		-9.418750
7913		-8.837500
7914		-9.975000
7915		-10.093750
7916		-9.593750
7917		-10.206250
7918		-10.262500
7919		-9.831250
7920		-10.643750
7921		-9.768750
7922		-9.768750
7923		-10.993750
7924		-10.412500
7925		-10.350000
7926		-11.750000
7927		-11.606250
7928		-11.487500
7929		-12.593750
7930		-12.300000
7931		-12.300000
7932		-13.668750
7933		-12.912500
7934		-13.525000
7935		-14.250000
7936		-14.281250
7937		-14.193750
7938		-15.181250
7939		-14.918750
7940		-15.475000
7941		-16.112499
7942		-15.156250
7943		-15.850000
7944		-16.462500
7945		-15.268750
7946		-15.356250
7947		-15.212500
7948		-14.312500
7949		-14.281250
7950		-13.962500
7951		-12.387500
7952		-13.262500
7953		-12.943750
7954		-12.156250
7955		-13.175000
7956		-13.175000
7957		-12.625000
7958		-13.118750
7959		-13.175000
7960		-12.593750
7961		-13.406250
7962		-13.406250
7963		-12.968750
7964		-13.643750
7965		-12.825000
7966		-12.737500
7967		-13.468750
7968		-12.681250
7969		-12.537500
7970		-13.087500
7971		-11.868750
7972		-11.693750
7973		-12.100000
7974		-10.937500
7975		-11.400000
7976		-11.368750
7977		-10.175000
7978		-10.875000
7979		-11.487500
7980		-10.587500
7981		-11.431250
7982		-11.662500
7983		-11.225000
7984		-12.100000
7985		-12.825000
7986		-12.650000
7987		-13.900000
7988		-14.425000
7989		-13.962500
7990		-15.212500
7991		-15.037500
7992		-14.893750
7993		-15.387500
7994		-15.068750
7995		-14.425000
7996		-15.006250
7997		-14.312500
7998		-13.787500
7999		-14.337500
8000		-13.556250
8001		-13.118750
8002		-13.556250
8003		-12.800000
8004		-12.243750
8005		-13.087500
8006		-11.837500
8007		-12.362500
8008		-13.143750
8009		-12.537500
8010		-12.912500
8011		-13.468750
8012		-12.537500
8013		-13.031250
8014		-13.056250
8015		-12.068750
8016		-12.100000
8017		-11.631250
8018		-10.612500
8019		-10.993750
8020		-10.206250
8021		-9.593750
8022		-9.743750
8023		-9.162500
8024		-7.881250
8025		-8.868750
8026		-8.518750
8027		-7.793750
8028		-8.637500
8029		-8.606250
8030		-8.462500
8031		-9.656250
8032		-9.306250
8033		-9.568750
8034		-10.556250
8035		-9.856250
8036		-10.031250
8037		-10.500000
8038		-9.943750
8039		-10.325000
8040		-10.556250
8041		-9.393750
8042		-9.743750
8043		-9.506250
8044		-8.868750
8045		-9.187500
8046		-9.187500
8047		-8.462500
8048		-8.868750
8049		-8.750000
8050		-7.643750
8051		-8.462500
8052		-7.937500
8053		-7.062500
8054		-7.818750
8055		-7.556250
8056		-6.743750
8057		-7.150000
8058		-6.537500
8059		-5.900000
8060		-6.568750
8061		-6.106250
8062		-6.075000
8063		-7.062500
8064		-6.687500
8065		-6.800000
8066		-7.793750
8067		-7.300000
8068		-7.850000
8069		-8.231250
8070		-7.300000
8071		-7.818750
8072		-8.081250
8073		-7.093750
8074		-7.062500
8075		-6.600000
8076		-5.087500
8077		-5.112500
8078		-4.650000
8079		-3.575000
8080		-4.006250
8081		-3.656250
8082		-3.075000
8083		-3.575000
8084		-3.656250
8085		-3.337500
8086		-4.243750
8087		-4.300000
8088		-3.918750
8089		-5.025000
8090		-4.793750
8091		-4.587500
8092		-5.000000
8093		-4.300000
8094		-4.093750
8095		-4.212500
8096		-3.337500
8097		-2.962500
8098		-3.656250
8099		-2.318750
8100		-2.900000
8101		-2.931250
8102		-2.581250
8103		-2.931250
8104		-3.137500
8105		-2.787500
8106		-3.862500
8107		-4.037500
8108		-3.806250
8109		-4.912500
8110		-4.937500
8111		-4.587500
8112		-5.843750
8113		-5.231250
8114		-5.087500
8115		-5.900000
8116		-5.756250
8117		-5.406250
8118		-5.550000
8119		-5.025000
8120		-5.375000
8121		-5.812500
8122		-4.706250
8123		-4.737500
8124		-5.287500
8125		-4.300000
8126		-3.981250
8127		-4.212500
8128		-2.962500
8129		-3.162500
8130		-3.075000
8131		-2.381250
8132		-2.643750
8133		-2.468750
8134		-1.856250
8135		-2.875000
8136		-2.293750
8137		-1.650000
8138		-2.293750
8139		-1.562500
8140		-1.156250
8141		-1.650000
8142		-0.925000
8143		-0.750000
8144		-1.331250
8145		-1.012500
8146		-1.037500
8147		-2.087500
8148		-1.825000
8149		-1.562500
8150		-1.912500
8151		-0.750000
8152		-0.606250
8153		-1.068750
8154		0.387500
8155		0.300000
8156		0.650000
8157		1.287500
8158		0.793750
8159		0.068750
8160		0.850000
8161		-0.312500
8162		-0.862500
8163		-0.312500
8164		-1.243750
8165		-0.950000
8166		-0.806250
8167		-1.387500
8168		-1.243750
8169		-0.750000
8170		-1.387500
8171		-0.950000
8172		-1.012500
8173		-1.881250
8174		-1.037500
8175		-1.593750
8176		-1.593750
8177		-1.156250
8178		-1.387500
8179		-1.450000
8180		-0.781250
8181		-1.300000
8182		-1.012500
8183		-0.487500
8184		-1.243750
8185		-1.475000
8186		-1.187500
8187		-2.231250
8188		-2.262500
8189		-1.912500
8190		-2.262500
8191		-1.881250
8192		-1.537500
8193		-1.100000
8194		-1.187500
8195		-1.768750
8196		-1.037500
8197		-1.331250
8198		-1.156250
8199		-0.837500
8200		-1.187500
8201		-1.125000
8202		-0.225000
8203		0.006250
8204		-0.137500
8205		0.737500
8206		-0.137500
8207		-0.225000
8208		0.562500
8209		-0.981250
8210		-0.893750
8211		-0.662500
8212		-1.387500
8213		-1.387500
8214		-0.837500
8215		-1.243750
8216		-0.543750
8217		-0.431250
8218		-0.606250
8219		0.562500
8220		0.793750
8221		0.475000
8222		1.693750
8223		1.343750
8224		1.025000
8225		2.250000
8226		2.075000
8227		2.012500
8228		2.625000
8229		2.306250
8230		2.743750
8231		3.325000
8232		2.600000
8233		3.118750
8234		3.556250
8235		2.625000
8236		3.587500
8237		3.706250
8238		3.062500
8239		3.468750
8240		3.206250
8241		2.600000
8242		3.587500
8243		3.118750
8244		2.918750
8245		3.181250
8246		3.006250
8247		2.831250
8248		3.237500
8249		2.775000
8250		2.712500
8251		3.062500
8252		2.012500
8253		1.812500
8254		2.043750
8255		1.781250
8256		1.956250
8257		2.537500
8258		1.668750
8259		1.668750
8260		1.812500
8261		1.112500
8262		1.493750
8263		1.287500
8264		0.150000
8265		0.737500
8266		0.412500
8267		-0.456250
8268		0.212500
8269		-0.050000
8270		0.068750
8271		1.000000
8272		0.531250
8273		0.531250
8274		2.012500
8275		1.143750
8276		1.987500
8277		2.656250
8278		2.187500
8279		2.337500
8280		2.537500
8281		1.581250
8282		2.600000
8283		2.481250
8284		1.493750
8285		2.393750
8286		2.450000
8287		1.900000
8288		2.943750
8289		2.600000
8290		2.625000
8291		3.556250
8292		3.412500
8293		3.793750
8294		4.693750
8295		4.256250
8296		4.200000
8297		4.956250
8298		3.993750
8299		4.431250
8300		4.518750
8301		3.443750
8302		3.906250
8303		4.343750
8304		2.800000
8305		3.706250
8306		3.675000
8307		2.512500
8308		3.412500
8309		3.206250
8310		2.275000
8311		2.887500
8312		2.600000
8313		2.337500
8314		3.268750
8315		2.775000
8316		3.356250
8317		3.762500
8318		3.150000
8319		3.675000
8320		4.050000
8321		2.943750
8322		3.618750
8323		3.706250
8324		3.062500
8325		3.412500
8326		3.468750
8327		2.625000
8328		3.412500
8329		2.775000
8330		3.031250
8331		3.443750
8332		3.181250
8333		2.537500
8334		3.643750
8335		2.918750
8336		2.975000
8337		3.356250
8338		2.275000
8339		2.537500
8340		3.237500
8341		2.393750
8342		3.356250
8343		3.850000
8344		2.743750
8345		3.706250
8346		4.287500
8347		3.325000
8348		4.112500
8349		3.356250
8350		3.181250
8351		3.500000
8352		3.206250
8353		3.031250
8354		3.325000
8355		2.743750
8356		3.062500
8357		3.906250
8358		3.237500
8359		3.793750
8360		4.662500
8361		3.993750
8362		4.868750
8363		5.218750
8364		5.100000
8365		5.656250
8366		5.331250
8367		5.187500
8368		5.887500
8369		5.737500
8370		5.450000
8371		5.975000
8372		5.393750
8373		5.243750
8374		6.325000
8375		5.243750
8376		5.450000
8377		6.237500
8378		5.068750
8379		5.537500
8380		5.593750
8381		4.606250
8382		5.243750
8383		5.625000
8384		4.518750
8385		5.156250
8386		4.806250
8387		4.375000
8388		5.331250
8389		4.981250
8390		4.637500
8391		5.681250
8392		4.750000
8393		5.100000
8394		5.362500
8395		4.925000
8396		4.837500
8397		5.156250
8398		4.606250
8399		4.893750
8400		5.681250
8401		4.487500
8402		5.800000
8403		5.887500
8404		4.750000
8405		5.856250
8406		5.656250
8407		4.662500
8408		5.912500
8409		5.275000
8410		4.981250
8411		5.768750
8412		5.131250
8413		5.187500
8414		6.087500
8415		5.331250
8416		5.737500
8417		6.175000
8418		5.450000
8419		6.262500
8420		6.206250
8421		5.943750
8422		6.325000
8423		6.062500
8424		5.393750
8425		6.175000
8426		5.537500
8427		5.393750
8428		6.325000
8429		5.943750
8430		6.087500
8431		7.018750
8432		6.350000
8433		6.818750
8434		7.925000
8435		7.487500
8436		8.593750
8437		9.087500
8438		8.943750
8439		9.725000
8440		10.193750
8441		9.493750
8442		10.687500
8443		10.568750
8444		9.812500
8445		10.225000
8446		9.462500
8447		9.000000
8448		9.812500
8449		8.681250
8450		8.912500
8451		10.018750
8452		9.668750
8453		10.018750
8454		10.687500
8455		9.725000
8456		10.018750
8457		9.812500
8458		7.775000
8459		7.631250
8460		5.912500
8461		4.137500
8462		3.587500
8463		2.481250
8464		1.581250
8465		2.162500
8466		1.518750
8467		2.100000
8468		3.706250
8469		3.468750
8470		4.806250
8471		5.943750
8472		6.031250
8473		6.818750
8474		6.843750
8475		6.643750
8476		7.343750
8477		6.962500
8478		5.800000
8479		6.262500
8480		5.537500
8481		5.681250
8482		6.587500
8483		6.237500
8484		6.468750
8485		7.837500
8486		8.100000
8487		9.175000
8488		10.743750
8489		11.212500
8490		12.668750
8491		13.918750
8492		13.862500
8493		15.200000
8494		15.256250
8495		14.356250
8496		15.050000
8497		13.800000
8498		12.812500
8499		12.518750
8500		10.568750
8501		9.843750
8502		9.668750
8503		8.100000
8504		8.037500
8505		8.300000
8506		6.962500
8507		7.312500
8508		7.631250
8509		6.756250
8510		7.518750
8511		7.018750
8512		6.237500
8513		7.193750
8514		6.381250
8515		5.768750
8516		6.437500
8517		5.450000
8518		5.100000
8519		5.681250
8520		4.925000
8521		5.100000
8522		6.587500
8523		5.887500
8524		7.018750
8525		7.400000
8526		6.906250
8527		7.837500
8528		8.125000
8529		7.862500
8530		8.706250
8531		8.362500
8532		7.487500
8533		8.618750
8534		8.187500
8535		8.125000
8536		8.881250
8537		8.012500
8538		8.650000
8539		9.031250
8540		8.418750
8541		8.881250
8542		9.525000
8543		8.825000
8544		9.437500
8545		9.700000
8546		8.475000
8547		9.118750
8548		8.650000
8549		8.331250
8550		8.943750
8551		8.275000
8552		8.300000
8553		8.362500
8554		7.081250
8555		7.718750
8556		7.662500
8557		6.906250
8558		7.106250
8559		7.106250
8560		5.975000
8561		6.993750
8562		6.668750
8563		6.525000
8564		7.750000
8565		7.106250
8566		7.137500
8567		8.362500
8568		7.518750
8569		7.662500
8570		8.418750
8571		7.543750
8572		7.925000
8573		8.125000
8574		7.193750
8575		7.981250
8576		7.750000
8577		6.787500
8578		8.037500
8579		7.718750
8580		6.906250
8581		8.187500
8582		7.106250
8583		6.731250
8584		7.518750
8585		6.175000
8586		6.500000
8587		6.437500
8588		4.868750
8589		5.506250
8590		5.393750
8591		4.462500
8592		5.331250
8593		4.662500
8594		4.575000
8595		5.825000
8596		5.012500
8597		4.781250
8598		5.825000
8599		4.662500
8600		4.606250
8601		5.068750
8602		3.618750
8603		4.168750
8604		4.287500
8605		2.800000
8606		3.643750
8607		3.206250
8608		2.481250
8609		3.643750
8610		3.356250
8611		3.268750
8612		4.781250
8613		4.081250
8614		4.575000
8615		5.825000
8616		5.012500
8617		5.450000
8618		6.206250
8619		5.681250
8620		5.856250
8621		5.737500
8622		5.656250
8623		5.825000
8624		5.656250
8625		4.725000
8626		5.331250
8627		4.431250
8628		3.675000
8629		5.218750
8630		2.918750
8631		2.975000
8632		3.118750
8633		1.756250
8634		2.187500
8635		3.675000
8636		1.812500
8637		3.325000
8638		3.762500
8639		3.093750
8640		4.550000
8641		4.312500
8642		3.850000
8643		4.256250
8644		3.181250
8645		2.481250
8646		1.956250
8647		1.143750
8648		1.287500
8649		1.462500
8650		0.268750
8651		1.000000
8652		1.693750
8653		0.881250
8654		1.606250
8655		1.812500
8656		1.168750
8657		1.693750
8658		1.406250
8659		-0.081250
8660		0.500000
8661		-0.750000
8662		-1.593750
8663		-0.893750
8664		-1.881250
8665		-1.912500
8666		-1.243750
8667		-1.331250
8668		-0.693750
8669		1.200000
8670		0.212500
8671		1.843750
8672		3.031250
8673		2.712500
8674		4.050000
8675		5.156250
8676		4.868750
8677		5.593750
8678		5.506250
8679		4.550000
8680		5.306250
8681		4.112500
8682		3.706250
8683		4.112500
8684		3.062500
8685		2.537500
8686		3.268750
8687		3.268750
8688		3.325000
8689		4.225000
8690		3.556250
8691		3.556250
8692		4.375000
8693		3.181250
8694		2.450000
8695		1.956250
8696		-0.431250
8697		-1.681250
8698		-3.075000
8699		-5.781250
8700		-6.537500
8701		-7.643750
8702		-9.275000
8703		-9.393750
8704		-9.393750
8705		-10.468750
8706		-9.450000
8707		-8.956250
8708		-8.637500
8709		-6.775000
8710		-6.975000
8711		-6.450000
8712		-4.650000
8713		-4.937500
8714		-4.181250
8715		-2.931250
8716		-3.368750
8717		-2.581250
8718		-1.537500
8719		-2.000000
8720		-1.362500
8721		0.006250
8722		-0.575000
8723		0.443750
8724		1.231250
8725		0.968750
8726		2.162500
8727		2.512500
8728		1.843750
8729		2.862500
8730		2.743750
8731		2.012500
8732		2.187500
8733		1.318750
8734		-0.193750
8735		0.268750
8736		-0.718750
8737		-2.206250
8738		-1.856250
8739		-2.612500
8740		-3.512500
8741		-2.875000
8742		-3.918750
8743		-4.387500
8744		-3.775000
8745		-4.793750
8746		-5.175000
8747		-4.587500
8748		-5.843750
8749		-6.106250
8750		-5.812500
8751		-6.775000
8752		-6.862500
8753		-6.481250
8754		-7.212500
8755		-6.425000
8756		-5.493750
8757		-6.218750
8758		-4.968750
8759		-3.487500
8760		-3.687500
8761		-2.087500
8762		-1.243750
8763		-1.625000
8764		-0.256250
8765		-0.862500
8766		-1.768750
8767		-1.475000
8768		-2.468750
8769		-4.156250
8770		-4.300000
8771		-5.262500
8772		-6.537500
8773		-6.393750
8774		-7.125000
8775		-7.731250
8776		-6.862500
8777		-7.181250
8778		-7.500000
8779		-6.425000
8780		-6.337500
8781		-6.625000
8782		-5.900000
8783		-6.625000
8784		-6.425000
8785		-5.200000
8786		-7.181250
8787		-7.412500
8788		-7.381250
8789		-8.956250
8790		-9.362500
8791		-9.306250
8792		-11.225000
8793		-11.518750
8794		-11.368750
8795		-13.056250
8796		-12.800000
8797		-11.956250
8798		-12.681250
8799		-11.575000
8800		-10.262500
8801		-10.412500
8802		-8.693750
8803		-7.443750
8804		-7.325000
8805		-6.450000
8806		-5.518750
8807		-5.637500
8808		-4.156250
8809		-4.006250
8810		-3.950000
8811		-2.812500
8812		-2.812500
8813		-3.400000
8814		-2.175000
8815		-2.556250
8816		-2.900000
8817		-1.912500
8818		-2.725000
8819		-3.368750
8820		-2.962500
8821		-3.600000
8822		-4.068750
8823		-3.600000
8824		-4.737500
8825		-4.881250
8826		-4.356250
8827		-5.112500
8828		-4.737500
8829		-4.243750
8830		-4.881250
8831		-4.531250
8832		-4.300000
8833		-5.143750
8834		-4.968750
8835		-4.675000
8836		-5.756250
8837		-5.493750
8838		-5.868750
8839		-7.062500
8840		-6.775000
8841		-6.537500
8842		-7.818750
8843		-7.468750
8844		-7.356250
8845		-8.781250
8846		-8.575000
8847		-9.012500
8848		-9.975000
8849		-9.887500
8850		-9.681250
8851		-10.762500
8852		-9.918750
8853		-9.887500
8854		-10.525000
8855		-9.162500
8856		-8.812500
8857		-8.868750
8858		-7.643750
8859		-7.706250
8860		-7.762500
8861		-6.481250
8862		-6.106250
8863		-6.775000
8864		-5.812500
8865		-6.656250
8866		-7.037500
8867		-6.218750
8868		-6.975000
8869		-6.918750
8870		-6.568750
8871		-7.037500
8872		-7.037500
8873		-6.656250
8874		-7.468750
8875		-6.975000
8876		-6.131250
8877		-6.950000
8878		-6.368750
8879		-5.462500
8880		-6.075000
8881		-5.437500
8882		-4.706250
8883		-5.318750
8884		-4.506250
8885		-3.918750
8886		-4.650000
8887		-4.212500
8888		-3.918750
8889		-4.881250
8890		-4.475000
8891		-4.968750
8892		-6.043750
8893		-5.843750
8894		-6.337500
8895		-7.412500
8896		-7.125000
8897		-7.881250
8898		-9.012500
8899		-8.168750
8900		-8.956250
8901		-9.593750
8902		-8.900000
8903		-8.900000
8904		-9.393750
8905		-8.400000
8906		-8.750000
8907		-8.606250
8908		-7.531250
8909		-7.731250
8910		-7.062500
8911		-6.481250
8912		-7.181250
8913		-6.687500
8914		-5.843750
8915		-7.268750
8916		-6.537500
8917		-5.987500
8918		-7.212500
8919		-7.268750
8920		-6.918750
8921		-7.468750
8922		-7.037500
8923		-6.625000
8924		-7.062500
8925		-6.281250
8926		-5.900000
8927		-6.393750
8928		-5.200000
8929		-4.587500
8930		-4.737500
8931		-4.156250
8932		-3.656250
8933		-4.387500
8934		-2.668750
8935		-3.050000
8936		-3.512500
8937		-2.787500
8938		-3.193750
8939		-3.893750
8940		-3.337500
8941		-3.806250
8942		-4.300000
8943		-4.068750
8944		-4.418750
8945		-4.968750
8946		-4.387500
8947		-5.025000
8948		-5.112500
8949		-4.243750
8950		-5.025000
8951		-4.587500
8952		-3.893750
8953		-4.531250
8954		-4.181250
8955		-3.075000
8956		-3.775000
8957		-3.162500
8958		-2.381250
8959		-3.225000
8960		-2.787500
8961		-2.231250
8962		-2.725000
8963		-2.118750
8964		-1.475000
8965		-2.056250
8966		-1.212500
8967		-1.187500
8968		-1.912500
8969		-1.331250
8970		-1.418750
8971		-2.056250
8972		-1.450000
8973		-2.031250
8974		-2.812500
8975		-2.318750
8976		-2.350000
8977		-3.193750
8978		-2.700000
8979		-3.050000
8980		-2.875000
8981		-1.881250
8982		-2.318750
8983		-2.031250
8984		-0.781250
8985		-1.156250
8986		-0.431250
8987		0.881250
8988		0.212500
8989		1.025000
8990		1.843750
8991		1.168750
8992		1.550000
8993		1.812500
8994		1.025000
8995		0.937500
8996		1.056250
8997		-0.193750
8998		0.093750
8999		0.268750
9000		-0.312500
9001		0.475000
9002		0.300000
9003		-0.168750
9004		1.025000
9005		1.025000
9006		0.850000
9007		1.725000
9008		1.868750
9009		1.200000
9010		2.187500
9011		1.581250
9012		1.375000
9013		1.812500
9014		1.081250
9015		1.056250
9016		1.431250
9017		0.006250
9018		0.300000
9019		0.356250
9020		-0.662500
9021		-1.012500
9022		-0.400000
9023		-1.387500
9024		-1.625000
9025		-0.862500
9026		-1.793750
9027		-1.475000
9028		-0.806250
9029		-2.206250
9030		-1.100000
9031		-0.518750
9032		-1.362500
9033		-0.431250
9034		-0.050000
9035		-0.806250
9036		0.737500
9037		1.343750
9038		0.706250
9039		1.931250
9040		1.900000
9041		1.668750
9042		2.306250
9043		1.462500
9044		1.375000
9045		1.956250
9046		1.518750
9047		1.550000
9048		2.393750
9049		2.656250
9050		2.012500
9051		3.062500
9052		2.450000
9053		2.537500
9054		3.268750
9055		1.987500
9056		2.862500
9057		2.131250
9058		2.187500
9059		2.275000
9060		2.975000
9061		2.600000
9062		3.906250
9063		3.643750
9064		3.468750
9065		4.725000
9066		3.993750
9067		3.468750
9068		3.993750
9069		3.031250
9070		2.450000
9071		2.481250
9072		2.187500
9073		1.812500
9074		2.600000
9075		1.756250
9076		2.337500
9077		2.887500
9078		2.306250
9079		2.425000
9080		2.625000
9081		2.218750
9082		2.187500
9083		2.537500
9084		1.518750
9085		1.256250
9086		2.012500
9087		1.056250
9088		1.318750
9089		1.668750
9090		1.256250
9091		1.900000
9092		2.043750
9093		1.375000
9094		2.162500
9095		1.231250
9096		0.706250
9097		1.431250
9098		0.706250
9099		0.268750
9100		1.518750
9101		1.056250
9102		1.168750
9103		1.956250
9104		1.518750
9105		1.550000
9106		2.131250
9107		1.256250
9108		1.168750
9109		1.343750
9110		0.650000
9111		1.287500
9112		1.581250
9113		1.000000
9114		2.100000
9115		2.043750
9116		1.462500
9117		2.625000
9118		2.743750
9119		1.931250
9120		3.006250
9121		2.131250
9122		1.375000
9123		1.756250
9124		1.231250
9125		1.168750
9126		1.550000
9127		0.762500
9128		0.912500
9129		1.756250
9130		1.637500
9131		2.337500
9132		3.468750
9133		2.918750
9134		3.293750
9135		3.875000
9136		2.943750
9137		3.706250
9138		4.487500
9139		3.675000
9140		4.518750
9141		4.725000
9142		4.112500
9143		4.837500
9144		5.362500
9145		4.550000
9146		5.656250
9147		5.481250
9148		4.981250
9149		5.506250
9150		4.956250
9151		4.956250
9152		5.625000
9153		5.156250
9154		4.693750
9155		5.393750
9156		5.306250
9157		5.218750
9158		5.593750
9159		5.100000
9160		4.868750
9161		5.393750
9162		4.462500
9163		4.637500
9164		5.156250
9165		3.587500
9166		4.343750
9167		3.325000
9168		3.206250
9169		3.906250
9170		3.531250
9171		2.975000
9172		4.137500
9173		3.268750
9174		2.775000
9175		3.556250
9176		2.625000
9177		2.100000
9178		2.775000
9179		1.725000
9180		1.756250
9181		2.450000
9182		1.581250
9183		1.812500
9184		2.656250
9185		2.100000
9186		2.625000
9187		3.356250
9188		3.031250
9189		3.268750
9190		3.675000
9191		3.093750
9192		3.556250
9193		3.618750
9194		3.031250
9195		3.556250
9196		3.643750
9197		3.118750
9198		3.556250
9199		3.587500
9200		3.906250
9201		4.287500
9202		4.168750
9203		4.575000
9204		5.537500
9205		5.043750
9206		5.418750
9207		6.237500
9208		5.331250
9209		5.912500
9210		6.118750
9211		5.331250
9212		5.537500
9213		5.912500
9214		4.781250
9215		5.362500
9216		5.218750
9217		4.837500
9218		5.218750
9219		5.100000
9220		4.287500
9221		5.187500
9222		4.725000
9223		4.137500
9224		4.893750
9225		4.168750
9226		4.200000
9227		4.375000
9228		4.287500
9229		4.375000
9230		5.187500
9231		4.431250
9232		4.806250
9233		5.187500
9234		4.518750
9235		4.956250
9236		5.068750
9237		4.375000
9238		4.925000
9239		4.925000
9240		3.937500
9241		5.156250
9242		5.218750
9243		4.200000
9244		4.750000
9245		3.993750
9246		4.168750
9247		4.200000
9248		3.643750
9249		3.618750
9250		3.793750
9251		3.237500
9252		3.181250
9253		3.993750
9254		3.556250
9255		4.081250
9256		4.487500
9257		4.050000
9258		4.781250
9259		4.956250
9260		4.606250
9261		5.187500
9262		4.868750
9263		3.850000
9264		4.806250
9265		4.375000
9266		3.468750
9267		4.112500
9268		3.818750
9269		3.675000
9270		4.606250
9271		4.431250
9272		4.487500
9273		5.975000
9274		5.393750
9275		5.887500
9276		6.993750
9277		6.412500
9278		7.168750
9279		7.718750
9280		6.843750
9281		7.256250
9282		7.256250
9283		6.668750
9284		7.687500
9285		7.256250
9286		6.993750
9287		7.081250
9288		6.787500
9289		6.412500
9290		7.137500
9291		6.381250
9292		6.700000
9293		6.931250
9294		6.612500
9295		6.381250
9296		6.875000
9297		6.381250
9298		6.843750
9299		7.168750
9300		6.325000
9301		6.612500
9302		6.818750
9303		6.468750
9304		6.731250
9305		6.756250
9306		5.825000
9307		6.437500
9308		6.000000
9309		5.100000
9310		6.118750
9311		5.737500
9312		5.800000
9313		6.468750
9314		5.912500
9315		6.175000
9316		7.050000
9317		6.500000
9318		6.962500
9319		7.368750
9320		6.500000
9321		6.993750
9322		6.993750
9323		5.975000
9324		6.843750
9325		6.756250
9326		5.856250
9327		6.668750
9328		6.468750
9329		5.825000
9330		6.756250
9331		7.137500
9332		6.525000
9333		7.575000
9334		7.137500
9335		6.843750
9336		7.487500
9337		6.787500
9338		7.050000
9339		7.368750
9340		7.050000
9341		7.256250
9342		7.862500
9343		6.843750
9344		7.687500
9345		7.575000
9346		7.312500
9347		8.243750
9348		8.156250
9349		8.300000
9350		9.637500
9351		9.668750
9352		9.700000
9353		11.268750
9354		11.068750
9355		11.412500
9356		11.912500
9357		11.650000
9358		11.356250
9359		11.500000
9360		10.250000
9361		10.337500
9362		10.368750
9363		9.725000
9364		11.037500
9365		10.918750
9366		10.425000
9367		11.443750
9368		11.268750
9369		10.775000
9370		10.893750
9371		9.437500
9372		8.068750
9373		7.575000
9374		5.656250
9375		4.781250
9376		4.225000
9377		3.006250
9378		3.031250
9379		3.500000
9380		2.943750
9381		4.200000
9382		5.306250
9383		5.100000
9384		6.612500
9385		7.050000
9386		6.818750
9387		8.331250
9388		7.600000
9389		7.168750
9390		8.068750
9391		7.281250
9392		6.787500
9393		6.993750
9394		6.556250
9395		7.106250
9396		7.575000
9397		7.081250
9398		7.981250
9399		9.381250
9400		9.143750
9401		10.631250
9402		11.937500
9403		12.725000
9404		14.531250
9405		15.312500
9406		14.818750
9407		16.331249
9408		15.462500
9409		14.731250
9410		15.112500
9411		13.775000
9412		12.781250
9413		11.618750
9414		10.312500
9415		9.812500
9416		9.462500
9417		8.331250
9418		8.793750
9419		8.362500
9420		7.575000
9421		8.100000
9422		8.450000
9423		7.456250
9424		8.100000
9425		7.487500
9426		6.556250
9427		7.168750
9428		5.912500
9429		5.625000
9430		6.206250
9431		4.893750
9432		5.012500
9433		5.887500
9434		5.100000
9435		5.887500
9436		6.818750
9437		6.150000
9438		7.400000
9439		7.662500
9440		7.081250
9441		8.387500
9442		8.243750
9443		7.281250
9444		8.362500
9445		7.837500
9446		7.343750
9447		8.212500
9448		7.343750
9449		7.400000
9450		8.562500
9451		7.487500
9452		7.806250
9453		8.300000
9454		7.687500
9455		8.418750
9456		8.856250
9457		7.837500
9458		8.593750
9459		8.506250
9460		7.543750
9461		8.212500
9462		7.631250
9463		7.343750
9464		8.068750
9465		6.843750
9466		7.018750
9467		7.575000
9468		6.118750
9469		6.118750
9470		6.381250
9471		5.737500
9472		5.912500
9473		5.825000
9474		5.131250
9475		5.537500
9476		5.943750
9477		5.156250
9478		6.381250
9479		6.293750
9480		6.087500
9481		6.906250
9482		6.587500
9483		6.293750
9484		7.343750
9485		6.262500
9486		6.787500
9487		7.106250
9488		5.712500
9489		6.700000
9490		6.756250
9491		5.975000
9492		6.500000
9493		6.437500
9494		5.506250
9495		6.237500
9496		5.656250
9497		5.218750
9498		5.768750
9499		4.487500
9500		4.750000
9501		4.868750
9502		3.850000
9503		3.762500
9504		4.575000
9505		3.412500
9506		3.875000
9507		4.112500
9508		3.268750
9509		3.587500
9510		3.468750
9511		2.712500
9512		3.325000
9513		3.062500
9514		2.337500
9515		3.062500
9516		2.425000
9517		1.693750
9518		2.306250
9519		1.318750
9520		1.200000
9521		1.781250
9522		1.318750
9523		1.781250
9524		2.337500
9525		1.756250
9526		2.743750
9527		2.862500
9528		2.250000
9529		3.468750
9530		3.237500
9531		2.887500
9532		3.731250
9533		3.118750
9534		2.975000
9535		4.200000
9536		2.656250
9537		2.687500
9538		3.093750
9539		1.900000
9540		2.625000
9541		2.043750
9542		0.762500
9543		1.000000
9544		0.150000
9545		-0.631250
9546		0.068750
9547		-0.456250
9548		-0.718750
9549		0.268750
9550		0.150000
9551		0.268750
9552		1.231250
9553		0.531250
9554		0.912500
9555		1.581250
9556		0.150000
9557		0.325000
9558		0.356250
9559		-1.300000
9560		-0.806250
9561		-1.768750
9562		-2.468750
9563		-2.031250
9564		-2.318750
9565		-2.381250
9566		-1.100000
9567		-2.231250
9568		-2.000000
9569		-1.012500
9570		-2.175000
9571		-2.056250
9572		-2.381250
9573		-4.156250
9574		-4.093750
9575		-4.675000
9576		-5.606250
9577		-4.762500
9578		-5.550000
9579		-5.318750
9580		-3.950000
9581		-4.268750
9582		-3.718750
9583		-2.031250
9584		-1.912500
9585		-1.012500
9586		0.300000
9587		-0.431250
9588		1.518750
9589		1.493750
9590		0.968750
9591		1.756250
9592		0.881250
9593		0.325000
9594		0.706250
9595		-0.193750
9596		-0.862500
9597		-0.081250
9598		-1.012500
9599		-1.037500
9600		-0.168750
9601		-1.068750
9602		-0.137500
9603		0.125000
9604		-0.543750
9605		-0.137500
9606		-0.606250
9607		-2.206250
9608		-2.206250
9609		-4.093750
9610		-6.131250
9611		-6.950000
9612		-9.331250
9613		-10.787500
9614		-11.081250
9615		-13.318750
9616		-13.262500
9617		-13.668750
9618		-14.250000
9619		-13.468750
9620		-12.968750
9621		-13.262500
9622		-11.543750
9623		-11.281250
9624		-10.962500
9625		-9.450000
9626		-9.450000
9627		-9.331250
9628		-7.793750
9629		-8.312500
9630		-7.500000
9631		-6.775000
9632		-6.862500
9633		-6.106250
9634		-5.375000
9635		-5.987500
9636		-4.268750
9637		-3.775000
9638		-3.806250
9639		-2.000000
9640		-2.262500
9641		-2.962500
9642		-1.625000
9643		-2.293750
9644		-2.700000
9645		-2.350000
9646		-3.918750
9647		-4.243750
9648		-4.243750
9649		-6.337500
9650		-6.337500
9651		-6.743750
9652		-7.968750
9653		-7.881250
9654		-8.143750
9655		-9.481250
9656		-8.487500
9657		-9.243750
9658		-10.093750
9659		-9.450000
9660		-10.062500
9661		-10.468750
9662		-10.031250
9663		-11.281250
9664		-11.575000
9665		-11.193750
9666		-12.212500
9667		-11.956250
9668		-11.050000
9669		-11.925000
9670		-10.993750
9671		-9.918750
9672		-10.150000
9673		-8.518750
9674		-7.675000
9675		-7.675000
9676		-6.537500
9677		-6.425000
9678		-6.775000
9679		-6.162500
9680		-7.037500
9681		-8.431250
9682		-8.143750
9683		-10.062500
9684		-11.025000
9685		-10.875000
9686		-12.037500
9687		-12.537500
9688		-12.275000
9689		-13.293750
9690		-12.593750
9691		-12.125000
9692		-13.118750
9693		-11.893750
9694		-11.631250
9695		-12.825000
9696		-11.806250
9697		-12.012500
9698		-12.825000
9699		-12.331250
9700		-12.506250
9701		-13.987500
9702		-13.468750
9703		-14.600000
9704		-16.200001
9705		-15.650000
9706		-17.043751
9707		-17.918751
9708		-17.456249
9709		-18.500000
9710		-18.325001
9711		-17.456249
9712		-17.456249
9713		-16.525000
9714		-14.718750
9715		-15.068750
9716		-13.612500
9717		-12.362500
9718		-12.506250
9719		-11.312500
9720		-10.150000
9721		-10.468750
9722		-9.481250
9723		-9.362500
9724		-9.943750
9725		-8.868750
9726		-8.606250
9727		-9.187500
9728		-8.143750
9729		-8.287500
9730		-9.243750
9731		-8.231250
9732		-8.431250
9733		-9.537500
9734		-8.750000
9735		-10.150000
9736		-10.500000
9737		-10.031250
9738		-10.262500
9739		-10.556250
9740		-9.800000
9741		-10.787500
9742		-11.193750
9743		-9.831250
9744		-10.675000
9745		-10.612500
9746		-10.262500
9747		-11.368750
9748		-11.281250
9749		-11.312500
9750		-12.475000
9751		-12.243750
9752		-11.868750
9753		-13.087500
9754		-12.887500
9755		-13.087500
9756		-13.962500
9757		-14.106250
9758		-14.193750
9759		-15.531250
9760		-14.806250
9761		-15.356250
9762		-16.462500
9763		-15.562500
9764		-16.231251
9765		-16.868750
9766		-15.681250
9767		-15.850000
9768		-15.937500
9769		-14.687500
9770		-14.893750
9771		-14.750000
9772		-13.350000
9773		-13.556250
9774		-13.700000
9775		-12.650000
9776		-13.231250
9777		-13.525000
9778		-12.475000
9779		-13.468750
9780		-13.031250
9781		-12.887500
9782		-13.612500
9783		-13.381250
9784		-12.593750
9785		-13.818750
9786		-13.643750
9787		-12.625000
9788		-13.731250
9789		-13.087500
9790		-12.450000
9791		-12.943750
9792		-12.156250
9793		-11.837500
9794		-12.212500
9795		-11.343750
9796		-10.818750
9797		-11.518750
9798		-10.612500
9799		-10.062500
9800		-11.256250
9801		-10.468750
9802		-10.437500
9803		-11.750000
9804		-11.081250
9805		-11.837500
9806		-12.768750
9807		-12.506250
9808		-13.437500
9809		-14.106250
9810		-13.525000
9811		-14.337500
9812		-15.156250
9813		-14.425000
9814		-14.918750
9815		-15.125000
9816		-14.600000
9817		-14.918750
9818		-14.981250
9819		-13.700000
9820		-14.662500
9821		-13.700000
9822		-12.712500
9823		-13.406250
9824		-13.350000
9825		-12.068750
9826		-13.206250
9827		-12.362500
9828		-11.662500
9829		-13.031250
9830		-12.387500
9831		-12.243750
9832		-13.612500
9833		-13.118750
9834		-12.768750
9835		-13.818750
9836		-12.856250
9837		-12.537500
9838		-13.262500
9839		-11.631250
9840		-11.225000
9841		-11.837500
9842		-10.612500
9843		-9.681250
9844		-10.612500
9845		-9.187500
9846		-8.987500
9847		-9.506250
9848		-8.375000
9849		-8.693750
9850		-9.243750
9851		-8.750000
9852		-9.218750
9853		-10.093750
9854		-9.306250
9855		-10.325000
9856		-10.612500
9857		-10.500000
9858		-11.081250
9859		-10.731250
9860		-9.975000
9861		-10.850000
9862		-10.818750
9863		-10.006250
9864		-10.500000
9865		-10.031250
9866		-9.187500
9867		-9.887500
9868		-9.306250
9869		-8.575000
9870		-9.887500
9871		-8.837500
9872		-8.375000
9873		-9.450000
9874		-8.956250
9875		-7.993750
9876		-8.750000
9877		-8.343750
9878		-7.706250
9879		-8.375000
9880		-7.300000
9881		-6.887500
9882		-7.587500
9883		-6.687500
9884		-7.443750
9885		-8.168750
9886		-7.762500
9887		-7.643750
9888		-8.750000
9889		-8.231250
9890		-8.518750
9891		-9.331250
9892		-8.550000
9893		-8.868750
9894		-9.275000
9895		-7.906250
9896		-8.112500
9897		-7.762500
9898		-5.956250
9899		-6.043750
9900		-5.900000
9901		-4.793750
9902		-4.912500
9903		-4.706250
9904		-4.125000
9905		-4.587500
9906		-4.562500
9907		-3.687500
9908		-5.087500
9909		-5.087500
9910		-5.025000
9911		-5.812500
9912		-5.518750
9913		-5.375000
9914		-5.931250
9915		-5.550000
9916		-4.793750
9917		-5.606250
9918		-4.443750
9919		-3.981250
9920		-4.181250
9921		-3.575000
9922		-3.425000
9923		-4.243750
9924		-3.575000
9925		-3.743750
9926		-4.418750
9927		-4.268750
9928		-4.443750
9929		-5.693750
9930		-4.937500
9931		-5.318750
9932		-6.337500
9933		-5.637500
9934		-6.193750
9935		-6.687500
9936		-5.812500
9937		-6.625000
9938		-7.006250
9939		-5.668750
9940		-6.481250
9941		-6.775000
9942		-5.868750
9943		-6.625000
9944		-6.043750
9945		-5.143750
9946		-5.693750
9947		-5.200000
9948		-4.443750
9949		-5.200000
9950		-4.212500
9951		-3.775000
9952		-3.918750
9953		-4.156250
9954		-3.137500
9955		-3.950000
9956		-3.337500
9957		-3.368750
9958		-4.156250
9959		-3.575000
9960		-3.018750
9961		-3.743750
9962		-2.468750
9963		-2.031250
9964		-2.931250
9965		-2.175000
9966		-2.031250
9967		-3.075000
9968		-2.031250
9969		-3.162500
9970		-3.368750
9971		-2.931250
9972		-3.193750
9973		-2.525000
9974		-1.681250
9975		-1.593750
9976		-1.475000
9977		-0.806250
9978		-0.662500
9979		-0.837500
9980		0.125000
9981		-1.012500
9982		-1.037500
9983		-1.012500
9984		-2.293750
9985		-2.031250
9986		-2.118750
9987		-2.931250
9988		-2.525000
9989		-2.318750
9990		-3.456250
9991		-2.931250
9992		-2.668750
9993		-2.962500
9994		-2.468750
9995		-2.468750
9996		-3.368750
9997		-2.493750
9998		-2.700000
9999		-3.656250
10000		-2.437500
