Channel              :		CH1
Frequency            :		60.33Hz
Period               :		16.57ms
PK-PK                :		74.95mV
Average              :		0.003mV
Vertical pos         :		1.000000mV
Probe attenuation    :		1X
Voltage per ADC value:		0.003125mV
Time interval        :		10.00000uS

index		CH1_Voltage(mV)
1		-30.062500
2		-30.537500
3		-30.412500
4		-28.412500
5		-27.887501
6		-27.125000
7		-26.062500
8		-24.775000
9		-25.600000
10		-26.062500
11		-26.299999
12		-27.537500
13		-28.362499
14		-29.600000
15		-29.299999
16		-29.887501
17		-29.412500
18		-29.950001
19		-29.712500
20		-28.600000
21		-28.712500
22		-29.475000
23		-29.887501
24		-29.125000
25		-30.537500
26		-32.412498
27		-32.237499
28		-33.000000
29		-34.474998
30		-35.537498
31		-35.762501
32		-36.237499
33		-35.587502
34		-35.887501
35		-34.299999
36		-33.125000
37		-31.475000
38		-31.775000
39		-29.600000
40		-26.950001
41		-26.362499
42		-26.187500
43		-26.775000
44		-25.424999
45		-26.600000
46		-28.362499
47		-28.237499
48		-27.237499
49		-27.825001
50		-29.237499
51		-28.712500
52		-28.475000
53		-26.712500
54		-26.062500
55		-24.475000
56		-21.600000
57		-18.312500
58		-16.137501
59		-14.187500
60		-11.775000
61		-12.312500
62		-11.250000
63		-11.312500
64		-12.250000
65		-15.312500
66		-18.012501
67		-18.424999
68		-22.250000
69		-25.187500
70		-27.950001
71		-29.887501
72		-30.000000
73		-31.187500
74		-32.125000
75		-32.474998
76		-32.537498
77		-31.187500
78		-31.362499
79		-30.299999
80		-29.125000
81		-29.012501
82		-27.187500
83		-25.062500
84		-23.537500
85		-22.075001
86		-22.950001
87		-21.887501
88		-23.362499
89		-24.475000
90		-25.187500
91		-25.950001
92		-27.362499
93		-27.775000
94		-29.062500
95		-30.475000
96		-30.950001
97		-32.237499
98		-30.362499
99		-31.412500
100		-28.412500
101		-28.299999
102		-26.237499
103		-24.600000
104		-21.187500
105		-20.662500
106		-18.537500
107		-18.075001
108		-17.187500
109		-16.075001
110		-16.137501
111		-18.250000
112		-19.250000
113		-20.187500
114		-21.250000
115		-22.362499
116		-23.887501
117		-24.712500
118		-24.650000
119		-25.012501
120		-24.837500
121		-22.362499
122		-22.125000
123		-23.299999
124		-19.600000
125		-18.312500
126		-17.312500
127		-16.837500
128		-16.487499
129		-15.599999
130		-15.075000
131		-15.662499
132		-15.075000
133		-14.724999
134		-14.900000
135		-14.775000
136		-13.837500
137		-14.900000
138		-13.724999
139		-15.362500
140		-15.487500
141		-16.075001
142		-15.775000
143		-17.362499
144		-17.662500
145		-18.012501
146		-18.312500
147		-19.424999
148		-20.362499
149		-19.487499
150		-20.250000
151		-19.600000
152		-18.600000
153		-18.012501
154		-17.424999
155		-17.662500
156		-16.537500
157		-15.187500
158		-14.900000
159		-16.187500
160		-16.250000
161		-14.837500
162		-16.137501
163		-16.075001
164		-16.600000
165		-16.487499
166		-16.250000
167		-18.012501
168		-18.312500
169		-18.187500
170		-17.950001
171		-16.837500
172		-17.725000
173		-16.537500
174		-15.950000
175		-15.075000
176		-13.837500
177		-14.012500
178		-11.550000
179		-11.250000
180		-10.662499
181		-9.662499
182		-8.137500
183		-8.200000
184		-9.200000
185		-6.550000
186		-6.137500
187		-5.962500
188		-6.312500
189		-6.375000
190		-6.550000
191		-6.437500
192		-8.075000
193		-8.837500
194		-8.662499
195		-10.012500
196		-9.900000
197		-12.425000
198		-9.724999
199		-10.724999
200		-10.900000
201		-10.837500
202		-11.137500
203		-10.837500
204		-10.012500
205		-8.375000
206		-8.250000
207		-7.137500
208		-7.662500
209		-7.962500
210		-6.487500
211		-6.962500
212		-7.900000
213		-6.725000
214		-6.787500
215		-6.962500
216		-7.375000
217		-7.250000
218		-6.550000
219		-6.250000
220		-7.025000
221		-6.437500
222		-6.375000
223		-5.312500
224		-6.250000
225		-4.662500
226		-2.487500
227		-2.137500
228		-3.025000
229		-1.675000
230		1.037500
231		1.275000
232		1.625000
233		1.912500
234		3.037500
235		3.387500
236		3.912500
237		3.450000
238		5.087500
239		4.150000
240		2.562500
241		4.087500
242		2.562500
243		1.037500
244		0.800000
245		-0.437500
246		-0.900000
247		-1.962500
248		-1.437500
249		-1.962500
250		-1.850000
251		-1.262500
252		-1.137500
253		-1.612500
254		-0.900000
255		-0.312500
256		-0.375000
257		0.500000
258		0.325000
259		1.212500
260		1.325000
261		0.687500
262		0.737500
263		0.450000
264		0.212500
265		-0.312500
266		0.912500
267		0.325000
268		0.150000
269		1.450000
270		0.212500
271		2.325000
272		1.562500
273		1.975000
274		3.737500
275		3.325000
276		2.150000
277		3.037500
278		3.800000
279		4.675000
280		6.737500
281		5.737500
282		4.800000
283		5.850000
284		5.212500
285		5.800000
286		6.212500
287		7.262500
288		7.437500
289		6.975000
290		7.562500
291		8.800000
292		8.212501
293		7.912500
294		8.675000
295		9.850000
296		8.500000
297		7.500000
298		7.150000
299		9.387500
300		8.850000
301		8.562500
302		8.262500
303		8.437500
304		8.500000
305		8.437500
306		9.612500
307		9.675000
308		9.737500
309		10.562500
310		9.387500
311		10.025001
312		10.262500
313		9.212501
314		9.212501
315		8.262500
316		9.325000
317		8.387500
318		8.212501
319		9.025001
320		8.800000
321		8.025001
322		7.850000
323		8.262500
324		7.912500
325		9.325000
326		8.437500
327		8.612500
328		7.037500
329		9.087501
330		9.500000
331		9.612500
332		8.850000
333		7.675000
334		9.850000
335		9.612500
336		10.612500
337		10.500000
338		10.800000
339		10.387500
340		12.200000
341		11.087501
342		11.562500
343		11.975000
344		12.975000
345		11.912500
346		12.562500
347		13.437500
348		12.325000
349		13.500000
350		12.500000
351		13.850000
352		13.200000
353		13.025001
354		13.262500
355		12.500000
356		13.850000
357		12.912500
358		13.500000
359		12.675000
360		13.375000
361		13.200000
362		13.787500
363		13.787500
364		14.325000
365		15.087501
366		14.200000
367		15.200000
368		14.962501
369		14.675000
370		15.500000
371		15.437500
372		15.675000
373		14.737500
374		14.500000
375		14.375000
376		14.962501
377		13.962501
378		12.437500
379		12.975000
380		14.087501
381		12.787500
382		11.737500
383		12.850000
384		12.612500
385		11.737500
386		11.437500
387		11.087501
388		12.375000
389		11.975000
390		11.850000
391		11.737500
392		12.262500
393		11.437500
394		11.562500
395		11.737500
396		13.087501
397		12.912500
398		12.850000
399		12.262500
400		14.087501
401		15.087501
402		13.737500
403		15.087501
404		14.850000
405		15.962501
406		15.500000
407		16.137501
408		15.962501
409		17.262501
410		17.025000
411		16.787500
412		19.087500
413		17.550001
414		17.550001
415		17.325001
416		18.437500
417		17.675001
418		16.850000
419		18.912500
420		19.500000
421		18.725000
422		17.200001
423		17.962500
424		18.200001
425		18.087500
426		18.137501
427		18.850000
428		18.500000
429		16.787500
430		17.612501
431		18.437500
432		17.612501
433		16.550001
434		17.137501
435		18.787500
436		17.725000
437		18.787500
438		17.437500
439		18.200001
440		18.325001
441		17.725000
442		16.912500
443		18.437500
444		19.200001
445		20.850000
446		18.787500
447		18.725000
448		21.550001
449		20.500000
450		19.725000
451		18.437500
452		21.550001
453		20.550001
454		19.500000
455		20.312500
456		21.087500
457		19.312500
458		20.500000
459		20.087500
460		17.437500
461		19.725000
462		19.312500
463		18.025000
464		18.675001
465		17.962500
466		17.500000
467		17.437500
468		17.725000
469		16.437500
470		18.137501
471		18.025000
472		18.500000
473		17.262501
474		18.912500
475		20.262501
476		18.437500
477		21.087500
478		20.025000
479		21.262501
480		22.900000
481		20.500000
482		20.025000
483		21.675001
484		22.675001
485		21.675001
486		22.550001
487		22.262501
488		24.787500
489		24.375000
490		23.662500
491		24.025000
492		25.962500
493		25.250000
494		24.725000
495		27.075001
496		26.312500
497		26.075001
498		24.375000
499		25.962500
500		26.312500
501		25.487501
502		24.662500
503		25.725000
504		25.550001
505		24.262501
506		24.850000
507		25.375000
508		24.900000
509		23.025000
510		25.137501
511		23.612501
512		22.550001
513		24.025000
514		24.312500
515		24.200001
516		22.262501
517		22.900000
518		21.437500
519		23.487501
520		20.550001
521		20.375000
522		19.787500
523		21.025000
524		20.612501
525		20.087500
526		20.900000
527		20.137501
528		20.437500
529		19.375000
530		20.200001
531		19.725000
532		20.675001
533		20.500000
534		19.787500
535		22.550001
536		21.262501
537		20.850000
538		23.375000
539		21.962500
540		20.312500
541		22.612501
542		23.662500
543		22.550001
544		21.087500
545		20.962500
546		23.137501
547		23.487501
548		22.550001
549		21.550001
550		24.437500
551		22.725000
552		22.200001
553		22.487501
554		24.612501
555		23.900000
556		23.612501
557		25.075001
558		25.662500
559		25.850000
560		24.025000
561		23.487501
562		26.612501
563		24.850000
564		26.787500
565		26.612501
566		27.487501
567		24.262501
568		27.137501
569		27.200001
570		25.612501
571		24.787500
572		25.200001
573		24.787500
574		22.312500
575		23.725000
576		22.137501
577		24.612501
578		21.487501
579		21.550001
580		21.025000
581		21.200001
582		21.487501
583		20.262501
584		22.262501
585		21.137501
586		20.375000
587		20.200001
588		22.787500
589		19.850000
590		19.725000
591		19.787500
592		20.850000
593		19.087500
594		18.787500
595		19.612501
596		18.675001
597		16.737501
598		16.087500
599		19.550001
600		17.262501
601		16.200001
602		16.087500
603		15.437500
604		16.375000
605		15.200000
606		17.025000
607		15.200000
608		17.087500
609		16.912500
610		15.787500
611		16.550001
612		17.550001
613		16.500000
614		14.150001
615		18.437500
616		17.025000
617		15.500000
618		15.962501
619		18.325001
620		17.912500
621		16.912500
622		18.500000
623		17.675001
624		18.200001
625		15.787500
626		17.725000
627		18.725000
628		16.025000
629		16.025000
630		16.262501
631		16.787500
632		15.787500
633		15.850000
634		14.962501
635		16.437500
636		16.437500
637		15.850000
638		15.612500
639		17.437500
640		17.437500
641		15.675000
642		15.850000
643		16.025000
644		15.262500
645		14.912500
646		15.437500
647		14.737500
648		14.325000
649		14.262500
650		14.500000
651		13.737500
652		14.087501
653		14.500000
654		13.737500
655		13.437500
656		13.612500
657		14.325000
658		14.325000
659		14.500000
660		14.375000
661		14.200000
662		13.737500
663		15.200000
664		14.562500
665		13.612500
666		13.850000
667		14.325000
668		14.375000
669		15.025001
670		15.150001
671		14.912500
672		14.612500
673		15.150001
674		15.437500
675		15.850000
676		15.325000
677		14.962501
678		15.262500
679		14.500000
680		14.200000
681		13.675000
682		14.375000
683		14.325000
684		14.025001
685		14.200000
686		14.150001
687		14.787500
688		14.325000
689		14.200000
690		14.200000
691		14.025001
692		13.850000
693		14.087501
694		13.737500
695		13.787500
696		14.087501
697		12.737500
698		11.562500
699		11.850000
700		11.612500
701		10.800000
702		9.562500
703		9.212501
704		9.500000
705		9.500000
706		9.325000
707		9.387500
708		8.675000
709		8.325000
710		8.562500
711		8.437500
712		9.737500
713		9.087501
714		9.325000
715		10.500000
716		10.150001
717		9.087501
718		8.612500
719		8.675000
720		10.200000
721		9.850000
722		9.387500
723		8.912500
724		8.387500
725		8.912500
726		9.212501
727		8.912500
728		8.437500
729		9.087501
730		8.500000
731		8.262500
732		7.975000
733		8.025001
734		7.212500
735		6.975000
736		7.562500
737		6.912500
738		7.212500
739		6.212500
740		6.975000
741		6.437500
742		5.850000
743		6.037500
744		5.625000
745		5.037500
746		4.087500
747		3.275000
748		3.325000
749		2.912500
750		2.325000
751		1.975000
752		2.150000
753		2.087500
754		1.387500
755		1.450000
756		1.450000
757		1.737500
758		1.087500
759		1.087500
760		1.450000
761		0.500000
762		-0.025000
763		-0.200000
764		-0.787500
765		-2.262500
766		-1.725000
767		-2.262500
768		-2.025000
769		-1.850000
770		-1.962500
771		-1.787500
772		-1.487500
773		-0.262500
774		-0.375000
775		0.037500
776		0.912500
777		1.150000
778		0.387500
779		-0.087500
780		0.450000
781		0.150000
782		-0.850000
783		-2.437500
784		-2.137500
785		-2.075000
786		-3.200000
787		-4.725000
788		-4.200000
789		-3.725000
790		-3.900000
791		-4.850000
792		-4.200000
793		-3.437500
794		-4.025000
795		-4.200000
796		-3.612500
797		-3.900000
798		-4.962500
799		-5.962500
800		-6.250000
801		-5.662500
802		-6.550000
803		-7.662500
804		-8.312500
805		-9.012500
806		-9.075000
807		-9.487500
808		-9.312500
809		-9.250000
810		-9.900000
811		-10.250000
812		-9.900000
813		-9.312500
814		-9.787499
815		-9.250000
816		-10.075000
817		-9.787499
818		-10.962500
819		-10.662499
820		-10.375000
821		-10.837500
822		-10.724999
823		-10.962500
824		-11.187500
825		-11.187500
826		-11.250000
827		-11.487500
828		-11.487500
829		-11.187500
830		-10.487500
831		-11.250000
832		-10.837500
833		-11.775000
834		-11.962500
835		-11.900000
836		-12.724999
837		-11.962500
838		-12.312500
839		-13.312500
840		-13.362500
841		-13.012500
842		-13.137500
843		-12.962500
844		-13.550000
845		-12.724999
846		-12.550000
847		-12.487500
848		-13.425000
849		-12.137500
850		-12.137500
851		-12.724999
852		-12.487500
853		-13.362500
854		-13.599999
855		-15.137500
856		-14.137500
857		-14.425000
858		-14.550000
859		-15.012500
860		-14.487500
861		-15.012500
862		-14.599999
863		-14.900000
864		-16.424999
865		-15.187500
866		-14.775000
867		-15.487500
868		-16.537500
869		-16.424999
870		-16.537500
871		-17.075001
872		-18.312500
873		-17.950001
874		-18.712500
875		-19.075001
876		-19.362499
877		-19.837500
878		-20.075001
879		-20.887501
880		-20.950001
881		-21.424999
882		-21.362499
883		-21.424999
884		-21.487499
885		-21.537500
886		-22.362499
887		-23.125000
888		-23.125000
889		-22.250000
890		-22.187500
891		-24.012501
892		-23.424999
893		-23.062500
894		-22.250000
895		-22.950001
896		-22.600000
897		-22.299999
898		-21.950001
899		-21.250000
900		-21.187500
901		-21.362499
902		-20.362499
903		-20.487499
904		-21.125000
905		-20.187500
906		-19.900000
907		-21.487499
908		-21.250000
909		-20.299999
910		-21.299999
911		-21.187500
912		-21.362499
913		-20.537500
914		-19.775000
915		-21.250000
916		-21.600000
917		-20.187500
918		-20.537500
919		-20.299999
920		-20.012501
921		-20.775000
922		-20.125000
923		-20.299999
924		-20.662500
925		-21.537500
926		-21.424999
927		-23.062500
928		-22.712500
929		-22.950001
930		-22.662500
931		-23.712500
932		-24.475000
933		-24.475000
934		-24.837500
935		-25.475000
936		-25.299999
937		-25.650000
938		-25.062500
939		-24.712500
940		-25.187500
941		-25.775000
942		-25.600000
943		-25.837500
944		-26.775000
945		-26.775000
946		-26.187500
947		-26.650000
948		-27.650000
949		-27.950001
950		-27.825001
951		-27.237499
952		-27.362499
953		-26.650000
954		-25.775000
955		-25.362499
956		-24.424999
957		-23.712500
958		-23.187500
959		-23.600000
960		-25.299999
961		-23.712500
962		-26.650000
963		-25.950001
964		-27.125000
965		-28.125000
966		-31.125000
967		-28.712500
968		-29.475000
969		-29.712500
970		-28.887501
971		-28.887501
972		-28.237499
973		-29.125000
974		-29.775000
975		-30.775000
976		-30.650000
977		-33.000000
978		-33.825001
979		-35.650002
980		-36.650002
981		-35.712502
982		-37.650002
983		-37.412498
984		-36.587502
985		-35.062500
986		-35.587502
987		-34.349998
988		-33.237499
989		-31.187500
990		-29.299999
991		-29.187500
992		-28.825001
993		-27.125000
994		-28.012501
995		-29.299999
996		-29.125000
997		-30.950001
998		-31.950001
999		-30.950001
1000		-31.775000
1001		-31.125000
1002		-32.537498
1003		-30.125000
1004		-28.237499
1005		-26.012501
1006		-25.475000
1007		-22.712500
1008		-19.775000
1009		-18.424999
1010		-16.487499
1011		-15.662499
1012		-13.662499
1013		-15.075000
1014		-17.075001
1015		-19.299999
1016		-20.424999
1017		-23.600000
1018		-27.237499
1019		-29.362499
1020		-31.537500
1021		-32.125000
1022		-34.762501
1023		-35.587502
1024		-36.650002
1025		-36.062500
1026		-35.887501
1027		-36.299999
1028		-36.887501
1029		-34.712502
1030		-32.887501
1031		-33.712502
1032		-32.362499
1033		-31.650000
1034		-30.187500
1035		-28.650000
1036		-28.537500
1037		-27.950001
1038		-28.712500
1039		-29.712500
1040		-30.000000
1041		-30.000000
1042		-32.412498
1043		-33.125000
1044		-34.474998
1045		-35.000000
1046		-37.650002
1047		-36.825001
1048		-35.412498
1049		-36.537498
1050		-34.299999
1051		-34.412498
1052		-31.362499
1053		-29.187500
1054		-29.187500
1055		-28.950001
1056		-25.887501
1057		-23.712500
1058		-24.600000
1059		-23.012501
1060		-22.537500
1061		-23.475000
1062		-25.012501
1063		-25.362499
1064		-27.362499
1065		-28.475000
1066		-28.362499
1067		-29.887501
1068		-30.587500
1069		-29.887501
1070		-28.012501
1071		-29.775000
1072		-29.299999
1073		-27.600000
1074		-25.775000
1075		-25.062500
1076		-24.600000
1077		-24.187500
1078		-22.537500
1079		-22.424999
1080		-21.662500
1081		-21.424999
1082		-21.250000
1083		-20.125000
1084		-22.075001
1085		-21.012501
1086		-19.712500
1087		-19.362499
1088		-20.125000
1089		-20.887501
1090		-20.487499
1091		-22.012501
1092		-22.250000
1093		-23.712500
1094		-23.250000
1095		-24.475000
1096		-25.187500
1097		-25.475000
1098		-26.237499
1099		-26.775000
1100		-26.775000
1101		-24.837500
1102		-25.837500
1103		-26.062500
1104		-25.187500
1105		-23.362499
1106		-23.299999
1107		-23.062500
1108		-21.775000
1109		-21.712500
1110		-20.012501
1111		-21.950001
1112		-22.299999
1113		-23.250000
1114		-22.887501
1115		-23.062500
1116		-23.775000
1117		-23.950001
1118		-24.299999
1119		-23.600000
1120		-24.125000
1121		-23.125000
1122		-23.250000
1123		-22.537500
1124		-23.187500
1125		-20.887501
1126		-19.187500
1127		-18.424999
1128		-17.900000
1129		-17.600000
1130		-17.075001
1131		-16.487499
1132		-15.662499
1133		-13.662499
1134		-13.425000
1135		-13.250000
1136		-12.312500
1137		-10.487500
1138		-12.662499
1139		-13.075000
1140		-11.962500
1141		-11.550000
1142		-13.425000
1143		-14.137500
1144		-14.362500
1145		-15.837500
1146		-15.487500
1147		-17.075001
1148		-17.424999
1149		-16.837500
1150		-17.250000
1151		-17.424999
1152		-16.487499
1153		-15.487500
1154		-13.425000
1155		-14.550000
1156		-14.900000
1157		-13.599999
1158		-12.962500
1159		-13.312500
1160		-12.837500
1161		-11.837500
1162		-11.550000
1163		-14.012500
1164		-11.962500
1165		-12.487500
1166		-12.962500
1167		-13.425000
1168		-13.075000
1169		-12.662499
1170		-12.250000
1171		-13.724999
1172		-12.137500
1173		-10.312500
1174		-11.425000
1175		-9.724999
1176		-9.550000
1177		-6.550000
1178		-7.787500
1179		-8.137500
1180		-6.487500
1181		-3.850000
1182		-4.612500
1183		-4.025000
1184		-3.375000
1185		-2.375000
1186		-3.262500
1187		-4.487500
1188		-2.850000
1189		-2.675000
1190		-3.850000
1191		-4.487500
1192		-3.550000
1193		-5.312500
1194		-5.487500
1195		-6.550000
1196		-7.250000
1197		-6.837500
1198		-8.075000
1199		-7.837500
1200		-8.487500
1201		-7.137500
1202		-8.012500
1203		-7.075000
1204		-6.662500
1205		-7.550000
1206		-7.250000
1207		-7.550000
1208		-5.962500
1209		-5.250000
1210		-5.662500
1211		-5.550000
1212		-5.487500
1213		-5.487500
1214		-6.250000
1215		-5.962500
1216		-5.662500
1217		-4.437500
1218		-5.787500
1219		-5.250000
1220		-6.375000
1221		-7.725000
1222		-4.787500
1223		-2.900000
1224		-3.375000
1225		-4.137500
1226		-2.787500
1227		-3.787500
1228		-2.312500
1229		-3.962500
1230		-1.612500
1231		-1.312500
1232		-1.725000
1233		-1.200000
1234		-0.962500
1235		-0.550000
1236		0.212500
1237		1.275000
1238		0.037500
1239		-0.787500
1240		0.150000
1241		1.975000
1242		1.037500
1243		1.275000
1244		2.150000
1245		1.500000
1246		1.037500
1247		1.975000
1248		2.800000
1249		4.037500
1250		2.675000
1251		1.975000
1252		1.500000
1253		2.675000
1254		3.912500
1255		3.325000
1256		2.800000
1257		4.562500
1258		4.262500
1259		3.150000
1260		3.150000
1261		3.675000
1262		3.737500
1263		4.150000
1264		3.500000
1265		3.912500
1266		3.150000
1267		1.800000
1268		3.862500
1269		4.500000
1270		3.800000
1271		4.212500
1272		3.150000
1273		3.450000
1274		2.975000
1275		3.037500
1276		2.800000
1277		3.212500
1278		2.500000
1279		3.325000
1280		4.500000
1281		4.500000
1282		4.912500
1283		5.387500
1284		6.087500
1285		5.800000
1286		6.800000
1287		5.325000
1288		5.562500
1289		6.437500
1290		8.150001
1291		8.612500
1292		7.850000
1293		8.912500
1294		7.912500
1295		9.975000
1296		9.612500
1297		10.150001
1298		10.800000
1299		9.387500
1300		11.087501
1301		10.675000
1302		12.325000
1303		11.437500
1304		12.262500
1305		12.025001
1306		12.262500
1307		12.612500
1308		10.912500
1309		13.200000
1310		13.150001
1311		13.200000
1312		12.912500
1313		13.787500
1314		13.025001
1315		15.025001
1316		13.787500
1317		14.375000
1318		14.850000
1319		14.787500
1320		14.787500
1321		16.200001
1322		15.437500
1323		15.550000
1324		15.262500
1325		15.787500
1326		15.675000
1327		13.375000
1328		14.200000
1329		14.500000
1330		14.737500
1331		14.562500
1332		15.500000
1333		14.025001
1334		14.325000
1335		13.737500
1336		14.325000
1337		14.087501
1338		14.787500
1339		14.787500
1340		14.325000
1341		13.912500
1342		14.500000
1343		14.850000
1344		15.675000
1345		15.087501
1346		11.787500
1347		15.550000
1348		16.737501
1349		16.262501
1350		17.912500
1351		17.262501
1352		18.787500
1353		18.437500
1354		18.787500
1355		19.375000
1356		18.962500
1357		18.725000
1358		20.200001
1359		21.375000
1360		21.137501
1361		20.500000
1362		21.087500
1363		20.550001
1364		22.487501
1365		22.612501
1366		20.500000
1367		22.375000
1368		21.962500
1369		22.200001
1370		21.262501
1371		23.787500
1372		22.200001
1373		22.725000
1374		22.312500
1375		25.312500
1376		22.962500
1377		22.550001
1378		23.312500
1379		23.550001
1380		22.725000
1381		21.850000
1382		23.025000
1383		22.437500
1384		24.025000
1385		22.962500
1386		22.200001
1387		22.725000
1388		21.262501
1389		22.137501
1390		22.550001
1391		23.850000
1392		22.900000
1393		22.612501
1394		22.550001
1395		24.200001
1396		24.900000
1397		23.487501
1398		23.612501
1399		25.075001
1400		25.787500
1401		26.837500
1402		26.137501
1403		25.250000
1404		25.200001
1405		25.375000
1406		24.487501
1407		24.375000
1408		26.025000
1409		25.075001
1410		25.200001
1411		25.075001
1412		25.075001
1413		24.075001
1414		22.850000
1415		24.075001
1416		24.075001
1417		22.137501
1418		23.312500
1419		22.137501
1420		23.025000
1421		23.962500
1422		24.612501
1423		25.250000
1424		25.487501
1425		25.200001
1426		23.437500
1427		25.487501
1428		27.137501
1429		27.612501
1430		27.250000
1431		26.837500
1432		28.487501
1433		28.025000
1434		26.725000
1435		28.137501
1436		28.837500
1437		29.075001
1438		30.137501
1439		30.075001
1440		30.837500
1441		31.725000
1442		31.312500
1443		32.312500
1444		33.187500
1445		33.137501
1446		32.775002
1447		33.375000
1448		31.787500
1449		33.424999
1450		32.012501
1451		33.599998
1452		32.012501
1453		31.550001
1454		31.725000
1455		31.550001
1456		32.487499
1457		32.424999
1458		32.137501
1459		31.312500
1460		31.662500
1461		30.662500
1462		31.725000
1463		30.312500
1464		31.425001
1465		30.075001
1466		28.075001
1467		29.200001
1468		29.900000
1469		29.962500
1470		29.075001
1471		27.025000
1472		27.075001
1473		27.612501
1474		25.787500
1475		26.375000
1476		28.487501
1477		26.962500
1478		26.075001
1479		26.250000
1480		27.312500
1481		27.962500
1482		26.900000
1483		26.962500
1484		27.375000
1485		27.837500
1486		27.025000
1487		27.075001
1488		27.137501
1489		29.075001
1490		28.487501
1491		26.437500
1492		28.900000
1493		28.200001
1494		27.725000
1495		27.375000
1496		29.075001
1497		29.200001
1498		27.962500
1499		28.612501
1500		29.725000
1501		29.012501
1502		28.550001
1503		29.962500
1504		30.250000
1505		30.550001
1506		30.837500
1507		30.662500
1508		30.200001
1509		32.137501
1510		31.787500
1511		32.900002
1512		32.375000
1513		32.312500
1514		33.187500
1515		32.900002
1516		33.012501
1517		32.375000
1518		33.487499
1519		32.137501
1520		34.187500
1521		32.012501
1522		32.312500
1523		30.837500
1524		30.550001
1525		30.075001
1526		29.837500
1527		30.550001
1528		28.900000
1529		28.612501
1530		28.725000
1531		29.312500
1532		28.612501
1533		28.787500
1534		28.425001
1535		26.725000
1536		27.837500
1537		28.137501
1538		28.487501
1539		27.137501
1540		27.075001
1541		27.025000
1542		26.437500
1543		25.900000
1544		24.437500
1545		25.312500
1546		25.137501
1547		24.900000
1548		24.725000
1549		23.312500
1550		22.612501
1551		22.725000
1552		22.725000
1553		23.662500
1554		24.262501
1555		22.962500
1556		23.612501
1557		22.675001
1558		24.612501
1559		23.200001
1560		23.312500
1561		24.137501
1562		23.725000
1563		21.962500
1564		22.725000
1565		25.137501
1566		23.725000
1567		24.900000
1568		24.487501
1569		24.487501
1570		25.025000
1571		25.137501
1572		25.550001
1573		24.662500
1574		25.850000
1575		24.487501
1576		24.137501
1577		23.900000
1578		26.487501
1579		24.437500
1580		23.312500
1581		25.250000
1582		24.137501
1583		23.075001
1584		23.025000
1585		25.200001
1586		23.262501
1587		24.487501
1588		23.787500
1589		24.312500
1590		23.437500
1591		24.075001
1592		23.900000
1593		22.550001
1594		24.375000
1595		23.312500
1596		22.087500
1597		21.262501
1598		22.900000
1599		20.850000
1600		21.087500
1601		22.025000
1602		20.850000
1603		19.675001
1604		19.200001
1605		20.500000
1606		22.025000
1607		21.550001
1608		19.900000
1609		20.375000
1610		20.962500
1611		20.550001
1612		21.550001
1613		20.200001
1614		22.200001
1615		20.962500
1616		19.437500
1617		20.087500
1618		21.312500
1619		20.437500
1620		20.200001
1621		20.850000
1622		20.437500
1623		19.675001
1624		19.137501
1625		20.787500
1626		19.087500
1627		19.200001
1628		19.437500
1629		18.200001
1630		18.675001
1631		19.087500
1632		18.025000
1633		17.025000
1634		18.325001
1635		17.087500
1636		17.550001
1637		16.325001
1638		17.325001
1639		17.025000
1640		15.962501
1641		15.737500
1642		16.912500
1643		16.912500
1644		15.325000
1645		15.087501
1646		15.437500
1647		14.675000
1648		13.737500
1649		13.150001
1650		13.562500
1651		12.737500
1652		11.975000
1653		11.262500
1654		11.612500
1655		10.912500
1656		9.562500
1657		9.387500
1658		9.562500
1659		9.087501
1660		8.737500
1661		9.437500
1662		9.850000
1663		9.262500
1664		8.675000
1665		8.612500
1666		9.212501
1667		8.800000
1668		9.212501
1669		8.562500
1670		8.800000
1671		8.025001
1672		8.675000
1673		8.212501
1674		8.437500
1675		8.675000
1676		8.025001
1677		7.912500
1678		8.437500
1679		7.562500
1680		7.037500
1681		6.150000
1682		6.737500
1683		6.800000
1684		6.437500
1685		6.150000
1686		5.450000
1687		5.562500
1688		5.800000
1689		4.800000
1690		5.212500
1691		4.800000
1692		4.325000
1693		3.737500
1694		4.325000
1695		3.562500
1696		2.450000
1697		1.275000
1698		1.862500
1699		1.275000
1700		0.625000
1701		0.800000
1702		0.100000
1703		0.387500
1704		0.500000
1705		0.100000
1706		-0.025000
1707		-0.137500
1708		0.037500
1709		0.100000
1710		-0.962500
1711		-0.087500
1712		-1.262500
1713		-1.962500
1714		-2.437500
1715		-2.375000
1716		-3.550000
1717		-3.437500
1718		-3.612500
1719		-3.312500
1720		-3.025000
1721		-3.312500
1722		-1.962500
1723		-1.375000
1724		0.037500
1725		-0.375000
1726		0.562500
1727		-0.087500
1728		0.562500
1729		-0.675000
1730		-0.137500
1731		-0.612500
1732		-1.675000
1733		-2.550000
1734		-4.137500
1735		-3.612500
1736		-5.375000
1737		-4.787500
1738		-5.837500
1739		-4.900000
1740		-5.075000
1741		-5.137500
1742		-4.900000
1743		-5.025000
1744		-4.612500
1745		-4.200000
1746		-4.725000
1747		-4.550000
1748		-5.962500
1749		-7.250000
1750		-7.425000
1751		-7.962500
1752		-7.962500
1753		-9.137500
1754		-9.487500
1755		-10.599999
1756		-10.012500
1757		-11.487500
1758		-11.962500
1759		-10.900000
1760		-10.550000
1761		-10.662499
1762		-10.787499
1763		-10.375000
1764		-9.787499
1765		-10.900000
1766		-11.487500
1767		-11.900000
1768		-10.787499
1769		-11.962500
1770		-12.775000
1771		-12.599999
1772		-12.137500
1773		-12.550000
1774		-13.550000
1775		-12.375000
1776		-12.487500
1777		-12.375000
1778		-12.375000
1779		-12.724999
1780		-12.775000
1781		-12.837500
1782		-12.487500
1783		-12.599999
1784		-12.900000
1785		-13.775000
1786		-14.012500
1787		-13.900000
1788		-14.599999
1789		-15.362500
1790		-15.599999
1791		-15.312500
1792		-14.599999
1793		-14.900000
1794		-14.599999
1795		-14.312500
1796		-14.599999
1797		-15.187500
1798		-14.312500
1799		-14.550000
1800		-13.550000
1801		-14.599999
1802		-15.662499
1803		-15.012500
1804		-15.187500
1805		-14.900000
1806		-16.900000
1807		-16.775000
1808		-15.900000
1809		-16.362499
1810		-17.012501
1811		-16.600000
1812		-16.312500
1813		-16.537500
1814		-17.725000
1815		-16.950001
1816		-16.900000
1817		-16.950001
1818		-17.312500
1819		-18.424999
1820		-18.250000
1821		-17.950001
1822		-19.900000
1823		-20.075001
1824		-20.187500
1825		-21.187500
1826		-21.362499
1827		-21.075001
1828		-21.487499
1829		-22.950001
1830		-22.187500
1831		-23.187500
1832		-22.075001
1833		-24.012501
1834		-23.250000
1835		-23.250000
1836		-24.950001
1837		-24.475000
1838		-24.424999
1839		-25.012501
1840		-24.424999
1841		-25.600000
1842		-25.600000
1843		-25.062500
1844		-25.062500
1845		-24.887501
1846		-24.424999
1847		-24.475000
1848		-23.775000
1849		-23.712500
1850		-22.712500
1851		-22.837500
1852		-21.950001
1853		-22.250000
1854		-22.250000
1855		-22.250000
1856		-22.662500
1857		-21.837500
1858		-22.950001
1859		-22.837500
1860		-22.424999
1861		-22.600000
1862		-22.424999
1863		-23.012501
1864		-22.362499
1865		-22.662500
1866		-23.125000
1867		-22.075001
1868		-22.125000
1869		-23.250000
1870		-23.012501
1871		-22.362499
1872		-23.187500
1873		-23.299999
1874		-22.837500
1875		-23.537500
1876		-24.062500
1877		-24.712500
1878		-24.950001
1879		-25.187500
1880		-25.775000
1881		-26.187500
1882		-26.299999
1883		-26.650000
1884		-26.887501
1885		-27.062500
1886		-27.125000
1887		-27.537500
1888		-27.424999
1889		-27.825001
1890		-27.125000
1891		-28.412500
1892		-28.237499
1893		-28.537500
1894		-28.537500
1895		-29.475000
1896		-29.237499
1897		-29.012501
1898		-30.000000
1899		-30.775000
1900		-30.237499
1901		-30.187500
1902		-28.775000
1903		-28.187500
1904		-27.475000
1905		-27.237499
1906		-26.187500
1907		-25.537500
1908		-25.600000
1909		-25.887501
1910		-26.299999
1911		-26.950001
1912		-27.712500
1913		-28.887501
1914		-29.712500
1915		-30.000000
1916		-30.412500
1917		-30.412500
1918		-29.887501
1919		-30.187500
1920		-28.825001
1921		-29.412500
1922		-29.712500
1923		-30.125000
1924		-31.062500
1925		-32.125000
1926		-33.362499
1927		-34.000000
1928		-34.950001
1929		-36.349998
1930		-37.937500
1931		-36.762501
1932		-36.825001
1933		-36.937500
1934		-36.474998
1935		-35.174999
1936		-34.174999
1937		-33.474998
1938		-32.412498
1939		-30.887501
1940		-30.000000
1941		-28.650000
1942		-28.125000
1943		-28.012501
1944		-28.012501
1945		-27.775000
1946		-29.362499
1947		-29.887501
1948		-30.475000
1949		-31.299999
1950		-31.587500
1951		-31.362499
1952		-30.362499
1953		-28.600000
1954		-27.125000
1955		-25.475000
1956		-22.712500
1957		-19.900000
1958		-16.662500
1959		-15.187500
1960		-13.900000
1961		-13.425000
1962		-13.075000
1963		-15.662499
1964		-15.900000
1965		-18.312500
1966		-21.487499
1967		-25.299999
1968		-27.125000
1969		-29.299999
1970		-32.237499
1971		-32.474998
1972		-33.537498
1973		-33.712502
1974		-34.062500
1975		-33.825001
1976		-35.762501
1977		-33.412498
1978		-33.000000
1979		-32.537498
1980		-30.650000
1981		-29.125000
1982		-28.475000
1983		-28.187500
1984		-26.237499
1985		-25.475000
1986		-25.600000
1987		-26.062500
1988		-26.424999
1989		-27.600000
1990		-28.237499
1991		-28.537500
1992		-31.187500
1993		-30.299999
1994		-32.650002
1995		-32.650002
1996		-33.174999
1997		-33.299999
1998		-32.537498
1999		-31.537500
2000		-30.187500
2001		-29.475000
2002		-27.012501
2003		-26.950001
2004		-24.424999
2005		-22.712500
2006		-21.075001
2007		-20.075001
2008		-18.187500
2009		-19.424999
2010		-19.900000
2011		-20.299999
2012		-20.775000
2013		-23.299999
2014		-22.775000
2015		-24.362499
2016		-25.424999
2017		-27.424999
2018		-26.187500
2019		-25.125000
2020		-24.887501
2021		-24.712500
2022		-24.062500
2023		-22.662500
2024		-21.775000
2025		-20.600000
2026		-18.837500
2027		-17.125000
2028		-17.662500
2029		-17.075001
2030		-16.075001
2031		-15.187500
2032		-16.075001
2033		-15.900000
2034		-15.900000
2035		-14.775000
2036		-15.012500
2037		-15.487500
2038		-15.187500
2039		-15.900000
2040		-16.187500
2041		-17.075001
2042		-16.362499
2043		-18.362499
2044		-18.424999
2045		-20.537500
2046		-19.662500
2047		-20.662500
2048		-20.012501
2049		-20.075001
2050		-20.299999
2051		-18.537500
2052		-18.900000
2053		-18.537500
2054		-17.012501
2055		-17.125000
2056		-16.775000
2057		-16.187500
2058		-15.487500
2059		-15.775000
2060		-16.012501
2061		-16.487499
2062		-15.950000
2063		-17.075001
2064		-17.125000
2065		-17.950001
2066		-18.362499
2067		-19.125000
2068		-19.900000
2069		-18.537500
2070		-18.775000
2071		-17.312500
2072		-17.424999
2073		-16.537500
2074		-15.312500
2075		-14.187500
2076		-14.775000
2077		-12.375000
2078		-12.137500
2079		-10.962500
2080		-11.187500
2081		-10.012500
2082		-7.025000
2083		-8.312500
2084		-7.137500
2085		-7.375000
2086		-7.137500
2087		-6.312500
2088		-5.437500
2089		-7.425000
2090		-6.550000
2091		-7.075000
2092		-7.612500
2093		-8.200000
2094		-8.724999
2095		-10.375000
2096		-9.312500
2097		-10.962500
2098		-10.075000
2099		-11.075000
2100		-10.312500
2101		-9.900000
2102		-9.375000
2103		-10.250000
2104		-8.724999
2105		-6.962500
2106		-7.962500
2107		-7.837500
2108		-7.725000
2109		-7.550000
2110		-7.137500
2111		-6.900000
2112		-7.375000
2113		-6.612500
2114		-6.725000
2115		-7.075000
2116		-7.312500
2117		-7.662500
2118		-7.200000
2119		-6.900000
2120		-7.425000
2121		-5.837500
2122		-4.850000
2123		-5.662500
2124		-4.787500
2125		-3.550000
2126		-2.262500
2127		-2.075000
2128		-1.550000
2129		0.500000
2130		-0.262500
2131		0.562500
2132		1.737500
2133		0.862500
2134		2.450000
2135		3.037500
2136		2.912500
2137		3.037500
2138		2.087500
2139		1.087500
2140		1.687500
2141		0.912500
2142		0.325000
2143		-0.487500
2144		-1.262500
2145		-1.025000
2146		-2.137500
2147		-1.675000
2148		-3.200000
2149		-2.550000
2150		-3.075000
2151		-2.312500
2152		-2.262500
2153		-2.375000
2154		-0.312500
2155		-1.487500
2156		-0.487500
2157		-0.487500
2158		0.150000
2159		0.387500
2160		-0.550000
2161		-0.962500
2162		-0.087500
2163		-0.262500
2164		0.500000
2165		-0.437500
2166		-1.550000
2167		0.450000
2168		0.387500
2169		0.562500
2170		-0.900000
2171		0.212500
2172		0.562500
2173		1.737500
2174		2.037500
2175		2.562500
2176		2.675000
2177		2.275000
2178		4.150000
2179		4.387500
2180		4.675000
2181		4.912500
2182		4.387500
2183		4.562500
2184		5.850000
2185		6.087500
2186		5.262500
2187		5.850000
2188		6.150000
2189		5.562500
2190		7.037500
2191		5.912500
2192		6.737500
2193		7.562500
2194		8.387500
2195		7.625000
2196		7.737500
2197		8.025001
2198		7.625000
2199		7.975000
2200		7.912500
2201		8.087501
2202		8.912500
2203		8.437500
2204		9.212501
2205		9.387500
2206		10.087501
2207		8.500000
2208		8.387500
2209		10.200000
2210		9.737500
2211		9.025001
2212		9.262500
2213		9.800000
2214		9.387500
2215		8.437500
2216		10.025001
2217		9.612500
2218		10.437500
2219		8.325000
2220		11.500000
2221		10.325000
2222		8.500000
2223		9.675000
2224		9.150001
2225		10.325000
2226		9.325000
2227		10.975000
2228		10.850000
2229		9.975000
2230		10.500000
2231		10.562500
2232		11.437500
2233		13.262500
2234		12.025001
2235		11.675000
2236		13.962501
2237		13.325000
2238		14.025001
2239		14.325000
2240		14.912500
2241		14.025001
2242		14.375000
2243		14.612500
2244		15.262500
2245		15.025001
2246		16.550001
2247		15.612500
2248		15.675000
2249		16.850000
2250		15.787500
2251		15.675000
2252		17.087500
2253		17.262501
2254		16.137501
2255		17.325001
2256		18.325001
2257		17.137501
2258		18.025000
2259		19.200001
2260		18.025000
2261		19.675001
2262		18.787500
2263		17.850000
2264		17.912500
2265		18.375000
2266		19.725000
2267		19.725000
2268		19.900000
2269		19.787500
2270		19.725000
2271		19.962500
2272		19.612501
2273		19.262501
2274		21.025000
2275		18.725000
2276		18.500000
2277		17.912500
2278		20.312500
2279		17.725000
2280		18.325001
2281		18.137501
2282		18.725000
2283		18.325001
2284		19.087500
2285		18.437500
2286		17.262501
2287		17.262501
2288		16.087500
2289		17.725000
2290		16.612501
2291		16.737501
2292		15.850000
2293		16.375000
2294		16.737501
2295		18.025000
2296		18.725000
2297		18.437500
2298		18.787500
2299		18.500000
2300		19.375000
2301		18.912500
2302		20.375000
2303		20.375000
2304		20.200001
2305		20.962500
2306		22.137501
2307		22.725000
2308		21.725000
2309		20.262501
2310		23.200001
2311		21.262501
2312		21.262501
2313		21.725000
2314		22.137501
2315		21.437500
2316		21.675001
2317		20.787500
2318		21.137501
2319		22.262501
2320		22.375000
2321		22.900000
2322		22.025000
2323		22.137501
2324		21.675001
2325		22.725000
2326		24.375000
2327		22.437500
2328		20.675001
2329		21.200001
2330		21.900000
2331		21.312500
2332		21.437500
2333		20.087500
2334		18.437500
2335		19.675001
2336		21.262501
2337		20.375000
2338		20.500000
2339		19.550001
2340		21.087500
2341		20.550001
2342		20.787500
2343		21.850000
2344		20.675001
2345		22.312500
2346		21.437500
2347		22.375000
2348		21.962500
2349		22.312500
2350		20.900000
2351		21.725000
2352		22.200001
2353		23.025000
2354		21.787500
2355		21.200001
2356		22.025000
2357		20.900000
2358		21.787500
2359		20.962500
2360		20.612501
2361		19.087500
2362		19.962500
2363		20.375000
2364		18.912500
2365		19.200001
2366		19.612501
2367		18.612501
2368		18.025000
2369		18.325001
2370		19.312500
2371		18.500000
2372		19.087500
2373		19.675001
2374		21.612501
2375		20.087500
2376		21.550001
2377		21.312500
2378		21.725000
2379		21.312500
2380		22.900000
2381		22.375000
2382		22.962500
2383		22.725000
2384		22.675001
2385		22.612501
2386		23.725000
2387		23.025000
2388		25.375000
2389		25.900000
2390		24.962500
2391		25.437500
2392		25.550001
2393		25.312500
2394		26.550001
2395		26.837500
2396		26.837500
2397		25.487501
2398		26.612501
2399		28.200001
2400		27.900000
2401		25.550001
2402		25.612501
2403		26.550001
2404		26.137501
2405		26.375000
2406		25.200001
2407		24.900000
2408		26.025000
2409		24.550001
2410		25.487501
2411		24.962500
2412		24.312500
2413		21.850000
2414		23.550001
2415		23.787500
2416		23.900000
2417		22.675001
2418		21.087500
2419		23.200001
2420		21.850000
2421		20.087500
2422		19.850000
2423		20.550001
2424		19.200001
2425		20.312500
2426		19.675001
2427		21.087500
2428		19.200001
2429		18.437500
2430		19.025000
2431		20.025000
2432		20.725000
2433		19.725000
2434		19.900000
2435		20.087500
2436		21.550001
2437		20.375000
2438		22.137501
2439		21.025000
2440		20.612501
2441		20.675001
2442		22.137501
2443		21.612501
2444		20.550001
2445		21.375000
2446		21.375000
2447		22.025000
2448		21.375000
2449		21.487501
2450		23.312500
2451		21.437500
2452		22.900000
2453		23.137501
2454		23.900000
2455		22.900000
2456		22.725000
2457		22.962500
2458		23.437500
2459		26.250000
2460		24.612501
2461		24.900000
2462		25.200001
2463		27.250000
2464		25.550001
2465		25.075001
2466		26.437500
2467		26.837500
2468		26.375000
2469		24.662500
2470		24.025000
2471		23.612501
2472		25.487501
2473		22.200001
2474		22.087500
2475		23.725000
2476		22.850000
2477		21.850000
2478		21.675001
2479		23.137501
2480		21.850000
2481		20.962500
2482		21.137501
2483		22.025000
2484		19.025000
2485		20.675001
2486		20.850000
2487		20.850000
2488		20.962500
2489		18.787500
2490		20.900000
2491		18.725000
2492		17.612501
2493		18.437500
2494		19.787500
2495		18.612501
2496		17.850000
2497		15.850000
2498		16.675001
2499		17.787500
2500		16.262501
2501		15.787500
2502		14.962501
2503		16.500000
2504		15.850000
2505		16.137501
2506		17.550001
2507		17.675001
2508		17.087500
2509		15.375000
2510		16.850000
2511		16.262501
2512		18.375000
2513		15.962501
2514		15.675000
2515		18.262501
2516		18.137501
2517		16.737501
2518		17.500000
2519		19.675001
2520		18.137501
2521		18.500000
2522		17.550001
2523		19.025000
2524		18.137501
2525		18.500000
2526		18.500000
2527		18.675001
2528		18.675001
2529		15.375000
2530		17.612501
2531		18.137501
2532		17.325001
2533		15.550000
2534		17.850000
2535		17.262501
2536		16.675001
2537		18.325001
2538		17.200001
2539		17.325001
2540		16.262501
2541		16.137501
2542		18.025000
2543		16.375000
2544		14.737500
2545		15.962501
2546		16.087500
2547		15.200000
2548		15.500000
2549		11.975000
2550		13.962501
2551		14.087501
2552		13.787500
2553		12.975000
2554		13.737500
2555		13.500000
2556		12.375000
2557		11.325000
2558		12.975000
2559		15.675000
2560		11.562500
2561		13.325000
2562		13.675000
2563		12.912500
2564		11.325000
2565		12.375000
2566		12.562500
2567		11.387500
2568		11.612500
2569		12.025001
2570		12.325000
2571		9.437500
2572		10.562500
2573		11.562500
2574		11.850000
2575		10.850000
2576		9.800000
2577		11.087501
2578		11.387500
2579		9.437500
2580		8.850000
2581		9.262500
2582		10.850000
2583		9.262500
2584		8.437500
2585		9.025001
2586		10.437500
2587		8.500000
2588		8.212501
2589		9.325000
2590		10.200000
2591		6.437500
2592		8.912500
2593		9.025001
2594		9.150001
2595		8.150001
2596		6.737500
2597		6.562500
2598		5.912500
2599		5.562500
2600		5.450000
2601		5.975000
2602		4.975000
2603		2.450000
2604		3.387500
2605		4.212500
2606		4.325000
2607		0.687500
2608		2.800000
2609		2.912500
2610		2.625000
2611		0.800000
2612		2.325000
2613		2.500000
2614		3.212500
2615		1.862500
2616		1.912500
2617		3.912500
2618		2.037500
2619		1.212500
2620		1.912500
2621		2.975000
2622		2.562500
2623		1.800000
2624		2.275000
2625		2.625000
2626		2.975000
2627		1.387500
2628		2.325000
2629		2.325000
2630		1.150000
2631		1.450000
2632		0.912500
2633		0.912500
2634		-0.850000
2635		0.625000
2636		1.500000
2637		1.037500
2638		0.862500
2639		0.975000
2640		0.562500
2641		0.500000
2642		1.087500
2643		1.087500
2644		-0.200000
2645		-0.437500
2646		0.212500
2647		-0.900000
2648		-1.200000
2649		-1.550000
2650		-1.487500
2651		-2.675000
2652		-2.550000
2653		-2.675000
2654		-2.262500
2655		-3.262500
2656		-1.675000
2657		-2.075000
2658		-1.675000
2659		-2.262500
2660		-3.375000
2661		-2.675000
2662		-2.200000
2663		-3.962500
2664		-3.487500
2665		-4.200000
2666		-3.612500
2667		-3.962500
2668		-4.075000
2669		-4.487500
2670		-3.725000
2671		-4.725000
2672		-2.725000
2673		-1.900000
2674		-0.612500
2675		-0.487500
2676		-0.550000
2677		-0.787500
2678		-0.962500
2679		-1.200000
2680		-1.312500
2681		-1.375000
2682		-2.437500
2683		-2.675000
2684		-4.137500
2685		-4.312500
2686		-4.312500
2687		-4.612500
2688		-6.250000
2689		-5.837500
2690		-4.612500
2691		-5.137500
2692		-4.725000
2693		-5.075000
2694		-4.725000
2695		-5.025000
2696		-5.250000
2697		-5.662500
2698		-5.837500
2699		-6.250000
2700		-7.025000
2701		-7.962500
2702		-9.250000
2703		-9.425000
2704		-9.425000
2705		-9.724999
2706		-9.724999
2707		-10.250000
2708		-10.550000
2709		-10.787499
2710		-10.900000
2711		-10.837500
2712		-10.900000
2713		-10.375000
2714		-10.662499
2715		-10.075000
2716		-11.724999
2717		-10.962500
2718		-12.137500
2719		-11.724999
2720		-11.599999
2721		-12.550000
2722		-11.962500
2723		-12.375000
2724		-12.425000
2725		-12.375000
2726		-12.187500
2727		-11.775000
2728		-11.962500
2729		-11.775000
2730		-11.962500
2731		-11.550000
2732		-13.137500
2733		-12.724999
2734		-12.662499
2735		-12.662499
2736		-13.250000
2737		-13.250000
2738		-13.550000
2739		-14.187500
2740		-13.900000
2741		-13.900000
2742		-14.187500
2743		-13.425000
2744		-13.962500
2745		-15.075000
2746		-13.724999
2747		-13.250000
2748		-13.250000
2749		-14.012500
2750		-14.012500
2751		-14.487500
2752		-14.775000
2753		-14.599999
2754		-14.075000
2755		-14.900000
2756		-15.312500
2757		-16.012501
2758		-15.950000
2759		-15.537499
2760		-15.487500
2761		-16.075001
2762		-16.137501
2763		-15.599999
2764		-15.487500
2765		-17.250000
2766		-17.125000
2767		-16.187500
2768		-17.187500
2769		-17.662500
2770		-17.775000
2771		-18.537500
2772		-19.600000
2773		-19.250000
2774		-19.537500
2775		-19.950001
2776		-21.424999
2777		-21.187500
2778		-21.600000
2779		-21.775000
2780		-22.537500
2781		-22.125000
2782		-22.424999
2783		-22.250000
2784		-22.537500
2785		-23.062500
2786		-23.012501
2787		-22.837500
2788		-23.424999
2789		-24.125000
2790		-23.887501
2791		-24.362499
2792		-24.775000
2793		-23.837500
2794		-24.125000
2795		-24.012501
2796		-22.950001
2797		-23.250000
2798		-23.250000
2799		-23.125000
2800		-21.424999
2801		-22.424999
2802		-21.837500
2803		-20.712500
2804		-21.012501
2805		-21.250000
2806		-20.887501
2807		-20.887501
2808		-20.775000
2809		-21.537500
2810		-20.600000
2811		-20.775000
2812		-20.950001
2813		-21.362499
2814		-21.075001
2815		-20.950001
2816		-21.424999
2817		-21.537500
2818		-21.487499
2819		-20.362499
2820		-20.362499
2821		-20.537500
2822		-21.012501
2823		-20.600000
2824		-21.250000
2825		-21.950001
2826		-22.662500
2827		-22.600000
2828		-23.250000
2829		-23.837500
2830		-24.299999
2831		-24.650000
2832		-24.650000
2833		-25.362499
2834		-26.362499
2835		-25.950001
2836		-25.299999
2837		-26.712500
2838		-26.062500
2839		-25.950001
2840		-25.775000
2841		-26.125000
2842		-27.237499
2843		-26.187500
2844		-26.062500
2845		-26.537500
2846		-26.775000
2847		-27.237499
2848		-27.424999
2849		-28.362499
2850		-27.537500
2851		-26.362499
2852		-26.187500
2853		-25.362499
2854		-24.775000
2855		-25.362499
2856		-23.475000
2857		-23.250000
2858		-23.837500
2859		-23.775000
2860		-24.775000
2861		-25.600000
2862		-25.950001
2863		-26.775000
2864		-27.237499
2865		-27.600000
2866		-26.950001
2867		-27.187500
2868		-27.537500
2869		-26.887501
2870		-26.950001
2871		-27.775000
2872		-27.299999
2873		-28.125000
2874		-29.299999
2875		-30.299999
2876		-31.062500
2877		-32.712502
2878		-33.887501
2879		-34.712502
2880		-34.537498
2881		-35.299999
2882		-35.174999
2883		-34.887501
2884		-33.000000
2885		-32.474998
2886		-30.887501
2887		-30.362499
2888		-28.299999
2889		-28.125000
2890		-26.237499
2891		-25.600000
2892		-25.250000
2893		-25.475000
2894		-26.650000
2895		-27.712500
2896		-28.012501
2897		-28.062500
2898		-29.600000
2899		-30.000000
2900		-29.537500
2901		-29.299999
2902		-27.650000
2903		-26.537500
2904		-23.362499
2905		-20.837500
2906		-18.537500
2907		-16.250000
2908		-13.962500
2909		-11.599999
2910		-11.312500
2911		-11.599999
2912		-11.962500
2913		-13.550000
2914		-16.250000
2915		-18.362499
2916		-20.775000
2917		-23.712500
2918		-25.712500
2919		-28.062500
2920		-29.187500
2921		-30.000000
2922		-31.362499
2923		-32.000000
2924		-31.000000
2925		-31.187500
2926		-30.299999
2927		-30.299999
2928		-28.825001
2929		-27.775000
2930		-27.125000
2931		-25.712500
2932		-24.600000
2933		-23.125000
2934		-22.299999
2935		-22.012501
2936		-22.537500
2937		-22.424999
2938		-23.250000
2939		-24.837500
2940		-24.950001
2941		-26.012501
2942		-26.825001
2943		-27.825001
2944		-29.125000
2945		-28.600000
2946		-28.887501
2947		-29.887501
2948		-29.600000
2949		-27.950001
2950		-25.950001
2951		-25.362499
2952		-23.775000
2953		-21.662500
2954		-20.487499
2955		-20.012501
2956		-18.125000
2957		-17.187500
2958		-17.075001
2959		-18.012501
2960		-18.187500
2961		-18.312500
2962		-19.537500
2963		-22.424999
2964		-22.600000
2965		-22.837500
2966		-24.887501
2967		-26.187500
2968		-25.424999
2969		-24.250000
2970		-25.012501
2971		-24.250000
2972		-23.125000
2973		-20.125000
2974		-19.837500
2975		-20.887501
2976		-18.900000
2977		-18.312500
2978		-18.012501
2979		-18.250000
2980		-16.075001
2981		-15.900000
2982		-15.599999
2983		-16.837500
2984		-17.012501
2985		-15.724999
2986		-15.900000
2987		-16.900000
2988		-17.125000
2989		-16.537500
2990		-19.012501
2991		-18.312500
2992		-19.362499
2993		-20.887501
2994		-21.600000
2995		-22.950001
2996		-22.424999
2997		-23.250000
2998		-23.475000
2999		-23.537500
3000		-22.950001
3001		-22.250000
3002		-21.950001
3003		-22.125000
3004		-20.600000
3005		-19.250000
3006		-19.950001
3007		-20.075001
3008		-19.950001
3009		-18.900000
3010		-20.187500
3011		-21.600000
3012		-21.125000
3013		-20.887501
3014		-21.487499
3015		-23.837500
3016		-21.600000
3017		-22.537500
3018		-23.012501
3019		-23.424999
3020		-22.075001
3021		-21.662500
3022		-21.487499
3023		-22.600000
3024		-20.600000
3025		-18.712500
3026		-18.487499
3027		-17.424999
3028		-16.775000
3029		-15.075000
3030		-15.487500
3031		-13.900000
3032		-13.724999
3033		-12.775000
3034		-13.362500
3035		-13.724999
3036		-11.962500
3037		-12.662499
3038		-11.837500
3039		-12.375000
3040		-12.075000
3041		-11.837500
3042		-13.599999
3043		-14.362500
3044		-15.312500
3045		-15.487500
3046		-17.012501
3047		-16.950001
3048		-16.950001
3049		-16.250000
3050		-16.775000
3051		-16.075001
3052		-16.187500
3053		-15.012500
3054		-14.662499
3055		-14.487500
3056		-12.962500
3057		-13.250000
3058		-13.962500
3059		-12.724999
3060		-12.599999
3061		-14.137500
3062		-13.487500
3063		-11.550000
3064		-13.250000
3065		-14.362500
3066		-14.550000
3067		-12.425000
3068		-13.250000
3069		-12.425000
3070		-13.075000
3071		-12.962500
3072		-10.487500
3073		-12.662499
3074		-10.250000
3075		-9.200000
3076		-8.425000
3077		-9.425000
3078		-7.612500
3079		-6.612500
3080		-5.787500
3081		-6.662500
3082		-4.200000
3083		-3.487500
3084		-4.787500
3085		-2.962500
3086		-5.137500
3087		-3.375000
3088		-5.025000
3089		-6.075000
3090		-4.900000
3091		-5.075000
3092		-6.662500
3093		-8.137500
3094		-7.375000
3095		-8.312500
3096		-8.200000
3097		-10.599999
3098		-9.900000
3099		-8.837500
3100		-8.724999
3101		-9.425000
3102		-9.599999
3103		-7.375000
3104		-7.837500
3105		-7.550000
3106		-8.250000
3107		-7.075000
3108		-6.075000
3109		-6.837500
3110		-6.487500
3111		-7.075000
3112		-5.662500
3113		-7.612500
3114		-7.075000
3115		-6.250000
3116		-6.075000
3117		-7.550000
3118		-6.837500
3119		-5.662500
3120		-6.200000
3121		-5.900000
3122		-4.612500
3123		-4.612500
3124		-4.850000
3125		-4.550000
3126		-4.612500
3127		-3.025000
3128		-2.137500
3129		-3.612500
3130		-2.312500
3131		-1.262500
3132		-0.850000
3133		-1.312500
3134		-1.962500
3135		0.562500
3136		0.212500
3137		-0.787500
3138		-0.612500
3139		1.150000
3140		0.625000
3141		0.275000
3142		0.912500
3143		2.325000
3144		0.800000
3145		0.975000
3146		0.562500
3147		0.737500
3148		2.450000
3149		2.862500
3150		2.275000
3151		1.912500
3152		2.450000
3153		1.862500
3154		2.387500
3155		2.912500
3156		3.387500
3157		2.625000
3158		1.912500
3159		3.275000
3160		2.737500
3161		2.912500
3162		2.500000
3163		2.150000
3164		2.675000
3165		4.387500
3166		2.625000
3167		2.625000
3168		3.737500
3169		3.500000
3170		4.212500
3171		1.862500
3172		3.500000
3173		5.150000
3174		4.150000
3175		4.737500
3176		3.450000
3177		4.500000
3178		3.912500
3179		5.262500
3180		3.862500
3181		5.625000
3182		3.975000
3183		5.500000
3184		6.087500
3185		5.500000
3186		7.087500
3187		6.262500
3188		7.625000
3189		7.437500
3190		8.437500
3191		6.975000
3192		7.850000
3193		8.087501
3194		8.737500
3195		8.737500
3196		10.800000
3197		10.087501
3198		8.850000
3199		10.562500
3200		11.262500
3201		10.675000
3202		9.387500
3203		9.087501
3204		10.087501
3205		11.025001
3206		12.087501
3207		10.675000
3208		11.562500
3209		12.612500
3210		11.150001
3211		12.087501
3212		12.150001
3213		13.325000
3214		12.262500
3215		12.562500
3216		13.087501
3217		14.675000
3218		12.262500
3219		12.262500
3220		13.962501
3221		12.850000
3222		11.850000
3223		12.325000
3224		10.325000
3225		11.787500
3226		11.437500
3227		10.737500
3228		11.850000
3229		11.087501
3230		10.087501
3231		9.912500
3232		11.675000
3233		11.262500
3234		10.325000
3235		9.975000
3236		11.087501
3237		11.737500
3238		9.975000
3239		11.087501
3240		9.387500
3241		9.975000
3242		9.975000
3243		11.025001
3244		11.675000
3245		10.325000
3246		10.500000
3247		10.912500
3248		13.325000
3249		12.612500
3250		13.562500
3251		13.150001
3252		14.787500
3253		14.562500
3254		14.325000
3255		15.437500
3256		15.500000
3257		15.262500
3258		14.562500
3259		15.500000
3260		16.962500
3261		15.787500
3262		14.962501
3263		15.325000
3264		16.325001
3265		15.150001
3266		15.962501
3267		16.675001
3268		16.137501
3269		17.550001
3270		17.325001
3271		17.137501
3272		18.437500
3273		17.025000
3274		17.725000
3275		17.025000
3276		16.850000
3277		17.500000
3278		17.262501
3279		15.375000
3280		16.087500
3281		15.375000
3282		16.850000
3283		15.787500
3284		16.675001
3285		16.137501
3286		16.550001
3287		15.850000
3288		17.262501
3289		16.912500
3290		16.500000
3291		17.612501
3292		18.137501
3293		19.087500
3294		18.912500
3295		19.200001
3296		19.025000
3297		19.962500
3298		19.200001
3299		19.612501
3300		20.787500
3301		19.200001
3302		19.550001
3303		18.437500
3304		19.375000
3305		19.375000
3306		20.375000
3307		18.725000
3308		19.962500
3309		18.850000
3310		19.375000
3311		19.087500
3312		21.137501
3313		19.500000
3314		18.200001
3315		19.550001
3316		18.137501
3317		18.787500
3318		17.725000
3319		19.312500
3320		20.787500
3321		18.137501
3322		19.612501
3323		21.375000
3324		20.962500
3325		20.850000
3326		21.087500
3327		22.675001
3328		23.437500
3329		24.075001
3330		24.075001
3331		22.262501
3332		24.312500
3333		24.787500
3334		25.200001
3335		26.250000
3336		26.437500
3337		26.612501
3338		27.137501
3339		26.550001
3340		28.425001
3341		28.425001
3342		28.962500
3343		29.425001
3344		29.312500
3345		29.425001
3346		28.662500
3347		30.600000
3348		28.312500
3349		29.200001
3350		29.662500
3351		29.612501
3352		28.487501
3353		29.012501
3354		29.487501
3355		27.962500
3356		28.662500
3357		29.662500
3358		28.425001
3359		28.200001
3360		27.837500
3361		26.962500
3362		28.075001
3363		28.662500
3364		28.312500
3365		27.550001
3366		27.025000
3367		25.075001
3368		24.375000
3369		25.662500
3370		25.375000
3371		25.550001
3372		23.075001
3373		24.787500
3374		24.375000
3375		25.025000
3376		24.137501
3377		24.550001
3378		24.025000
3379		25.250000
3380		24.075001
3381		24.200001
3382		25.612501
3383		24.612501
3384		26.075001
3385		25.200001
3386		25.962500
3387		25.137501
3388		24.437500
3389		25.075001
3390		25.025000
3391		26.550001
3392		25.312500
3393		25.200001
3394		25.550001
3395		27.425001
3396		25.962500
3397		27.550001
3398		27.025000
3399		26.900000
3400		27.312500
3401		26.437500
3402		28.725000
3403		28.612501
3404		28.200001
3405		27.312500
3406		28.962500
3407		28.725000
3408		29.787500
3409		30.075001
3410		29.137501
3411		30.425001
3412		29.962500
3413		30.250000
3414		31.075001
3415		33.724998
3416		31.425001
3417		29.662500
3418		29.900000
3419		30.962500
3420		29.962500
3421		29.662500
3422		29.725000
3423		28.425001
3424		29.012501
3425		27.837500
3426		28.025000
3427		27.550001
3428		28.250000
3429		27.075001
3430		26.962500
3431		27.137501
3432		27.612501
3433		25.662500
3434		25.962500
3435		28.025000
3436		28.662500
3437		27.025000
3438		27.375000
3439		27.200001
3440		26.550001
3441		25.787500
3442		25.487501
3443		25.250000
3444		25.612501
3445		23.725000
3446		22.025000
3447		23.850000
3448		22.725000
3449		23.850000
3450		20.787500
3451		23.262501
3452		23.487501
3453		23.850000
3454		23.612501
3455		24.900000
3456		23.662500
3457		23.725000
3458		24.787500
3459		23.900000
3460		24.487501
3461		22.200001
3462		24.437500
3463		24.025000
3464		26.075001
3465		24.312500
3466		24.200001
3467		24.025000
3468		25.075001
3469		24.612501
3470		24.787500
3471		26.725000
3472		25.375000
3473		24.550001
3474		24.487501
3475		26.550001
3476		24.662500
3477		24.900000
3478		24.262501
3479		24.075001
3480		23.200001
3481		23.312500
3482		23.312500
3483		23.312500
3484		24.312500
3485		23.262501
3486		22.900000
3487		22.725000
3488		22.725000
3489		21.487501
3490		23.200001
3491		22.550001
3492		23.662500
3493		20.612501
3494		21.900000
3495		20.787500
3496		20.612501
3497		18.787500
3498		20.137501
3499		19.375000
3500		19.312500
3501		17.325001
3502		20.725000
3503		17.437500
3504		18.612501
3505		18.087500
3506		17.962500
3507		18.725000
3508		16.550001
3509		18.912500
3510		16.912500
3511		19.087500
3512		19.500000
3513		19.550001
3514		17.850000
3515		19.787500
3516		17.325001
3517		18.612501
3518		18.025000
3519		18.325001
3520		19.025000
3521		18.612501
3522		18.137501
3523		16.437500
3524		17.612501
3525		17.612501
3526		16.912500
3527		15.912500
3528		15.850000
3529		16.962500
3530		14.787500
3531		15.500000
3532		16.087500
3533		16.375000
3534		15.850000
3535		15.550000
3536		16.137501
3537		15.850000
3538		17.725000
3539		16.375000
3540		16.962500
3541		14.850000
3542		15.787500
3543		13.787500
3544		14.562500
3545		14.912500
3546		14.437500
3547		12.375000
3548		13.200000
3549		12.262500
3550		10.975000
3551		11.975000
3552		11.150001
3553		10.200000
3554		9.325000
3555		10.262500
3556		10.562500
3557		10.562500
3558		9.912500
3559		9.850000
3560		10.675000
3561		10.975000
3562		10.675000
3563		9.737500
3564		11.387500
3565		11.737500
3566		9.087501
3567		9.212501
3568		10.025001
3569		11.150001
3570		9.087501
3571		10.150001
3572		10.850000
3573		10.675000
3574		10.025001
3575		8.850000
3576		10.025001
3577		9.612500
3578		9.800000
3579		9.212501
3580		9.325000
3581		8.262500
3582		8.025001
3583		7.437500
3584		8.737500
3585		9.800000
3586		8.325000
3587		8.500000
3588		8.025001
3589		8.387500
3590		6.500000
3591		6.975000
3592		7.325000
3593		5.975000
3594		5.850000
3595		6.087500
3596		5.500000
3597		5.562500
3598		5.262500
3599		4.500000
3600		5.625000
3601		5.562500
3602		4.087500
3603		2.912500
3604		5.562500
3605		4.675000
3606		4.500000
3607		3.975000
3608		3.212500
3609		4.150000
3610		3.150000
3611		1.737500
3612		4.325000
3613		2.562500
3614		2.562500
3615		1.275000
3616		1.687500
3617		1.275000
3618		2.150000
3619		1.975000
3620		2.800000
3621		2.912500
3622		3.037500
3623		3.737500
3624		4.212500
3625		5.087500
3626		5.037500
3627		4.912500
3628		4.087500
3629		3.087500
3630		1.975000
3631		1.862500
3632		0.275000
3633		0.275000
3634		0.150000
3635		-1.550000
3636		-1.200000
3637		-0.375000
3638		-0.962500
3639		-1.675000
3640		0.275000
3641		-0.725000
3642		-0.900000
3643		-1.962500
3644		-1.550000
3645		-1.962500
3646		-2.725000
3647		-3.900000
3648		-4.200000
3649		-4.312500
3650		-6.075000
3651		-6.787500
3652		-7.662500
3653		-8.375000
3654		-8.837500
3655		-8.662499
3656		-8.375000
3657		-9.137500
3658		-8.787499
3659		-9.962500
3660		-9.200000
3661		-9.425000
3662		-9.425000
3663		-10.662499
3664		-10.312500
3665		-10.599999
3666		-10.375000
3667		-11.375000
3668		-11.312500
3669		-12.137500
3670		-11.837500
3671		-13.250000
3672		-13.187500
3673		-13.250000
3674		-12.187500
3675		-12.250000
3676		-12.425000
3677		-12.375000
3678		-13.075000
3679		-12.837500
3680		-13.137500
3681		-12.662499
3682		-13.662499
3683		-13.425000
3684		-13.962500
3685		-13.837500
3686		-14.900000
3687		-15.187500
3688		-16.137501
3689		-16.424999
3690		-16.012501
3691		-16.424999
3692		-16.187500
3693		-15.362500
3694		-15.012500
3695		-15.599999
3696		-15.012500
3697		-15.724999
3698		-14.425000
3699		-15.137500
3700		-15.012500
3701		-16.312500
3702		-16.075001
3703		-16.950001
3704		-16.424999
3705		-16.487499
3706		-17.125000
3707		-17.250000
3708		-17.662500
3709		-17.125000
3710		-17.600000
3711		-17.362499
3712		-18.125000
3713		-18.012501
3714		-18.012501
3715		-17.837500
3716		-17.837500
3717		-17.662500
3718		-17.362499
3719		-19.299999
3720		-19.487499
3721		-20.299999
3722		-20.012501
3723		-20.250000
3724		-21.075001
3725		-22.712500
3726		-21.837500
3727		-22.424999
3728		-22.887501
3729		-23.537500
3730		-23.537500
3731		-23.424999
3732		-24.424999
3733		-24.125000
3734		-24.650000
3735		-24.187500
3736		-23.887501
3737		-25.362499
3738		-23.887501
3739		-24.187500
3740		-24.600000
3741		-24.475000
3742		-24.712500
3743		-23.950001
3744		-23.299999
3745		-24.062500
3746		-23.837500
3747		-22.837500
3748		-22.537500
3749		-22.600000
3750		-21.487499
3751		-21.362499
3752		-22.012501
3753		-22.075001
3754		-21.075001
3755		-21.950001
3756		-21.250000
3757		-22.362499
3758		-22.075001
3759		-22.187500
3760		-21.537500
3761		-21.125000
3762		-20.837500
3763		-21.600000
3764		-21.775000
3765		-21.775000
3766		-22.600000
3767		-21.600000
3768		-21.075001
3769		-23.012501
3770		-21.362499
3771		-21.950001
3772		-22.662500
3773		-23.887501
3774		-23.424999
3775		-23.125000
3776		-23.250000
3777		-24.012501
3778		-24.012501
3779		-25.012501
3780		-25.475000
3781		-26.062500
3782		-26.600000
3783		-26.424999
3784		-25.950001
3785		-26.125000
3786		-26.712500
3787		-26.825001
3788		-27.424999
3789		-27.950001
3790		-28.012501
3791		-27.825001
3792		-27.887501
3793		-29.062500
3794		-29.412500
3795		-28.412500
3796		-29.825001
3797		-29.950001
3798		-30.187500
3799		-29.650000
3800		-29.125000
3801		-28.012501
3802		-26.424999
3803		-26.650000
3804		-25.362499
3805		-23.887501
3806		-24.362499
3807		-24.775000
3808		-24.712500
3809		-24.837500
3810		-26.712500
3811		-27.950001
3812		-29.187500
3813		-29.775000
3814		-29.600000
3815		-29.600000
3816		-30.062500
3817		-29.412500
3818		-28.887501
3819		-28.887501
3820		-28.237499
3821		-29.362499
3822		-30.062500
3823		-30.950001
3824		-31.362499
3825		-32.362499
3826		-33.712502
3827		-35.174999
3828		-35.937500
3829		-38.000000
3830		-37.762501
3831		-36.937500
3832		-36.237499
3833		-36.349998
3834		-36.000000
3835		-33.412498
3836		-32.362499
3837		-29.887501
3838		-29.062500
3839		-27.950001
3840		-27.600000
3841		-27.537500
3842		-26.600000
3843		-26.775000
3844		-27.362499
3845		-29.299999
3846		-29.887501
3847		-30.537500
3848		-30.650000
3849		-30.825001
3850		-30.299999
3851		-29.125000
3852		-27.362499
3853		-25.250000
3854		-22.837500
3855		-20.950001
3856		-18.250000
3857		-16.012501
3858		-13.724999
3859		-12.599999
3860		-12.425000
3861		-13.487500
3862		-14.362500
3863		-16.187500
3864		-17.950001
3865		-21.299999
3866		-24.775000
3867		-26.950001
3868		-28.950001
3869		-30.125000
3870		-32.474998
3871		-32.950001
3872		-32.950001
3873		-33.412498
3874		-33.825001
3875		-33.362499
3876		-32.775002
3877		-31.537500
3878		-30.775000
3879		-29.299999
3880		-27.062500
3881		-26.537500
3882		-26.062500
3883		-24.475000
3884		-23.362499
3885		-23.837500
3886		-24.712500
3887		-25.650000
3888		-25.950001
3889		-28.125000
3890		-29.125000
3891		-29.950001
3892		-30.587500
3893		-32.125000
3894		-32.650002
3895		-32.537498
3896		-33.125000
3897		-32.000000
3898		-30.299999
3899		-28.950001
3900		-27.600000
3901		-25.887501
3902		-25.424999
3903		-22.887501
3904		-21.250000
3905		-20.187500
3906		-19.299999
3907		-19.250000
3908		-18.950001
3909		-19.424999
3910		-20.775000
3911		-21.887501
3912		-22.837500
3913		-24.187500
3914		-25.012501
3915		-26.237499
3916		-27.125000
3917		-26.887501
3918		-26.237499
3919		-26.475000
3920		-24.950001
3921		-23.887501
3922		-23.187500
3923		-21.775000
3924		-20.299999
3925		-19.712500
3926		-19.075001
3927		-18.250000
3928		-17.725000
3929		-17.600000
3930		-17.075001
3931		-17.424999
3932		-16.725000
3933		-16.725000
3934		-16.075001
3935		-16.950001
3936		-16.600000
3937		-15.837500
3938		-16.424999
3939		-18.424999
3940		-17.600000
3941		-18.900000
3942		-19.712500
3943		-20.299999
3944		-20.775000
3945		-21.362499
3946		-20.887501
3947		-21.837500
3948		-22.125000
3949		-21.250000
3950		-21.775000
3951		-21.012501
3952		-20.712500
3953		-19.075001
3954		-19.012501
3955		-18.600000
3956		-17.950001
3957		-17.537500
3958		-18.362499
3959		-19.600000
3960		-18.600000
3961		-17.075001
3962		-18.312500
3963		-19.600000
3964		-19.775000
3965		-20.012501
3966		-20.487499
3967		-21.075001
3968		-19.662500
3969		-20.299999
3970		-19.600000
3971		-19.125000
3972		-18.075001
3973		-16.837500
3974		-16.600000
3975		-16.362499
3976		-15.487500
3977		-13.775000
3978		-14.137500
3979		-13.250000
3980		-12.187500
3981		-11.962500
3982		-10.724999
3983		-11.187500
3984		-9.425000
3985		-8.900000
3986		-9.487500
3987		-10.487500
3988		-8.837500
3989		-10.662499
3990		-11.075000
3991		-11.137500
3992		-11.724999
3993		-12.375000
3994		-12.962500
3995		-13.012500
3996		-14.662499
3997		-14.012500
3998		-14.362500
3999		-13.075000
4000		-13.137500
4001		-12.375000
4002		-12.550000
4003		-12.550000
4004		-9.724999
4005		-9.425000
4006		-9.487500
4007		-9.599999
4008		-8.425000
4009		-10.425000
4010		-8.900000
4011		-9.012500
4012		-9.900000
4013		-9.137500
4014		-10.137500
4015		-9.487500
4016		-9.487500
4017		-8.900000
4018		-9.200000
4019		-8.137500
4020		-7.200000
4021		-6.312500
4022		-6.312500
4023		-5.900000
4024		-4.200000
4025		-3.437500
4026		-2.675000
4027		-1.550000
4028		-0.900000
4029		-0.725000
4030		-0.725000
4031		0.912500
4032		0.562500
4033		0.862500
4034		1.212500
4035		2.562500
4036		0.212500
4037		1.087500
4038		1.150000
4039		-0.137500
4040		0.862500
4041		-0.437500
4042		-1.487500
4043		-1.487500
4044		-1.200000
4045		-2.375000
4046		-2.262500
4047		-2.550000
4048		-1.900000
4049		-2.437500
4050		-3.137500
4051		-1.787500
4052		-2.075000
4053		-1.487500
4054		-1.850000
4055		-1.087500
4056		-1.487500
4057		-0.675000
4058		0.212500
4059		-0.900000
4060		-0.725000
4061		-0.787500
4062		0.975000
4063		-1.850000
4064		-1.850000
4065		-0.900000
4066		-0.787500
4067		-1.312500
4068		1.212500
4069		-0.025000
4070		0.625000
4071		0.325000
4072		0.212500
4073		0.975000
4074		2.500000
4075		2.912500
4076		2.037500
4077		3.562500
4078		4.212500
4079		2.037500
4080		3.325000
4081		4.325000
4082		4.500000
4083		4.325000
4084		7.087500
4085		5.850000
4086		5.562500
4087		5.262500
4088		6.087500
4089		6.037500
4090		6.562500
4091		7.325000
4092		6.150000
4093		7.437500
4094		6.975000
4095		7.625000
4096		6.850000
4097		7.850000
4098		8.262500
4099		7.625000
4100		7.912500
4101		9.087501
4102		8.437500
4103		8.262500
4104		9.087501
4105		8.975000
4106		9.387500
4107		8.387500
4108		8.087501
4109		9.262500
4110		10.025001
4111		9.850000
4112		9.087501
4113		8.675000
4114		9.612500
4115		9.500000
4116		7.912500
4117		9.387500
4118		9.737500
4119		8.737500
4120		9.025001
4121		10.262500
4122		9.975000
4123		9.025001
4124		9.675000
4125		10.262500
4126		10.675000
4127		9.387500
4128		11.087501
4129		11.437500
4130		11.025001
4131		12.150001
4132		12.150001
4133		12.325000
4134		10.975000
4135		13.087501
4136		13.612500
4137		13.325000
4138		12.375000
4139		14.025001
4140		14.025001
4141		12.912500
4142		15.500000
4143		14.500000
4144		15.550000
4145		15.262500
4146		14.962501
4147		15.375000
4148		16.612501
4149		16.500000
4150		15.737500
4151		16.675001
4152		16.325001
4153		17.137501
4154		16.550001
4155		16.375000
4156		16.912500
4157		16.137501
4158		17.137501
4159		17.325001
4160		17.962500
4161		17.087500
4162		18.725000
4163		18.200001
4164		19.900000
4165		18.850000
4166		19.087500
4167		19.262501
4168		19.200001
4169		18.262501
4170		18.137501
4171		19.437500
4172		18.437500
4173		18.850000
4174		17.137501
4175		18.137501
4176		18.850000
4177		17.675001
4178		17.025000
4179		17.375000
4180		16.612501
4181		16.137501
4182		17.137501
4183		17.087500
4184		16.912500
4185		16.500000
4186		16.850000
4187		16.787500
4188		16.787500
4189		16.612501
4190		15.025001
4191		15.962501
4192		15.262500
4193		16.550001
4194		16.550001
4195		17.550001
4196		17.962500
4197		18.025000
4198		18.612501
4199		19.087500
4200		19.787500
4201		19.025000
4202		20.675001
4203		20.137501
4204		21.437500
4205		21.850000
4206		21.312500
4207		21.262501
4208		21.900000
4209		22.137501
4210		21.137501
4211		21.850000
4212		20.962500
4213		21.375000
4214		22.087500
4215		23.025000
4216		22.612501
4217		22.262501
4218		21.900000
4219		22.262501
4220		22.900000
4221		24.662500
4222		23.612501
4223		23.025000
4224		23.787500
4225		23.612501
4226		23.137501
4227		24.487501
4228		23.787500
4229		23.137501
4230		22.437500
4231		22.900000
4232		22.612501
4233		21.725000
4234		22.312500
4235		22.725000
4236		24.025000
4237		22.612501
4238		23.962500
4239		23.437500
4240		23.550001
4241		23.550001
4242		24.075001
4243		25.250000
4244		25.250000
4245		25.437500
4246		25.375000
4247		25.787500
4248		26.250000
4249		26.025000
4250		24.312500
4251		26.725000
4252		25.900000
4253		26.375000
4254		25.200001
4255		26.075001
4256		25.612501
4257		25.250000
4258		24.725000
4259		23.850000
4260		24.962500
4261		24.262501
4262		23.612501
4263		23.725000
4264		26.075001
4265		23.312500
4266		23.262501
4267		22.900000
4268		24.312500
4269		25.200001
4270		24.200001
4271		24.550001
4272		25.662500
4273		26.025000
4274		26.725000
4275		26.312500
4276		26.375000
4277		28.075001
4278		27.787500
4279		28.075001
4280		28.487501
4281		28.200001
4282		28.487501
4283		29.662500
4284		29.375000
4285		30.425001
4286		29.962500
4287		30.550001
4288		30.375000
4289		30.425001
4290		31.137501
4291		31.375000
4292		32.837502
4293		31.250000
4294		31.375000
4295		31.137501
4296		31.787500
4297		32.137501
4298		31.550001
4299		29.900000
4300		30.250000
4301		30.487501
4302		31.187500
4303		29.075001
4304		29.962500
4305		29.787500
4306		30.075001
4307		29.200001
4308		28.962500
4309		30.137501
4310		29.250000
4311		30.250000
4312		27.662500
4313		27.837500
4314		26.437500
4315		27.137501
4316		25.787500
4317		26.550001
4318		25.312500
4319		24.487501
4320		24.850000
4321		24.787500
4322		24.375000
4323		23.612501
4324		23.662500
4325		24.200001
4326		24.900000
4327		22.612501
4328		23.200001
4329		24.075001
4330		21.850000
4331		23.375000
4332		24.137501
4333		23.612501
4334		23.612501
4335		22.850000
4336		22.612501
4337		24.312500
4338		26.075001
4339		23.312500
4340		23.262501
4341		23.487501
4342		23.962500
4343		23.137501
4344		24.200001
4345		24.200001
4346		25.850000
4347		25.850000
4348		24.612501
4349		24.725000
4350		25.850000
4351		25.900000
4352		24.662500
4353		26.437500
4354		27.075001
4355		26.375000
4356		27.025000
4357		26.725000
4358		27.550001
4359		26.025000
4360		26.725000
4361		27.425001
4362		26.725000
4363		27.137501
4364		26.725000
4365		27.312500
4366		27.837500
4367		28.375000
4368		26.962500
4369		27.025000
4370		25.850000
4371		25.025000
4372		24.662500
4373		24.487501
4374		24.612501
4375		23.725000
4376		22.262501
4377		22.437500
4378		21.900000
4379		22.612501
4380		21.487501
4381		22.262501
4382		21.850000
4383		21.437500
4384		21.725000
4385		22.312500
4386		21.612501
4387		21.312500
4388		20.500000
4389		21.025000
4390		20.787500
4391		19.550001
4392		19.962500
4393		19.087500
4394		20.312500
4395		18.137501
4396		17.612501
4397		17.850000
4398		17.612501
4399		17.850000
4400		17.725000
4401		18.200001
4402		17.500000
4403		17.325001
4404		17.850000
4405		17.137501
4406		17.850000
4407		18.675001
4408		17.612501
4409		17.675001
4410		17.912500
4411		18.325001
4412		17.325001
4413		17.725000
4414		18.200001
4415		17.612501
4416		18.087500
4417		18.612501
4418		17.912500
4419		18.325001
4420		18.437500
4421		17.912500
4422		19.025000
4423		19.025000
4424		16.850000
4425		17.325001
4426		17.200001
4427		17.725000
4428		17.087500
4429		15.550000
4430		17.137501
4431		17.325001
4432		15.962501
4433		15.612500
4434		17.550001
4435		16.087500
4436		14.737500
4437		14.675000
4438		17.262501
4439		16.137501
4440		16.675001
4441		14.912500
4442		15.437500
4443		16.087500
4444		13.262500
4445		14.787500
4446		15.962501
4447		14.612500
4448		11.850000
4449		13.150001
4450		13.087501
4451		13.500000
4452		10.612500
4453		12.437500
4454		13.562500
4455		11.975000
4456		11.562500
4457		13.612500
4458		13.150001
4459		12.262500
4460		11.975000
4461		13.500000
4462		12.262500
4463		12.200000
4464		11.562500
4465		12.787500
4466		10.975000
4467		11.437500
4468		12.025001
4469		12.562500
4470		12.737500
4471		10.737500
4472		11.325000
4473		11.912500
4474		13.025001
4475		9.025001
4476		10.087501
4477		11.087501
4478		11.087501
4479		9.087501
4480		9.975000
4481		11.262500
4482		9.437500
4483		9.325000
4484		9.212501
4485		9.025001
4486		9.612500
4487		8.912500
4488		7.975000
4489		8.387500
4490		10.200000
4491		8.325000
4492		6.850000
4493		6.912500
4494		8.387500
4495		6.850000
4496		5.800000
4497		4.562500
4498		3.975000
4499		4.262500
4500		4.262500
4501		4.675000
4502		2.625000
4503		3.275000
4504		2.275000
4505		3.387500
4506		1.862500
4507		1.975000
4508		3.212500
4509		3.862500
4510		3.625000
4511		2.675000
4512		4.737500
4513		3.800000
4514		4.450000
4515		2.800000
4516		3.150000
4517		3.325000
4518		4.087500
4519		3.562500
4520		2.737500
4521		3.325000
4522		3.800000
4523		4.087500
4524		2.037500
4525		3.625000
4526		5.387500
4527		4.625000
4528		2.325000
4529		1.087500
4530		2.912500
4531		2.275000
4532		1.450000
4533		2.737500
4534		3.212500
4535		1.625000
4536		2.625000
4537		1.387500
4538		2.212500
4539		2.862500
4540		1.275000
4541		1.625000
4542		1.450000
4543		2.387500
4544		-0.675000
4545		0.150000
4546		1.150000
4547		-0.375000
4548		-1.437500
4549		-1.375000
4550		-2.025000
4551		-3.200000
4552		-2.262500
4553		-1.487500
4554		-1.375000
4555		-3.612500
4556		-3.612500
4557		-2.962500
4558		-3.612500
4559		-4.437500
4560		-5.725000
4561		-2.962500
4562		-5.962500
4563		-5.725000
4564		-7.075000
4565		-5.487500
4566		-5.375000
4567		-5.787500
4568		-5.787500
4569		-4.487500
4570		-3.437500
4571		-4.900000
4572		-4.075000
4573		-3.725000
4574		-1.962500
4575		-3.900000
4576		-4.437500
4577		-4.962500
4578		-4.137500
4579		-4.437500
4580		-6.137500
4581		-7.137500
4582		-7.200000
4583		-7.137500
4584		-9.900000
4585		-9.312500
4586		-8.012500
4587		-7.962500
4588		-10.137500
4589		-10.200000
4590		-7.250000
4591		-9.425000
4592		-10.375000
4593		-9.075000
4594		-9.075000
4595		-11.550000
4596		-10.550000
4597		-11.775000
4598		-14.012500
4599		-15.012500
4600		-15.537499
4601		-13.137500
4602		-17.187500
4603		-17.250000
4604		-17.487499
4605		-16.362499
4606		-16.662500
4607		-18.012501
4608		-15.775000
4609		-15.950000
4610		-16.250000
4611		-18.362499
4612		-16.662500
4613		-17.362499
4614		-15.950000
4615		-17.537500
4616		-18.424999
4617		-17.537500
4618		-19.487499
4619		-18.487499
4620		-18.837500
4621		-18.012501
4622		-17.900000
4623		-20.250000
4624		-19.012501
4625		-17.075001
4626		-18.250000
4627		-19.299999
4628		-16.900000
4629		-17.537500
4630		-18.712500
4631		-19.900000
4632		-16.950001
4633		-18.600000
4634		-18.950001
4635		-18.950001
4636		-19.187500
4637		-17.600000
4638		-18.662500
4639		-19.187500
4640		-19.487499
4641		-18.012501
4642		-19.012501
4643		-20.712500
4644		-18.312500
4645		-17.662500
4646		-18.312500
4647		-18.125000
4648		-17.662500
4649		-18.424999
4650		-17.600000
4651		-18.250000
4652		-17.725000
4653		-18.250000
4654		-19.125000
4655		-20.075001
4656		-18.250000
4657		-18.537500
4658		-18.600000
4659		-18.424999
4660		-18.712500
4661		-19.125000
4662		-19.075001
4663		-18.712500
4664		-19.487499
4665		-19.299999
4666		-19.537500
4667		-19.187500
4668		-19.950001
4669		-19.487499
4670		-19.950001
4671		-20.600000
4672		-20.887501
4673		-20.950001
4674		-21.487499
4675		-22.600000
4676		-23.062500
4677		-22.424999
4678		-22.250000
4679		-23.250000
4680		-23.600000
4681		-23.424999
4682		-23.062500
4683		-23.424999
4684		-23.600000
4685		-23.950001
4686		-23.887501
4687		-24.424999
4688		-24.475000
4689		-24.424999
4690		-23.662500
4691		-24.537500
4692		-24.012501
4693		-23.712500
4694		-22.712500
4695		-23.887501
4696		-23.187500
4697		-22.537500
4698		-22.075001
4699		-21.487499
4700		-21.662500
4701		-21.250000
4702		-21.424999
4703		-21.187500
4704		-22.187500
4705		-20.950001
4706		-20.600000
4707		-21.075001
4708		-21.837500
4709		-21.187500
4710		-20.299999
4711		-21.012501
4712		-21.012501
4713		-20.299999
4714		-20.662500
4715		-21.187500
4716		-20.950001
4717		-20.950001
4718		-21.187500
4719		-21.362499
4720		-22.362499
4721		-22.075001
4722		-21.775000
4723		-22.250000
4724		-22.712500
4725		-23.600000
4726		-24.012501
4727		-24.887501
4728		-25.062500
4729		-25.125000
4730		-24.887501
4731		-25.950001
4732		-25.775000
4733		-26.125000
4734		-25.837500
4735		-26.475000
4736		-26.187500
4737		-26.012501
4738		-26.187500
4739		-25.775000
4740		-27.062500
4741		-27.537500
4742		-27.775000
4743		-28.362499
4744		-28.775000
4745		-28.600000
4746		-28.237499
4747		-29.012501
4748		-28.887501
4749		-28.125000
4750		-26.950001
4751		-26.012501
4752		-25.650000
4753		-24.250000
4754		-24.250000
4755		-23.887501
4756		-23.299999
4757		-24.775000
4758		-25.362499
4759		-26.187500
4760		-26.600000
4761		-27.650000
4762		-27.537500
4763		-28.600000
4764		-29.062500
4765		-28.412500
4766		-27.712500
4767		-27.825001
4768		-27.950001
4769		-28.475000
4770		-28.125000
4771		-28.712500
4772		-30.237499
4773		-32.000000
4774		-31.887501
4775		-32.950001
4776		-34.474998
4777		-35.062500
4778		-35.412498
4779		-35.887501
4780		-35.349998
4781		-35.000000
4782		-34.299999
4783		-32.712502
4784		-31.650000
4785		-30.712500
4786		-28.712500
4787		-28.237499
4788		-27.600000
4789		-26.475000
4790		-25.950001
4791		-27.237499
4792		-27.062500
4793		-27.537500
4794		-29.012501
4795		-29.887501
4796		-29.825001
4797		-30.000000
4798		-29.650000
4799		-28.712500
4800		-28.125000
4801		-26.537500
4802		-24.187500
4803		-21.250000
4804		-19.662500
4805		-17.012501
4806		-14.312500
4807		-13.012500
4808		-12.137500
4809		-11.550000
4810		-12.724999
4811		-14.012500
4812		-16.362499
4813		-18.487499
4814		-21.600000
4815		-23.299999
4816		-26.237499
4817		-27.650000
4818		-29.600000
4819		-30.950001
4820		-31.187500
4821		-31.887501
4822		-31.775000
4823		-31.187500
4824		-31.950001
4825		-30.537500
4826		-29.475000
4827		-28.650000
4828		-27.062500
4829		-25.650000
4830		-23.887501
4831		-23.537500
4832		-23.012501
4833		-22.250000
4834		-22.537500
4835		-22.662500
4836		-23.250000
4837		-23.424999
4838		-24.775000
4839		-25.775000
4840		-27.362499
4841		-29.237499
4842		-29.125000
4843		-29.650000
4844		-29.125000
4845		-29.712500
4846		-28.475000
4847		-27.600000
4848		-26.537500
4849		-25.125000
4850		-22.950001
4851		-21.662500
4852		-20.362499
4853		-18.250000
4854		-17.362499
4855		-16.537500
4856		-15.950000
4857		-16.725000
4858		-17.600000
4859		-18.250000
4860		-19.712500
4861		-20.424999
4862		-22.424999
4863		-22.837500
4864		-23.600000
4865		-24.950001
4866		-24.299999
4867		-24.012501
4868		-24.062500
4869		-23.125000
4870		-21.712500
4871		-20.187500
4872		-19.250000
4873		-18.250000
4874		-17.837500
4875		-16.662500
4876		-16.075001
4877		-15.662499
4878		-15.662499
4879		-15.075000
4880		-14.550000
4881		-14.900000
4882		-14.950000
4883		-14.137500
4884		-14.487500
4885		-15.187500
4886		-14.724999
4887		-15.662499
4888		-16.900000
4889		-16.537500
4890		-17.725000
4891		-18.600000
4892		-18.187500
4893		-19.299999
4894		-20.075001
4895		-20.600000
4896		-20.600000
4897		-20.662500
4898		-19.712500
4899		-19.424999
4900		-17.725000
4901		-17.362499
4902		-17.250000
4903		-16.537500
4904		-15.775000
4905		-15.250000
4906		-14.900000
4907		-15.599999
4908		-15.599999
4909		-16.362499
4910		-16.137501
4911		-16.950001
4912		-16.775000
4913		-16.837500
4914		-18.125000
4915		-18.712500
4916		-17.537500
4917		-17.900000
4918		-18.012501
4919		-16.725000
4920		-16.537500
4921		-16.250000
4922		-15.075000
4923		-14.425000
4924		-13.012500
4925		-12.137500
4926		-11.187500
4927		-10.787499
4928		-9.312500
4929		-9.012500
4930		-8.375000
4931		-7.250000
4932		-6.487500
4933		-6.437500
4934		-6.837500
4935		-6.900000
4936		-6.250000
4937		-6.550000
4938		-6.550000
4939		-6.962500
4940		-7.837500
4941		-8.962500
4942		-10.137500
4943		-10.012500
4944		-10.487500
4945		-11.250000
4946		-10.787499
4947		-10.787499
4948		-11.075000
4949		-10.312500
4950		-9.837500
4951		-9.962500
4952		-8.012500
4953		-6.962500
4954		-6.837500
4955		-6.787500
4956		-5.962500
4957		-5.837500
4958		-6.837500
4959		-7.725000
4960		-6.200000
4961		-8.137500
4962		-7.200000
4963		-7.725000
4964		-7.787500
4965		-7.425000
4966		-7.075000
4967		-8.075000
4968		-8.612500
4969		-5.437500
4970		-6.662500
4971		-6.787500
4972		-6.662500
4973		-1.962500
4974		-3.262500
4975		-3.312500
4976		-1.375000
4977		-0.900000
4978		0.687500
4979		0.500000
4980		1.150000
4981		-0.200000
4982		1.450000
4983		0.975000
4984		1.687500
4985		1.737500
4986		1.325000
4987		0.212500
4988		-2.675000
4989		-0.787500
4990		-1.262500
4991		-2.675000
4992		-3.787500
4993		-3.612500
4994		-3.787500
4995		-4.312500
4996		-5.312500
4997		-6.250000
4998		-3.662500
4999		-5.375000
5000		-5.025000
5001		-4.900000
5002		-4.612500
5003		-5.312500
5004		-4.075000
5005		-2.262500
5006		-2.437500
5007		-3.787500
5008		-4.850000
5009		-3.075000
5010		-3.437500
5011		-4.025000
5012		-3.725000
5013		-2.437500
5014		-2.725000
5015		-4.725000
5016		-3.612500
5017		-4.075000
5018		-2.850000
5019		-3.900000
5020		-3.850000
5021		-3.550000
5022		-2.262500
5023		-3.662500
5024		-3.725000
5025		-1.962500
5026		-1.375000
5027		-2.437500
5028		-1.487500
5029		0.100000
5030		-2.025000
5031		-0.900000
5032		0.212500
5033		0.912500
5034		0.800000
5035		-0.675000
5036		2.087500
5037		1.325000
5038		0.562500
5039		0.975000
5040		1.450000
5041		1.212500
5042		1.562500
5043		0.800000
5044		1.087500
5045		2.625000
5046		0.737500
5047		2.450000
5048		2.450000
5049		3.037500
5050		0.800000
5051		0.625000
5052		2.325000
5053		2.737500
5054		3.212500
5055		2.500000
5056		4.262500
5057		3.675000
5058		3.325000
5059		4.500000
5060		3.800000
5061		2.625000
5062		3.087500
5063		3.975000
5064		3.150000
5065		3.275000
5066		2.862500
5067		3.625000
5068		4.212500
5069		4.387500
5070		3.387500
5071		2.675000
5072		3.800000
5073		4.037500
5074		3.800000
5075		2.625000
5076		4.325000
5077		4.500000
5078		4.037500
5079		4.562500
5080		5.625000
5081		6.387500
5082		5.262500
5083		5.387500
5084		5.450000
5085		7.850000
5086		6.737500
5087		6.562500
5088		6.737500
5089		7.850000
5090		6.737500
5091		6.800000
5092		8.087501
5093		8.500000
5094		9.325000
5095		8.500000
5096		10.087501
5097		8.975000
5098		9.087501
5099		9.800000
5100		10.850000
5101		9.612500
5102		9.212501
5103		9.437500
5104		9.912500
5105		11.675000
5106		9.612500
5107		10.150001
5108		10.675000
5109		11.612500
5110		10.562500
5111		10.387500
5112		11.975000
5113		11.325000
5114		12.975000
5115		11.325000
5116		13.325000
5117		12.975000
5118		13.087501
5119		12.912500
5120		12.325000
5121		12.437500
5122		12.437500
5123		11.025001
5124		11.262500
5125		11.087501
5126		11.087501
5127		11.087501
5128		9.975000
5129		10.562500
5130		10.562500
5131		10.500000
5132		9.612500
5133		11.262500
5134		11.675000
5135		10.262500
5136		10.850000
5137		10.737500
5138		9.912500
5139		9.675000
5140		11.500000
5141		11.200000
5142		9.975000
5143		11.912500
5144		11.562500
5145		13.025001
5146		12.912500
5147		13.850000
5148		13.850000
5149		13.375000
5150		13.562500
5151		13.325000
5152		15.200000
5153		15.500000
5154		15.912500
5155		14.500000
5156		15.787500
5157		15.087501
5158		16.437500
5159		15.500000
5160		16.375000
5161		16.375000
5162		14.787500
5163		16.500000
5164		16.137501
5165		16.850000
5166		16.087500
5167		17.500000
5168		17.325001
5169		17.200001
5170		17.437500
5171		17.262501
5172		17.437500
5173		17.137501
5174		17.500000
5175		17.725000
5176		17.437500
5177		15.437500
5178		16.437500
5179		17.137501
5180		16.375000
5181		16.137501
5182		15.850000
5183		16.612501
5184		15.850000
5185		15.325000
5186		15.912500
5187		17.200001
5188		16.962500
5189		16.137501
5190		18.725000
5191		17.912500
5192		18.137501
5193		17.325001
5194		18.200001
5195		19.675001
5196		19.675001
5197		19.200001
5198		19.375000
5199		20.500000
5200		19.375000
5201		19.612501
5202		18.962500
5203		20.500000
5204		18.850000
5205		19.025000
5206		18.612501
5207		19.375000
5208		17.962500
5209		17.612501
5210		18.325001
5211		17.725000
5212		18.200001
5213		16.262501
5214		16.375000
5215		17.262501
5216		17.325001
5217		16.550001
5218		17.137501
5219		17.675001
5220		19.200001
5221		19.087500
5222		17.550001
5223		20.725000
5224		19.900000
5225		19.500000
5226		21.087500
5227		21.200001
5228		20.087500
5229		20.262501
5230		20.962500
5231		21.550001
5232		20.675001
5233		22.025000
5234		21.487501
5235		22.612501
5236		23.375000
5237		24.612501
5238		24.487501
5239		24.312500
5240		23.787500
5241		25.025000
5242		25.200001
5243		25.550001
5244		25.250000
5245		24.375000
5246		24.312500
5247		25.487501
5248		25.250000
5249		23.962500
5250		24.375000
5251		24.550001
5252		24.487501
5253		22.900000
5254		23.437500
5255		23.787500
5256		23.262501
5257		23.025000
5258		22.900000
5259		23.312500
5260		22.900000
5261		21.850000
5262		20.550001
5263		22.612501
5264		22.137501
5265		19.900000
5266		20.262501
5267		20.962500
5268		19.612501
5269		19.312500
5270		19.787500
5271		19.025000
5272		18.912500
5273		17.850000
5274		18.725000
5275		18.437500
5276		18.912500
5277		18.500000
5278		17.612501
5279		18.912500
5280		18.725000
5281		18.787500
5282		18.850000
5283		19.612501
5284		20.675001
5285		20.375000
5286		19.375000
5287		19.612501
5288		18.912500
5289		20.312500
5290		19.962500
5291		20.675001
5292		20.375000
5293		20.787500
5294		21.375000
5295		21.612501
5296		21.675001
5297		22.025000
5298		20.962500
5299		21.850000
5300		22.437500
5301		23.137501
5302		23.075001
5303		23.137501
5304		23.662500
5305		24.487501
5306		25.075001
5307		24.550001
5308		24.437500
5309		25.850000
5310		25.787500
5311		26.550001
5312		26.962500
5313		24.262501
5314		26.837500
5315		26.962500
5316		26.612501
5317		25.487501
5318		26.250000
5319		25.025000
5320		24.725000
5321		25.075001
5322		24.900000
5323		24.850000
5324		24.312500
5325		25.075001
5326		24.487501
5327		22.725000
5328		23.312500
5329		24.787500
5330		23.025000
5331		24.025000
5332		23.137501
5333		24.312500
5334		24.900000
5335		24.662500
5336		24.262501
5337		23.725000
5338		23.900000
5339		22.312500
5340		23.025000
5341		22.437500
5342		23.137501
5343		21.025000
5344		21.200001
5345		20.962500
5346		20.375000
5347		19.312500
5348		21.487501
5349		20.900000
5350		20.962500
5351		20.500000
5352		20.962500
5353		20.900000
5354		21.087500
5355		20.850000
5356		21.612501
5357		21.487501
5358		21.087500
5359		21.087500
5360		20.787500
5361		22.025000
5362		21.550001
5363		21.375000
5364		20.725000
5365		22.437500
5366		22.900000
5367		22.200001
5368		22.200001
5369		23.262501
5370		22.725000
5371		22.850000
5372		22.675001
5373		22.550001
5374		22.137501
5375		20.962500
5376		21.850000
5377		22.312500
5378		21.850000
5379		21.850000
5380		20.962500
5381		21.962500
5382		21.962500
5383		21.550001
5384		21.487501
5385		21.025000
5386		21.262501
5387		21.725000
5388		20.200001
5389		21.375000
5390		21.087500
5391		21.137501
5392		20.025000
5393		17.725000
5394		19.087500
5395		18.912500
5396		18.200001
5397		18.725000
5398		16.912500
5399		17.262501
5400		17.550001
5401		17.437500
5402		18.787500
5403		15.550000
5404		17.912500
5405		17.787500
5406		19.200001
5407		17.437500
5408		17.325001
5409		16.962500
5410		17.675001
5411		18.200001
5412		18.325001
5413		16.962500
5414		17.787500
5415		16.550001
5416		15.550000
5417		18.612501
5418		17.437500
5419		17.550001
5420		16.437500
5421		17.262501
5422		17.137501
5423		16.787500
5424		16.737501
5425		17.725000
5426		16.850000
5427		14.962501
5428		15.850000
5429		13.025001
5430		14.087501
5431		14.912500
5432		15.962501
5433		14.612500
5434		14.325000
5435		14.087501
5436		15.262500
5437		14.850000
5438		15.962501
5439		14.437500
5440		14.675000
5441		15.675000
5442		14.500000
5443		13.612500
5444		14.025001
5445		13.612500
5446		13.675000
5447		12.612500
5448		13.675000
5449		11.737500
5450		10.675000
5451		10.737500
5452		10.975000
5453		10.387500
5454		10.150001
5455		10.850000
5456		9.387500
5457		10.500000
5458		10.200000
5459		10.262500
5460		11.025001
5461		12.200000
5462		11.500000
5463		10.087501
5464		12.025001
5465		10.737500
5466		9.912500
5467		10.562500
5468		12.025001
5469		9.912500
5470		10.675000
5471		10.562500
5472		11.387500
5473		10.437500
5474		10.262500
5475		9.562500
5476		8.912500
5477		9.800000
5478		10.387500
5479		9.262500
5480		8.325000
5481		8.500000
5482		9.025001
5483		8.025001
5484		8.737500
5485		9.150001
5486		8.087501
5487		6.850000
5488		6.625000
5489		7.975000
5490		7.737500
5491		7.437500
5492		4.212500
5493		5.387500
5494		5.087500
5495		6.912500
5496		4.912500
5497		5.387500
5498		5.500000
5499		4.087500
5500		3.275000
5501		3.450000
5502		5.212500
5503		2.387500
5504		3.912500
5505		2.912500
5506		4.037500
5507		2.862500
5508		2.450000
5509		1.562500
5510		1.087500
5511		0.687500
5512		1.087500
5513		-0.087500
5514		-0.025000
5515		0.100000
5516		0.212500
5517		1.275000
5518		2.150000
5519		1.562500
5520		3.387500
5521		2.737500
5522		4.912500
5523		3.500000
5524		3.275000
5525		3.800000
5526		3.150000
5527		1.450000
5528		0.800000
5529		0.500000
5530		-0.487500
5531		-0.025000
5532		-1.962500
5533		-3.262500
5534		-2.850000
5535		-2.725000
5536		-3.725000
5537		-1.675000
5538		-0.900000
5539		-1.437500
5540		-2.675000
5541		-1.962500
5542		-1.312500
5543		-2.850000
5544		-1.087500
5545		-4.200000
5546		-3.725000
5547		-4.437500
5548		-5.662500
5549		-6.962500
5550		-6.550000
5551		-6.612500
5552		-9.012500
5553		-8.612500
5554		-8.900000
5555		-9.012500
5556		-9.487500
5557		-8.250000
5558		-8.662499
5559		-10.012500
5560		-8.425000
5561		-9.550000
5562		-9.200000
5563		-10.425000
5564		-8.612500
5565		-10.250000
5566		-10.962500
5567		-11.487500
5568		-10.837500
5569		-10.837500
5570		-11.250000
5571		-9.425000
5572		-11.250000
5573		-11.662499
5574		-9.724999
5575		-9.962500
5576		-10.837500
5577		-11.550000
5578		-8.612500
5579		-10.425000
5580		-11.187500
5581		-11.962500
5582		-11.137500
5583		-11.187500
5584		-10.487500
5585		-12.425000
5586		-13.075000
5587		-12.487500
5588		-10.900000
5589		-12.550000
5590		-11.662499
5591		-11.375000
5592		-12.137500
5593		-11.425000
5594		-11.775000
5595		-9.599999
5596		-10.312500
5597		-10.250000
5598		-10.962500
5599		-11.250000
5600		-11.137500
5601		-12.250000
5602		-11.425000
5603		-12.550000
5604		-10.900000
5605		-11.075000
5606		-12.137500
5607		-13.312500
5608		-10.599999
5609		-11.075000
5610		-12.075000
5611		-10.375000
5612		-12.837500
5613		-12.425000
5614		-13.137500
5615		-13.137500
5616		-13.075000
5617		-12.837500
5618		-13.137500
5619		-15.187500
5620		-14.599999
5621		-16.075001
5622		-15.012500
5623		-16.725000
5624		-17.537500
5625		-17.537500
5626		-17.600000
5627		-18.837500
5628		-18.950001
5629		-19.125000
5630		-20.075001
5631		-18.712500
5632		-19.712500
5633		-19.712500
5634		-21.187500
5635		-20.362499
5636		-19.487499
5637		-19.900000
5638		-20.299999
5639		-21.775000
5640		-20.487499
5641		-20.887501
5642		-21.075001
5643		-20.950001
5644		-19.775000
5645		-19.900000
5646		-19.775000
5647		-19.299999
5648		-19.362499
5649		-20.187500
5650		-19.900000
5651		-19.487499
5652		-20.125000
5653		-19.775000
5654		-20.775000
5655		-19.950001
5656		-21.012501
5657		-20.075001
5658		-20.662500
5659		-20.600000
5660		-21.250000
5661		-20.362499
5662		-20.600000
5663		-21.250000
5664		-19.900000
5665		-21.075001
5666		-21.299999
5667		-21.537500
5668		-20.837500
5669		-21.887501
5670		-21.662500
5671		-21.887501
5672		-22.837500
5673		-24.012501
5674		-23.662500
5675		-24.250000
5676		-25.062500
5677		-24.887501
5678		-25.537500
5679		-26.537500
5680		-27.187500
5681		-25.950001
5682		-27.475000
5683		-27.600000
5684		-27.362499
5685		-26.650000
5686		-27.062500
5687		-27.362499
5688		-27.537500
5689		-28.537500
5690		-28.187500
5691		-28.412500
5692		-29.537500
5693		-29.537500
5694		-30.000000
5695		-30.887501
5696		-31.062500
5697		-30.237499
5698		-29.650000
5699		-29.012501
5700		-27.012501
5701		-26.825001
5702		-26.237499
5703		-25.712500
5704		-24.187500
5705		-25.837500
5706		-25.475000
5707		-27.650000
5708		-27.775000
5709		-29.600000
5710		-29.475000
5711		-29.775000
5712		-30.537500
5713		-30.775000
5714		-30.412500
5715		-30.537500
5716		-29.712500
5717		-28.712500
5718		-29.362499
5719		-30.650000
5720		-30.537500
5721		-30.587500
5722		-32.587502
5723		-34.474998
5724		-34.299999
5725		-34.712502
5726		-36.412498
5727		-36.650002
5728		-36.650002
5729		-36.587502
5730		-36.174999
5731		-35.412498
5732		-34.237499
5733		-33.125000
5734		-30.650000
5735		-29.712500
5736		-28.825001
5737		-27.475000
5738		-27.537500
5739		-27.299999
5740		-26.950001
5741		-27.362499
5742		-27.237499
5743		-28.887501
5744		-29.125000
5745		-29.299999
5746		-29.887501
5747		-29.600000
5748		-28.299999
5749		-27.712500
5750		-25.712500
5751		-23.250000
5752		-21.250000
5753		-18.125000
5754		-15.837500
5755		-14.724999
5756		-13.250000
5757		-12.550000
5758		-11.837500
5759		-14.187500
5760		-15.775000
5761		-17.125000
5762		-20.775000
5763		-23.837500
5764		-25.250000
5765		-28.299999
5766		-30.412500
5767		-31.237499
5768		-32.712502
5769		-32.825001
5770		-32.950001
5771		-33.587502
5772		-32.712502
5773		-32.474998
5774		-31.537500
5775		-30.475000
5776		-29.600000
5777		-27.775000
5778		-26.712500
5779		-26.062500
5780		-25.299999
5781		-24.062500
5782		-23.537500
5783		-24.362499
5784		-24.600000
5785		-25.062500
5786		-26.237499
5787		-27.125000
5788		-28.537500
5789		-29.362499
5790		-30.475000
5791		-31.775000
5792		-31.712500
5793		-31.650000
5794		-30.000000
5795		-30.125000
5796		-29.537500
5797		-27.825001
5798		-26.187500
5799		-24.424999
5800		-22.837500
5801		-21.187500
5802		-19.775000
5803		-18.600000
5804		-18.125000
5805		-17.950001
5806		-18.362499
5807		-19.487499
5808		-20.662500
5809		-21.362499
5810		-22.600000
5811		-23.837500
5812		-25.537500
5813		-26.600000
5814		-26.362499
5815		-26.600000
5816		-26.424999
5817		-25.299999
5818		-23.887501
5819		-22.712500
5820		-21.662500
5821		-20.837500
5822		-19.775000
5823		-18.487499
5824		-17.125000
5825		-17.900000
5826		-16.900000
5827		-16.075001
5828		-16.012501
5829		-16.075001
5830		-16.187500
5831		-16.137501
5832		-16.537500
5833		-17.012501
5834		-16.362499
5835		-16.424999
5836		-17.775000
5837		-17.837500
5838		-18.012501
5839		-19.187500
5840		-20.299999
5841		-21.187500
5842		-20.887501
5843		-21.299999
5844		-22.125000
5845		-21.537500
5846		-20.887501
5847		-20.250000
5848		-20.299999
5849		-19.775000
5850		-18.775000
5851		-18.012501
5852		-17.424999
5853		-17.537500
5854		-17.250000
5855		-17.600000
5856		-17.725000
5857		-17.725000
5858		-17.487499
5859		-18.900000
5860		-19.125000
5861		-19.125000
5862		-19.299999
5863		-19.900000
5864		-19.712500
5865		-19.900000
5866		-19.775000
5867		-19.187500
5868		-18.187500
5869		-18.487499
5870		-17.075001
5871		-16.075001
5872		-14.599999
5873		-14.550000
5874		-13.012500
5875		-12.487500
5876		-11.187500
5877		-11.312500
5878		-11.075000
5879		-10.487500
5880		-9.550000
5881		-9.550000
5882		-8.550000
5883		-8.312500
5884		-8.012500
5885		-9.012500
5886		-9.012500
5887		-8.900000
5888		-9.900000
5889		-10.962500
5890		-10.662499
5891		-11.012500
5892		-12.075000
5893		-12.962500
5894		-13.012500
5895		-12.250000
5896		-13.724999
5897		-13.250000
5898		-12.375000
5899		-10.900000
5900		-11.550000
5901		-10.962500
5902		-10.012500
5903		-9.599999
5904		-8.612500
5905		-9.787499
5906		-9.662499
5907		-9.012500
5908		-8.612500
5909		-8.900000
5910		-8.900000
5911		-8.724999
5912		-9.599999
5913		-10.075000
5914		-9.900000
5915		-8.075000
5916		-8.900000
5917		-8.312500
5918		-8.137500
5919		-7.425000
5920		-6.787500
5921		-5.837500
5922		-4.200000
5923		-4.250000
5924		-2.725000
5925		-3.312500
5926		-1.787500
5927		-0.850000
5928		0.037500
5929		0.037500
5930		-0.262500
5931		0.800000
5932		0.862500
5933		-0.087500
5934		0.687500
5935		0.737500
5936		-0.312500
5937		-1.025000
5938		-0.725000
5939		-2.200000
5940		-2.262500
5941		-3.200000
5942		-4.025000
5943		-4.725000
5944		-4.437500
5945		-4.850000
5946		-5.375000
5947		-4.200000
5948		-3.725000
5949		-5.075000
5950		-4.137500
5951		-3.025000
5952		-3.487500
5953		-3.662500
5954		-2.675000
5955		-2.262500
5956		-3.025000
5957		-2.550000
5958		-3.662500
5959		-3.137500
5960		-3.437500
5961		-2.550000
5962		-3.137500
5963		-2.075000
5964		-2.962500
5965		-3.137500
5966		-2.487500
5967		-1.725000
5968		-1.087500
5969		-1.787500
5970		-1.262500
5971		0.100000
5972		0.862500
5973		-0.025000
5974		0.450000
5975		1.450000
5976		1.150000
5977		2.087500
5978		0.687500
5979		3.087500
5980		2.562500
5981		2.737500
5982		1.500000
5983		2.912500
5984		3.087500
5985		3.212500
5986		2.862500
5987		3.212500
5988		3.862500
5989		2.912500
5990		4.325000
5991		4.800000
5992		4.675000
5993		4.150000
5994		5.975000
5995		5.562500
5996		5.562500
5997		5.562500
5998		5.262500
5999		6.150000
6000		5.562500
6001		6.975000
6002		6.675000
6003		6.850000
6004		6.975000
6005		6.675000
6006		6.912500
6007		7.037500
6008		7.625000
6009		7.212500
6010		6.087500
6011		8.087501
6012		8.800000
6013		7.737500
6014		7.387500
6015		7.625000
6016		7.625000
6017		8.087501
6018		7.325000
6019		8.562500
6020		8.800000
6021		8.612500
6022		7.562500
6023		8.387500
6024		9.387500
6025		8.912500
6026		9.087501
6027		9.387500
6028		10.087501
6029		9.850000
6030		10.912500
6031		11.087501
6032		11.737500
6033		12.025001
6034		11.912500
6035		12.912500
6036		12.612500
6037		13.500000
6038		12.912500
6039		13.200000
6040		13.375000
6041		14.562500
6042		14.612500
6043		13.912500
6044		14.562500
6045		15.262500
6046		15.437500
6047		14.962501
6048		16.262501
6049		15.912500
6050		15.850000
6051		16.325001
6052		18.200001
6053		16.500000
6054		15.912500
6055		16.737501
6056		16.675001
6057		17.200001
6058		16.962500
6059		18.612501
6060		17.912500
6061		18.725000
6062		18.262501
6063		18.137501
6064		18.962500
6065		18.200001
6066		18.787500
6067		18.325001
6068		18.200001
6069		19.087500
6070		17.962500
6071		16.787500
6072		18.375000
6073		18.025000
6074		17.325001
6075		17.087500
6076		17.550001
6077		16.850000
6078		15.962501
6079		16.375000
6080		15.850000
6081		16.437500
6082		15.850000
6083		15.850000
6084		15.850000
6085		15.675000
6086		15.375000
6087		15.087501
6088		16.675001
6089		16.137501
6090		16.375000
6091		16.850000
6092		17.262501
6093		17.025000
6094		17.262501
6095		19.200001
6096		18.137501
6097		18.850000
6098		18.912500
6099		19.312500
6100		19.675001
6101		21.675001
6102		21.550001
6103		20.612501
6104		21.725000
6105		20.962500
6106		21.725000
6107		21.375000
6108		22.200001
6109		21.725000
6110		21.675001
6111		22.262501
6112		21.962500
6113		22.137501
6114		22.137501
6115		24.025000
6116		22.787500
6117		23.437500
6118		23.375000
6119		23.487501
6120		22.550001
6121		22.900000
6122		25.375000
6123		23.612501
6124		21.725000
6125		23.137501
6126		23.137501
6127		23.612501
6128		22.850000
6129		21.787500
6130		22.900000
6131		23.025000
6132		22.612501
6133		22.850000
6134		22.962500
6135		23.137501
6136		22.262501
6137		23.725000
6138		23.725000
6139		23.612501
6140		23.025000
6141		24.312500
6142		24.075001
6143		24.312500
6144		24.962500
6145		24.725000
6146		24.900000
6147		24.962500
6148		24.437500
6149		24.612501
6150		25.250000
6151		25.850000
6152		24.787500
6153		25.075001
6154		25.312500
6155		25.375000
6156		23.262501
6157		23.137501
6158		24.312500
6159		24.137501
6160		22.900000
6161		22.437500
6162		22.262501
6163		21.612501
6164		21.850000
6165		20.900000
6166		21.900000
6167		22.437500
6168		23.900000
6169		25.200001
6170		23.200001
6171		24.900000
6172		24.900000
6173		25.137501
6174		25.550001
6175		26.375000
6176		25.725000
6177		26.075001
6178		27.250000
6179		27.425001
6180		27.312500
6181		27.550001
6182		28.312500
6183		28.487501
6184		29.012501
6185		29.312500
6186		29.787500
6187		30.487501
6188		31.312500
6189		30.425001
6190		31.662500
6191		32.012501
6192		30.550001
6193		31.187500
6194		31.375000
6195		32.012501
6196		30.600000
6197		31.250000
6198		30.550001
6199		30.787500
6200		29.962500
6201		29.787500
6202		30.725000
6203		29.612501
6204		29.550001
6205		29.612501
6206		29.725000
6207		29.900000
6208		28.900000
6209		28.375000
6210		29.487501
6211		28.612501
6212		26.962500
6213		27.425001
6214		27.025000
6215		28.312500
6216		26.137501
6217		25.850000
6218		26.200001
6219		25.662500
6220		24.725000
6221		25.725000
6222		25.550001
6223		24.900000
6224		24.962500
6225		24.662500
6226		25.962500
6227		25.312500
6228		25.200001
6229		25.312500
6230		25.787500
6231		26.487501
6232		25.550001
6233		25.962500
6234		26.662500
6235		27.837500
6236		26.312500
6237		26.312500
6238		27.200001
6239		26.725000
6240		26.250000
6241		25.375000
6242		25.900000
6243		28.200001
6244		27.312500
6245		26.837500
6246		27.550001
6247		28.837500
6248		28.425001
6249		27.025000
6250		28.612501
6251		29.375000
6252		29.837500
6253		29.962500
6254		30.837500
6255		30.550001
6256		31.075001
6257		32.187500
6258		31.312500
6259		32.312500
6260		32.549999
6261		30.900000
6262		31.312500
6263		31.962500
6264		30.787500
6265		30.550001
6266		32.250000
6267		31.137501
6268		30.837500
6269		29.375000
6270		29.200001
6271		29.375000
6272		28.250000
6273		28.612501
6274		28.200001
6275		28.612501
6276		28.900000
6277		27.612501
6278		28.200001
6279		26.962500
6280		28.725000
6281		28.137501
6282		27.662500
6283		28.250000
6284		28.137501
6285		26.662500
6286		26.962500
6287		27.375000
6288		25.250000
6289		25.900000
6290		24.375000
6291		24.725000
6292		24.375000
6293		24.375000
6294		22.962500
6295		23.900000
6296		23.075001
6297		23.487501
6298		22.612501
6299		22.787500
6300		22.612501
6301		21.850000
6302		21.487501
6303		22.437500
6304		22.262501
6305		22.725000
6306		22.612501
6307		22.725000
6308		22.787500
6309		21.725000
6310		22.025000
6311		22.312500
6312		23.787500
6313		22.850000
6314		23.312500
6315		22.725000
6316		23.025000
6317		22.262501
6318		21.787500
6319		22.900000
6320		21.962500
6321		22.262501
6322		21.787500
6323		21.137501
6324		21.137501
6325		20.612501
6326		20.262501
6327		20.500000
6328		20.437500
6329		19.900000
6330		19.675001
6331		17.725000
6332		19.787500
6333		19.962500
6334		18.725000
6335		19.200001
6336		19.375000
6337		19.087500
6338		18.137501
6339		20.312500
6340		18.137501
6341		17.912500
6342		17.612501
6343		16.500000
6344		16.612501
6345		15.437500
6346		14.962501
6347		14.500000
6348		15.087501
6349		15.262500
6350		13.912500
6351		14.562500
6352		14.375000
6353		15.087501
6354		13.737500
6355		15.787500
6356		14.150001
6357		14.200000
6358		14.500000
6359		13.325000
6360		14.262500
6361		13.912500
6362		13.562500
6363		14.200000
6364		12.500000
6365		13.562500
6366		13.325000
6367		13.150001
6368		14.325000
6369		13.562500
6370		13.200000
6371		11.850000
6372		11.912500
6373		12.325000
6374		11.387500
6375		11.787500
6376		11.612500
6377		10.975000
6378		11.325000
6379		9.612500
6380		10.975000
6381		9.975000
6382		8.975000
6383		10.562500
6384		9.087501
6385		9.912500
6386		11.150001
6387		8.800000
6388		9.087501
6389		8.800000
6390		9.800000
6391		7.912500
6392		7.037500
6393		9.150001
6394		7.562500
6395		7.675000
6396		6.737500
6397		5.500000
6398		4.387500
6399		5.037500
6400		4.912500
6401		3.625000
6402		4.737500
6403		3.450000
6404		2.912500
6405		4.262500
6406		5.387500
6407		4.625000
6408		3.625000
6409		4.800000
6410		4.500000
6411		4.450000
6412		4.087500
6413		4.325000
6414		3.912500
6415		3.212500
6416		4.625000
6417		4.850000
6418		4.325000
6419		3.912500
6420		5.450000
6421		4.500000
6422		3.862500
6423		4.087500
6424		1.687500
6425		1.862500
6426		2.912500
6427		3.562500
6428		1.500000
6429		1.500000
6430		2.037500
6431		2.212500
6432		1.212500
6433		1.975000
6434		0.862500
6435		0.687500
6436		2.037500
6437		1.087500
6438		0.687500
6439		0.212500
6440		0.800000
6441		-0.900000
6442		-2.075000
6443		-0.962500
6444		-0.962500
6445		-2.200000
6446		-2.437500
6447		-2.025000
6448		-2.200000
6449		-3.137500
6450		-2.437500
6451		-4.250000
6452		-2.137500
6453		-3.550000
6454		-4.250000
6455		-4.487500
6456		-3.962500
6457		-6.312500
6458		-5.250000
6459		-6.137500
6460		-6.437500
6461		-6.375000
6462		-6.550000
6463		-5.612500
6464		-6.550000
6465		-6.837500
6466		-5.200000
6467		-4.200000
6468		-5.787500
6469		-4.312500
6470		-3.025000
6471		-4.025000
6472		-4.850000
6473		-4.900000
6474		-4.312500
6475		-4.487500
6476		-5.487500
6477		-7.662500
6478		-8.137500
6479		-6.725000
6480		-7.725000
6481		-8.250000
6482		-10.200000
6483		-8.425000
6484		-9.487500
6485		-9.787499
6486		-10.599999
6487		-8.425000
6488		-9.487500
6489		-9.200000
6490		-9.724999
6491		-8.962500
6492		-9.012500
6493		-11.599999
6494		-11.187500
6495		-11.312500
6496		-12.599999
6497		-13.012500
6498		-13.550000
6499		-13.599999
6500		-15.724999
6501		-15.012500
6502		-15.075000
6503		-14.362500
6504		-18.537500
6505		-16.250000
6506		-14.599999
6507		-14.487500
6508		-16.250000
6509		-17.125000
6510		-14.724999
6511		-15.724999
6512		-16.250000
6513		-16.662500
6514		-16.950001
6515		-17.075001
6516		-15.900000
6517		-18.125000
6518		-17.662500
6519		-16.424999
6520		-16.537500
6521		-17.900000
6522		-18.125000
6523		-15.599999
6524		-17.362499
6525		-16.487499
6526		-15.950000
6527		-15.950000
6528		-16.775000
6529		-17.662500
6530		-17.125000
6531		-18.900000
6532		-15.537499
6533		-17.900000
6534		-19.187500
6535		-19.487499
6536		-18.775000
6537		-18.312500
6538		-18.900000
6539		-16.900000
6540		-17.187500
6541		-17.250000
6542		-19.362499
6543		-16.662500
6544		-16.837500
6545		-18.424999
6546		-17.900000
6547		-16.250000
6548		-18.837500
6549		-19.600000
6550		-17.900000
6551		-20.187500
6552		-19.424999
6553		-20.424999
6554		-20.075001
6555		-19.537500
6556		-20.362499
6557		-20.775000
6558		-20.600000
6559		-18.775000
6560		-19.487499
6561		-21.424999
6562		-21.775000
6563		-19.187500
6564		-21.299999
6565		-22.662500
6566		-21.950001
6567		-22.125000
6568		-23.537500
6569		-24.887501
6570		-24.475000
6571		-25.012501
6572		-24.187500
6573		-26.650000
6574		-26.600000
6575		-26.475000
6576		-26.537500
6577		-27.424999
6578		-28.600000
6579		-26.237499
6580		-26.650000
6581		-27.237499
6582		-28.412500
6583		-26.362499
6584		-27.775000
6585		-27.125000
6586		-27.950001
6587		-27.600000
6588		-27.125000
6589		-30.412500
6590		-28.475000
6591		-28.299999
6592		-27.950001
6593		-29.062500
6594		-26.600000
6595		-25.887501
6596		-27.362499
6597		-27.299999
6598		-26.950001
6599		-25.012501
6600		-27.424999
6601		-26.825001
6602		-27.475000
6603		-26.537500
6604		-26.950001
6605		-27.712500
6606		-28.600000
6607		-27.125000
6608		-27.237499
6609		-29.187500
6610		-29.412500
6611		-27.650000
6612		-26.012501
6613		-27.887501
6614		-29.299999
6615		-27.775000
6616		-27.712500
6617		-28.012501
6618		-28.887501
6619		-27.712500
6620		-28.475000
6621		-28.412500
6622		-30.587500
6623		-30.062500
6624		-29.475000
6625		-33.125000
6626		-30.650000
6627		-31.775000
6628		-31.125000
6629		-32.650002
6630		-32.825001
6631		-33.474998
6632		-30.475000
6633		-32.125000
6634		-33.950001
6635		-31.237499
6636		-31.537500
6637		-32.587502
6638		-33.174999
6639		-32.299999
6640		-33.537498
6641		-33.762501
6642		-33.587502
6643		-33.474998
6644		-33.825001
6645		-33.412498
6646		-33.000000
6647		-32.474998
6648		-31.187500
6649		-30.187500
6650		-28.712500
6651		-29.187500
6652		-27.362499
6653		-27.712500
6654		-28.825001
6655		-28.825001
6656		-28.600000
6657		-30.125000
6658		-30.950001
6659		-30.775000
6660		-31.237499
6661		-32.587502
6662		-31.775000
6663		-31.299999
6664		-30.712500
6665		-30.775000
6666		-30.475000
6667		-30.950001
6668		-30.887501
6669		-31.825001
6670		-32.950001
6671		-34.000000
6672		-34.587502
6673		-36.349998
6674		-36.887501
6675		-37.237499
6676		-37.125000
6677		-37.587502
6678		-38.112499
6679		-35.937500
6680		-34.762501
6681		-33.712502
6682		-32.362499
6683		-30.712500
6684		-29.012501
6685		-27.950001
6686		-27.825001
6687		-26.775000
6688		-27.362499
6689		-26.650000
6690		-26.825001
6691		-28.299999
6692		-28.187500
6693		-29.012501
6694		-29.887501
6695		-29.712500
6696		-28.537500
6697		-28.537500
6698		-26.362499
6699		-24.125000
6700		-21.837500
6701		-20.187500
6702		-17.424999
6703		-14.900000
6704		-13.012500
6705		-11.962500
6706		-11.775000
6707		-12.075000
6708		-13.012500
6709		-14.724999
6710		-17.362499
6711		-20.537500
6712		-22.362499
6713		-25.012501
6714		-28.012501
6715		-29.475000
6716		-30.237499
6717		-32.125000
6718		-33.000000
6719		-31.887501
6720		-32.125000
6721		-32.125000
6722		-31.537500
6723		-30.299999
6724		-29.600000
6725		-28.887501
6726		-27.125000
6727		-25.950001
6728		-24.775000
6729		-24.187500
6730		-23.775000
6731		-23.950001
6732		-23.887501
6733		-23.887501
6734		-25.125000
6735		-25.887501
6736		-27.187500
6737		-28.187500
6738		-28.950001
6739		-30.475000
6740		-30.775000
6741		-31.537500
6742		-31.299999
6743		-30.362499
6744		-29.775000
6745		-28.412500
6746		-27.012501
6747		-25.887501
6748		-23.712500
6749		-21.950001
6750		-21.187500
6751		-20.187500
6752		-18.312500
6753		-17.837500
6754		-18.312500
6755		-18.662500
6756		-18.537500
6757		-20.362499
6758		-21.299999
6759		-22.600000
6760		-24.062500
6761		-24.537500
6762		-24.712500
6763		-25.299999
6764		-26.062500
6765		-24.837500
6766		-24.187500
6767		-23.475000
6768		-22.250000
6769		-20.487499
6770		-20.187500
6771		-18.900000
6772		-18.424999
6773		-17.012501
6774		-17.012501
6775		-16.775000
6776		-15.487500
6777		-16.362499
6778		-15.187500
6779		-15.187500
6780		-16.075001
6781		-15.362500
6782		-13.962500
6783		-15.487500
6784		-14.775000
6785		-15.487500
6786		-16.725000
6787		-18.250000
6788		-19.187500
6789		-18.537500
6790		-19.424999
6791		-21.075001
6792		-21.187500
6793		-21.012501
6794		-20.950001
6795		-21.187500
6796		-20.887501
6797		-19.775000
6798		-18.362499
6799		-17.725000
6800		-17.362499
6801		-16.775000
6802		-16.187500
6803		-16.250000
6804		-16.362499
6805		-16.137501
6806		-15.599999
6807		-16.900000
6808		-17.075001
6809		-16.900000
6810		-17.424999
6811		-18.250000
6812		-18.312500
6813		-17.950001
6814		-18.900000
6815		-18.250000
6816		-17.537500
6817		-16.662500
6818		-15.900000
6819		-14.724999
6820		-14.775000
6821		-13.662499
6822		-12.075000
6823		-11.900000
6824		-11.012500
6825		-10.250000
6826		-9.375000
6827		-8.837500
6828		-8.200000
6829		-8.012500
6830		-6.837500
6831		-6.962500
6832		-6.962500
6833		-6.662500
6834		-7.250000
6835		-6.550000
6836		-7.200000
6837		-8.612500
6838		-8.837500
6839		-8.662499
6840		-9.962500
6841		-11.187500
6842		-10.312500
6843		-10.662499
6844		-10.900000
6845		-10.250000
6846		-10.137500
6847		-10.599999
6848		-10.075000
6849		-9.787499
6850		-8.312500
6851		-8.312500
6852		-7.962500
6853		-6.662500
6854		-5.900000
6855		-6.787500
6856		-6.725000
6857		-7.025000
6858		-7.137500
6859		-7.075000
6860		-6.962500
6861		-7.725000
6862		-7.725000
6863		-7.137500
6864		-6.725000
6865		-6.312500
6866		-4.612500
6867		-5.312500
6868		-4.900000
6869		-3.900000
6870		-2.437500
6871		-2.725000
6872		-2.437500
6873		-0.900000
6874		0.150000
6875		0.562500
6876		1.275000
6877		1.562500
6878		2.325000
6879		2.325000
6880		2.625000
6881		3.150000
6882		3.275000
6883		2.625000
6884		1.737500
6885		1.687500
6886		1.862500
6887		1.387500
6888		0.387500
6889		-0.437500
6890		-1.087500
6891		-2.262500
6892		-2.850000
6893		-3.662500
6894		-3.312500
6895		-2.137500
6896		-2.725000
6897		-2.962500
6898		-2.075000
6899		-1.850000
6900		-0.850000
6901		-0.900000
6902		-0.787500
6903		-0.200000
6904		-0.787500
6905		-1.025000
6906		0.150000
6907		-0.087500
6908		-0.900000
6909		-0.962500
6910		-0.262500
6911		-0.200000
6912		-0.087500
6913		-0.025000
6914		-0.612500
6915		0.562500
6916		0.625000
6917		0.687500
6918		1.500000
6919		1.800000
6920		2.275000
6921		2.275000
6922		2.737500
6923		3.737500
6924		2.912500
6925		4.087500
6926		4.850000
6927		4.675000
6928		4.800000
6929		5.675000
6930		5.387500
6931		5.912500
6932		6.387500
6933		5.850000
6934		6.387500
6935		6.850000
6936		6.562500
6937		6.737500
6938		6.850000
6939		8.500000
6940		8.612500
6941		8.025001
6942		8.500000
6943		8.912500
6944		8.612500
6945		8.212501
6946		9.325000
6947		9.612500
6948		9.387500
6949		9.087501
6950		9.150001
6951		9.612500
6952		9.500000
6953		9.500000
6954		9.800000
6955		10.437500
6956		9.562500
6957		8.975000
6958		9.025001
6959		9.800000
6960		10.387500
6961		9.800000
6962		8.025001
6963		9.500000
6964		9.562500
6965		9.850000
6966		8.975000
6967		8.975000
6968		8.562500
6969		9.912500
6970		8.500000
6971		8.500000
6972		9.500000
6973		10.087501
6974		9.262500
6975		8.912500
6976		11.200000
6977		11.150001
6978		9.850000
6979		10.150001
6980		11.612500
6981		10.500000
6982		10.675000
6983		11.850000
6984		12.150001
6985		12.375000
6986		11.325000
6987		13.025001
6988		12.200000
6989		12.025001
6990		11.200000
6991		13.437500
6992		14.612500
6993		12.262500
6994		12.612500
6995		13.787500
6996		14.562500
6997		12.612500
6998		12.850000
6999		13.325000
7000		14.850000
7001		14.325000
7002		12.087501
7003		13.500000
7004		14.375000
7005		14.787500
7006		13.500000
7007		15.962501
7008		14.962501
7009		14.675000
7010		13.962501
7011		14.912500
7012		16.437500
7013		14.612500
7014		14.200000
7015		14.787500
7016		15.500000
7017		13.437500
7018		14.200000
7019		14.787500
7020		13.787500
7021		13.025001
7022		12.675000
7023		14.025001
7024		12.200000
7025		12.200000
7026		11.150001
7027		12.375000
7028		12.325000
7029		11.737500
7030		10.200000
7031		11.675000
7032		11.150001
7033		9.612500
7034		11.262500
7035		11.150001
7036		11.200000
7037		9.325000
7038		11.025001
7039		11.325000
7040		11.262500
7041		11.737500
7042		12.975000
7043		12.737500
7044		11.912500
7045		13.262500
7046		13.787500
7047		14.087501
7048		15.087501
7049		14.787500
7050		16.087500
7051		16.137501
7052		15.675000
7053		16.025000
7054		18.137501
7055		15.912500
7056		16.262501
7057		15.375000
7058		15.150001
7059		17.025000
7060		15.325000
7061		16.437500
7062		17.137501
7063		18.325001
7064		15.675000
7065		19.437500
7066		18.200001
7067		17.262501
7068		17.262501
7069		19.612501
7070		17.675001
7071		16.737501
7072		17.912500
7073		17.725000
7074		18.025000
7075		16.087500
7076		17.437500
7077		17.087500
7078		16.962500
7079		16.912500
7080		16.025000
7081		17.025000
7082		17.550001
7083		17.675001
7084		16.262501
7085		18.200001
7086		17.437500
7087		17.325001
7088		16.850000
7089		18.550001
7090		19.850000
7091		18.550001
7092		18.912500
7093		19.200001
7094		19.437500
7095		18.325001
7096		18.787500
7097		18.200001
7098		18.612501
7099		18.325001
7100		16.850000
7101		19.375000
7102		19.312500
7103		18.675001
7104		16.962500
7105		18.725000
7106		17.787500
7107		15.850000
7108		17.262501
7109		17.850000
7110		15.737500
7111		15.150001
7112		15.325000
7113		15.550000
7114		15.550000
7115		15.500000
7116		15.675000
7117		18.200001
7118		17.025000
7119		17.912500
7120		17.137501
7121		19.137501
7122		19.437500
7123		20.500000
7124		19.262501
7125		19.900000
7126		20.900000
7127		21.437500
7128		21.137501
7129		21.137501
7130		23.200001
7131		22.675001
7132		22.612501
7133		22.612501
7134		25.137501
7135		23.612501
7136		23.900000
7137		24.375000
7138		24.612501
7139		26.662500
7140		24.787500
7141		24.900000
7142		26.962500
7143		26.437500
7144		25.962500
7145		26.550001
7146		25.312500
7147		25.250000
7148		25.312500
7149		25.850000
7150		26.250000
7151		24.725000
7152		24.962500
7153		24.612501
7154		24.612501
7155		23.550001
7156		24.550001
7157		23.075001
7158		23.312500
7159		22.550001
7160		21.375000
7161		22.262501
7162		21.850000
7163		21.962500
7164		20.500000
7165		20.675001
7166		20.787500
7167		19.612501
7168		19.612501
7169		18.675001
7170		21.087500
7171		19.312500
7172		18.787500
7173		18.850000
7174		19.025000
7175		18.962500
7176		18.725000
7177		18.437500
7178		18.612501
7179		20.137501
7180		18.612501
7181		19.787500
7182		21.375000
7183		20.375000
7184		18.787500
7185		20.787500
7186		20.087500
7187		18.912500
7188		19.675001
7189		22.137501
7190		20.612501
7191		19.375000
7192		20.850000
7193		20.500000
7194		20.500000
7195		20.675001
7196		21.087500
7197		20.850000
7198		21.487501
7199		20.725000
7200		21.200001
7201		22.900000
7202		23.787500
7203		23.962500
7204		23.375000
7205		24.612501
7206		25.025000
7207		24.137501
7208		24.662500
7209		25.662500
7210		27.025000
7211		23.487501
7212		25.375000
7213		25.487501
7214		24.312500
7215		23.787500
7216		23.900000
7217		24.075001
7218		23.075001
7219		22.437500
7220		21.725000
7221		22.787500
7222		23.025000
7223		22.312500
7224		22.437500
7225		22.262501
7226		22.312500
7227		21.550001
7228		21.137501
7229		21.137501
7230		22.087500
7231		20.787500
7232		21.550001
7233		20.962500
7234		19.900000
7235		20.675001
7236		19.375000
7237		20.312500
7238		18.787500
7239		19.850000
7240		17.912500
7241		16.500000
7242		16.262501
7243		17.437500
7244		17.200001
7245		16.550001
7246		16.375000
7247		16.137501
7248		16.137501
7249		16.787500
7250		16.375000
7251		16.912500
7252		17.137501
7253		16.137501
7254		16.325001
7255		17.437500
7256		16.437500
7257		16.550001
7258		15.737500
7259		16.437500
7260		16.912500
7261		17.137501
7262		15.912500
7263		17.262501
7264		17.612501
7265		17.137501
7266		17.787500
7267		18.087500
7268		17.912500
7269		16.550001
7270		16.375000
7271		17.137501
7272		16.375000
7273		15.787500
7274		16.137501
7275		15.675000
7276		17.137501
7277		14.612500
7278		15.262500
7279		15.787500
7280		14.787500
7281		14.150001
7282		14.437500
7283		15.850000
7284		14.375000
7285		15.612500
7286		15.675000
7287		14.787500
7288		15.912500
7289		13.025001
7290		14.612500
7291		14.025001
7292		13.912500
7293		12.975000
7294		12.787500
7295		12.912500
7296		12.200000
7297		12.787500
7298		12.200000
7299		11.437500
7300		12.262500
7301		11.387500
7302		12.850000
7303		11.500000
7304		13.200000
7305		11.675000
7306		12.912500
7307		12.562500
7308		12.500000
7309		12.912500
7310		13.150001
7311		12.562500
7312		13.737500
7313		12.262500
7314		12.612500
7315		13.612500
7316		12.150001
7317		13.437500
7318		12.562500
7319		12.737500
7320		12.325000
7321		13.150001
7322		13.087501
7323		12.562500
7324		12.787500
7325		11.387500
7326		11.437500
7327		12.087501
7328		12.562500
7329		11.262500
7330		12.025001
7331		11.325000
7332		12.437500
7333		9.325000
7334		11.437500
7335		11.850000
7336		11.200000
7337		11.737500
7338		11.562500
7339		11.912500
7340		11.562500
7341		10.975000
7342		10.912500
7343		10.975000
7344		9.612500
7345		9.800000
7346		10.025001
7347		8.800000
7348		8.612500
7349		10.387500
7350		7.675000
7351		8.500000
7352		6.625000
7353		6.850000
7354		8.562500
7355		7.975000
7356		9.025001
7357		8.562500
7358		7.500000
7359		9.500000
7360		8.437500
7361		7.150000
7362		7.562500
7363		8.500000
7364		7.912500
7365		7.037500
7366		9.500000
7367		8.850000
7368		9.087501
7369		8.325000
7370		8.562500
7371		8.800000
7372		8.975000
7373		7.437500
7374		7.737500
7375		7.150000
7376		8.025001
7377		7.912500
7378		5.450000
7379		5.087500
7380		6.387500
7381		6.800000
7382		7.850000
7383		6.737500
7384		6.150000
7385		5.625000
7386		6.737500
7387		5.850000
7388		5.037500
7389		4.500000
7390		4.625000
7391		4.800000
7392		3.975000
7393		3.150000
7394		3.087500
7395		2.625000
7396		2.800000
7397		1.975000
7398		2.862500
7399		3.325000
7400		2.450000
7401		1.862500
7402		2.212500
7403		1.275000
7404		-0.487500
7405		0.212500
7406		0.387500
7407		-0.025000
7408		-0.375000
7409		-1.487500
7410		-0.787500
7411		-0.437500
7412		-0.487500
7413		-1.262500
7414		-0.612500
7415		0.387500
7416		1.275000
7417		0.562500
7418		1.862500
7419		1.387500
7420		2.325000
7421		2.675000
7422		3.150000
7423		2.212500
7424		1.737500
7425		1.037500
7426		0.275000
7427		-0.087500
7428		-1.487500
7429		-0.612500
7430		-1.375000
7431		-2.850000
7432		-2.262500
7433		-3.487500
7434		-2.200000
7435		-2.900000
7436		-3.025000
7437		-2.675000
7438		-2.612500
7439		-1.900000
7440		-2.612500
7441		-2.375000
7442		-2.962500
7443		-5.900000
7444		-5.550000
7445		-5.662500
7446		-6.550000
7447		-7.662500
7448		-8.250000
7449		-6.787500
7450		-8.012500
7451		-7.725000
7452		-9.312500
7453		-8.425000
7454		-8.012500
7455		-8.487500
7456		-9.487500
7457		-8.425000
7458		-9.012500
7459		-10.012500
7460		-8.662499
7461		-8.837500
7462		-9.137500
7463		-10.312500
7464		-9.200000
7465		-10.724999
7466		-10.662499
7467		-11.250000
7468		-9.787499
7469		-8.962500
7470		-10.200000
7471		-9.900000
7472		-9.312500
7473		-9.425000
7474		-9.550000
7475		-9.724999
7476		-8.837500
7477		-9.200000
7478		-11.187500
7479		-10.962500
7480		-12.012500
7481		-12.075000
7482		-10.837500
7483		-13.312500
7484		-11.962500
7485		-10.599999
7486		-11.900000
7487		-11.662499
7488		-11.425000
7489		-9.599999
7490		-10.787499
7491		-11.837500
7492		-10.487500
7493		-8.900000
7494		-12.250000
7495		-12.137500
7496		-10.487500
7497		-11.837500
7498		-12.012500
7499		-13.137500
7500		-12.375000
7501		-13.012500
7502		-12.962500
7503		-13.662499
7504		-12.775000
7505		-12.250000
7506		-12.662499
7507		-13.837500
7508		-14.250000
7509		-14.012500
7510		-13.550000
7511		-13.137500
7512		-13.425000
7513		-14.250000
7514		-16.250000
7515		-15.362500
7516		-15.599999
7517		-15.662499
7518		-15.599999
7519		-17.362499
7520		-18.012501
7521		-19.187500
7522		-18.075001
7523		-19.075001
7524		-19.600000
7525		-19.125000
7526		-19.424999
7527		-20.487499
7528		-21.362499
7529		-19.424999
7530		-21.075001
7531		-21.837500
7532		-21.537500
7533		-21.537500
7534		-22.475000
7535		-23.712500
7536		-23.012501
7537		-22.837500
7538		-21.775000
7539		-21.775000
7540		-21.362499
7541		-23.012501
7542		-21.487499
7543		-21.187500
7544		-21.187500
7545		-19.424999
7546		-21.299999
7547		-20.075001
7548		-19.950001
7549		-19.125000
7550		-20.075001
7551		-19.424999
7552		-19.900000
7553		-20.950001
7554		-20.012501
7555		-21.187500
7556		-19.424999
7557		-21.012501
7558		-19.187500
7559		-20.362499
7560		-19.012501
7561		-19.775000
7562		-18.662500
7563		-20.250000
7564		-19.012501
7565		-19.775000
7566		-19.712500
7567		-19.537500
7568		-20.424999
7569		-19.299999
7570		-19.900000
7571		-20.950001
7572		-21.250000
7573		-23.012501
7574		-23.125000
7575		-23.012501
7576		-23.250000
7577		-24.712500
7578		-23.775000
7579		-24.250000
7580		-23.662500
7581		-25.062500
7582		-25.424999
7583		-24.062500
7584		-23.537500
7585		-24.600000
7586		-25.475000
7587		-23.537500
7588		-25.712500
7589		-26.650000
7590		-26.237499
7591		-24.950001
7592		-25.887501
7593		-26.012501
7594		-26.475000
7595		-26.537500
7596		-24.837500
7597		-24.362499
7598		-22.712500
7599		-22.537500
7600		-21.187500
7601		-22.837500
7602		-22.475000
7603		-21.712500
7604		-22.662500
7605		-22.537500
7606		-24.187500
7607		-24.887501
7608		-25.362499
7609		-25.250000
7610		-26.537500
7611		-24.950001
7612		-24.299999
7613		-24.600000
7614		-25.062500
7615		-25.012501
7616		-24.187500
7617		-25.600000
7618		-25.299999
7619		-27.125000
7620		-29.012501
7621		-30.187500
7622		-31.412500
7623		-30.775000
7624		-31.775000
7625		-31.362499
7626		-33.174999
7627		-30.299999
7628		-29.887501
7629		-30.187500
7630		-27.475000
7631		-26.475000
7632		-25.424999
7633		-24.299999
7634		-22.250000
7635		-22.712500
7636		-22.075001
7637		-22.887501
7638		-23.537500
7639		-23.887501
7640		-25.012501
7641		-26.950001
7642		-27.537500
7643		-27.237499
7644		-26.825001
7645		-26.424999
7646		-25.600000
7647		-23.250000
7648		-21.537500
7649		-20.362499
7650		-17.250000
7651		-15.012500
7652		-12.662499
7653		-11.550000
7654		-10.312500
7655		-9.962500
7656		-11.250000
7657		-12.962500
7658		-15.599999
7659		-18.662500
7660		-21.487499
7661		-24.475000
7662		-26.650000
7663		-28.475000
7664		-30.000000
7665		-31.412500
7666		-32.537498
7667		-32.299999
7668		-32.125000
7669		-33.474998
7670		-32.950001
7671		-31.825001
7672		-30.650000
7673		-30.775000
7674		-28.412500
7675		-27.062500
7676		-26.187500
7677		-25.299999
7678		-24.837500
7679		-24.362499
7680		-23.837500
7681		-24.775000
7682		-25.250000
7683		-25.837500
7684		-26.237499
7685		-28.362499
7686		-29.887501
7687		-30.712500
7688		-30.587500
7689		-32.537498
7690		-31.887501
7691		-31.062500
7692		-30.187500
7693		-30.299999
7694		-28.412500
7695		-27.424999
7696		-25.424999
7697		-24.537500
7698		-22.775000
7699		-21.837500
7700		-20.012501
7701		-19.775000
7702		-19.600000
7703		-19.600000
7704		-19.299999
7705		-20.887501
7706		-22.837500
7707		-23.424999
7708		-24.775000
7709		-26.650000
7710		-26.887501
7711		-27.237499
7712		-26.237499
7713		-27.012501
7714		-26.187500
7715		-24.424999
7716		-23.837500
7717		-22.712500
7718		-21.487499
7719		-20.950001
7720		-19.362499
7721		-19.537500
7722		-19.125000
7723		-18.600000
7724		-17.487499
7725		-17.250000
7726		-17.362499
7727		-16.900000
7728		-16.662500
7729		-17.362499
7730		-17.012501
7731		-16.250000
7732		-16.312500
7733		-16.775000
7734		-17.725000
7735		-18.187500
7736		-18.250000
7737		-18.837500
7738		-19.600000
7739		-20.950001
7740		-20.424999
7741		-21.662500
7742		-21.537500
7743		-21.537500
7744		-20.299999
7745		-20.362499
7746		-19.600000
7747		-18.487499
7748		-17.837500
7749		-17.250000
7750		-17.362499
7751		-16.775000
7752		-15.775000
7753		-16.537500
7754		-16.362499
7755		-16.600000
7756		-16.424999
7757		-17.125000
7758		-18.487499
7759		-19.600000
7760		-19.012501
7761		-19.299999
7762		-19.424999
7763		-20.187500
7764		-18.487499
7765		-18.012501
7766		-18.312500
7767		-16.487499
7768		-16.187500
7769		-15.487500
7770		-14.900000
7771		-13.312500
7772		-12.250000
7773		-11.662499
7774		-10.487500
7775		-9.312500
7776		-9.375000
7777		-8.425000
7778		-8.312500
7779		-8.550000
7780		-7.425000
7781		-6.837500
7782		-7.962500
7783		-8.250000
7784		-9.012500
7785		-9.375000
7786		-9.900000
7787		-10.312500
7788		-10.137500
7789		-11.375000
7790		-12.312500
7791		-12.662499
7792		-12.662499
7793		-12.375000
7794		-11.775000
7795		-11.837500
7796		-11.425000
7797		-10.075000
7798		-10.012500
7799		-10.375000
7800		-9.012500
7801		-7.837500
7802		-8.137500
7803		-8.375000
7804		-8.012500
7805		-7.725000
7806		-9.200000
7807		-8.724999
7808		-8.837500
7809		-8.137500
7810		-9.075000
7811		-9.312500
7812		-8.724999
7813		-7.837500
7814		-7.375000
7815		-7.725000
7816		-6.550000
7817		-5.437500
7818		-5.662500
7819		-5.025000
7820		-4.787500
7821		-2.437500
7822		-2.075000
7823		-2.137500
7824		-1.137500
7825		1.150000
7826		0.150000
7827		1.212500
7828		1.087500
7829		1.562500
7830		1.687500
7831		0.800000
7832		0.912500
7833		1.562500
7834		0.212500
7835		-0.612500
7836		-0.962500
7837		-0.962500
7838		-1.900000
7839		-3.137500
7840		-3.550000
7841		-4.437500
7842		-4.250000
7843		-4.487500
7844		-3.900000
7845		-3.900000
7846		-2.900000
7847		-3.487500
7848		-2.375000
7849		-2.437500
7850		-2.200000
7851		-2.375000
7852		-2.137500
7853		-1.262500
7854		-1.612500
7855		-1.787500
7856		-2.075000
7857		-0.725000
7858		-1.487500
7859		-2.612500
7860		-1.787500
7861		-0.787500
7862		-1.262500
7863		-2.262500
7864		-1.850000
7865		-1.375000
7866		-0.962500
7867		-0.437500
7868		-0.312500
7869		0.687500
7870		1.687500
7871		1.275000
7872		1.275000
7873		2.325000
7874		2.737500
7875		2.562500
7876		2.500000
7877		3.800000
7878		4.625000
7879		3.450000
7880		3.500000
7881		4.500000
7882		5.500000
7883		4.737500
7884		4.625000
7885		5.500000
7886		5.975000
7887		5.625000
7888		5.150000
7889		5.912500
7890		7.262500
7891		5.975000
7892		5.800000
7893		6.850000
7894		6.912500
7895		6.262500
7896		6.150000
7897		6.737500
7898		7.212500
7899		6.675000
7900		6.737500
7901		8.387500
7902		8.087501
7903		7.912500
7904		7.562500
7905		8.262500
7906		8.850000
7907		8.025001
7908		7.262500
7909		7.975000
7910		8.912500
7911		8.675000
7912		8.325000
7913		7.737500
7914		8.850000
7915		7.675000
7916		7.437500
7917		7.912500
7918		9.150001
7919		8.025001
7920		8.150001
7921		8.325000
7922		8.800000
7923		8.737500
7924		9.087501
7925		9.087501
7926		9.562500
7927		9.150001
7928		9.387500
7929		9.975000
7930		10.912500
7931		11.262500
7932		10.912500
7933		11.325000
7934		12.200000
7935		12.200000
7936		11.437500
7937		12.675000
7938		13.150001
7939		12.737500
7940		12.737500
7941		13.150001
7942		13.500000
7943		13.612500
7944		14.025001
7945		13.375000
7946		13.912500
7947		15.150001
7948		14.962501
7949		14.612500
7950		15.150001
7951		15.375000
7952		15.087501
7953		15.087501
7954		15.850000
7955		16.137501
7956		16.137501
7957		16.437500
7958		17.137501
7959		16.262501
7960		16.787500
7961		17.612501
7962		17.437500
7963		18.787500
7964		18.675001
7965		16.787500
7966		17.375000
7967		16.375000
7968		16.962500
7969		16.675001
7970		15.912500
7971		15.612500
7972		15.787500
7973		15.550000
7974		14.850000
7975		14.962501
7976		15.087501
7977		14.500000
7978		13.912500
7979		12.437500
7980		14.087501
7981		13.912500
7982		14.375000
7983		12.500000
7984		13.325000
7985		12.262500
7986		13.500000
7987		14.087501
7988		14.912500
7989		15.500000
7990		15.150001
7991		15.500000
7992		15.675000
7993		16.737501
7994		16.675001
7995		17.200001
7996		18.200001
7997		19.200001
7998		18.500000
7999		19.375000
8000		19.787500
8001		18.912500
8002		19.500000
8003		19.312500
8004		19.675001
8005		18.675001
8006		18.437500
8007		19.787500
8008		20.200001
8009		19.962500
8010		19.500000
8011		20.500000
8012		21.375000
8013		20.675001
8014		21.137501
8015		22.487501
8016		22.612501
8017		22.087500
8018		21.725000
8019		21.725000
8020		22.025000
8021		22.312500
8022		22.262501
8023		20.900000
8024		22.200001
8025		21.375000
8026		21.137501
8027		21.200001
8028		22.550001
8029		22.437500
8030		20.900000
8031		21.962500
8032		21.262501
8033		21.962500
8034		21.962500
8035		22.612501
8036		23.200001
8037		22.787500
8038		23.487501
8039		23.550001
8040		26.137501
8041		24.487501
8042		24.900000
8043		25.662500
8044		26.137501
8045		25.437500
8046		24.312500
8047		25.025000
8048		26.725000
8049		25.787500
8050		24.137501
8051		25.850000
8052		25.550001
8053		24.075001
8054		23.850000
8055		23.375000
8056		23.437500
8057		23.787500
8058		21.725000
8059		22.262501
8060		23.137501
8061		22.262501
8062		22.262501
8063		20.962500
8064		22.612501
8065		22.375000
8066		22.437500
8067		22.612501
8068		25.200001
8069		24.787500
8070		24.375000
8071		25.375000
8072		25.612501
8073		26.250000
8074		25.787500
8075		25.900000
8076		26.900000
8077		27.075001
8078		28.025000
8079		27.137501
8080		28.137501
8081		28.787500
8082		28.787500
8083		29.012501
8084		29.837500
8085		30.662500
8086		31.137501
8087		30.725000
8088		30.962500
8089		31.600000
8090		31.312500
8091		31.312500
8092		30.962500
8093		31.725000
8094		30.962500
8095		30.662500
8096		30.550001
8097		30.662500
8098		30.250000
8099		30.550001
8100		31.600000
8101		31.012501
8102		30.075001
8103		28.487501
8104		29.725000
8105		30.012501
8106		29.075001
8107		28.662500
8108		29.312500
8109		29.487501
8110		27.025000
8111		28.137501
8112		26.550001
8113		26.900000
8114		26.725000
8115		26.375000
8116		25.375000
8117		26.137501
8118		25.850000
8119		24.962500
8120		25.850000
8121		25.200001
8122		25.075001
8123		24.662500
8124		25.850000
8125		26.075001
8126		25.550001
8127		23.900000
8128		25.550001
8129		26.250000
8130		24.437500
8131		24.612501
8132		25.312500
8133		25.612501
8134		24.787500
8135		24.612501
8136		25.787500
8137		26.137501
8138		24.612501
8139		24.612501
8140		27.137501
8141		25.850000
8142		25.487501
8143		25.075001
8144		27.662500
8145		26.725000
8146		26.200001
8147		27.900000
8148		28.312500
8149		28.137501
8150		29.075001
8151		29.787500
8152		29.375000
8153		30.012501
8154		29.725000
8155		30.075001
8156		30.837500
8157		31.075001
8158		31.725000
8159		31.075001
8160		31.725000
8161		31.487501
8162		31.662500
8163		30.250000
8164		30.787500
8165		30.312500
8166		28.612501
8167		28.425001
8168		28.612501
8169		27.787500
8170		27.550001
8171		27.900000
8172		26.137501
8173		28.312500
8174		26.962500
8175		27.250000
8176		27.425001
8177		27.725000
8178		27.025000
8179		26.025000
8180		27.200001
8181		27.250000
8182		26.962500
8183		26.200001
8184		26.075001
8185		25.550001
8186		25.962500
8187		25.200001
8188		24.025000
8189		23.137501
8190		22.087500
8191		22.262501
8192		22.137501
8193		21.787500
8194		22.787500
8195		21.962500
8196		22.850000
8197		21.962500
8198		21.550001
8199		22.312500
8200		21.262501
8201		22.025000
8202		21.137501
8203		22.137501
8204		22.437500
8205		22.437500
8206		22.900000
8207		22.725000
8208		22.437500
8209		24.200001
8210		23.200001
8211		23.262501
8212		23.787500
8213		23.137501
8214		24.137501
8215		22.675001
8216		21.725000
8217		22.850000
8218		22.550001
8219		23.312500
8220		21.612501
8221		22.025000
8222		21.550001
8223		21.550001
8224		20.375000
8225		20.725000
8226		21.787500
8227		21.550001
8228		20.787500
8229		21.850000
8230		21.850000
8231		21.850000
8232		21.437500
8233		20.675001
8234		22.200001
8235		20.612501
8236		19.787500
8237		20.137501
8238		18.850000
8239		19.612501
8240		18.725000
8241		18.550001
8242		18.912500
8243		19.025000
8244		17.262501
8245		19.500000
8246		18.500000
8247		18.200001
8248		19.500000
8249		18.200001
8250		18.200001
8251		19.025000
8252		19.500000
8253		18.962500
8254		19.025000
8255		18.325001
8256		19.137501
8257		17.262501
8258		18.550001
8259		17.912500
8260		17.612501
8261		18.137501
8262		17.912500
8263		17.612501
8264		17.500000
8265		16.262501
8266		17.912500
8267		17.787500
8268		15.787500
8269		15.675000
8270		16.375000
8271		14.962501
8272		13.962501
8273		16.025000
8274		16.437500
8275		15.550000
8276		16.375000
8277		14.675000
8278		16.500000
8279		15.787500
8280		13.325000
8281		15.200000
8282		15.500000
8283		15.500000
8284		14.087501
8285		13.787500
8286		13.025001
8287		13.737500
8288		12.562500
8289		12.437500
8290		11.737500
8291		10.975000
8292		10.975000
8293		10.087501
8294		9.850000
8295		8.975000
8296		9.025001
8297		7.912500
8298		11.262500
8299		8.737500
8300		9.325000
8301		8.737500
8302		8.850000
8303		9.562500
8304		9.087501
8305		8.212501
8306		9.675000
8307		9.675000
8308		9.025001
8309		10.562500
8310		9.562500
8311		9.150001
8312		8.212501
8313		8.912500
8314		8.562500
8315		8.737500
8316		7.325000
8317		8.612500
8318		7.037500
8319		7.675000
8320		6.387500
8321		5.800000
8322		7.212500
8323		6.087500
8324		5.912500
8325		3.500000
8326		4.975000
8327		4.212500
8328		3.912500
8329		3.675000
8330		3.500000
8331		3.800000
8332		2.500000
8333		1.737500
8334		1.975000
8335		0.975000
8336		-0.025000
8337		0.100000
8338		0.387500
8339		1.212500
8340		-0.312500
8341		0.625000
8342		0.100000
8343		0.100000
8344		2.037500
8345		-0.900000
8346		-1.137500
8347		-0.025000
8348		-1.675000
8349		-2.612500
8350		-2.787500
8351		-3.312500
8352		-4.612500
8353		-4.725000
8354		-4.487500
8355		-4.250000
8356		-4.787500
8357		-5.137500
8358		-4.900000
8359		-3.900000
8360		-3.850000
8361		-3.262500
8362		-1.262500
8363		-1.787500
8364		-2.437500
8365		-0.725000
8366		-1.200000
8367		-1.675000
8368		-1.487500
8369		-3.487500
8370		-4.550000
8371		-6.075000
8372		-5.200000
8373		-9.137500
8374		-6.662500
8375		-8.012500
8376		-6.612500
8377		-8.137500
8378		-7.312500
8379		-7.425000
8380		-7.375000
8381		-7.425000
8382		-6.962500
8383		-6.725000
8384		-7.550000
8385		-6.837500
8386		-9.724999
8387		-9.900000
8388		-10.550000
8389		-10.900000
8390		-11.550000
8391		-11.662499
8392		-12.837500
8393		-12.599999
8394		-14.550000
8395		-14.312500
8396		-15.187500
8397		-13.837500
8398		-15.312500
8399		-15.137500
8400		-14.900000
8401		-14.950000
8402		-14.425000
8403		-14.724999
8404		-16.075001
8405		-16.424999
8406		-16.424999
8407		-16.487499
8408		-16.950001
8409		-17.075001
8410		-17.950001
8411		-18.250000
8412		-17.950001
8413		-17.537500
8414		-17.187500
8415		-16.775000
8416		-17.075001
8417		-17.537500
8418		-17.187500
8419		-16.187500
8420		-17.075001
8421		-16.250000
8422		-15.012500
8423		-18.012501
8424		-18.837500
8425		-18.424999
8426		-17.900000
8427		-20.362499
8428		-19.600000
8429		-17.950001
8430		-19.424999
8431		-21.775000
8432		-19.012501
8433		-17.950001
8434		-19.424999
8435		-19.187500
8436		-18.837500
8437		-17.424999
8438		-19.424999
8439		-18.424999
8440		-19.012501
8441		-18.537500
8442		-17.662500
8443		-19.187500
8444		-20.299999
8445		-19.775000
8446		-19.187500
8447		-21.187500
8448		-20.487499
8449		-21.362499
8450		-21.600000
8451		-19.712500
8452		-20.712500
8453		-20.075001
8454		-20.487499
8455		-20.362499
8456		-21.075001
8457		-21.837500
8458		-22.125000
8459		-20.537500
8460		-24.012501
8461		-24.887501
8462		-23.250000
8463		-24.475000
8464		-25.187500
8465		-25.950001
8466		-25.250000
8467		-25.537500
8468		-25.600000
8469		-28.012501
8470		-27.475000
8471		-26.475000
8472		-27.825001
8473		-27.775000
8474		-27.825001
8475		-27.237499
8476		-29.887501
8477		-27.712500
8478		-28.712500
8479		-28.825001
8480		-29.887501
8481		-28.237499
8482		-27.600000
8483		-29.237499
8484		-28.537500
8485		-27.775000
8486		-27.012501
8487		-29.125000
8488		-27.825001
8489		-25.600000
8490		-25.887501
8491		-27.362499
8492		-27.537500
8493		-26.950001
8494		-26.424999
8495		-24.887501
8496		-28.537500
8497		-28.362499
8498		-27.237499
8499		-25.650000
8500		-27.237499
8501		-28.600000
8502		-26.362499
8503		-26.537500
8504		-27.950001
8505		-26.537500
8506		-24.887501
8507		-26.600000
8508		-26.237499
8509		-27.712500
8510		-26.537500
8511		-24.712500
8512		-27.887501
8513		-26.887501
8514		-27.424999
8515		-26.475000
8516		-28.825001
8517		-29.125000
8518		-28.775000
8519		-29.412500
8520		-31.062500
8521		-30.825001
8522		-29.012501
8523		-32.650002
8524		-32.125000
8525		-31.412500
8526		-30.062500
8527		-32.125000
8528		-31.950001
8529		-30.299999
8530		-30.475000
8531		-31.650000
8532		-33.474998
8533		-32.362499
8534		-33.174999
8535		-32.825001
8536		-34.000000
8537		-34.349998
8538		-33.237499
8539		-32.825001
8540		-32.412498
8541		-32.174999
8542		-28.825001
8543		-30.950001
8544		-30.299999
8545		-29.412500
8546		-26.950001
8547		-29.237499
8548		-29.600000
8549		-30.000000
8550		-31.299999
8551		-33.000000
8552		-33.299999
8553		-32.062500
8554		-33.887501
8555		-33.237499
8556		-34.474998
8557		-32.125000
8558		-30.887501
8559		-33.887501
8560		-32.825001
8561		-32.062500
8562		-33.237499
8563		-35.587502
8564		-35.537498
8565		-37.887501
8566		-36.174999
8567		-39.825001
8568		-40.762501
8569		-38.349998
8570		-40.587502
8571		-40.700001
8572		-40.700001
8573		-36.650002
8574		-36.537498
8575		-35.887501
8576		-35.537498
8577		-31.950001
8578		-31.825001
8579		-31.537500
8580		-31.475000
8581		-29.950001
8582		-28.537500
8583		-31.775000
8584		-32.650002
8585		-32.000000
8586		-32.362499
8587		-34.825001
8588		-33.237499
8589		-32.174999
8590		-33.712502
8591		-31.237499
8592		-30.125000
8593		-27.950001
8594		-26.424999
8595		-22.362499
8596		-19.950001
8597		-19.537500
8598		-18.900000
8599		-18.537500
8600		-18.012501
8601		-20.125000
8602		-21.424999
8603		-23.424999
8604		-25.250000
8605		-30.362499
8606		-33.587502
8607		-35.125000
8608		-35.825001
8609		-37.712502
8610		-38.712502
8611		-38.650002
8612		-39.762501
8613		-38.587502
8614		-39.112499
8615		-37.887501
8616		-37.237499
8617		-37.349998
8618		-33.825001
8619		-32.537498
8620		-32.650002
8621		-33.000000
8622		-30.062500
8623		-30.125000
8624		-29.825001
8625		-30.125000
8626		-29.412500
8627		-30.475000
8628		-34.174999
8629		-33.587502
8630		-33.950001
8631		-34.587502
8632		-35.762501
8633		-36.587502
8634		-36.174999
8635		-35.937500
8636		-36.299999
8637		-34.762501
8638		-32.237499
8639		-30.775000
8640		-29.537500
8641		-27.062500
8642		-25.187500
8643		-24.250000
8644		-23.250000
8645		-22.424999
8646		-20.775000
8647		-21.662500
8648		-22.187500
8649		-23.424999
8650		-24.362499
8651		-24.837500
8652		-26.537500
8653		-27.712500
8654		-28.012501
8655		-28.237499
8656		-28.825001
8657		-28.475000
8658		-27.650000
8659		-27.012501
8660		-26.187500
8661		-25.187500
8662		-23.299999
8663		-21.362499
8664		-20.950001
8665		-20.487499
8666		-19.125000
8667		-18.900000
8668		-18.012501
8669		-17.725000
8670		-16.837500
8671		-16.600000
8672		-16.662500
8673		-17.125000
8674		-16.662500
8675		-16.537500
8676		-16.487499
8677		-17.424999
8678		-17.187500
8679		-18.900000
8680		-18.250000
8681		-18.900000
8682		-19.662500
8683		-20.125000
8684		-20.837500
8685		-21.299999
8686		-21.187500
8687		-21.187500
8688		-21.075001
8689		-20.299999
8690		-19.487499
8691		-18.837500
8692		-17.837500
8693		-18.125000
8694		-17.725000
8695		-16.662500
8696		-16.137501
8697		-16.837500
8698		-17.075001
8699		-16.950001
8700		-17.250000
8701		-17.487499
8702		-17.837500
8703		-18.712500
8704		-18.537500
8705		-18.250000
8706		-19.424999
8707		-18.837500
8708		-18.837500
8709		-18.012501
8710		-17.900000
8711		-16.487499
8712		-15.900000
8713		-15.075000
8714		-14.012500
8715		-13.312500
8716		-11.962500
8717		-11.550000
8718		-10.962500
8719		-9.200000
8720		-8.550000
8721		-7.662500
8722		-7.375000
8723		-7.025000
8724		-6.725000
8725		-7.487500
8726		-7.550000
8727		-6.787500
8728		-6.787500
8729		-7.550000
8730		-9.012500
8731		-9.487500
8732		-9.962500
8733		-11.012500
8734		-11.599999
8735		-10.962500
8736		-11.312500
8737		-11.900000
8738		-11.550000
8739		-11.187500
8740		-10.787499
8741		-9.962500
8742		-8.962500
8743		-8.075000
8744		-8.724999
8745		-7.900000
8746		-7.900000
8747		-7.487500
8748		-6.900000
8749		-7.550000
8750		-7.962500
8751		-7.550000
8752		-7.612500
8753		-8.962500
8754		-8.837500
8755		-7.837500
8756		-7.662500
8757		-8.375000
8758		-7.487500
8759		-6.250000
8760		-6.250000
8761		-5.312500
8762		-4.787500
8763		-3.850000
8764		-2.900000
8765		-2.262500
8766		-1.550000
8767		-0.375000
8768		1.212500
8769		1.150000
8770		1.212500
8771		1.275000
8772		1.862500
8773		2.150000
8774		1.737500
8775		2.150000
8776		1.862500
8777		1.562500
8778		0.562500
8779		0.975000
8780		0.387500
8781		0.100000
8782		-0.850000
8783		-1.550000
8784		-1.850000
8785		-2.375000
8786		-2.487500
8787		-3.312500
8788		-2.262500
8789		-1.962500
8790		-2.962500
8791		-2.962500
8792		-2.200000
8793		-2.200000
8794		-1.850000
8795		-1.262500
8796		-0.200000
8797		-0.962500
8798		-1.487500
8799		-0.675000
8800		-1.025000
8801		-1.137500
8802		-1.262500
8803		-1.262500
8804		-1.087500
8805		0.100000
8806		0.037500
8807		-0.200000
8808		0.800000
8809		1.562500
8810		0.862500
8811		1.450000
8812		2.037500
8813		2.212500
8814		2.275000
8815		2.862500
8816		3.500000
8817		3.625000
8818		4.087500
8819		3.675000
8820		4.212500
8821		5.387500
8822		4.975000
8823		5.037500
8824		5.850000
8825		6.262500
8826		6.675000
8827		6.212500
8828		7.975000
8829		7.625000
8830		6.912500
8831		7.037500
8832		8.325000
8833		8.150001
8834		7.675000
8835		8.975000
8836		9.500000
8837		8.912500
8838		8.912500
8839		9.387500
8840		10.087501
8841		10.387500
8842		9.737500
8843		9.675000
8844		9.562500
8845		10.325000
8846		10.200000
8847		9.500000
8848		10.262500
8849		10.262500
8850		9.437500
8851		10.262500
8852		10.675000
8853		10.325000
8854		10.975000
8855		10.387500
8856		10.387500
8857		10.675000
8858		10.975000
8859		11.150001
8860		10.800000
8861		11.150001
8862		11.387500
8863		10.850000
8864		11.737500
8865		11.437500
8866		11.612500
8867		11.675000
8868		11.912500
8869		11.675000
8870		11.562500
8871		12.025001
8872		12.975000
8873		12.200000
8874		12.562500
8875		12.850000
8876		13.087501
8877		13.200000
8878		14.025001
8879		14.850000
8880		14.500000
8881		14.675000
8882		15.550000
8883		15.850000
8884		15.550000
8885		16.262501
8886		16.437500
8887		15.962501
8888		16.675001
8889		16.962500
8890		16.375000
8891		16.675001
8892		16.200001
8893		15.962501
8894		17.612501
8895		16.850000
8896		17.437500
8897		17.325001
8898		17.550001
8899		17.550001
8900		17.325001
8901		18.550001
8902		18.787500
8903		18.612501
8904		19.137501
8905		19.962500
8906		20.500000
8907		19.375000
8908		19.137501
8909		20.087500
8910		19.850000
8911		19.087500
8912		18.325001
8913		18.437500
8914		19.087500
8915		18.375000
8916		17.375000
8917		17.675001
8918		18.612501
8919		17.612501
8920		17.850000
8921		18.200001
8922		17.850000
8923		16.675001
8924		16.262501
8925		17.087500
8926		17.025000
8927		16.500000
8928		16.787500
8929		17.200001
8930		16.437500
8931		17.437500
8932		18.087500
8933		18.725000
8934		18.325001
8935		18.787500
8936		19.612501
8937		19.612501
8938		20.375000
8939		20.787500
8940		21.437500
8941		21.725000
8942		22.200001
8943		22.787500
8944		21.850000
8945		22.262501
8946		22.900000
8947		23.437500
8948		23.437500
8949		22.725000
8950		22.375000
8951		23.025000
8952		21.725000
8953		22.725000
8954		23.437500
8955		23.850000
8956		23.487501
8957		22.612501
8958		24.900000
8959		25.075001
8960		22.850000
8961		24.437500
8962		25.312500
8963		25.250000
8964		22.850000
8965		24.312500
8966		24.137501
8967		22.787500
8968		22.437500
8969		21.962500
8970		23.725000
8971		21.375000
8972		22.487501
8973		21.962500
8974		22.312500
8975		22.962500
8976		22.612501
8977		20.850000
8978		21.375000
8979		23.962500
8980		23.200001
8981		21.850000
8982		22.675001
8983		23.725000
8984		22.550001
8985		22.137501
8986		21.962500
8987		24.200001
8988		24.437500
8989		22.900000
8990		22.550001
8991		22.900000
8992		22.787500
8993		20.900000
8994		22.137501
8995		23.200001
8996		22.137501
8997		20.312500
8998		20.262501
8999		21.375000
9000		20.787500
9001		19.850000
9002		19.025000
9003		18.200001
9004		19.087500
9005		17.725000
9006		18.912500
9007		18.725000
9008		20.200001
9009		18.325001
9010		19.675001
9011		21.137501
9012		20.312500
9013		20.137501
9014		22.312500
9015		22.025000
9016		20.962500
9017		21.900000
9018		21.850000
9019		23.437500
9020		22.962500
9021		22.375000
9022		23.075001
9023		23.787500
9024		23.487501
9025		22.675001
9026		24.075001
9027		25.075001
9028		26.137501
9029		24.375000
9030		25.725000
9031		26.837500
9032		27.250000
9033		25.075001
9034		25.787500
9035		26.662500
9036		25.787500
9037		26.312500
9038		25.312500
9039		26.837500
9040		25.725000
9041		26.550001
9042		25.025000
9043		24.550001
9044		26.025000
9045		24.725000
9046		24.025000
9047		24.487501
9048		25.900000
9049		23.662500
9050		23.487501
9051		23.900000
9052		23.612501
9053		22.487501
9054		22.262501
9055		23.375000
9056		21.550001
9057		19.725000
9058		20.137501
9059		21.437500
9060		20.200001
9061		18.787500
9062		19.375000
9063		20.262501
9064		19.500000
9065		17.025000
9066		17.725000
9067		18.725000
9068		19.787500
9069		18.612501
9070		17.850000
9071		19.612501
9072		20.850000
9073		18.787500
9074		18.087500
9075		19.675001
9076		19.900000
9077		19.550001
9078		19.312500
9079		20.137501
9080		19.850000
9081		20.375000
9082		19.025000
9083		20.025000
9084		21.550001
9085		20.312500
9086		19.312500
9087		20.437500
9088		21.725000
9089		22.025000
9090		20.900000
9091		20.962500
9092		22.725000
9093		21.375000
9094		21.612501
9095		24.200001
9096		23.900000
9097		22.612501
9098		22.437500
9099		25.850000
9100		25.200001
9101		23.850000
9102		25.550001
9103		25.550001
9104		25.550001
9105		24.312500
9106		23.612501
9107		23.787500
9108		25.200001
9109		23.312500
9110		22.312500
9111		23.612501
9112		23.437500
9113		21.262501
9114		20.787500
9115		21.787500
9116		21.850000
9117		20.312500
9118		19.612501
9119		21.375000
9120		21.375000
9121		19.612501
9122		19.962500
9123		19.900000
9124		20.725000
9125		19.312500
9126		20.087500
9127		19.900000
9128		18.550001
9129		18.262501
9130		20.262501
9131		18.787500
9132		18.500000
9133		18.137501
9134		15.550000
9135		17.675001
9136		16.962500
9137		16.737501
9138		15.612500
9139		16.787500
9140		14.737500
9141		16.200001
9142		17.137501
9143		16.087500
9144		16.262501
9145		16.675001
9146		16.850000
9147		17.137501
9148		15.087501
9149		17.025000
9150		16.675001
9151		16.962500
9152		16.437500
9153		18.025000
9154		16.325001
9155		17.787500
9156		16.500000
9157		17.787500
9158		18.200001
9159		16.850000
9160		17.612501
9161		16.675001
9162		18.137501
9163		17.612501
9164		16.962500
9165		16.262501
9166		17.325001
9167		15.500000
9168		16.137501
9169		16.500000
9170		16.437500
9171		16.912500
9172		16.087500
9173		16.137501
9174		14.200000
9175		15.737500
9176		15.025001
9177		16.375000
9178		15.200000
9179		15.375000
9180		13.962501
9181		12.850000
9182		15.787500
9183		14.200000
9184		14.675000
9185		13.562500
9186		13.737500
9187		12.437500
9188		13.025001
9189		12.325000
9190		11.850000
9191		12.262500
9192		11.087501
9193		12.200000
9194		10.025001
9195		12.675000
9196		10.612500
9197		11.262500
9198		12.262500
9199		11.087501
9200		10.800000
9201		11.150001
9202		11.737500
9203		10.975000
9204		11.387500
9205		11.737500
9206		11.087501
9207		10.325000
9208		11.500000
9209		12.262500
9210		11.912500
9211		12.025001
9212		11.325000
9213		10.800000
9214		9.500000
9215		11.737500
9216		10.387500
9217		8.500000
9218		8.500000
9219		8.800000
9220		9.975000
9221		9.150001
9222		8.850000
9223		8.562500
9224		9.437500
9225		8.437500
9226		9.612500
9227		7.562500
9228		9.212501
9229		10.387500
9230		8.025001
9231		8.025001
9232		7.737500
9233		7.150000
9234		5.975000
9235		7.912500
9236		6.387500
9237		5.800000
9238		5.262500
9239		4.037500
9240		3.800000
9241		3.275000
9242		4.800000
9243		3.562500
9244		2.275000
9245		2.387500
9246		4.037500
9247		3.500000
9248		3.150000
9249		2.975000
9250		3.212500
9251		4.037500
9252		3.325000
9253		4.325000
9254		3.212500
9255		4.500000
9256		4.037500
9257		3.737500
9258		2.975000
9259		3.862500
9260		4.850000
9261		2.562500
9262		2.862500
9263		4.262500
9264		2.912500
9265		2.625000
9266		2.087500
9267		1.687500
9268		1.862500
9269		2.562500
9270		0.625000
9271		0.500000
9272		1.625000
9273		1.212500
9274		1.037500
9275		1.150000
9276		0.975000
9277		0.212500
9278		0.275000
9279		-0.900000
9280		0.325000
9281		-1.850000
9282		-2.075000
9283		-1.025000
9284		-1.550000
9285		-2.312500
9286		-3.662500
9287		-3.437500
9288		-4.137500
9289		-2.437500
9290		-3.025000
9291		-2.312500
9292		-3.612500
9293		-4.025000
9294		-2.900000
9295		-3.312500
9296		-4.900000
9297		-3.850000
9298		-4.200000
9299		-5.900000
9300		-5.962500
9301		-6.137500
9302		-5.312500
9303		-5.375000
9304		-5.200000
9305		-7.375000
9306		-5.900000
9307		-6.962500
9308		-5.250000
9309		-3.850000
9310		-3.787500
9311		-4.250000
9312		-2.025000
9313		-2.375000
9314		-2.200000
9315		-2.262500
9316		-2.200000
9317		-1.850000
9318		-2.487500
9319		-5.375000
9320		-5.200000
9321		-5.200000
9322		-6.137500
9323		-4.487500
9324		-7.200000
9325		-6.962500
9326		-7.375000
9327		-4.725000
9328		-5.312500
9329		-6.200000
9330		-6.550000
9331		-4.487500
9332		-5.900000
9333		-5.612500
9334		-4.787500
9335		-7.837500
9336		-7.550000
9337		-8.612500
9338		-6.787500
9339		-9.200000
9340		-10.375000
9341		-10.962500
9342		-10.012500
9343		-11.250000
9344		-11.312500
9345		-10.662499
9346		-10.962500
9347		-10.375000
9348		-11.012500
9349		-11.550000
9350		-11.250000
9351		-9.200000
9352		-12.250000
9353		-10.599999
9354		-10.250000
9355		-12.137500
9356		-12.375000
9357		-12.662499
9358		-12.137500
9359		-12.662499
9360		-12.724999
9361		-13.137500
9362		-13.137500
9363		-11.487500
9364		-12.487500
9365		-12.425000
9366		-12.012500
9367		-10.962500
9368		-11.187500
9369		-12.312500
9370		-12.837500
9371		-12.075000
9372		-12.962500
9373		-13.075000
9374		-12.662499
9375		-13.312500
9376		-12.837500
9377		-14.187500
9378		-13.662499
9379		-14.599999
9380		-14.362500
9381		-13.599999
9382		-12.724999
9383		-12.012500
9384		-13.487500
9385		-11.962500
9386		-13.012500
9387		-12.312500
9388		-15.362500
9389		-13.425000
9390		-13.312500
9391		-14.137500
9392		-14.900000
9393		-14.837500
9394		-14.724999
9395		-14.662499
9396		-14.312500
9397		-15.599999
9398		-14.900000
9399		-15.187500
9400		-15.950000
9401		-14.775000
9402		-15.312500
9403		-14.487500
9404		-15.362500
9405		-16.075001
9406		-16.662500
9407		-16.537500
9408		-16.900000
9409		-18.600000
9410		-17.837500
9411		-17.250000
9412		-19.424999
9413		-20.187500
9414		-20.299999
9415		-20.187500
9416		-18.950001
9417		-20.600000
9418		-20.837500
9419		-20.950001
9420		-21.424999
9421		-21.487499
9422		-21.187500
9423		-20.662500
9424		-21.299999
9425		-22.712500
9426		-22.250000
9427		-21.075001
9428		-23.125000
9429		-22.600000
9430		-21.662500
9431		-21.775000
9432		-21.424999
9433		-22.012501
9434		-20.775000
9435		-20.125000
9436		-20.250000
9437		-21.775000
9438		-20.075001
9439		-19.537500
9440		-18.250000
9441		-18.837500
9442		-18.950001
9443		-19.125000
9444		-20.075001
9445		-20.487499
9446		-20.187500
9447		-19.537500
9448		-19.012501
9449		-19.125000
9450		-20.075001
9451		-19.424999
9452		-18.837500
9453		-19.012501
9454		-18.537500
9455		-19.662500
9456		-18.250000
9457		-18.900000
9458		-20.662500
9459		-18.600000
9460		-19.075001
9461		-20.887501
9462		-21.362499
9463		-19.600000
9464		-21.537500
9465		-21.775000
9466		-23.837500
9467		-23.537500
9468		-23.537500
9469		-23.475000
9470		-23.837500
9471		-25.299999
9472		-24.600000
9473		-24.600000
9474		-24.299999
9475		-25.062500
9476		-23.250000
9477		-25.187500
9478		-24.062500
9479		-25.250000
9480		-25.299999
9481		-25.537500
9482		-27.362499
9483		-25.650000
9484		-26.825001
9485		-27.299999
9486		-27.950001
9487		-26.187500
9488		-25.299999
9489		-23.887501
9490		-22.662500
9491		-23.125000
9492		-22.424999
9493		-22.537500
9494		-21.887501
9495		-22.362499
9496		-21.837500
9497		-22.887501
9498		-24.600000
9499		-24.887501
9500		-26.062500
9501		-25.475000
9502		-25.950001
9503		-25.775000
9504		-26.950001
9505		-25.650000
9506		-26.424999
9507		-26.362499
9508		-25.775000
9509		-25.775000
9510		-26.362499
9511		-28.062500
9512		-29.125000
9513		-30.299999
9514		-31.825001
9515		-32.712502
9516		-33.299999
9517		-33.062500
9518		-33.712502
9519		-33.125000
9520		-33.412498
9521		-31.775000
9522		-31.712500
9523		-30.587500
9524		-29.299999
9525		-25.600000
9526		-24.950001
9527		-25.187500
9528		-23.424999
9529		-24.600000
9530		-23.250000
9531		-25.424999
9532		-23.837500
9533		-25.475000
9534		-27.712500
9535		-28.362499
9536		-28.299999
9537		-27.424999
9538		-25.950001
9539		-24.712500
9540		-23.424999
9541		-19.712500
9542		-18.487499
9543		-16.775000
9544		-13.837500
9545		-10.487500
9546		-10.375000
9547		-10.375000
9548		-8.724999
9549		-10.962500
9550		-14.487500
9551		-15.724999
9552		-17.362499
9553		-20.125000
9554		-22.475000
9555		-26.062500
9556		-28.299999
9557		-27.187500
9558		-30.062500
9559		-29.187500
9560		-30.475000
9561		-28.950001
9562		-29.887501
9563		-29.537500
9564		-28.412500
9565		-27.712500
9566		-26.237499
9567		-26.424999
9568		-24.650000
9569		-23.299999
9570		-22.424999
9571		-22.600000
9572		-20.775000
9573		-21.075001
9574		-22.075001
9575		-23.537500
9576		-24.299999
9577		-24.187500
9578		-25.950001
9579		-25.950001
9580		-27.012501
9581		-27.299999
9582		-28.062500
9583		-28.299999
9584		-28.299999
9585		-27.537500
9586		-25.887501
9587		-24.012501
9588		-22.950001
9589		-22.125000
9590		-19.600000
9591		-18.250000
9592		-17.662500
9593		-15.362500
9594		-13.599999
9595		-15.012500
9596		-14.599999
9597		-15.775000
9598		-17.075001
9599		-17.950001
9600		-17.424999
9601		-19.424999
9602		-21.187500
9603		-21.662500
9604		-21.537500
9605		-22.012501
9606		-20.887501
9607		-21.950001
9608		-19.362499
9609		-19.424999
9610		-17.725000
9611		-16.837500
9612		-15.425000
9613		-13.724999
9614		-12.425000
9615		-13.137500
9616		-12.724999
9617		-9.137500
9618		-11.837500
9619		-11.724999
9620		-11.550000
9621		-10.900000
9622		-11.837500
9623		-12.837500
9624		-11.962500
9625		-12.375000
9626		-13.137500
9627		-13.599999
9628		-14.137500
9629		-16.075001
9630		-14.900000
9631		-15.900000
9632		-16.075001
9633		-17.125000
9634		-16.487499
9635		-17.012501
9636		-17.424999
9637		-17.012501
9638		-15.950000
9639		-15.775000
9640		-16.537500
9641		-14.425000
9642		-14.900000
9643		-13.837500
9644		-14.012500
9645		-14.187500
9646		-14.312500
9647		-14.599999
9648		-15.250000
9649		-15.075000
9650		-15.312500
9651		-15.837500
9652		-16.950001
9653		-17.187500
9654		-16.537500
9655		-17.362499
9656		-17.250000
9657		-17.424999
9658		-16.487499
9659		-16.537500
9660		-15.487500
9661		-15.312500
9662		-13.837500
9663		-12.837500
9664		-12.775000
9665		-11.837500
9666		-10.250000
9667		-9.550000
9668		-9.425000
9669		-9.250000
9670		-8.312500
9671		-8.137500
9672		-7.550000
9673		-7.550000
9674		-6.725000
9675		-7.487500
9676		-8.425000
9677		-8.612500
9678		-9.312500
9679		-9.724999
9680		-10.900000
9681		-10.724999
9682		-12.425000
9683		-12.250000
9684		-12.837500
9685		-12.662499
9686		-12.425000
9687		-12.012500
9688		-11.487500
9689		-11.724999
9690		-10.487500
9691		-10.075000
9692		-10.425000
9693		-9.487500
9694		-9.312500
9695		-8.724999
9696		-9.075000
9697		-9.075000
9698		-9.012500
9699		-9.312500
9700		-9.375000
9701		-9.550000
9702		-9.487500
9703		-8.900000
9704		-9.012500
9705		-9.312500
9706		-8.550000
9707		-8.012500
9708		-7.250000
9709		-7.137500
9710		-5.787500
9711		-4.787500
9712		-5.137500
9713		-3.850000
9714		-2.900000
9715		-2.025000
9716		-1.962500
9717		-0.962500
9718		-0.612500
9719		0.562500
9720		1.450000
9721		1.150000
9722		1.387500
9723		1.562500
9724		0.975000
9725		-0.137500
9726		0.325000
9727		-0.025000
9728		-0.612500
9729		-1.787500
9730		-1.675000
9731		-2.137500
9732		-2.962500
9733		-3.550000
9734		-3.725000
9735		-3.312500
9736		-3.487500
9737		-3.262500
9738		-3.312500
9739		-2.850000
9740		-1.900000
9741		-2.262500
9742		-2.550000
9743		-1.375000
9744		-1.025000
9745		-1.725000
9746		-1.262500
9747		-1.550000
9748		-1.087500
9749		-1.550000
9750		-1.550000
9751		-1.787500
9752		-1.550000
9753		-1.312500
9754		-1.675000
9755		-1.025000
9756		-0.487500
9757		-0.087500
9758		0.500000
9759		1.087500
9760		1.387500
9761		1.150000
9762		1.625000
9763		2.675000
9764		3.212500
9765		2.325000
9766		2.912500
9767		3.450000
9768		3.800000
9769		3.625000
9770		4.675000
9771		4.387500
9772		4.800000
9773		5.087500
9774		4.975000
9775		5.450000
9776		5.675000
9777		5.912500
9778		5.625000
9779		5.800000
9780		6.850000
9781		6.975000
9782		7.150000
9783		7.437500
9784		8.212501
9785		7.437500
9786		7.562500
9787		7.437500
9788		8.325000
9789		7.087500
9790		7.562500
9791		7.500000
9792		7.562500
9793		7.975000
9794		7.500000
9795		8.025001
9796		8.325000
9797		7.800000
9798		8.500000
9799		7.850000
9800		8.325000
9801		9.087501
9802		9.087501
9803		9.325000
9804		10.025001
9805		8.737500
9806		8.912500
9807		9.387500
9808		9.325000
9809		9.212501
9810		9.612500
9811		9.087501
9812		9.025001
9813		9.025001
9814		9.025001
9815		9.387500
9816		10.562500
9817		10.150001
9818		9.675000
9819		10.087501
9820		11.087501
9821		11.437500
9822		10.500000
9823		11.150001
9824		11.850000
9825		11.612500
9826		11.975000
9827		12.912500
9828		12.737500
9829		13.325000
9830		13.437500
9831		13.325000
9832		13.912500
9833		14.025001
9834		13.737500
9835		13.850000
9836		14.500000
9837		14.612500
9838		13.962501
9839		14.500000
9840		15.787500
9841		15.675000
9842		15.375000
9843		14.787500
9844		15.025001
9845		15.612500
9846		15.500000
9847		15.962501
9848		16.375000
9849		16.325001
9850		17.025000
9851		17.500000
9852		17.912500
9853		17.962500
9854		17.725000
9855		17.612501
9856		17.200001
9857		17.612501
9858		17.612501
9859		17.025000
9860		17.262501
9861		17.262501
9862		17.137501
9863		16.675001
9864		16.375000
9865		15.675000
9866		15.500000
9867		16.137501
9868		16.675001
9869		15.550000
9870		15.087501
9871		14.787500
9872		15.025001
9873		15.150001
9874		15.200000
9875		14.912500
9876		14.787500
9877		15.675000
9878		15.025001
9879		15.375000
9880		16.137501
9881		16.375000
9882		16.550001
9883		17.437500
9884		17.675001
9885		17.850000
9886		18.325001
9887		18.375000
9888		19.612501
9889		20.312500
9890		20.087500
9891		19.612501
9892		19.787500
9893		20.375000
9894		20.087500
9895		20.087500
9896		20.787500
9897		21.262501
9898		20.500000
9899		20.200001
9900		19.962500
9901		19.900000
9902		20.550001
9903		21.787500
9904		20.550001
9905		21.262501
9906		22.200001
9907		21.437500
9908		22.025000
9909		22.312500
9910		22.900000
9911		22.437500
9912		22.437500
9913		21.612501
9914		22.200001
9915		22.025000
9916		21.487501
9917		21.487501
9918		20.850000
9919		20.375000
9920		20.262501
9921		21.025000
9922		21.137501
9923		20.725000
9924		21.787500
9925		21.137501
9926		20.850000
9927		22.550001
9928		21.787500
9929		21.550001
9930		23.200001
9931		23.025000
9932		22.900000
9933		22.900000
9934		24.025000
9935		23.487501
9936		23.262501
9937		23.787500
9938		23.075001
9939		23.312500
9940		23.850000
9941		23.787500
9942		23.437500
9943		23.025000
9944		22.437500
9945		22.962500
9946		22.437500
9947		22.312500
9948		21.550001
9949		20.437500
9950		19.850000
9951		20.787500
9952		20.550001
9953		21.025000
9954		20.900000
9955		20.550001
9956		20.962500
9957		20.500000
9958		21.962500
9959		22.487501
9960		22.312500
9961		22.550001
9962		24.962500
9963		24.312500
9964		24.200001
9965		24.375000
9966		24.550001
9967		26.375000
9968		25.787500
9969		24.662500
9970		25.025000
9971		26.725000
9972		26.137501
9973		27.025000
9974		28.375000
9975		27.250000
9976		27.662500
9977		28.200001
9978		28.312500
9979		28.312500
9980		29.487501
9981		29.487501
9982		29.075001
9983		30.012501
9984		29.012501
9985		29.725000
9986		29.487501
9987		28.025000
9988		29.075001
9989		29.312500
9990		28.550001
9991		27.075001
9992		28.487501
9993		29.012501
9994		27.312500
9995		26.612501
9996		27.312500
9997		26.725000
9998		26.550001
9999		26.612501
10000		27.075001
