Channel              :		CH1
Frequency            :		53.33Hz
Period               :		18.75ms
PK-PK                :		69.66mV
Average              :		-0.083mV
Vertical pos         :		1.000000mV
Probe attenuation    :		1X
Voltage per ADC value:		0.003125mV
Time interval        :		20.00000uS

index		CH1_Voltage(mV)
1		7.850000
2		5.912500
3		5.450000
4		6.150000
5		3.500000
6		4.737500
7		5.450000
8		4.912500
9		4.850000
10		4.212500
11		4.150000
12		3.912500
13		3.325000
14		3.150000
15		2.862500
16		3.150000
17		3.150000
18		3.087500
19		1.387500
20		2.387500
21		1.150000
22		1.800000
23		0.687500
24		-0.200000
25		0.500000
26		-1.612500
27		-1.487500
28		-3.900000
29		-3.612500
30		-4.437500
31		-4.612500
32		-4.075000
33		-3.262500
34		-3.487500
35		-2.075000
36		-1.787500
37		-2.850000
38		-4.375000
39		-2.487500
40		-1.900000
41		-1.437500
42		0.912500
43		0.800000
44		1.450000
45		2.037500
46		0.912500
47		-0.487500
48		-2.262500
49		-4.312500
50		-4.250000
51		-5.312500
52		-5.900000
53		-6.662500
54		-7.837500
55		-8.487500
56		-10.425000
57		-10.487500
58		-10.137500
59		-10.137500
60		-10.662499
61		-10.312500
62		-7.250000
63		-9.599999
64		-8.612500
65		-10.137500
66		-9.787499
67		-8.900000
68		-7.075000
69		-7.837500
70		-6.375000
71		-8.137500
72		-7.250000
73		-10.599999
74		-11.487500
75		-12.662499
76		-12.724999
77		-13.075000
78		-11.900000
79		-13.599999
80		-14.187500
81		-15.425000
82		-15.362500
83		-17.950001
84		-17.312500
85		-16.725000
86		-16.250000
87		-15.250000
88		-13.900000
89		-15.012500
90		-14.662499
91		-15.837500
92		-16.662500
93		-16.487499
94		-17.075001
95		-16.012501
96		-15.537499
97		-15.950000
98		-14.900000
99		-15.187500
100		-16.187500
101		-17.187500
102		-16.600000
103		-17.950001
104		-19.187500
105		-17.424999
106		-19.125000
107		-18.312500
108		-19.125000
109		-19.775000
110		-19.600000
111		-19.424999
112		-20.487499
113		-20.362499
114		-20.887501
115		-20.775000
116		-21.775000
117		-22.299999
118		-20.950001
119		-22.662500
120		-22.075001
121		-21.837500
122		-20.775000
123		-20.537500
124		-18.125000
125		-16.900000
126		-15.075000
127		-17.250000
128		-17.900000
129		-18.125000
130		-18.537500
131		-18.537500
132		-19.125000
133		-18.600000
134		-22.424999
135		-20.887501
136		-24.424999
137		-25.250000
138		-25.125000
139		-23.775000
140		-21.775000
141		-20.362499
142		-18.012501
143		-19.712500
144		-20.299999
145		-21.950001
146		-24.299999
147		-24.299999
148		-21.424999
149		-18.712500
150		-17.900000
151		-16.075001
152		-17.487499
153		-19.950001
154		-26.299999
155		-25.775000
156		-28.887501
157		-27.650000
158		-25.887501
159		-23.424999
160		-23.424999
161		-22.075001
162		-22.775000
163		-21.187500
164		-22.125000
165		-20.187500
166		-16.487499
167		-15.187500
168		-14.487500
169		-14.187500
170		-16.662500
171		-16.600000
172		-19.900000
173		-17.900000
174		-18.900000
175		-17.125000
176		-16.600000
177		-15.724999
178		-16.362499
179		-17.537500
180		-18.837500
181		-18.600000
182		-17.662500
183		-14.950000
184		-13.837500
185		-12.075000
186		-11.775000
187		-12.962500
188		-13.425000
189		-17.424999
190		-16.662500
191		-17.487499
192		-16.137501
193		-13.250000
194		-11.250000
195		-12.724999
196		-11.775000
197		-13.837500
198		-15.775000
199		-17.487499
200		-17.075001
201		-16.250000
202		-14.487500
203		-11.550000
204		-11.550000
205		-10.662499
206		-11.075000
207		-12.075000
208		-12.550000
209		-12.187500
210		-10.662499
211		-10.487500
212		-10.312500
213		-11.075000
214		-10.787499
215		-11.900000
216		-11.662499
217		-13.187500
218		-12.662499
219		-12.724999
220		-13.425000
221		-15.599999
222		-14.425000
223		-14.312500
224		-14.837500
225		-14.312500
226		-14.012500
227		-15.075000
228		-13.962500
229		-13.837500
230		-12.775000
231		-11.487500
232		-10.312500
233		-9.487500
234		-8.550000
235		-8.662499
236		-6.487500
237		-5.787500
238		-5.437500
239		-4.200000
240		-4.437500
241		-6.137500
242		-5.662500
243		-6.725000
244		-6.487500
245		-6.662500
246		-6.200000
247		-7.837500
248		-5.550000
249		-8.075000
250		-7.837500
251		-7.550000
252		-7.075000
253		-7.662500
254		-7.137500
255		-6.787500
256		-6.725000
257		-6.137500
258		-4.725000
259		-4.200000
260		-2.675000
261		-2.962500
262		-1.850000
263		-0.900000
264		-0.025000
265		0.912500
266		0.387500
267		1.275000
268		1.975000
269		1.087500
270		0.562500
271		0.562500
272		0.500000
273		1.275000
274		1.087500
275		1.087500
276		1.450000
277		1.387500
278		1.212500
279		-0.200000
280		0.800000
281		1.687500
282		0.037500
283		0.975000
284		0.800000
285		1.387500
286		1.625000
287		1.625000
288		2.800000
289		3.912500
290		5.150000
291		5.675000
292		5.850000
293		6.675000
294		6.387500
295		7.562500
296		6.850000
297		7.387500
298		8.912500
299		9.500000
300		10.200000
301		11.087501
302		11.437500
303		11.737500
304		11.087501
305		10.562500
306		10.437500
307		9.562500
308		8.975000
309		9.562500
310		9.500000
311		10.262500
312		9.675000
313		11.025001
314		11.025001
315		11.562500
316		11.562500
317		11.150001
318		10.675000
319		12.087501
320		11.912500
321		12.787500
322		12.912500
323		14.025001
324		15.087501
325		16.375000
326		15.850000
327		17.375000
328		17.262501
329		18.787500
330		17.612501
331		18.787500
332		18.137501
333		18.025000
334		16.612501
335		17.325001
336		16.675001
337		17.375000
338		16.962500
339		18.200001
340		17.137501
341		18.200001
342		16.375000
343		17.500000
344		17.325001
345		17.262501
346		16.675001
347		18.325001
348		17.200001
349		18.375000
350		20.137501
351		21.312500
352		21.437500
353		22.550001
354		22.375000
355		22.487501
356		23.487501
357		24.312500
358		23.487501
359		23.612501
360		22.550001
361		22.087500
362		20.675001
363		21.312500
364		21.375000
365		20.850000
366		22.025000
367		21.087500
368		19.675001
369		18.850000
370		18.787500
371		19.137501
372		20.962500
373		19.675001
374		20.900000
375		21.087500
376		22.962500
377		22.850000
378		24.375000
379		25.312500
380		26.900000
381		26.837500
382		26.725000
383		26.962500
384		27.025000
385		26.787500
386		27.900000
387		25.900000
388		27.425001
389		27.200001
390		27.612501
391		26.662500
392		26.837500
393		25.962500
394		26.725000
395		25.200001
396		24.200001
397		23.550001
398		24.075001
399		24.262501
400		24.200001
401		23.900000
402		23.262501
403		22.900000
404		24.487501
405		24.200001
406		25.487501
407		26.250000
408		25.487501
409		25.437500
410		26.025000
411		26.200001
412		24.962500
413		26.662500
414		27.725000
415		29.612501
416		29.425001
417		28.787500
418		27.662500
419		27.312500
420		26.612501
421		27.425001
422		24.900000
423		25.487501
424		24.612501
425		23.725000
426		24.137501
427		23.787500
428		21.850000
429		21.137501
430		22.025000
431		21.962500
432		19.312500
433		19.612501
434		19.200001
435		18.375000
436		19.612501
437		21.087500
438		20.262501
439		21.675001
440		21.487501
441		21.550001
442		21.137501
443		21.550001
444		20.900000
445		21.375000
446		20.087500
447		21.550001
448		21.262501
449		20.900000
450		22.137501
451		22.200001
452		21.087500
453		19.675001
454		18.725000
455		18.025000
456		17.375000
457		17.850000
458		17.262501
459		16.850000
460		16.325001
461		16.262501
462		14.437500
463		13.912500
464		14.500000
465		13.612500
466		15.850000
467		14.200000
468		14.787500
469		14.087501
470		12.375000
471		13.262500
472		11.262500
473		12.087501
474		12.025001
475		10.975000
476		11.737500
477		11.437500
478		11.737500
479		10.087501
480		10.150001
481		9.387500
482		9.387500
483		9.212501
484		9.850000
485		9.612500
486		10.200000
487		10.975000
488		9.212501
489		8.975000
490		7.625000
491		8.612500
492		6.675000
493		6.975000
494		6.675000
495		5.737500
496		5.737500
497		5.087500
498		-0.025000
499		1.275000
500		0.737500
501		1.150000
502		1.275000
503		1.087500
504		3.087500
505		5.562500
506		2.800000
507		2.037500
508		1.975000
509		2.625000
510		2.862500
511		2.500000
512		3.625000
513		5.625000
514		6.087500
515		5.150000
516		2.675000
517		2.562500
518		0.625000
519		-1.487500
520		-0.787500
521		-2.787500
522		-3.262500
523		-3.900000
524		-5.487500
525		-6.487500
526		-8.075000
527		-8.724999
528		-8.200000
529		-7.900000
530		-7.612500
531		-7.962500
532		-6.075000
533		-8.425000
534		-6.312500
535		-6.962500
536		-7.962500
537		-8.250000
538		-7.612500
539		-8.137500
540		-5.612500
541		-8.962500
542		-11.137500
543		-11.724999
544		-12.312500
545		-13.775000
546		-13.425000
547		-14.775000
548		-15.775000
549		-15.537499
550		-17.537500
551		-18.950001
552		-19.775000
553		-20.712500
554		-19.299999
555		-19.775000
556		-18.012501
557		-20.075001
558		-18.424999
559		-19.600000
560		-17.950001
561		-20.837500
562		-20.362499
563		-20.887501
564		-22.600000
565		-20.712500
566		-19.362499
567		-21.012501
568		-18.837500
569		-20.887501
570		-20.600000
571		-22.125000
572		-21.537500
573		-23.424999
574		-23.424999
575		-22.662500
576		-24.600000
577		-24.887501
578		-24.187500
579		-26.237499
580		-25.475000
581		-27.362499
582		-25.775000
583		-25.950001
584		-26.650000
585		-27.600000
586		-26.775000
587		-28.887501
588		-26.950001
589		-28.950001
590		-27.062500
591		-29.600000
592		-26.775000
593		-26.362499
594		-22.662500
595		-24.600000
596		-21.362499
597		-24.712500
598		-23.887501
599		-26.125000
600		-24.299999
601		-26.299999
602		-25.012501
603		-29.187500
604		-26.475000
605		-31.125000
606		-31.475000
607		-32.712502
608		-31.412500
609		-30.887501
610		-28.012501
611		-27.062500
612		-25.887501
613		-27.650000
614		-29.237499
615		-31.062500
616		-32.237499
617		-29.950001
618		-28.012501
619		-24.362499
620		-24.362499
621		-24.424999
622		-27.237499
623		-31.825001
624		-32.712502
625		-36.125000
626		-33.062500
627		-32.587502
628		-28.012501
629		-29.187500
630		-27.650000
631		-29.537500
632		-28.237499
633		-30.362499
634		-25.650000
635		-24.362499
636		-22.837500
637		-21.012501
638		-20.012501
639		-22.712500
640		-24.125000
641		-26.362499
642		-26.825001
643		-27.299999
644		-24.250000
645		-23.424999
646		-22.362499
647		-23.012501
648		-25.650000
649		-25.650000
650		-26.775000
651		-26.950001
652		-25.187500
653		-21.712500
654		-21.012501
655		-19.125000
656		-19.950001
657		-21.487499
658		-24.424999
659		-26.125000
660		-25.837500
661		-25.712500
662		-23.250000
663		-21.187500
664		-19.424999
665		-19.299999
666		-21.950001
667		-23.187500
668		-26.362499
669		-24.187500
670		-26.650000
671		-22.075001
672		-20.775000
673		-19.837500
674		-19.600000
675		-17.662500
676		-19.187500
677		-19.125000
678		-18.537500
679		-17.775000
680		-16.487499
681		-17.837500
682		-14.599999
683		-18.537500
684		-16.662500
685		-17.837500
686		-17.600000
687		-17.362499
688		-20.250000
689		-17.250000
690		-20.362499
691		-19.950001
692		-19.600000
693		-19.125000
694		-20.887501
695		-19.075001
696		-20.075001
697		-19.487499
698		-18.662500
699		-16.537500
700		-16.250000
701		-13.962500
702		-13.250000
703		-13.425000
704		-12.075000
705		-10.487500
706		-9.787499
707		-8.312500
708		-8.250000
709		-6.662500
710		-7.550000
711		-7.425000
712		-8.550000
713		-8.900000
714		-8.200000
715		-7.375000
716		-7.025000
717		-7.375000
718		-8.012500
719		-7.612500
720		-9.250000
721		-8.200000
722		-8.662499
723		-8.137500
724		-7.075000
725		-6.612500
726		-5.612500
727		-4.312500
728		-3.850000
729		-3.137500
730		-2.312500
731		-1.612500
732		-0.262500
733		-0.612500
734		0.862500
735		0.500000
736		1.387500
737		1.737500
738		2.275000
739		1.737500
740		1.975000
741		0.800000
742		1.975000
743		1.150000
744		2.037500
745		2.212500
746		1.800000
747		1.275000
748		1.562500
749		2.150000
750		1.737500
751		0.625000
752		1.450000
753		1.387500
754		1.737500
755		1.150000
756		2.275000
757		3.087500
758		3.862500
759		4.387500
760		6.150000
761		6.150000
762		7.387500
763		5.800000
764		6.975000
765		6.975000
766		8.387500
767		9.325000
768		10.025001
769		9.975000
770		11.500000
771		11.262500
772		11.437500
773		11.612500
774		11.200000
775		11.262500
776		11.087501
777		10.737500
778		11.087501
779		10.087501
780		11.850000
781		11.262500
782		12.325000
783		11.850000
784		12.850000
785		12.912500
786		12.675000
787		13.200000
788		13.200000
789		14.150001
790		14.612500
791		14.787500
792		15.325000
793		15.962501
794		16.500000
795		17.437500
796		18.725000
797		19.200001
798		19.787500
799		19.900000
800		19.900000
801		20.087500
802		20.200001
803		18.912500
804		19.025000
805		18.500000
806		19.087500
807		19.725000
808		19.087500
809		19.262501
810		19.312500
811		19.550001
812		18.912500
813		18.675001
814		18.262501
815		19.200001
816		18.612501
817		19.312500
818		20.375000
819		21.550001
820		22.137501
821		23.200001
822		23.550001
823		23.487501
824		23.962500
825		24.375000
826		25.200001
827		26.487501
828		24.662500
829		24.962500
830		24.200001
831		23.025000
832		22.262501
833		22.850000
834		23.137501
835		23.262501
836		23.487501
837		23.487501
838		22.025000
839		22.550001
840		21.900000
841		22.550001
842		22.725000
843		23.375000
844		24.487501
845		26.375000
846		26.137501
847		28.137501
848		28.425001
849		29.662500
850		29.900000
851		30.075001
852		30.200001
853		30.075001
854		29.550001
855		29.200001
856		28.425001
857		29.375000
858		28.550001
859		28.662500
860		28.425001
861		27.962500
862		26.837500
863		27.075001
864		23.612501
865		23.850000
866		22.262501
867		22.312500
868		21.850000
869		23.787500
870		22.087500
871		23.487501
872		22.025000
873		23.137501
874		24.437500
875		23.612501
876		23.850000
877		24.612501
878		24.200001
879		23.200001
880		23.375000
881		23.900000
882		24.662500
883		26.137501
884		26.662500
885		25.900000
886		24.962500
887		23.900000
888		24.725000
889		23.075001
890		23.200001
891		22.312500
892		21.437500
893		19.375000
894		20.500000
895		17.912500
896		18.850000
897		17.325001
898		15.150001
899		15.500000
900		16.025000
901		14.437500
902		14.962501
903		12.787500
904		14.087501
905		13.200000
906		13.787500
907		13.500000
908		16.087500
909		14.675000
910		17.137501
911		15.675000
912		16.850000
913		14.787500
914		15.200000
915		14.437500
916		15.500000
917		14.612500
918		16.325001
919		16.612501
920		15.675000
921		14.612500
922		14.787500
923		12.087501
924		13.025001
925		10.200000
926		11.325000
927		10.387500
928		11.087501
929		10.387500
930		9.500000
931		7.500000
932		7.562500
933		6.975000
934		7.912500
935		7.912500
936		8.737500
937		8.212501
938		7.500000
939		7.387500
940		5.387500
941		4.800000
942		5.037500
943		4.675000
944		6.087500
945		4.800000
946		5.800000
947		4.450000
948		5.737500
949		2.450000
950		4.262500
951		4.037500
952		3.800000
953		3.325000
954		4.212500
955		3.737500
956		4.562500
957		2.562500
958		2.800000
959		1.862500
960		1.737500
961		0.100000
962		0.800000
963		-0.612500
964		0.275000
965		-1.675000
966		-3.137500
967		-4.312500
968		-5.137500
969		-5.025000
970		-7.200000
971		-4.612500
972		-4.612500
973		-3.137500
974		-3.137500
975		-3.850000
976		-3.137500
977		-5.312500
978		-6.487500
979		-4.437500
980		-3.262500
981		-2.550000
982		-0.962500
983		-1.550000
984		-0.675000
985		-3.312500
986		-5.025000
987		-5.375000
988		-6.725000
989		-7.962500
990		-7.837500
991		-10.137500
992		-10.962500
993		-11.900000
994		-12.724999
995		-14.312500
996		-15.362500
997		-15.075000
998		-15.487500
999		-16.075001
1000		-12.375000
1001		-13.187500
1002		-13.599999
1003		-14.312500
1004		-14.075000
1005		-13.962500
1006		-13.900000
1007		-14.012500
1008		-13.075000
1009		-12.900000
1010		-13.425000
1011		-13.187500
1012		-15.362500
1013		-18.424999
1014		-17.424999
1015		-17.187500
1016		-18.900000
1017		-18.537500
1018		-21.837500
1019		-22.299999
1020		-22.125000
1021		-23.250000
1022		-23.362499
1023		-23.062500
1024		-24.650000
1025		-22.887501
1026		-22.250000
1027		-21.075001
1028		-22.662500
1029		-22.950001
1030		-23.187500
1031		-22.887501
1032		-21.075001
1033		-21.662500
1034		-20.775000
1035		-22.250000
1036		-19.600000
1037		-19.900000
1038		-21.712500
1039		-21.837500
1040		-21.075001
1041		-20.950001
1042		-23.187500
1043		-21.012501
1044		-22.075001
1045		-21.537500
1046		-22.075001
1047		-22.887501
1048		-22.662500
1049		-22.950001
1050		-23.475000
1051		-23.012501
1052		-24.062500
1053		-23.775000
1054		-23.887501
1055		-23.475000
1056		-24.475000
1057		-25.062500
1058		-25.424999
1059		-24.600000
1060		-23.424999
1061		-22.950001
1062		-20.125000
1063		-19.250000
1064		-19.012501
1065		-18.900000
1066		-19.187500
1067		-20.950001
1068		-21.662500
1069		-21.125000
1070		-20.887501
1071		-19.837500
1072		-21.537500
1073		-22.775000
1074		-24.537500
1075		-26.887501
1076		-28.887501
1077		-27.475000
1078		-25.362499
1079		-23.187500
1080		-22.537500
1081		-20.950001
1082		-20.775000
1083		-23.125000
1084		-25.187500
1085		-25.600000
1086		-25.012501
1087		-22.424999
1088		-18.600000
1089		-17.250000
1090		-17.362499
1091		-19.125000
1092		-23.475000
1093		-26.825001
1094		-26.775000
1095		-28.299999
1096		-26.062500
1097		-24.299999
1098		-21.424999
1099		-21.712500
1100		-22.362499
1101		-23.424999
1102		-21.775000
1103		-20.075001
1104		-18.250000
1105		-15.950000
1106		-14.599999
1107		-14.187500
1108		-14.775000
1109		-17.900000
1110		-18.775000
1111		-20.887501
1112		-20.012501
1113		-18.250000
1114		-17.662500
1115		-15.362500
1116		-15.599999
1117		-17.837500
1118		-18.487499
1119		-21.362499
1120		-19.537500
1121		-18.837500
1122		-16.775000
1123		-14.662499
1124		-12.724999
1125		-12.962500
1126		-13.962500
1127		-16.775000
1128		-17.362499
1129		-19.075001
1130		-18.837500
1131		-17.362499
1132		-16.012501
1133		-13.187500
1134		-13.425000
1135		-13.599999
1136		-16.075001
1137		-17.775000
1138		-17.725000
1139		-19.187500
1140		-18.012501
1141		-13.900000
1142		-12.962500
1143		-11.550000
1144		-11.550000
1145		-12.012500
1146		-11.187500
1147		-11.775000
1148		-11.775000
1149		-11.550000
1150		-10.200000
1151		-9.312500
1152		-10.312500
1153		-9.599999
1154		-11.075000
1155		-10.900000
1156		-10.075000
1157		-10.487500
1158		-11.837500
1159		-13.312500
1160		-12.312500
1161		-12.837500
1162		-12.662499
1163		-11.662499
1164		-11.425000
1165		-10.662499
1166		-10.375000
1167		-11.012500
1168		-9.550000
1169		-8.075000
1170		-7.375000
1171		-6.075000
1172		-5.725000
1173		-4.375000
1174		-2.850000
1175		-2.200000
1176		-1.962500
1177		-0.612500
1178		-1.487500
1179		-2.025000
1180		-2.075000
1181		-1.962500
1182		-2.262500
1183		-1.087500
1184		-1.550000
1185		-2.262500
1186		-0.962500
1187		-2.850000
1188		-3.612500
1189		-3.262500
1190		-3.137500
1191		-1.850000
1192		-3.725000
1193		-2.137500
1194		-1.487500
1195		-0.200000
1196		-1.375000
1197		-0.612500
1198		0.975000
1199		1.562500
1200		1.500000
1201		2.862500
1202		2.150000
1203		4.037500
1204		3.800000
1205		4.262500
1206		3.800000
1207		2.800000
1208		2.625000
1209		2.150000
1210		2.275000
1211		2.625000
1212		2.150000
1213		2.275000
1214		2.087500
1215		2.150000
1216		0.862500
1217		1.275000
1218		0.975000
1219		0.212500
1220		0.275000
1221		0.387500
1222		-0.612500
1223		1.087500
1224		1.275000
1225		0.275000
1226		1.800000
1227		3.450000
1228		4.675000
1229		4.562500
1230		5.087500
1231		6.087500
1232		5.975000
1233		6.212500
1234		6.437500
1235		7.737500
1236		7.500000
1237		9.087501
1238		9.975000
1239		10.562500
1240		11.387500
1241		11.675000
1242		10.087501
1243		11.262500
1244		11.437500
1245		9.800000
1246		9.912500
1247		8.912500
1248		9.150001
1249		9.675000
1250		9.800000
1251		10.675000
1252		11.387500
1253		11.675000
1254		11.025001
1255		12.262500
1256		12.087501
1257		11.737500
1258		12.025001
1259		12.787500
1260		13.437500
1261		14.150001
1262		13.787500
1263		15.262500
1264		16.675001
1265		17.262501
1266		18.912500
1267		18.200001
1268		19.137501
1269		18.550001
1270		19.787500
1271		18.325001
1272		17.912500
1273		17.725000
1274		17.025000
1275		17.087500
1276		18.675001
1277		17.850000
1278		18.787500
1279		18.612501
1280		18.612501
1281		18.675001
1282		18.437500
1283		17.612501
1284		18.200001
1285		17.612501
1286		18.375000
1287		19.087500
1288		21.087500
1289		20.850000
1290		22.262501
1291		22.550001
1292		22.312500
1293		23.137501
1294		23.200001
1295		24.075001
1296		24.725000
1297		23.787500
1298		24.662500
1299		23.437500
1300		21.962500
1301		21.850000
1302		22.087500
1303		22.612501
1304		22.262501
1305		21.850000
1306		22.025000
1307		20.025000
1308		19.962500
1309		19.962500
1310		20.437500
1311		20.550001
1312		20.612501
1313		22.262501
1314		23.312500
1315		23.312500
1316		25.612501
1317		26.312500
1318		27.900000
1319		28.075001
1320		28.312500
1321		27.375000
1322		27.137501
1323		27.375000
1324		27.662500
1325		27.487501
1326		27.837500
1327		27.137501
1328		27.025000
1329		27.425001
1330		27.137501
1331		26.962500
1332		25.787500
1333		25.375000
1334		24.075001
1335		23.437500
1336		23.437500
1337		24.075001
1338		23.725000
1339		22.850000
1340		21.962500
1341		22.850000
1342		22.262501
1343		23.612501
1344		24.075001
1345		24.437500
1346		24.312500
1347		24.550001
1348		23.487501
1349		23.900000
1350		24.312500
1351		25.850000
1352		25.962500
1353		27.250000
1354		26.787500
1355		27.312500
1356		26.375000
1357		26.025000
1358		24.375000
1359		24.075001
1360		24.025000
1361		24.200001
1362		23.025000
1363		23.487501
1364		22.375000
1365		20.612501
1366		20.900000
1367		20.137501
1368		17.675001
1369		18.500000
1370		17.375000
1371		17.500000
1372		16.437500
1373		16.850000
1374		16.137501
1375		15.912500
1376		16.500000
1377		18.200001
1378		17.437500
1379		18.962500
1380		18.725000
1381		20.312500
1382		18.087500
1383		19.200001
1384		19.025000
1385		19.087500
1386		18.850000
1387		20.200001
1388		20.200001
1389		20.550001
1390		19.900000
1391		19.787500
1392		17.850000
1393		17.262501
1394		16.787500
1395		16.675001
1396		15.262500
1397		15.787500
1398		15.550000
1399		15.087501
1400		14.200000
1401		14.562500
1402		12.612500
1403		13.437500
1404		13.025001
1405		13.787500
1406		13.200000
1407		13.262500
1408		13.262500
1409		12.975000
1410		12.325000
1411		11.437500
1412		11.262500
1413		10.387500
1414		10.500000
1415		11.200000
1416		10.500000
1417		10.737500
1418		9.912500
1419		10.262500
1420		9.912500
1421		9.437500
1422		9.612500
1423		9.800000
1424		8.562500
1425		8.800000
1426		8.800000
1427		9.325000
1428		7.625000
1429		8.325000
1430		6.975000
1431		7.262500
1432		6.212500
1433		5.562500
1434		5.387500
1435		2.912500
1436		2.387500
1437		0.975000
1438		0.500000
1439		-0.137500
1440		0.387500
1441		1.687500
1442		0.275000
1443		2.912500
1444		2.275000
1445		0.625000
1446		0.737500
1447		-0.312500
1448		1.087500
1449		1.687500
1450		2.800000
1451		4.037500
1452		4.625000
1453		2.625000
1454		3.325000
1455		0.387500
1456		1.275000
1457		-1.675000
1458		-2.487500
1459		-3.550000
1460		-3.850000
1461		-4.900000
1462		-4.725000
1463		-6.787500
1464		-7.787500
1465		-9.599999
1466		-9.312500
1467		-8.962500
1468		-6.962500
1469		-8.137500
1470		-8.487500
1471		-7.837500
1472		-8.787499
1473		-8.612500
1474		-7.725000
1475		-9.487500
1476		-6.837500
1477		-6.550000
1478		-7.137500
1479		-7.900000
1480		-9.075000
1481		-8.550000
1482		-9.487500
1483		-11.187500
1484		-11.962500
1485		-11.425000
1486		-12.187500
1487		-14.362500
1488		-14.187500
1489		-14.599999
1490		-16.537500
1491		-16.950001
1492		-16.362499
1493		-17.725000
1494		-16.187500
1495		-16.187500
1496		-16.187500
1497		-16.250000
1498		-15.250000
1499		-18.125000
1500		-16.775000
1501		-17.125000
1502		-16.837500
1503		-16.187500
1504		-15.425000
1505		-16.312500
1506		-14.900000
1507		-14.837500
1508		-16.487499
1509		-17.537500
1510		-17.312500
1511		-17.125000
1512		-17.950001
1513		-18.424999
1514		-18.775000
1515		-17.837500
1516		-19.187500
1517		-19.362499
1518		-19.900000
1519		-19.600000
1520		-20.299999
1521		-19.775000
1522		-20.362499
1523		-19.775000
1524		-20.299999
1525		-19.775000
1526		-21.537500
1527		-23.887501
1528		-24.887501
1529		-23.537500
1530		-21.600000
1531		-21.125000
1532		-18.712500
1533		-17.950001
1534		-18.712500
1535		-19.075001
1536		-20.600000
1537		-21.487499
1538		-21.837500
1539		-21.299999
1540		-20.187500
1541		-20.712500
1542		-24.187500
1543		-25.600000
1544		-28.475000
1545		-28.825001
1546		-28.712500
1547		-26.887501
1548		-25.775000
1549		-22.424999
1550		-22.424999
1551		-22.837500
1552		-25.012501
1553		-27.424999
1554		-28.362499
1555		-28.825001
1556		-26.950001
1557		-24.125000
1558		-22.250000
1559		-20.950001
1560		-21.662500
1561		-26.712500
1562		-31.187500
1563		-33.062500
1564		-33.825001
1565		-30.712500
1566		-28.775000
1567		-27.062500
1568		-28.299999
1569		-25.600000
1570		-27.237499
1571		-26.600000
1572		-26.712500
1573		-24.600000
1574		-21.837500
1575		-18.537500
1576		-19.600000
1577		-20.187500
1578		-21.712500
1579		-24.250000
1580		-25.012501
1581		-25.600000
1582		-25.650000
1583		-23.712500
1584		-22.887501
1585		-22.475000
1586		-22.950001
1587		-25.187500
1588		-25.475000
1589		-26.537500
1590		-24.650000
1591		-22.424999
1592		-21.487499
1593		-20.187500
1594		-22.075001
1595		-20.125000
1596		-23.837500
1597		-24.712500
1598		-26.299999
1599		-24.600000
1600		-23.424999
1601		-21.837500
1602		-21.487499
1603		-20.362499
1604		-20.887501
1605		-22.537500
1606		-24.299999
1607		-25.012501
1608		-24.887501
1609		-21.837500
1610		-22.125000
1611		-19.362499
1612		-19.299999
1613		-17.950001
1614		-19.125000
1615		-18.600000
1616		-17.950001
1617		-17.187500
1618		-18.600000
1619		-15.599999
1620		-16.187500
1621		-16.775000
1622		-16.600000
1623		-18.424999
1624		-15.662499
1625		-18.012501
1626		-17.125000
1627		-17.250000
1628		-18.600000
1629		-19.125000
1630		-19.775000
1631		-18.600000
1632		-20.250000
1633		-17.250000
1634		-18.312500
1635		-16.900000
1636		-15.950000
1637		-15.662499
1638		-16.250000
1639		-13.075000
1640		-14.187500
1641		-11.724999
1642		-11.487500
1643		-9.012500
1644		-9.599999
1645		-7.962500
1646		-7.725000
1647		-7.425000
1648		-9.075000
1649		-7.075000
1650		-10.599999
1651		-9.900000
1652		-9.837500
1653		-8.900000
1654		-8.724999
1655		-7.612500
1656		-10.312500
1657		-10.375000
1658		-11.962500
1659		-13.250000
1660		-10.487500
1661		-11.837500
1662		-11.250000
1663		-10.962500
1664		-8.250000
1665		-10.837500
1666		-8.837500
1667		-9.075000
1668		-7.550000
1669		-8.137500
1670		-5.787500
1671		-5.787500
1672		-3.437500
1673		-4.137500
1674		-2.962500
1675		-2.725000
1676		-3.487500
1677		-5.487500
1678		-4.437500
1679		-4.787500
1680		-3.550000
1681		-3.612500
1682		-2.437500
1683		-3.850000
1684		-3.437500
1685		-5.787500
1686		-3.662500
1687		-6.312500
1688		-5.375000
1689		-5.487500
1690		-6.250000
1691		-5.200000
1692		-5.375000
1693		-3.312500
1694		-3.612500
1695		-3.487500
1696		-2.725000
1697		-2.025000
1698		-0.787500
1699		0.212500
1700		1.150000
1701		1.687500
1702		3.212500
1703		2.562500
1704		4.212500
1705		5.150000
1706		5.325000
1707		6.975000
1708		7.325000
1709		7.675000
1710		8.325000
1711		9.025001
1712		8.437500
1713		7.850000
1714		8.500000
1715		8.262500
1716		7.625000
1717		7.562500
1718		8.262500
1719		8.737500
1720		10.500000
1721		10.087501
1722		10.675000
1723		11.087501
1724		11.087501
1725		11.500000
1726		11.675000
1727		12.850000
1728		13.200000
1729		13.737500
1730		14.325000
1731		14.962501
1732		15.087501
1733		16.437500
1734		17.262501
1735		17.850000
1736		17.787500
1737		19.087500
1738		19.087500
1739		19.962500
1740		20.087500
1741		18.850000
1742		18.325001
1743		17.550001
1744		18.025000
1745		18.912500
1746		18.437500
1747		19.200001
1748		18.550001
1749		17.912500
1750		18.850000
1751		17.325001
1752		17.612501
1753		17.962500
1754		17.912500
1755		18.725000
1756		19.025000
1757		20.087500
1758		20.725000
1759		22.087500
1760		23.025000
1761		23.787500
1762		23.612501
1763		23.612501
1764		25.200001
1765		25.075001
1766		25.550001
1767		24.962500
1768		22.787500
1769		21.850000
1770		21.675001
1771		20.725000
1772		22.787500
1773		22.262501
1774		23.200001
1775		21.675001
1776		22.262501
1777		20.550001
1778		20.550001
1779		20.787500
1780		20.962500
1781		21.962500
1782		23.612501
1783		24.312500
1784		25.375000
1785		26.662500
1786		28.025000
1787		28.425001
1788		29.250000
1789		28.900000
1790		29.375000
1791		28.962500
1792		29.312500
1793		29.612501
1794		29.375000
1795		29.312500
1796		28.900000
1797		29.012501
1798		29.250000
1799		28.900000
1800		28.487501
1801		27.725000
1802		26.837500
1803		25.725000
1804		25.025000
1805		24.075001
1806		25.250000
1807		24.075001
1808		23.850000
1809		23.787500
1810		23.850000
1811		23.900000
1812		24.662500
1813		26.025000
1814		26.837500
1815		27.025000
1816		27.137501
1817		25.612501
1818		26.250000
1819		25.550001
1820		26.487501
1821		27.550001
1822		29.375000
1823		29.012501
1824		28.787500
1825		28.312500
1826		27.550001
1827		27.075001
1828		26.375000
1829		24.487501
1830		24.787500
1831		24.612501
1832		24.025000
1833		23.437500
1834		23.550001
1835		21.850000
1836		21.375000
1837		20.787500
1838		20.500000
1839		19.500000
1840		19.675001
1841		20.200001
1842		19.500000
1843		19.550001
1844		18.675001
1845		20.087500
1846		20.675001
1847		21.550001
1848		21.487501
1849		21.787500
1850		21.962500
1851		21.137501
1852		21.312500
1853		21.375000
1854		21.550001
1855		21.550001
1856		21.312500
1857		21.675001
1858		21.437500
1859		21.262501
1860		20.375000
1861		19.962500
1862		17.962500
1863		17.262501
1864		14.962501
1865		16.087500
1866		13.850000
1867		16.137501
1868		14.325000
1869		14.025001
1870		11.087501
1871		12.737500
1872		11.562500
1873		11.975000
1874		11.262500
1875		11.975000
1876		10.912500
1877		11.912500
1878		10.800000
1879		10.975000
1880		9.025001
1881		9.850000
1882		7.625000
1883		8.087501
1884		5.800000
1885		7.912500
1886		7.325000
1887		7.562500
1888		6.212500
1889		7.087500
1890		5.037500
1891		6.087500
1892		3.912500
1893		4.800000
1894		4.675000
1895		3.212500
1896		3.500000
1897		3.737500
1898		2.325000
1899		1.975000
1900		0.625000
1901		1.275000
1902		-0.087500
1903		-0.900000
1904		-2.962500
1905		-2.137500
1906		-5.375000
1907		-5.025000
1908		-5.075000
1909		-5.837500
1910		-6.725000
1911		-4.137500
1912		-4.437500
1913		-3.850000
1914		-4.662500
1915		-4.137500
1916		-5.075000
1917		-4.962500
1918		-4.900000
1919		-3.025000
1920		-3.900000
1921		-2.137500
1922		-2.437500
1923		-3.787500
1924		-5.662500
1925		-6.025000
1926		-7.550000
1927		-8.425000
1928		-9.487500
1929		-9.787499
1930		-11.662499
1931		-11.137500
1932		-13.837500
1933		-14.662499
1934		-16.362499
1935		-15.012500
1936		-15.775000
1937		-12.900000
1938		-14.724999
1939		-13.837500
1940		-14.950000
1941		-14.775000
1942		-15.362500
1943		-14.837500
1944		-14.662499
1945		-12.837500
1946		-13.775000
1947		-13.312500
1948		-14.487500
1949		-14.662499
1950		-16.362499
1951		-17.125000
1952		-17.125000
1953		-18.362499
1954		-19.012501
1955		-18.250000
1956		-20.075001
1957		-19.075001
1958		-21.887501
1959		-22.662500
1960		-23.475000
1961		-23.775000
1962		-22.125000
1963		-21.950001
1964		-21.775000
1965		-20.712500
1966		-20.775000
1967		-22.600000
1968		-23.012501
1969		-22.537500
1970		-22.537500
1971		-24.600000
1972		-21.487499
1973		-22.125000
1974		-20.537500
1975		-20.775000
1976		-21.712500
1977		-21.362499
1978		-22.537500
1979		-23.125000
1980		-25.062500
1981		-24.775000
1982		-24.712500
1983		-24.600000
1984		-26.062500
1985		-24.125000
1986		-26.187500
1987		-27.125000
1988		-27.125000
1989		-26.537500
1990		-26.475000
1991		-25.062500
1992		-27.650000
1993		-26.362499
1994		-28.712500
1995		-27.125000
1996		-28.600000
1997		-29.712500
1998		-29.062500
1999		-28.537500
2000		-25.650000
2001		-25.475000
2002		-24.250000
2003		-25.125000
2004		-24.837500
2005		-26.650000
2006		-26.187500
2007		-27.187500
2008		-26.475000
2009		-27.712500
2010		-27.887501
2011		-27.775000
2012		-30.187500
2013		-32.125000
2014		-35.062500
2015		-32.775002
2016		-30.587500
2017		-29.125000
2018		-27.537500
2019		-24.950001
2020		-25.650000
2021		-26.712500
2022		-30.475000
2023		-31.475000
2024		-31.950001
2025		-28.237499
2026		-25.950001
2027		-24.012501
2028		-23.062500
2029		-24.250000
2030		-27.424999
2031		-30.587500
2032		-33.650002
2033		-33.712502
2034		-32.825001
2035		-29.125000
2036		-28.299999
2037		-27.424999
2038		-27.950001
2039		-27.475000
2040		-27.712500
2041		-25.600000
2042		-25.537500
2043		-22.362499
2044		-18.712500
2045		-18.837500
2046		-18.362499
2047		-19.600000
2048		-20.950001
2049		-21.712500
2050		-23.775000
2051		-21.662500
2052		-21.950001
2053		-19.775000
2054		-19.187500
2055		-20.250000
2056		-21.187500
2057		-21.662500
2058		-22.950001
2059		-21.250000
2060		-19.712500
2061		-15.250000
2062		-16.950001
2063		-15.312500
2064		-18.250000
2065		-17.424999
2066		-18.312500
2067		-20.600000
2068		-20.712500
2069		-19.487499
2070		-18.187500
2071		-15.950000
2072		-16.487499
2073		-15.662499
2074		-17.537500
2075		-18.125000
2076		-20.012501
2077		-19.900000
2078		-19.125000
2079		-17.075001
2080		-15.075000
2081		-12.837500
2082		-13.599999
2083		-12.425000
2084		-14.425000
2085		-12.012500
2086		-12.962500
2087		-11.599999
2088		-9.200000
2089		-10.075000
2090		-8.837500
2091		-10.075000
2092		-12.075000
2093		-9.787499
2094		-9.837500
2095		-10.787499
2096		-10.550000
2097		-11.550000
2098		-11.550000
2099		-12.425000
2100		-11.250000
2101		-11.775000
2102		-12.250000
2103		-11.837500
2104		-11.137500
2105		-10.550000
2106		-10.200000
2107		-8.662499
2108		-7.725000
2109		-7.025000
2110		-4.487500
2111		-5.375000
2112		-5.375000
2113		-4.075000
2114		-1.375000
2115		-0.900000
2116		-0.900000
2117		-1.487500
2118		-2.137500
2119		-3.487500
2120		-3.025000
2121		-3.262500
2122		-4.962500
2123		-3.662500
2124		-2.487500
2125		-3.612500
2126		-3.725000
2127		-4.312500
2128		-5.075000
2129		-6.962500
2130		-4.075000
2131		-4.900000
2132		-2.850000
2133		-3.725000
2134		-1.725000
2135		-2.137500
2136		-0.612500
2137		-1.850000
2138		-0.087500
2139		0.212500
2140		1.737500
2141		1.975000
2142		2.862500
2143		3.150000
2144		3.500000
2145		3.450000
2146		3.150000
2147		2.037500
2148		3.212500
2149		1.737500
2150		3.625000
2151		3.325000
2152		4.625000
2153		4.212500
2154		4.562500
2155		2.325000
2156		3.150000
2157		2.212500
2158		3.037500
2159		1.975000
2160		3.037500
2161		2.862500
2162		5.037500
2163		4.037500
2164		4.387500
2165		5.562500
2166		5.675000
2167		6.675000
2168		8.437500
2169		7.675000
2170		9.675000
2171		10.150001
2172		11.150001
2173		10.087501
2174		12.850000
2175		12.437500
2176		13.325000
2177		13.787500
2178		14.962501
2179		13.737500
2180		15.200000
2181		14.500000
2182		15.262500
2183		14.787500
2184		14.375000
2185		14.325000
2186		14.675000
2187		12.975000
2188		15.850000
2189		15.612500
2190		15.675000
2191		16.262501
2192		16.200001
2193		16.137501
2194		15.612500
2195		17.500000
2196		15.912500
2197		15.087501
2198		17.675001
2199		17.725000
2200		18.787500
2201		19.375000
2202		19.312500
2203		20.375000
2204		20.550001
2205		21.262501
2206		20.900000
2207		21.725000
2208		20.262501
2209		21.025000
2210		19.962500
2211		19.500000
2212		18.262501
2213		17.500000
2214		18.087500
2215		19.200001
2216		18.437500
2217		18.550001
2218		18.087500
2219		18.725000
2220		17.437500
2221		18.137501
2222		17.325001
2223		17.725000
2224		17.437500
2225		18.200001
2226		18.675001
2227		20.962500
2228		20.962500
2229		21.962500
2230		22.025000
2231		23.375000
2232		23.075001
2233		23.787500
2234		24.437500
2235		25.487501
2236		23.550001
2237		22.550001
2238		21.375000
2239		20.850000
2240		20.262501
2241		21.375000
2242		21.087500
2243		21.850000
2244		20.787500
2245		20.850000
2246		20.137501
2247		18.787500
2248		20.137501
2249		20.675001
2250		21.312500
2251		21.900000
2252		22.550001
2253		24.200001
2254		24.075001
2255		26.437500
2256		27.425001
2257		27.900000
2258		28.900000
2259		28.075001
2260		28.025000
2261		28.550001
2262		27.725000
2263		28.550001
2264		27.375000
2265		27.962500
2266		27.250000
2267		27.075001
2268		27.075001
2269		27.837500
2270		26.725000
2271		25.612501
2272		23.662500
2273		24.787500
2274		23.375000
2275		22.550001
2276		23.025000
2277		23.075001
2278		22.787500
2279		21.375000
2280		22.725000
2281		23.375000
2282		23.850000
2283		24.900000
2284		25.550001
2285		25.250000
2286		25.250000
2287		24.900000
2288		25.250000
2289		25.850000
2290		26.137501
2291		27.025000
2292		27.612501
2293		27.250000
2294		27.550001
2295		26.662500
2296		25.962500
2297		24.962500
2298		25.137501
2299		23.662500
2300		23.312500
2301		23.487501
2302		21.725000
2303		21.675001
2304		20.962500
2305		19.437500
2306		19.900000
2307		18.550001
2308		18.200001
2309		17.262501
2310		18.137501
2311		17.725000
2312		17.612501
2313		18.200001
2314		17.912500
2315		18.200001
2316		19.437500
2317		19.262501
2318		20.200001
2319		18.787500
2320		20.262501
2321		19.850000
2322		20.137501
2323		19.725000
2324		19.725000
2325		19.675001
2326		21.137501
2327		19.787500
2328		20.087500
2329		19.612501
2330		18.325001
2331		16.850000
2332		16.850000
2333		16.437500
2334		15.550000
2335		14.912500
2336		14.375000
2337		14.150001
2338		13.437500
2339		12.150001
2340		11.975000
2341		11.850000
2342		11.912500
2343		12.200000
2344		12.737500
2345		12.375000
2346		11.912500
2347		11.562500
2348		11.025001
2349		7.912500
2350		9.800000
2351		8.612500
2352		9.387500
2353		8.212501
2354		9.025001
2355		8.800000
2356		8.325000
2357		6.975000
2358		7.912500
2359		6.675000
2360		7.625000
2361		7.912500
2362		7.262500
2363		7.850000
2364		7.737500
2365		6.912500
2366		6.150000
2367		5.450000
2368		5.150000
2369		4.212500
2370		4.087500
2371		3.737500
2372		1.275000
2373		1.387500
2374		-0.675000
2375		-1.137500
2376		-2.850000
2377		-1.787500
2378		-3.437500
2379		-2.612500
2380		-1.200000
2381		-0.437500
2382		-1.962500
2383		-0.675000
2384		-2.550000
2385		-1.725000
2386		-2.137500
2387		-0.087500
2388		0.975000
2389		2.212500
2390		2.562500
2391		3.450000
2392		1.325000
2393		0.862500
2394		-1.262500
2395		-1.200000
2396		-3.962500
2397		-4.137500
2398		-4.437500
2399		-5.075000
2400		-7.025000
2401		-7.612500
2402		-10.075000
2403		-10.312500
2404		-11.550000
2405		-9.787499
2406		-8.900000
2407		-8.075000
2408		-8.312500
2409		-7.962500
2410		-8.425000
2411		-8.250000
2412		-9.487500
2413		-9.662499
2414		-8.250000
2415		-6.075000
2416		-7.375000
2417		-6.662500
2418		-8.312500
2419		-10.012500
2420		-12.487500
2421		-10.900000
2422		-12.550000
2423		-11.550000
2424		-12.775000
2425		-12.837500
2426		-14.950000
2427		-15.012500
2428		-16.075001
2429		-16.362499
2430		-17.424999
2431		-16.775000
2432		-16.837500
2433		-15.075000
2434		-15.187500
2435		-14.250000
2436		-15.599999
2437		-16.187500
2438		-16.487499
2439		-17.362499
2440		-16.775000
2441		-15.312500
2442		-16.012501
2443		-14.900000
2444		-15.362500
2445		-15.187500
2446		-15.425000
2447		-15.775000
2448		-17.012501
2449		-18.012501
2450		-18.712500
2451		-18.662500
2452		-20.125000
2453		-19.012501
2454		-19.900000
2455		-19.600000
2456		-22.075001
2457		-21.537500
2458		-20.887501
2459		-21.775000
2460		-21.837500
2461		-21.950001
2462		-21.187500
2463		-21.537500
2464		-23.125000
2465		-22.837500
2466		-24.062500
2467		-24.012501
2468		-21.775000
2469		-21.187500
2470		-19.775000
2471		-17.837500
2472		-18.012501
2473		-17.662500
2474		-18.837500
2475		-19.487499
2476		-20.662500
2477		-20.187500
2478		-19.299999
2479		-20.299999
2480		-22.187500
2481		-23.125000
2482		-25.012501
2483		-26.062500
2484		-26.362499
2485		-25.424999
2486		-22.537500
2487		-21.775000
2488		-19.900000
2489		-19.600000
2490		-22.250000
2491		-23.837500
2492		-25.362499
2493		-25.475000
2494		-22.712500
2495		-20.600000
2496		-18.075001
2497		-17.662500
2498		-18.424999
2499		-22.475000
2500		-24.712500
2501		-27.950001
2502		-27.650000
2503		-26.237499
2504		-25.299999
2505		-21.837500
2506		-19.012501
2507		-21.712500
2508		-22.362499
2509		-22.075001
2510		-21.424999
2511		-20.537500
2512		-17.537500
2513		-15.362500
2514		-13.487500
2515		-15.312500
2516		-16.187500
2517		-18.312500
2518		-18.900000
2519		-19.250000
2520		-18.900000
2521		-17.725000
2522		-16.775000
2523		-16.075001
2524		-16.250000
2525		-19.125000
2526		-19.250000
2527		-21.187500
2528		-19.775000
2529		-17.950001
2530		-15.662499
2531		-13.837500
2532		-13.312500
2533		-16.075001
2534		-16.487499
2535		-19.487499
2536		-19.900000
2537		-18.187500
2538		-19.424999
2539		-17.662500
2540		-15.487500
2541		-13.900000
2542		-16.487499
2543		-18.125000
2544		-19.712500
2545		-21.424999
2546		-21.125000
2547		-20.950001
2548		-20.299999
2549		-17.075001
2550		-16.137501
2551		-15.187500
2552		-14.775000
2553		-17.075001
2554		-15.537499
2555		-15.537499
2556		-14.837500
2557		-13.250000
2558		-13.599999
2559		-14.137500
2560		-14.662499
2561		-14.425000
2562		-15.187500
2563		-16.424999
2564		-15.487500
2565		-15.537499
2566		-15.662499
2567		-15.837500
2568		-16.312500
2569		-17.125000
2570		-17.487499
2571		-16.487499
2572		-16.950001
2573		-15.900000
2574		-16.424999
2575		-15.425000
2576		-15.075000
2577		-12.250000
2578		-12.662499
2579		-11.375000
2580		-10.662499
2581		-9.375000
2582		-10.200000
2583		-9.425000
2584		-8.425000
2585		-6.250000
2586		-8.137500
2587		-7.025000
2588		-9.900000
2589		-10.375000
2590		-10.900000
2591		-10.662499
2592		-9.375000
2593		-10.425000
2594		-9.599999
2595		-10.375000
2596		-11.187500
2597		-12.550000
2598		-12.075000
2599		-12.137500
2600		-10.900000
2601		-11.187500
2602		-10.487500
2603		-9.837500
2604		-8.425000
2605		-8.012500
2606		-5.375000
2607		-7.962500
2608		-6.137500
2609		-3.725000
2610		-5.787500
2611		-3.725000
2612		-3.725000
2613		-2.900000
2614		-2.375000
2615		-2.200000
2616		-2.962500
2617		-2.137500
2618		-3.612500
2619		-2.312500
2620		-4.200000
2621		-2.850000
2622		-3.850000
2623		-2.262500
2624		-4.025000
2625		-3.075000
2626		-3.550000
2627		-4.375000
2628		-3.900000
2629		-4.375000
2630		-4.850000
2631		-4.200000
2632		-2.437500
2633		-2.850000
2634		-1.550000
2635		0.150000
2636		1.087500
2637		1.687500
2638		1.450000
2639		1.862500
2640		2.450000
2641		2.150000
2642		4.562500
2643		4.500000
2644		5.262500
2645		6.150000
2646		7.737500
2647		5.387500
2648		8.612500
2649		6.262500
2650		8.025001
2651		7.150000
2652		8.562500
2653		6.387500
2654		7.975000
2655		7.037500
2656		7.737500
2657		6.387500
2658		7.087500
2659		7.800000
2660		6.975000
2661		7.325000
2662		9.212501
2663		7.912500
2664		8.737500
2665		9.675000
2666		8.800000
2667		9.150001
2668		7.675000
2669		11.262500
2670		10.850000
2671		11.975000
2672		11.325000
2673		14.325000
2674		11.737500
2675		12.850000
2676		11.437500
2677		13.200000
2678		12.975000
2679		13.437500
2680		11.975000
2681		12.562500
2682		11.850000
2683		12.262500
2684		11.975000
2685		11.500000
2686		11.437500
2687		12.612500
2688		11.975000
2689		12.975000
2690		12.375000
2691		14.025001
2692		10.975000
2693		14.962501
2694		12.500000
2695		13.787500
2696		14.675000
2697		16.850000
2698		17.137501
2699		18.137501
2700		17.725000
2701		19.087500
2702		18.912500
2703		20.437500
2704		19.675001
2705		19.725000
2706		19.675001
2707		19.087500
2708		16.437500
2709		18.200001
2710		18.612501
2711		18.375000
2712		19.787500
2713		20.087500
2714		18.787500
2715		19.137501
2716		18.137501
2717		18.962500
2718		18.612501
2719		20.087500
2720		21.262501
2721		21.675001
2722		23.137501
2723		24.075001
2724		25.662500
2725		27.025000
2726		27.550001
2727		28.487501
2728		28.075001
2729		28.725000
2730		28.612501
2731		28.250000
2732		28.375000
2733		28.725000
2734		28.025000
2735		28.312500
2736		28.312500
2737		28.787500
2738		28.375000
2739		27.312500
2740		26.962500
2741		26.250000
2742		25.137501
2743		24.312500
2744		24.262501
2745		23.437500
2746		23.200001
2747		23.025000
2748		23.025000
2749		23.262501
2750		23.137501
2751		24.375000
2752		25.200001
2753		25.375000
2754		25.200001
2755		25.375000
2756		24.900000
2757		24.962500
2758		24.850000
2759		27.075001
2760		27.487501
2761		28.250000
2762		28.200001
2763		26.900000
2764		27.075001
2765		26.725000
2766		25.025000
2767		25.850000
2768		24.487501
2769		23.787500
2770		22.725000
2771		23.437500
2772		22.200001
2773		22.312500
2774		20.500000
2775		20.787500
2776		19.312500
2777		19.675001
2778		18.612501
2779		19.612501
2780		18.437500
2781		18.437500
2782		18.550001
2783		18.787500
2784		19.375000
2785		20.312500
2786		20.675001
2787		22.262501
2788		21.137501
2789		21.612501
2790		21.675001
2791		21.487501
2792		21.087500
2793		21.262501
2794		22.200001
2795		22.025000
2796		22.312500
2797		21.675001
2798		21.025000
2799		20.087500
2800		19.787500
2801		18.500000
2802		18.725000
2803		17.437500
2804		17.200001
2805		16.737501
2806		15.850000
2807		15.087501
2808		14.912500
2809		14.150001
2810		14.262500
2811		13.150001
2812		14.262500
2813		13.437500
2814		14.675000
2815		13.787500
2816		13.612500
2817		12.562500
2818		11.562500
2819		10.975000
2820		10.500000
2821		10.200000
2822		11.437500
2823		10.150001
2824		10.562500
2825		9.087501
2826		9.212501
2827		8.800000
2828		9.612500
2829		8.562500
2830		9.675000
2831		9.737500
2832		9.387500
2833		8.087501
2834		8.437500
2835		8.262500
2836		7.975000
2837		7.037500
2838		6.912500
2839		6.262500
2840		5.850000
2841		5.562500
2842		5.325000
2843		2.737500
2844		2.325000
2845		0.737500
2846		0.975000
2847		0.212500
2848		0.325000
2849		0.975000
2850		2.212500
2851		1.737500
2852		2.625000
2853		1.912500
2854		1.562500
2855		0.500000
2856		1.912500
2857		2.150000
2858		3.275000
2859		3.737500
2860		4.500000
2861		3.387500
2862		2.212500
2863		0.212500
2864		-1.787500
2865		-3.025000
2866		-4.137500
2867		-4.200000
2868		-4.487500
2869		-6.200000
2870		-7.375000
2871		-9.837500
2872		-10.012500
2873		-13.837500
2874		-11.550000
2875		-11.137500
2876		-10.075000
2877		-11.375000
2878		-9.137500
2879		-10.962500
2880		-10.425000
2881		-12.075000
2882		-11.775000
2883		-10.662499
2884		-11.487500
2885		-10.787499
2886		-11.487500
2887		-11.250000
2888		-12.075000
2889		-13.962500
2890		-14.362500
2891		-16.187500
2892		-16.250000
2893		-17.312500
2894		-18.487499
2895		-18.837500
2896		-19.012501
2897		-19.950001
2898		-21.537500
2899		-21.487499
2900		-23.362499
2901		-21.299999
2902		-20.950001
2903		-20.775000
2904		-21.662500
2905		-20.837500
2906		-22.299999
2907		-21.125000
2908		-23.537500
2909		-21.487499
2910		-22.775000
2911		-23.012501
2912		-22.662500
2913		-21.950001
2914		-22.600000
2915		-20.662500
2916		-23.250000
2917		-21.887501
2918		-25.712500
2919		-24.012501
2920		-26.775000
2921		-25.362499
2922		-25.650000
2923		-25.775000
2924		-27.537500
2925		-26.237499
2926		-27.062500
2927		-26.362499
2928		-28.825001
2929		-28.712500
2930		-27.237499
2931		-27.299999
2932		-27.650000
2933		-28.062500
2934		-28.412500
2935		-28.600000
2936		-30.000000
2937		-28.187500
2938		-28.187500
2939		-26.062500
2940		-23.299999
2941		-23.250000
2942		-23.424999
2943		-25.537500
2944		-24.424999
2945		-27.424999
2946		-26.712500
2947		-26.187500
2948		-27.600000
2949		-26.775000
2950		-30.187500
2951		-30.950001
2952		-32.650002
2953		-31.650000
2954		-32.825001
2955		-28.412500
2956		-28.012501
2957		-25.362499
2958		-26.650000
2959		-27.187500
2960		-29.600000
2961		-31.412500
2962		-32.412498
2963		-30.475000
2964		-28.062500
2965		-25.950001
2966		-24.250000
2967		-24.537500
2968		-27.062500
2969		-30.887501
2970		-33.762501
2971		-35.587502
2972		-34.412498
2973		-31.537500
2974		-30.187500
2975		-26.475000
2976		-28.237499
2977		-28.537500
2978		-29.187500
2979		-27.237499
2980		-26.424999
2981		-22.950001
2982		-21.187500
2983		-20.837500
2984		-20.600000
2985		-22.662500
2986		-23.837500
2987		-24.475000
2988		-25.475000
2989		-25.012501
2990		-23.299999
2991		-23.837500
2992		-22.424999
2993		-23.837500
2994		-23.424999
2995		-26.187500
2996		-26.650000
2997		-27.299999
2998		-23.950001
2999		-22.662500
3000		-18.900000
3001		-20.600000
3002		-19.424999
3003		-22.075001
3004		-24.424999
3005		-25.362499
3006		-26.187500
3007		-25.775000
3008		-23.125000
3009		-22.537500
3010		-20.662500
3011		-22.662500
3012		-21.662500
3013		-23.837500
3014		-25.600000
3015		-28.012501
3016		-24.475000
3017		-24.424999
3018		-22.712500
3019		-19.362499
3020		-19.075001
3021		-19.299999
3022		-19.600000
3023		-20.362499
3024		-17.837500
3025		-17.900000
3026		-17.187500
3027		-16.537500
3028		-16.187500
3029		-16.662500
3030		-15.599999
3031		-17.537500
3032		-17.362499
3033		-16.950001
3034		-16.662500
3035		-16.662500
3036		-16.837500
3037		-18.075001
3038		-17.837500
3039		-18.250000
3040		-15.599999
3041		-15.187500
3042		-16.187500
3043		-14.724999
3044		-13.599999
3045		-14.187500
3046		-10.250000
3047		-10.200000
3048		-8.075000
3049		-9.599999
3050		-7.075000
3051		-6.662500
3052		-5.200000
3053		-5.437500
3054		-6.200000
3055		-5.787500
3056		-4.250000
3057		-6.200000
3058		-4.850000
3059		-8.137500
3060		-6.487500
3061		-6.375000
3062		-5.375000
3063		-5.200000
3064		-5.787500
3065		-7.550000
3066		-6.787500
3067		-6.787500
3068		-7.837500
3069		-8.137500
3070		-7.137500
3071		-5.662500
3072		-4.962500
3073		-5.075000
3074		-3.612500
3075		-2.550000
3076		-1.850000
3077		-0.675000
3078		-0.850000
3079		0.100000
3080		1.325000
3081		2.037500
3082		2.500000
3083		2.037500
3084		3.275000
3085		3.275000
3086		2.975000
3087		2.862500
3088		3.862500
3089		2.212500
3090		3.212500
3091		3.150000
3092		2.912500
3093		3.625000
3094		3.325000
3095		2.975000
3096		3.800000
3097		2.737500
3098		1.687500
3099		2.275000
3100		3.325000
3101		3.150000
3102		3.737500
3103		4.037500
3104		6.325000
3105		7.150000
3106		7.912500
3107		8.025001
3108		8.562500
3109		8.325000
3110		9.150001
3111		10.262500
3112		10.437500
3113		11.387500
3114		12.375000
3115		13.150001
3116		13.437500
3117		12.850000
3118		14.562500
3119		14.500000
3120		14.962501
3121		13.737500
3122		14.325000
3123		13.200000
3124		12.912500
3125		13.850000
3126		12.737500
3127		13.150001
3128		12.975000
3129		13.437500
3130		15.262500
3131		14.087501
3132		14.562500
3133		14.612500
3134		15.200000
3135		16.325001
3136		15.850000
3137		16.025000
3138		16.375000
3139		16.962500
3140		18.850000
3141		18.962500
3142		20.200001
3143		20.612501
3144		21.087500
3145		21.262501
3146		20.675001
3147		20.675001
3148		21.375000
3149		19.550001
3150		20.787500
3151		20.025000
3152		19.312500
3153		20.725000
3154		20.262501
3155		20.262501
3156		19.900000
3157		20.612501
3158		19.675001
3159		19.725000
3160		20.787500
3161		18.675001
3162		19.962500
3163		20.262501
3164		22.262501
3165		21.437500
3166		23.550001
3167		24.025000
3168		25.900000
3169		24.612501
3170		26.612501
3171		25.487501
3172		26.662500
3173		27.550001
3174		27.487501
3175		26.375000
3176		25.375000
3177		24.850000
3178		24.787500
3179		22.262501
3180		26.250000
3181		25.200001
3182		26.550001
3183		24.550001
3184		25.250000
3185		23.437500
3186		26.137501
3187		24.200001
3188		26.962500
3189		25.900000
3190		28.662500
3191		27.312500
3192		30.200001
3193		29.375000
3194		31.250000
3195		32.137501
3196		34.012501
3197		34.075001
3198		33.375000
3199		32.837502
3200		33.724998
3201		31.137501
3202		31.425001
3203		31.075001
3204		30.962500
3205		30.200001
3206		30.787500
3207		30.137501
3208		28.787500
3209		28.200001
3210		27.425001
3211		25.250000
3212		24.900000
3213		24.612501
3214		24.900000
3215		24.612501
3216		23.725000
3217		23.075001
3218		23.900000
3219		23.487501
3220		23.437500
3221		23.725000
3222		24.850000
3223		24.200001
3224		24.075001
3225		23.550001
3226		24.312500
3227		24.612501
3228		26.375000
3229		26.375000
3230		27.375000
3231		27.612501
3232		27.375000
3233		27.550001
3234		26.787500
3235		24.962500
3236		24.312500
3237		24.375000
3238		23.312500
3239		23.550001
3240		22.612501
3241		21.137501
3242		21.262501
3243		20.087500
3244		19.137501
3245		18.962500
3246		18.612501
3247		18.550001
3248		18.725000
3249		17.025000
3250		15.962501
3251		17.200001
3252		17.675001
3253		18.675001
3254		19.262501
3255		20.262501
3256		19.900000
3257		19.962500
3258		20.550001
3259		20.612501
3260		19.675001
3261		20.087500
3262		19.787500
3263		20.675001
3264		20.500000
3265		21.612501
3266		21.137501
3267		20.262501
3268		19.500000
3269		18.500000
3270		17.550001
3271		17.087500
3272		15.550000
3273		15.737500
3274		15.500000
3275		16.087500
3276		14.375000
3277		14.087501
3278		13.025001
3279		12.850000
3280		12.375000
3281		12.562500
3282		12.975000
3283		13.437500
3284		11.562500
3285		12.325000
3286		11.562500
3287		10.800000
3288		10.200000
3289		10.087501
3290		9.800000
3291		9.500000
3292		9.087501
3293		9.212501
3294		7.975000
3295		7.975000
3296		8.437500
3297		7.625000
3298		7.850000
3299		8.912500
3300		7.737500
3301		8.087501
3302		8.025001
3303		7.500000
3304		7.037500
3305		7.212500
3306		5.975000
3307		4.800000
3308		4.037500
3309		4.450000
3310		3.625000
3311		2.912500
3312		1.737500
3313		0.500000
3314		-1.437500
3315		-1.312500
3316		-2.312500
3317		-2.075000
3318		-0.962500
3319		-0.375000
3320		-0.087500
3321		0.212500
3322		-0.900000
3323		-0.962500
3324		-1.375000
3325		-0.962500
3326		0.037500
3327		0.975000
3328		2.387500
3329		3.150000
3330		2.150000
3331		2.037500
3332		-0.025000
3333		-1.200000
3334		-3.312500
3335		-4.375000
3336		-4.025000
3337		-4.487500
3338		-6.250000
3339		-7.612500
3340		-8.425000
3341		-10.599999
3342		-11.250000
3343		-11.837500
3344		-11.137500
3345		-10.662499
3346		-9.787499
3347		-10.012500
3348		-9.724999
3349		-10.487500
3350		-10.724999
3351		-10.312500
3352		-9.425000
3353		-9.425000
3354		-8.962500
3355		-8.012500
3356		-8.375000
3357		-10.599999
3358		-11.250000
3359		-13.250000
3360		-13.900000
3361		-13.900000
3362		-14.662499
3363		-14.900000
3364		-15.312500
3365		-17.187500
3366		-16.075001
3367		-18.712500
3368		-18.662500
3369		-19.712500
3370		-18.662500
3371		-18.900000
3372		-18.312500
3373		-18.900000
3374		-19.012501
3375		-19.424999
3376		-18.537500
3377		-20.012501
3378		-19.299999
3379		-19.424999
3380		-17.950001
3381		-18.775000
3382		-18.187500
3383		-17.725000
3384		-17.775000
3385		-18.712500
3386		-18.424999
3387		-18.012501
3388		-19.424999
3389		-19.299999
3390		-19.775000
3391		-19.662500
3392		-21.537500
3393		-20.600000
3394		-21.775000
3395		-22.250000
3396		-22.075001
3397		-21.837500
3398		-21.662500
3399		-22.250000
3400		-22.950001
3401		-22.662500
3402		-24.424999
3403		-23.125000
3404		-24.475000
3405		-24.600000
3406		-23.012501
3407		-21.537500
3408		-21.537500
3409		-18.950001
3410		-18.537500
3411		-18.012501
3412		-19.187500
3413		-19.712500
3414		-20.362499
3415		-20.362499
3416		-20.187500
3417		-19.775000
3418		-20.662500
3419		-22.837500
3420		-24.424999
3421		-25.887501
3422		-28.125000
3423		-25.424999
3424		-24.012501
3425		-22.775000
3426		-21.250000
3427		-20.012501
3428		-19.487499
3429		-22.187500
3430		-24.775000
3431		-24.299999
3432		-24.424999
3433		-22.950001
3434		-19.775000
3435		-17.837500
3436		-17.600000
3437		-20.187500
3438		-22.362499
3439		-26.950001
3440		-28.775000
3441		-28.537500
3442		-27.537500
3443		-24.600000
3444		-22.362499
3445		-21.187500
3446		-21.537500
3447		-21.362499
3448		-22.299999
3449		-21.125000
3450		-20.362499
3451		-17.312500
3452		-15.487500
3453		-14.012500
3454		-16.012501
3455		-16.775000
3456		-19.712500
3457		-19.950001
3458		-20.887501
3459		-19.537500
3460		-19.075001
3461		-17.900000
3462		-18.012501
3463		-17.725000
3464		-20.075001
3465		-21.712500
3466		-21.487499
3467		-18.600000
3468		-17.187500
3469		-17.250000
3470		-14.487500
3471		-13.312500
3472		-16.250000
3473		-17.250000
3474		-19.662500
3475		-19.487499
3476		-20.887501
3477		-17.312500
3478		-15.950000
3479		-15.137500
3480		-15.599999
3481		-15.075000
3482		-17.600000
3483		-18.250000
3484		-20.012501
3485		-20.362499
3486		-17.125000
3487		-16.312500
3488		-14.187500
3489		-13.137500
3490		-12.550000
3491		-11.775000
3492		-13.724999
3493		-13.962500
3494		-11.962500
3495		-11.662499
3496		-10.200000
3497		-7.837500
3498		-9.724999
3499		-9.724999
3500		-10.787499
3501		-10.787499
3502		-11.075000
3503		-10.012500
3504		-11.962500
3505		-11.075000
3506		-11.375000
3507		-10.837500
3508		-11.775000
3509		-11.775000
3510		-12.487500
3511		-10.599999
3512		-11.775000
3513		-10.250000
3514		-9.312500
3515		-8.012500
3516		-6.487500
3517		-6.250000
3518		-6.137500
3519		-4.200000
3520		-3.312500
3521		-3.550000
3522		-0.312500
3523		-1.675000
3524		-0.787500
3525		-1.725000
3526		-2.075000
3527		-3.487500
3528		-3.725000
3529		-5.312500
3530		-4.850000
3531		-3.312500
3532		-3.025000
3533		-3.900000
3534		-5.075000
3535		-7.662500
3536		-5.612500
3537		-7.137500
3538		-6.375000
3539		-6.725000
3540		-6.375000
3541		-7.425000
3542		-4.437500
3543		-4.787500
3544		-4.787500
3545		-4.487500
3546		-1.850000
3547		-1.137500
3548		-1.725000
3549		-1.612500
3550		-1.200000
3551		-0.200000
3552		0.862500
3553		0.800000
3554		-0.675000
3555		-1.262500
3556		-0.675000
3557		0.450000
3558		-0.025000
3559		-0.725000
3560		-0.787500
3561		-0.675000
3562		0.100000
3563		-1.725000
3564		-1.962500
3565		-3.025000
3566		-1.200000
3567		-3.025000
3568		-2.262500
3569		-1.787500
3570		-1.787500
3571		-1.200000
3572		1.150000
3573		0.862500
3574		1.687500
3575		1.325000
3576		2.862500
3577		3.325000
3578		3.087500
3579		4.150000
3580		3.737500
3581		4.037500
3582		5.850000
3583		6.150000
3584		6.850000
3585		8.150001
3586		8.087501
3587		8.975000
3588		7.562500
3589		8.150001
3590		6.500000
3591		6.975000
3592		7.037500
3593		5.212500
3594		5.850000
3595		5.500000
3596		6.975000
3597		6.500000
3598		7.037500
3599		8.087501
3600		7.675000
3601		8.612500
3602		6.262500
3603		9.612500
3604		8.612500
3605		10.500000
3606		9.150001
3607		10.800000
3608		8.912500
3609		11.975000
3610		11.437500
3611		14.675000
3612		13.500000
3613		15.025001
3614		14.737500
3615		16.437500
3616		13.962501
3617		15.325000
3618		13.025001
3619		14.025001
3620		11.912500
3621		14.737500
3622		13.500000
3623		14.962501
3624		14.262500
3625		14.025001
3626		14.850000
3627		13.150001
3628		14.025001
3629		13.737500
3630		13.912500
3631		13.025001
3632		14.787500
3633		14.150001
3634		16.262501
3635		15.675000
3636		17.500000
3637		18.087500
3638		19.087500
3639		19.025000
3640		19.500000
3641		20.550001
3642		21.375000
3643		20.962500
3644		20.200001
3645		19.612501
3646		18.612501
3647		16.375000
3648		19.312500
3649		17.325001
3650		18.025000
3651		17.612501
3652		18.912500
3653		17.262501
3654		16.087500
3655		14.375000
3656		16.550001
3657		16.325001
3658		16.375000
3659		19.900000
3660		20.675001
3661		20.725000
3662		22.725000
3663		23.312500
3664		23.487501
3665		23.787500
3666		24.900000
3667		23.312500
3668		25.662500
3669		23.725000
3670		25.550001
3671		24.200001
3672		25.662500
3673		22.787500
3674		23.612501
3675		22.550001
3676		22.550001
3677		22.375000
3678		21.550001
3679		21.087500
3680		19.675001
3681		17.912500
3682		18.787500
3683		17.437500
3684		16.675001
3685		17.025000
3686		17.137501
3687		16.262501
3688		18.850000
3689		17.375000
3690		19.312500
3691		19.025000
3692		19.962500
3693		18.200001
3694		19.675001
3695		18.500000
3696		19.025000
3697		20.962500
3698		21.200001
3699		22.900000
3700		23.487501
3701		23.025000
3702		23.312500
3703		22.550001
3704		22.437500
3705		20.900000
3706		21.375000
3707		21.137501
3708		20.675001
3709		19.900000
3710		19.850000
3711		18.437500
3712		17.912500
3713		17.612501
3714		16.850000
3715		16.137501
3716		16.437500
3717		15.787500
3718		16.025000
3719		16.025000
3720		15.962501
3721		16.550001
3722		17.787500
3723		17.962500
3724		20.262501
3725		20.200001
3726		20.612501
3727		19.850000
3728		20.500000
3729		19.612501
3730		20.312500
3731		20.262501
3732		20.850000
3733		20.787500
3734		21.550001
3735		21.725000
3736		21.675001
3737		20.262501
3738		19.725000
3739		17.962500
3740		17.850000
3741		16.962500
3742		16.500000
3743		17.025000
3744		16.962500
3745		15.612500
3746		15.200000
3747		14.612500
3748		14.375000
3749		13.025001
3750		13.150001
3751		12.437500
3752		13.500000
3753		13.325000
3754		13.200000
3755		11.737500
3756		11.912500
3757		10.562500
3758		11.150001
3759		10.025001
3760		9.562500
3761		9.387500
3762		10.675000
3763		10.387500
3764		9.562500
3765		9.500000
3766		8.387500
3767		7.975000
3768		7.625000
3769		8.500000
3770		8.325000
3771		8.737500
3772		8.850000
3773		8.150001
3774		7.912500
3775		6.262500
3776		5.500000
3777		5.087500
3778		5.087500
3779		4.625000
3780		3.862500
3781		3.275000
3782		2.212500
3783		1.450000
3784		0.387500
3785		0.500000
3786		-0.087500
3787		0.862500
3788		1.275000
3789		1.450000
3790		3.450000
3791		1.912500
3792		1.500000
3793		0.687500
3794		0.387500
3795		2.450000
3796		2.675000
3797		4.262500
3798		4.975000
3799		4.737500
3800		3.975000
3801		2.975000
3802		1.325000
3803		-0.675000
3804		-2.200000
3805		-2.437500
3806		-3.312500
3807		-3.962500
3808		-4.787500
3809		-5.662500
3810		-7.900000
3811		-9.012500
3812		-9.837500
3813		-9.375000
3814		-8.837500
3815		-7.900000
3816		-7.837500
3817		-7.787500
3818		-8.012500
3819		-7.900000
3820		-9.787499
3821		-7.962500
3822		-7.425000
3823		-7.425000
3824		-6.662500
3825		-6.662500
3826		-8.425000
3827		-9.425000
3828		-10.200000
3829		-11.250000
3830		-10.662499
3831		-12.375000
3832		-12.550000
3833		-12.312500
3834		-13.962500
3835		-14.724999
3836		-15.950000
3837		-16.137501
3838		-17.250000
3839		-16.137501
3840		-16.075001
3841		-15.837500
3842		-14.775000
3843		-15.362500
3844		-16.250000
3845		-16.662500
3846		-16.075001
3847		-16.075001
3848		-16.725000
3849		-15.950000
3850		-15.312500
3851		-16.537500
3852		-15.312500
3853		-15.137500
3854		-15.250000
3855		-15.950000
3856		-15.775000
3857		-17.487499
3858		-18.125000
3859		-17.424999
3860		-17.725000
3861		-19.012501
3862		-18.075001
3863		-21.250000
3864		-20.887501
3865		-22.125000
3866		-22.075001
3867		-22.475000
3868		-22.475000
3869		-22.424999
3870		-22.837500
3871		-24.475000
3872		-23.712500
3873		-25.600000
3874		-23.537500
3875		-26.062500
3876		-24.887501
3877		-23.475000
3878		-20.775000
3879		-21.837500
3880		-19.775000
3881		-21.487499
3882		-20.537500
3883		-23.062500
3884		-22.712500
3885		-22.125000
3886		-21.837500
3887		-24.062500
3888		-24.537500
3889		-27.712500
3890		-29.062500
3891		-30.537500
3892		-29.600000
3893		-30.537500
3894		-27.537500
3895		-27.887501
3896		-23.712500
3897		-24.600000
3898		-24.775000
3899		-30.237499
3900		-29.712500
3901		-31.950001
3902		-29.825001
3903		-27.362499
3904		-24.887501
3905		-22.537500
3906		-23.125000
3907		-26.362499
3908		-30.775000
3909		-33.825001
3910		-34.762501
3911		-35.174999
3912		-31.062500
3913		-30.475000
3914		-27.012501
3915		-27.950001
3916		-28.537500
3917		-28.125000
3918		-27.362499
3919		-28.062500
3920		-24.187500
3921		-22.187500
3922		-20.712500
3923		-22.075001
3924		-20.950001
3925		-25.299999
3926		-25.600000
3927		-27.237499
3928		-26.825001
3929		-27.237499
3930		-23.837500
3931		-24.775000
3932		-22.362499
3933		-25.650000
3934		-26.424999
3935		-27.062500
3936		-26.600000
3937		-25.362499
3938		-21.775000
3939		-22.125000
3940		-20.950001
3941		-19.775000
3942		-21.125000
3943		-23.012501
3944		-25.537500
3945		-26.362499
3946		-25.775000
3947		-22.662500
3948		-22.125000
3949		-20.837500
3950		-20.712500
3951		-21.487499
3952		-22.250000
3953		-24.424999
3954		-26.362499
3955		-25.362499
3956		-25.537500
3957		-20.075001
3958		-19.250000
3959		-16.950001
3960		-19.125000
3961		-18.012501
3962		-19.775000
3963		-19.662500
3964		-18.075001
3965		-16.600000
3966		-17.362499
3967		-16.837500
3968		-16.487499
3969		-16.187500
3970		-16.837500
3971		-16.837500
3972		-18.362499
3973		-17.537500
3974		-19.424999
3975		-17.487499
3976		-19.299999
3977		-17.950001
3978		-18.712500
3979		-17.424999
3980		-18.712500
3981		-17.775000
3982		-16.075001
3983		-17.362499
3984		-17.075001
3985		-13.312500
3986		-13.187500
3987		-12.137500
3988		-11.900000
3989		-8.662499
3990		-11.375000
3991		-9.137500
3992		-9.425000
3993		-7.725000
3994		-9.425000
3995		-7.375000
3996		-9.724999
3997		-8.250000
3998		-10.837500
3999		-10.200000
4000		-12.137500
4001		-9.962500
4002		-9.787499
4003		-10.787499
4004		-12.662499
4005		-11.312500
4006		-12.962500
4007		-11.075000
4008		-12.487500
4009		-11.187500
4010		-12.662499
4011		-10.962500
4012		-10.662499
4013		-9.012500
4014		-8.250000
4015		-6.487500
4016		-6.137500
4017		-6.900000
4018		-6.437500
4019		-5.312500
4020		-3.662500
4021		-3.487500
4022		-3.137500
4023		-3.262500
4024		-3.437500
4025		-3.962500
4026		-3.900000
4027		-3.375000
4028		-3.312500
4029		-2.550000
4030		-3.025000
4031		-2.850000
4032		-1.962500
4033		-1.850000
4034		-2.437500
4035		-1.375000
4036		-1.725000
4037		-2.137500
4038		-2.262500
4039		-2.437500
4040		-0.787500
4041		-0.262500
4042		0.862500
4043		0.912500
4044		2.450000
4045		4.800000
4046		5.262500
4047		6.500000
4048		6.087500
4049		6.850000
4050		6.850000
4051		7.325000
4052		8.800000
4053		9.150001
4054		9.975000
4055		11.437500
4056		11.975000
4057		10.675000
4058		11.025001
4059		12.612500
4060		11.262500
4061		11.262500
4062		10.562500
4063		9.975000
4064		11.150001
4065		11.975000
4066		11.387500
4067		11.437500
4068		11.675000
4069		12.562500
4070		12.375000
4071		11.437500
4072		12.375000
4073		13.500000
4074		14.200000
4075		14.562500
4076		14.912500
4077		14.737500
4078		15.787500
4079		17.087500
4080		18.262501
4081		18.200001
4082		19.200001
4083		20.375000
4084		19.200001
4085		20.500000
4086		20.550001
4087		19.500000
4088		19.725000
4089		17.725000
4090		19.087500
4091		19.087500
4092		19.675001
4093		19.200001
4094		21.550001
4095		20.375000
4096		20.675001
4097		22.025000
4098		19.375000
4099		20.025000
4100		20.200001
4101		19.550001
4102		22.025000
4103		22.137501
4104		22.137501
4105		23.137501
4106		24.075001
4107		24.200001
4108		25.075001
4109		26.487501
4110		25.850000
4111		28.250000
4112		27.425001
4113		27.725000
4114		26.137501
4115		24.312500
4116		25.250000
4117		24.900000
4118		24.025000
4119		24.612501
4120		25.312500
4121		25.550001
4122		24.900000
4123		24.725000
4124		22.900000
4125		24.075001
4126		23.900000
4127		23.787500
4128		25.075001
4129		26.312500
4130		26.375000
4131		27.487501
4132		27.725000
4133		30.075001
4134		28.425001
4135		30.787500
4136		30.012501
4137		31.187500
4138		30.837500
4139		33.187500
4140		30.962500
4141		32.137501
4142		30.012501
4143		30.725000
4144		29.662500
4145		29.137501
4146		28.725000
4147		29.900000
4148		28.375000
4149		28.612501
4150		27.550001
4151		25.437500
4152		25.025000
4153		25.550001
4154		25.375000
4155		23.612501
4156		25.725000
4157		25.662500
4158		25.612501
4159		26.487501
4160		26.075001
4161		27.375000
4162		27.075001
4163		25.962500
4164		26.837500
4165		26.487501
4166		27.200001
4167		27.312500
4168		29.375000
4169		29.900000
4170		29.012501
4171		29.425001
4172		29.200001
4173		28.550001
4174		28.200001
4175		27.725000
4176		28.487501
4177		27.137501
4178		26.837500
4179		25.662500
4180		25.550001
4181		24.025000
4182		25.025000
4183		24.200001
4184		22.550001
4185		22.262501
4186		23.200001
4187		22.550001
4188		23.200001
4189		21.262501
4190		23.137501
4191		22.262501
4192		22.025000
4193		23.137501
4194		25.662500
4195		25.550001
4196		25.487501
4197		25.075001
4198		24.437500
4199		23.662500
4200		22.850000
4201		23.200001
4202		23.437500
4203		23.550001
4204		24.550001
4205		23.787500
4206		23.025000
4207		21.850000
4208		21.375000
4209		19.500000
4210		18.787500
4211		18.200001
4212		17.612501
4213		16.912500
4214		16.787500
4215		15.200000
4216		14.787500
4217		13.375000
4218		13.787500
4219		12.200000
4220		12.850000
4221		12.612500
4222		11.850000
4223		12.325000
4224		12.500000
4225		10.437500
4226		10.675000
4227		10.387500
4228		10.150001
4229		8.212501
4230		9.612500
4231		8.387500
4232		8.612500
4233		8.025001
4234		7.562500
4235		6.675000
4236		6.800000
4237		7.212500
4238		7.437500
4239		8.325000
4240		8.437500
4241		7.675000
4242		8.262500
4243		7.262500
4244		6.262500
4245		5.737500
4246		5.212500
4247		3.275000
4248		4.912500
4249		3.737500
4250		3.212500
4251		2.037500
4252		1.450000
4253		-0.787500
4254		-0.962500
4255		-2.075000
4256		-0.962500
4257		-1.725000
4258		-0.025000
4259		-0.087500
4260		0.212500
4261		-0.200000
4262		-0.375000
4263		-1.675000
4264		-1.375000
4265		-0.200000
4266		3.037500
4267		1.912500
4268		4.625000
4269		3.800000
4270		2.800000
4271		1.975000
4272		-0.137500
4273		-1.612500
4274		-2.900000
4275		-3.850000
4276		-3.900000
4277		-5.025000
4278		-5.837500
4279		-8.137500
4280		-8.837500
4281		-10.599999
4282		-12.012500
4283		-10.900000
4284		-10.599999
4285		-10.012500
4286		-9.487500
4287		-9.375000
4288		-10.312500
4289		-10.375000
4290		-10.550000
4291		-9.312500
4292		-9.200000
4293		-9.075000
4294		-8.012500
4295		-9.012500
4296		-10.200000
4297		-10.375000
4298		-11.724999
4299		-13.550000
4300		-13.250000
4301		-12.662499
4302		-14.662499
4303		-14.187500
4304		-15.312500
4305		-17.312500
4306		-17.662500
4307		-18.837500
4308		-19.250000
4309		-18.662500
4310		-18.537500
4311		-18.312500
4312		-18.312500
4313		-17.537500
4314		-18.424999
4315		-18.775000
4316		-18.600000
4317		-19.075001
4318		-18.900000
4319		-17.775000
4320		-18.600000
4321		-17.312500
4322		-18.125000
4323		-17.250000
4324		-17.487499
4325		-18.012501
4326		-19.187500
4327		-18.900000
4328		-19.837500
4329		-19.487499
4330		-20.187500
4331		-18.950001
4332		-20.299999
4333		-20.887501
4334		-22.187500
4335		-22.362499
4336		-23.250000
4337		-23.012501
4338		-23.125000
4339		-22.950001
4340		-23.424999
4341		-24.125000
4342		-25.187500
4343		-24.950001
4344		-26.424999
4345		-25.600000
4346		-24.887501
4347		-23.537500
4348		-21.712500
4349		-20.187500
4350		-19.775000
4351		-19.837500
4352		-21.662500
4353		-21.362499
4354		-22.712500
4355		-21.712500
4356		-21.075001
4357		-21.837500
4358		-22.950001
4359		-25.362499
4360		-27.237499
4361		-29.012501
4362		-29.187500
4363		-26.950001
4364		-25.775000
4365		-23.125000
4366		-21.537500
4367		-21.600000
4368		-24.250000
4369		-25.650000
4370		-29.299999
4371		-28.125000
4372		-28.299999
4373		-24.837500
4374		-22.712500
4375		-19.250000
4376		-21.075001
4377		-23.837500
4378		-28.299999
4379		-31.062500
4380		-32.237499
4381		-30.950001
4382		-26.950001
4383		-25.950001
4384		-24.250000
4385		-23.362499
4386		-23.712500
4387		-24.537500
4388		-23.600000
4389		-22.537500
4390		-19.712500
4391		-18.312500
4392		-14.950000
4393		-15.537499
4394		-17.950001
4395		-19.299999
4396		-20.250000
4397		-22.075001
4398		-21.600000
4399		-20.075001
4400		-18.837500
4401		-19.187500
4402		-18.424999
4403		-20.187500
4404		-19.950001
4405		-21.775000
4406		-20.950001
4407		-19.537500
4408		-17.424999
4409		-15.599999
4410		-14.775000
4411		-16.424999
4412		-16.137501
4413		-18.712500
4414		-18.712500
4415		-20.125000
4416		-18.900000
4417		-18.900000
4418		-15.250000
4419		-15.137500
4420		-14.425000
4421		-16.362499
4422		-17.362499
4423		-19.487499
4424		-18.537500
4425		-19.424999
4426		-17.662500
4427		-15.137500
4428		-12.962500
4429		-13.012500
4430		-11.375000
4431		-13.187500
4432		-12.662499
4433		-12.375000
4434		-10.962500
4435		-11.662499
4436		-9.787499
4437		-10.599999
4438		-9.425000
4439		-11.137500
4440		-9.724999
4441		-11.775000
4442		-10.599999
4443		-10.837500
4444		-11.724999
4445		-12.375000
4446		-11.662499
4447		-14.362500
4448		-12.375000
4449		-12.900000
4450		-12.012500
4451		-12.662499
4452		-10.375000
4453		-11.187500
4454		-10.312500
4455		-9.137500
4456		-7.962500
4457		-7.425000
4458		-5.662500
4459		-5.312500
4460		-3.850000
4461		-4.200000
4462		-3.437500
4463		-1.787500
4464		-1.200000
4465		-3.612500
4466		-3.612500
4467		-3.900000
4468		-5.075000
4469		-4.025000
4470		-4.075000
4471		-3.550000
4472		-3.900000
4473		-5.075000
4474		-5.787500
4475		-5.250000
4476		-7.075000
4477		-6.312500
4478		-4.962500
4479		-5.612500
4480		-5.487500
4481		-2.725000
4482		-2.312500
4483		-1.725000
4484		-1.025000
4485		-0.675000
4486		-0.025000
4487		0.150000
4488		0.737500
4489		1.387500
4490		1.975000
4491		1.625000
4492		2.500000
4493		2.150000
4494		1.862500
4495		1.687500
4496		2.150000
4497		2.150000
4498		2.912500
4499		3.212500
4500		3.675000
4501		4.975000
4502		2.912500
4503		2.450000
4504		2.325000
4505		3.325000
4506		3.087500
4507		1.562500
4508		3.387500
4509		3.387500
4510		3.325000
4511		4.212500
4512		4.912500
4513		5.500000
4514		7.325000
4515		8.912500
4516		8.562500
4517		9.087501
4518		9.325000
4519		9.975000
4520		9.612500
4521		10.387500
4522		10.675000
4523		11.737500
4524		12.850000
4525		13.962501
4526		14.087501
4527		13.787500
4528		14.087501
4529		13.325000
4530		12.025001
4531		11.787500
4532		10.387500
4533		10.975000
4534		11.612500
4535		11.562500
4536		11.787500
4537		13.325000
4538		12.737500
4539		12.562500
4540		12.562500
4541		13.200000
4542		12.500000
4543		13.025001
4544		13.150001
4545		15.025001
4546		14.087501
4547		13.375000
4548		14.025001
4549		13.912500
4550		15.612500
4551		15.737500
4552		16.787500
4553		15.500000
4554		17.725000
4555		16.962500
4556		17.137501
4557		17.787500
4558		16.437500
4559		15.550000
4560		14.150001
4561		12.850000
4562		15.150001
4563		14.200000
4564		15.087501
4565		13.787500
4566		15.962501
4567		15.500000
4568		15.025001
4569		13.912500
4570		14.787500
4571		15.025001
4572		16.550001
4573		17.087500
4574		17.612501
4575		17.725000
4576		19.375000
4577		20.025000
4578		19.200001
4579		19.375000
4580		19.025000
4581		20.200001
4582		22.487501
4583		20.675001
4584		21.262501
4585		20.200001
4586		18.912500
4587		17.962500
4588		17.675001
4589		17.787500
4590		17.912500
4591		17.437500
4592		17.137501
4593		17.137501
4594		15.912500
4595		15.550000
4596		13.437500
4597		17.137501
4598		16.500000
4599		18.200001
4600		19.137501
4601		20.025000
4602		21.962500
4603		23.437500
4604		23.262501
4605		23.962500
4606		23.900000
4607		24.025000
4608		25.250000
4609		24.487501
4610		24.137501
4611		23.025000
4612		24.662500
4613		23.612501
4614		23.662500
4615		21.550001
4616		22.850000
4617		21.850000
4618		20.550001
4619		20.137501
4620		19.675001
4621		18.725000
4622		18.612501
4623		17.912500
4624		17.850000
4625		17.612501
4626		17.375000
4627		15.675000
4628		19.312500
4629		16.137501
4630		19.675001
4631		18.550001
4632		20.787500
4633		19.087500
4634		19.025000
4635		18.437500
4636		18.725000
4637		21.087500
4638		20.500000
4639		23.437500
4640		23.200001
4641		23.662500
4642		21.312500
4643		22.262501
4644		19.375000
4645		21.550001
4646		18.725000
4647		20.262501
4648		19.500000
4649		18.725000
4650		18.375000
4651		18.612501
4652		15.787500
4653		15.912500
4654		14.612500
4655		14.025001
4656		13.200000
4657		14.500000
4658		12.437500
4659		14.200000
4660		12.437500
4661		14.087501
4662		12.850000
4663		13.787500
4664		14.087501
4665		15.150001
4666		14.562500
4667		17.025000
4668		14.025001
4669		15.550000
4670		15.200000
4671		14.325000
4672		12.912500
4673		14.612500
4674		14.150001
4675		15.437500
4676		13.912500
4677		14.150001
4678		11.612500
4679		10.387500
4680		10.087501
4681		10.150001
4682		7.975000
4683		8.800000
4684		7.037500
4685		7.325000
4686		5.912500
4687		6.437500
4688		5.087500
4689		5.150000
4690		4.325000
4691		5.037500
4692		3.737500
4693		5.087500
4694		4.262500
4695		3.212500
4696		3.800000
4697		2.675000
4698		2.737500
4699		1.862500
4700		1.387500
4701		1.275000
4702		0.862500
4703		0.100000
4704		0.500000
4705		0.737500
4706		0.037500
4707		0.275000
4708		-0.375000
4709		0.737500
4710		1.325000
4711		-0.025000
4712		0.800000
4713		-0.087500
4714		-0.375000
4715		-0.725000
4716		-2.262500
4717		-2.025000
4718		-3.025000
4719		-2.675000
4720		-4.137500
4721		-4.025000
4722		-5.550000
4723		-7.612500
4724		-9.425000
4725		-8.612500
4726		-9.900000
4727		-8.900000
4728		-8.425000
4729		-8.612500
4730		-7.425000
4731		-8.200000
4732		-9.837500
4733		-9.200000
4734		-8.837500
4735		-8.375000
4736		-7.375000
4737		-5.962500
4738		-4.962500
4739		-5.250000
4740		-6.200000
4741		-8.012500
4742		-8.487500
4743		-10.787499
4744		-12.375000
4745		-12.425000
4746		-13.487500
4747		-13.312500
4748		-14.775000
4749		-15.950000
4750		-17.950001
4751		-19.299999
4752		-19.837500
4753		-19.012501
4754		-18.250000
4755		-17.662500
4756		-17.312500
4757		-16.362499
4758		-16.775000
4759		-16.837500
4760		-16.362499
4761		-15.599999
4762		-14.775000
4763		-13.775000
4764		-12.962500
4765		-13.137500
4766		-13.487500
4767		-14.137500
4768		-14.724999
4769		-15.137500
4770		-15.537499
4771		-15.187500
4772		-14.950000
4773		-15.837500
4774		-15.137500
4775		-17.012501
4776		-17.312500
4777		-17.900000
4778		-17.424999
4779		-17.950001
4780		-16.250000
4781		-15.012500
4782		-14.425000
4783		-15.425000
4784		-14.187500
4785		-14.250000
4786		-14.187500
4787		-13.599999
4788		-12.425000
4789		-12.662499
4790		-10.837500
4791		-10.662499
4792		-9.487500
4793		-10.312500
4794		-9.312500
4795		-10.425000
4796		-9.787499
4797		-10.487500
4798		-10.487500
4799		-11.012500
4800		-10.487500
4801		-11.075000
4802		-10.787499
4803		-11.375000
4804		-12.075000
4805		-11.662499
4806		-12.775000
4807		-12.425000
4808		-11.662499
4809		-12.662499
4810		-13.137500
4811		-12.900000
4812		-13.487500
4813		-15.187500
4814		-15.487500
4815		-15.537499
4816		-14.775000
4817		-12.662499
4818		-11.187500
4819		-9.787499
4820		-10.250000
4821		-11.375000
4822		-11.550000
4823		-13.312500
4824		-12.662499
4825		-11.775000
4826		-12.375000
4827		-12.425000
4828		-13.599999
4829		-15.837500
4830		-17.362499
4831		-17.662500
4832		-18.424999
4833		-17.537500
4834		-16.250000
4835		-13.425000
4836		-14.312500
4837		-13.425000
4838		-16.137501
4839		-18.187500
4840		-20.012501
4841		-19.900000
4842		-18.125000
4843		-15.775000
4844		-12.962500
4845		-13.137500
4846		-15.187500
4847		-18.075001
4848		-22.537500
4849		-25.125000
4850		-25.062500
4851		-23.424999
4852		-20.712500
4853		-18.187500
4854		-18.012501
4855		-17.362499
4856		-18.487499
4857		-18.487499
4858		-18.012501
4859		-16.137501
4860		-14.900000
4861		-13.187500
4862		-13.187500
4863		-13.837500
4864		-15.662499
4865		-17.775000
4866		-20.075001
4867		-21.537500
4868		-20.775000
4869		-20.487499
4870		-19.187500
4871		-20.299999
4872		-19.900000
4873		-20.775000
4874		-22.537500
4875		-22.837500
4876		-22.712500
4877		-21.299999
4878		-19.537500
4879		-19.362499
4880		-18.837500
4881		-20.537500
4882		-21.487499
4883		-23.362499
4884		-24.837500
4885		-24.887501
4886		-24.012501
4887		-23.299999
4888		-21.125000
4889		-22.250000
4890		-20.775000
4891		-23.600000
4892		-25.299999
4893		-26.712500
4894		-27.299999
4895		-26.062500
4896		-23.600000
4897		-20.950001
4898		-20.537500
4899		-21.075001
4900		-19.537500
4901		-19.662500
4902		-20.187500
4903		-20.362499
4904		-19.250000
4905		-18.125000
4906		-18.424999
4907		-18.012501
4908		-19.012501
4909		-19.187500
4910		-19.250000
4911		-19.012501
4912		-19.900000
4913		-20.424999
4914		-20.299999
4915		-20.712500
4916		-20.487499
4917		-21.424999
4918		-20.887501
4919		-21.837500
4920		-19.187500
4921		-20.487499
4922		-18.424999
4923		-18.600000
4924		-16.362499
4925		-16.187500
4926		-15.662499
4927		-14.187500
4928		-13.487500
4929		-12.487500
4930		-11.312500
4931		-11.137500
4932		-9.787499
4933		-10.724999
4934		-9.137500
4935		-10.724999
4936		-9.425000
4937		-11.250000
4938		-10.900000
4939		-12.487500
4940		-10.012500
4941		-10.250000
4942		-10.425000
4943		-10.787499
4944		-10.312500
4945		-11.662499
4946		-11.075000
4947		-11.187500
4948		-10.599999
4949		-9.425000
4950		-7.550000
4951		-6.837500
4952		-6.200000
4953		-6.487500
4954		-3.900000
4955		-5.200000
4956		-4.550000
4957		-3.900000
4958		-2.137500
4959		-2.487500
4960		-0.312500
4961		-0.137500
4962		-0.025000
4963		-1.437500
4964		-1.550000
4965		-1.262500
4966		-2.025000
4967		-0.725000
4968		-1.787500
4969		-0.612500
4970		-1.487500
4971		-0.312500
4972		-0.612500
4973		-1.962500
4974		-2.850000
4975		-0.850000
4976		-2.550000
4977		-0.312500
4978		-2.137500
4979		-0.025000
4980		-1.200000
4981		0.975000
4982		2.275000
4983		2.325000
4984		2.625000
4985		5.975000
4986		4.912500
4987		4.387500
4988		4.912500
4989		4.500000
4990		4.675000
4991		5.800000
4992		6.087500
4993		8.325000
4994		7.975000
4995		8.800000
4996		8.387500
4997		9.325000
4998		7.975000
4999		9.975000
5000		7.800000
5001		7.437500
5002		6.737500
5003		6.387500
5004		5.975000
5005		6.387500
5006		6.262500
5007		7.262500
5008		6.737500
5009		6.625000
5010		7.150000
5011		7.325000
5012		7.562500
5013		7.675000
5014		7.150000
5015		9.325000
5016		8.212501
5017		9.850000
5018		9.500000
5019		10.850000
5020		10.975000
5021		12.912500
5022		12.912500
5023		13.325000
5024		12.562500
5025		13.850000
5026		12.975000
5027		13.912500
5028		13.850000
5029		13.562500
5030		11.325000
5031		13.200000
5032		13.200000
5033		15.025001
5034		14.375000
5035		15.962501
5036		13.612500
5037		15.262500
5038		14.562500
5039		14.500000
5040		14.150001
5041		14.150001
5042		16.087500
5043		13.912500
5044		17.325001
5045		19.550001
5046		21.200001
5047		20.262501
5048		20.200001
5049		20.962500
5050		20.900000
5051		21.437500
5052		23.662500
5053		24.025000
5054		23.437500
5055		25.312500
5056		21.962500
5057		20.787500
5058		21.850000
5059		24.200001
5060		23.025000
5061		23.025000
5062		21.850000
5063		22.850000
5064		21.437500
5065		20.962500
5066		20.550001
5067		21.487501
5068		21.550001
5069		22.612501
5070		22.787500
5071		25.900000
5072		24.725000
5073		27.612501
5074		27.662500
5075		29.375000
5076		28.725000
5077		28.250000
5078		28.487501
5079		29.075001
5080		28.900000
5081		29.900000
5082		30.962500
5083		30.375000
5084		28.900000
5085		28.962500
5086		28.662500
5087		27.900000
5088		28.137501
5089		26.312500
5090		25.437500
5091		24.662500
5092		26.837500
5093		26.375000
5094		25.250000
5095		24.662500
5096		25.025000
5097		23.725000
5098		23.487501
5099		25.612501
5100		26.250000
5101		25.725000
5102		26.200001
5103		26.375000
5104		24.612501
5105		25.250000
5106		25.437500
5107		25.375000
5108		27.425001
5109		27.425001
5110		28.375000
5111		28.312500
5112		27.312500
5113		27.250000
5114		27.787500
5115		25.550001
5116		26.725000
5117		25.250000
5118		25.250000
5119		25.612501
5120		24.137501
5121		24.487501
5122		23.725000
5123		23.487501
5124		21.725000
5125		20.787500
5126		22.725000
5127		19.612501
5128		19.787500
5129		20.200001
5130		20.550001
5131		20.375000
5132		21.087500
5133		23.137501
5134		21.962500
5135		21.312500
5136		22.487501
5137		22.262501
5138		21.962500
5139		22.312500
5140		21.787500
5141		21.787500
5142		22.200001
5143		23.137501
5144		23.962500
5145		21.787500
5146		22.550001
5147		21.375000
5148		21.025000
5149		19.850000
5150		19.375000
5151		17.087500
5152		16.550001
5153		17.850000
5154		16.437500
5155		15.500000
5156		17.912500
5157		14.325000
5158		14.787500
5159		14.562500
5160		14.562500
5161		14.612500
5162		13.737500
5163		14.612500
5164		15.200000
5165		12.975000
5166		13.200000
5167		12.850000
5168		11.675000
5169		11.912500
5170		11.262500
5171		11.675000
5172		10.737500
5173		11.200000
5174		10.912500
5175		11.675000
5176		10.675000
5177		11.675000
5178		11.087501
5179		13.150001
5180		10.325000
5181		11.850000
5182		11.200000
5183		10.850000
5184		9.500000
5185		10.800000
5186		9.675000
5187		9.025001
5188		9.262500
5189		8.325000
5190		6.437500
5191		8.025001
5192		3.912500
5193		3.562500
5194		2.912500
5195		3.387500
5196		3.450000
5197		3.500000
5198		5.212500
5199		3.737500
5200		3.150000
5201		3.625000
5202		1.275000
5203		2.450000
5204		2.625000
5205		2.912500
5206		4.850000
5207		5.850000
5208		4.850000
5209		4.625000
5210		3.500000
5211		2.325000
5212		-1.087500
5213		-1.437500
5214		-2.675000
5215		-3.375000
5216		-4.487500
5217		-4.612500
5218		-6.487500
5219		-8.425000
5220		-10.599999
5221		-10.599999
5222		-12.550000
5223		-11.487500
5224		-10.487500
5225		-10.012500
5226		-9.137500
5227		-9.900000
5228		-11.137500
5229		-11.487500
5230		-11.550000
5231		-10.200000
5232		-10.200000
5233		-9.200000
5234		-9.550000
5235		-10.550000
5236		-11.312500
5237		-12.075000
5238		-12.900000
5239		-13.550000
5240		-14.425000
5241		-13.900000
5242		-14.187500
5243		-15.250000
5244		-15.599999
5245		-18.075001
5246		-18.250000
5247		-17.950001
5248		-18.600000
5249		-19.424999
5250		-18.187500
5251		-16.950001
5252		-16.725000
5253		-17.250000
5254		-17.075001
5255		-17.362499
5256		-17.600000
5257		-18.537500
5258		-17.537500
5259		-17.487499
5260		-17.125000
5261		-16.312500
5262		-16.950001
5263		-16.662500
5264		-16.775000
5265		-17.362499
5266		-17.250000
5267		-18.362499
5268		-18.662500
5269		-19.125000
5270		-19.187500
5271		-19.250000
5272		-19.712500
5273		-21.187500
5274		-20.662500
5275		-21.662500
5276		-21.187500
5277		-21.950001
5278		-20.250000
5279		-21.075001
5280		-21.775000
5281		-22.475000
5282		-23.837500
5283		-23.424999
5284		-23.250000
5285		-23.600000
5286		-23.250000
5287		-22.837500
5288		-20.125000
5289		-18.662500
5290		-18.712500
5291		-18.662500
5292		-18.950001
5293		-20.887501
5294		-19.775000
5295		-21.125000
5296		-20.887501
5297		-21.662500
5298		-22.662500
5299		-23.424999
5300		-25.712500
5301		-27.237499
5302		-27.424999
5303		-27.475000
5304		-24.537500
5305		-23.424999
5306		-21.537500
5307		-21.299999
5308		-21.537500
5309		-23.600000
5310		-26.012501
5311		-26.887501
5312		-25.600000
5313		-22.712500
5314		-20.250000
5315		-18.187500
5316		-18.662500
5317		-21.887501
5318		-25.187500
5319		-29.712500
5320		-30.587500
5321		-29.125000
5322		-27.237499
5323		-24.600000
5324		-22.712500
5325		-22.837500
5326		-22.537500
5327		-24.012501
5328		-23.424999
5329		-21.362499
5330		-19.775000
5331		-17.250000
5332		-15.362500
5333		-16.424999
5334		-17.012501
5335		-19.537500
5336		-20.837500
5337		-22.250000
5338		-22.012501
5339		-19.900000
5340		-20.012501
5341		-18.362499
5342		-19.662500
5343		-19.950001
5344		-21.662500
5345		-22.075001
5346		-22.125000
5347		-19.600000
5348		-17.537500
5349		-16.362499
5350		-15.662499
5351		-15.487500
5352		-17.950001
5353		-19.299999
5354		-20.837500
5355		-21.837500
5356		-20.950001
5357		-19.299999
5358		-17.250000
5359		-15.837500
5360		-16.837500
5361		-17.312500
5362		-19.712500
5363		-21.775000
5364		-21.662500
5365		-20.712500
5366		-18.187500
5367		-17.775000
5368		-15.662499
5369		-14.187500
5370		-15.187500
5371		-16.537500
5372		-16.187500
5373		-14.599999
5374		-14.137500
5375		-13.075000
5376		-12.375000
5377		-11.550000
5378		-12.425000
5379		-12.900000
5380		-13.724999
5381		-14.724999
5382		-13.724999
5383		-14.137500
5384		-14.012500
5385		-15.075000
5386		-14.487500
5387		-14.900000
5388		-15.900000
5389		-14.187500
5390		-15.075000
5391		-14.487500
5392		-14.487500
5393		-12.075000
5394		-12.137500
5395		-10.962500
5396		-9.075000
5397		-8.425000
5398		-8.724999
5399		-7.200000
5400		-7.250000
5401		-6.200000
5402		-4.612500
5403		-3.025000
5404		-4.250000
5405		-4.612500
5406		-4.900000
5407		-6.550000
5408		-7.075000
5409		-5.962500
5410		-5.787500
5411		-5.025000
5412		-6.025000
5413		-3.962500
5414		-6.075000
5415		-6.312500
5416		-7.612500
5417		-6.200000
5418		-6.375000
5419		-5.612500
5420		-5.025000
5421		-3.900000
5422		-4.025000
5423		-1.787500
5424		-1.262500
5425		-0.612500
5426		-0.262500
5427		0.325000
5428		0.037500
5429		1.275000
5430		1.500000
5431		1.562500
5432		1.625000
5433		1.737500
5434		2.387500
5435		1.562500
5436		1.975000
5437		1.912500
5438		2.562500
5439		4.262500
5440		3.212500
5441		3.737500
5442		2.562500
5443		2.562500
5444		1.862500
5445		2.737500
5446		1.800000
5447		1.862500
5448		1.387500
5449		2.862500
5450		2.500000
5451		3.562500
5452		3.862500
5453		5.212500
5454		6.087500
5455		6.387500
5456		8.912500
5457		6.675000
5458		8.675000
5459		7.625000
5460		8.800000
5461		10.087501
5462		11.737500
5463		11.200000
5464		11.437500
5465		11.975000
5466		13.325000
5467		13.150001
5468		12.975000
5469		13.087501
5470		13.612500
5471		13.325000
5472		11.975000
5473		12.850000
5474		12.025001
5475		12.200000
5476		13.325000
5477		12.787500
5478		14.850000
5479		13.262500
5480		12.912500
5481		13.612500
5482		12.975000
5483		14.200000
5484		13.962501
5485		14.087501
5486		14.962501
5487		16.375000
5488		15.912500
5489		16.962500
5490		18.262501
5491		18.962500
5492		19.375000
5493		20.437500
5494		20.200001
5495		20.500000
5496		20.200001
5497		19.962500
5498		21.312500
5499		19.612501
5500		19.262501
5501		19.725000
5502		19.962500
5503		20.675001
5504		20.437500
5505		20.850000
5506		20.025000
5507		21.675001
5508		19.962500
5509		20.850000
5510		19.612501
5511		20.025000
5512		19.850000
5513		21.900000
5514		22.550001
5515		24.375000
5516		23.725000
5517		24.662500
5518		25.662500
5519		25.075001
5520		25.662500
5521		26.550001
5522		26.437500
5523		27.250000
5524		27.375000
5525		26.437500
5526		25.075001
5527		24.137501
5528		24.962500
5529		24.787500
5530		24.725000
5531		24.900000
5532		24.612501
5533		23.900000
5534		20.850000
5535		21.137501
5536		22.312500
5537		24.075001
5538		25.075001
5539		24.375000
5540		26.375000
5541		26.437500
5542		27.900000
5543		27.137501
5544		27.550001
5545		29.012501
5546		27.425001
5547		27.787500
5548		28.025000
5549		26.787500
5550		28.550001
5551		27.612501
5552		27.200001
5553		27.550001
5554		27.250000
5555		27.200001
5556		26.137501
5557		24.787500
5558		24.025000
5559		24.312500
5560		22.550001
5561		22.550001
5562		21.725000
5563		21.900000
5564		21.787500
5565		20.787500
5566		20.725000
5567		20.850000
5568		20.787500
5569		21.725000
5570		22.200001
5571		22.550001
5572		22.025000
5573		22.612501
5574		21.550001
5575		21.262501
5576		21.850000
5577		22.850000
5578		24.075001
5579		24.437500
5580		24.612501
5581		23.437500
5582		24.025000
5583		23.725000
5584		21.850000
5585		22.137501
5586		19.787500
5587		19.962500
5588		20.550001
5589		19.787500
5590		18.787500
5591		19.312500
5592		17.025000
5593		16.912500
5594		15.850000
5595		15.437500
5596		14.025001
5597		15.200000
5598		13.500000
5599		13.962501
5600		14.675000
5601		14.500000
5602		14.912500
5603		15.962501
5604		15.850000
5605		17.262501
5606		15.375000
5607		18.025000
5608		15.375000
5609		17.325001
5610		16.675001
5611		18.137501
5612		16.675001
5613		17.137501
5614		15.675000
5615		15.262500
5616		15.737500
5617		15.375000
5618		14.912500
5619		12.975000
5620		12.150001
5621		12.612500
5622		10.387500
5623		11.787500
5624		10.387500
5625		10.150001
5626		8.800000
5627		9.500000
5628		7.625000
5629		9.262500
5630		7.087500
5631		8.800000
5632		8.150001
5633		7.625000
5634		8.562500
5635		6.562500
5636		6.437500
5637		6.975000
5638		6.150000
5639		5.087500
5640		6.387500
5641		4.562500
5642		5.037500
5643		4.500000
5644		4.975000
5645		4.912500
5646		2.975000
5647		4.387500
5648		4.500000
5649		4.150000
5650		5.087500
5651		4.850000
5652		6.850000
5653		3.625000
5654		4.212500
5655		3.212500
5656		2.562500
5657		1.975000
5658		2.275000
5659		2.212500
5660		1.037500
5661		-1.087500
5662		-2.375000
5663		-3.137500
5664		-5.375000
5665		-4.550000
5666		-4.612500
5667		-3.075000
5668		-3.200000
5669		-2.075000
5670		-4.375000
5671		-3.612500
5672		-5.437500
5673		-5.725000
5674		-4.437500
5675		-4.025000
5676		-3.487500
5677		0.100000
5678		0.100000
5679		-1.312500
5680		-1.850000
5681		-4.725000
5682		-4.850000
5683		-9.599999
5684		-8.550000
5685		-7.900000
5686		-9.900000
5687		-9.425000
5688		-11.775000
5689		-11.662499
5690		-15.662499
5691		-15.662499
5692		-16.837500
5693		-14.362500
5694		-15.425000
5695		-14.250000
5696		-15.187500
5697		-14.362500
5698		-15.137500
5699		-15.950000
5700		-15.362500
5701		-14.950000
5702		-14.075000
5703		-12.900000
5704		-12.425000
5705		-12.962500
5706		-14.187500
5707		-14.550000
5708		-16.075001
5709		-17.075001
5710		-16.775000
5711		-17.125000
5712		-17.250000
5713		-16.775000
5714		-18.187500
5715		-18.900000
5716		-20.487499
5717		-19.537500
5718		-21.125000
5719		-20.712500
5720		-19.600000
5721		-19.424999
5722		-19.125000
5723		-18.712500
5724		-19.362499
5725		-18.600000
5726		-19.712500
5727		-19.075001
5728		-19.075001
5729		-17.950001
5730		-17.837500
5731		-16.775000
5732		-16.950001
5733		-16.362499
5734		-17.424999
5735		-17.362499
5736		-17.725000
5737		-18.312500
5738		-18.424999
5739		-18.012501
5740		-18.837500
5741		-18.600000
5742		-19.712500
5743		-20.125000
5744		-21.187500
5745		-21.487499
5746		-22.887501
5747		-22.075001
5748		-22.250000
5749		-22.250000
5750		-22.537500
5751		-23.299999
5752		-23.537500
5753		-25.125000
5754		-25.012501
5755		-23.887501
5756		-23.712500
5757		-21.712500
5758		-20.887501
5759		-19.250000
5760		-18.837500
5761		-19.600000
5762		-20.712500
5763		-20.712500
5764		-21.537500
5765		-20.662500
5766		-20.187500
5767		-20.887501
5768		-21.887501
5769		-24.362499
5770		-26.237499
5771		-26.775000
5772		-26.650000
5773		-26.062500
5774		-23.887501
5775		-22.187500
5776		-21.187500
5777		-21.250000
5778		-22.424999
5779		-26.237499
5780		-26.650000
5781		-27.237499
5782		-24.424999
5783		-21.775000
5784		-19.362499
5785		-18.950001
5786		-19.487499
5787		-22.424999
5788		-26.125000
5789		-29.125000
5790		-29.237499
5791		-28.012501
5792		-24.424999
5793		-21.950001
5794		-21.362499
5795		-20.775000
5796		-21.950001
5797		-21.662500
5798		-20.600000
5799		-20.075001
5800		-17.662500
5801		-14.362500
5802		-13.775000
5803		-14.487500
5804		-16.662500
5805		-18.125000
5806		-19.600000
5807		-20.662500
5808		-19.775000
5809		-19.662500
5810		-17.125000
5811		-18.012501
5812		-18.537500
5813		-19.662500
5814		-20.537500
5815		-21.250000
5816		-21.125000
5817		-19.012501
5818		-16.950001
5819		-15.537499
5820		-15.075000
5821		-15.775000
5822		-17.250000
5823		-19.900000
5824		-20.075001
5825		-19.600000
5826		-19.187500
5827		-17.312500
5828		-15.487500
5829		-15.950000
5830		-15.487500
5831		-16.837500
5832		-18.950001
5833		-21.250000
5834		-20.662500
5835		-19.187500
5836		-17.250000
5837		-14.012500
5838		-13.312500
5839		-13.137500
5840		-12.662499
5841		-13.599999
5842		-13.599999
5843		-12.962500
5844		-11.137500
5845		-11.075000
5846		-9.724999
5847		-9.962500
5848		-10.599999
5849		-11.900000
5850		-11.662499
5851		-12.137500
5852		-11.550000
5853		-11.837500
5854		-11.375000
5855		-12.724999
5856		-12.599999
5857		-12.425000
5858		-13.012500
5859		-11.662499
5860		-13.312500
5861		-13.250000
5862		-12.425000
5863		-11.250000
5864		-12.425000
5865		-9.137500
5866		-9.312500
5867		-9.724999
5868		-9.012500
5869		-7.962500
5870		-8.612500
5871		-6.787500
5872		-6.962500
5873		-4.487500
5874		-6.200000
5875		-5.312500
5876		-7.900000
5877		-7.250000
5878		-9.425000
5879		-7.725000
5880		-10.200000
5881		-7.375000
5882		-8.425000
5883		-7.962500
5884		-9.250000
5885		-9.900000
5886		-10.012500
5887		-10.962500
5888		-10.900000
5889		-9.599999
5890		-9.137500
5891		-7.612500
5892		-6.487500
5893		-6.662500
5894		-4.962500
5895		-5.025000
5896		-3.962500
5897		-5.962500
5898		-4.612500
5899		-3.900000
5900		-3.612500
5901		-2.550000
5902		-2.850000
5903		-1.675000
5904		-4.200000
5905		-3.025000
5906		-4.725000
5907		-4.075000
5908		-4.437500
5909		-2.962500
5910		-3.962500
5911		-3.312500
5912		-4.312500
5913		-3.075000
5914		-6.312500
5915		-3.437500
5916		-5.662500
5917		-4.487500
5918		-5.787500
5919		-3.962500
5920		-5.075000
5921		-2.675000
5922		-1.675000
5923		-0.312500
5924		0.800000
5925		1.087500
5926		0.912500
5927		2.325000
5928		2.500000
5929		1.975000
5930		3.150000
5931		3.212500
5932		4.912500
5933		5.975000
5934		5.087500
5935		6.262500
5936		5.625000
5937		7.625000
5938		5.675000
5939		8.325000
5940		6.037500
5941		5.037500
5942		5.150000
5943		5.912500
5944		4.562500
5945		5.262500
5946		5.675000
5947		6.675000
5948		6.737500
5949		6.675000
5950		7.912500
5951		7.087500
5952		6.625000
5953		8.800000
5954		7.212500
5955		8.612500
5956		8.675000
5957		10.500000
5958		9.675000
5959		11.912500
5960		12.025001
5961		12.437500
5962		13.612500
5963		14.325000
5964		13.375000
5965		13.912500
5966		13.325000
5967		14.850000
5968		13.437500
5969		11.437500
5970		11.975000
5971		12.912500
5972		12.612500
5973		13.612500
5974		12.850000
5975		12.562500
5976		13.962501
5977		13.500000
5978		13.025001
5979		12.500000
5980		14.025001
5981		12.737500
5982		14.150001
5983		14.087501
5984		16.437500
5985		16.087500
5986		17.550001
5987		18.262501
5988		19.087500
5989		18.500000
5990		20.137501
5991		19.962500
5992		21.025000
5993		19.900000
5994		20.550001
5995		18.137501
5996		18.137501
5997		16.675001
5998		18.612501
5999		16.200001
6000		16.787500
6001		17.025000
6002		15.962501
6003		16.087500
6004		16.550001
6005		15.737500
6006		15.325000
6007		17.137501
6008		16.912500
6009		16.850000
6010		19.025000
6011		18.912500
6012		22.087500
6013		21.612501
6014		22.200001
6015		22.850000
6016		23.137501
6017		23.487501
6018		24.075001
6019		22.312500
6020		23.437500
6021		23.025000
6022		21.962500
6023		22.137501
6024		23.550001
6025		22.900000
6026		22.437500
6027		23.137501
6028		21.437500
6029		20.025000
6030		19.787500
6031		17.850000
6032		18.375000
6033		17.787500
6034		18.437500
6035		17.912500
6036		17.550001
6037		17.612501
6038		18.850000
6039		19.725000
6040		19.962500
6041		21.962500
6042		21.962500
6043		20.375000
6044		23.137501
6045		22.900000
6046		23.200001
6047		24.550001
6048		25.312500
6049		25.787500
6050		25.962500
6051		26.137501
6052		24.787500
6053		24.725000
6054		23.900000
6055		24.075001
6056		23.962500
6057		23.137501
6058		22.900000
6059		24.487501
6060		21.137501
6061		20.850000
6062		20.550001
6063		18.200001
6064		19.025000
6065		18.912500
6066		18.725000
6067		17.675001
6068		18.912500
6069		17.200001
6070		17.912500
6071		19.312500
6072		18.725000
6073		19.725000
6074		20.262501
6075		21.137501
6076		20.437500
6077		21.137501
6078		20.262501
6079		19.312500
6080		20.087500
6081		20.375000
6082		20.375000
6083		20.725000
6084		21.725000
6085		20.850000
6086		20.787500
6087		19.312500
6088		19.787500
6089		17.437500
6090		18.262501
6091		17.550001
6092		17.550001
6093		16.437500
6094		17.325001
6095		15.087501
6096		14.850000
6097		14.087501
6098		13.375000
6099		13.500000
6100		13.787500
6101		14.437500
6102		13.500000
6103		13.737500
6104		13.850000
6105		12.562500
6106		12.562500
6107		10.800000
6108		10.737500
6109		12.612500
6110		12.087501
6111		11.262500
6112		12.087501
6113		10.975000
6114		10.800000
6115		9.212501
6116		8.912500
6117		10.562500
6118		11.262500
6119		10.975000
6120		11.912500
6121		11.262500
6122		10.562500
6123		9.675000
6124		10.500000
6125		8.675000
6126		7.737500
6127		8.325000
6128		7.675000
6129		7.912500
6130		7.562500
6131		5.975000
6132		3.675000
6133		1.562500
6134		1.912500
6135		0.325000
6136		1.912500
6137		1.450000
6138		3.450000
6139		3.675000
6140		3.975000
6141		3.037500
6142		1.212500
6143		-0.262500
6144		2.450000
6145		1.212500
6146		3.675000
6147		6.912500
6148		7.325000
6149		4.975000
6150		5.387500
6151		1.800000
6152		2.625000
6153		-0.850000
6154		-1.025000
6155		-2.262500
6156		-1.725000
6157		-3.262500
6158		-2.900000
6159		-5.075000
6160		-6.612500
6161		-8.550000
6162		-9.487500
6163		-8.900000
6164		-9.487500
6165		-7.425000
6166		-7.837500
6167		-7.250000
6168		-7.612500
6169		-7.550000
6170		-7.250000
6171		-6.962500
6172		-6.250000
6173		-6.312500
6174		-4.850000
6175		-4.487500
6176		-6.787500
6177		-6.787500
6178		-7.425000
6179		-7.900000
6180		-8.724999
6181		-8.724999
6182		-9.487500
6183		-11.075000
6184		-11.775000
6185		-11.775000
6186		-13.250000
6187		-13.137500
6188		-14.487500
6189		-13.550000
6190		-14.137500
6191		-13.550000
6192		-13.250000
6193		-14.012500
6194		-13.187500
6195		-13.012500
6196		-13.312500
6197		-12.837500
6198		-13.012500
6199		-13.137500
6200		-13.312500
6201		-12.550000
6202		-12.724999
6203		-13.137500
6204		-13.662499
6205		-14.900000
6206		-14.950000
6207		-15.187500
6208		-15.950000
6209		-16.424999
6210		-16.075001
6211		-17.537500
6212		-18.424999
6213		-18.950001
6214		-21.075001
6215		-21.662500
6216		-22.250000
6217		-22.250000
6218		-22.837500
6219		-22.250000
6220		-24.012501
6221		-23.712500
6222		-24.062500
6223		-24.187500
6224		-25.837500
6225		-25.362499
6226		-24.600000
6227		-24.125000
6228		-21.775000
6229		-19.900000
6230		-20.075001
6231		-19.487499
6232		-21.012501
6233		-22.075001
6234		-22.537500
6235		-22.299999
6236		-22.125000
6237		-22.424999
6238		-23.887501
6239		-24.775000
6240		-27.125000
6241		-27.125000
6242		-27.775000
6243		-26.825001
6244		-25.650000
6245		-23.475000
6246		-22.537500
6247		-22.075001
6248		-23.950001
6249		-26.424999
6250		-27.299999
6251		-26.825001
6252		-26.299999
6253		-22.712500
6254		-20.125000
6255		-18.900000
6256		-20.662500
6257		-23.950001
6258		-27.775000
6259		-29.237499
6260		-30.775000
6261		-27.950001
6262		-26.950001
6263		-23.537500
6264		-23.125000
6265		-22.600000
6266		-23.250000
6267		-23.537500
6268		-22.424999
6269		-21.075001
6270		-18.900000
6271		-16.900000
6272		-16.537500
6273		-16.012501
6274		-18.662500
6275		-19.900000
6276		-21.712500
6277		-23.250000
6278		-22.187500
6279		-20.712500
6280		-20.125000
6281		-19.424999
6282		-20.075001
6283		-21.075001
6284		-22.012501
6285		-22.075001
6286		-22.012501
6287		-19.424999
6288		-17.187500
6289		-16.187500
6290		-15.362500
6291		-15.950000
6292		-18.662500
6293		-19.900000
6294		-21.187500
6295		-21.125000
6296		-20.187500
6297		-18.837500
6298		-16.537500
6299		-15.075000
6300		-15.537499
6301		-17.725000
6302		-20.187500
6303		-21.662500
6304		-23.187500
6305		-21.125000
6306		-18.424999
6307		-16.950001
6308		-14.775000
6309		-14.662499
6310		-13.487500
6311		-14.550000
6312		-15.362500
6313		-14.137500
6314		-13.662499
6315		-13.250000
6316		-12.137500
6317		-11.837500
6318		-12.012500
6319		-12.012500
6320		-13.075000
6321		-12.425000
6322		-12.599999
6323		-13.012500
6324		-13.250000
6325		-14.550000
6326		-13.900000
6327		-15.012500
6328		-14.250000
6329		-14.599999
6330		-13.662499
6331		-13.900000
6332		-13.550000
6333		-12.487500
6334		-11.550000
6335		-9.900000
6336		-8.425000
6337		-7.837500
6338		-6.662500
6339		-6.962500
6340		-6.075000
6341		-6.200000
6342		-5.200000
6343		-4.662500
6344		-3.437500
6345		-4.850000
6346		-5.200000
6347		-6.075000
6348		-6.025000
6349		-6.612500
6350		-5.662500
6351		-5.612500
6352		-5.375000
6353		-7.075000
6354		-7.550000
6355		-8.375000
6356		-8.550000
6357		-8.137500
6358		-7.962500
6359		-8.200000
6360		-5.550000
6361		-5.550000
6362		-5.075000
6363		-3.550000
6364		-4.137500
6365		-3.137500
6366		-2.200000
6367		-2.375000
6368		-1.200000
6369		-1.025000
6370		0.562500
6371		-0.437500
6372		0.500000
6373		-0.487500
6374		0.387500
6375		-0.787500
6376		-0.262500
6377		-1.550000
6378		-0.487500
6379		-0.900000
6380		1.325000
6381		-0.200000
6382		0.150000
6383		-0.962500
6384		0.150000
6385		0.975000
6386		0.100000
6387		0.500000
6388		0.562500
6389		0.037500
6390		1.150000
6391		1.975000
6392		1.687500
6393		4.800000
6394		5.262500
6395		6.262500
6396		6.625000
6397		7.437500
6398		6.850000
6399		7.562500
6400		7.500000
6401		8.800000
6402		9.562500
6403		11.387500
6404		12.500000
6405		12.262500
6406		12.787500
6407		12.025001
6408		12.562500
6409		13.150001
6410		12.375000
6411		11.850000
6412		11.975000
6413		12.562500
6414		10.675000
6415		12.562500
6416		11.087501
6417		12.150001
6418		11.737500
6419		13.437500
6420		13.025001
6421		14.025001
6422		13.850000
6423		14.675000
6424		14.912500
6425		14.437500
6426		14.500000
6427		15.375000
6428		16.087500
6429		17.725000
6430		17.550001
6431		19.612501
6432		20.200001
6433		21.200001
6434		20.025000
6435		21.850000
6436		19.612501
6437		21.200001
6438		18.912500
6439		19.500000
6440		18.787500
6441		19.137501
6442		19.137501
6443		20.850000
6444		20.262501
6445		20.137501
6446		18.437500
6447		19.962500
6448		18.787500
6449		20.200001
6450		18.725000
6451		19.087500
6452		19.962500
6453		20.025000
6454		21.437500
6455		23.137501
6456		22.200001
6457		22.725000
6458		24.200001
6459		24.550001
6460		25.250000
6461		26.312500
6462		27.200001
6463		27.837500
6464		27.612501
6465		25.487501
6466		25.250000
6467		23.437500
6468		22.437500
6469		23.725000
6470		24.137501
6471		24.437500
6472		24.200001
6473		22.550001
6474		22.675001
6475		22.487501
6476		22.900000
6477		23.025000
6478		24.075001
6479		23.900000
6480		25.200001
6481		25.612501
6482		27.312500
6483		27.837500
6484		28.725000
6485		28.200001
6486		29.612501
6487		29.200001
6488		29.662500
6489		29.200001
6490		30.250000
6491		30.725000
6492		28.900000
6493		28.487501
6494		29.312500
6495		28.900000
6496		29.900000
6497		27.962500
6498		27.662500
6499		25.962500
6500		26.312500
6501		25.900000
6502		26.137501
6503		25.312500
6504		25.250000
6505		24.437500
6506		24.075001
6507		23.900000
6508		25.075001
6509		24.312500
6510		26.725000
6511		26.725000
6512		26.662500
6513		26.200001
6514		26.900000
6515		26.725000
6516		28.837500
6517		27.250000
6518		28.900000
6519		28.550001
6520		29.250000
6521		30.312500
6522		29.375000
6523		28.250000
6524		28.425001
6525		27.200001
6526		27.425001
6527		26.550001
6528		26.962500
6529		24.787500
6530		25.487501
6531		24.075001
6532		22.612501
6533		21.375000
6534		21.437500
6535		20.500000
6536		19.675001
6537		18.550001
6538		20.200001
6539		18.437500
6540		18.262501
6541		17.550001
6542		17.787500
6543		18.787500
6544		18.612501
6545		19.850000
6546		19.375000
6547		19.500000
6548		18.437500
6549		18.725000
6550		18.437500
6551		18.787500
6552		19.375000
6553		18.912500
6554		20.200001
6555		19.375000
6556		18.725000
6557		17.725000
6558		16.962500
6559		15.550000
6560		14.500000
6561		12.850000
6562		12.325000
6563		13.325000
6564		11.850000
6565		11.562500
6566		10.975000
6567		11.387500
6568		9.087501
6569		10.262500
6570		8.387500
6571		9.850000
6572		9.737500
6573		9.212501
6574		8.800000
6575		8.612500
6576		7.625000
6577		6.975000
6578		6.437500
6579		6.737500
6580		5.562500
6581		6.625000
6582		5.087500
6583		4.800000
6584		4.087500
6585		3.737500
6586		3.325000
6587		3.800000
6588		3.562500
6589		5.675000
6590		4.150000
6591		4.675000
6592		4.675000
6593		5.737500
6594		1.800000
6595		1.687500
6596		-1.437500
6597		1.562500
6598		-0.900000
6599		0.100000
6600		-2.025000
6601		-1.725000
6602		-3.900000
6603		-3.437500
6604		-6.312500
6605		-6.375000
6606		-6.375000
6607		-4.900000
6608		-5.487500
6609		-2.550000
6610		-5.250000
6611		-4.137500
6612		-6.662500
6613		-3.725000
6614		-4.900000
6615		-3.262500
6616		-2.962500
6617		-0.487500
6618		-1.612500
6619		1.275000
6620		-3.550000
6621		-1.675000
6622		-4.312500
6623		-6.962500
6624		-5.962500
6625		-8.900000
6626		-9.425000
6627		-9.200000
6628		-12.250000
6629		-12.075000
6630		-15.312500
6631		-14.599999
6632		-16.950001
6633		-14.487500
6634		-16.537500
6635		-14.599999
6636		-15.487500
6637		-13.962500
6638		-16.312500
6639		-13.837500
6640		-13.425000
6641		-12.962500
6642		-12.137500
6643		-11.487500
6644		-12.425000
6645		-12.425000
6646		-14.312500
6647		-14.312500
6648		-15.662499
6649		-15.487500
6650		-17.125000
6651		-15.250000
6652		-17.775000
6653		-17.362499
6654		-18.600000
6655		-21.012501
6656		-20.837500
6657		-21.537500
6658		-21.362499
6659		-21.299999
6660		-20.712500
6661		-21.537500
6662		-20.012501
6663		-22.187500
6664		-20.075001
6665		-23.600000
6666		-22.075001
6667		-22.837500
6668		-20.600000
6669		-22.075001
6670		-20.887501
6671		-20.887501
6672		-20.662500
6673		-21.775000
6674		-22.475000
6675		-21.487499
6676		-22.662500
6677		-22.075001
6678		-22.600000
6679		-22.075001
6680		-23.012501
6681		-23.362499
6682		-24.712500
6683		-25.775000
6684		-28.412500
6685		-27.062500
6686		-27.299999
6687		-28.412500
6688		-28.950001
6689		-28.012501
6690		-30.362499
6691		-29.537500
6692		-31.299999
6693		-31.475000
6694		-32.412498
6695		-30.299999
6696		-29.825001
6697		-27.362499
6698		-26.712500
6699		-23.712500
6700		-24.299999
6701		-24.712500
6702		-24.887501
6703		-27.237499
6704		-25.187500
6705		-24.650000
6706		-24.837500
6707		-24.475000
6708		-26.012501
6709		-27.600000
6710		-29.475000
6711		-31.187500
6712		-30.887501
6713		-30.475000
6714		-27.237499
6715		-25.600000
6716		-23.537500
6717		-23.775000
6718		-25.362499
6719		-27.950001
6720		-28.537500
6721		-29.187500
6722		-26.237499
6723		-23.887501
6724		-20.887501
6725		-19.775000
6726		-20.950001
6727		-23.950001
6728		-28.237499
6729		-29.775000
6730		-30.187500
6731		-28.887501
6732		-26.424999
6733		-23.712500
6734		-22.012501
6735		-21.950001
6736		-22.662500
6737		-22.475000
6738		-21.837500
6739		-19.712500
6740		-17.250000
6741		-15.950000
6742		-14.837500
6743		-15.425000
6744		-17.250000
6745		-18.424999
6746		-20.887501
6747		-21.125000
6748		-21.012501
6749		-20.012501
6750		-18.487499
6751		-18.250000
6752		-18.837500
6753		-20.187500
6754		-22.012501
6755		-22.424999
6756		-21.950001
6757		-18.712500
6758		-17.537500
6759		-15.250000
6760		-15.487500
6761		-16.600000
6762		-18.775000
6763		-20.299999
6764		-21.487499
6765		-20.125000
6766		-20.662500
6767		-17.662500
6768		-16.487499
6769		-15.362500
6770		-16.362499
6771		-17.725000
6772		-19.299999
6773		-20.887501
6774		-21.537500
6775		-19.487499
6776		-18.537500
6777		-15.312500
6778		-14.187500
6779		-13.837500
6780		-13.550000
6781		-14.487500
6782		-15.012500
6783		-13.425000
6784		-13.137500
6785		-11.662499
6786		-10.375000
6787		-10.375000
6788		-11.962500
6789		-11.775000
6790		-11.962500
6791		-11.599999
6792		-12.250000
6793		-12.250000
6794		-11.900000
6795		-11.662499
6796		-12.900000
6797		-12.375000
6798		-12.837500
6799		-12.250000
6800		-11.075000
6801		-11.550000
6802		-11.375000
6803		-10.200000
6804		-9.550000
6805		-8.012500
6806		-7.725000
6807		-6.375000
6808		-5.962500
6809		-4.900000
6810		-4.550000
6811		-4.137500
6812		-3.437500
6813		-3.262500
6814		-3.312500
6815		-3.962500
6816		-5.437500
6817		-5.312500
6818		-6.200000
6819		-5.375000
6820		-4.612500
6821		-5.137500
6822		-5.250000
6823		-5.437500
6824		-6.250000
6825		-7.425000
6826		-7.250000
6827		-6.962500
6828		-6.487500
6829		-6.375000
6830		-4.437500
6831		-3.725000
6832		-3.437500
6833		-3.025000
6834		-1.550000
6835		-1.200000
6836		-1.200000
6837		0.387500
6838		0.562500
6839		0.800000
6840		1.862500
6841		2.800000
6842		2.675000
6843		2.975000
6844		2.325000
6845		2.150000
6846		2.500000
6847		2.150000
6848		2.800000
6849		2.912500
6850		2.975000
6851		1.975000
6852		2.675000
6853		2.037500
6854		1.862500
6855		1.387500
6856		1.625000
6857		1.862500
6858		2.500000
6859		2.387500
6860		3.737500
6861		3.387500
6862		4.975000
6863		5.037500
6864		7.212500
6865		5.912500
6866		8.087501
6867		7.975000
6868		9.437500
6869		6.625000
6870		8.437500
6871		6.975000
6872		10.262500
6873		8.912500
6874		12.325000
6875		11.437500
6876		11.387500
6877		11.787500
6878		11.200000
6879		10.975000
6880		9.087501
6881		9.800000
6882		8.850000
6883		8.437500
6884		9.150001
6885		9.387500
6886		9.912500
6887		9.800000
6888		10.562500
6889		8.500000
6890		9.325000
6891		8.212501
6892		9.737500
6893		9.675000
6894		11.200000
6895		9.675000
6896		10.612500
6897		11.437500
6898		11.737500
6899		12.675000
6900		12.087501
6901		14.675000
6902		13.087501
6903		14.962501
6904		14.962501
6905		15.200000
6906		14.675000
6907		13.087501
6908		14.087501
6909		11.975000
6910		11.850000
6911		11.787500
6912		13.912500
6913		14.087501
6914		14.500000
6915		14.087501
6916		13.850000
6917		13.737500
6918		14.375000
6919		13.325000
6920		12.737500
6921		14.087501
6922		14.200000
6923		15.150001
6924		15.962501
6925		17.675001
6926		17.500000
6927		17.912500
6928		18.550001
6929		17.612501
6930		18.025000
6931		19.675001
6932		19.725000
6933		21.612501
6934		18.612501
6935		19.137501
6936		17.025000
6937		16.737501
6938		16.325001
6939		17.437500
6940		17.962500
6941		18.025000
6942		16.087500
6943		16.137501
6944		15.437500
6945		16.325001
6946		15.675000
6947		16.550001
6948		16.787500
6949		19.025000
6950		19.025000
6951		21.200001
6952		21.312500
6953		23.262501
6954		22.312500
6955		23.850000
6956		22.262501
6957		23.787500
6958		22.850000
6959		24.962500
6960		23.725000
6961		23.262501
6962		22.962500
6963		22.137501
6964		22.200001
6965		22.962500
6966		21.900000
6967		21.725000
6968		21.025000
6969		20.025000
6970		19.312500
6971		20.262501
6972		18.325001
6973		19.375000
6974		17.850000
6975		18.025000
6976		16.675001
6977		17.725000
6978		19.200001
6979		19.375000
6980		19.312500
6981		20.850000
6982		19.675001
6983		20.137501
6984		19.200001
6985		20.375000
6986		19.550001
6987		21.487501
6988		22.900000
6989		24.025000
6990		22.262501
6991		23.262501
6992		22.025000
6993		21.087500
6994		20.375000
6995		20.025000
6996		18.912500
6997		19.312500
6998		18.500000
6999		18.787500
7000		18.200001
7001		15.375000
7002		15.550000
7003		15.087501
7004		13.962501
7005		14.025001
7006		13.375000
7007		13.375000
7008		13.200000
7009		13.087501
7010		12.912500
7011		12.850000
7012		14.200000
7013		13.737500
7014		14.025001
7015		15.550000
7016		15.850000
7017		15.787500
7018		15.375000
7019		15.262500
7020		14.500000
7021		15.262500
7022		15.437500
7023		14.850000
7024		14.787500
7025		14.737500
7026		13.737500
7027		13.500000
7028		13.612500
7029		12.375000
7030		12.375000
7031		10.800000
7032		12.562500
7033		10.850000
7034		9.800000
7035		9.500000
7036		10.387500
7037		9.325000
7038		8.912500
7039		8.325000
7040		9.800000
7041		9.912500
7042		9.675000
7043		8.612500
7044		9.912500
7045		8.975000
7046		8.500000
7047		8.212501
7048		7.912500
7049		7.675000
7050		7.850000
7051		9.087501
7052		8.387500
7053		7.437500
7054		6.850000
7055		6.850000
7056		6.437500
7057		6.150000
7058		6.500000
7059		4.737500
7060		7.087500
7061		8.912500
7062		8.262500
7063		7.912500
7064		7.325000
7065		6.737500
7066		5.800000
7067		4.975000
7068		4.975000
7069		4.500000
7070		3.450000
7071		1.975000
7072		1.037500
7073		-0.725000
7074		-1.200000
7075		-0.850000
7076		0.562500
7077		0.100000
7078		1.800000
7079		0.862500
7080		1.500000
7081		-1.375000
7082		-0.262500
7083		-0.612500
7084		0.325000
7085		2.500000
7086		3.625000
7087		5.212500
7088		4.212500
7089		3.975000
7090		3.500000
7091		1.450000
7092		0.212500
7093		-0.550000
7094		-2.025000
7095		-1.087500
7096		-3.662500
7097		-3.375000
7098		-3.900000
7099		-6.250000
7100		-8.137500
7101		-8.375000
7102		-8.837500
7103		-9.200000
7104		-8.837500
7105		-7.900000
7106		-7.425000
7107		-7.487500
7108		-8.900000
7109		-9.487500
7110		-9.137500
7111		-6.200000
7112		-5.962500
7113		-5.312500
7114		-6.250000
7115		-6.550000
7116		-8.900000
7117		-8.487500
7118		-8.137500
7119		-9.787499
7120		-11.487500
7121		-9.137500
7122		-11.137500
7123		-11.250000
7124		-12.724999
7125		-12.250000
7126		-14.425000
7127		-15.599999
7128		-15.662499
7129		-15.012500
7130		-14.950000
7131		-12.775000
7132		-13.312500
7133		-12.724999
7134		-15.425000
7135		-14.950000
7136		-15.075000
7137		-14.662499
7138		-15.075000
7139		-14.137500
7140		-13.550000
7141		-14.012500
7142		-14.362500
7143		-13.662499
7144		-15.137500
7145		-15.075000
7146		-16.137501
7147		-16.662500
7148		-16.424999
7149		-16.837500
7150		-16.950001
7151		-16.012501
7152		-17.950001
7153		-18.712500
7154		-19.012501
7155		-19.900000
7156		-20.299999
7157		-21.125000
7158		-20.424999
7159		-20.487499
7160		-20.775000
7161		-20.950001
7162		-21.775000
7163		-22.075001
7164		-24.424999
7165		-22.362499
7166		-20.487499
7167		-19.487499
7168		-17.950001
7169		-15.950000
7170		-17.012501
7171		-16.424999
7172		-17.250000
7173		-18.537500
7174		-18.487499
7175		-18.900000
7176		-17.725000
7177		-18.424999
7178		-19.487499
7179		-21.662500
7180		-22.537500
7181		-24.012501
7182		-24.600000
7183		-21.775000
7184		-20.487499
7185		-18.012501
7186		-17.075001
7187		-18.250000
7188		-19.837500
7189		-22.537500
7190		-21.662500
7191		-22.424999
7192		-18.312500
7193		-17.250000
7194		-15.187500
7195		-15.187500
7196		-17.075001
7197		-21.662500
7198		-23.299999
7199		-25.887501
7200		-24.887501
7201		-23.775000
7202		-21.012501
7203		-19.487499
7204		-19.299999
7205		-19.662500
7206		-19.775000
7207		-21.125000
7208		-18.837500
7209		-17.250000
7210		-14.900000
7211		-13.775000
7212		-13.550000
7213		-15.362500
7214		-16.424999
7215		-19.424999
7216		-20.487499
7217		-20.775000
7218		-20.299999
7219		-20.250000
7220		-18.600000
7221		-19.362499
7222		-20.362499
7223		-22.250000
7224		-22.600000
7225		-23.125000
7226		-20.950001
7227		-19.900000
7228		-17.075001
7229		-17.075001
7230		-17.075001
7231		-18.312500
7232		-20.012501
7233		-21.662500
7234		-22.662500
7235		-22.424999
7236		-19.600000
7237		-19.712500
7238		-16.725000
7239		-17.362499
7240		-17.424999
7241		-19.600000
7242		-21.837500
7243		-23.362499
7244		-22.424999
7245		-20.950001
7246		-17.837500
7247		-16.600000
7248		-15.312500
7249		-15.425000
7250		-14.837500
7251		-15.599999
7252		-15.075000
7253		-15.012500
7254		-13.312500
7255		-12.137500
7256		-12.137500
7257		-12.250000
7258		-12.724999
7259		-13.075000
7260		-13.250000
7261		-12.550000
7262		-12.312500
7263		-13.075000
7264		-12.962500
7265		-14.312500
7266		-13.012500
7267		-13.250000
7268		-13.487500
7269		-13.250000
7270		-13.137500
7271		-12.837500
7272		-12.599999
7273		-11.187500
7274		-10.487500
7275		-9.137500
7276		-8.137500
7277		-8.312500
7278		-6.962500
7279		-6.900000
7280		-6.725000
7281		-5.075000
7282		-5.250000
7283		-4.312500
7284		-5.075000
7285		-5.550000
7286		-6.725000
7287		-7.137500
7288		-7.725000
7289		-6.962500
7290		-7.025000
7291		-6.487500
7292		-6.612500
7293		-7.837500
7294		-8.012500
7295		-8.962500
7296		-8.487500
7297		-7.837500
7298		-8.137500
7299		-7.425000
7300		-6.200000
7301		-4.725000
7302		-5.250000
7303		-3.725000
7304		-3.075000
7305		-2.137500
7306		-1.787500
7307		-0.900000
7308		-1.725000
7309		-0.137500
7310		0.325000
7311		0.500000
7312		-0.375000
7313		-0.025000
7314		0.100000
7315		0.450000
7316		-0.087500
7317		-0.200000
7318		0.275000
7319		0.500000
7320		0.150000
7321		0.387500
7322		-0.087500
7323		1.087500
7324		0.212500
7325		-0.200000
7326		0.500000
7327		0.500000
7328		-0.025000
7329		1.387500
7330		1.087500
7331		3.625000
7332		3.325000
7333		4.500000
7334		5.087500
7335		5.800000
7336		6.562500
7337		6.387500
7338		6.562500
7339		7.037500
7340		6.500000
7341		8.437500
7342		8.912500
7343		9.087501
7344		10.325000
7345		10.975000
7346		11.087501
7347		10.975000
7348		11.562500
7349		11.025001
7350		10.025001
7351		10.262500
7352		9.562500
7353		9.087501
7354		9.675000
7355		9.612500
7356		9.975000
7357		10.612500
7358		10.737500
7359		10.737500
7360		11.262500
7361		10.562500
7362		10.562500
7363		12.087501
7364		11.562500
7365		12.850000
7366		13.200000
7367		13.200000
7368		15.675000
7369		15.262500
7370		17.137501
7371		16.550001
7372		17.262501
7373		15.850000
7374		17.787500
7375		17.325001
7376		17.325001
7377		16.137501
7378		16.550001
7379		16.087500
7380		15.262500
7381		15.550000
7382		16.962500
7383		15.962501
7384		17.675001
7385		15.962501
7386		17.025000
7387		15.912500
7388		17.612501
7389		16.612501
7390		17.200001
7391		16.850000
7392		18.437500
7393		17.725000
7394		19.962500
7395		21.375000
7396		22.312500
7397		21.962500
7398		24.025000
7399		22.962500
7400		23.262501
7401		24.075001
7402		24.962500
7403		24.200001
7404		24.900000
7405		22.612501
7406		22.612501
7407		20.850000
7408		23.312500
7409		22.312500
7410		23.725000
7411		22.550001
7412		21.787500
7413		20.200001
7414		22.025000
7415		20.375000
7416		22.675001
7417		21.725000
7418		24.550001
7419		23.787500
7420		25.250000
7421		25.437500
7422		27.312500
7423		28.250000
7424		29.075001
7425		28.962500
7426		30.312500
7427		28.787500
7428		29.375000
7429		30.012501
7430		29.375000
7431		28.900000
7432		29.012501
7433		29.200001
7434		26.662500
7435		28.837500
7436		27.025000
7437		27.075001
7438		25.900000
7439		25.787500
7440		24.375000
7441		23.137501
7442		24.487501
7443		24.137501
7444		23.725000
7445		23.725000
7446		23.025000
7447		22.262501
7448		22.550001
7449		23.725000
7450		25.487501
7451		25.075001
7452		25.900000
7453		25.487501
7454		24.137501
7455		25.962500
7456		26.250000
7457		26.837500
7458		27.312500
7459		28.487501
7460		27.312500
7461		26.662500
7462		27.075001
7463		26.662500
7464		26.312500
7465		25.662500
7466		25.375000
7467		24.550001
7468		23.850000
7469		24.025000
7470		22.550001
7471		21.675001
7472		22.025000
7473		20.725000
7474		19.500000
7475		20.375000
7476		19.375000
7477		18.550001
7478		17.912500
7479		18.787500
7480		19.500000
7481		19.500000
7482		18.725000
7483		20.025000
7484		20.025000
7485		21.262501
7486		20.375000
7487		20.025000
7488		21.200001
7489		20.787500
7490		19.200001
7491		21.137501
7492		20.787500
7493		22.437500
7494		20.312500
7495		21.137501
7496		21.137501
7497		20.200001
7498		19.200001
7499		17.612501
7500		16.737501
7501		16.500000
7502		16.025000
7503		17.262501
7504		14.500000
7505		14.962501
7506		14.675000
7507		15.150001
7508		14.612500
7509		14.612500
7510		13.737500
7511		15.025001
7512		13.150001
7513		14.500000
7514		12.975000
7515		12.262500
7516		11.500000
7517		12.025001
7518		11.387500
7519		11.325000
7520		11.787500
7521		11.437500
7522		10.325000
7523		9.850000
7524		10.025001
7525		9.500000
7526		9.212501
7527		10.387500
7528		10.562500
7529		9.675000
7530		8.387500
7531		9.087501
7532		9.212501
7533		8.150001
7534		7.675000
7535		6.500000
7536		6.387500
7537		5.500000
7538		4.912500
7539		3.625000
7540		3.500000
7541		0.912500
7542		-0.787500
7543		-1.850000
7544		-2.262500
7545		-2.075000
7546		-0.375000
7547		0.150000
7548		0.325000
7549		-0.375000
7550		-2.487500
7551		-1.962500
7552		-2.550000
7553		-2.787500
7554		-2.312500
7555		-0.787500
7556		0.387500
7557		2.150000
7558		1.737500
7559		0.737500
7560		-0.375000
7561		-3.725000
7562		-5.837500
7563		-6.075000
7564		-6.025000
7565		-7.075000
7566		-8.012500
7567		-9.312500
7568		-10.425000
7569		-12.550000
7570		-14.187500
7571		-15.075000
7572		-13.137500
7573		-14.137500
7574		-13.425000
7575		-13.250000
7576		-11.900000
7577		-13.075000
7578		-12.662499
7579		-13.487500
7580		-13.012500
7581		-12.075000
7582		-11.962500
7583		-12.137500
7584		-12.012500
7585		-13.900000
7586		-14.312500
7587		-16.137501
7588		-15.950000
7589		-16.837500
7590		-17.075001
7591		-17.537500
7592		-15.950000
7593		-19.250000
7594		-19.837500
7595		-20.662500
7596		-22.075001
7597		-21.187500
7598		-23.600000
7599		-20.424999
7600		-22.424999
7601		-20.662500
7602		-20.012501
7603		-20.075001
7604		-21.075001
7605		-20.187500
7606		-22.362499
7607		-20.487499
7608		-21.950001
7609		-20.837500
7610		-20.950001
7611		-21.125000
7612		-19.712500
7613		-20.537500
7614		-22.125000
7615		-21.487499
7616		-22.424999
7617		-23.062500
7618		-22.950001
7619		-24.775000
7620		-24.062500
7621		-23.950001
7622		-24.600000
7623		-26.712500
7624		-26.012501
7625		-27.825001
7626		-25.837500
7627		-27.424999
7628		-27.424999
7629		-25.537500
7630		-28.825001
7631		-28.125000
7632		-29.475000
7633		-28.950001
7634		-30.000000
7635		-28.062500
7636		-28.125000
7637		-25.299999
7638		-24.600000
7639		-24.062500
7640		-23.299999
7641		-24.012501
7642		-24.299999
7643		-25.362499
7644		-23.662500
7645		-25.062500
7646		-25.950001
7647		-24.537500
7648		-28.950001
7649		-28.825001
7650		-32.125000
7651		-29.887501
7652		-30.650000
7653		-27.125000
7654		-26.775000
7655		-23.125000
7656		-25.537500
7657		-24.887501
7658		-29.125000
7659		-28.712500
7660		-31.000000
7661		-28.887501
7662		-26.887501
7663		-23.775000
7664		-22.362499
7665		-24.125000
7666		-25.650000
7667		-30.062500
7668		-35.062500
7669		-33.237499
7670		-34.412498
7671		-30.950001
7672		-29.887501
7673		-27.062500
7674		-28.012501
7675		-28.412500
7676		-29.475000
7677		-26.775000
7678		-25.775000
7679		-24.424999
7680		-20.012501
7681		-19.600000
7682		-20.362499
7683		-23.362499
7684		-23.012501
7685		-27.825001
7686		-26.600000
7687		-27.475000
7688		-25.250000
7689		-25.475000
7690		-23.250000
7691		-25.362499
7692		-25.837500
7693		-27.362499
7694		-29.187500
7695		-27.062500
7696		-27.424999
7697		-24.600000
7698		-22.537500
7699		-20.600000
7700		-22.537500
7701		-23.600000
7702		-26.237499
7703		-26.424999
7704		-28.012501
7705		-25.424999
7706		-23.537500
7707		-22.362499
7708		-20.250000
7709		-19.299999
7710		-21.662500
7711		-23.299999
7712		-24.775000
7713		-24.299999
7714		-23.712500
7715		-21.299999
7716		-18.537500
7717		-16.725000
7718		-15.900000
7719		-16.312500
7720		-16.075001
7721		-16.662500
7722		-15.900000
7723		-14.599999
7724		-13.425000
7725		-13.012500
7726		-12.012500
7727		-11.962500
7728		-12.550000
7729		-12.662499
7730		-12.837500
7731		-13.312500
7732		-12.187500
7733		-13.724999
7734		-13.550000
7735		-13.487500
7736		-13.425000
7737		-13.250000
7738		-12.900000
7739		-13.425000
7740		-11.962500
7741		-11.900000
7742		-11.137500
7743		-9.962500
7744		-9.012500
7745		-7.837500
7746		-6.837500
7747		-7.137500
7748		-6.250000
7749		-6.312500
7750		-5.075000
7751		-4.850000
7752		-3.850000
7753		-4.312500
7754		-4.137500
7755		-5.725000
7756		-5.612500
7757		-6.487500
7758		-6.662500
7759		-6.550000
7760		-5.550000
7761		-6.250000
7762		-6.375000
7763		-6.962500
7764		-7.787500
7765		-8.375000
7766		-7.375000
7767		-8.312500
7768		-7.075000
7769		-6.250000
7770		-4.487500
7771		-4.662500
7772		-3.025000
7773		-3.025000
7774		-2.725000
7775		-1.850000
7776		-1.850000
7777		-0.487500
7778		-0.025000
7779		0.737500
7780		1.737500
7781		2.037500
7782		1.562500
7783		0.800000
7784		0.912500
7785		0.800000
7786		0.450000
7787		1.737500
7788		1.862500
7789		2.037500
7790		2.037500
7791		1.975000
7792		2.975000
7793		1.562500
7794		1.625000
7795		1.687500
7796		1.450000
7797		2.150000
7798		1.687500
7799		2.675000
7800		3.862500
7801		4.912500
7802		5.850000
7803		6.437500
7804		7.262500
7805		8.437500
7806		8.025001
7807		9.387500
7808		8.612500
7809		9.387500
7810		9.975000
7811		10.387500
7812		11.150001
7813		12.262500
7814		12.025001
7815		13.025001
7816		13.262500
7817		12.737500
7818		11.787500
7819		12.562500
7820		11.500000
7821		12.025001
7822		11.262500
7823		10.800000
7824		11.150001
7825		11.850000
7826		11.562500
7827		12.850000
7828		11.562500
7829		13.087501
7830		12.437500
7831		12.787500
7832		12.850000
7833		14.200000
7834		13.737500
7835		14.375000
7836		15.262500
7837		16.262501
7838		16.550001
7839		17.725000
7840		18.087500
7841		19.675001
7842		19.725000
7843		20.787500
7844		20.200001
7845		20.312500
7846		19.137501
7847		19.550001
7848		18.200001
7849		18.137501
7850		18.437500
7851		19.962500
7852		19.087500
7853		20.087500
7854		20.262501
7855		19.725000
7856		18.725000
7857		20.675001
7858		19.025000
7859		17.912500
7860		19.612501
7861		20.262501
7862		20.375000
7863		22.137501
7864		21.375000
7865		22.200001
7866		23.137501
7867		23.137501
7868		23.437500
7869		23.437500
7870		25.200001
7871		24.312500
7872		25.025000
7873		23.375000
7874		22.850000
7875		21.550001
7876		20.962500
7877		20.375000
7878		21.137501
7879		21.437500
7880		21.725000
7881		18.787500
7882		19.200001
7883		18.137501
7884		18.912500
7885		19.137501
7886		20.787500
7887		20.025000
7888		21.675001
7889		20.962500
7890		22.375000
7891		22.437500
7892		25.662500
7893		23.725000
7894		25.787500
7895		24.787500
7896		25.312500
7897		24.962500
7898		24.612501
7899		24.312500
7900		24.437500
7901		23.375000
7902		24.025000
7903		23.312500
7904		22.137501
7905		22.850000
7906		22.900000
7907		21.487501
7908		21.087500
7909		18.200001
7910		18.675001
7911		17.725000
7912		19.200001
7913		17.962500
7914		18.612501
7915		17.500000
7916		18.612501
7917		17.550001
7918		18.325001
7919		19.025000
7920		20.500000
7921		19.612501
7922		19.437500
7923		18.962500
7924		19.137501
7925		18.850000
7926		21.850000
7927		20.787500
7928		23.312500
7929		21.087500
7930		21.262501
7931		19.962500
7932		21.375000
7933		19.087500
7934		20.675001
7935		18.725000
7936		20.087500
7937		18.200001
7938		18.262501
7939		16.737501
7940		17.087500
7941		15.375000
7942		15.500000
7943		14.912500
7944		14.375000
7945		12.562500
7946		14.025001
7947		13.025001
7948		13.612500
7949		13.325000
7950		12.912500
7951		14.025001
7952		14.437500
7953		15.375000
7954		15.087501
7955		14.912500
7956		14.850000
7957		14.200000
7958		13.850000
7959		13.500000
7960		14.025001
7961		14.025001
7962		15.500000
7963		15.550000
7964		15.025001
7965		13.562500
7966		14.787500
7967		12.612500
7968		11.437500
7969		10.387500
7970		8.850000
7971		9.975000
7972		10.325000
7973		10.500000
7974		9.612500
7975		9.150001
7976		7.262500
7977		6.975000
7978		6.500000
7979		7.262500
7980		8.737500
7981		7.562500
7982		8.087501
7983		7.562500
7984		6.850000
7985		5.912500
7986		4.850000
7987		4.562500
7988		4.037500
7989		4.625000
7990		5.325000
7991		3.500000
7992		4.325000
7993		4.150000
7994		2.800000
7995		2.275000
7996		4.150000
7997		2.212500
7998		3.625000
7999		3.212500
8000		3.912500
8001		4.212500
8002		2.625000
8003		3.450000
8004		0.500000
8005		0.562500
8006		-1.550000
8007		-0.900000
8008		-1.200000
8009		-1.787500
8010		-3.550000
8011		-4.200000
8012		-5.837500
8013		-4.962500
8014		-6.662500
8015		-6.550000
8016		-4.725000
8017		-5.200000
8018		-5.025000
8019		-5.487500
8020		-5.312500
8021		-6.437500
8022		-6.200000
8023		-6.437500
8024		-4.725000
8025		-4.137500
8026		-2.487500
8027		-1.200000
8028		-1.375000
8029		-2.850000
8030		-4.137500
8031		-5.612500
8032		-7.550000
8033		-8.425000
8034		-7.025000
8035		-8.075000
8036		-8.550000
8037		-9.487500
8038		-11.487500
8039		-14.137500
8040		-14.900000
8041		-13.837500
8042		-14.137500
8043		-12.375000
8044		-13.250000
8045		-11.425000
8046		-10.962500
8047		-10.900000
8048		-13.075000
8049		-11.137500
8050		-10.250000
8051		-9.724999
8052		-8.612500
8053		-8.200000
8054		-9.312500
8055		-10.787499
8056		-11.250000
8057		-12.075000
8058		-12.599999
8059		-12.900000
8060		-13.012500
8061		-12.487500
8062		-14.487500
8063		-15.312500
8064		-14.487500
8065		-17.250000
8066		-17.662500
8067		-16.537500
8068		-18.312500
8069		-16.775000
8070		-17.075001
8071		-17.012501
8072		-17.075001
8073		-17.600000
8074		-16.950001
8075		-17.600000
8076		-16.362499
8077		-16.662500
8078		-15.599999
8079		-16.187500
8080		-16.137501
8081		-15.487500
8082		-14.662499
8083		-15.487500
8084		-15.950000
8085		-16.662500
8086		-16.075001
8087		-17.662500
8088		-16.662500
8089		-18.424999
8090		-16.837500
8091		-17.950001
8092		-19.837500
8093		-19.775000
8094		-18.900000
8095		-20.250000
8096		-19.712500
8097		-19.187500
8098		-19.662500
8099		-20.775000
8100		-20.299999
8101		-20.775000
8102		-21.600000
8103		-22.537500
8104		-20.837500
8105		-21.362499
8106		-19.662500
8107		-18.424999
8108		-16.075001
8109		-17.250000
8110		-17.725000
8111		-17.725000
8112		-18.537500
8113		-18.250000
8114		-19.012501
8115		-16.837500
8116		-18.712500
8117		-20.187500
8118		-23.250000
8119		-25.424999
8120		-24.887501
8121		-26.187500
8122		-22.012501
8123		-20.950001
8124		-18.537500
8125		-17.900000
8126		-18.424999
8127		-20.299999
8128		-23.125000
8129		-24.424999
8130		-23.424999
8131		-21.250000
8132		-18.250000
8133		-15.012500
8134		-15.425000
8135		-16.075001
8136		-21.125000
8137		-25.837500
8138		-27.187500
8139		-27.825001
8140		-25.837500
8141		-22.475000
8142		-19.775000
8143		-19.250000
8144		-20.250000
8145		-19.950001
8146		-21.012501
8147		-19.250000
8148		-17.837500
8149		-13.012500
8150		-14.012500
8151		-12.550000
8152		-13.487500
8153		-16.600000
8154		-18.312500
8155		-19.662500
8156		-21.125000
8157		-18.712500
8158		-18.125000
8159		-15.775000
8160		-16.487499
8161		-17.662500
8162		-18.424999
8163		-20.487499
8164		-22.712500
8165		-19.125000
8166		-17.487499
8167		-15.662499
8168		-14.662499
8169		-13.312500
8170		-15.724999
8171		-15.724999
8172		-17.662500
8173		-19.075001
8174		-19.600000
8175		-16.662500
8176		-15.012500
8177		-13.550000
8178		-12.375000
8179		-13.075000
8180		-14.425000
8181		-16.775000
8182		-17.837500
8183		-16.900000
8184		-15.724999
8185		-13.312500
8186		-12.075000
8187		-9.487500
8188		-8.425000
8189		-9.137500
8190		-10.724999
8191		-9.787499
8192		-10.012500
8193		-7.075000
8194		-8.612500
8195		-9.137500
8196		-7.900000
8197		-8.425000
8198		-9.787499
8199		-9.550000
8200		-9.900000
8201		-9.962500
8202		-10.662499
8203		-10.837500
8204		-10.962500
8205		-10.599999
8206		-10.787499
8207		-9.787499
8208		-9.599999
8209		-9.012500
8210		-7.612500
8211		-7.425000
8212		-6.250000
8213		-6.075000
8214		-6.725000
8215		-5.200000
8216		-5.612500
8217		-4.375000
8218		-5.075000
8219		-4.725000
8220		-6.075000
8221		-6.900000
8222		-7.025000
8223		-7.137500
8224		-6.550000
8225		-6.075000
8226		-6.962500
8227		-6.200000
8228		-7.662500
8229		-8.425000
8230		-7.962500
8231		-9.375000
8232		-7.662500
8233		-8.012500
8234		-7.962500
8235		-6.487500
8236		-5.250000
8237		-4.962500
8238		-3.550000
8239		-3.137500
8240		-3.437500
8241		-2.025000
8242		-1.200000
8243		-1.850000
8244		-0.900000
8245		-0.087500
8246		0.687500
8247		0.325000
8248		0.500000
8249		-0.200000
8250		0.275000
8251		-0.312500
8252		0.037500
8253		0.625000
8254		1.275000
8255		0.687500
8256		0.500000
8257		1.150000
8258		0.625000
8259		-0.087500
8260		0.562500
8261		-0.550000
8262		1.500000
8263		0.800000
8264		1.687500
8265		2.325000
8266		3.275000
8267		3.800000
8268		4.912500
8269		5.325000
8270		6.562500
8271		6.387500
8272		7.562500
8273		7.562500
8274		8.325000
8275		7.912500
8276		9.325000
8277		9.025001
8278		10.437500
8279		10.387500
8280		11.150001
8281		10.437500
8282		12.087501
8283		11.087501
8284		11.150001
8285		9.612500
8286		10.562500
8287		9.850000
8288		9.612500
8289		9.150001
8290		9.800000
8291		9.612500
8292		11.025001
8293		10.800000
8294		11.737500
8295		10.562500
8296		11.675000
8297		11.387500
8298		12.150001
8299		12.612500
8300		12.737500
8301		13.087501
8302		14.850000
8303		14.375000
8304		16.137501
8305		16.737501
8306		18.137501
8307		17.850000
8308		18.200001
8309		18.437500
8310		18.325001
8311		17.850000
8312		18.025000
8313		16.737501
8314		16.675001
8315		16.500000
8316		15.962501
8317		17.612501
8318		17.500000
8319		17.850000
8320		17.725000
8321		17.025000
8322		17.137501
8323		17.612501
8324		17.262501
8325		17.850000
8326		17.850000
8327		18.550001
8328		19.200001
8329		20.500000
8330		21.137501
8331		21.675001
8332		22.437500
8333		21.962500
8334		22.962500
8335		24.025000
8336		23.725000
8337		24.612501
8338		23.962500
8339		23.200001
8340		22.262501
8341		21.200001
8342		21.375000
8343		21.487501
8344		21.437500
8345		21.962500
8346		21.087500
8347		21.087500
8348		19.087500
8349		20.137501
8350		19.025000
8351		20.312500
8352		21.087500
8353		22.087500
8354		22.487501
8355		23.487501
8356		24.075001
8357		25.725000
8358		25.662500
8359		27.312500
8360		26.662500
8361		27.487501
8362		26.662500
8363		27.025000
8364		27.837500
8365		27.725000
8366		27.312500
8367		26.900000
8368		26.550001
8369		24.962500
8370		26.137501
8371		26.025000
8372		24.312500
8373		23.612501
8374		23.662500
8375		22.025000
8376		22.550001
8377		21.787500
8378		20.850000
8379		20.675001
8380		19.500000
8381		20.437500
8382		21.025000
8383		21.962500
8384		22.312500
8385		22.850000
8386		23.437500
8387		23.487501
8388		22.725000
8389		24.025000
8390		22.850000
8391		25.075001
8392		25.075001
8393		27.662500
8394		27.375000
8395		27.612501
8396		26.725000
8397		26.250000
8398		25.137501
8399		25.250000
8400		24.487501
8401		24.200001
8402		24.200001
8403		23.612501
8404		23.137501
8405		22.437500
8406		21.612501
8407		20.550001
8408		21.087500
8409		19.375000
8410		18.550001
8411		18.787500
8412		18.500000
8413		17.200001
8414		18.325001
8415		19.137501
8416		18.375000
8417		19.262501
8418		21.200001
8419		20.787500
8420		21.137501
8421		20.375000
8422		21.262501
8423		18.787500
8424		20.850000
8425		19.137501
8426		20.675001
8427		19.612501
8428		21.375000
8429		21.087500
8430		21.200001
8431		19.675001
8432		19.612501
8433		17.325001
8434		18.675001
8435		15.787500
8436		15.737500
8437		16.200001
8438		16.550001
8439		14.675000
8440		15.787500
8441		14.500000
8442		14.262500
8443		12.912500
8444		11.975000
8445		13.200000
8446		13.200000
8447		12.612500
8448		12.262500
8449		12.025001
8450		11.025001
8451		10.800000
8452		10.500000
8453		9.562500
8454		9.500000
8455		9.387500
8456		10.200000
8457		9.675000
8458		9.675000
8459		8.912500
8460		9.212501
8461		9.387500
8462		9.675000
8463		8.387500
8464		8.025001
8465		9.150001
8466		9.437500
8467		9.087501
8468		9.212501
8469		7.562500
8470		6.625000
8471		6.562500
8472		5.850000
8473		5.087500
8474		4.450000
8475		4.037500
8476		3.037500
8477		0.500000
8478		0.212500
8479		-0.025000
8480		0.562500
8481		0.687500
8482		1.562500
8483		0.737500
8484		2.150000
8485		1.387500
8486		-0.487500
8487		-0.087500
8488		0.037500
8489		1.212500
8490		2.562500
8491		3.912500
8492		5.850000
8493		6.150000
8494		2.037500
8495		2.450000
8496		0.500000
8497		-0.725000
8498		-2.137500
8499		-1.262500
8500		-3.375000
8501		-2.900000
8502		-4.550000
8503		-5.900000
8504		-7.725000
8505		-8.550000
8506		-8.962500
8507		-8.075000
8508		-7.075000
8509		-7.075000
8510		-7.725000
8511		-6.962500
8512		-7.612500
8513		-7.375000
8514		-8.375000
8515		-6.487500
8516		-6.725000
8517		-5.725000
8518		-5.787500
8519		-5.837500
8520		-7.375000
8521		-7.375000
8522		-10.550000
8523		-9.312500
8524		-11.075000
8525		-10.724999
8526		-11.900000
8527		-11.075000
8528		-12.724999
8529		-13.599999
8530		-15.662499
8531		-16.725000
8532		-16.312500
8533		-16.075001
8534		-16.725000
8535		-15.599999
8536		-15.599999
8537		-15.662499
8538		-16.362499
8539		-16.725000
8540		-17.424999
8541		-16.362499
8542		-17.662500
8543		-16.725000
8544		-17.900000
8545		-16.837500
8546		-16.662500
8547		-16.837500
8548		-17.600000
8549		-17.950001
8550		-19.424999
8551		-19.187500
8552		-20.125000
8553		-20.075001
8554		-22.012501
8555		-21.075001
8556		-22.537500
8557		-22.299999
8558		-23.475000
8559		-24.600000
8560		-24.424999
8561		-23.299999
8562		-25.187500
8563		-24.600000
8564		-24.475000
8565		-24.424999
8566		-26.537500
8567		-26.600000
8568		-27.299999
8569		-27.125000
8570		-27.299999
8571		-23.837500
8572		-23.837500
8573		-22.075001
8574		-22.250000
8575		-22.537500
8576		-23.887501
8577		-24.712500
8578		-23.887501
8579		-25.012501
8580		-25.062500
8581		-25.062500
8582		-26.062500
8583		-27.712500
8584		-30.187500
8585		-31.775000
8586		-31.187500
8587		-30.537500
8588		-27.825001
8589		-26.125000
8590		-24.712500
8591		-25.775000
8592		-26.775000
8593		-27.537500
8594		-31.062500
8595		-29.412500
8596		-29.187500
8597		-24.187500
8598		-23.187500
8599		-21.250000
8600		-24.600000
8601		-26.062500
8602		-30.000000
8603		-34.000000
8604		-34.000000
8605		-33.000000
8606		-30.299999
8607		-27.299999
8608		-26.062500
8609		-27.125000
8610		-27.650000
8611		-27.600000
8612		-28.600000
8613		-25.012501
8614		-25.537500
8615		-21.250000
8616		-19.600000
8617		-20.775000
8618		-22.424999
8619		-23.475000
8620		-24.650000
8621		-26.887501
8622		-25.424999
8623		-25.712500
8624		-23.712500
8625		-25.012501
8626		-24.600000
8627		-25.887501
8628		-25.475000
8629		-27.187500
8630		-24.299999
8631		-25.424999
8632		-20.662500
8633		-21.424999
8634		-18.950001
8635		-23.887501
8636		-22.250000
8637		-24.299999
8638		-24.250000
8639		-26.650000
8640		-22.837500
8641		-23.950001
8642		-19.837500
8643		-19.362499
8644		-20.250000
8645		-22.012501
8646		-23.837500
8647		-25.712500
8648		-25.650000
8649		-25.362499
8650		-20.712500
8651		-20.187500
8652		-18.312500
8653		-17.775000
8654		-17.487499
8655		-17.900000
8656		-17.662500
8657		-18.312500
8658		-15.187500
8659		-16.775000
8660		-13.724999
8661		-15.187500
8662		-16.137501
8663		-16.537500
8664		-16.775000
8665		-18.662500
8666		-15.837500
8667		-17.250000
8668		-16.662500
8669		-18.012501
8670		-17.537500
8671		-19.950001
8672		-18.900000
8673		-18.125000
8674		-17.362499
8675		-19.187500
8676		-17.187500
8677		-16.950001
8678		-14.837500
8679		-14.599999
8680		-13.312500
8681		-14.137500
8682		-12.375000
8683		-13.900000
8684		-11.137500
8685		-13.012500
8686		-11.550000
8687		-10.724999
8688		-10.250000
8689		-12.187500
8690		-12.425000
8691		-13.187500
8692		-12.487500
8693		-11.775000
8694		-11.075000
8695		-11.837500
8696		-10.425000
8697		-12.250000
8698		-13.012500
8699		-13.775000
8700		-13.425000
8701		-12.425000
8702		-12.775000
8703		-11.187500
8704		-9.200000
8705		-7.900000
8706		-8.200000
8707		-6.962500
8708		-7.137500
8709		-6.025000
8710		-5.200000
8711		-4.250000
8712		-3.662500
8713		-2.075000
8714		-1.900000
8715		-0.675000
8716		-0.787500
8717		0.275000
8718		-1.137500
8719		-0.262500
8720		-0.375000
8721		0.037500
8722		-0.612500
8723		0.037500
8724		0.150000
8725		0.975000
8726		0.562500
8727		0.800000
8728		0.800000
8729		1.737500
8730		1.387500
8731		1.500000
8732		0.862500
8733		1.862500
8734		2.150000
8735		2.275000
8736		3.037500
8737		4.387500
8738		5.087500
8739		6.437500
8740		7.500000
8741		7.800000
8742		8.387500
8743		9.212501
8744		8.612500
8745		8.675000
8746		9.387500
8747		10.200000
8748		10.675000
8749		11.737500
8750		12.150001
8751		12.262500
8752		12.325000
8753		12.150001
8754		12.087501
8755		11.387500
8756		10.800000
8757		11.025001
8758		10.262500
8759		10.387500
8760		10.675000
8761		11.150001
8762		10.850000
8763		11.087501
8764		11.325000
8765		11.562500
8766		12.737500
8767		12.025001
8768		12.375000
8769		12.500000
8770		14.325000
8771		14.500000
8772		14.787500
8773		15.737500
8774		16.437500
8775		17.025000
8776		18.550001
8777		17.912500
8778		18.962500
8779		19.500000
8780		19.787500
8781		19.312500
8782		18.612501
8783		17.850000
8784		17.850000
8785		17.912500
8786		19.025000
8787		18.550001
8788		19.375000
8789		18.787500
8790		19.312500
8791		18.612501
8792		18.962500
8793		19.025000
8794		19.500000
8795		19.312500
8796		20.375000
8797		20.262501
8798		22.262501
8799		22.025000
8800		23.137501
8801		24.375000
8802		25.075001
8803		23.437500
8804		24.550001
8805		25.437500
8806		25.962500
8807		24.662500
8808		25.662500
8809		24.612501
8810		23.437500
8811		22.312500
8812		24.075001
8813		23.487501
8814		23.850000
8815		23.312500
8816		23.200001
8817		22.612501
8818		21.375000
8819		21.137501
8820		22.262501
8821		22.262501
8822		23.487501
8823		23.487501
8824		25.550001
8825		25.025000
8826		26.075001
8827		27.200001
8828		28.425001
8829		27.900000
8830		28.487501
8831		29.137501
8832		28.200001
8833		28.900000
8834		29.200001
8835		29.662500
8836		29.012501
8837		28.787500
8838		28.787500
8839		28.900000
8840		28.725000
8841		27.075001
8842		27.250000
8843		27.137501
8844		25.200001
8845		24.900000
8846		25.075001
8847		24.612501
8848		24.487501
8849		24.075001
8850		24.137501
8851		23.850000
8852		24.075001
8853		25.025000
8854		25.487501
8855		25.550001
8856		25.850000
8857		25.375000
8858		23.900000
8859		25.375000
8860		24.962500
8861		26.437500
8862		25.662500
8863		28.200001
8864		26.900000
8865		27.250000
8866		27.250000
8867		25.200001
8868		23.962500
8869		24.200001
8870		23.075001
8871		23.662500
8872		23.025000
8873		22.437500
8874		21.725000
8875		20.962500
8876		18.850000
8877		18.437500
8878		17.325001
8879		17.437500
8880		15.325000
8881		17.137501
8882		14.150001
8883		16.087500
8884		15.675000
8885		15.787500
8886		14.962501
8887		15.912500
8888		14.500000
8889		16.850000
8890		16.500000
8891		16.787500
8892		15.325000
8893		17.025000
8894		15.675000
8895		16.087500
8896		14.562500
8897		16.200001
8898		16.850000
8899		14.850000
8900		15.262500
8901		15.087501
8902		13.675000
8903		12.912500
8904		11.737500
8905		10.675000
8906		10.262500
8907		11.325000
8908		9.500000
8909		9.850000
8910		8.612500
8911		8.912500
8912		7.150000
8913		8.325000
8914		5.850000
8915		8.025001
8916		5.450000
8917		5.800000
8918		6.087500
8919		6.150000
8920		4.387500
8921		4.562500
8922		4.500000
8923		2.500000
8924		3.625000
8925		3.737500
8926		2.975000
8927		3.150000
8928		2.087500
8929		2.275000
8930		1.975000
8931		3.912500
8932		1.862500
8933		3.862500
8934		3.037500
8935		3.500000
8936		1.862500
8937		2.500000
8938		2.325000
8939		1.212500
8940		-0.612500
8941		0.862500
8942		0.100000
8943		-0.312500
8944		-2.137500
8945		-2.850000
8946		-4.662500
8947		-5.487500
8948		-6.375000
8949		-6.312500
8950		-5.787500
8951		-5.662500
8952		-3.487500
8953		-5.662500
8954		-5.612500
8955		-5.837500
8956		-5.787500
8957		-7.025000
8958		-4.075000
8959		-4.200000
8960		-2.375000
8961		-1.850000
8962		-0.550000
8963		-3.137500
8964		-2.675000
8965		-5.250000
8966		-5.025000
8967		-8.250000
8968		-7.425000
8969		-8.962500
8970		-9.487500
8971		-11.012500
8972		-11.187500
8973		-13.599999
8974		-13.550000
8975		-15.362500
8976		-15.137500
8977		-15.775000
8978		-13.250000
8979		-14.362500
8980		-13.312500
8981		-14.312500
8982		-13.962500
8983		-14.187500
8984		-13.425000
8985		-13.662499
8986		-12.312500
8987		-12.137500
8988		-11.724999
8989		-13.187500
8990		-14.012500
8991		-16.487499
8992		-14.599999
8993		-17.837500
8994		-16.362499
8995		-16.950001
8996		-17.537500
8997		-19.362499
8998		-18.250000
8999		-21.187500
9000		-21.600000
9001		-22.662500
9002		-23.424999
9003		-21.775000
9004		-20.950001
9005		-20.662500
9006		-20.662500
9007		-21.662500
9008		-22.775000
9009		-22.537500
9010		-23.250000
9011		-22.187500
9012		-21.712500
9013		-23.887501
9014		-22.187500
9015		-22.712500
9016		-22.250000
9017		-21.837500
9018		-22.837500
9019		-23.600000
9020		-22.125000
9021		-24.250000
9022		-24.125000
9023		-24.299999
9024		-23.475000
9025		-24.424999
9026		-24.600000
9027		-25.424999
9028		-25.950001
9029		-26.537500
9030		-27.012501
9031		-26.125000
9032		-26.362499
9033		-27.424999
9034		-26.712500
9035		-25.012501
9036		-25.837500
9037		-25.950001
9038		-26.825001
9039		-26.712500
9040		-24.537500
9041		-23.887501
9042		-21.424999
9043		-20.775000
9044		-18.424999
9045		-20.600000
9046		-20.950001
9047		-21.487499
9048		-21.537500
9049		-22.299999
9050		-22.075001
9051		-22.662500
9052		-24.125000
9053		-25.062500
9054		-26.887501
9055		-27.362499
9056		-26.600000
9057		-24.837500
9058		-24.125000
9059		-20.837500
9060		-20.950001
9061		-20.537500
9062		-23.125000
9063		-25.299999
9064		-26.950001
9065		-24.950001
9066		-23.537500
9067		-20.187500
9068		-17.950001
9069		-18.250000
9070		-20.362499
9071		-23.187500
9072		-27.887501
9073		-29.125000
9074		-27.825001
9075		-25.775000
9076		-23.887501
9077		-23.125000
9078		-22.424999
9079		-23.062500
9080		-23.125000
9081		-20.712500
9082		-21.775000
9083		-20.887501
9084		-17.012501
9085		-14.599999
9086		-15.012500
9087		-15.187500
9088		-17.250000
9089		-17.725000
9090		-19.299999
9091		-20.075001
9092		-19.712500
9093		-17.012501
9094		-17.950001
9095		-17.075001
9096		-19.775000
9097		-18.537500
9098		-20.600000
9099		-20.075001
9100		-18.125000
9101		-16.775000
9102		-12.724999
9103		-13.775000
9104		-14.075000
9105		-14.487500
9106		-17.075001
9107		-18.012501
9108		-18.537500
9109		-17.487499
9110		-16.362499
9111		-14.550000
9112		-12.137500
9113		-14.425000
9114		-14.425000
9115		-16.312500
9116		-17.662500
9117		-19.900000
9118		-17.600000
9119		-17.725000
9120		-14.137500
9121		-13.250000
9122		-10.137500
9123		-10.962500
9124		-11.137500
9125		-11.550000
9126		-11.662499
9127		-11.487500
9128		-9.487500
9129		-8.250000
9130		-8.900000
9131		-9.487500
9132		-8.425000
9133		-9.837500
9134		-8.837500
9135		-10.724999
9136		-9.375000
9137		-10.662499
9138		-9.200000
9139		-10.962500
9140		-11.550000
9141		-10.487500
9142		-11.375000
9143		-13.425000
9144		-10.724999
9145		-11.187500
9146		-9.599999
9147		-8.900000
9148		-7.550000
9149		-5.250000
9150		-5.962500
9151		-7.487500
9152		-4.137500
9153		-6.787500
9154		-3.900000
9155		-4.200000
9156		-3.025000
9157		-2.725000
9158		-1.200000
9159		-3.375000
9160		-2.962500
9161		-4.437500
9162		-3.962500
9163		-6.137500
9164		-3.550000
9165		-4.075000
9166		-2.787500
9167		-3.787500
9168		-4.725000
9169		-5.025000
9170		-4.487500
9171		-4.787500
9172		-4.662500
9173		-3.262500
9174		-1.962500
9175		-1.262500
9176		-0.437500
9177		-0.262500
9178		-0.262500
9179		1.037500
9180		0.862500
9181		2.087500
9182		3.037500
9183		4.500000
9184		4.500000
9185		4.912500
9186		5.262500
9187		6.262500
9188		5.087500
9189		5.800000
9190		3.912500
9191		4.037500
9192		4.675000
9193		6.387500
9194		5.212500
9195		6.150000
9196		5.912500
9197		4.800000
9198		5.087500
9199		5.212500
9200		5.212500
9201		4.212500
9202		4.737500
9203		5.037500
9204		4.625000
9205		5.675000
9206		5.975000
9207		7.387500
9208		7.087500
9209		8.387500
9210		7.912500
9211		8.562500
9212		8.737500
9213		8.737500
9214		8.262500
9215		9.212501
9216		9.612500
9217		10.850000
9218		10.387500
9219		11.737500
9220		10.975000
9221		10.850000
9222		10.850000
9223		10.850000
9224		11.150001
9225		10.737500
9226		10.150001
9227		9.612500
9228		9.975000
9229		10.612500
9230		10.500000
9231		10.975000
9232		9.912500
9233		11.087501
9234		10.975000
9235		10.737500
9236		11.437500
9237		12.912500
9238		12.262500
9239		12.850000
9240		12.375000
9241		13.612500
9242		14.437500
9243		15.375000
9244		15.675000
9245		16.262501
9246		16.675001
9247		17.725000
9248		17.612501
9249		18.850000
9250		18.137501
9251		17.550001
9252		17.325001
9253		16.787500
9254		16.550001
9255		17.325001
9256		17.437500
9257		18.675001
9258		18.087500
9259		18.550001
9260		18.025000
9261		18.137501
9262		18.612501
9263		18.025000
9264		18.025000
9265		18.375000
9266		18.500000
9267		20.500000
9268		21.262501
9269		22.312500
9270		22.262501
9271		22.312500
9272		23.262501
9273		23.137501
9274		23.612501
9275		24.900000
9276		24.662500
9277		24.662500
9278		23.725000
9279		23.312500
9280		22.612501
9281		20.500000
9282		21.550001
9283		21.200001
9284		22.375000
9285		21.850000
9286		21.900000
9287		20.787500
9288		21.137501
9289		20.725000
9290		21.262501
9291		20.725000
9292		22.900000
9293		22.312500
9294		23.612501
9295		23.900000
9296		25.900000
9297		26.962500
9298		27.312500
9299		27.837500
9300		27.962500
9301		27.837500
9302		28.200001
9303		27.900000
9304		27.312500
9305		28.312500
9306		26.612501
9307		26.725000
9308		26.075001
9309		27.250000
9310		26.550001
9311		25.550001
9312		25.787500
9313		23.850000
9314		23.312500
9315		23.550001
9316		23.075001
9317		22.487501
9318		22.612501
9319		22.437500
9320		22.312500
9321		21.725000
9322		22.312500
9323		22.850000
9324		24.375000
9325		24.075001
9326		23.850000
9327		23.137501
9328		23.612501
9329		22.487501
9330		25.250000
9331		25.250000
9332		26.550001
9333		26.487501
9334		27.137501
9335		25.375000
9336		25.612501
9337		24.612501
9338		24.662500
9339		24.200001
9340		23.487501
9341		22.137501
9342		22.725000
9343		21.262501
9344		21.137501
9345		19.900000
9346		19.787500
9347		19.025000
9348		18.325001
9349		18.262501
9350		17.725000
9351		16.912500
9352		17.200001
9353		16.850000
9354		16.500000
9355		16.612501
9356		16.962500
9357		18.200001
9358		18.325001
9359		18.325001
9360		17.962500
9361		19.312500
9362		19.612501
9363		18.437500
9364		19.375000
9365		19.262501
9366		19.725000
9367		18.612501
9368		18.962500
9369		18.612501
9370		18.200001
9371		15.850000
9372		16.500000
9373		15.675000
9374		14.912500
9375		15.200000
9376		12.562500
9377		14.200000
9378		13.025001
9379		13.025001
9380		11.975000
9381		11.150001
9382		10.975000
9383		11.787500
9384		11.562500
9385		11.612500
9386		10.800000
9387		10.975000
9388		11.975000
9389		9.850000
9390		9.975000
9391		9.325000
9392		8.675000
9393		8.912500
9394		9.387500
9395		7.325000
9396		8.150001
9397		8.387500
9398		7.325000
9399		8.150001
9400		8.150001
9401		8.150001
9402		9.325000
9403		10.150001
9404		7.912500
9405		9.850000
9406		8.675000
9407		8.737500
9408		7.387500
9409		6.437500
9410		6.500000
9411		5.562500
9412		5.675000
9413		5.562500
9414		4.450000
9415		4.625000
9416		-0.200000
9417		-0.025000
9418		-1.262500
9419		-0.612500
9420		0.212500
9421		1.275000
9422		0.912500
9423		2.387500
9424		-0.550000
9425		1.275000
9426		-1.375000
9427		-0.675000
9428		0.150000
9429		2.675000
9430		4.625000
9431		5.325000
9432		5.262500
9433		4.037500
9434		2.562500
9435		2.562500
9436		-0.725000
9437		-1.375000
9438		-2.375000
9439		-1.675000
9440		-3.137500
9441		-4.662500
9442		-5.787500
9443		-7.250000
9444		-8.425000
9445		-8.787499
9446		-9.900000
9447		-9.200000
9448		-8.612500
9449		-7.962500
9450		-7.425000
9451		-7.837500
9452		-8.612500
9453		-7.725000
9454		-7.550000
9455		-5.787500
9456		-5.962500
9457		-6.437500
9458		-6.837500
9459		-6.200000
9460		-7.837500
9461		-9.837500
9462		-10.375000
9463		-10.787499
9464		-11.250000
9465		-12.075000
9466		-12.599999
9467		-13.724999
9468		-13.250000
9469		-15.362500
9470		-15.900000
9471		-16.362499
9472		-16.950001
9473		-16.487499
9474		-15.599999
9475		-15.187500
9476		-15.487500
9477		-15.362500
9478		-15.012500
9479		-16.012501
9480		-16.662500
9481		-15.775000
9482		-14.950000
9483		-16.250000
9484		-15.137500
9485		-14.775000
9486		-15.837500
9487		-15.950000
9488		-15.950000
9489		-15.950000
9490		-16.250000
9491		-16.187500
9492		-16.600000
9493		-17.424999
9494		-17.362499
9495		-18.250000
9496		-18.600000
9497		-19.299999
9498		-20.125000
9499		-20.012501
9500		-20.362499
9501		-20.600000
9502		-21.075001
9503		-21.012501
9504		-21.250000
9505		-21.250000
9506		-21.075001
9507		-23.062500
9508		-22.662500
9509		-21.837500
9510		-19.712500
9511		-18.487499
9512		-17.950001
9513		-16.775000
9514		-16.662500
9515		-16.725000
9516		-17.537500
9517		-18.537500
9518		-17.362499
9519		-17.662500
9520		-17.600000
9521		-18.312500
9522		-21.250000
9523		-21.775000
9524		-24.012501
9525		-24.475000
9526		-24.475000
9527		-23.125000
9528		-21.012501
9529		-19.075001
9530		-20.075001
9531		-20.487499
9532		-22.475000
9533		-25.299999
9534		-26.424999
9535		-24.475000
9536		-21.837500
9537		-19.537500
9538		-18.712500
9539		-18.600000
9540		-21.075001
9541		-25.650000
9542		-27.424999
9543		-30.299999
9544		-29.775000
9545		-27.299999
9546		-26.600000
9547		-23.062500
9548		-23.125000
9549		-23.775000
9550		-25.012501
9551		-25.362499
9552		-22.250000
9553		-19.712500
9554		-17.537500
9555		-17.600000
9556		-17.250000
9557		-18.600000
9558		-21.125000
9559		-22.950001
9560		-24.125000
9561		-24.362499
9562		-23.537500
9563		-22.250000
9564		-21.537500
9565		-22.537500
9566		-24.187500
9567		-24.537500
9568		-25.475000
9569		-25.362499
9570		-23.012501
9571		-21.362499
9572		-18.950001
9573		-17.662500
9574		-18.775000
9575		-20.187500
9576		-22.362499
9577		-23.250000
9578		-24.775000
9579		-23.600000
9580		-20.775000
9581		-19.125000
9582		-19.187500
9583		-18.362499
9584		-20.075001
9585		-20.837500
9586		-24.600000
9587		-23.837500
9588		-25.537500
9589		-23.187500
9590		-20.299999
9591		-18.712500
9592		-19.012501
9593		-17.424999
9594		-18.950001
9595		-18.125000
9596		-18.712500
9597		-16.662500
9598		-17.125000
9599		-15.137500
9600		-16.487499
9601		-15.012500
9602		-15.599999
9603		-16.250000
9604		-17.362499
9605		-15.362500
9606		-17.950001
9607		-15.837500
9608		-18.712500
9609		-16.725000
9610		-18.125000
9611		-16.600000
9612		-17.075001
9613		-15.775000
9614		-17.662500
9615		-16.187500
9616		-16.775000
9617		-15.775000
9618		-13.137500
9619		-13.724999
9620		-10.599999
9621		-12.837500
9622		-10.900000
9623		-10.599999
9624		-10.312500
9625		-10.200000
9626		-8.962500
9627		-9.375000
9628		-9.787499
9629		-9.012500
9630		-11.075000
9631		-9.550000
9632		-11.775000
9633		-10.075000
9634		-10.787499
9635		-9.724999
9636		-10.599999
9637		-11.250000
9638		-12.137500
9639		-10.962500
9640		-12.550000
9641		-10.599999
9642		-11.775000
9643		-10.312500
9644		-9.075000
9645		-10.599999
9646		-7.662500
9647		-6.437500
9648		-6.437500
9649		-5.487500
9650		-7.487500
9651		-3.312500
9652		-4.962500
9653		-4.375000
9654		-3.725000
9655		-1.025000
9656		-3.612500
9657		-2.375000
9658		-2.550000
9659		-2.137500
9660		-4.612500
9661		-3.550000
9662		-2.962500
9663		-1.900000
9664		-3.487500
9665		-2.787500
9666		-2.375000
9667		-3.850000
9668		-2.375000
9669		-2.375000
9670		-3.612500
9671		-3.437500
9672		-4.612500
9673		-3.262500
9674		-1.787500
9675		-1.962500
9676		1.087500
9677		0.037500
9678		1.975000
9679		0.687500
9680		2.562500
9681		0.275000
9682		1.625000
9683		1.562500
9684		4.212500
9685		1.212500
9686		5.800000
9687		3.500000
9688		5.087500
9689		4.387500
9690		5.325000
9691		6.737500
9692		4.800000
9693		4.150000
9694		4.850000
9695		4.500000
9696		4.387500
9697		4.325000
9698		4.850000
9699		5.087500
9700		6.850000
9701		5.737500
9702		6.912500
9703		7.562500
9704		7.500000
9705		8.387500
9706		9.087501
9707		9.500000
9708		9.675000
9709		10.562500
9710		12.025001
9711		12.262500
9712		13.200000
9713		14.612500
9714		14.375000
9715		16.612501
9716		16.500000
9717		17.325001
9718		17.912500
9719		18.025000
9720		17.375000
9721		18.137501
9722		16.850000
9723		16.675001
9724		15.675000
9725		18.025000
9726		17.962500
9727		18.200001
9728		18.912500
9729		19.262501
9730		18.325001
9731		19.262501
9732		19.025000
9733		19.087500
9734		18.437500
9735		19.312500
9736		20.500000
9737		21.675001
9738		22.850000
9739		23.487501
9740		22.962500
9741		23.787500
9742		23.075001
9743		24.375000
9744		24.612501
9745		25.612501
9746		25.550001
9747		25.250000
9748		24.262501
9749		23.312500
9750		22.025000
9751		22.025000
9752		22.262501
9753		22.850000
9754		22.850000
9755		22.675001
9756		21.550001
9757		21.200001
9758		19.962500
9759		21.087500
9760		21.437500
9761		22.262501
9762		21.487501
9763		24.200001
9764		24.312500
9765		25.962500
9766		26.787500
9767		28.312500
9768		27.725000
9769		28.312500
9770		27.837500
9771		28.137501
9772		28.137501
9773		29.012501
9774		29.075001
9775		28.550001
9776		28.075001
9777		28.137501
9778		27.900000
9779		28.025000
9780		27.312500
9781		26.962500
9782		25.725000
9783		25.487501
9784		23.375000
9785		23.550001
9786		24.900000
9787		24.025000
9788		23.725000
9789		24.262501
9790		23.662500
9791		22.725000
9792		23.437500
9793		25.375000
9794		25.075001
9795		25.612501
9796		25.850000
9797		25.850000
9798		25.375000
9799		25.550001
9800		27.612501
9801		27.550001
9802		27.662500
9803		28.725000
9804		28.550001
9805		27.837500
9806		27.137501
9807		26.375000
9808		25.725000
9809		25.725000
9810		24.437500
9811		24.312500
9812		23.550001
9813		23.487501
9814		22.900000
9815		21.962500
9816		22.200001
9817		20.262501
9818		20.312500
9819		19.962500
9820		18.912500
9821		18.550001
9822		19.025000
9823		17.612501
9824		18.500000
9825		18.612501
9826		20.200001
9827		19.675001
9828		21.025000
9829		20.137501
9830		21.262501
9831		20.025000
9832		20.962500
9833		20.500000
9834		19.962500
9835		20.850000
9836		21.850000
9837		21.087500
9838		21.437500
9839		21.087500
9840		20.612501
9841		19.900000
9842		18.787500
9843		17.912500
9844		17.550001
9845		16.850000
9846		16.500000
9847		15.850000
9848		16.787500
9849		15.262500
9850		14.200000
9851		12.975000
9852		14.200000
9853		12.912500
9854		13.562500
9855		13.437500
9856		13.500000
9857		12.850000
9858		12.975000
9859		11.562500
9860		10.387500
9861		9.800000
9862		8.612500
9863		9.150001
9864		9.562500
9865		9.262500
9866		8.975000
9867		8.562500
9868		6.737500
9869		7.262500
9870		7.387500
9871		7.500000
9872		8.087501
9873		8.025001
9874		7.562500
9875		7.325000
9876		6.262500
9877		6.150000
9878		4.737500
9879		3.737500
9880		3.150000
9881		3.450000
9882		2.087500
9883		2.500000
9884		0.975000
9885		-0.787500
9886		-2.487500
9887		-4.487500
9888		-4.962500
9889		-5.487500
9890		-4.900000
9891		-2.962500
9892		-3.075000
9893		-3.487500
9894		-3.662500
9895		-3.900000
9896		-4.962500
9897		-4.900000
9898		-4.550000
9899		-1.962500
9900		-3.075000
9901		0.500000
9902		-0.850000
9903		-0.375000
9904		-3.137500
9905		-4.075000
9906		-7.250000
9907		-7.725000
9908		-8.612500
9909		-9.012500
9910		-8.962500
9911		-10.375000
9912		-12.550000
9913		-14.425000
9914		-15.137500
9915		-16.312500
9916		-15.662499
9917		-15.599999
9918		-14.250000
9919		-14.950000
9920		-13.550000
9921		-13.137500
9922		-13.724999
9923		-14.312500
9924		-14.662499
9925		-13.962500
9926		-13.137500
9927		-12.837500
9928		-13.837500
9929		-14.599999
9930		-14.900000
9931		-14.775000
9932		-17.537500
9933		-17.537500
9934		-18.950001
9935		-18.950001
9936		-20.075001
9937		-19.299999
9938		-20.950001
9939		-21.250000
9940		-23.662500
9941		-21.537500
9942		-23.012501
9943		-21.662500
9944		-23.362499
9945		-20.950001
9946		-23.299999
9947		-21.362499
9948		-22.837500
9949		-22.362499
9950		-22.950001
9951		-21.662500
9952		-22.712500
9953		-20.887501
9954		-21.837500
9955		-20.662500
9956		-21.837500
9957		-20.362499
9958		-21.299999
9959		-22.299999
9960		-23.062500
9961		-22.250000
9962		-23.012501
9963		-23.712500
9964		-24.887501
9965		-24.537500
9966		-25.250000
9967		-25.950001
9968		-25.475000
9969		-26.125000
9970		-26.712500
9971		-26.475000
9972		-27.650000
9973		-27.362499
9974		-27.537500
9975		-27.887501
9976		-30.000000
9977		-29.362499
9978		-29.950001
9979		-28.712500
9980		-27.362499
9981		-24.712500
9982		-24.424999
9983		-23.125000
9984		-23.600000
9985		-24.650000
9986		-25.250000
9987		-26.237499
9988		-25.475000
9989		-24.125000
9990		-25.475000
9991		-25.950001
9992		-28.825001
9993		-30.475000
9994		-31.187500
9995		-30.362499
9996		-31.187500
9997		-28.475000
9998		-26.237499
9999		-25.475000
10000		-26.475000
