Channel              :		CH1
Frequency            :		166.7Hz
Period               :		6.000ms
PK-PK                :		32.89mV
Average              :		-0.989mV
Vertical pos         :		1.000000mV
Probe attenuation    :		1X
Voltage per ADC value:		0.000781mV
Time interval        :		4.00000uS

index		CH1_Voltage(mV)
1		-5.078125
2		-4.812500
3		-4.150000
4		-3.350000
5		-3.128125
6		-3.706250
7		-3.881250
8		-4.503125
9		-4.312500
10		-3.381250
11		-3.159375
12		-2.628125
13		-2.996875
14		-3.512500
15		-3.940625
16		-4.428125
17		-3.350000
18		-3.218750
19		-2.687500
20		-2.687500
21		-3.468750
22		-3.690625
23		-4.059375
24		-3.425000
25		-2.818750
26		-2.450000
27		-2.228125
28		-2.596875
29		-3.084375
30		-3.350000
31		-3.084375
32		-2.687500
33		-1.946875
34		-1.756250
35		-2.303125
36		-2.715625
37		-3.262500
38		-3.246875
39		-2.731250
40		-2.390625
41		-2.096875
42		-2.715625
43		-3.306250
44		-3.571875
45		-4.368750
46		-3.721875
47		-3.543750
48		-3.512500
49		-3.528125
50		-4.562500
51		-4.975000
52		-5.331250
53		-4.946875
54		-4.800000
55		-4.503125
56		-4.709375
57		-4.975000
58		-5.728125
59		-6.143750
60		-5.803125
61		-5.343750
62		-5.034375
63		-4.590625
64		-5.434375
65		-5.478125
66		-5.993750
67		-5.965625
68		-5.050000
69		-4.828125
70		-4.340625
71		-4.681250
72		-5.271875
73		-5.228125
74		-5.625000
75		-4.459375
76		-4.253125
77		-3.868750
78		-3.690625
79		-4.296875
80		-4.459375
81		-5.065625
82		-4.015625
83		-3.543750
84		-3.187500
85		-3.278125
86		-3.662500
87		-3.778125
88		-4.384375
89		-3.396875
90		-3.262500
91		-2.937500
92		-2.303125
93		-3.025000
94		-3.337500
95		-3.350000
96		-3.084375
97		-2.450000
98		-2.065625
99		-1.506250
100		-2.228125
101		-2.509375
102		-2.421875
103		-2.775000
104		-2.109375
105		-1.518750
106		-1.046875
107		-1.268750
108		-1.712500
109		-1.934375
110		-1.962500
111		-1.121875
112		-0.531250
113		0.118750
114		-0.131250
115		-0.456250
116		-0.693750
117		-1.225000
118		-0.337500
119		-0.028125
120		0.356250
121		0.578125
122		-0.159375
123		-0.543750
124		-0.765625
125		-0.456250
126		0.075000
127		0.340625
128		0.800000
129		0.384375
130		-0.100000
131		-0.175000
132		-0.028125
133		0.578125
134		1.081250
135		1.331250
136		1.287500
137		0.887500
138		0.534375
139		0.340625
140		1.303125
141		1.537500
142		2.009375
143		1.596875
144		0.887500
145		0.903125
146		0.281250
147		1.021875
148		1.375000
149		1.434375
150		1.759375
151		0.653125
152		0.562500
153		0.015625
154		0.415625
155		0.696875
156		1.081250
157		0.828125
158		0.281250
159		-0.146875
160		-0.440625
161		-0.087500
162		0.400000
163		0.637500
164		1.212500
165		0.562500
166		0.328125
167		-0.250000
168		-0.175000
169		0.784375
170		0.756250
171		1.450000
172		0.978125
173		0.312500
174		0.415625
175		-0.028125
176		0.800000
177		1.081250
178		1.228125
179		1.196875
180		0.637500
181		0.237500
182		0.193750
183		0.871875
184		0.990625
185		1.303125
186		1.243750
187		0.990625
188		0.384375
189		0.118750
190		0.800000
191		0.696875
192		1.406250
193		1.671875
194		0.859375
195		0.546875
196		0.312500
197		0.593750
198		1.125000
199		1.140625
200		1.834375
201		0.828125
202		0.015625
203		0.075000
204		0.090625
205		0.415625
206		0.681250
207		1.109375
208		0.653125
209		0.312500
210		-0.206250
211		-0.100000
212		0.490625
213		0.681250
214		1.153125
215		0.800000
216		0.400000
217		-0.071875
218		-0.500000
219		0.653125
220		0.534375
221		1.418750
222		1.287500
223		0.546875
224		0.490625
225		0.134375
226		0.606250
227		1.021875
228		1.375000
229		1.612500
230		1.390625
231		0.871875
232		1.021875
233		1.212500
234		1.715625
235		2.496875
236		2.646875
237		2.468750
238		2.171875
239		1.834375
240		2.159375
241		2.971875
242		3.412500
243		3.959375
244		3.725000
245		3.237500
246		3.059375
247		2.853125
248		3.725000
249		4.328125
250		4.434375
251		4.521875
252		3.665625
253		3.753125
254		3.590625
255		3.915625
256		4.581250
257		4.846875
258		4.906250
259		4.403125
260		3.828125
261		3.531250
262		4.153125
263		4.418750
264		4.712500
265		5.290625
266		4.300000
267		3.959375
268		3.459375
269		3.990625
270		4.359375
271		4.521875
272		4.965625
273		4.343750
274		3.812500
275		3.590625
276		3.340625
277		3.931250
278		4.196875
279		4.565625
280		4.271875
281		4.034375
282		3.725000
283		3.562500
284		3.946875
285		4.271875
286		4.596875
287		4.121875
288		3.459375
289		3.146875
290		2.837500
291		3.634375
292		3.562500
293		3.784375
294		3.856250
295		3.118750
296		2.881250
297		1.612500
298		2.600000
299		2.718750
300		2.762500
301		3.103125
302		2.321875
303		1.715625
304		1.228125
305		1.596875
306		1.743750
307		2.068750
308		2.321875
309		1.478125
310		1.109375
311		0.709375
312		1.050000
313		1.196875
314		1.612500
315		2.203125
316		1.493750
317		0.990625
318		0.653125
319		0.828125
320		1.346875
321		1.640625
322		2.068750
323		1.759375
324		1.168750
325		1.006250
326		0.784375
327		1.153125
328		1.568750
329		1.818750
330		1.906250
331		1.315625
332		0.871875
333		0.725000
334		1.346875
335		1.509375
336		2.128125
337		2.187500
338		1.628125
339		1.493750
340		1.375000
341		1.937500
342		2.231250
343		2.646875
344		2.868750
345		2.484375
346		2.009375
347		1.965625
348		1.981250
349		2.750000
350		3.075000
351		3.412500
352		3.118750
353		2.425000
354		2.112500
355		1.996875
356		2.646875
357		2.762500
358		3.134375
359		2.556250
360		2.187500
361		1.759375
362		1.596875
363		2.393750
364		2.453125
365		2.896875
366		2.587500
367		2.231250
368		1.743750
369		1.418750
370		2.009375
371		2.409375
372		2.425000
373		2.853125
374		1.700000
375		1.596875
376		1.109375
377		1.775000
378		1.790625
379		2.040625
380		2.159375
381		1.818750
382		1.109375
383		1.125000
384		1.715625
385		1.759375
386		2.084375
387		2.409375
388		1.700000
389		1.684375
390		1.168750
391		1.390625
392		2.187500
393		2.275000
394		2.821875
395		2.437500
396		1.803125
397		1.581250
398		1.359375
399		2.009375
400		2.187500
401		2.615625
402		2.084375
403		1.359375
404		1.153125
405		0.978125
406		1.184375
407		1.478125
408		1.803125
409		1.303125
410		0.871875
411		0.503125
412		-0.115625
413		1.021875
414		0.725000
415		1.434375
416		1.521875
417		0.768750
418		0.800000
419		0.090625
420		0.946875
421		1.303125
422		1.640625
423		1.906250
424		1.331250
425		0.931250
426		0.653125
427		0.978125
428		1.315625
429		1.906250
430		2.112500
431		1.406250
432		1.093750
433		0.725000
434		1.125000
435		1.612500
436		1.671875
437		2.218750
438		1.390625
439		1.021875
440		0.637500
441		0.903125
442		1.168750
443		1.465625
444		1.862500
445		1.331250
446		0.903125
447		0.459375
448		0.459375
449		1.125000
450		1.628125
451		1.893750
452		1.893750
453		1.640625
454		1.196875
455		0.931250
456		2.084375
457		2.334375
458		2.984375
459		2.881250
460		2.571875
461		2.437500
462		2.231250
463		3.384375
464		3.634375
465		4.271875
466		4.950000
467		4.596875
468		4.343750
469		4.328125
470		4.846875
471		5.659375
472		6.056250
473		6.353125
474		5.984375
475		5.893750
476		5.806250
477		6.440625
478		6.959375
479		7.506250
480		8.184375
481		7.815625
482		7.831250
483		7.993750
484		8.362500
485		9.203125
486		9.571875
487		10.475000
488		10.400000
489		9.956250
490		10.162500
491		10.325000
492		11.403125
493		12.040625
494		12.393750
495		12.690625
496		12.321875
497		12.171875
498		12.762500
499		13.000000
500		13.990625
501		14.359375
502		14.375000
503		14.121875
504		13.781250
505		13.384375
506		14.300000
507		14.803125
508		14.640625
509		14.890625
510		14.093750
511		13.618750
512		13.059375
513		13.353125
514		13.753125
515		13.515625
516		13.871875
517		12.971875
518		11.996875
519		11.565625
520		11.359375
521		11.743750
522		11.612500
523		11.565625
524		10.253125
525		9.512500
526		8.834375
527		8.540625
528		8.715625
529		8.643750
530		8.584375
531		7.875000
532		6.975000
533		6.456250
534		6.103125
535		6.634375
536		6.618750
537		6.796875
538		6.487500
539		5.584375
540		5.259375
541		4.934375
542		5.540625
543		5.731250
544		5.778125
545		5.731250
546		5.037500
547		4.625000
548		4.300000
549		5.009375
550		5.025000
551		5.378125
552		5.259375
553		4.581250
554		4.375000
555		3.443750
556		4.181250
557		4.490625
558		4.550000
559		4.375000
560		3.518750
561		3.237500
562		3.000000
563		3.118750
564		3.590625
565		3.812500
566		4.003125
567		3.665625
568		3.015625
569		2.484375
570		2.809375
571		3.103125
572		3.665625
573		4.003125
574		2.971875
575		2.853125
576		2.496875
577		2.543750
578		3.134375
579		3.400000
580		3.812500
581		3.221875
582		3.015625
583		2.896875
584		3.000000
585		3.887500
586		4.271875
587		4.490625
588		4.700000
589		4.225000
590		3.975000
591		4.300000
592		4.965625
593		5.453125
594		6.515625
595		6.162500
596		6.206250
597		6.218750
598		6.103125
599		7.106250
600		7.653125
601		8.406250
602		8.759375
603		8.465625
604		8.406250
605		8.434375
606		9.131250
607		9.675000
608		10.325000
609		10.475000
610		10.296875
611		9.868750
612		9.781250
613		10.637500
614		10.800000
615		11.596875
616		11.684375
617		11.315625
618		11.243750
619		10.975000
620		11.125000
621		11.640625
622		11.803125
623		12.468750
624		11.565625
625		11.168750
626		10.784375
627		10.768750
628		11.212500
629		11.612500
630		11.684375
631		10.918750
632		10.090625
633		9.987500
634		9.956250
635		11.728125
636		10.681250
637		10.800000
638		10.075000
639		9.484375
640		8.921875
641		8.656250
642		9.353125
643		9.559375
644		9.793750
645		9.456250
646		8.850000
647		8.406250
648		8.271875
649		8.981250
650		8.981250
651		9.071875
652		9.203125
653		8.509375
654		8.331250
655		7.918750
656		7.946875
657		8.390625
658		8.378125
659		8.006250
660		7.150000
661		6.396875
662		5.881250
663		6.412500
664		6.218750
665		6.381250
666		6.396875
667		5.378125
668		4.256250
669		4.271875
670		4.284375
671		4.700000
672		4.550000
673		4.743750
674		4.137500
675		3.325000
676		3.162500
677		3.087500
678		3.368750
679		3.709375
680		3.828125
681		3.518750
682		2.793750
683		2.718750
684		2.868750
685		3.265625
686		3.796875
687		4.256250
688		3.471875
689		3.296875
690		3.146875
691		3.087500
692		3.812500
693		3.856250
694		4.418750
695		4.121875
696		3.606250
697		3.459375
698		3.621875
699		3.931250
700		4.490625
701		4.596875
702		5.009375
703		4.684375
704		4.153125
705		4.359375
706		5.525000
707		5.778125
708		6.412500
709		6.765625
710		6.412500
711		6.531250
712		6.325000
713		7.621875
714		8.243750
715		8.775000
716		9.706250
717		9.143750
718		9.159375
719		9.353125
720		9.825000
721		10.725000
722		11.434375
723		11.565625
724		11.196875
725		10.843750
726		10.593750
727		11.196875
728		11.243750
729		11.834375
730		12.425000
731		11.553125
732		11.125000
733		10.768750
734		11.125000
735		11.834375
736		12.350000
737		13.043750
738		12.334375
739		11.996875
740		12.053125
741		12.409375
742		13.043750
743		13.737500
744		14.506250
745		14.225000
746		13.943750
747		14.003125
748		14.062500
749		14.918750
750		15.128125
751		15.850000
752		15.259375
753		14.815625
754		14.343750
755		14.106250
756		14.756250
757		14.728125
758		15.156250
759		14.743750
760		13.900000
761		13.443750
762		13.178125
763		13.606250
764		13.665625
765		14.078125
766		14.034375
767		13.237500
768		12.881250
769		12.865625
770		13.190625
771		13.546875
772		14.003125
773		13.618750
774		13.015625
775		12.615625
776		11.878125
777		12.468750
778		12.646875
779		12.734375
780		12.646875
781		11.656250
782		11.287500
783		10.209375
784		10.709375
785		10.546875
786		10.725000
787		10.650000
788		9.987500
789		9.100000
790		8.628125
791		8.818750
792		8.731250
793		8.687500
794		8.687500
795		7.918750
796		7.446875
797		6.781250
798		6.840625
799		7.209375
800		6.928125
801		7.284375
802		6.146875
803		5.821875
804		5.156250
805		4.815625
806		5.437500
807		5.334375
808		5.409375
809		4.934375
810		4.565625
811		3.959375
812		4.181250
813		4.446875
814		5.009375
815		5.303125
816		4.831250
817		4.684375
818		4.478125
819		4.418750
820		5.465625
821		5.850000
822		6.543750
823		6.265625
824		5.790625
825		5.778125
826		5.437500
827		6.412500
828		6.840625
829		7.003125
830		6.928125
831		6.515625
832		6.103125
833		5.925000
834		6.337500
835		6.765625
836		7.300000
837		7.284375
838		6.781250
839		6.368750
840		6.071875
841		7.106250
842		7.225000
843		7.859375
844		8.037500
845		7.593750
846		7.578125
847		7.284375
848		7.843750
849		8.434375
850		8.628125
851		9.056250
852		8.406250
853		8.006250
854		7.771875
855		8.303125
856		8.775000
857		8.996875
858		9.396875
859		8.981250
860		8.703125
861		8.481250
862		8.584375
863		9.100000
864		9.603125
865		9.912500
866		9.278125
867		9.203125
868		8.628125
869		8.671875
870		9.278125
871		9.587500
872		9.896875
873		9.662500
874		9.012500
875		8.834375
876		9.159375
877		9.512500
878		10.312500
879		10.768750
880		10.503125
881		10.400000
882		10.162500
883		10.296875
884		11.228125
885		11.581250
886		12.290625
887		11.937500
888		11.656250
889		11.359375
890		11.346875
891		11.834375
892		12.425000
893		12.437500
894		12.365625
895		11.803125
896		11.462500
897		11.565625
898		11.862500
899		12.275000
900		12.659375
901		12.540625
902		12.025000
903		11.787500
904		11.462500
905		12.084375
906		12.468750
907		12.718750
908		12.718750
909		11.906250
910		11.612500
911		11.434375
912		12.100000
913		12.600000
914		12.675000
915		13.075000
916		12.646875
917		11.890625
918		12.409375
919		12.793750
920		13.368750
921		14.137500
922		14.268750
923		14.050000
924		13.590625
925		13.531250
926		14.315625
927		14.609375
928		15.112500
929		15.378125
930		14.862500
931		14.268750
932		14.003125
933		14.240625
934		14.640625
935		14.668750
936		15.081250
937		14.640625
938		13.575000
939		13.575000
940		13.503125
941		13.503125
942		13.634375
943		13.693750
944		12.956250
945		12.528125
946		11.981250
947		12.100000
948		12.468750
949		12.690625
950		12.971875
951		12.128125
952		11.462500
953		11.212500
954		10.946875
955		11.965625
956		11.950000
957		12.290625
958		11.787500
959		11.243750
960		11.065625
961		10.903125
962		11.300000
963		11.612500
964		12.171875
965		11.300000
966		10.534375
967		9.734375
968		9.425000
969		9.765625
970		9.571875
971		9.353125
972		8.806250
973		7.946875
974		7.312500
975		6.440625
976		6.543750
977		6.765625
978		6.115625
979		6.056250
980		4.950000
981		4.418750
982		4.003125
983		4.375000
984		4.565625
985		4.490625
986		4.550000
987		3.856250
988		3.340625
989		3.134375
990		4.093750
991		4.478125
992		4.537500
993		4.700000
994		3.915625
995		3.828125
996		3.309375
997		3.856250
998		4.653125
999		4.625000
1000		5.334375
1001		4.521875
1002		3.812500
1003		3.709375
1004		4.093750
1005		4.550000
1006		4.890625
1007		4.625000
1008		4.315625
1009		3.900000
1010		3.309375
1011		3.693750
1012		4.137500
1013		4.121875
1014		4.328125
1015		3.575000
1016		3.400000
1017		3.031250
1018		3.237500
1019		3.634375
1020		4.196875
1021		4.506250
1022		3.931250
1023		3.309375
1024		3.178125
1025		3.412500
1026		4.121875
1027		4.403125
1028		4.728125
1029		3.959375
1030		3.709375
1031		3.118750
1032		3.546875
1033		4.121875
1034		4.078125
1035		4.625000
1036		3.634375
1037		3.384375
1038		3.487500
1039		3.459375
1040		4.196875
1041		4.521875
1042		5.037500
1043		4.743750
1044		4.109375
1045		4.181250
1046		4.343750
1047		4.965625
1048		5.600000
1049		5.968750
1050		5.481250
1051		5.187500
1052		4.846875
1053		4.993750
1054		5.865625
1055		5.703125
1056		6.265625
1057		5.968750
1058		5.156250
1059		5.259375
1060		4.684375
1061		5.200000
1062		5.187500
1063		5.481250
1064		5.096875
1065		4.109375
1066		3.546875
1067		3.087500
1068		3.590625
1069		3.471875
1070		3.828125
1071		2.971875
1072		2.809375
1073		1.981250
1074		1.656250
1075		2.425000
1076		2.334375
1077		2.556250
1078		2.290625
1079		1.125000
1080		1.196875
1081		0.768750
1082		1.418750
1083		1.509375
1084		1.921875
1085		1.612500
1086		0.681250
1087		0.075000
1088		0.165625
1089		0.606250
1090		0.843750
1091		1.125000
1092		1.375000
1093		0.681250
1094		0.296875
1095		-0.396875
1096		0.578125
1097		0.903125
1098		1.315625
1099		1.628125
1100		0.903125
1101		0.562500
1102		0.209375
1103		0.962500
1104		1.612500
1105		1.671875
1106		1.862500
1107		1.315625
1108		0.800000
1109		0.709375
1110		1.050000
1111		1.596875
1112		1.834375
1113		1.906250
1114		1.034375
1115		0.725000
1116		0.281250
1117		0.978125
1118		0.946875
1119		1.537500
1120		2.159375
1121		0.990625
1122		0.756250
1123		0.415625
1124		1.093750
1125		1.537500
1126		1.834375
1127		2.246875
1128		1.862500
1129		1.168750
1130		1.109375
1131		1.596875
1132		2.143750
1133		2.750000
1134		3.075000
1135		2.334375
1136		2.231250
1137		1.612500
1138		1.981250
1139		2.925000
1140		3.146875
1141		3.796875
1142		3.087500
1143		2.600000
1144		2.203125
1145		2.718750
1146		3.118750
1147		3.562500
1148		3.975000
1149		3.221875
1150		2.912500
1151		2.556250
1152		2.556250
1153		3.146875
1154		3.575000
1155		3.915625
1156		2.940625
1157		2.690625
1158		2.187500
1159		2.068750
1160		2.868750
1161		2.868750
1162		3.103125
1163		2.646875
1164		2.112500
1165		1.640625
1166		1.196875
1167		1.950000
1168		2.290625
1169		2.587500
1170		2.009375
1171		1.715625
1172		1.050000
1173		1.184375
1174		2.009375
1175		2.056250
1176		2.778125
1177		1.921875
1178		1.553125
1179		1.153125
1180		1.021875
1181		1.862500
1182		1.640625
1183		2.365625
1184		1.937500
1185		1.303125
1186		0.918750
1187		0.696875
1188		1.065625
1189		1.359375
1190		1.775000
1191		1.434375
1192		0.725000
1193		0.193750
1194		0.046875
1195		0.578125
1196		0.828125
1197		1.303125
1198		0.946875
1199		0.165625
1200		0.118750
1201		-0.321875
1202		0.400000
1203		0.593750
1204		0.681250
1205		0.815625
1206		-0.309375
1207		-0.456250
1208		-0.646875
1209		-0.309375
1210		0.253125
1211		0.118750
1212		-0.028125
1213		-0.959375
1214		-1.031250
1215		-2.006250
1216		-0.943750
1217		-0.825000
1218		-0.368750
1219		-0.471875
1220		-1.268750
1221		-1.343750
1222		-1.859375
1223		-0.943750
1224		-0.765625
1225		-0.087500
1226		-0.100000
1227		-0.912500
1228		-1.209375
1229		-1.490625
1230		-0.781250
1231		-0.425000
1232		0.118750
1233		-0.100000
1234		-0.471875
1235		-0.900000
1236		-1.284375
1237		-0.456250
1238		-0.531250
1239		0.003125
1240		0.296875
1241		-0.412500
1242		-0.884375
1243		-1.312500
1244		-0.634375
1245		-0.234375
1246		0.134375
1247		0.178125
1248		-0.693750
1249		-1.121875
1250		-1.134375
1251		-0.634375
1252		-0.337500
1253		0.356250
1254		0.312500
1255		-0.309375
1256		-0.721875
1257		-0.971875
1258		-0.425000
1259		0.193750
1260		0.268750
1261		0.637500
1262		-0.043750
1263		-0.368750
1264		-1.609375
1265		-0.175000
1266		-0.056250
1267		0.268750
1268		0.503125
1269		-0.218750
1270		-0.825000
1271		-1.193750
1272		-0.396875
1273		-0.012500
1274		0.518750
1275		0.725000
1276		0.046875
1277		-0.293750
1278		-0.868750
1279		-0.234375
1280		0.209375
1281		0.443750
1282		0.653125
1283		0.209375
1284		-0.500000
1285		-0.781250
1286		-0.646875
1287		0.268750
1288		0.606250
1289		0.431250
1290		-0.159375
1291		-0.618750
1292		-1.062500
1293		-0.440625
1294		-0.012500
1295		0.209375
1296		0.518750
1297		-0.396875
1298		-0.678125
1299		-1.387500
1300		-0.971875
1301		-0.146875
1302		-0.056250
1303		0.681250
1304		-0.262500
1305		-0.471875
1306		-0.693750
1307		-0.531250
1308		-0.218750
1309		0.340625
1310		0.546875
1311		0.193750
1312		-0.309375
1313		-0.471875
1314		-0.440625
1315		0.209375
1316		0.134375
1317		0.578125
1318		-0.278125
1319		-0.234375
1320		-0.765625
1321		-0.765625
1322		0.340625
1323		0.340625
1324		0.546875
1325		-0.012500
1326		-0.543750
1327		-0.575000
1328		-1.003125
1329		-0.218750
1330		0.237500
1331		0.503125
1332		-0.131250
1333		-0.396875
1334		-0.928125
1335		-0.912500
1336		-0.100000
1337		0.075000
1338		0.415625
1339		-0.146875
1340		-0.912500
1341		-0.693750
1342		-1.031250
1343		0.059375
1344		-0.028125
1345		0.578125
1346		-0.131250
1347		-0.618750
1348		-0.662500
1349		-0.868750
1350		-0.368750
1351		0.356250
1352		0.578125
1353		0.237500
1354		-0.575000
1355		-1.134375
1356		-0.900000
1357		-0.234375
1358		-0.012500
1359		0.356250
1360		-0.321875
1361		-1.018750
1362		-1.296875
1363		-1.490625
1364		-0.678125
1365		-0.781250
1366		-0.531250
1367		-1.090625
1368		-2.037500
1369		-2.021875
1370		-2.140625
1371		-1.356250
1372		-0.943750
1373		-0.396875
1374		-1.090625
1375		-1.756250
1376		-1.934375
1377		-1.725000
1378		-1.209375
1379		-0.868750
1380		-0.321875
1381		-0.912500
1382		-1.593750
1383		-1.550000
1384		-1.831250
1385		-0.884375
1386		-0.531250
1387		-0.425000
1388		-0.943750
1389		-1.387500
1390		-1.918750
1391		-1.859375
1392		-1.268750
1393		-0.856250
1394		-0.309375
1395		-0.943750
1396		-1.209375
1397		-1.653125
1398		-1.887500
1399		-0.943750
1400		-0.603125
1401		-0.056250
1402		-0.515625
1403		-1.165625
1404		-1.165625
1405		-1.268750
1406		-0.618750
1407		0.015625
1408		0.237500
1409		0.134375
1410		-0.646875
1411		-0.959375
1412		-0.809375
1413		-0.337500
1414		0.268750
1415		0.490625
1416		-0.206250
1417		-0.721875
1418		-1.121875
1419		-1.284375
1420		-0.750000
1421		-0.321875
1422		0.031250
1423		-0.368750
1424		-1.046875
1425		-1.031250
1426		-1.343750
1427		-0.500000
1428		0.059375
1429		0.209375
1430		-0.190625
1431		-0.693750
1432		-1.181250
1433		-1.150000
1434		-0.471875
1435		-0.159375
1436		0.118750
1437		-0.043750
1438		-0.456250
1439		-0.646875
1440		-1.046875
1441		-0.278125
1442		0.490625
1443		0.653125
1444		0.546875
1445		-0.028125
1446		-0.440625
1447		-0.278125
1448		0.281250
1449		0.887500
1450		1.271875
1451		0.871875
1452		0.340625
1453		-0.100000
1454		-0.206250
1455		0.681250
1456		0.859375
1457		1.315625
1458		0.828125
1459		0.134375
1460		-0.043750
1461		-0.471875
1462		0.253125
1463		0.800000
1464		1.184375
1465		0.800000
1466		0.046875
1467		-0.796875
1468		-0.368750
1469		-0.056250
1470		0.562500
1471		1.006250
1472		0.562500
1473		0.209375
1474		-0.368750
1475		-0.206250
1476		0.562500
1477		0.843750
1478		1.243750
1479		1.021875
1480		-0.087500
1481		-0.278125
1482		-0.618750
1483		-0.087500
1484		0.237500
1485		0.340625
1486		-0.087500
1487		-0.987500
1488		-1.296875
1489		-1.475000
1490		-1.090625
1491		-0.840625
1492		-0.500000
1493		-0.971875
1494		-1.562500
1495		-1.859375
1496		-1.946875
1497		-1.090625
1498		-1.518750
1499		-0.634375
1500		-0.900000
1501		-1.887500
1502		-2.153125
1503		-2.021875
1504		-1.725000
1505		-1.018750
1506		-0.884375
1507		-1.387500
1508		-2.168750
1509		-2.406250
1510		-2.525000
1511		-2.153125
1512		-1.875000
1513		-1.784375
1514		-2.390625
1515		-3.071875
1516		-3.381250
1517		-4.150000
1518		-3.500000
1519		-3.321875
1520		-3.159375
1521		-3.721875
1522		-4.368750
1523		-4.753125
1524		-4.693750
1525		-4.090625
1526		-3.706250
1527		-3.381250
1528		-3.853125
1529		-4.193750
1530		-4.637500
1531		-4.637500
1532		-3.734375
1533		-3.409375
1534		-3.071875
1535		-3.484375
1536		-4.075000
1537		-4.415625
1538		-4.415625
1539		-3.468750
1540		-3.409375
1541		-2.687500
1542		-3.396875
1543		-3.837500
1544		-4.221875
1545		-4.015625
1546		-3.734375
1547		-3.056250
1548		-2.834375
1549		-3.603125
1550		-3.825000
1551		-4.503125
1552		-4.578125
1553		-3.721875
1554		-3.425000
1555		-3.084375
1556		-3.571875
1557		-4.578125
1558		-4.459375
1559		-4.903125
1560		-3.940625
1561		-3.559375
1562		-3.440625
1563		-3.721875
1564		-4.090625
1565		-4.740625
1566		-4.443750
1567		-4.059375
1568		-3.853125
1569		-3.234375
1570		-3.868750
1571		-4.118750
1572		-4.709375
1573		-4.665625
1574		-3.571875
1575		-3.559375
1576		-3.159375
1577		-3.453125
1578		-4.312500
1579		-4.459375
1580		-4.518750
1581		-4.193750
1582		-3.853125
1583		-3.662500
1584		-4.590625
1585		-5.050000
1586		-5.668750
1587		-5.787500
1588		-5.300000
1589		-5.331250
1590		-5.109375
1591		-5.950000
1592		-6.762500
1593		-7.396875
1594		-7.590625
1595		-7.071875
1596		-6.806250
1597		-6.512500
1598		-7.456250
1599		-7.840625
1600		-8.593750
1601		-8.521875
1602		-8.078125
1603		-7.812500
1604		-7.178125
1605		-8.093750
1606		-8.534375
1607		-9.406250
1608		-9.112500
1609		-8.446875
1610		-8.371875
1611		-7.812500
1612		-8.696875
1613		-9.200000
1614		-9.671875
1615		-9.509375
1616		-9.184375
1617		-8.950000
1618		-9.021875
1619		-10.218750
1620		-10.765625
1621		-11.387500
1622		-11.165625
1623		-10.678125
1624		-10.425000
1625		-9.850000
1626		-10.765625
1627		-11.340625
1628		-11.725000
1629		-12.109375
1630		-10.559375
1631		-10.262500
1632		-9.850000
1633		-10.515625
1634		-11.003125
1635		-11.150000
1636		-10.765625
1637		-10.071875
1638		-9.703125
1639		-9.009375
1640		-9.628125
1641		-9.806250
1642		-10.396875
1643		-9.850000
1644		-9.184375
1645		-8.846875
1646		-7.840625
1647		-8.875000
1648		-9.112500
1649		-9.378125
1650		-9.215625
1651		-8.581250
1652		-8.137500
1653		-7.796875
1654		-8.506250
1655		-9.009375
1656		-9.362500
1657		-9.140625
1658		-8.565625
1659		-8.093750
1660		-7.575000
1661		-8.328125
1662		-8.756250
1663		-9.184375
1664		-8.550000
1665		-7.812500
1666		-7.693750
1667		-6.659375
1668		-7.959375
1669		-8.343750
1670		-8.581250
1671		-8.196875
1672		-7.368750
1673		-6.896875
1674		-6.528125
1675		-7.221875
1676		-7.884375
1677		-8.034375
1678		-7.190625
1679		-6.925000
1680		-6.215625
1681		-5.818750
1682		-6.896875
1683		-7.221875
1684		-7.781250
1685		-7.028125
1686		-6.378125
1687		-6.365625
1688		-6.084375
1689		-6.984375
1690		-7.709375
1691		-7.884375
1692		-7.456250
1693		-6.925000
1694		-6.350000
1695		-6.365625
1696		-7.384375
1697		-7.737500
1698		-8.209375
1699		-7.737500
1700		-7.118750
1701		-6.853125
1702		-6.690625
1703		-7.781250
1704		-7.959375
1705		-8.284375
1706		-8.003125
1707		-7.162500
1708		-7.190625
1709		-7.146875
1710		-7.856250
1711		-8.506250
1712		-8.846875
1713		-8.093750
1714		-8.003125
1715		-7.325000
1716		-7.840625
1717		-8.387500
1718		-9.081250
1719		-9.909375
1720		-9.009375
1721		-8.875000
1722		-8.462500
1723		-8.593750
1724		-9.421875
1725		-9.909375
1726		-10.218750
1727		-9.437500
1728		-8.743750
1729		-8.462500
1730		-8.581250
1731		-9.096875
1732		-9.731250
1733		-9.834375
1734		-8.831250
1735		-8.387500
1736		-7.678125
1737		-8.046875
1738		-8.668750
1739		-8.890625
1740		-9.346875
1741		-8.121875
1742		-7.456250
1743		-6.956250
1744		-7.221875
1745		-7.856250
1746		-8.371875
1747		-8.106250
1748		-7.190625
1749		-6.571875
1750		-6.112500
1751		-6.378125
1752		-6.956250
1753		-7.590625
1754		-7.559375
1755		-6.259375
1756		-5.921875
1757		-5.256250
1758		-5.418750
1759		-6.156250
1760		-6.246875
1761		-6.631250
1762		-5.537500
1763		-4.962500
1764		-4.606250
1765		-4.828125
1766		-5.668750
1767		-6.306250
1768		-5.921875
1769		-5.668750
1770		-5.050000
1771		-4.800000
1772		-5.462500
1773		-5.921875
1774		-6.512500
1775		-6.496875
1776		-5.612500
1777		-5.228125
1778		-5.034375
1779		-5.478125
1780		-6.821875
1781		-6.853125
1782		-6.925000
1783		-6.068750
1784		-5.787500
1785		-5.521875
1786		-6.156250
1787		-7.000000
1788		-7.575000
1789		-7.443750
1790		-7.178125
1791		-6.718750
1792		-6.528125
1793		-7.721875
1794		-8.181250
1795		-9.171875
1796		-9.184375
1797		-8.506250
1798		-8.475000
1799		-8.121875
1800		-9.053125
1801		-10.056250
1802		-10.471875
1803		-10.543750
1804		-10.146875
1805		-9.671875
1806		-9.628125
1807		-10.396875
1808		-10.840625
1809		-11.621875
1810		-11.606250
1811		-10.809375
1812		-10.884375
1813		-10.250000
1814		-11.237500
1815		-11.887500
1816		-12.390625
1817		-12.200000
1818		-11.503125
1819		-11.237500
1820		-11.237500
1821		-11.815625
1822		-12.612500
1823		-13.056250
1824		-12.743750
1825		-12.140625
1826		-11.875000
1827		-11.431250
1828		-12.346875
1829		-12.937500
1830		-13.556250
1831		-13.321875
1832		-12.153125
1833		-12.065625
1834		-11.134375
1835		-12.493750
1836		-12.921875
1837		-13.115625
1838		-12.937500
1839		-12.168750
1840		-11.534375
1841		-11.284375
1842		-11.784375
1843		-12.287500
1844		-12.834375
1845		-12.478125
1846		-11.328125
1847		-10.943750
1848		-10.500000
1849		-11.296875
1850		-11.653125
1851		-11.875000
1852		-11.356250
1853		-10.381250
1854		-10.087500
1855		-9.437500
1856		-10.218750
1857		-10.721875
1858		-10.884375
1859		-10.365625
1860		-9.612500
1861		-9.140625
1862		-8.653125
1863		-9.540625
1864		-10.146875
1865		-10.396875
1866		-10.028125
1867		-9.231250
1868		-8.859375
1869		-8.431250
1870		-9.393750
1871		-9.968750
1872		-10.250000
1873		-9.909375
1874		-9.184375
1875		-8.846875
1876		-8.240625
1877		-9.362500
1878		-9.893750
1879		-9.984375
1880		-9.878125
1881		-9.171875
1882		-8.815625
1883		-7.987500
1884		-8.890625
1885		-9.525000
1886		-10.115625
1887		-9.628125
1888		-8.653125
1889		-8.565625
1890		-7.840625
1891		-8.771875
1892		-9.259375
1893		-9.496875
1894		-9.346875
1895		-8.668750
1896		-8.034375
1897		-7.796875
1898		-8.978125
1899		-9.687500
1900		-9.762500
1901		-9.659375
1902		-8.890625
1903		-8.506250
1904		-8.106250
1905		-8.934375
1906		-9.393750
1907		-9.850000
1908		-9.687500
1909		-8.918750
1910		-8.890625
1911		-8.209375
1912		-9.009375
1913		-10.071875
1914		-10.293750
1915		-10.543750
1916		-9.540625
1917		-9.509375
1918		-9.231250
1919		-9.775000
1920		-10.840625
1921		-11.490625
1922		-11.475000
1923		-10.618750
1924		-10.396875
1925		-9.762500
1926		-10.278125
1927		-10.825000
1928		-11.415625
1929		-11.475000
1930		-10.309375
1931		-9.953125
1932		-9.731250
1933		-9.731250
1934		-10.412500
1935		-10.765625
1936		-11.121875
1937		-10.471875
1938		-9.540625
1939		-9.496875
1940		-9.628125
1941		-10.500000
1942		-11.209375
1943		-11.431250
1944		-10.884375
1945		-9.996875
1946		-10.100000
1947		-10.262500
1948		-10.943750
1949		-11.550000
1950		-11.875000
1951		-11.046875
1952		-10.765625
1953		-10.381250
1954		-10.146875
1955		-11.090625
1956		-11.550000
1957		-11.621875
1958		-10.900000
1959		-10.100000
1960		-9.643750
1961		-9.628125
1962		-10.087500
1963		-10.796875
1964		-10.959375
1965		-10.353125
1966		-9.762500
1967		-9.068750
1968		-8.950000
1969		-9.628125
1970		-9.893750
1971		-10.662500
1972		-10.543750
1973		-9.540625
1974		-9.393750
1975		-8.815625
1976		-10.012500
1977		-10.321875
1978		-10.750000
1979		-10.690625
1980		-9.612500
1981		-9.406250
1982		-8.890625
1983		-9.878125
1984		-10.234375
1985		-10.528125
1986		-10.425000
1987		-9.731250
1988		-9.215625
1989		-8.728125
1990		-9.612500
1991		-10.040625
1992		-10.634375
1993		-10.575000
1994		-9.746875
1995		-9.243750
1996		-9.068750
1997		-9.600000
1998		-10.500000
1999		-10.868750
2000		-11.165625
2001		-10.321875
2002		-9.909375
2003		-9.687500
2004		-9.984375
2005		-10.884375
2006		-11.253125
2007		-11.459375
2008		-10.781250
2009		-10.131250
2010		-9.834375
2011		-10.071875
2012		-10.646875
2013		-11.518750
2014		-12.037500
2015		-10.678125
2016		-10.809375
2017		-10.190625
2018		-10.278125
2019		-11.178125
2020		-11.946875
2021		-12.537500
2022		-12.243750
2023		-11.681250
2024		-11.415625
2025		-11.328125
2026		-12.200000
2027		-12.628125
2028		-13.218750
2029		-13.012500
2030		-12.568750
2031		-11.887500
2032		-12.050000
2033		-12.362500
2034		-12.937500
2035		-13.543750
2036		-13.175000
2037		-12.537500
2038		-12.287500
2039		-11.621875
2040		-12.228125
2041		-12.850000
2042		-13.128125
2043		-13.231250
2044		-12.346875
2045		-11.712500
2046		-11.284375
2047		-11.400000
2048		-12.256250
2049		-12.525000
2050		-12.450000
2051		-11.356250
2052		-11.090625
2053		-10.456250
2054		-10.543750
2055		-10.987500
2056		-11.578125
2057		-11.415625
2058		-10.456250
2059		-10.365625
2060		-8.950000
2061		-9.081250
2062		-9.568750
2063		-9.937500
2064		-10.087500
2065		-8.978125
2066		-8.300000
2067		-7.781250
2068		-7.293750
2069		-7.781250
2070		-8.359375
2071		-8.196875
2072		-8.062500
2073		-7.428125
2074		-6.821875
2075		-6.259375
2076		-6.556250
2077		-6.940625
2078		-7.146875
2079		-6.746875
2080		-5.818750
2081		-5.331250
2082		-4.784375
2083		-5.506250
2084		-6.156250
2085		-6.275000
2086		-6.156250
2087		-5.450000
2088		-5.331250
2089		-4.915625
2090		-5.418750
2091		-6.437500
2092		-6.806250
2093		-7.234375
2094		-6.437500
2095		-6.156250
2096		-6.068750
2097		-6.259375
2098		-7.340625
2099		-7.812500
2100		-8.328125
2101		-7.884375
2102		-7.368750
2103		-7.146875
2104		-7.178125
2105		-7.959375
2106		-8.950000
2107		-9.346875
2108		-8.684375
2109		-8.371875
2110		-7.709375
2111		-7.634375
2112		-9.037500
2113		-9.200000
2114		-10.131250
2115		-10.071875
2116		-9.184375
2117		-9.378125
2118		-9.068750
2119		-10.115625
2120		-11.062500
2121		-11.253125
2122		-11.443750
2123		-10.943750
2124		-11.284375
2125		-10.959375
2126		-11.328125
2127		-12.200000
2128		-12.850000
2129		-13.175000
2130		-12.390625
2131		-12.093750
2132		-11.653125
2133		-12.243750
2134		-13.321875
2135		-13.278125
2136		-13.896875
2137		-13.012500
2138		-12.906250
2139		-12.346875
2140		-12.465625
2141		-13.290625
2142		-13.603125
2143		-14.043750
2144		-13.571875
2145		-13.290625
2146		-12.878125
2147		-12.434375
2148		-13.128125
2149		-14.059375
2150		-14.075000
2151		-13.853125
2152		-13.675000
2153		-12.700000
2154		-12.509375
2155		-12.287500
2156		-13.750000
2157		-14.031250
2158		-13.837500
2159		-13.025000
2160		-12.731250
2161		-11.606250
2162		-12.271875
2163		-12.687500
2164		-12.981250
2165		-13.012500
2166		-11.784375
2167		-11.490625
2168		-11.015625
2169		-10.884375
2170		-12.200000
2171		-11.621875
2172		-12.581250
2173		-11.415625
2174		-11.284375
2175		-10.959375
2176		-10.678125
2177		-11.237500
2178		-11.946875
2179		-11.946875
2180		-11.443750
2181		-10.750000
2182		-10.056250
2183		-9.775000
2184		-10.396875
2185		-10.840625
2186		-10.781250
2187		-10.500000
2188		-9.406250
2189		-9.318750
2190		-8.418750
2191		-9.112500
2192		-9.600000
2193		-9.715625
2194		-9.821875
2195		-8.637500
2196		-8.240625
2197		-7.959375
2198		-8.003125
2199		-8.890625
2200		-9.112500
2201		-9.287500
2202		-8.418750
2203		-7.959375
2204		-7.753125
2205		-7.325000
2206		-8.078125
2207		-8.918750
2208		-9.231250
2209		-8.328125
2210		-8.150000
2211		-7.471875
2212		-6.778125
2213		-8.046875
2214		-8.196875
2215		-8.950000
2216		-8.371875
2217		-7.693750
2218		-7.515625
2219		-6.837500
2220		-7.737500
2221		-8.284375
2222		-8.581250
2223		-8.581250
2224		-7.737500
2225		-7.768750
2226		-7.162500
2227		-7.515625
2228		-8.387500
2229		-8.565625
2230		-8.653125
2231		-7.650000
2232		-7.103125
2233		-6.643750
2234		-7.028125
2235		-7.546875
2236		-7.768750
2237		-7.650000
2238		-6.659375
2239		-6.246875
2240		-5.403125
2241		-5.521875
2242		-6.143750
2243		-6.365625
2244		-6.718750
2245		-5.993750
2246		-5.331250
2247		-4.590625
2248		-4.075000
2249		-4.590625
2250		-5.553125
2251		-5.521875
2252		-5.065625
2253		-4.384375
2254		-3.765625
2255		-3.396875
2256		-3.662500
2257		-4.325000
2258		-4.665625
2259		-4.221875
2260		-3.381250
2261		-2.893750
2262		-2.153125
2263		-2.493750
2264		-2.996875
2265		-3.278125
2266		-3.500000
2267		-2.390625
2268		-2.081250
2269		-1.637500
2270		-1.446875
2271		-2.390625
2272		-2.715625
2273		-3.025000
2274		-2.537500
2275		-1.990625
2276		-1.831250
2277		-1.918750
2278		-2.450000
2279		-3.337500
2280		-3.381250
2281		-3.012500
2282		-2.390625
2283		-1.831250
2284		-1.446875
2285		-2.450000
2286		-2.640625
2287		-3.040625
2288		-2.628125
2289		-1.831250
2290		-1.506250
2291		-1.165625
2292		-1.593750
2293		-2.153125
2294		-2.537500
2295		-2.790625
2296		-1.637500
2297		-1.209375
2298		-1.018750
2299		-0.884375
2300		-1.593750
2301		-2.243750
2302		-2.612500
2303		-2.050000
2304		-1.637500
2305		-1.237500
2306		-1.296875
2307		-2.228125
2308		-2.834375
2309		-3.409375
2310		-2.850000
2311		-2.731250
2312		-2.212500
2313		-1.637500
2314		-2.893750
2315		-3.203125
2316		-3.987500
2317		-3.765625
2318		-2.921875
2319		-2.790625
2320		-2.390625
2321		-3.381250
2322		-4.150000
2323		-4.340625
2324		-4.665625
2325		-4.031250
2326		-3.765625
2327		-3.453125
2328		-3.778125
2329		-4.443750
2330		-4.887500
2331		-5.078125
2332		-4.090625
2333		-3.721875
2334		-3.187500
2335		-3.290625
2336		-3.940625
2337		-4.459375
2338		-4.487500
2339		-3.896875
2340		-3.381250
2341		-2.790625
2342		-2.537500
2343		-3.500000
2344		-3.675000
2345		-4.237500
2346		-3.928125
2347		-3.278125
2348		-2.981250
2349		-2.065625
2350		-2.493750
2351		-3.853125
2352		-3.662500
2353		-3.971875
2354		-3.056250
2355		-2.612500
2356		-2.287500
2357		-2.493750
2358		-3.187500
2359		-3.571875
2360		-3.646875
2361		-3.012500
2362		-2.096875
2363		-1.653125
2364		-1.562500
2365		-2.050000
2366		-2.584375
2367		-2.834375
2368		-1.934375
2369		-1.387500
2370		-1.225000
2371		-0.618750
2372		-1.578125
2373		-1.756250
2374		-1.934375
2375		-1.903125
2376		-0.928125
2377		-0.840625
2378		-0.250000
2379		-0.825000
2380		-1.490625
2381		-1.578125
2382		-1.653125
2383		-0.693750
2384		-0.218750
2385		-0.175000
2386		-0.175000
2387		-0.971875
2388		-1.237500
2389		-1.506250
2390		-0.159375
2391		-0.071875
2392		0.637500
2393		0.815625
2394		0.221875
2395		-0.175000
2396		-0.825000
2397		0.281250
2398		0.931250
2399		1.256250
2400		1.775000
2401		1.125000
2402		0.709375
2403		0.268750
2404		0.725000
2405		1.450000
2406		2.025000
2407		2.218750
2408		1.893750
2409		1.271875
2410		0.784375
2411		1.034375
2412		1.581250
2413		2.159375
2414		2.718750
2415		2.084375
2416		1.315625
2417		0.871875
2418		0.459375
2419		1.418750
2420		1.537500
2421		2.143750
2422		2.025000
2423		1.303125
2424		0.946875
2425		0.312500
2426		1.006250
2427		1.168750
2428		1.612500
2429		2.159375
2430		1.184375
2431		0.784375
2432		0.593750
2433		0.800000
2434		1.537500
2435		2.056250
2436		2.334375
2437		1.612500
2438		1.140625
2439		0.681250
2440		0.828125
2441		1.568750
2442		1.818750
2443		2.409375
2444		1.846875
2445		0.946875
2446		0.637500
2447		0.534375
2448		1.390625
2449		1.640625
2450		1.878125
2451		2.112500
2452		0.871875
2453		0.431250
2454		0.296875
2455		1.153125
2456		1.568750
2457		1.834375
2458		1.906250
2459		1.081250
2460		0.578125
2461		0.546875
2462		0.740625
2463		1.331250
2464		1.818750
2465		2.100000
2466		1.390625
2467		1.125000
2468		0.546875
2469		0.756250
2470		1.390625
2471		1.790625
2472		2.425000
2473		1.893750
2474		1.331250
2475		0.843750
2476		0.653125
2477		1.418750
2478		1.715625
2479		2.084375
2480		2.159375
2481		1.153125
2482		0.918750
2483		0.490625
2484		1.303125
2485		2.084375
2486		2.143750
2487		2.600000
2488		1.818750
2489		1.406250
2490		1.184375
2491		1.700000
2492		2.056250
2493		2.734375
2494		3.178125
2495		2.631250
2496		2.306250
2497		1.893750
2498		2.275000
2499		2.940625
2500		3.162500
2501		4.109375
2502		3.471875
2503		3.178125
2504		3.000000
2505		2.778125
2506		3.709375
2507		4.078125
2508		4.328125
2509		4.062500
2510		3.871875
2511		3.368750
2512		3.075000
2513		3.856250
2514		4.446875
2515		4.934375
2516		4.815625
2517		4.550000
2518		3.709375
2519		3.693750
2520		4.109375
2521		4.328125
2522		4.875000
2523		5.259375
2524		4.668750
2525		4.240625
2526		3.487500
2527		3.518750
2528		4.034375
2529		4.490625
2530		4.728125
2531		4.121875
2532		3.931250
2533		3.400000
2534		3.428125
2535		4.137500
2536		4.565625
2537		4.550000
2538		4.965625
2539		4.018750
2540		3.753125
2541		3.400000
2542		4.225000
2543		4.596875
2544		5.112500
2545		5.140625
2546		4.625000
2547		3.768750
2548		3.606250
2549		4.359375
2550		4.700000
2551		5.096875
2552		5.512500
2553		4.550000
2554		4.109375
2555		3.621875
2556		3.709375
2557		4.521875
2558		4.684375
2559		4.934375
2560		4.181250
2561		3.412500
2562		3.162500
2563		2.750000
2564		3.471875
2565		3.959375
2566		4.050000
2567		3.812500
2568		3.487500
2569		2.925000
2570		2.793750
2571		3.487500
2572		3.590625
2573		4.078125
2574		3.915625
2575		3.178125
2576		2.734375
2577		2.246875
2578		3.118750
2579		2.971875
2580		3.400000
2581		3.634375
2582		2.881250
2583		2.631250
2584		2.334375
2585		2.571875
2586		3.193750
2587		3.250000
2588		3.796875
2589		3.162500
2590		2.350000
2591		2.203125
2592		2.381250
2593		2.762500
2594		3.296875
2595		3.443750
2596		2.956250
2597		2.659375
2598		1.950000
2599		2.056250
2600		2.853125
2601		3.043750
2602		3.621875
2603		3.634375
2604		2.809375
2605		2.484375
2606		2.187500
2607		3.146875
2608		3.340625
2609		3.693750
2610		3.856250
2611		3.162500
2612		2.896875
2613		2.409375
2614		2.896875
2615		3.531250
2616		3.768750
2617		3.693750
2618		3.518750
2619		2.706250
2620		2.409375
2621		2.718750
2622		2.853125
2623		3.428125
2624		3.796875
2625		3.087500
2626		2.615625
2627		2.009375
2628		1.671875
2629		2.468750
2630		2.453125
2631		2.868750
2632		2.262500
2633		1.790625
2634		1.596875
2635		1.315625
2636		1.893750
2637		2.159375
2638		2.171875
2639		2.275000
2640		1.568750
2641		1.168750
2642		0.621875
2643		1.140625
2644		1.596875
2645		2.112500
2646		1.846875
2647		1.450000
2648		0.931250
2649		0.312500
2650		0.606250
2651		1.006250
2652		1.596875
2653		2.040625
2654		1.153125
2655		0.725000
2656		0.281250
2657		0.593750
2658		1.196875
2659		1.184375
2660		1.862500
2661		1.050000
2662		0.178125
2663		0.356250
2664		-0.293750
2665		0.490625
2666		0.784375
2667		0.859375
2668		0.843750
2669		0.118750
2670		-0.440625
2671		-0.618750
2672		-0.056250
2673		0.193750
2674		0.681250
2675		0.490625
2676		-0.206250
2677		-0.559375
2678		-0.912500
2679		0.015625
2680		-0.131250
2681		0.768750
2682		0.800000
2683		0.046875
2684		0.118750
2685		-0.471875
2686		0.268750
2687		0.653125
2688		1.081250
2689		1.628125
2690		0.946875
2691		0.562500
2692		0.534375
2693		0.756250
2694		1.081250
2695		1.640625
2696		1.818750
2697		1.596875
2698		0.871875
2699		0.209375
2700		0.443750
2701		1.081250
2702		1.243750
2703		1.684375
2704		1.656250
2705		0.800000
2706		0.312500
2707		-0.159375
2708		0.843750
2709		0.859375
2710		1.184375
2711		1.125000
2712		0.312500
2713		0.253125
2714		-0.087500
2715		0.518750
2716		0.990625
2717		1.715625
2718		1.818750
2719		1.581250
2720		1.050000
2721		1.093750
2722		1.612500
2723		1.981250
2724		2.809375
2725		3.296875
2726		2.718750
2727		2.675000
2728		2.600000
2729		2.837500
2730		3.384375
2731		3.681250
2732		4.596875
2733		4.212500
2734		3.900000
2735		4.093750
2736		3.784375
2737		4.787500
2738		5.556250
2739		5.687500
2740		6.162500
2741		5.584375
2742		5.584375
2743		5.687500
2744		6.543750
2745		7.328125
2746		7.756250
2747		7.815625
2748		7.843750
2749		7.621875
2750		7.475000
2751		8.509375
2752		8.981250
2753		9.721875
2754		10.237500
2755		10.031250
2756		9.837500
2757		9.721875
2758		10.209375
2759		11.228125
2760		11.671875
2761		12.365625
2762		11.862500
2763		11.612500
2764		11.743750
2765		11.878125
2766		12.750000
2767		13.340625
2768		13.871875
2769		13.678125
2770		13.162500
2771		12.718750
2772		12.631250
2773		13.221875
2774		13.650000
2775		13.812500
2776		13.384375
2777		12.734375
2778		12.215625
2779		11.509375
2780		12.409375
2781		12.053125
2782		12.040625
2783		11.937500
2784		10.756250
2785		10.325000
2786		9.500000
2787		9.956250
2788		9.943750
2789		9.662500
2790		9.353125
2791		8.612500
2792		7.637500
2793		7.312500
2794		7.578125
2795		7.284375
2796		7.356250
2797		7.328125
2798		6.337500
2799		5.703125
2800		4.965625
2801		5.053125
2802		5.068750
2803		5.409375
2804		5.718750
2805		4.653125
2806		4.434375
2807		3.856250
2808		3.443750
2809		4.165625
2810		4.181250
2811		4.478125
2812		3.959375
2813		3.134375
2814		2.778125
2815		2.793750
2816		2.956250
2817		3.384375
2818		3.531250
2819		3.193750
2820		3.015625
2821		2.203125
2822		1.790625
2823		2.306250
2824		2.646875
2825		3.103125
2826		3.000000
2827		2.409375
2828		1.878125
2829		1.303125
2830		1.862500
2831		2.203125
2832		2.468750
2833		2.675000
2834		2.143750
2835		1.640625
2836		1.450000
2837		1.628125
2838		2.159375
2839		2.528125
2840		2.778125
2841		2.306250
2842		1.743750
2843		1.509375
2844		1.906250
2845		2.112500
2846		2.925000
2847		3.193750
2848		2.571875
2849		2.468750
2850		2.068750
2851		2.056250
2852		3.043750
2853		3.265625
2854		3.900000
2855		3.931250
2856		3.459375
2857		3.400000
2858		3.031250
2859		4.093750
2860		4.993750
2861		5.025000
2862		5.718750
2863		5.512500
2864		4.993750
2865		5.128125
2866		5.893750
2867		6.662500
2868		7.356250
2869		7.859375
2870		7.550000
2871		7.446875
2872		7.387500
2873		8.037500
2874		8.687500
2875		9.425000
2876		9.943750
2877		9.246875
2878		9.440625
2879		9.084375
2880		9.293750
2881		10.209375
2882		10.400000
2883		11.125000
2884		10.725000
2885		10.312500
2886		10.253125
2887		10.162500
2888		10.800000
2889		11.081250
2890		11.509375
2891		10.871875
2892		10.503125
2893		9.809375
2894		10.312500
2895		10.400000
2896		10.503125
2897		10.725000
2898		10.475000
2899		9.631250
2900		9.175000
2901		8.628125
2902		9.159375
2903		9.306250
2904		9.365625
2905		9.484375
2906		8.596875
2907		8.228125
2908		7.668750
2909		8.215625
2910		8.481250
2911		8.406250
2912		8.509375
2913		7.756250
2914		7.518750
2915		7.150000
2916		7.637500
2917		7.506250
2918		7.712500
2919		8.168750
2920		7.209375
2921		6.840625
2922		6.103125
2923		6.381250
2924		6.856250
2925		6.753125
2926		7.106250
2927		6.115625
2928		5.703125
2929		4.862500
2930		4.359375
2931		5.025000
2932		5.350000
2933		5.156250
2934		4.537500
2935		3.990625
2936		3.590625
2937		3.368750
2938		3.828125
2939		3.887500
2940		4.256250
2941		4.050000
2942		3.368750
2943		2.940625
2944		2.587500
2945		3.443750
2946		3.518750
2947		4.062500
2948		3.900000
2949		3.221875
2950		3.075000
2951		2.631250
2952		3.340625
2953		3.546875
2954		3.753125
2955		4.109375
2956		4.003125
2957		3.518750
2958		3.296875
2959		3.753125
2960		3.871875
2961		4.328125
2962		4.462500
2963		4.034375
2964		3.887500
2965		3.606250
2966		4.196875
2967		4.446875
2968		5.140625
2969		5.850000
2970		5.643750
2971		5.481250
2972		5.584375
2973		6.000000
2974		7.284375
2975		7.506250
2976		8.450000
2977		8.406250
2978		8.406250
2979		8.493750
2980		8.656250
2981		9.543750
2982		10.371875
2983		10.637500
2984		10.918750
2985		10.281250
2986		10.415625
2987		10.400000
2988		10.828125
2989		11.521875
2990		11.937500
2991		11.728125
2992		11.462500
2993		11.093750
2994		10.518750
2995		11.315625
2996		11.950000
2997		12.143750
2998		12.600000
2999		12.203125
3000		12.306250
3001		11.937500
3002		12.203125
3003		13.412500
3004		13.709375
3005		14.256250
3006		13.900000
3007		13.931250
3008		13.737500
3009		14.050000
3010		14.684375
3011		15.334375
3012		15.556250
3013		15.025000
3014		14.609375
3015		14.565625
3016		14.640625
3017		15.231250
3018		15.096875
3019		15.671875
3020		15.009375
3021		14.003125
3022		14.212500
3023		13.725000
3024		14.153125
3025		14.387500
3026		14.625000
3027		14.403125
3028		13.665625
3029		13.384375
3030		13.400000
3031		13.812500
3032		14.403125
3033		14.521875
3034		14.300000
3035		13.781250
3036		13.487500
3037		12.984375
3038		13.781250
3039		14.003125
3040		14.478125
3041		14.446875
3042		13.575000
3043		13.340625
3044		12.453125
3045		13.237500
3046		13.237500
3047		13.134375
3048		13.281250
3049		12.231250
3050		11.715625
3051		11.137500
3052		11.271875
3053		11.537500
3054		11.612500
3055		11.684375
3056		11.021875
3057		10.503125
3058		9.943750
3059		10.031250
3060		10.400000
3061		10.475000
3062		10.578125
3063		9.690625
3064		9.028125
3065		8.421875
3066		8.125000
3067		8.434375
3068		8.450000
3069		8.953125
3070		8.215625
3071		7.356250
3072		7.046875
3073		6.543750
3074		7.137500
3075		7.312500
3076		7.387500
3077		6.781250
3078		6.309375
3079		5.790625
3080		5.409375
3081		5.746875
3082		5.850000
3083		6.146875
3084		5.600000
3085		4.934375
3086		4.640625
3087		3.887500
3088		4.906250
3089		4.712500
3090		5.068750
3091		5.112500
3092		4.271875
3093		3.900000
3094		3.634375
3095		4.181250
3096		4.640625
3097		5.156250
3098		5.068750
3099		4.921875
3100		4.300000
3101		4.137500
3102		4.728125
3103		5.068750
3104		5.746875
3105		6.190625
3106		5.806250
3107		5.571875
3108		5.718750
3109		6.103125
3110		6.543750
3111		7.078125
3112		7.653125
3113		6.781250
3114		6.650000
3115		6.368750
3116		6.250000
3117		6.975000
3118		7.137500
3119		7.284375
3120		7.090625
3121		6.175000
3122		5.865625
3123		6.028125
3124		6.293750
3125		6.693750
3126		7.062500
3127		6.559375
3128		6.325000
3129		5.600000
3130		5.687500
3131		6.428125
3132		6.515625
3133		6.706250
3134		6.603125
3135		5.953125
3136		5.453125
3137		5.084375
3138		5.628125
3139		6.293750
3140		6.487500
3141		6.753125
3142		6.471875
3143		5.893750
3144		5.806250
3145		6.559375
3146		6.884375
3147		7.653125
3148		7.578125
3149		6.943750
3150		6.531250
3151		6.146875
3152		6.884375
3153		6.943750
3154		7.446875
3155		7.593750
3156		7.003125
3157		6.543750
3158		6.559375
3159		6.781250
3160		7.518750
3161		7.637500
3162		8.140625
3163		7.728125
3164		7.225000
3165		7.371875
3166		7.518750
3167		7.993750
3168		8.612500
3169		9.190625
3170		8.818750
3171		8.775000
3172		8.775000
3173		8.996875
3174		9.618750
3175		10.209375
3176		10.931250
3177		10.400000
3178		10.118750
3179		10.090625
3180		9.956250
3181		10.681250
3182		10.828125
3183		11.093750
3184		11.065625
3185		10.325000
3186		9.956250
3187		9.853125
3188		10.281250
3189		10.828125
3190		11.050000
3191		10.946875
3192		10.443750
3193		9.793750
3194		9.293750
3195		10.134375
3196		10.150000
3197		10.534375
3198		10.503125
3199		9.662500
3200		9.337500
3201		8.656250
3202		9.175000
3203		9.365625
3204		9.440625
3205		9.896875
3206		9.012500
3207		8.540625
3208		8.303125
3209		8.287500
3210		8.584375
3211		9.234375
3212		9.603125
3213		8.318750
3214		8.125000
3215		7.506250
3216		7.993750
3217		8.271875
3218		8.406250
3219		9.321875
3220		8.228125
3221		8.140625
3222		7.712500
3223		7.934375
3224		8.568750
3225		8.746875
3226		9.056250
3227		8.612500
3228		7.993750
3229		7.475000
3230		7.078125
3231		7.728125
3232		8.081250
3233		8.215625
3234		7.831250
3235		7.137500
3236		6.693750
3237		6.325000
3238		6.987500
3239		7.090625
3240		7.518750
3241		6.987500
3242		6.396875
3243		6.412500
3244		5.687500
3245		6.559375
3246		6.721875
3247		6.884375
3248		6.959375
3249		6.206250
3250		5.925000
3251		5.378125
3252		6.265625
3253		6.737500
3254		6.959375
3255		7.165625
3256		6.353125
3257		5.850000
3258		5.556250
3259		6.337500
3260		6.456250
3261		6.884375
3262		6.812500
3263		6.218750
3264		5.865625
3265		5.437500
3266		6.234375
3267		6.250000
3268		6.103125
3269		6.959375
3270		6.278125
3271		6.087500
3272		5.628125
3273		6.206250
3274		6.543750
3275		7.018750
3276		7.284375
3277		6.959375
3278		6.396875
3279		6.234375
3280		6.590625
3281		6.943750
3282		7.371875
3283		7.859375
3284		7.062500
3285		7.031250
3286		6.471875
3287		6.368750
3288		7.150000
3289		7.815625
3290		8.081250
3291		7.415625
3292		7.003125
3293		6.487500
3294		6.515625
3295		7.209375
3296		7.150000
3297		7.696875
3298		7.490625
3299		6.737500
3300		6.500000
3301		6.293750
3302		6.737500
3303		7.475000
3304		7.771875
3305		7.312500
3306		6.856250
3307		6.765625
3308		6.471875
3309		7.300000
3310		7.815625
3311		8.421875
3312		8.287500
3313		7.668750
3314		7.506250
3315		6.884375
3316		7.843750
3317		8.421875
3318		8.362500
3319		8.421875
3320		8.109375
3321		7.431250
3322		7.046875
3323		7.431250
3324		7.621875
3325		8.271875
3326		7.903125
3327		7.462500
3328		6.959375
3329		6.325000
3330		6.575000
3331		6.840625
3332		7.031250
3333		7.078125
3334		6.337500
3335		5.453125
3336		5.128125
3337		5.318750
3338		5.290625
3339		5.731250
3340		5.821875
3341		5.068750
3342		4.490625
3343		4.121875
3344		4.196875
3345		4.581250
3346		4.950000
3347		5.128125
3348		4.343750
3349		4.050000
3350		3.471875
3351		3.546875
3352		3.975000
3353		4.403125
3354		4.565625
3355		4.062500
3356		3.531250
3357		3.178125
3358		2.956250
3359		3.546875
3360		4.003125
3361		4.418750
3362		4.062500
3363		3.237500
3364		2.837500
3365		3.000000
3366		3.340625
3367		3.959375
3368		3.975000
3369		3.737500
3370		3.471875
3371		2.896875
3372		2.940625
3373		3.471875
3374		3.946875
3375		4.490625
3376		4.359375
3377		3.709375
3378		3.471875
3379		3.250000
3380		4.050000
3381		4.403125
3382		4.596875
3383		4.803125
3384		4.078125
3385		3.753125
3386		3.325000
3387		3.768750
3388		4.565625
3389		4.521875
3390		4.712500
3391		4.256250
3392		3.784375
3393		3.590625
3394		4.343750
3395		4.550000
3396		4.978125
3397		5.409375
3398		4.803125
3399		4.490625
3400		4.137500
3401		4.890625
3402		5.393750
3403		5.703125
3404		5.718750
3405		5.156250
3406		4.787500
3407		4.653125
3408		4.965625
3409		5.350000
3410		5.643750
3411		6.103125
3412		5.584375
3413		4.934375
3414		4.640625
3415		4.906250
3416		5.259375
3417		5.512500
3418		6.218750
3419		5.334375
3420		4.728125
3421		4.490625
3422		4.403125
3423		5.112500
3424		5.068750
3425		5.675000
3426		5.112500
3427		4.418750
3428		4.153125
3429		3.915625
3430		4.271875
3431		4.743750
3432		4.890625
3433		4.446875
3434		3.900000
3435		3.693750
3436		3.206250
3437		3.828125
3438		4.062500
3439		4.165625
3440		3.812500
3441		3.178125
3442		3.075000
3443		2.646875
3444		3.621875
3445		3.737500
3446		4.078125
3447		3.946875
3448		3.178125
3449		3.000000
3450		2.750000
3451		3.368750
3452		3.812500
3453		4.003125
3454		3.737500
3455		3.265625
3456		2.940625
3457		2.868750
3458		3.265625
3459		3.531250
3460		3.812500
3461		4.003125
3462		3.309375
3463		3.221875
3464		2.262500
3465		3.443750
3466		3.856250
3467		3.900000
3468		4.153125
3469		3.368750
3470		2.971875
3471		2.706250
3472		3.043750
3473		3.562500
3474		3.871875
3475		3.828125
3476		3.193750
3477		2.984375
3478		2.453125
3479		3.471875
3480		3.296875
3481		3.590625
3482		3.784375
3483		3.856250
3484		3.118750
3485		2.334375
3486		3.000000
3487		3.459375
3488		3.503125
3489		3.990625
3490		3.000000
3491		2.868750
3492		2.496875
3493		3.087500
3494		3.368750
3495		3.990625
3496		4.093750
3497		3.562500
3498		3.000000
3499		2.675000
3500		3.103125
3501		3.459375
3502		3.871875
3503		4.375000
3504		3.471875
3505		3.443750
3506		2.793750
3507		3.103125
3508		3.768750
3509		4.003125
3510		4.490625
3511		3.590625
3512		3.356250
3513		3.118750
3514		3.118750
3515		3.634375
3516		3.784375
3517		3.840625
3518		3.487500
3519		3.103125
3520		2.659375
3521		2.646875
3522		3.590625
3523		3.562500
3524		4.300000
3525		3.650000
3526		3.031250
3527		3.250000
3528		2.853125
3529		3.784375
3530		4.153125
3531		4.343750
3532		4.343750
3533		3.459375
3534		3.265625
3535		3.250000
3536		3.856250
3537		4.003125
3538		4.478125
3539		4.181250
3540		3.562500
3541		3.087500
3542		2.971875
3543		3.812500
3544		3.975000
3545		4.446875
3546		4.315625
3547		3.665625
3548		3.546875
3549		2.984375
3550		3.840625
3551		4.034375
3552		4.550000
3553		4.625000
3554		4.050000
3555		3.650000
3556		3.340625
3557		3.812500
3558		4.225000
3559		4.550000
3560		4.403125
3561		3.990625
3562		3.575000
3563		3.309375
3564		4.403125
3565		4.418750
3566		4.537500
3567		4.803125
3568		4.034375
3569		3.856250
3570		3.221875
3571		3.887500
3572		4.478125
3573		4.565625
3574		4.640625
3575		4.212500
3576		3.562500
3577		3.340625
3578		4.550000
3579		4.625000
3580		4.993750
3581		5.112500
3582		4.700000
3583		4.078125
3584		3.634375
3585		4.212500
3586		4.225000
3587		4.771875
3588		4.875000
3589		3.946875
3590		3.562500
3591		2.925000
3592		3.384375
3593		3.840625
3594		3.887500
3595		4.062500
3596		3.503125
3597		2.881250
3598		2.587500
3599		2.778125
3600		3.043750
3601		3.575000
3602		4.093750
3603		3.428125
3604		3.043750
3605		2.528125
3606		2.646875
3607		3.146875
3608		3.459375
3609		3.990625
3610		3.265625
3611		2.793750
3612		2.718750
3613		2.496875
3614		3.193750
3615		3.412500
3616		3.309375
3617		2.853125
3618		2.334375
3619		1.715625
3620		1.759375
3621		2.171875
3622		2.262500
3623		2.778125
3624		2.040625
3625		1.640625
3626		0.578125
3627		0.903125
3628		1.671875
3629		1.596875
3630		2.040625
3631		1.581250
3632		0.725000
3633		0.490625
3634		0.134375
3635		1.065625
3636		1.228125
3637		1.465625
3638		1.081250
3639		0.312500
3640		0.118750
3641		0.059375
3642		0.268750
3643		0.903125
3644		1.346875
3645		0.784375
3646		0.400000
3647		-0.131250
3648		-0.456250
3649		0.503125
3650		0.534375
3651		0.784375
3652		0.962500
3653		-0.056250
3654		-0.131250
3655		-0.425000
3656		0.340625
3657		0.871875
3658		0.918750
3659		0.871875
3660		0.150000
3661		-0.159375
3662		-0.531250
3663		0.475000
3664		0.562500
3665		1.093750
3666		0.962500
3667		0.134375
3668		-0.043750
3669		-0.575000
3670		0.475000
3671		0.503125
3672		0.990625
3673		1.125000
3674		0.059375
3675		-0.028125
3676		-0.262500
3677		0.209375
3678		0.828125
3679		1.612500
3680		1.418750
3681		0.800000
3682		0.221875
3683		-0.100000
3684		0.800000
3685		0.681250
3686		1.271875
3687		1.256250
3688		-0.056250
3689		-0.087500
3690		-0.721875
3691		0.253125
3692		0.165625
3693		0.281250
3694		0.578125
3695		-0.425000
3696		-0.500000
3697		-1.090625
3698		-0.425000
3699		-0.028125
3700		0.268750
3701		0.371875
3702		0.015625
3703		-0.737500
3704		-0.646875
3705		0.059375
3706		0.209375
3707		0.859375
3708		0.815625
3709		0.431250
3710		0.178125
3711		-0.587500
3712		0.268750
3713		0.815625
3714		0.931250
3715		1.418750
3716		0.443750
3717		-0.175000
3718		-0.750000
3719		-0.337500
3720		0.046875
3721		0.268750
3722		0.237500
3723		-0.531250
3724		-0.971875
3725		-1.328125
3726		-0.662500
3727		-0.618750
3728		-0.234375
3729		0.090625
3730		-0.531250
3731		-0.971875
3732		-1.415625
3733		-1.018750
3734		-0.321875
3735		-0.115625
3736		0.384375
3737		-0.368750
3738		-1.018750
3739		-1.268750
3740		-1.209375
3741		-0.856250
3742		-0.500000
3743		-0.543750
3744		-1.609375
3745		-1.946875
3746		-2.715625
3747		-2.346875
3748		-2.050000
3749		-1.831250
3750		-1.725000
3751		-2.775000
3752		-3.262500
3753		-3.853125
3754		-3.706250
3755		-2.850000
3756		-2.818750
3757		-2.259375
3758		-3.187500
3759		-3.631250
3760		-4.075000
3761		-4.090625
3762		-3.543750
3763		-2.996875
3764		-2.315625
3765		-3.868750
3766		-3.825000
3767		-4.415625
3768		-4.325000
3769		-3.971875
3770		-3.971875
3771		-3.306250
3772		-4.325000
3773		-4.828125
3774		-5.625000
3775		-5.565625
3776		-4.887500
3777		-5.034375
3778		-4.871875
3779		-5.181250
3780		-5.553125
3781		-6.259375
3782		-6.290625
3783		-5.921875
3784		-5.450000
3785		-5.196875
3786		-5.831250
3787		-6.453125
3788		-6.778125
3789		-7.071875
3790		-6.215625
3791		-5.906250
3792		-5.168750
3793		-6.084375
3794		-6.112500
3795		-6.821875
3796		-6.793750
3797		-5.965625
3798		-5.565625
3799		-5.256250
3800		-5.771875
3801		-6.496875
3802		-6.703125
3803		-6.853125
3804		-6.246875
3805		-5.581250
3806		-5.109375
3807		-5.553125
3808		-6.025000
3809		-6.643750
3810		-6.600000
3811		-5.640625
3812		-5.743750
3813		-5.034375
3814		-5.271875
3815		-6.143750
3816		-6.556250
3817		-6.600000
3818		-5.715625
3819		-5.640625
3820		-5.300000
3821		-5.684375
3822		-6.703125
3823		-6.984375
3824		-7.028125
3825		-6.215625
3826		-5.906250
3827		-5.506250
3828		-5.803125
3829		-6.378125
3830		-6.584375
3831		-6.746875
3832		-5.640625
3833		-5.921875
3834		-5.137500
3835		-5.390625
3836		-6.203125
3837		-6.481250
3838		-6.659375
3839		-6.025000
3840		-5.581250
3841		-5.537500
3842		-5.787500
3843		-6.659375
3844		-7.190625
3845		-7.443750
3846		-6.881250
3847		-6.865625
3848		-6.378125
3849		-7.015625
3850		-7.856250
3851		-8.268750
3852		-9.037500
3853		-8.371875
3854		-8.209375
3855		-8.121875
3856		-8.046875
3857		-9.200000
3858		-9.584375
3859		-9.968750
3860		-9.659375
3861		-9.156250
3862		-9.171875
3863		-9.496875
3864		-10.028125
3865		-10.278125
3866		-11.062500
3867		-9.731250
3868		-10.056250
3869		-9.659375
3870		-9.909375
3871		-10.750000
3872		-11.193750
3873		-11.665625
3874		-10.706250
3875		-10.587500
3876		-10.262500
3877		-10.278125
3878		-11.178125
3879		-11.653125
3880		-12.243750
3881		-11.268750
3882		-10.943750
3883		-11.031250
3884		-11.062500
3885		-11.828125
3886		-12.331250
3887		-12.878125
3888		-11.990625
3889		-11.681250
3890		-11.459375
3891		-11.712500
3892		-12.200000
3893		-12.921875
3894		-13.100000
3895		-12.271875
3896		-11.637500
3897		-11.550000
3898		-11.475000
3899		-11.843750
3900		-12.315625
3901		-12.775000
3902		-11.637500
3903		-11.387500
3904		-10.662500
3905		-10.853125
3906		-11.312500
3907		-11.312500
3908		-11.918750
3909		-10.559375
3910		-10.365625
3911		-9.996875
3912		-9.731250
3913		-10.884375
3914		-10.840625
3915		-11.178125
3916		-10.618750
3917		-10.262500
3918		-10.056250
3919		-9.996875
3920		-10.618750
3921		-11.340625
3922		-11.518750
3923		-10.575000
3924		-10.365625
3925		-9.731250
3926		-9.731250
3927		-10.500000
3928		-10.500000
3929		-10.884375
3930		-9.909375
3931		-9.540625
3932		-8.787500
3933		-8.521875
3934		-9.525000
3935		-9.437500
3936		-10.056250
3937		-8.950000
3938		-8.387500
3939		-8.284375
3940		-8.150000
3941		-9.068750
3942		-9.259375
3943		-9.703125
3944		-8.859375
3945		-8.521875
3946		-8.256250
3947		-8.106250
3948		-8.668750
3949		-9.437500
3950		-9.762500
3951		-9.081250
3952		-8.787500
3953		-8.743750
3954		-8.490625
3955		-9.406250
3956		-9.953125
3957		-9.937500
3958		-9.406250
3959		-9.156250
3960		-8.743750
3961		-9.068750
3962		-9.465625
3963		-9.937500
3964		-10.484375
3965		-9.553125
3966		-9.171875
3967		-8.934375
3968		-8.890625
3969		-9.509375
3970		-10.131250
3971		-10.515625
3972		-9.925000
3973		-9.496875
3974		-9.406250
3975		-9.140625
3976		-9.984375
3977		-10.737500
3978		-10.987500
3979		-10.543750
3980		-10.087500
3981		-9.878125
3982		-9.996875
3983		-10.662500
3984		-11.284375
3985		-11.578125
3986		-11.075000
3987		-10.662500
3988		-10.662500
3989		-10.425000
3990		-11.387500
3991		-11.903125
3992		-12.315625
3993		-11.696875
3994		-11.356250
3995		-10.884375
3996		-11.134375
3997		-11.665625
3998		-12.212500
3999		-12.315625
4000		-11.621875
4001		-11.209375
4002		-10.365625
4003		-10.618750
4004		-10.840625
4005		-11.134375
4006		-11.621875
4007		-10.618750
4008		-9.834375
4009		-9.715625
4010		-9.096875
4011		-9.968750
4012		-10.203125
4013		-10.115625
4014		-9.481250
4015		-8.846875
4016		-8.225000
4017		-8.003125
4018		-8.875000
4019		-9.346875
4020		-9.362500
4021		-8.475000
4022		-8.475000
4023		-7.840625
4024		-7.709375
4025		-8.403125
4026		-8.756250
4027		-9.287500
4028		-8.343750
4029		-7.709375
4030		-7.634375
4031		-7.634375
4032		-7.959375
4033		-8.371875
4034		-8.696875
4035		-7.987500
4036		-7.662500
4037		-7.340625
4038		-7.325000
4039		-8.165625
4040		-8.668750
4041		-9.259375
4042		-8.593750
4043		-8.165625
4044		-8.003125
4045		-8.078125
4046		-8.993750
4047		-9.509375
4048		-10.100000
4049		-9.450000
4050		-8.831250
4051		-8.815625
4052		-9.140625
4053		-10.012500
4054		-10.706250
4055		-11.134375
4056		-10.809375
4057		-10.353125
4058		-10.250000
4059		-10.796875
4060		-11.503125
4061		-12.125000
4062		-12.759375
4063		-12.346875
4064		-11.768750
4065		-11.887500
4066		-11.918750
4067		-12.759375
4068		-13.246875
4069		-13.837500
4070		-13.246875
4071		-12.996875
4072		-13.128125
4073		-13.175000
4074		-13.750000
4075		-14.531250
4076		-15.093750
4077		-14.237500
4078		-13.896875
4079		-13.543750
4080		-13.750000
4081		-14.415625
4082		-15.006250
4083		-15.093750
4084		-14.253125
4085		-13.940625
4086		-13.821875
4087		-13.750000
4088		-14.784375
4089		-15.078125
4090		-15.446875
4091		-14.753125
4092		-14.531250
4093		-14.281250
4094		-14.578125
4095		-14.931250
4096		-15.596875
4097		-15.684375
4098		-15.018750
4099		-14.503125
4100		-14.296875
4101		-14.265625
4102		-14.887500
4103		-15.343750
4104		-15.581250
4105		-14.590625
4106		-14.356250
4107		-13.912500
4108		-13.750000
4109		-14.206250
4110		-14.796875
4111		-14.415625
4112		-13.615625
4113		-13.012500
4114		-12.509375
4115		-12.581250
4116		-13.159375
4117		-13.306250
4118		-13.365625
4119		-12.390625
4120		-11.828125
4121		-11.768750
4122		-11.756250
4123		-12.700000
4124		-13.084375
4125		-12.953125
4126		-12.256250
4127		-11.578125
4128		-11.621875
4129		-11.550000
4130		-12.200000
4131		-13.159375
4132		-12.731250
4133		-12.168750
4134		-11.562500
4135		-11.121875
4136		-11.593750
4137		-12.228125
4138		-12.509375
4139		-12.731250
4140		-11.815625
4141		-11.621875
4142		-11.340625
4143		-11.696875
4144		-12.243750
4145		-12.656250
4146		-13.025000
4147		-12.168750
4148		-11.621875
4149		-11.371875
4150		-11.918750
4151		-12.271875
4152		-13.128125
4153		-13.100000
4154		-12.303125
4155		-11.962500
4156		-11.784375
4157		-12.140625
4158		-13.025000
4159		-13.203125
4160		-13.381250
4161		-12.553125
4162		-11.962500
4163		-11.800000
4164		-12.640625
4165		-13.159375
4166		-13.587500
4167		-13.912500
4168		-12.862500
4169		-12.434375
4170		-12.212500
4171		-12.731250
4172		-13.484375
4173		-14.265625
4174		-14.178125
4175		-13.321875
4176		-13.440625
4177		-12.790625
4178		-13.350000
4179		-13.912500
4180		-14.178125
4181		-14.400000
4182		-13.496875
4183		-13.084375
4184		-12.581250
4185		-12.640625
4186		-13.246875
4187		-13.350000
4188		-12.465625
4189		-11.550000
4190		-10.425000
4191		-9.362500
4192		-9.509375
4193		-9.259375
4194		-8.890625
4195		-8.034375
4196		-6.259375
4197		-5.287500
4198		-4.103125
4199		-4.075000
4200		-4.090625
4201		-3.631250
4202		-3.071875
4203		-1.859375
4204		-1.181250
4205		-0.662500
4206		-1.209375
4207		-1.875000
4208		-2.509375
4209		-2.493750
4210		-2.096875
4211		-2.096875
4212		-2.153125
4213		-3.512500
4214		-4.368750
4215		-5.418750
4216		-5.700000
4217		-5.240625
4218		-5.403125
4219		-5.256250
4220		-5.993750
4221		-7.146875
4222		-7.709375
4223		-7.531250
4224		-6.837500
4225		-6.068750
4226		-5.565625
4227		-6.378125
4228		-6.409375
4229		-6.187500
4230		-5.181250
4231		-3.881250
4232		-2.953125
4233		-1.578125
4234		-1.843750
4235		-1.518750
4236		-0.796875
4237		0.431250
4238		1.790625
4239		3.087500
4240		3.665625
4241		3.193750
4242		3.237500
4243		3.296875
4244		3.959375
4245		4.550000
4246		5.140625
4247		5.496875
4248		4.240625
4249		3.575000
4250		2.778125
4251		3.031250
4252		3.178125
4253		2.984375
4254		2.675000
4255		1.021875
4256		-0.440625
4257		-1.328125
4258		-1.653125
4259		-1.859375
4260		-2.525000
4261		-2.715625
4262		-4.340625
4263		-5.450000
4264		-6.643750
4265		-6.675000
4266		-6.778125
4267		-6.821875
4268		-7.071875
4269		-8.521875
4270		-9.287500
4271		-10.115625
4272		-9.465625
4273		-9.465625
4274		-9.643750
4275		-9.806250
4276		-10.840625
4277		-11.503125
4278		-11.712500
4279		-10.959375
4280		-10.293750
4281		-10.012500
4282		-9.878125
4283		-10.690625
4284		-11.003125
4285		-11.459375
4286		-10.028125
4287		-9.406250
4288		-8.962500
4289		-8.668750
4290		-9.584375
4291		-9.925000
4292		-9.834375
4293		-8.906250
4294		-8.284375
4295		-7.840625
4296		-7.840625
4297		-8.328125
4298		-8.684375
4299		-8.743750
4300		-7.781250
4301		-7.250000
4302		-6.631250
4303		-6.925000
4304		-7.412500
4305		-7.959375
4306		-8.078125
4307		-6.984375
4308		-6.703125
4309		-6.365625
4310		-6.421875
4311		-7.368750
4312		-7.606250
4313		-7.693750
4314		-7.206250
4315		-6.290625
4316		-5.921875
4317		-6.378125
4318		-6.821875
4319		-7.250000
4320		-7.340625
4321		-6.365625
4322		-5.862500
4323		-5.434375
4324		-5.656250
4325		-6.481250
4326		-6.734375
4327		-6.631250
4328		-5.521875
4329		-4.709375
4330		-4.031250
4331		-4.015625
4332		-4.531250
4333		-4.518750
4334		-4.090625
4335		-2.965625
4336		-1.978125
4337		-0.943750
4338		-1.003125
4339		-1.343750
4340		-1.431250
4341		-1.090625
4342		0.209375
4343		0.828125
4344		1.406250
4345		1.184375
4346		0.384375
4347		0.400000
4348		0.415625
4349		1.153125
4350		1.493750
4351		1.759375
4352		0.978125
4353		0.578125
4354		-0.381250
4355		-0.425000
4356		-0.071875
4357		-0.071875
4358		0.150000
4359		-0.868750
4360		-1.712500
4361		-2.640625
4362		-3.100000
4363		-2.390625
4364		-2.525000
4365		-2.596875
4366		-3.175000
4367		-4.221875
4368		-4.709375
4369		-5.153125
4370		-4.518750
4371		-4.265625
4372		-3.912500
4373		-4.800000
4374		-5.493750
4375		-6.600000
4376		-6.659375
4377		-6.068750
4378		-5.965625
4379		-5.331250
4380		-6.096875
4381		-6.746875
4382		-7.206250
4383		-7.678125
4384		-6.853125
4385		-6.409375
4386		-5.981250
4387		-6.275000
4388		-7.178125
4389		-7.768750
4390		-7.943750
4391		-7.178125
4392		-6.746875
4393		-6.512500
4394		-7.000000
4395		-7.781250
4396		-8.581250
4397		-8.934375
4398		-7.975000
4399		-7.768750
4400		-7.531250
4401		-8.359375
4402		-8.962500
4403		-9.746875
4404		-10.234375
4405		-9.393750
4406		-9.037500
4407		-8.800000
4408		-9.184375
4409		-10.056250
4410		-10.750000
4411		-11.356250
4412		-10.528125
4413		-9.790625
4414		-9.703125
4415		-10.175000
4416		-11.090625
4417		-11.606250
4418		-11.978125
4419		-10.959375
4420		-10.737500
4421		-10.353125
4422		-10.175000
4423		-11.356250
4424		-11.815625
4425		-12.037500
4426		-11.621875
4427		-10.868750
4428		-10.353125
4429		-10.250000
4430		-10.884375
4431		-11.518750
4432		-11.431250
4433		-10.721875
4434		-10.278125
4435		-9.259375
4436		-9.318750
4437		-10.012500
4438		-10.071875
4439		-10.175000
4440		-9.318750
4441		-8.653125
4442		-8.093750
4443		-7.753125
4444		-8.653125
4445		-8.978125
4446		-9.437500
4447		-8.684375
4448		-7.943750
4449		-7.265625
4450		-6.956250
4451		-7.915625
4452		-8.371875
4453		-8.475000
4454		-8.209375
4455		-7.515625
4456		-6.853125
4457		-6.584375
4458		-7.293750
4459		-7.515625
4460		-8.359375
4461		-7.856250
4462		-6.896875
4463		-6.675000
4464		-5.921875
4465		-6.453125
4466		-7.118750
4467		-7.575000
4468		-7.662500
4469		-6.528125
4470		-6.215625
4471		-5.787500
4472		-6.306250
4473		-6.940625
4474		-7.250000
4475		-6.806250
4476		-6.259375
4477		-5.803125
4478		-5.478125
4479		-5.950000
4480		-6.437500
4481		-6.865625
4482		-6.896875
4483		-5.993750
4484		-5.537500
4485		-4.915625
4486		-5.078125
4487		-6.084375
4488		-6.112500
4489		-6.009375
4490		-5.331250
4491		-4.665625
4492		-4.368750
4493		-4.428125
4494		-5.315625
4495		-5.743750
4496		-5.921875
4497		-5.300000
4498		-4.800000
4499		-4.134375
4500		-4.193750
4501		-4.665625
4502		-5.596875
4503		-5.462500
4504		-4.975000
4505		-4.590625
4506		-4.000000
4507		-3.853125
4508		-4.812500
4509		-5.300000
4510		-5.450000
4511		-5.256250
4512		-4.384375
4513		-4.015625
4514		-3.175000
4515		-4.059375
4516		-4.621875
4517		-4.828125
4518		-4.443750
4519		-3.587500
4520		-2.909375
4521		-2.731250
4522		-3.012500
4523		-3.500000
4524		-4.059375
4525		-3.587500
4526		-2.759375
4527		-2.346875
4528		-2.050000
4529		-2.628125
4530		-3.056250
4531		-3.056250
4532		-3.409375
4533		-2.271875
4534		-1.903125
4535		-1.506250
4536		-1.490625
4537		-2.450000
4538		-3.175000
4539		-3.056250
4540		-2.271875
4541		-1.800000
4542		-1.446875
4543		-1.593750
4544		-2.243750
4545		-2.850000
4546		-3.218750
4547		-2.375000
4548		-2.228125
4549		-1.506250
4550		-1.637500
4551		-2.537500
4552		-2.981250
4553		-3.778125
4554		-2.937500
4555		-2.493750
4556		-2.140625
4557		-1.815625
4558		-3.084375
4559		-3.571875
4560		-3.721875
4561		-3.778125
4562		-2.965625
4563		-2.803125
4564		-2.921875
4565		-2.981250
4566		-4.340625
4567		-4.637500
4568		-4.665625
4569		-4.178125
4570		-4.178125
4571		-3.631250
4572		-4.606250
4573		-5.493750
4574		-6.143750
4575		-6.290625
4576		-5.700000
4577		-5.743750
4578		-5.403125
4579		-6.215625
4580		-7.559375
4581		-7.412500
4582		-8.196875
4583		-7.250000
4584		-6.896875
4585		-6.865625
4586		-7.043750
4587		-7.900000
4588		-8.475000
4589		-9.259375
4590		-7.856250
4591		-7.662500
4592		-7.250000
4593		-7.146875
4594		-7.900000
4595		-8.462500
4596		-9.287500
4597		-8.150000
4598		-7.975000
4599		-7.396875
4600		-7.178125
4601		-8.240625
4602		-8.490625
4603		-9.275000
4604		-8.846875
4605		-8.328125
4606		-7.650000
4607		-7.146875
4608		-8.106250
4609		-8.696875
4610		-8.859375
4611		-8.787500
4612		-7.987500
4613		-7.206250
4614		-7.265625
4615		-7.487500
4616		-7.959375
4617		-8.431250
4618		-8.300000
4619		-7.590625
4620		-7.028125
4621		-6.215625
4622		-6.409375
4623		-7.250000
4624		-7.340625
4625		-7.606250
4626		-6.378125
4627		-5.993750
4628		-5.565625
4629		-5.565625
4630		-6.306250
4631		-6.481250
4632		-6.496875
4633		-6.112500
4634		-5.137500
4635		-4.487500
4636		-4.400000
4637		-4.784375
4638		-5.375000
4639		-5.343750
4640		-4.665625
4641		-3.987500
4642		-3.571875
4643		-3.203125
4644		-3.837500
4645		-4.265625
4646		-4.812500
4647		-4.606250
4648		-4.059375
4649		-3.528125
4650		-3.143750
4651		-3.778125
4652		-4.368750
4653		-4.650000
4654		-5.343750
4655		-4.134375
4656		-3.262500
4657		-3.278125
4658		-3.453125
4659		-4.237500
4660		-4.443750
4661		-4.606250
4662		-3.721875
4663		-3.337500
4664		-2.850000
4665		-3.100000
4666		-3.203125
4667		-3.971875
4668		-4.606250
4669		-3.571875
4670		-3.543750
4671		-3.012500
4672		-2.271875
4673		-3.425000
4674		-4.162500
4675		-4.843750
4676		-4.162500
4677		-3.690625
4678		-3.528125
4679		-3.321875
4680		-4.296875
4681		-5.256250
4682		-5.565625
4683		-5.612500
4684		-4.753125
4685		-4.503125
4686		-4.150000
4687		-4.753125
4688		-5.271875
4689		-5.684375
4690		-5.612500
4691		-4.681250
4692		-4.221875
4693		-3.571875
4694		-4.162500
4695		-4.828125
4696		-5.065625
4697		-5.831250
4698		-4.871875
4699		-4.368750
4700		-3.750000
4701		-3.587500
4702		-4.621875
4703		-5.034375
4704		-5.553125
4705		-4.590625
4706		-4.150000
4707		-4.090625
4708		-3.750000
4709		-4.518750
4710		-5.196875
4711		-5.521875
4712		-5.271875
4713		-4.693750
4714		-4.312500
4715		-4.312500
4716		-4.812500
4717		-5.196875
4718		-5.906250
4719		-5.434375
4720		-4.931250
4721		-4.637500
4722		-4.134375
4723		-4.637500
4724		-5.287500
4725		-5.846875
4726		-5.921875
4727		-4.946875
4728		-4.562500
4729		-4.400000
4730		-4.753125
4731		-5.521875
4732		-5.743750
4733		-6.112500
4734		-5.521875
4735		-4.856250
4736		-4.415625
4737		-4.415625
4738		-4.962500
4739		-5.553125
4740		-5.934375
4741		-5.343750
4742		-4.531250
4743		-3.940625
4744		-3.825000
4745		-4.428125
4746		-5.034375
4747		-5.403125
4748		-4.975000
4749		-4.443750
4750		-4.090625
4751		-3.559375
4752		-4.193750
4753		-4.812500
4754		-4.887500
4755		-5.375000
4756		-4.237500
4757		-3.675000
4758		-3.321875
4759		-3.128125
4760		-4.118750
4761		-4.531250
4762		-4.637500
4763		-3.793750
4764		-3.115625
4765		-2.818750
4766		-2.612500
4767		-3.084375
4768		-3.793750
4769		-3.940625
4770		-3.187500
4771		-2.790625
4772		-2.212500
4773		-1.756250
4774		-2.790625
4775		-3.115625
4776		-3.603125
4777		-3.115625
4778		-2.553125
4779		-2.315625
4780		-1.875000
4781		-2.834375
4782		-3.321875
4783		-3.571875
4784		-3.896875
4785		-2.731250
4786		-2.315625
4787		-1.962500
4788		-2.478125
4789		-3.234375
4790		-3.646875
4791		-3.721875
4792		-2.921875
4793		-2.315625
4794		-2.096875
4795		-2.125000
4796		-2.525000
4797		-3.337500
4798		-3.675000
4799		-2.640625
4800		-2.375000
4801		-1.918750
4802		-1.415625
4803		-2.375000
4804		-2.421875
4805		-3.159375
4806		-2.628125
4807		-1.725000
4808		-1.343750
4809		-0.781250
4810		-1.431250
4811		-2.465625
4812		-2.200000
4813		-1.887500
4814		-1.237500
4815		-0.531250
4816		-0.618750
4817		-0.796875
4818		-1.181250
4819		-1.609375
4820		-2.006250
4821		-1.018750
4822		-0.693750
4823		-0.396875
4824		-0.559375
4825		-1.209375
4826		-1.518750
4827		-2.212500
4828		-1.090625
4829		-1.090625
4830		-0.456250
4831		-0.206250
4832		-1.446875
4833		-1.875000
4834		-2.109375
4835		-1.578125
4836		-1.003125
4837		-0.646875
4838		-0.250000
4839		-0.971875
4840		-1.534375
4841		-1.490625
4842		-1.518750
4843		-0.321875
4844		0.165625
4845		0.400000
4846		0.003125
4847		-0.603125
4848		-0.840625
4849		-0.987500
4850		0.046875
4851		0.281250
4852		0.740625
4853		0.503125
4854		-0.425000
4855		-0.559375
4856		-1.165625
4857		-0.587500
4858		-0.100000
4859		0.193750
4860		0.384375
4861		-0.440625
4862		-1.031250
4863		-1.415625
4864		-1.018750
4865		-0.381250
4866		0.237500
4867		0.459375
4868		-0.115625
4869		-0.500000
4870		-1.018750
4871		-0.646875
4872		0.090625
4873		0.503125
4874		0.978125
4875		0.312500
4876		-0.028125
4877		-0.796875
4878		-0.559375
4879		0.090625
4880		0.356250
4881		1.093750
4882		0.415625
4883		-0.531250
4884		-0.559375
4885		-0.959375
4886		0.046875
4887		0.371875
4888		0.756250
4889		0.903125
4890		0.031250
4891		-0.262500
4892		-0.559375
4893		0.090625
4894		0.843750
4895		1.375000
4896		1.596875
4897		1.093750
4898		0.534375
4899		-0.012500
4900		0.503125
4901		1.006250
4902		1.581250
4903		1.996875
4904		1.093750
4905		0.725000
4906		0.356250
4907		0.415625
4908		1.418750
4909		1.715625
4910		2.231250
4911		1.965625
4912		1.196875
4913		0.946875
4914		0.562500
4915		1.390625
4916		2.218750
4917		2.809375
4918		2.659375
4919		2.306250
4920		1.818750
4921		1.596875
4922		2.159375
4923		2.821875
4924		2.925000
4925		3.459375
4926		2.706250
4927		1.937500
4928		1.596875
4929		2.203125
4930		2.528125
4931		3.031250
4932		3.221875
4933		2.425000
4934		1.731250
4935		1.640625
4936		1.243750
4937		2.484375
4938		2.690625
4939		3.059375
4940		2.971875
4941		2.187500
4942		1.937500
4943		1.390625
4944		2.762500
4945		3.384375
4946		3.665625
4947		3.606250
4948		3.146875
4949		2.778125
4950		2.659375
4951		3.518750
4952		3.784375
4953		4.375000
4954		4.700000
4955		3.784375
4956		3.518750
4957		2.868750
4958		3.340625
4959		4.018750
4960		4.315625
4961		4.890625
4962		3.959375
4963		3.546875
4964		3.075000
4965		2.940625
4966		3.812500
4967		3.900000
4968		4.418750
4969		4.050000
4970		3.146875
4971		2.821875
4972		2.659375
4973		3.221875
4974		3.796875
4975		4.434375
4976		4.137500
4977		3.606250
4978		3.178125
4979		2.925000
4980		3.796875
4981		4.050000
4982		4.862500
4983		4.978125
4984		4.343750
4985		4.121875
4986		3.856250
4987		4.403125
4988		5.362500
4989		5.968750
4990		6.543750
4991		6.265625
4992		5.850000
4993		5.659375
4994		6.043750
4995		7.046875
4996		7.903125
4997		7.993750
4998		7.993750
4999		7.403125
5000		7.078125
5001		7.240625
5002		8.271875
5003		8.909375
5004		9.468750
5005		9.587500
5006		9.071875
5007		8.953125
5008		8.818750
5009		9.809375
5010		10.356250
5011		11.065625
5012		11.521875
5013		11.006250
5014		10.709375
5015		10.725000
5016		11.375000
5017		12.378125
5018		12.734375
5019		13.503125
5020		13.281250
5021		12.940625
5022		12.762500
5023		12.984375
5024		14.093750
5025		14.593750
5026		15.037500
5027		14.978125
5028		14.565625
5029		14.375000
5030		14.387500
5031		15.231250
5032		15.437500
5033		15.881250
5034		15.850000
5035		15.334375
5036		15.081250
5037		14.387500
5038		15.318750
5039		15.509375
5040		15.659375
5041		15.746875
5042		15.068750
5043		14.418750
5044		13.828125
5045		14.018750
5046		14.537500
5047		14.478125
5048		14.506250
5049		13.665625
5050		12.718750
5051		12.231250
5052		12.203125
5053		12.321875
5054		12.275000
5055		12.528125
5056		11.509375
5057		10.946875
5058		10.209375
5059		9.543750
5060		10.325000
5061		10.090625
5062		10.562500
5063		9.868750
5064		8.921875
5065		8.509375
5066		7.740625
5067		8.540625
5068		8.509375
5069		8.703125
5070		8.656250
5071		7.859375
5072		7.284375
5073		6.765625
5074		7.106250
5075		7.225000
5076		7.890625
5077		7.815625
5078		6.975000
5079		6.162500
5080		5.953125
5081		6.071875
5082		6.012500
5083		6.440625
5084		6.471875
5085		5.540625
5086		5.009375
5087		4.418750
5088		4.315625
5089		5.156250
5090		4.993750
5091		5.246875
5092		4.668750
5093		4.109375
5094		3.900000
5095		3.368750
5096		3.915625
5097		4.521875
5098		4.565625
5099		4.565625
5100		3.812500
5101		3.178125
5102		2.971875
5103		3.546875
5104		3.915625
5105		4.490625
5106		4.565625
5107		4.109375
5108		3.812500
5109		3.193750
5110		3.828125
5111		4.034375
5112		4.890625
5113		5.350000
5114		4.446875
5115		4.256250
5116		3.871875
5117		4.271875
5118		5.084375
5119		5.362500
5120		6.071875
5121		5.643750
5122		5.362500
5123		5.318750
5124		5.378125
5125		6.309375
5126		7.046875
5127		7.403125
5128		7.578125
5129		7.018750
5130		7.284375
5131		7.150000
5132		7.993750
5133		8.596875
5134		9.293750
5135		9.353125
5136		8.775000
5137		8.909375
5138		8.318750
5139		9.512500
5140		10.118750
5141		10.696875
5142		11.196875
5143		10.621875
5144		10.578125
5145		10.059375
5146		10.800000
5147		11.700000
5148		11.787500
5149		12.393750
5150		11.906250
5151		11.462500
5152		11.271875
5153		11.553125
5154		12.025000
5155		12.306250
5156		12.750000
5157		12.084375
5158		11.581250
5159		11.050000
5160		10.871875
5161		11.390625
5162		11.787500
5163		11.937500
5164		11.462500
5165		10.756250
5166		10.709375
5167		10.134375
5168		10.946875
5169		10.903125
5170		11.137500
5171		11.125000
5172		10.384375
5173		9.987500
5174		9.662500
5175		9.868750
5176		9.912500
5177		10.487500
5178		10.178125
5179		9.750000
5180		8.953125
5181		8.243750
5182		8.553125
5183		8.362500
5184		8.878125
5185		8.703125
5186		7.934375
5187		7.209375
5188		6.412500
5189		6.325000
5190		6.618750
5191		6.265625
5192		6.396875
5193		5.453125
5194		4.478125
5195		3.840625
5196		3.059375
5197		3.900000
5198		3.812500
5199		3.665625
5200		3.737500
5201		2.750000
5202		2.143750
5203		1.656250
5204		2.171875
5205		2.778125
5206		3.043750
5207		2.984375
5208		2.600000
5209		2.334375
5210		1.862500
5211		2.203125
5212		2.956250
5213		3.043750
5214		3.606250
5215		2.587500
5216		2.112500
5217		1.906250
5218		2.306250
5219		2.750000
5220		2.868750
5221		3.368750
5222		2.571875
5223		2.084375
5224		1.981250
5225		1.612500
5226		2.468750
5227		2.646875
5228		2.925000
5229		2.793750
5230		2.306250
5231		2.143750
5232		2.203125
5233		3.075000
5234		3.368750
5235		4.165625
5236		3.915625
5237		3.459375
5238		3.665625
5239		3.487500
5240		4.653125
5241		5.231250
5242		6.043750
5243		6.487500
5244		5.718750
5245		6.043750
5246		5.865625
5247		6.603125
5248		7.356250
5249		8.021875
5250		8.509375
5251		7.946875
5252		7.771875
5253		7.284375
5254		7.712500
5255		8.271875
5256		8.731250
5257		9.234375
5258		8.731250
5259		8.540625
5260		8.109375
5261		8.318750
5262		9.012500
5263		9.512500
5264		10.178125
5265		9.781250
5266		9.381250
5267		9.734375
5268		9.396875
5269		10.681250
5270		11.137500
5271		11.359375
5272		11.403125
5273		10.931250
5274		10.534375
5275		10.356250
5276		11.081250
5277		11.403125
5278		11.965625
5279		11.728125
5280		11.065625
5281		10.400000
5282		9.956250
5283		10.356250
5284		10.059375
5285		10.312500
5286		10.106250
5287		9.337500
5288		8.878125
5289		8.125000
5290		8.656250
5291		8.759375
5292		9.143750
5293		9.765625
5294		9.040625
5295		8.628125
5296		8.331250
5297		8.434375
5298		9.056250
5299		9.618750
5300		9.956250
5301		9.690625
5302		9.131250
5303		8.362500
5304		8.509375
5305		8.996875
5306		9.175000
5307		9.353125
5308		8.937500
5309		8.465625
5310		7.681250
5311		7.328125
5312		7.506250
5313		7.550000
5314		7.403125
5315		7.209375
5316		5.940625
5317		5.584375
5318		4.668750
5319		4.934375
5320		5.140625
5321		4.771875
5322		4.668750
5323		3.946875
5324		3.340625
5325		2.896875
5326		2.675000
5327		3.087500
5328		2.896875
5329		2.750000
5330		1.937500
5331		1.271875
5332		0.490625
5333		0.946875
5334		0.903125
5335		1.153125
5336		1.493750
5337		0.637500
5338		0.490625
5339		0.118750
5340		-0.087500
5341		0.800000
5342		1.228125
5343		1.862500
5344		1.612500
5345		1.125000
5346		1.390625
5347		1.228125
5348		2.084375
5349		2.762500
5350		2.940625
5351		3.178125
5352		2.543750
5353		2.409375
5354		2.306250
5355		3.043750
5356		3.296875
5357		3.812500
5358		3.796875
5359		3.503125
5360		3.146875
5361		2.571875
5362		3.562500
5363		3.753125
5364		3.975000
5365		4.375000
5366		3.368750
5367		3.412500
5368		2.925000
5369		3.368750
5370		4.137500
5371		4.521875
5372		4.934375
5373		4.728125
5374		3.900000
5375		4.271875
5376		4.653125
5377		4.993750
5378		5.453125
5379		6.218750
5380		5.746875
5381		5.703125
5382		4.921875
5383		5.128125
5384		5.746875
5385		6.103125
5386		6.471875
5387		6.250000
5388		5.659375
5389		5.409375
5390		4.831250
5391		5.731250
5392		6.071875
5393		6.531250
5394		6.337500
5395		5.512500
5396		5.068750
5397		4.831250
5398		5.496875
5399		5.584375
5400		6.250000
5401		6.115625
5402		5.731250
5403		5.437500
5404		4.728125
5405		5.556250
5406		5.584375
5407		6.471875
5408		6.868750
5409		6.293750
5410		5.806250
5411		5.806250
5412		5.984375
5413		6.190625
5414		6.943750
5415		7.403125
5416		6.856250
5417		6.590625
5418		6.440625
5419		6.175000
5420		6.737500
5421		7.475000
5422		7.728125
5423		7.446875
5424		6.959375
5425		6.471875
5426		6.634375
5427		7.150000
5428		7.193750
5429		7.903125
5430		7.593750
5431		7.003125
5432		6.959375
5433		6.840625
5434		7.431250
5435		7.815625
5436		8.540625
5437		8.687500
5438		7.890625
5439		7.918750
5440		7.890625
5441		8.406250
5442		9.159375
5443		9.440625
5444		9.734375
5445		9.396875
5446		8.806250
5447		8.921875
5448		9.306250
5449		9.512500
5450		10.340625
5451		10.546875
5452		10.193750
5453		9.868750
5454		9.456250
5455		9.662500
5456		10.384375
5457		10.431250
5458		11.050000
5459		10.325000
5460		9.943750
5461		9.440625
5462		9.468750
5463		9.825000
5464		9.928125
5465		10.281250
5466		9.706250
5467		9.190625
5468		8.878125
5469		8.553125
5470		8.981250
5471		9.365625
5472		9.396875
5473		8.996875
5474		8.421875
5475		7.815625
5476		7.740625
5477		8.215625
5478		8.434375
5479		8.628125
5480		8.687500
5481		7.815625
5482		7.475000
5483		7.018750
5484		7.784375
5485		7.993750
5486		8.287500
5487		8.421875
5488		7.668750
5489		7.031250
5490		6.915625
5491		7.284375
5492		7.550000
5493		7.831250
5494		7.993750
5495		7.137500
5496		6.634375
5497		6.071875
5498		6.471875
5499		6.856250
5500		7.062500
5501		7.653125
5502		6.618750
5503		6.440625
5504		6.175000
5505		5.940625
5506		6.543750
5507		6.662500
5508		7.506250
5509		6.559375
5510		6.071875
5511		5.821875
5512		5.762500
5513		6.543750
5514		6.825000
5515		7.106250
5516		6.678125
5517		6.396875
5518		6.071875
5519		5.865625
5520		6.440625
5521		6.737500
5522		7.181250
5523		6.737500
5524		6.412500
5525		6.028125
5526		5.806250
5527		6.487500
5528		6.825000
5529		6.915625
5530		7.078125
5531		6.250000
5532		6.162500
5533		5.675000
5534		6.543750
5535		6.856250
5536		7.225000
5537		7.253125
5538		6.662500
5539		6.218750
5540		5.881250
5541		6.737500
5542		6.662500
5543		7.475000
5544		7.740625
5545		6.987500
5546		6.796875
5547		6.337500
5548		6.812500
5549		7.150000
5550		7.740625
5551		8.331250
5552		7.490625
5553		7.300000
5554		7.062500
5555		7.181250
5556		7.462500
5557		7.681250
5558		8.168750
5559		7.593750
5560		7.062500
5561		6.781250
5562		6.856250
5563		7.181250
5564		7.593750
5565		7.946875
5566		7.550000
5567		7.031250
5568		6.590625
5569		6.868750
5570		7.446875
5571		7.550000
5572		8.243750
5573		8.021875
5574		7.446875
5575		7.728125
5576		6.943750
5577		7.903125
5578		8.390625
5579		8.568750
5580		8.612500
5581		8.168750
5582		7.843750
5583		7.728125
5584		8.096875
5585		8.331250
5586		8.656250
5587		8.731250
5588		8.065625
5589		7.284375
5590		7.046875
5591		7.506250
5592		7.800000
5593		7.728125
5594		8.021875
5595		7.371875
5596		6.753125
5597		6.590625
5598		6.412500
5599		7.003125
5600		6.943750
5601		7.565625
5602		6.856250
5603		6.218750
5604		6.028125
5605		5.984375
5606		6.000000
5607		6.471875
5608		6.721875
5609		5.968750
5610		5.393750
5611		5.112500
5612		5.246875
5613		5.675000
5614		6.000000
5615		6.515625
5616		5.821875
5617		5.465625
5618		5.068750
5619		4.550000
5620		5.437500
5621		5.731250
5622		5.718750
5623		5.731250
5624		4.950000
5625		4.565625
5626		4.225000
5627		5.025000
5628		5.290625
5629		5.703125
5630		5.628125
5631		4.934375
5632		4.815625
5633		4.490625
5634		5.465625
5635		5.334375
5636		5.984375
5637		5.881250
5638		5.200000
5639		5.140625
5640		4.403125
5641		5.037500
5642		5.525000
5643		5.746875
5644		6.250000
5645		5.481250
5646		5.200000
5647		5.009375
5648		5.393750
5649		5.925000
5650		6.325000
5651		6.706250
5652		5.953125
5653		5.643750
5654		5.290625
5655		5.437500
5656		6.131250
5657		6.325000
5658		7.031250
5659		6.353125
5660		6.218750
5661		5.600000
5662		5.865625
5663		6.456250
5664		6.693750
5665		7.415625
5666		6.575000
5667		5.968750
5668		6.206250
5669		5.687500
5670		6.471875
5671		6.765625
5672		6.915625
5673		6.706250
5674		6.131250
5675		5.850000
5676		5.334375
5677		6.146875
5678		6.559375
5679		6.928125
5680		6.428125
5681		5.940625
5682		5.984375
5683		5.156250
5684		6.000000
5685		5.953125
5686		6.353125
5687		6.218750
5688		5.512500
5689		5.275000
5690		4.521875
5691		5.128125
5692		5.421875
5693		5.512500
5694		5.778125
5695		4.965625
5696		4.403125
5697		3.975000
5698		4.640625
5699		4.815625
5700		5.259375
5701		5.112500
5702		4.596875
5703		4.109375
5704		3.590625
5705		4.109375
5706		4.300000
5707		4.478125
5708		4.978125
5709		4.121875
5710		3.812500
5711		3.193750
5712		3.621875
5713		4.062500
5714		4.165625
5715		4.815625
5716		4.271875
5717		3.459375
5718		3.428125
5719		3.265625
5720		3.681250
5721		4.078125
5722		4.434375
5723		3.900000
5724		3.531250
5725		3.075000
5726		3.118750
5727		3.634375
5728		3.487500
5729		4.506250
5730		4.181250
5731		3.725000
5732		3.443750
5733		2.956250
5734		3.812500
5735		4.003125
5736		4.196875
5737		3.959375
5738		3.325000
5739		3.075000
5740		2.778125
5741		3.250000
5742		3.693750
5743		4.196875
5744		3.737500
5745		3.356250
5746		2.881250
5747		2.706250
5748		3.296875
5749		3.531250
5750		3.990625
5751		3.768750
5752		3.531250
5753		3.075000
5754		2.556250
5755		3.309375
5756		3.562500
5757		3.812500
5758		3.887500
5759		3.265625
5760		2.868750
5761		2.600000
5762		2.971875
5763		3.443750
5764		3.856250
5765		3.931250
5766		3.681250
5767		3.059375
5768		2.528125
5769		2.809375
5770		3.162500
5771		3.546875
5772		3.812500
5773		3.384375
5774		2.659375
5775		2.203125
5776		2.187500
5777		2.706250
5778		3.000000
5779		3.296875
5780		2.853125
5781		2.425000
5782		2.056250
5783		2.203125
5784		2.453125
5785		3.031250
5786		3.206250
5787		2.896875
5788		2.262500
5789		1.759375
5790		2.040625
5791		2.262500
5792		2.896875
5793		3.075000
5794		2.821875
5795		2.306250
5796		1.937500
5797		1.612500
5798		2.659375
5799		2.718750
5800		3.118750
5801		3.087500
5802		2.231250
5803		2.056250
5804		1.671875
5805		2.437500
5806		2.925000
5807		2.971875
5808		2.881250
5809		2.381250
5810		1.965625
5811		1.684375
5812		2.246875
5813		2.762500
5814		2.896875
5815		2.809375
5816		2.262500
5817		1.937500
5818		1.390625
5819		1.818750
5820		2.334375
5821		2.218750
5822		2.631250
5823		1.656250
5824		1.465625
5825		1.140625
5826		1.081250
5827		1.700000
5828		2.159375
5829		2.334375
5830		1.965625
5831		1.434375
5832		1.359375
5833		1.478125
5834		2.128125
5835		2.218750
5836		2.821875
5837		2.009375
5838		1.834375
5839		1.331250
5840		1.509375
5841		2.056250
5842		2.393750
5843		2.496875
5844		2.231250
5845		1.568750
5846		1.465625
5847		1.093750
5848		1.834375
5849		2.040625
5850		2.246875
5851		1.906250
5852		1.050000
5853		0.709375
5854		0.578125
5855		1.418750
5856		1.271875
5857		1.743750
5858		1.346875
5859		0.653125
5860		0.237500
5861		-0.087500
5862		0.562500
5863		0.768750
5864		1.168750
5865		1.196875
5866		-0.056250
5867		0.237500
5868		-0.381250
5869		0.340625
5870		0.843750
5871		0.931250
5872		0.946875
5873		0.209375
5874		-0.100000
5875		-0.678125
5876		-0.028125
5877		0.340625
5878		0.653125
5879		0.384375
5880		-0.175000
5881		-0.353125
5882		-1.193750
5883		-0.425000
5884		-0.353125
5885		0.059375
5886		0.118750
5887		-0.765625
5888		-1.356250
5889		-1.459375
5890		-1.490625
5891		-1.090625
5892		-0.868750
5893		-1.018750
5894		-1.518750
5895		-2.303125
5896		-2.375000
5897		-2.228125
5898		-1.784375
5899		-1.415625
5900		-1.253125
5901		-1.934375
5902		-2.271875
5903		-2.612500
5904		-2.493750
5905		-1.903125
5906		-1.756250
5907		-0.971875
5908		-1.946875
5909		-2.553125
5910		-2.746875
5911		-2.981250
5912		-2.271875
5913		-1.740625
5914		-1.550000
5915		-2.125000
5916		-2.640625
5917		-3.218750
5918		-3.262500
5919		-2.953125
5920		-2.421875
5921		-2.259375
5922		-2.746875
5923		-3.012500
5924		-3.675000
5925		-3.646875
5926		-2.996875
5927		-2.937500
5928		-2.331250
5929		-2.746875
5930		-3.234375
5931		-3.350000
5932		-3.706250
5933		-2.759375
5934		-2.390625
5935		-2.021875
5936		-2.200000
5937		-2.671875
5938		-2.893750
5939		-3.071875
5940		-2.081250
5941		-2.006250
5942		-1.609375
5943		-1.831250
5944		-2.315625
5945		-2.671875
5946		-3.203125
5947		-2.140625
5948		-2.271875
5949		-1.843750
5950		-1.831250
5951		-2.687500
5952		-2.746875
5953		-3.453125
5954		-2.671875
5955		-2.212500
5956		-2.065625
5957		-1.946875
5958		-2.596875
5959		-2.981250
5960		-3.500000
5961		-3.025000
5962		-2.628125
5963		-2.006250
5964		-2.375000
5965		-2.687500
5966		-2.893750
5967		-3.675000
5968		-2.525000
5969		-2.125000
5970		-2.065625
5971		-1.653125
5972		-2.537500
5973		-2.596875
5974		-3.040625
5975		-2.346875
5976		-2.037500
5977		-1.725000
5978		-1.371875
5979		-2.006250
5980		-2.509375
5981		-3.012500
5982		-2.493750
5983		-2.375000
5984		-1.725000
5985		-1.668750
5986		-2.493750
5987		-1.990625
5988		-3.234375
5989		-2.746875
5990		-2.493750
5991		-2.153125
5992		-1.621875
5993		-2.700000
5994		-2.803125
5995		-3.246875
5996		-3.365625
5997		-2.759375
5998		-2.287500
5999		-1.668750
6000		-2.390625
6001		-2.715625
6002		-3.012500
6003		-2.862500
6004		-2.568750
6005		-2.259375
6006		-2.006250
6007		-2.465625
6008		-3.056250
6009		-3.750000
6010		-3.912500
6011		-3.512500
6012		-3.571875
6013		-3.159375
6014		-3.928125
6015		-4.265625
6016		-4.531250
6017		-5.078125
6018		-4.562500
6019		-4.000000
6020		-3.956250
6021		-4.150000
6022		-4.800000
6023		-5.256250
6024		-5.565625
6025		-4.975000
6026		-4.518750
6027		-4.193750
6028		-4.325000
6029		-4.812500
6030		-5.315625
6031		-5.640625
6032		-4.800000
6033		-4.800000
6034		-4.340625
6035		-4.415625
6036		-5.228125
6037		-5.596875
6038		-6.040625
6039		-5.390625
6040		-5.181250
6041		-5.228125
6042		-5.256250
6043		-6.112500
6044		-6.540625
6045		-6.837500
6046		-6.409375
6047		-6.365625
6048		-6.053125
6049		-5.934375
6050		-6.334375
6051		-6.881250
6052		-7.250000
6053		-6.409375
6054		-6.496875
6055		-5.803125
6056		-5.640625
6057		-6.306250
6058		-6.378125
6059		-6.821875
6060		-6.306250
6061		-5.921875
6062		-5.521875
6063		-5.668750
6064		-5.818750
6065		-6.675000
6066		-6.690625
6067		-6.084375
6068		-5.934375
6069		-5.403125
6070		-5.196875
6071		-6.112500
6072		-6.512500
6073		-6.793750
6074		-6.290625
6075		-5.890625
6076		-5.493750
6077		-5.228125
6078		-5.921875
6079		-6.453125
6080		-6.956250
6081		-6.718750
6082		-6.068750
6083		-5.450000
6084		-5.434375
6085		-5.846875
6086		-6.334375
6087		-6.615625
6088		-6.378125
6089		-6.128125
6090		-5.331250
6091		-5.093750
6092		-5.684375
6093		-6.068750
6094		-6.528125
6095		-6.318750
6096		-5.846875
6097		-5.700000
6098		-5.181250
6099		-5.890625
6100		-6.393750
6101		-6.793750
6102		-6.468750
6103		-6.025000
6104		-5.553125
6105		-5.418750
6106		-5.787500
6107		-6.528125
6108		-6.821875
6109		-6.956250
6110		-6.675000
6111		-6.084375
6112		-6.290625
6113		-6.778125
6114		-7.559375
6115		-8.062500
6116		-8.371875
6117		-7.693750
6118		-7.559375
6119		-7.428125
6120		-8.093750
6121		-8.859375
6122		-9.659375
6123		-9.775000
6124		-9.346875
6125		-8.846875
6126		-8.993750
6127		-9.231250
6128		-9.834375
6129		-10.278125
6130		-10.146875
6131		-9.775000
6132		-9.481250
6133		-9.171875
6134		-9.437500
6135		-9.925000
6136		-10.146875
6137		-10.321875
6138		-9.659375
6139		-9.259375
6140		-8.993750
6141		-9.215625
6142		-9.996875
6143		-10.309375
6144		-10.809375
6145		-10.115625
6146		-9.865625
6147		-9.878125
6148		-10.100000
6149		-10.662500
6150		-11.121875
6151		-11.459375
6152		-11.090625
6153		-10.559375
6154		-10.250000
6155		-10.365625
6156		-10.721875
6157		-11.225000
6158		-11.550000
6159		-10.575000
6160		-10.278125
6161		-9.953125
6162		-9.762500
6163		-10.293750
6164		-10.500000
6165		-10.781250
6166		-9.984375
6167		-9.318750
6168		-8.918750
6169		-8.950000
6170		-9.243750
6171		-9.703125
6172		-10.028125
6173		-9.362500
6174		-9.081250
6175		-8.550000
6176		-8.475000
6177		-9.068750
6178		-9.303125
6179		-9.687500
6180		-9.303125
6181		-8.800000
6182		-8.475000
6183		-8.328125
6184		-8.815625
6185		-9.362500
6186		-9.509375
6187		-8.743750
6188		-8.181250
6189		-7.590625
6190		-7.753125
6191		-7.915625
6192		-8.371875
6193		-8.581250
6194		-8.003125
6195		-7.487500
6196		-6.896875
6197		-6.881250
6198		-7.606250
6199		-7.503125
6200		-8.078125
6201		-7.618750
6202		-6.853125
6203		-6.496875
6204		-6.156250
6205		-6.806250
6206		-7.412500
6207		-7.146875
6208		-7.146875
6209		-6.675000
6210		-5.934375
6211		-5.684375
6212		-6.806250
6213		-7.265625
6214		-7.650000
6215		-7.384375
6216		-7.087500
6217		-6.734375
6218		-6.259375
6219		-7.071875
6220		-7.721875
6221		-8.003125
6222		-8.093750
6223		-7.531250
6224		-7.340625
6225		-7.000000
6226		-7.606250
6227		-8.475000
6228		-8.521875
6229		-8.403125
6230		-8.106250
6231		-7.471875
6232		-7.265625
6233		-7.931250
6234		-8.359375
6235		-8.609375
6236		-8.521875
6237		-7.915625
6238		-7.618750
6239		-7.265625
6240		-8.062500
6241		-8.684375
6242		-8.890625
6243		-9.553125
6244		-8.815625
6245		-8.387500
6246		-8.371875
6247		-8.950000
6248		-9.762500
6249		-10.218750
6250		-10.218750
6251		-9.715625
6252		-9.465625
6253		-9.068750
6254		-9.762500
6255		-10.293750
6256		-10.337500
6257		-10.721875
6258		-10.115625
6259		-9.775000
6260		-9.037500
6261		-9.600000
6262		-10.115625
6263		-10.500000
6264		-10.678125
6265		-10.071875
6266		-9.243750
6267		-8.918750
6268		-8.890625
6269		-9.421875
6270		-9.612500
6271		-9.465625
6272		-9.009375
6273		-8.359375
6274		-7.856250
6275		-8.418750
6276		-8.743750
6277		-9.096875
6278		-9.112500
6279		-8.209375
6280		-7.987500
6281		-7.178125
6282		-7.428125
6283		-7.915625
6284		-8.475000
6285		-8.062500
6286		-7.515625
6287		-6.703125
6288		-6.600000
6289		-6.778125
6290		-7.146875
6291		-7.693750
6292		-7.606250
6293		-6.896875
6294		-6.512500
6295		-5.950000
6296		-6.171875
6297		-6.821875
6298		-7.265625
6299		-7.856250
6300		-6.956250
6301		-6.631250
6302		-6.259375
6303		-6.659375
6304		-7.281250
6305		-7.662500
6306		-8.078125
6307		-7.412500
6308		-6.956250
6309		-6.793750
6310		-7.293750
6311		-7.781250
6312		-8.181250
6313		-8.771875
6314		-8.284375
6315		-8.137500
6316		-7.884375
6317		-8.225000
6318		-9.068750
6319		-9.553125
6320		-10.012500
6321		-9.703125
6322		-9.378125
6323		-9.746875
6324		-9.937500
6325		-11.150000
6326		-11.696875
6327		-11.990625
6328		-11.696875
6329		-11.431250
6330		-11.621875
6331		-11.653125
6332		-12.331250
6333		-13.128125
6334		-13.543750
6335		-12.834375
6336		-12.731250
6337		-12.287500
6338		-12.346875
6339		-13.278125
6340		-13.690625
6341		-13.984375
6342		-13.453125
6343		-13.246875
6344		-12.921875
6345		-12.790625
6346		-13.868750
6347		-14.206250
6348		-14.281250
6349		-13.912500
6350		-13.793750
6351		-13.025000
6352		-13.393750
6353		-13.778125
6354		-14.471875
6355		-14.725000
6356		-14.059375
6357		-13.837500
6358		-13.218750
6359		-13.603125
6360		-14.090625
6361		-14.634375
6362		-14.828125
6363		-14.309375
6364		-13.765625
6365		-13.175000
6366		-13.496875
6367		-14.031250
6368		-14.471875
6369		-14.606250
6370		-13.928125
6371		-13.468750
6372		-12.803125
6373		-13.068750
6374		-13.246875
6375		-13.928125
6376		-14.134375
6377		-13.203125
6378		-12.862500
6379		-12.687500
6380		-11.828125
6381		-12.731250
6382		-13.068750
6383		-13.381250
6384		-12.731250
6385		-11.784375
6386		-11.696875
6387		-11.503125
6388		-11.931250
6389		-12.287500
6390		-12.790625
6391		-11.768750
6392		-11.887500
6393		-11.106250
6394		-11.106250
6395		-11.562500
6396		-12.125000
6397		-12.818750
6398		-11.918750
6399		-11.815625
6400		-11.371875
6401		-11.371875
6402		-12.065625
6403		-12.287500
6404		-12.581250
6405		-12.243750
6406		-11.903125
6407		-11.712500
6408		-11.371875
6409		-11.946875
6410		-12.478125
6411		-12.568750
6412		-12.153125
6413		-11.903125
6414		-11.431250
6415		-11.593750
6416		-12.184375
6417		-12.568750
6418		-13.203125
6419		-12.465625
6420		-12.168750
6421		-11.843750
6422		-11.550000
6423		-12.493750
6424		-13.084375
6425		-13.365625
6426		-13.246875
6427		-12.921875
6428		-12.140625
6429		-12.581250
6430		-12.953125
6431		-13.528125
6432		-14.118750
6433		-13.440625
6434		-13.278125
6435		-12.759375
6436		-12.850000
6437		-13.603125
6438		-13.765625
6439		-14.309375
6440		-13.868750
6441		-13.246875
6442		-13.159375
6443		-12.981250
6444		-13.765625
6445		-14.428125
6446		-14.753125
6447		-14.206250
6448		-13.809375
6449		-13.453125
6450		-13.262500
6451		-14.146875
6452		-14.487500
6453		-15.006250
6454		-14.356250
6455		-13.940625
6456		-13.484375
6457		-13.203125
6458		-14.265625
6459		-14.487500
6460		-14.856250
6461		-14.368750
6462		-14.043750
6463		-13.306250
6464		-13.350000
6465		-14.134375
6466		-14.325000
6467		-14.693750
6468		-14.356250
6469		-14.221875
6470		-13.381250
6471		-13.321875
6472		-14.146875
6473		-14.281250
6474		-15.018750
6475		-14.471875
6476		-14.162500
6477		-13.778125
6478		-13.218750
6479		-14.162500
6480		-14.356250
6481		-14.753125
6482		-14.340625
6483		-13.734375
6484		-13.393750
6485		-13.278125
6486		-13.881250
6487		-14.309375
6488		-14.443750
6489		-13.321875
6490		-13.203125
6491		-12.596875
6492		-12.406250
6493		-13.246875
6494		-13.543750
6495		-14.193750
6496		-13.278125
6497		-13.159375
6498		-12.493750
6499		-12.200000
6500		-13.159375
6501		-13.496875
6502		-13.940625
6503		-13.528125
6504		-12.996875
6505		-12.640625
6506		-12.700000
6507		-13.334375
6508		-13.718750
6509		-14.237500
6510		-13.425000
6511		-13.218750
6512		-12.953125
6513		-12.331250
6514		-13.528125
6515		-13.690625
6516		-14.043750
6517		-13.750000
6518		-13.115625
6519		-12.803125
6520		-12.375000
6521		-13.334375
6522		-13.706250
6523		-14.043750
6524		-13.750000
6525		-13.468750
6526		-13.084375
6527		-13.175000
6528		-13.912500
6529		-14.309375
6530		-14.665625
6531		-14.265625
6532		-14.265625
6533		-13.793750
6534		-13.615625
6535		-14.843750
6536		-14.753125
6537		-15.225000
6538		-14.887500
6539		-14.415625
6540		-13.971875
6541		-13.868750
6542		-14.578125
6543		-15.240625
6544		-15.537500
6545		-14.975000
6546		-14.856250
6547		-14.531250
6548		-14.459375
6549		-15.315625
6550		-15.418750
6551		-16.421875
6552		-15.759375
6553		-15.359375
6554		-14.990625
6555		-14.975000
6556		-15.787500
6557		-15.981250
6558		-16.453125
6559		-16.128124
6560		-15.521875
6561		-15.240625
6562		-15.181250
6563		-15.609375
6564		-16.112499
6565		-16.556250
6566		-16.053125
6567		-15.387500
6568		-14.634375
6569		-14.562500
6570		-15.018750
6571		-15.121875
6572		-15.493750
6573		-14.650000
6574		-13.750000
6575		-13.587500
6576		-12.965625
6577		-13.750000
6578		-14.146875
6579		-13.956250
6580		-13.409375
6581		-12.775000
6582		-11.990625
6583		-11.828125
6584		-12.256250
6585		-12.418750
6586		-12.906250
6587		-11.768750
6588		-11.328125
6589		-10.575000
6590		-9.953125
6591		-10.618750
6592		-10.634375
6593		-10.559375
6594		-9.659375
6595		-8.756250
6596		-8.371875
6597		-7.131250
6598		-7.396875
6599		-7.443750
6600		-6.734375
6601		-5.375000
6602		-4.162500
6603		-3.084375
6604		-2.200000
6605		-2.271875
6606		-2.375000
6607		-2.259375
6608		-0.765625
6609		-0.056250
6610		0.815625
6611		1.303125
6612		0.621875
6613		0.356250
6614		0.059375
6615		0.903125
6616		0.978125
6617		1.050000
6618		1.081250
6619		-0.028125
6620		-0.987500
6621		-1.800000
6622		-1.268750
6623		-1.696875
6624		-1.668750
6625		-2.021875
6626		-3.468750
6627		-4.090625
6628		-5.065625
6629		-4.637500
6630		-4.443750
6631		-4.459375
6632		-4.281250
6633		-5.450000
6634		-5.831250
6635		-5.965625
6636		-5.300000
6637		-4.665625
6638		-4.312500
6639		-4.000000
6640		-3.987500
6641		-4.384375
6642		-4.428125
6643		-3.337500
6644		-2.759375
6645		-1.978125
6646		-1.978125
6647		-2.465625
6648		-2.362500
6649		-2.803125
6650		-1.784375
6651		-0.781250
6652		-0.840625
6653		-0.912500
6654		-1.637500
6655		-2.228125
6656		-2.656250
6657		-2.153125
6658		-1.815625
6659		-1.859375
6660		-2.537500
6661		-3.868750
6662		-4.415625
6663		-5.300000
6664		-4.562500
6665		-4.915625
6666		-5.050000
6667		-5.965625
6668		-7.103125
6669		-8.018750
6670		-8.815625
6671		-8.550000
6672		-8.240625
6673		-8.550000
6674		-9.200000
6675		-10.115625
6676		-11.237500
6677		-11.665625
6678		-11.134375
6679		-11.106250
6680		-10.737500
6681		-11.578125
6682		-12.509375
6683		-12.759375
6684		-12.996875
6685		-12.050000
6686		-11.534375
6687		-11.400000
6688		-11.237500
6689		-12.200000
6690		-11.653125
6691		-12.037500
6692		-11.106250
6693		-10.365625
6694		-9.878125
6695		-10.056250
6696		-10.278125
6697		-10.912500
6698		-10.646875
6699		-9.703125
6700		-9.171875
6701		-8.637500
6702		-8.875000
6703		-9.481250
6704		-9.878125
6705		-9.671875
6706		-8.506250
6707		-7.987500
6708		-7.618750
6709		-7.884375
6710		-8.431250
6711		-8.993750
6712		-8.240625
6713		-7.515625
6714		-6.821875
6715		-6.690625
6716		-7.178125
6717		-7.546875
6718		-8.150000
6719		-7.825000
6720		-6.925000
6721		-6.806250
6722		-6.040625
6723		-6.675000
6724		-7.546875
6725		-7.737500
6726		-7.590625
6727		-6.940625
6728		-6.409375
6729		-6.143750
6730		-7.071875
6731		-7.487500
6732		-8.137500
6733		-7.515625
6734		-7.059375
6735		-6.718750
6736		-6.096875
6737		-7.118750
6738		-7.340625
6739		-7.959375
6740		-7.737500
6741		-6.393750
6742		-5.862500
6743		-5.109375
6744		-6.040625
6745		-6.675000
6746		-6.703125
6747		-5.715625
6748		-5.050000
6749		-4.459375
6750		-4.237500
6751		-4.856250
6752		-4.903125
6753		-5.478125
6754		-4.590625
6755		-3.971875
6756		-3.662500
6757		-2.893750
6758		-4.075000
6759		-3.896875
6760		-4.384375
6761		-4.090625
6762		-2.687500
6763		-2.612500
6764		-2.303125
6765		-2.965625
6766		-3.500000
6767		-3.778125
6768		-3.040625
6769		-2.656250
6770		-1.934375
6771		-1.800000
6772		-2.687500
6773		-3.234375
6774		-3.559375
6775		-2.981250
6776		-2.050000
6777		-1.875000
6778		-1.356250
6779		-2.596875
6780		-2.981250
6781		-3.159375
6782		-2.612500
6783		-1.740625
6784		-1.446875
6785		-1.046875
6786		-1.578125
6787		-2.081250
6788		-2.065625
6789		-1.031250
6790		-0.575000
6791		-0.100000
6792		0.946875
6793		-0.087500
6794		-0.190625
6795		-0.500000
6796		0.578125
6797		1.153125
6798		1.493750
6799		1.803125
6800		1.021875
6801		0.400000
6802		0.431250
6803		1.065625
6804		1.568750
6805		1.803125
6806		1.981250
6807		0.978125
6808		0.593750
6809		0.340625
6810		1.478125
6811		1.803125
6812		2.381250
6813		2.409375
6814		1.346875
6815		1.153125
6816		0.725000
6817		1.359375
6818		1.834375
6819		2.409375
6820		2.143750
6821		1.034375
6822		0.606250
6823		0.415625
6824		1.081250
6825		1.684375
6826		2.056250
6827		1.521875
6828		0.709375
6829		0.209375
6830		-0.603125
6831		0.106250
6832		0.709375
6833		0.653125
6834		0.843750
6835		-0.575000
6836		-1.046875
6837		-1.400000
6838		-0.587500
6839		-0.043750
6840		-0.115625
6841		-0.012500
6842		-0.868750
6843		-0.971875
6844		-1.328125
6845		-0.309375
6846		0.015625
6847		0.415625
6848		0.046875
6849		-0.737500
6850		-1.018750
6851		-1.609375
6852		-0.543750
6853		-0.100000
6854		0.384375
6855		0.431250
6856		-0.840625
6857		-1.150000
6858		-1.209375
6859		-0.543750
6860		0.384375
6861		0.312500
6862		0.193750
6863		-0.471875
6864		-0.706250
6865		-1.284375
6866		-0.440625
6867		-0.206250
6868		0.340625
6869		-0.028125
6870		-0.900000
6871		-1.284375
6872		-1.637500
6873		-0.693750
6874		-0.159375
6875		-0.100000
6876		-0.012500
6877		-0.721875
6878		-1.534375
6879		-1.578125
6880		-0.900000
6881		-0.900000
6882		-0.028125
6883		-0.353125
6884		-0.884375
6885		-1.237500
6886		-1.681250
6887		-0.368750
6888		-0.234375
6889		0.534375
6890		0.503125
6891		-0.381250
6892		-0.218750
6893		-0.043750
6894		0.534375
6895		1.450000
6896		2.009375
6897		1.981250
6898		1.228125
6899		1.093750
6900		1.093750
6901		1.937500
6902		2.496875
6903		3.309375
6904		3.621875
6905		2.896875
6906		2.187500
6907		1.906250
6908		2.734375
6909		3.443750
6910		3.693750
6911		3.946875
6912		3.031250
6913		2.453125
6914		2.218750
6915		2.600000
6916		3.471875
6917		3.709375
6918		4.137500
6919		3.221875
6920		2.425000
6921		2.468750
6922		3.015625
6923		3.400000
6924		4.271875
6925		4.300000
6926		3.503125
6927		3.043750
6928		2.778125
6929		3.146875
6930		3.665625
6931		3.946875
6932		4.343750
6933		3.250000
6934		2.528125
6935		2.528125
6936		2.496875
6937		3.146875
6938		3.753125
6939		3.768750
6940		2.881250
6941		2.203125
6942		1.862500
6943		2.262500
6944		3.031250
6945		3.325000
6946		3.590625
6947		2.659375
6948		1.893750
6949		1.568750
6950		1.878125
6951		2.437500
6952		2.734375
6953		3.237500
6954		2.675000
6955		1.731250
6956		1.803125
6957		1.093750
6958		1.965625
6959		2.659375
6960		2.868750
6961		2.556250
6962		1.715625
6963		1.228125
6964		1.315625
6965		1.996875
6966		2.350000
6967		2.600000
6968		2.246875
6969		1.715625
6970		1.168750
6971		0.709375
6972		1.671875
6973		2.100000
6974		2.128125
6975		2.496875
6976		1.034375
6977		0.828125
6978		0.534375
6979		1.050000
6980		1.700000
6981		1.950000
6982		1.759375
6983		1.021875
6984		0.059375
6985		-0.012500
6986		0.828125
6987		0.946875
6988		1.671875
6989		1.790625
6990		0.918750
6991		0.209375
6992		-0.087500
6993		0.606250
6994		1.493750
6995		2.025000
6996		2.187500
6997		1.065625
6998		0.459375
6999		0.312500
7000		0.503125
7001		1.287500
7002		1.521875
7003		1.596875
7004		0.828125
7005		0.237500
7006		-0.115625
7007		0.075000
7008		0.443750
7009		1.006250
7010		1.418750
7011		0.503125
7012		-0.131250
7013		-0.634375
7014		-0.693750
7015		0.340625
7016		0.384375
7017		1.331250
7018		0.312500
7019		-0.500000
7020		-0.456250
7021		-0.825000
7022		0.340625
7023		0.768750
7024		0.843750
7025		0.503125
7026		-0.071875
7027		-0.412500
7028		-0.531250
7029		0.237500
7030		0.562500
7031		1.390625
7032		1.153125
7033		0.340625
7034		-0.206250
7035		-0.618750
7036		0.328125
7037		0.637500
7038		1.418750
7039		1.521875
7040		0.725000
7041		0.459375
7042		-0.115625
7043		1.034375
7044		1.478125
7045		2.334375
7046		2.793750
7047		2.025000
7048		1.450000
7049		1.493750
7050		1.656250
7051		2.056250
7052		2.809375
7053		2.853125
7054		2.231250
7055		1.465625
7056		1.125000
7057		1.434375
7058		1.893750
7059		2.187500
7060		2.762500
7061		2.068750
7062		1.537500
7063		1.081250
7064		0.843750
7065		1.906250
7066		2.084375
7067		2.631250
7068		2.025000
7069		1.153125
7070		1.081250
7071		0.871875
7072		1.450000
7073		1.981250
7074		2.187500
7075		1.656250
7076		1.537500
7077		0.768750
7078		0.296875
7079		1.093750
7080		1.537500
7081		1.937500
7082		1.743750
7083		0.562500
7084		-0.028125
7085		-0.515625
7086		-0.056250
7087		0.328125
7088		0.475000
7089		0.415625
7090		-0.250000
7091		-1.031250
7092		-1.296875
7093		-1.356250
7094		-0.500000
7095		0.209375
7096		0.268750
7097		-0.028125
7098		-1.046875
7099		-1.387500
7100		-1.343750
7101		-0.646875
7102		-0.175000
7103		0.015625
7104		-0.618750
7105		-1.150000
7106		-1.415625
7107		-1.506250
7108		-0.543750
7109		-0.750000
7110		-0.190625
7111		-0.440625
7112		-0.943750
7113		-1.312500
7114		-1.637500
7115		-0.765625
7116		-0.706250
7117		-0.056250
7118		0.046875
7119		-0.900000
7120		-1.934375
7121		-1.562500
7122		-1.121875
7123		-0.796875
7124		-0.056250
7125		0.003125
7126		-0.943750
7127		-1.209375
7128		-1.609375
7129		-1.181250
7130		-0.603125
7131		-0.056250
7132		0.562500
7133		-0.381250
7134		-0.900000
7135		-1.534375
7136		-1.090625
7137		0.193750
7138		0.118750
7139		0.725000
7140		0.090625
7141		-0.721875
7142		-0.825000
7143		-0.531250
7144		0.237500
7145		0.490625
7146		1.153125
7147		0.946875
7148		0.193750
7149		-0.396875
7150		-0.381250
7151		0.534375
7152		0.534375
7153		1.153125
7154		0.887500
7155		0.059375
7156		-0.100000
7157		-0.971875
7158		0.296875
7159		0.340625
7160		0.725000
7161		1.050000
7162		-0.206250
7163		-0.309375
7164		-0.737500
7165		-0.646875
7166		0.281250
7167		0.384375
7168		1.081250
7169		0.253125
7170		-0.368750
7171		-0.543750
7172		-0.234375
7173		0.312500
7174		0.828125
7175		1.168750
7176		0.384375
7177		-0.159375
7178		-0.646875
7179		-0.396875
7180		0.415625
7181		0.709375
7182		1.612500
7183		0.946875
7184		0.443750
7185		-0.159375
7186		-0.471875
7187		0.356250
7188		0.800000
7189		1.303125
7190		1.493750
7191		0.281250
7192		-0.353125
7193		-0.381250
7194		0.209375
7195		0.518750
7196		1.125000
7197		1.450000
7198		0.459375
7199		-0.353125
7200		-0.425000
7201		-0.131250
7202		0.193750
7203		1.021875
7204		1.346875
7205		0.459375
7206		0.281250
7207		-0.412500
7208		0.118750
7209		0.990625
7210		0.962500
7211		1.640625
7212		1.375000
7213		0.518750
7214		0.593750
7215		0.534375
7216		1.509375
7217		2.009375
7218		2.056250
7219		2.381250
7220		1.390625
7221		0.859375
7222		0.887500
7223		1.196875
7224		1.965625
7225		2.262500
7226		2.128125
7227		1.537500
7228		0.946875
7229		0.578125
7230		1.050000
7231		1.521875
7232		1.878125
7233		2.040625
7234		1.093750
7235		0.459375
7236		-0.043750
7237		0.209375
7238		1.093750
7239		1.228125
7240		1.834375
7241		1.140625
7242		0.681250
7243		0.784375
7244		0.709375
7245		1.684375
7246		2.218750
7247		3.281250
7248		2.925000
7249		2.718750
7250		2.646875
7251		2.365625
7252		3.487500
7253		4.153125
7254		4.846875
7255		4.815625
7256		4.375000
7257		4.506250
7258		4.153125
7259		5.628125
7260		6.087500
7261		6.396875
7262		6.928125
7263		6.146875
7264		6.175000
7265		5.865625
7266		6.543750
7267		7.771875
7268		8.271875
7269		8.806250
7270		8.421875
7271		7.843750
7272		8.259375
7273		8.406250
7274		9.396875
7275		10.268750
7276		10.962500
7277		10.593750
7278		10.459375
7279		10.059375
7280		10.384375
7281		11.671875
7282		12.053125
7283		12.971875
7284		12.984375
7285		12.571875
7286		12.425000
7287		11.950000
7288		13.353125
7289		13.856250
7290		14.593750
7291		14.831250
7292		14.153125
7293		13.871875
7294		13.678125
7295		14.403125
7296		14.846875
7297		15.746875
7298		16.337500
7299		15.421875
7300		14.875000
7301		14.593750
7302		14.700000
7303		15.303125
7304		15.703125
7305		15.778125
7306		15.140625
7307		14.418750
7308		13.487500
7309		13.531250
7310		14.181250
7311		14.196875
7312		14.225000
7313		13.650000
7314		12.512500
7315		11.950000
7316		11.168750
7317		11.834375
7318		11.950000
7319		11.715625
7320		11.906250
7321		10.918750
7322		9.646875
7323		9.396875
7324		9.603125
7325		9.928125
7326		10.281250
7327		10.118750
7328		9.396875
7329		8.331250
7330		7.843750
7331		7.946875
7332		8.553125
7333		8.687500
7334		9.143750
7335		8.228125
7336		7.621875
7337		6.634375
7338		6.368750
7339		7.446875
7340		7.356250
7341		7.815625
7342		7.253125
7343		6.293750
7344		5.968750
7345		5.200000
7346		6.234375
7347		6.381250
7348		6.868750
7349		6.765625
7350		5.746875
7351		5.009375
7352		4.700000
7353		5.259375
7354		5.334375
7355		5.675000
7356		5.465625
7357		4.728125
7358		4.078125
7359		3.443750
7360		4.181250
7361		4.506250
7362		4.640625
7363		5.140625
7364		4.181250
7365		3.753125
7366		3.221875
7367		3.265625
7368		4.256250
7369		4.684375
7370		5.465625
7371		4.625000
7372		4.256250
7373		3.931250
7374		4.034375
7375		5.053125
7376		5.837500
7377		6.103125
7378		6.206250
7379		5.865625
7380		5.409375
7381		5.231250
7382		6.206250
7383		7.018750
7384		7.653125
7385		7.784375
7386		7.609375
7387		6.975000
7388		6.737500
7389		7.681250
7390		8.850000
7391		8.775000
7392		9.425000
7393		8.981250
7394		8.731250
7395		8.540625
7396		8.968750
7397		9.809375
7398		10.443750
7399		10.918750
7400		10.871875
7401		10.031250
7402		9.868750
7403		9.765625
7404		10.696875
7405		11.346875
7406		11.596875
7407		11.787500
7408		11.184375
7409		10.681250
7410		10.384375
7411		11.300000
7412		11.390625
7413		11.950000
7414		12.378125
7415		11.287500
7416		10.990625
7417		10.325000
7418		11.021875
7419		11.656250
7420		11.787500
7421		12.203125
7422		11.390625
7423		10.475000
7424		10.400000
7425		10.150000
7426		11.418750
7427		11.450000
7428		11.715625
7429		11.346875
7430		10.340625
7431		9.884375
7432		9.543750
7433		10.296875
7434		10.606250
7435		10.812500
7436		10.312500
7437		9.734375
7438		8.775000
7439		8.331250
7440		9.246875
7441		9.190625
7442		9.425000
7443		9.603125
7444		8.331250
7445		7.875000
7446		7.240625
7447		7.462500
7448		7.890625
7449		7.890625
7450		8.184375
7451		6.975000
7452		6.103125
7453		5.556250
7454		5.703125
7455		6.028125
7456		5.968750
7457		6.071875
7458		5.334375
7459		4.375000
7460		3.725000
7461		3.575000
7462		4.225000
7463		4.165625
7464		4.375000
7465		4.018750
7466		3.443750
7467		2.778125
7468		2.143750
7469		3.412500
7470		3.531250
7471		3.975000
7472		4.300000
7473		3.562500
7474		3.162500
7475		3.118750
7476		3.487500
7477		4.240625
7478		5.009375
7479		5.275000
7480		4.815625
7481		4.181250
7482		3.975000
7483		4.093750
7484		4.815625
7485		5.334375
7486		5.643750
7487		5.200000
7488		4.521875
7489		3.887500
7490		3.959375
7491		4.684375
7492		5.171875
7493		5.940625
7494		5.675000
7495		5.037500
7496		5.009375
7497		4.581250
7498		5.675000
7499		6.265625
7500		6.765625
7501		7.490625
7502		6.796875
7503		6.650000
7504		6.500000
7505		7.193750
7506		7.962500
7507		8.612500
7508		9.040625
7509		8.921875
7510		8.553125
7511		8.509375
7512		9.175000
7513		9.721875
7514		10.268750
7515		11.050000
7516		10.106250
7517		9.837500
7518		9.468750
7519		9.500000
7520		10.534375
7521		10.756250
7522		11.137500
7523		10.990625
7524		10.090625
7525		10.059375
7526		9.868750
7527		10.903125
7528		11.553125
7529		12.053125
7530		12.600000
7531		12.231250
7532		11.862500
7533		11.656250
7534		12.703125
7535		13.309375
7536		13.943750
7537		14.268750
7538		13.900000
7539		13.562500
7540		12.865625
7541		13.650000
7542		13.959375
7543		14.121875
7544		14.712500
7545		13.753125
7546		13.412500
7547		12.646875
7548		12.675000
7549		13.146875
7550		13.309375
7551		13.618750
7552		13.162500
7553		12.615625
7554		12.068750
7555		11.565625
7556		12.246875
7557		12.496875
7558		12.378125
7559		12.453125
7560		11.521875
7561		11.196875
7562		10.962500
7563		11.375000
7564		11.715625
7565		11.981250
7566		12.040625
7567		11.596875
7568		10.800000
7569		10.650000
7570		10.812500
7571		11.034375
7572		11.509375
7573		11.359375
7574		10.487500
7575		9.884375
7576		9.543750
7577		8.818750
7578		9.293750
7579		9.456250
7580		9.246875
7581		8.981250
7582		8.081250
7583		7.946875
7584		7.240625
7585		7.728125
7586		8.318750
7587		7.934375
7588		7.903125
7589		7.046875
7590		6.175000
7591		5.746875
7592		6.056250
7593		6.206250
7594		6.471875
7595		5.881250
7596		5.303125
7597		4.684375
7598		3.959375
7599		4.581250
7600		5.053125
7601		5.171875
7602		5.628125
7603		4.965625
7604		4.803125
7605		4.625000
7606		4.609375
7607		5.525000
7608		6.028125
7609		6.368750
7610		5.953125
7611		5.409375
7612		4.934375
7613		5.362500
7614		5.881250
7615		6.000000
7616		6.456250
7617		6.028125
7618		5.659375
7619		5.084375
7620		5.112500
7621		5.881250
7622		5.881250
7623		6.721875
7624		6.265625
7625		5.731250
7626		5.334375
7627		4.978125
7628		5.659375
7629		6.087500
7630		6.293750
7631		6.440625
7632		6.043750
7633		5.659375
7634		5.512500
7635		5.953125
7636		6.471875
7637		7.371875
7638		7.728125
7639		7.193750
7640		6.781250
7641		6.634375
7642		7.209375
7643		7.696875
7644		8.156250
7645		8.612500
7646		8.331250
7647		7.978125
7648		7.506250
7649		7.696875
7650		8.346875
7651		8.759375
7652		9.056250
7653		8.806250
7654		8.331250
7655		8.037500
7656		7.681250
7657		8.331250
7658		8.509375
7659		8.584375
7660		8.687500
7661		7.903125
7662		7.356250
7663		7.403125
7664		7.843750
7665		7.978125
7666		8.553125
7667		8.775000
7668		8.318750
7669		7.815625
7670		7.578125
7671		8.259375
7672		8.687500
7673		9.159375
7674		9.896875
7675		9.131250
7676		8.909375
7677		8.806250
7678		8.878125
7679		9.512500
7680		9.956250
7681		10.431250
7682		10.090625
7683		9.631250
7684		9.662500
7685		9.646875
7686		10.296875
7687		10.637500
7688		10.946875
7689		10.665625
7690		10.090625
7691		9.837500
7692		9.468750
7693		10.134375
7694		10.209375
7695		10.990625
7696		11.093750
7697		10.415625
7698		10.503125
7699		10.090625
7700		11.168750
7701		11.803125
7702		12.171875
7703		12.956250
7704		12.187500
7705		11.787500
7706		11.671875
7707		11.450000
7708		12.425000
7709		12.750000
7710		12.793750
7711		12.334375
7712		12.084375
7713		11.759375
7714		11.846875
7715		12.556250
7716		12.865625
7717		13.428125
7718		12.896875
7719		12.631250
7720		12.262500
7721		12.053125
7722		12.496875
7723		12.703125
7724		12.912500
7725		12.468750
7726		11.596875
7727		11.359375
7728		10.725000
7729		11.478125
7730		12.025000
7731		12.112500
7732		12.025000
7733		11.418750
7734		10.828125
7735		10.312500
7736		10.903125
7737		10.931250
7738		11.509375
7739		11.331250
7740		10.606250
7741		10.075000
7742		9.425000
7743		9.721875
7744		9.662500
7745		10.059375
7746		10.400000
7747		9.381250
7748		9.190625
7749		8.628125
7750		8.540625
7751		9.381250
7752		9.721875
7753		10.150000
7754		9.793750
7755		8.981250
7756		8.731250
7757		8.493750
7758		8.878125
7759		9.234375
7760		9.056250
7761		8.818750
7762		8.331250
7763		7.712500
7764		7.371875
7765		8.037500
7766		8.259375
7767		8.703125
7768		8.378125
7769		8.021875
7770		7.415625
7771		7.018750
7772		7.918750
7773		8.053125
7774		8.243750
7775		8.390625
7776		7.946875
7777		7.506250
7778		7.137500
7779		7.328125
7780		7.875000
7781		8.053125
7782		8.540625
7783		7.993750
7784		7.446875
7785		7.165625
7786		7.253125
7787		7.696875
7788		7.946875
7789		8.378125
7790		7.843750
7791		7.209375
7792		6.781250
7793		6.928125
7794		7.534375
7795		7.490625
7796		8.228125
7797		7.740625
7798		7.181250
7799		6.868750
7800		6.543750
7801		7.518750
7802		8.081250
7803		8.168750
7804		8.553125
7805		7.668750
7806		7.668750
7807		7.137500
7808		7.653125
7809		8.259375
7810		8.703125
7811		8.834375
7812		8.481250
7813		8.125000
7814		7.800000
7815		8.390625
7816		8.834375
7817		9.159375
7818		9.396875
7819		8.671875
7820		8.421875
7821		8.096875
7822		8.065625
7823		8.540625
7824		8.759375
7825		9.456250
7826		8.790625
7827		8.065625
7828		7.946875
7829		7.962500
7830		8.465625
7831		8.806250
7832		9.071875
7833		8.656250
7834		8.553125
7835		7.668750
7836		7.875000
7837		8.568750
7838		8.893750
7839		9.353125
7840		8.981250
7841		8.612500
7842		8.434375
7843		7.831250
7844		8.806250
7845		8.921875
7846		9.559375
7847		9.321875
7848		8.687500
7849		8.362500
7850		7.756250
7851		8.406250
7852		8.584375
7853		8.893750
7854		9.175000
7855		8.390625
7856		7.771875
7857		7.312500
7858		7.653125
7859		7.653125
7860		8.109375
7861		8.053125
7862		7.371875
7863		6.884375
7864		6.309375
7865		6.456250
7866		6.693750
7867		6.753125
7868		7.225000
7869		6.471875
7870		5.881250
7871		5.481250
7872		5.303125
7873		5.881250
7874		5.850000
7875		6.250000
7876		5.850000
7877		5.215625
7878		4.978125
7879		4.625000
7880		5.009375
7881		5.437500
7882		5.806250
7883		5.481250
7884		5.009375
7885		4.490625
7886		4.256250
7887		4.700000
7888		4.965625
7889		5.112500
7890		5.053125
7891		4.625000
7892		4.225000
7893		3.487500
7894		4.375000
7895		4.446875
7896		4.815625
7897		5.068750
7898		4.521875
7899		4.165625
7900		3.990625
7901		3.990625
7902		4.596875
7903		5.128125
7904		5.037500
7905		4.831250
7906		4.343750
7907		4.137500
7908		4.153125
7909		4.521875
7910		5.215625
7911		5.731250
7912		4.965625
7913		4.906250
7914		4.565625
7915		4.653125
7916		5.246875
7917		5.496875
7918		5.746875
7919		5.615625
7920		4.934375
7921		5.068750
7922		4.712500
7923		5.259375
7924		5.968750
7925		5.850000
7926		6.250000
7927		5.465625
7928		5.068750
7929		4.875000
7930		5.628125
7931		5.925000
7932		6.559375
7933		6.396875
7934		5.909375
7935		5.525000
7936		5.215625
7937		5.806250
7938		6.206250
7939		6.487500
7940		6.706250
7941		5.925000
7942		5.718750
7943		5.068750
7944		5.215625
7945		5.850000
7946		5.806250
7947		6.337500
7948		5.584375
7949		4.993750
7950		4.596875
7951		4.446875
7952		4.993750
7953		5.303125
7954		5.746875
7955		5.231250
7956		4.700000
7957		4.490625
7958		4.240625
7959		4.653125
7960		4.771875
7961		4.934375
7962		4.743750
7963		4.271875
7964		3.737500
7965		3.281250
7966		4.212500
7967		4.271875
7968		4.625000
7969		4.506250
7970		3.621875
7971		3.384375
7972		2.778125
7973		3.562500
7974		3.784375
7975		4.018750
7976		4.153125
7977		3.459375
7978		3.015625
7979		2.646875
7980		3.015625
7981		3.118750
7982		3.621875
7983		3.737500
7984		3.162500
7985		3.015625
7986		2.231250
7987		2.778125
7988		3.103125
7989		3.296875
7990		3.900000
7991		3.059375
7992		2.600000
7993		2.246875
7994		2.231250
7995		2.940625
7996		3.281250
7997		3.412500
7998		3.059375
7999		2.425000
8000		2.171875
8001		2.159375
8002		2.275000
8003		2.793750
8004		3.400000
8005		2.706250
8006		2.350000
8007		2.040625
8008		1.834375
8009		2.571875
8010		2.734375
8011		2.971875
8012		2.971875
8013		2.159375
8014		2.187500
8015		1.700000
8016		2.321875
8017		2.778125
8018		2.821875
8019		3.043750
8020		2.246875
8021		1.878125
8022		1.715625
8023		2.203125
8024		2.468750
8025		2.971875
8026		3.000000
8027		2.718750
8028		1.981250
8029		1.596875
8030		2.187500
8031		2.409375
8032		2.718750
8033		2.984375
8034		2.262500
8035		1.965625
8036		1.743750
8037		1.684375
8038		2.350000
8039		2.484375
8040		2.971875
8041		1.965625
8042		1.418750
8043		1.315625
8044		1.390625
8045		1.640625
8046		2.040625
8047		2.453125
8048		1.937500
8049		1.271875
8050		1.196875
8051		0.978125
8052		1.390625
8053		1.981250
8054		2.334375
8055		2.084375
8056		1.418750
8057		1.390625
8058		1.196875
8059		1.906250
8060		1.996875
8061		2.262500
8062		2.793750
8063		1.406250
8064		1.406250
8065		1.125000
8066		1.418750
8067		2.231250
8068		2.290625
8069		2.159375
8070		1.715625
8071		1.331250
8072		0.828125
8073		1.568750
8074		1.700000
8075		2.246875
8076		2.381250
8077		1.743750
8078		1.465625
8079		0.740625
8080		1.153125
8081		1.684375
8082		1.743750
8083		2.159375
8084		1.390625
8085		1.006250
8086		0.490625
8087		0.621875
8088		1.212500
8089		1.331250
8090		1.684375
8091		1.196875
8092		0.725000
8093		0.296875
8094		0.312500
8095		1.034375
8096		1.081250
8097		1.862500
8098		1.006250
8099		1.021875
8100		0.443750
8101		0.150000
8102		1.140625
8103		1.359375
8104		1.715625
8105		1.553125
8106		1.034375
8107		0.725000
8108		0.637500
8109		1.375000
8110		1.521875
8111		1.834375
8112		1.671875
8113		0.978125
8114		0.562500
8115		0.209375
8116		0.887500
8117		1.081250
8118		1.287500
8119		1.153125
8120		0.562500
8121		0.134375
8122		-0.218750
8123		0.503125
8124		0.312500
8125		0.946875
8126		0.859375
8127		0.075000
8128		0.046875
8129		-0.412500
8130		0.015625
8131		0.134375
8132		0.340625
8133		0.859375
8134		-0.012500
8135		-0.278125
8136		-0.603125
8137		-0.321875
8138		0.237500
8139		0.459375
8140		0.475000
8141		-0.056250
8142		-0.353125
8143		-1.075000
8144		-0.868750
8145		-0.531250
8146		-0.543750
8147		-0.087500
8148		-0.900000
8149		-1.165625
8150		-1.681250
8151		-1.756250
8152		-1.268750
8153		-1.209375
8154		-0.884375
8155		-1.356250
8156		-2.006250
8157		-2.390625
8158		-2.315625
8159		-2.065625
8160		-1.534375
8161		-1.312500
8162		-1.609375
8163		-2.021875
8164		-2.640625
8165		-2.965625
8166		-2.050000
8167		-1.934375
8168		-1.475000
8169		-1.712500
8170		-2.125000
8171		-2.259375
8172		-2.937500
8173		-2.315625
8174		-1.990625
8175		-1.621875
8176		-1.459375
8177		-2.259375
8178		-2.525000
8179		-2.981250
8180		-2.671875
8181		-2.612500
8182		-2.303125
8183		-1.784375
8184		-2.525000
8185		-3.203125
8186		-3.218750
8187		-3.040625
8188		-2.759375
8189		-2.153125
8190		-2.065625
8191		-2.390625
8192		-2.818750
8193		-1.859375
8194		-2.375000
8195		-2.715625
8196		-2.965625
8197		-2.746875
8198		-2.315625
8199		-2.050000
8200		-1.550000
8201		-1.725000
8202		-1.946875
8203		-2.671875
8204		-2.362500
8205		-1.946875
8206		-1.371875
8207		-1.106250
8208		-1.534375
8209		-2.081250
8210		-2.537500
8211		-2.584375
8212		-1.903125
8213		-1.725000
8214		-1.415625
8215		-1.712500
8216		-2.478125
8217		-2.596875
8218		-2.953125
8219		-2.478125
8220		-1.918750
8221		-2.081250
8222		-1.490625
8223		-2.096875
8224		-2.640625
8225		-2.790625
8226		-2.537500
8227		-1.903125
8228		-1.431250
8229		-1.343750
8230		-1.771875
8231		-2.021875
8232		-2.465625
8233		-1.609375
8234		-1.431250
8235		-1.046875
8236		-0.440625
8237		-1.356250
8238		-1.859375
8239		-2.037500
8240		-1.621875
8241		-1.328125
8242		-1.209375
8243		-1.062500
8244		-1.400000
8245		-2.109375
8246		-2.346875
8247		-2.421875
8248		-1.903125
8249		-1.415625
8250		-1.506250
8251		-1.934375
8252		-2.259375
8253		-2.525000
8254		-2.390625
8255		-1.903125
8256		-1.637500
8257		-1.003125
8258		-1.609375
8259		-2.200000
8260		-2.096875
8261		-2.287500
8262		-1.343750
8263		-1.312500
8264		-1.062500
8265		-1.181250
8266		-2.021875
8267		-2.315625
8268		-2.671875
8269		-2.228125
8270		-1.990625
8271		-1.887500
8272		-2.050000
8273		-3.056250
8274		-3.721875
8275		-3.971875
8276		-3.203125
8277		-2.937500
8278		-3.012500
8279		-3.175000
8280		-3.587500
8281		-4.162500
8282		-4.725000
8283		-3.662500
8284		-3.381250
8285		-3.396875
8286		-2.981250
8287		-3.721875
8288		-4.000000
8289		-4.206250
8290		-4.118750
8291		-3.662500
8292		-3.262500
8293		-3.218750
8294		-3.734375
8295		-4.356250
8296		-4.975000
8297		-4.459375
8298		-4.340625
8299		-4.134375
8300		-3.928125
8301		-4.828125
8302		-5.109375
8303		-5.640625
8304		-5.228125
8305		-4.812500
8306		-4.606250
8307		-4.325000
8308		-5.078125
8309		-5.450000
8310		-5.553125
8311		-5.700000
8312		-5.153125
8313		-4.887500
8314		-4.237500
8315		-4.856250
8316		-5.034375
8317		-5.390625
8318		-5.137500
8319		-4.753125
8320		-4.415625
8321		-3.646875
8322		-4.296875
8323		-4.590625
8324		-5.006250
8325		-5.153125
8326		-4.340625
8327		-4.193750
8328		-3.778125
8329		-4.150000
8330		-4.681250
8331		-4.931250
8332		-5.006250
8333		-4.296875
8334		-3.971875
8335		-3.425000
8336		-3.868750
8337		-4.265625
8338		-4.856250
8339		-4.975000
8340		-4.059375
8341		-4.090625
8342		-3.793750
8343		-3.750000
8344		-4.531250
8345		-4.768750
8346		-5.343750
8347		-4.193750
8348		-4.118750
8349		-3.559375
8350		-3.500000
8351		-4.265625
8352		-4.475000
8353		-4.740625
8354		-4.237500
8355		-3.631250
8356		-3.381250
8357		-3.012500
8358		-3.778125
8359		-4.075000
8360		-4.487500
8361		-3.896875
8362		-3.734375
8363		-3.143750
8364		-3.234375
8365		-3.868750
8366		-4.043750
8367		-4.800000
8368		-4.150000
8369		-4.090625
8370		-4.015625
8371		-3.675000
8372		-4.590625
8373		-5.228125
8374		-5.625000
8375		-5.418750
8376		-5.418750
8377		-5.109375
8378		-5.050000
8379		-6.096875
8380		-6.659375
8381		-7.265625
8382		-7.087500
8383		-6.806250
8384		-6.365625
8385		-6.306250
8386		-7.015625
8387		-7.309375
8388		-7.900000
8389		-8.093750
8390		-7.162500
8391		-7.293750
8392		-6.806250
8393		-7.368750
8394		-7.943750
8395		-8.196875
8396		-8.581250
8397		-7.781250
8398		-7.206250
8399		-7.087500
8400		-7.368750
8401		-7.959375
8402		-8.521875
8403		-8.462500
8404		-7.856250
8405		-7.737500
8406		-7.443750
8407		-7.884375
8408		-8.403125
8409		-8.978125
8410		-9.081250
8411		-8.534375
8412		-8.312500
8413		-7.959375
8414		-8.300000
8415		-8.800000
8416		-9.096875
8417		-9.243750
8418		-8.653125
8419		-8.062500
8420		-7.915625
8421		-8.093750
8422		-8.359375
8423		-8.696875
8424		-8.978125
8425		-8.106250
8426		-7.709375
8427		-7.325000
8428		-7.103125
8429		-7.812500
8430		-8.034375
8431		-8.446875
8432		-7.178125
8433		-7.043750
8434		-6.778125
8435		-6.437500
8436		-7.118750
8437		-7.456250
8438		-7.709375
8439		-7.325000
8440		-6.703125
8441		-6.481250
8442		-6.453125
8443		-6.925000
8444		-7.678125
8445		-7.987500
8446		-7.471875
8447		-7.028125
8448		-6.528125
8449		-6.365625
8450		-6.746875
8451		-7.162500
8452		-7.575000
8453		-6.956250
8454		-5.993750
8455		-5.831250
8456		-5.390625
8457		-5.331250
8458		-6.378125
8459		-6.187500
8460		-6.393750
8461		-5.640625
8462		-4.946875
8463		-4.725000
8464		-5.125000
8465		-5.640625
8466		-5.818750
8467		-5.537500
8468		-5.256250
8469		-4.812500
8470		-4.162500
8471		-5.109375
8472		-5.521875
8473		-5.981250
8474		-5.934375
8475		-5.315625
8476		-5.065625
8477		-4.903125
8478		-5.287500
8479		-5.934375
8480		-6.231250
8481		-6.631250
8482		-5.993750
8483		-5.315625
8484		-5.256250
8485		-5.625000
8486		-6.128125
8487		-6.734375
8488		-6.659375
8489		-6.068750
8490		-5.715625
8491		-5.506250
8492		-5.950000
8493		-6.365625
8494		-6.690625
8495		-7.059375
8496		-6.468750
8497		-6.068750
8498		-6.040625
8499		-6.246875
8500		-7.221875
8501		-7.487500
8502		-7.781250
8503		-7.412500
8504		-7.103125
8505		-6.556250
8506		-6.896875
8507		-7.487500
8508		-7.884375
8509		-8.371875
8510		-8.078125
8511		-7.721875
8512		-7.325000
8513		-7.618750
8514		-8.106250
8515		-8.653125
8516		-9.053125
8517		-8.225000
8518		-7.781250
8519		-7.618750
8520		-7.487500
8521		-8.078125
8522		-8.462500
8523		-8.668750
8524		-8.121875
8525		-7.678125
8526		-7.368750
8527		-6.865625
8528		-7.487500
8529		-7.662500
8530		-7.959375
8531		-7.606250
8532		-7.043750
8533		-6.231250
8534		-6.040625
8535		-6.600000
8536		-6.821875
8537		-7.190625
8538		-6.584375
8539		-5.993750
8540		-5.625000
8541		-5.006250
8542		-5.743750
8543		-6.143750
8544		-6.290625
8545		-6.128125
8546		-5.256250
8547		-5.137500
8548		-4.828125
8549		-5.256250
8550		-5.715625
8551		-5.993750
8552		-5.787500
8553		-5.168750
8554		-4.903125
8555		-4.356250
8556		-5.034375
8557		-5.418750
8558		-5.743750
8559		-5.196875
8560		-4.637500
8561		-4.681250
8562		-4.000000
8563		-4.812500
8564		-5.418750
8565		-5.668750
8566		-6.053125
8567		-5.493750
8568		-4.975000
8569		-5.109375
8570		-5.521875
8571		-6.112500
8572		-6.746875
8573		-6.778125
8574		-6.393750
8575		-6.421875
8576		-6.068750
8577		-6.865625
8578		-7.487500
8579		-7.781250
8580		-8.490625
8581		-7.825000
8582		-7.900000
8583		-7.915625
8584		-7.931250
8585		-8.743750
8586		-9.481250
8587		-10.175000
8588		-9.318750
8589		-9.112500
8590		-9.171875
8591		-9.540625
8592		-10.203125
8593		-10.840625
8594		-11.121875
8595		-10.840625
8596		-10.353125
8597		-10.528125
8598		-10.737500
8599		-11.475000
8600		-11.725000
8601		-12.434375
8602		-11.637500
8603		-11.312500
8604		-11.253125
8605		-11.193750
8606		-11.990625
8607		-11.978125
8608		-12.271875
8609		-11.696875
8610		-11.075000
8611		-11.090625
8612		-10.987500
8613		-11.534375
8614		-12.140625
8615		-12.525000
8616		-11.621875
8617		-11.606250
8618		-10.809375
8619		-10.912500
8620		-12.021875
8621		-11.978125
8622		-12.537500
8623		-12.109375
8624		-11.696875
8625		-11.356250
8626		-11.062500
8627		-11.843750
8628		-12.065625
8629		-12.271875
8630		-11.978125
8631		-11.459375
8632		-11.106250
8633		-11.237500
8634		-11.400000
8635		-11.681250
8636		-11.665625
8637		-11.253125
8638		-10.853125
8639		-9.996875
8640		-9.643750
8641		-10.587500
8642		-10.690625
8643		-11.031250
8644		-10.662500
8645		-9.762500
8646		-9.850000
8647		-9.156250
8648		-10.087500
8649		-10.721875
8650		-10.618750
8651		-10.543750
8652		-9.968750
8653		-9.643750
8654		-9.287500
8655		-9.878125
8656		-10.353125
8657		-10.603125
8658		-10.278125
8659		-9.806250
8660		-9.362500
8661		-8.771875
8662		-9.775000
8663		-9.984375
8664		-10.440625
8665		-10.396875
8666		-9.465625
8667		-9.362500
8668		-8.890625
8669		-9.553125
8670		-10.203125
8671		-10.278125
8672		-10.262500
8673		-10.012500
8674		-9.140625
8675		-9.318750
8676		-9.775000
8677		-10.471875
8678		-10.809375
8679		-10.587500
8680		-10.175000
8681		-10.250000
8682		-9.968750
8683		-10.365625
8684		-11.106250
8685		-11.284375
8686		-11.328125
8687		-10.353125
8688		-10.218750
8689		-9.834375
8690		-10.365625
8691		-11.106250
8692		-11.443750
8693		-11.681250
8694		-11.075000
8695		-10.796875
8696		-10.500000
8697		-11.387500
8698		-11.475000
8699		-12.243750
8700		-12.362500
8701		-11.768750
8702		-11.740625
8703		-11.387500
8704		-11.990625
8705		-12.612500
8706		-12.759375
8707		-12.981250
8708		-12.315625
8709		-11.696875
8710		-11.550000
8711		-11.475000
8712		-12.362500
8713		-12.450000
8714		-12.743750
8715		-11.371875
8716		-11.593750
8717		-11.150000
8718		-11.475000
8719		-12.021875
8720		-12.200000
8721		-12.212500
8722		-12.021875
8723		-10.796875
8724		-10.884375
8725		-11.296875
8726		-12.006250
8727		-12.021875
8728		-12.537500
8729		-12.081250
8730		-11.534375
8731		-11.431250
8732		-11.606250
8733		-12.346875
8734		-12.759375
8735		-12.803125
8736		-12.006250
8737		-11.665625
8738		-11.490625
8739		-11.696875
8740		-12.228125
8741		-12.493750
8742		-13.025000
8743		-11.903125
8744		-11.578125
8745		-11.459375
8746		-11.209375
8747		-12.315625
8748		-12.640625
8749		-12.834375
8750		-12.093750
8751		-11.312500
8752		-11.284375
8753		-11.046875
8754		-11.903125
8755		-12.093750
8756		-12.418750
8757		-11.518750
8758		-11.046875
8759		-10.646875
8760		-10.425000
8761		-11.237500
8762		-11.400000
8763		-11.962500
8764		-10.987500
8765		-10.690625
8766		-10.440625
8767		-10.365625
8768		-11.237500
8769		-11.606250
8770		-11.828125
8771		-11.431250
8772		-10.690625
8773		-10.543750
8774		-10.396875
8775		-11.356250
8776		-11.918750
8777		-11.946875
8778		-11.518750
8779		-11.134375
8780		-10.634375
8781		-10.587500
8782		-11.578125
8783		-12.140625
8784		-12.850000
8785		-12.093750
8786		-11.931250
8787		-11.356250
8788		-11.178125
8789		-12.346875
8790		-12.525000
8791		-12.862500
8792		-12.790625
8793		-12.228125
8794		-11.887500
8795		-12.037500
8796		-12.628125
8797		-13.231250
8798		-13.496875
8799		-12.790625
8800		-12.759375
8801		-12.418750
8802		-12.640625
8803		-13.615625
8804		-13.837500
8805		-14.206250
8806		-14.146875
8807		-13.512500
8808		-13.203125
8809		-12.803125
8810		-13.853125
8811		-14.578125
8812		-14.784375
8813		-14.562500
8814		-14.193750
8815		-13.765625
8816		-14.000000
8817		-14.590625
8818		-15.050000
8819		-15.462500
8820		-14.931250
8821		-14.650000
8822		-14.340625
8823		-13.821875
8824		-14.725000
8825		-15.168750
8826		-15.418750
8827		-15.006250
8828		-14.193750
8829		-13.631250
8830		-13.425000
8831		-14.043750
8832		-14.693750
8833		-14.887500
8834		-13.984375
8835		-13.543750
8836		-12.906250
8837		-12.478125
8838		-12.596875
8839		-13.100000
8840		-13.409375
8841		-12.687500
8842		-12.125000
8843		-11.400000
8844		-10.912500
8845		-11.550000
8846		-12.081250
8847		-12.021875
8848		-11.756250
8849		-11.046875
8850		-10.515625
8851		-10.234375
8852		-10.471875
8853		-10.912500
8854		-11.075000
8855		-10.353125
8856		-9.612500
8857		-9.112500
8858		-8.521875
8859		-9.037500
8860		-9.037500
8861		-9.303125
8862		-8.506250
8863		-7.662500
8864		-7.221875
8865		-6.703125
8866		-7.340625
8867		-7.931250
8868		-7.856250
8869		-7.384375
8870		-6.762500
8871		-6.306250
8872		-6.231250
8873		-6.584375
8874		-7.428125
8875		-7.693750
8876		-7.559375
8877		-7.071875
8878		-6.793750
8879		-6.318750
8880		-7.293750
8881		-7.515625
8882		-7.931250
8883		-7.781250
8884		-6.853125
8885		-6.703125
8886		-6.112500
8887		-6.778125
8888		-6.909375
8889		-7.103125
8890		-6.556250
8891		-5.715625
8892		-5.109375
8893		-4.725000
8894		-4.931250
8895		-5.390625
8896		-5.862500
8897		-5.715625
8898		-4.962500
8899		-4.487500
8900		-4.134375
8901		-5.228125
8902		-5.993750
8903		-6.925000
8904		-6.925000
8905		-6.762500
8906		-6.896875
8907		-6.659375
8908		-7.812500
8909		-9.171875
8910		-9.762500
8911		-9.984375
8912		-10.056250
8913		-9.937500
8914		-9.731250
8915		-10.943750
8916		-11.843750
8917		-12.640625
8918		-12.375000
8919		-12.140625
8920		-12.050000
8921		-11.637500
8922		-12.568750
8923		-12.878125
8924		-13.175000
8925		-13.218750
8926		-12.303125
8927		-11.978125
8928		-11.756250
8929		-11.946875
8930		-12.184375
8931		-12.418750
8932		-11.756250
8933		-10.840625
8934		-10.262500
8935		-9.715625
8936		-9.746875
8937		-10.071875
8938		-10.159375
8939		-9.303125
8940		-8.581250
8941		-8.062500
8942		-6.968750
8943		-7.531250
8944		-8.137500
8945		-8.268750
8946		-8.225000
8947		-7.618750
8948		-6.984375
8949		-6.853125
8950		-7.162500
8951		-7.915625
8952		-8.490625
8953		-8.268750
8954		-7.678125
8955		-7.471875
8956		-7.250000
8957		-7.900000
8958		-8.625000
8959		-8.890625
8960		-8.637500
8961		-7.812500
8962		-7.856250
8963		-7.443750
8964		-7.531250
8965		-8.284375
8966		-8.581250
8967		-8.403125
8968		-7.709375
8969		-7.221875
8970		-6.600000
8971		-6.806250
8972		-7.146875
8973		-7.340625
8974		-6.806250
8975		-6.128125
8976		-5.271875
8977		-4.768750
8978		-5.125000
8979		-5.125000
8980		-5.300000
8981		-4.856250
8982		-3.971875
8983		-3.350000
8984		-3.187500
8985		-3.278125
8986		-3.825000
8987		-4.043750
8988		-3.928125
8989		-3.337500
8990		-2.537500
8991		-2.315625
8992		-3.084375
8993		-3.500000
8994		-4.162500
8995		-4.043750
8996		-3.500000
8997		-3.234375
8998		-2.909375
8999		-3.881250
9000		-4.487500
9001		-4.843750
9002		-5.256250
9003		-4.443750
9004		-4.518750
9005		-4.428125
9006		-5.093750
9007		-5.787500
9008		-6.215625
9009		-5.878125
9010		-5.343750
9011		-4.975000
9012		-4.856250
9013		-5.640625
9014		-6.053125
9015		-6.409375
9016		-5.743750
9017		-5.271875
9018		-5.315625
9019		-4.443750
9020		-5.078125
9021		-5.418750
9022		-5.625000
9023		-5.287500
9024		-4.590625
9025		-3.825000
9026		-3.425000
9027		-3.940625
9028		-4.562500
9029		-4.650000
9030		-4.118750
9031		-3.512500
9032		-2.862500
9033		-2.200000
9034		-3.012500
9035		-3.159375
9036		-3.750000
9037		-3.128125
9038		-2.537500
9039		-2.006250
9040		-1.018750
9041		-1.815625
9042		-2.200000
9043		-2.375000
9044		-2.243750
9045		-1.431250
9046		-0.943750
9047		-0.396875
9048		-1.106250
9049		-1.668750
9050		-2.271875
9051		-1.534375
9052		-1.225000
9053		-0.646875
9054		-0.353125
9055		-1.046875
9056		-1.284375
9057		-1.800000
9058		-1.312500
9059		-0.368750
9060		-0.309375
9061		0.281250
9062		0.059375
9063		-0.971875
9064		-1.343750
9065		-0.575000
9066		-0.218750
9067		0.253125
9068		0.800000
9069		0.059375
9070		-0.368750
9071		-0.678125
9072		0.015625
9073		0.606250
9074		0.931250
9075		1.640625
9076		0.709375
9077		0.562500
9078		0.015625
9079		0.150000
9080		1.243750
9081		1.390625
9082		1.803125
9083		0.946875
9084		0.459375
9085		-0.115625
9086		0.046875
9087		0.828125
9088		1.125000
9089		1.168750
9090		0.534375
9091		0.118750
9092		-0.440625
9093		-0.206250
9094		0.356250
9095		0.371875
9096		0.518750
9097		-0.368750
9098		-0.765625
9099		-1.400000
9100		-1.165625
9101		-0.515625
9102		-0.234375
9103		0.015625
9104		-1.003125
9105		-1.534375
9106		-2.065625
9107		-1.637500
9108		-1.475000
9109		-0.765625
9110		-0.321875
9111		-1.371875
9112		-1.490625
9113		-2.346875
9114		-1.843750
9115		-1.075000
9116		-0.765625
9117		-0.218750
9118		-1.134375
9119		-1.653125
9120		-1.843750
9121		-1.593750
9122		-0.884375
9123		-0.309375
9124		-0.206250
9125		-0.868750
9126		-1.090625
9127		-1.712500
9128		-1.106250
9129		-0.721875
9130		-0.381250
9131		0.046875
9132		-1.031250
9133		-1.193750
9134		-1.784375
9135		-1.475000
9136		-0.884375
9137		-0.662500
9138		-0.781250
9139		-1.253125
9140		-1.815625
9141		-1.962500
9142		-1.446875
9143		-1.031250
9144		-0.646875
9145		-0.396875
9146		-1.312500
9147		-1.459375
9148		-2.081250
9149		-1.121875
9150		-0.587500
9151		-0.100000
9152		0.340625
9153		-0.440625
9154		-0.825000
9155		-0.987500
9156		-0.381250
9157		0.606250
9158		1.125000
9159		1.418750
9160		0.903125
9161		0.815625
9162		0.637500
9163		1.684375
9164		2.306250
9165		2.881250
9166		3.309375
9167		2.453125
9168		2.393750
9169		2.100000
9170		2.646875
9171		3.443750
9172		3.590625
9173		4.050000
9174		3.031250
9175		2.556250
9176		2.675000
9177		3.146875
9178		3.709375
9179		4.256250
9180		4.018750
9181		3.487500
9182		2.925000
9183		2.809375
9184		3.737500
9185		3.887500
9186		4.300000
9187		4.478125
9188		3.412500
9189		2.881250
9190		2.778125
9191		3.443750
9192		4.153125
9193		4.271875
9194		4.343750
9195		3.650000
9196		3.015625
9197		2.793750
9198		3.400000
9199		3.856250
9200		4.225000
9201		3.887500
9202		3.118750
9203		2.615625
9204		2.171875
9205		2.912500
9206		3.237500
9207		3.487500
9208		3.412500
9209		2.321875
9210		1.790625
9211		1.743750
9212		2.365625
9213		3.146875
9214		3.459375
9215		3.162500
9216		2.306250
9217		1.950000
9218		1.893750
9219		2.646875
9220		2.984375
9221		3.518750
9222		3.075000
9223		2.040625
9224		1.893750
9225		1.434375
9226		2.484375
9227		2.956250
9228		3.059375
9229		2.750000
9230		1.656250
9231		1.228125
9232		1.196875
9233		1.862500
9234		2.453125
9235		2.571875
9236		1.981250
9237		0.990625
9238		0.400000
9239		0.475000
9240		1.212500
9241		1.521875
9242		2.262500
9243		1.684375
9244		0.756250
9245		0.546875
9246		0.459375
9247		1.521875
9248		1.893750
9249		2.187500
9250		1.671875
9251		1.125000
9252		0.415625
9253		0.653125
9254		1.346875
9255		1.965625
9256		2.187500
9257		1.537500
9258		0.978125
9259		0.356250
9260		0.653125
9261		1.759375
9262		1.981250
9263		2.484375
9264		1.893750
9265		1.050000
9266		0.871875
9267		1.021875
9268		1.906250
9269		2.159375
9270		2.496875
9271		1.921875
9272		1.359375
9273		0.606250
9274		0.918750
9275		1.893750
9276		2.100000
9277		2.556250
9278		1.640625
9279		1.303125
9280		0.681250
9281		1.006250
9282		1.568750
9283		1.671875
9284		2.484375
9285		1.671875
9286		0.843750
9287		0.415625
9288		0.800000
9289		1.553125
9290		2.187500
9291		2.321875
9292		1.493750
9293		1.596875
9294		0.859375
9295		1.731250
9296		2.381250
9297		2.675000
9298		3.193750
9299		2.334375
9300		1.862500
9301		1.346875
9302		1.743750
9303		2.690625
9304		3.000000
9305		3.412500
9306		2.453125
9307		2.040625
9308		1.656250
9309		2.275000
9310		2.762500
9311		3.296875
9312		3.634375
9313		2.793750
9314		2.409375
9315		1.640625
9316		2.437500
9317		3.059375
9318		3.590625
9319		3.768750
9320		2.646875
9321		2.187500
9322		1.862500
9323		2.334375
9324		2.925000
9325		3.606250
9326		3.400000
9327		2.646875
9328		2.275000
9329		1.834375
9330		2.571875
9331		2.556250
9332		3.043750
9333		3.221875
9334		2.203125
9335		1.743750
9336		1.303125
9337		1.893750
9338		2.409375
9339		2.528125
9340		2.571875
9341		1.493750
9342		0.887500
9343		0.593750
9344		1.450000
9345		1.315625
9346		2.009375
9347		1.818750
9348		0.828125
9349		0.046875
9350		-0.603125
9351		-0.056250
9352		0.431250
9353		0.709375
9354		0.978125
9355		-0.353125
9356		-0.721875
9357		-1.312500
9358		-0.693750
9359		-0.250000
9360		0.384375
9361		0.268750
9362		-0.381250
9363		-0.868750
9364		-1.328125
9365		-0.737500
9366		-0.206250
9367		0.281250
9368		0.296875
9369		-0.381250
9370		-0.959375
9371		-1.003125
9372		-0.353125
9373		0.193750
9374		0.518750
9375		0.871875
9376		-0.190625
9377		-0.471875
9378		-0.868750
9379		-0.381250
9380		0.193750
9381		0.562500
9382		0.431250
9383		-0.321875
9384		-0.868750
9385		-1.490625
9386		-0.912500
9387		-0.234375
9388		0.165625
9389		0.268750
9390		-0.900000
9391		-1.046875
9392		-1.534375
9393		-0.868750
9394		0.209375
9395		0.459375
9396		0.665625
9397		-0.100000
9398		-0.575000
9399		-1.121875
9400		-0.396875
9401		0.003125
9402		0.859375
9403		0.990625
9404		0.015625
9405		-0.218750
9406		-0.971875
9407		-0.531250
9408		-0.100000
9409		0.475000
9410		0.903125
9411		-0.206250
9412		-0.559375
9413		-0.900000
9414		-0.634375
9415		-0.087500
9416		0.534375
9417		0.871875
9418		0.165625
9419		-0.531250
9420		-0.706250
9421		-0.603125
9422		0.106250
9423		0.756250
9424		0.887500
9425		-0.056250
9426		-0.471875
9427		-1.018750
9428		-0.796875
9429		0.178125
9430		0.046875
9431		0.800000
9432		-0.131250
9433		-1.075000
9434		-1.225000
9435		-1.387500
9436		-0.278125
9437		-0.071875
9438		0.475000
9439		-0.159375
9440		-1.046875
9441		-1.431250
9442		-1.253125
9443		-0.412500
9444		0.015625
9445		0.903125
9446		0.134375
9447		-0.543750
9448		-1.090625
9449		-1.121875
9450		-0.425000
9451		0.059375
9452		0.459375
9453		-0.043750
9454		-1.031250
9455		-1.343750
9456		-1.609375
9457		-0.678125
9458		-0.765625
9459		-0.531250
9460		-0.543750
9461		-1.637500
9462		-1.946875
9463		-2.212500
9464		-1.165625
9465		-0.959375
9466		-0.309375
9467		-0.278125
9468		-1.296875
9469		-1.740625
9470		-1.653125
9471		-0.603125
9472		-0.309375
9473		0.578125
9474		0.562500
9475		-0.396875
9476		-0.456250
9477		-0.796875
9478		-0.321875
9479		0.371875
9480		0.828125
9481		0.828125
9482		0.237500
9483		-0.603125
9484		-0.912500
9485		-0.353125
9486		0.118750
9487		0.562500
9488		0.578125
9489		-0.425000
9490		-0.912500
9491		-1.621875
9492		-1.150000
9493		-0.543750
9494		-0.262500
9495		0.503125
9496		-0.575000
9497		-0.840625
9498		-1.431250
9499		-1.253125
9500		-0.603125
9501		0.281250
9502		0.562500
9503		0.134375
9504		-0.500000
9505		-0.634375
9506		-0.678125
9507		0.534375
9508		1.243750
9509		1.359375
9510		1.184375
9511		0.815625
9512		0.490625
9513		0.859375
9514		2.128125
9515		2.821875
9516		3.634375
9517		3.265625
9518		2.690625
9519		2.750000
9520		2.425000
9521		4.003125
9522		4.728125
9523		5.096875
9524		5.556250
9525		4.993750
9526		4.934375
9527		4.862500
9528		5.659375
9529		6.487500
9530		7.387500
9531		7.578125
9532		6.987500
9533		6.603125
9534		6.662500
9535		7.328125
9536		8.243750
9537		9.175000
9538		9.512500
9539		9.056250
9540		8.671875
9541		8.331250
9542		8.981250
9543		9.884375
9544		10.562500
9545		11.287500
9546		11.153125
9547		10.650000
9548		10.696875
9549		10.740625
9550		11.834375
9551		12.600000
9552		12.940625
9553		12.600000
9554		11.890625
9555		11.878125
9556		11.803125
9557		12.615625
9558		13.281250
9559		13.221875
9560		12.896875
9561		12.128125
9562		11.878125
9563		11.137500
9564		12.100000
9565		12.203125
9566		12.393750
9567		12.453125
9568		11.640625
9569		11.006250
9570		10.431250
9571		10.681250
9572		11.093750
9573		11.081250
9574		11.050000
9575		9.825000
9576		8.893750
9577		8.406250
9578		8.790625
9579		8.937500
9580		9.071875
9581		8.953125
9582		7.859375
9583		7.018750
9584		6.412500
9585		6.146875
9586		6.781250
9587		6.943750
9588		7.431250
9589		5.881250
9590		5.187500
9591		4.521875
9592		4.328125
9593		5.187500
9594		5.481250
9595		5.806250
9596		5.334375
9597		4.403125
9598		4.109375
9599		3.887500
9600		4.550000
9601		4.815625
9602		5.140625
9603		4.434375
9604		3.681250
9605		2.868750
9606		2.940625
9607		3.590625
9608		3.665625
9609		4.062500
9610		3.400000
9611		2.600000
9612		2.040625
9613		1.434375
9614		1.937500
9615		2.496875
9616		2.675000
9617		3.193750
9618		2.068750
9619		1.390625
9620		1.109375
9621		1.521875
9622		2.468750
9623		2.837500
9624		3.043750
9625		2.484375
9626		1.671875
9627		1.228125
9628		1.553125
9629		2.334375
9630		2.896875
9631		3.296875
9632		2.868750
9633		2.631250
9634		1.965625
9635		1.906250
9636		3.015625
9637		3.634375
9638		4.256250
9639		4.003125
9640		3.709375
9641		3.368750
9642		3.503125
9643		4.343750
9644		5.053125
9645		5.540625
9646		5.865625
9647		5.584375
9648		4.978125
9649		5.465625
9650		5.881250
9651		6.618750
9652		7.284375
9653		7.668750
9654		7.137500
9655		6.440625
9656		6.218750
9657		7.046875
9658		7.578125
9659		8.643750
9660		8.850000
9661		7.859375
9662		7.593750
9663		7.268750
9664		7.446875
9665		8.465625
9666		9.071875
9667		9.321875
9668		9.262500
9669		8.656250
9670		8.287500
9671		8.125000
9672		9.262500
9673		9.884375
9674		10.031250
9675		10.209375
9676		9.425000
9677		9.028125
9678		8.806250
9679		9.809375
9680		10.015625
9681		10.740625
9682		10.546875
9683		9.662500
9684		9.468750
9685		8.584375
9686		9.218750
9687		9.543750
9688		9.896875
9689		10.106250
9690		8.715625
9691		8.303125
9692		7.800000
9693		7.859375
9694		8.909375
9695		8.921875
9696		9.056250
9697		8.303125
9698		8.156250
9699		7.668750
9700		7.431250
9701		7.946875
9702		8.525000
9703		8.509375
9704		7.815625
9705		6.825000
9706		6.353125
9707		5.968750
9708		6.693750
9709		6.781250
9710		6.959375
9711		5.893750
9712		4.934375
9713		4.478125
9714		3.693750
9715		3.975000
9716		4.506250
9717		4.418750
9718		4.153125
9719		3.546875
9720		2.837500
9721		2.203125
9722		2.646875
9723		3.087500
9724		3.443750
9725		3.443750
9726		2.675000
9727		2.025000
9728		1.553125
9729		2.084375
9730		2.615625
9731		3.015625
9732		3.665625
9733		2.587500
9734		2.306250
9735		1.759375
9736		1.950000
9737		2.896875
9738		3.087500
9739		4.018750
9740		3.562500
9741		3.118750
9742		2.659375
9743		2.246875
9744		3.221875
9745		3.975000
9746		3.975000
9747		4.034375
9748		3.650000
9749		3.043750
9750		2.778125
9751		3.471875
9752		3.634375
9753		4.668750
9754		4.625000
9755		4.034375
9756		3.606250
9757		3.356250
9758		4.256250
9759		5.009375
9760		5.465625
9761		6.381250
9762		5.171875
9763		5.215625
9764		4.815625
9765		5.362500
9766		6.765625
9767		7.225000
9768		8.065625
9769		7.859375
9770		7.225000
9771		7.431250
9772		7.343750
9773		8.378125
9774		9.365625
9775		9.646875
9776		9.912500
9777		9.365625
9778		8.656250
9779		8.850000
9780		9.662500
9781		10.209375
9782		10.709375
9783		10.800000
9784		10.178125
9785		9.868750
9786		9.884375
9787		10.193750
9788		10.903125
9789		11.596875
9790		12.128125
9791		11.521875
9792		11.125000
9793		10.740625
9794		11.300000
9795		12.646875
9796		13.059375
9797		13.575000
9798		13.353125
9799		12.912500
9800		12.940625
9801		12.762500
9802		13.400000
9803		13.900000
9804		14.315625
9805		13.768750
9806		12.631250
9807		12.128125
9808		11.728125
9809		12.409375
9810		12.528125
9811		12.646875
9812		12.053125
9813		11.450000
9814		10.784375
9815		10.118750
9816		10.962500
9817		11.478125
9818		11.775000
9819		12.246875
9820		11.006250
9821		10.681250
9822		10.000000
9823		10.400000
9824		11.375000
9825		11.818750
9826		12.171875
9827		11.462500
9828		10.756250
9829		10.237500
9830		10.090625
9831		10.621875
9832		11.125000
9833		11.315625
9834		10.534375
9835		9.543750
9836		8.790625
9837		8.303125
9838		8.759375
9839		8.818750
9840		8.909375
9841		8.628125
9842		7.653125
9843		6.915625
9844		6.543750
9845		6.634375
9846		6.987500
9847		6.812500
9848		7.031250
9849		6.190625
9850		5.318750
9851		4.862500
9852		4.846875
9853		5.187500
9854		5.437500
9855		5.437500
9856		4.625000
9857		3.737500
9858		3.193750
9859		3.237500
9860		3.459375
9861		4.034375
9862		4.581250
9863		3.665625
9864		2.778125
9865		2.528125
9866		2.040625
9867		3.412500
9868		4.034375
9869		4.271875
9870		4.478125
9871		3.693750
9872		3.340625
9873		2.940625
9874		3.753125
9875		4.609375
9876		4.965625
9877		5.171875
9878		4.521875
9879		3.812500
9880		3.725000
9881		3.915625
9882		4.712500
9883		5.187500
9884		5.318750
9885		4.596875
9886		4.153125
9887		3.459375
9888		3.384375
9889		4.550000
9890		4.815625
9891		5.303125
9892		4.712500
9893		4.196875
9894		4.050000
9895		3.709375
9896		5.009375
9897		5.512500
9898		5.953125
9899		6.218750
9900		5.556250
9901		5.259375
9902		5.096875
9903		6.278125
9904		6.650000
9905		7.300000
9906		7.343750
9907		6.650000
9908		6.337500
9909		5.881250
9910		6.650000
9911		7.240625
9912		7.800000
9913		7.875000
9914		7.137500
9915		6.678125
9916		5.968750
9917		6.190625
9918		7.150000
9919		7.403125
9920		7.918750
9921		7.078125
9922		6.325000
9923		5.865625
9924		5.718750
9925		6.840625
9926		7.106250
9927		7.506250
9928		7.475000
9929		6.812500
9930		6.396875
9931		6.265625
9932		7.253125
9933		7.696875
9934		8.346875
9935		8.331250
9936		7.550000
9937		7.150000
9938		6.884375
9939		7.506250
9940		8.006250
9941		8.628125
9942		8.759375
9943		8.184375
9944		7.890625
9945		7.371875
9946		7.681250
9947		8.568750
9948		8.703125
9949		9.143750
9950		8.790625
9951		8.215625
9952		8.037500
9953		7.653125
9954		8.703125
9955		9.071875
9956		9.246875
9957		9.396875
9958		8.362500
9959		8.243750
9960		8.140625
9961		8.921875
9962		9.793750
9963		9.987500
9964		10.431250
9965		9.721875
9966		9.278125
9967		9.143750
9968		9.662500
9969		10.459375
9970		10.918750
9971		11.212500
9972		10.475000
9973		10.015625
9974		9.571875
9975		10.000000
9976		10.859375
9977		11.050000
9978		11.521875
9979		11.243750
9980		10.253125
9981		9.837500
9982		9.825000
9983		10.709375
9984		11.137500
9985		11.212500
9986		11.050000
9987		10.059375
9988		9.690625
9989		9.278125
9990		10.237500
9991		10.059375
9992		10.606250
9993		10.546875
9994		9.734375
9995		9.353125
9996		8.584375
9997		9.365625
9998		9.440625
9999		9.781250
10000		10.090625
