Channel              :		CH1
Frequency            :		  ?
Period               :		  ?
PK-PK                :		21.15mV
Average              :		-0.239mV
Vertical pos         :		1.000000mV
Probe attenuation    :		1X
Voltage per ADC value:		0.000781mV
Time interval        :		20.00000uS

index		CH1_Voltage(mV)
1		2.853125
2		1.684375
3		2.821875
4		2.409375
5		1.050000
6		1.981250
7		2.084375
8		0.653125
9		1.465625
10		1.743750
11		0.768750
12		1.303125
13		2.659375
14		1.893750
15		1.862500
16		3.428125
17		2.600000
18		2.128125
19		3.075000
20		2.587500
21		1.981250
22		2.821875
23		3.265625
24		2.793750
25		3.590625
26		4.062500
27		2.971875
28		3.368750
29		3.840625
30		3.459375
31		3.518750
32		4.653125
33		4.153125
34		3.709375
35		4.921875
36		4.153125
37		3.134375
38		3.693750
39		2.837500
40		1.893750
41		2.778125
42		3.368750
43		2.159375
44		2.468750
45		2.837500
46		1.656250
47		1.050000
48		2.290625
49		1.640625
50		1.493750
51		2.706250
52		2.659375
53		2.615625
54		4.093750
55		3.725000
56		2.543750
57		2.971875
58		3.087500
59		1.715625
60		1.759375
61		1.818750
62		0.931250
63		0.534375
64		1.125000
65		0.003125
66		-1.003125
67		-0.943750
68		-1.518750
69		-2.803125
70		-2.096875
71		-1.562500
72		-2.037500
73		-1.090625
74		0.681250
75		0.475000
76		1.050000
77		2.659375
78		2.496875
79		1.790625
80		2.821875
81		2.350000
82		1.228125
83		1.271875
84		0.709375
85		-1.018750
86		-1.003125
87		-0.884375
88		-1.725000
89		-1.946875
90		-0.646875
91		-1.534375
92		-1.193750
93		0.296875
94		1.093750
95		0.800000
96		2.365625
97		2.778125
98		2.159375
99		2.940625
100		3.693750
101		2.350000
102		1.965625
103		2.262500
104		1.050000
105		-0.159375
106		0.328125
107		-0.618750
108		-1.593750
109		-0.662500
110		-0.987500
111		-1.740625
112		-0.618750
113		0.593750
114		0.518750
115		1.034375
116		2.556250
117		1.846875
118		1.303125
119		1.700000
120		0.931250
121		-0.381250
122		-0.337500
123		-0.693750
124		-1.800000
125		-1.653125
126		-0.500000
127		-1.268750
128		-0.825000
129		0.165625
130		0.046875
131		-0.293750
132		1.006250
133		0.978125
134		-0.071875
135		1.050000
136		1.228125
137		0.015625
138		-0.071875
139		0.178125
140		-1.075000
141		-1.681250
142		-0.912500
143		-1.562500
144		-2.362500
145		-1.431250
146		-1.800000
147		-2.818750
148		-2.346875
149		-1.506250
150		-2.259375
151		-2.153125
152		-1.134375
153		-1.593750
154		-2.315625
155		-1.400000
156		-1.903125
157		-2.790625
158		-2.153125
159		-1.490625
160		-2.656250
161		-2.553125
162		-2.271875
163		-3.262500
164		-4.193750
165		-3.350000
166		-3.721875
167		-4.606250
168		-3.571875
169		-3.128125
170		-4.312500
171		-3.512500
172		-3.115625
173		-3.912500
174		-4.312500
175		-3.278125
176		-3.571875
177		-4.487500
178		-3.837500
179		-3.868750
180		-5.300000
181		-4.931250
182		-4.296875
183		-4.903125
184		-4.990625
185		-3.603125
186		-3.896875
187		-4.075000
188		-3.143750
189		-2.834375
190		-3.778125
191		-2.862500
192		-2.050000
193		-2.568750
194		-2.656250
195		-1.490625
196		-2.346875
197		-3.484375
198		-3.071875
199		-3.025000
200		-4.237500
201		-3.603125
202		-3.012500
203		-3.500000
204		-3.453125
205		-2.037500
206		-2.850000
207		-3.396875
208		-2.953125
209		-2.746875
210		-3.853125
211		-3.203125
212		-2.850000
213		-3.484375
214		-3.971875
215		-2.893750
216		-3.721875
217		-4.812500
218		-4.709375
219		-4.368750
220		-5.640625
221		-5.450000
222		-4.546875
223		-5.343750
224		-5.846875
225		-4.193750
226		-4.650000
227		-5.109375
228		-4.206250
229		-3.306250
230		-4.103125
231		-3.321875
232		-2.346875
233		-2.715625
234		-3.040625
235		-1.990625
236		-2.109375
237		-3.306250
238		-3.100000
239		-3.337500
240		-4.265625
241		-4.650000
242		-3.971875
243		-4.709375
244		-5.196875
245		-4.475000
246		-4.090625
247		-5.700000
248		-4.828125
249		-4.237500
250		-4.843750
251		-4.753125
252		-3.306250
253		-4.090625
254		-4.518750
255		-3.543750
256		-3.396875
257		-4.606250
258		-4.562500
259		-4.253125
260		-5.050000
261		-5.553125
262		-3.940625
263		-4.693750
264		-5.625000
265		-5.212500
266		-4.843750
267		-5.462500
268		-5.153125
269		-3.971875
270		-4.221875
271		-4.606250
272		-3.040625
273		-3.012500
274		-3.896875
275		-3.571875
276		-2.759375
277		-3.381250
278		-3.881250
279		-2.640625
280		-2.981250
281		-4.043750
282		-3.646875
283		-3.571875
284		-4.784375
285		-5.212500
286		-3.750000
287		-4.621875
288		-5.418750
289		-4.443750
290		-4.443750
291		-5.109375
292		-4.459375
293		-3.278125
294		-3.793750
295		-3.971875
296		-1.962500
297		-2.612500
298		-3.337500
299		-2.568750
300		-1.946875
301		-2.612500
302		-2.981250
303		-1.962500
304		-2.937500
305		-4.162500
306		-3.084375
307		-3.056250
308		-4.043750
309		-3.896875
310		-2.921875
311		-3.615625
312		-4.578125
313		-2.937500
314		-3.218750
315		-4.265625
316		-3.159375
317		-2.421875
318		-3.175000
319		-3.468750
320		-2.493750
321		-2.953125
322		-4.059375
323		-3.587500
324		-3.484375
325		-4.578125
326		-4.281250
327		-3.321875
328		-3.778125
329		-4.856250
330		-4.221875
331		-4.000000
332		-4.962500
333		-4.709375
334		-3.868750
335		-4.340625
336		-4.887500
337		-3.337500
338		-3.115625
339		-4.546875
340		-4.237500
341		-3.337500
342		-4.221875
343		-5.271875
344		-4.265625
345		-4.740625
346		-6.215625
347		-5.375000
348		-4.590625
349		-5.715625
350		-6.306250
351		-5.240625
352		-5.390625
353		-6.806250
354		-6.187500
355		-5.050000
356		-6.084375
357		-6.187500
358		-4.828125
359		-5.434375
360		-6.659375
361		-5.934375
362		-5.078125
363		-6.128125
364		-6.793750
365		-5.537500
366		-6.275000
367		-7.028125
368		-6.068750
369		-4.975000
370		-6.290625
371		-6.378125
372		-5.196875
373		-6.143750
374		-7.250000
375		-6.306250
376		-5.668750
377		-6.690625
378		-6.350000
379		-4.903125
380		-6.040625
381		-6.584375
382		-5.934375
383		-6.040625
384		-7.443750
385		-6.746875
386		-5.831250
387		-7.028125
388		-6.703125
389		-5.375000
390		-6.437500
391		-7.487500
392		-6.246875
393		-6.334375
394		-7.396875
395		-6.496875
396		-5.787500
397		-6.896875
398		-6.409375
399		-5.050000
400		-6.318750
401		-6.778125
402		-5.331250
403		-5.668750
404		-6.409375
405		-5.462500
406		-5.506250
407		-6.409375
408		-5.743750
409		-5.125000
410		-6.437500
411		-6.365625
412		-5.125000
413		-6.053125
414		-6.821875
415		-5.890625
416		-6.925000
417		-7.796875
418		-6.203125
419		-6.468750
420		-7.959375
421		-7.250000
422		-6.881250
423		-8.106250
424		-7.915625
425		-7.071875
426		-8.359375
427		-7.987500
428		-6.821875
429		-8.565625
430		-10.218750
431		-9.287500
432		-9.659375
433		-9.584375
434		-6.453125
435		-3.809375
436		-2.715625
437		-0.218750
438		2.218750
439		1.478125
440		2.203125
441		3.665625
442		3.959375
443		4.728125
444		6.706250
445		5.231250
446		2.706250
447		1.509375
448		-2.271875
449		-6.275000
450		-7.190625
451		-8.268750
452		-9.496875
453		-7.368750
454		-5.818750
455		-6.156250
456		-4.725000
457		-3.262500
458		-3.234375
459		-1.668750
460		0.562500
461		1.359375
462		1.878125
463		4.137500
464		2.571875
465		0.384375
466		-0.500000
467		-3.084375
468		-5.418750
469		-5.478125
470		-5.787500
471		-6.896875
472		-5.521875
473		-4.178125
474		-4.903125
475		-3.128125
476		-1.859375
477		-2.125000
478		-0.618750
479		1.743750
480		1.937500
481		1.818750
482		3.146875
483		1.775000
484		-0.381250
485		-0.028125
486		-1.609375
487		-3.175000
488		-1.946875
489		-1.725000
490		-2.671875
491		-1.150000
492		0.059375
493		-0.928125
494		1.153125
495		2.187500
496		1.390625
497		1.937500
498		3.237500
499		2.484375
500		1.893750
501		2.425000
502		0.946875
503		-0.250000
504		0.178125
505		-0.381250
506		-1.875000
507		-1.165625
508		-1.343750
509		-2.006250
510		-0.662500
511		0.606250
512		-0.028125
513		0.328125
514		1.596875
515		0.756250
516		0.046875
517		0.843750
518		0.150000
519		-0.543750
520		0.725000
521		0.371875
522		-0.471875
523		0.415625
524		0.059375
525		-1.253125
526		-0.337500
527		-0.159375
528		-0.693750
529		0.534375
530		1.537500
531		0.978125
532		1.168750
533		2.100000
534		1.568750
535		1.021875
536		1.465625
537		0.578125
538		-0.368750
539		0.578125
540		0.384375
541		-0.987500
542		-0.634375
543		-0.559375
544		-1.918750
545		-0.646875
546		0.221875
547		-0.368750
548		-0.218750
549		1.065625
550		0.431250
551		0.178125
552		0.978125
553		0.709375
554		0.268750
555		1.640625
556		1.775000
557		0.931250
558		1.596875
559		2.159375
560		1.093750
561		1.509375
562		2.231250
563		2.009375
564		2.056250
565		3.325000
566		2.484375
567		2.025000
568		3.118750
569		2.925000
570		2.425000
571		3.384375
572		3.665625
573		2.971875
574		3.443750
575		4.137500
576		3.015625
577		3.118750
578		4.225000
579		3.606250
580		3.221875
581		3.900000
582		3.206250
583		2.393750
584		2.571875
585		2.528125
586		1.612500
587		2.262500
588		3.015625
589		2.409375
590		3.118750
591		3.975000
592		3.784375
593		3.959375
594		5.571875
595		5.731250
596		5.925000
597		7.137500
598		7.728125
599		6.765625
600		7.621875
601		8.156250
602		7.518750
603		7.831250
604		8.021875
605		7.106250
606		6.234375
607		6.543750
608		5.643750
609		4.490625
610		5.318750
611		5.350000
612		4.418750
613		4.890625
614		5.628125
615		4.890625
616		5.112500
617		6.103125
618		5.512500
619		5.421875
620		6.471875
621		6.071875
622		5.453125
623		5.821875
624		5.453125
625		4.109375
626		3.828125
627		3.959375
628		2.896875
629		2.275000
630		3.709375
631		2.750000
632		2.040625
633		2.912500
634		2.646875
635		1.418750
636		2.793750
637		3.384375
638		2.615625
639		3.118750
640		4.684375
641		4.003125
642		3.459375
643		4.418750
644		3.428125
645		2.659375
646		3.193750
647		3.296875
648		2.275000
649		2.718750
650		3.650000
651		2.646875
652		2.453125
653		3.368750
654		3.146875
655		2.896875
656		3.915625
657		4.225000
658		3.412500
659		4.700000
660		5.437500
661		5.275000
662		5.600000
663		6.840625
664		6.265625
665		5.525000
666		6.543750
667		6.162500
668		4.862500
669		5.731250
670		5.850000
671		5.318750
672		5.512500
673		6.012500
674		5.496875
675		4.581250
676		5.850000
677		5.096875
678		4.153125
679		4.921875
680		5.421875
681		4.815625
682		5.409375
683		5.968750
684		5.496875
685		4.653125
686		6.000000
687		5.362500
688		4.684375
689		5.556250
690		6.368750
691		5.112500
692		5.628125
693		6.175000
694		5.584375
695		5.231250
696		6.634375
697		5.746875
698		5.156250
699		5.850000
700		6.131250
701		4.771875
702		5.378125
703		5.821875
704		4.950000
705		4.462500
706		5.068750
707		4.446875
708		3.309375
709		4.300000
710		4.434375
711		3.340625
712		4.034375
713		4.846875
714		4.196875
715		3.840625
716		4.934375
717		4.581250
718		4.300000
719		4.478125
720		4.993750
721		4.328125
722		4.965625
723		5.687500
724		5.009375
725		4.418750
726		5.512500
727		5.393750
728		4.640625
729		5.762500
730		6.146875
731		5.437500
732		5.659375
733		6.884375
734		5.953125
735		5.615625
736		6.487500
737		6.337500
738		5.512500
739		5.953125
740		6.590625
741		5.746875
742		5.378125
743		6.000000
744		4.978125
745		4.240625
746		5.200000
747		4.978125
748		3.784375
749		3.931250
750		4.300000
751		3.681250
752		3.459375
753		4.653125
754		4.078125
755		3.856250
756		5.009375
757		6.028125
758		5.140625
759		5.275000
760		6.071875
761		5.171875
762		4.256250
763		5.037500
764		4.387500
765		3.118750
766		3.459375
767		3.887500
768		2.675000
769		1.834375
770		2.496875
771		1.303125
772		0.268750
773		0.931250
774		1.315625
775		0.431250
776		1.034375
777		2.528125
778		2.528125
779		2.718750
780		4.328125
781		5.171875
782		4.315625
783		4.978125
784		5.968750
785		4.403125
786		3.959375
787		4.565625
788		3.428125
789		1.790625
790		1.996875
791		2.040625
792		0.859375
793		1.140625
794		2.171875
795		1.521875
796		1.125000
797		3.015625
798		3.487500
799		3.237500
800		4.521875
801		5.718750
802		5.481250
803		5.453125
804		6.693750
805		5.925000
806		4.506250
807		4.418750
808		4.181250
809		2.425000
810		1.743750
811		2.925000
812		2.100000
813		1.346875
814		2.468750
815		2.484375
816		2.203125
817		2.925000
818		4.225000
819		4.109375
820		3.531250
821		5.009375
822		4.759375
823		3.562500
824		4.003125
825		3.871875
826		2.556250
827		1.465625
828		2.306250
829		1.346875
830		0.384375
831		1.790625
832		3.118750
833		2.646875
834		3.059375
835		4.521875
836		4.418750
837		3.265625
838		4.256250
839		4.831250
840		3.265625
841		3.250000
842		4.137500
843		3.237500
844		1.759375
845		2.453125
846		2.409375
847		1.093750
848		1.418750
849		2.778125
850		1.684375
851		1.081250
852		2.159375
853		2.615625
854		1.390625
855		1.759375
856		3.178125
857		2.262500
858		1.612500
859		2.437500
860		2.381250
861		0.725000
862		1.390625
863		2.706250
864		1.834375
865		1.006250
866		1.790625
867		1.093750
868		-0.321875
869		-0.262500
870		0.665625
871		-0.321875
872		-0.515625
873		1.050000
874		0.709375
875		-0.071875
876		0.400000
877		0.871875
878		-0.250000
879		-0.218750
880		0.768750
881		-0.381250
882		-1.312500
883		-0.087500
884		-0.603125
885		-1.740625
886		-1.343750
887		-0.603125
888		-1.459375
889		-1.578125
890		0.340625
891		-0.425000
892		-0.575000
893		0.918750
894		1.065625
895		0.015625
896		0.653125
897		1.596875
898		0.415625
899		0.340625
900		1.168750
901		-0.218750
902		-0.987500
903		0.653125
904		-0.043750
905		-1.062500
906		-0.159375
907		0.268750
908		-1.090625
909		0.015625
910		1.093750
911		-0.543750
912		0.046875
913		1.081250
914		0.518750
915		-0.678125
916		0.768750
917		0.059375
918		-1.134375
919		-0.543750
920		-0.543750
921		-2.537500
922		-1.978125
923		-1.653125
924		-2.671875
925		-2.493750
926		-1.506250
927		-2.731250
928		-3.159375
929		-1.490625
930		-2.271875
931		-3.012500
932		-1.062500
933		-0.884375
934		-1.328125
935		-0.087500
936		0.106250
937		-1.181250
938		-0.381250
939		0.459375
940		-1.046875
941		-0.765625
942		-0.175000
943		-1.446875
944		-1.875000
945		-1.121875
946		-2.287500
947		-3.084375
948		-1.740625
949		-2.362500
950		-3.203125
951		-1.946875
952		-2.184375
953		-2.909375
954		-1.946875
955		-1.193750
956		-2.746875
957		-1.712500
958		-0.971875
959		-1.903125
960		-1.875000
961		-0.900000
962		-2.375000
963		-2.893750
964		-1.653125
965		-2.568750
966		-3.218750
967		-1.934375
968		-2.700000
969		-3.706250
970		-2.746875
971		-2.850000
972		-3.940625
973		-2.568750
974		-1.653125
975		-2.568750
976		-1.296875
977		-0.543750
978		-1.978125
979		-1.637500
980		-0.868750
981		-1.903125
982		-1.918750
983		-0.262500
984		-0.840625
985		-1.800000
986		-0.809375
987		-1.978125
988		-3.662500
989		-2.493750
990		-3.159375
991		-4.296875
992		-2.893750
993		-2.434375
994		-3.425000
995		-2.687500
996		-1.978125
997		-3.159375
998		-2.612500
999		-1.356250
1000		-1.771875
1001		-2.050000
1002		-0.750000
1003		-1.209375
1004		-1.578125
1005		-0.440625
1006		-1.193750
1007		-2.465625
1008		-2.050000
1009		-2.390625
1010		-3.734375
1011		-2.862500
1012		-2.731250
1013		-3.528125
1014		-3.025000
1015		-2.596875
1016		-3.278125
1017		-3.234375
1018		-2.346875
1019		-2.818750
1020		-3.290625
1021		-2.140625
1022		-3.025000
1023		-2.909375
1024		-2.096875
1025		-2.568750
1026		-3.218750
1027		-2.715625
1028		-2.862500
1029		-4.531250
1030		-4.043750
1031		-3.559375
1032		-4.103125
1033		-3.778125
1034		-3.056250
1035		-3.662500
1036		-4.193750
1037		-2.965625
1038		-3.571875
1039		-4.428125
1040		-2.937500
1041		-2.937500
1042		-4.000000
1043		-3.290625
1044		-2.687500
1045		-4.000000
1046		-3.690625
1047		-3.440625
1048		-4.621875
1049		-5.006250
1050		-4.296875
1051		-4.975000
1052		-5.640625
1053		-4.368750
1054		-4.962500
1055		-5.846875
1056		-4.975000
1057		-4.962500
1058		-6.187500
1059		-5.375000
1060		-4.856250
1061		-5.934375
1062		-5.743750
1063		-4.843750
1064		-5.403125
1065		-5.581250
1066		-4.518750
1067		-5.343750
1068		-6.171875
1069		-5.196875
1070		-5.818750
1071		-6.778125
1072		-5.743750
1073		-5.862500
1074		-6.128125
1075		-5.656250
1076		-4.931250
1077		-5.565625
1078		-5.950000
1079		-5.212500
1080		-6.143750
1081		-6.215625
1082		-5.359375
1083		-6.084375
1084		-6.675000
1085		-5.743750
1086		-5.950000
1087		-7.043750
1088		-6.481250
1089		-6.231250
1090		-7.028125
1091		-6.528125
1092		-5.846875
1093		-6.481250
1094		-6.718750
1095		-5.862500
1096		-6.306250
1097		-6.821875
1098		-5.993750
1099		-6.512500
1100		-7.146875
1101		-6.318750
1102		-5.965625
1103		-6.690625
1104		-6.437500
1105		-5.581250
1106		-6.156250
1107		-6.675000
1108		-5.256250
1109		-6.306250
1110		-6.778125
1111		-6.084375
1112		-6.040625
1113		-7.559375
1114		-6.584375
1115		-5.965625
1116		-6.690625
1117		-6.762500
1118		-5.656250
1119		-7.059375
1120		-7.915625
1121		-7.190625
1122		-7.546875
1123		-8.593750
1124		-7.559375
1125		-7.384375
1126		-8.475000
1127		-8.003125
1128		-7.709375
1129		-8.475000
1130		-9.021875
1131		-7.959375
1132		-9.334375
1133		-10.278125
1134		-10.278125
1135		-11.003125
1136		-11.768750
1137		-9.984375
1138		-7.840625
1139		-6.453125
1140		-3.853125
1141		-1.165625
1142		-0.321875
1143		0.090625
1144		1.359375
1145		1.196875
1146		1.418750
1147		2.896875
1148		3.368750
1149		1.893750
1150		0.859375
1151		-0.543750
1152		-4.368750
1153		-7.634375
1154		-8.581250
1155		-10.337500
1156		-10.500000
1157		-8.696875
1158		-8.106250
1159		-7.987500
1160		-7.103125
1161		-5.993750
1162		-6.040625
1163		-4.400000
1164		-2.525000
1165		-1.343750
1166		-0.353125
1167		1.331250
1168		0.784375
1169		-1.090625
1170		-2.553125
1171		-4.459375
1172		-7.293750
1173		-8.343750
1174		-8.062500
1175		-8.387500
1176		-8.225000
1177		-6.350000
1178		-6.112500
1179		-5.862500
1180		-4.637500
1181		-3.084375
1182		-2.862500
1183		-1.018750
1184		0.828125
1185		1.093750
1186		0.918750
1187		1.184375
1188		0.490625
1189		-2.953125
1190		-3.306250
1191		-3.809375
1192		-5.078125
1193		-4.340625
1194		-3.381250
1195		-3.115625
1196		-2.746875
1197		-0.912500
1198		-0.737500
1199		-1.046875
1200		-0.440625
1201		-0.028125
1202		-0.531250
1203		0.178125
1204		0.606250
1205		-1.003125
1206		-1.831250
1207		-1.003125
1208		-2.315625
1209		-2.981250
1210		-2.981250
1211		-3.350000
1212		-4.650000
1213		-3.928125
1214		-2.465625
1215		-2.271875
1216		-2.259375
1217		-0.693750
1218		-1.062500
1219		-1.712500
1220		-1.887500
1221		-1.887500
1222		-3.234375
1223		-2.746875
1224		-1.934375
1225		-2.509375
1226		-2.434375
1227		-1.609375
1228		-2.125000
1229		-3.128125
1230		-2.450000
1231		-2.200000
1232		-2.731250
1233		-2.184375
1234		-0.721875
1235		-1.356250
1236		-1.371875
1237		0.106250
1238		-0.087500
1239		-1.356250
1240		-1.387500
1241		-1.578125
1242		-2.862500
1243		-2.303125
1244		-1.475000
1245		-2.450000
1246		-3.528125
1247		-2.746875
1248		-2.731250
1249		-3.646875
1250		-2.700000
1251		-2.315625
1252		-3.056250
1253		-2.584375
1254		-1.415625
1255		-2.271875
1256		-2.965625
1257		-2.109375
1258		-1.312500
1259		-1.784375
1260		-1.075000
1261		-0.309375
1262		-1.134375
1263		-1.506250
1264		-0.840625
1265		-0.987500
1266		-1.800000
1267		-0.440625
1268		0.221875
1269		-0.575000
1270		-0.928125
1271		0.209375
1272		-0.396875
1273		-0.987500
1274		0.075000
1275		0.593750
1276		-0.381250
1277		0.237500
1278		1.271875
1279		0.800000
1280		0.328125
1281		1.006250
1282		0.681250
1283		-0.500000
1284		0.312500
1285		0.784375
1286		-0.071875
1287		-0.484375
1288		0.431250
1289		-0.309375
1290		-1.387500
1291		-0.796875
1292		-0.381250
1293		-1.312500
1294		-0.396875
1295		0.887500
1296		0.931250
1297		0.962500
1298		2.762500
1299		3.015625
1300		2.853125
1301		4.003125
1302		4.803125
1303		4.434375
1304		4.565625
1305		5.703125
1306		5.659375
1307		4.375000
1308		4.771875
1309		4.890625
1310		3.087500
1311		2.231250
1312		3.000000
1313		2.218750
1314		1.271875
1315		2.409375
1316		2.143750
1317		1.406250
1318		2.084375
1319		3.356250
1320		3.015625
1321		2.453125
1322		3.340625
1323		3.103125
1324		2.084375
1325		2.853125
1326		3.412500
1327		2.528125
1328		1.862500
1329		2.496875
1330		1.521875
1331		-0.278125
1332		-0.234375
1333		0.059375
1334		-0.825000
1335		-1.046875
1336		0.193750
1337		-0.234375
1338		-1.284375
1339		-0.381250
1340		0.356250
1341		-0.840625
1342		-0.337500
1343		1.168750
1344		0.828125
1345		0.015625
1346		0.756250
1347		0.931250
1348		-0.706250
1349		-0.412500
1350		0.475000
1351		-0.396875
1352		-1.459375
1353		-0.500000
1354		-0.321875
1355		-1.990625
1356		-1.518750
1357		-0.396875
1358		-0.868750
1359		-1.134375
1360		0.681250
1361		0.725000
1362		-0.087500
1363		0.784375
1364		2.143750
1365		1.596875
1366		1.021875
1367		2.853125
1368		2.437500
1369		1.315625
1370		2.056250
1371		3.250000
1372		1.521875
1373		0.946875
1374		2.009375
1375		1.465625
1376		0.400000
1377		1.303125
1378		1.790625
1379		0.637500
1380		0.665625
1381		1.921875
1382		0.503125
1383		-0.100000
1384		1.568750
1385		1.656250
1386		0.546875
1387		1.671875
1388		2.350000
1389		1.021875
1390		0.756250
1391		2.321875
1392		1.050000
1393		0.578125
1394		1.981250
1395		1.950000
1396		0.578125
1397		1.965625
1398		2.171875
1399		1.228125
1400		1.315625
1401		2.762500
1402		1.493750
1403		0.815625
1404		2.437500
1405		2.056250
1406		0.740625
1407		1.568750
1408		1.450000
1409		-0.159375
1410		0.681250
1411		1.093750
1412		-0.425000
1413		-0.056250
1414		0.871875
1415		0.221875
1416		-0.575000
1417		1.050000
1418		0.546875
1419		0.193750
1420		1.612500
1421		1.743750
1422		0.887500
1423		1.093750
1424		1.596875
1425		0.756250
1426		1.521875
1427		2.381250
1428		1.671875
1429		1.759375
1430		3.134375
1431		2.571875
1432		2.009375
1433		3.459375
1434		2.821875
1435		2.009375
1436		3.309375
1437		3.665625
1438		2.940625
1439		4.062500
1440		4.434375
1441		2.868750
1442		3.768750
1443		4.225000
1444		2.837500
1445		3.000000
1446		3.737500
1447		2.706250
1448		1.893750
1449		3.487500
1450		2.821875
1451		1.759375
1452		2.868750
1453		1.568750
1454		0.681250
1455		1.965625
1456		2.128125
1457		0.903125
1458		2.306250
1459		3.296875
1460		2.750000
1461		3.784375
1462		4.934375
1463		3.059375
1464		2.675000
1465		3.546875
1466		2.262500
1467		1.656250
1468		3.000000
1469		1.965625
1470		1.390625
1471		2.306250
1472		1.303125
1473		-0.693750
1474		-0.159375
1475		-0.471875
1476		-2.212500
1477		-1.165625
1478		-0.575000
1479		-1.134375
1480		0.046875
1481		1.346875
1482		0.578125
1483		1.153125
1484		2.925000
1485		2.381250
1486		2.762500
1487		4.328125
1488		3.812500
1489		2.675000
1490		3.237500
1491		2.393750
1492		0.534375
1493		0.431250
1494		0.546875
1495		-0.765625
1496		0.118750
1497		0.562500
1498		-0.250000
1499		0.534375
1500		1.731250
1501		1.359375
1502		2.306250
1503		4.093750
1504		3.634375
1505		3.975000
1506		5.675000
1507		5.037500
1508		4.596875
1509		5.140625
1510		4.375000
1511		3.015625
1512		3.265625
1513		2.262500
1514		0.725000
1515		1.375000
1516		1.521875
1517		0.459375
1518		1.021875
1519		2.334375
1520		2.187500
1521		2.778125
1522		4.418750
1523		4.062500
1524		3.606250
1525		4.684375
1526		4.034375
1527		2.809375
1528		3.518750
1529		3.146875
1530		1.537500
1531		1.775000
1532		2.009375
1533		0.709375
1534		1.140625
1535		2.231250
1536		1.965625
1537		2.381250
1538		4.240625
1539		3.900000
1540		3.812500
1541		5.156250
1542		4.315625
1543		3.340625
1544		3.737500
1545		3.237500
1546		2.187500
1547		2.350000
1548		2.734375
1549		1.418750
1550		1.878125
1551		2.706250
1552		1.493750
1553		1.450000
1554		2.496875
1555		1.834375
1556		1.568750
1557		2.734375
1558		2.571875
1559		1.846875
1560		2.631250
1561		2.984375
1562		2.084375
1563		2.837500
1564		2.793750
1565		2.084375
1566		1.759375
1567		2.762500
1568		1.937500
1569		1.521875
1570		2.262500
1571		1.465625
1572		0.475000
1573		1.434375
1574		0.828125
1575		-0.206250
1576		0.459375
1577		1.125000
1578		0.296875
1579		0.709375
1580		1.521875
1581		0.681250
1582		0.665625
1583		1.521875
1584		-0.012500
1585		-0.634375
1586		0.150000
1587		-0.012500
1588		-1.237500
1589		-0.087500
1590		0.106250
1591		-0.900000
1592		-0.440625
1593		0.490625
1594		-0.206250
1595		0.075000
1596		1.553125
1597		1.196875
1598		0.696875
1599		2.556250
1600		1.834375
1601		0.903125
1602		1.937500
1603		1.731250
1604		0.237500
1605		0.546875
1606		1.450000
1607		0.384375
1608		0.356250
1609		1.493750
1610		0.653125
1611		0.165625
1612		1.228125
1613		1.434375
1614		0.371875
1615		0.946875
1616		1.303125
1617		0.253125
1618		0.784375
1619		1.568750
1620		0.621875
1621		0.193750
1622		1.021875
1623		0.312500
1624		-1.356250
1625		-0.912500
1626		-1.209375
1627		-2.465625
1628		-1.843750
1629		-1.371875
1630		-2.021875
1631		-1.578125
1632		-0.531250
1633		-1.193750
1634		-1.284375
1635		-0.131250
1636		-0.115625
1637		-0.262500
1638		0.903125
1639		1.418750
1640		0.800000
1641		1.331250
1642		1.937500
1643		1.109375
1644		0.696875
1645		1.331250
1646		0.371875
1647		-0.440625
1648		-0.100000
1649		-0.353125
1650		-1.387500
1651		-1.134375
1652		-0.456250
1653		-1.268750
1654		-0.856250
1655		-0.206250
1656		-0.693750
1657		-0.900000
1658		0.431250
1659		0.178125
1660		-0.587500
1661		0.312500
1662		0.709375
1663		-0.028125
1664		0.431250
1665		0.459375
1666		-0.500000
1667		-1.003125
1668		-0.321875
1669		-0.678125
1670		-1.446875
1671		-0.456250
1672		-0.706250
1673		-1.725000
1674		-1.371875
1675		-0.531250
1676		-0.971875
1677		-1.018750
1678		0.593750
1679		0.328125
1680		0.296875
1681		1.153125
1682		1.303125
1683		-0.043750
1684		0.534375
1685		0.696875
1686		0.031250
1687		-0.028125
1688		1.065625
1689		0.075000
1690		-0.396875
1691		-0.250000
1692		-0.618750
1693		-1.859375
1694		-1.209375
1695		-0.884375
1696		-1.578125
1697		-1.296875
1698		0.400000
1699		-0.087500
1700		-0.309375
1701		0.490625
1702		0.562500
1703		-0.206250
1704		0.709375
1705		1.493750
1706		1.153125
1707		1.390625
1708		2.468750
1709		1.303125
1710		0.637500
1711		0.871875
1712		0.653125
1713		-0.500000
1714		0.134375
1715		0.962500
1716		-0.250000
1717		-0.234375
1718		0.503125
1719		-0.353125
1720		-0.484375
1721		-0.250000
1722		0.490625
1723		-0.206250
1724		0.209375
1725		0.725000
1726		-0.146875
1727		-0.559375
1728		0.384375
1729		0.046875
1730		-0.781250
1731		-0.262500
1732		-0.278125
1733		-1.296875
1734		-1.003125
1735		-0.321875
1736		-1.356250
1737		-1.771875
1738		-0.856250
1739		-1.193750
1740		-1.756250
1741		-1.165625
1742		-0.353125
1743		-0.959375
1744		-0.809375
1745		-0.012500
1746		-0.868750
1747		-1.268750
1748		-0.484375
1749		-0.678125
1750		-2.081250
1751		-1.653125
1752		-1.637500
1753		-2.596875
1754		-2.596875
1755		-2.271875
1756		-2.406250
1757		-3.100000
1758		-2.303125
1759		-2.081250
1760		-3.262500
1761		-2.909375
1762		-2.153125
1763		-2.640625
1764		-2.790625
1765		-1.415625
1766		-2.331250
1767		-3.012500
1768		-2.525000
1769		-2.006250
1770		-3.337500
1771		-2.996875
1772		-2.081250
1773		-2.921875
1774		-3.365625
1775		-2.700000
1776		-2.450000
1777		-3.868750
1778		-3.115625
1779		-2.390625
1780		-2.909375
1781		-2.965625
1782		-2.081250
1783		-2.303125
1784		-3.203125
1785		-2.493750
1786		-2.331250
1787		-3.453125
1788		-3.500000
1789		-2.346875
1790		-3.071875
1791		-3.381250
1792		-2.909375
1793		-2.996875
1794		-3.853125
1795		-3.381250
1796		-2.568750
1797		-3.646875
1798		-4.059375
1799		-2.406250
1800		-2.715625
1801		-3.690625
1802		-3.143750
1803		-2.493750
1804		-3.409375
1805		-3.337500
1806		-2.271875
1807		-2.909375
1808		-3.559375
1809		-2.640625
1810		-2.525000
1811		-2.965625
1812		-3.056250
1813		-2.287500
1814		-2.893750
1815		-3.646875
1816		-2.818750
1817		-3.218750
1818		-4.237500
1819		-3.971875
1820		-3.084375
1821		-3.675000
1822		-4.562500
1823		-3.337500
1824		-3.765625
1825		-4.812500
1826		-4.356250
1827		-4.415625
1828		-5.168750
1829		-5.596875
1830		-4.356250
1831		-4.931250
1832		-5.965625
1833		-5.390625
1834		-4.962500
1835		-6.246875
1836		-6.806250
1837		-6.821875
1838		-7.959375
1839		-8.684375
1840		-6.306250
1841		-3.928125
1842		-2.478125
1843		-0.043750
1844		2.793750
1845		3.400000
1846		3.206250
1847		4.581250
1848		4.965625
1849		4.078125
1850		5.393750
1851		7.062500
1852		6.190625
1853		3.931250
1854		3.134375
1855		0.431250
1856		-3.928125
1857		-5.521875
1858		-5.359375
1859		-6.334375
1860		-6.556250
1861		-4.237500
1862		-3.278125
1863		-4.428125
1864		-2.921875
1865		-0.618750
1866		-0.531250
1867		0.281250
1868		2.809375
1869		3.856250
1870		3.237500
1871		3.900000
1872		3.665625
1873		0.709375
1874		-1.165625
1875		-1.725000
1876		-3.928125
1877		-6.009375
1878		-5.256250
1879		-4.075000
1880		-4.637500
1881		-3.084375
1882		-0.721875
1883		-0.234375
1884		-0.028125
1885		2.600000
1886		3.043750
1887		2.778125
1888		3.931250
1889		4.521875
1890		2.778125
1891		2.159375
1892		2.187500
1893		0.015625
1894		-1.312500
1895		-0.278125
1896		-0.543750
1897		-1.609375
1898		0.237500
1899		1.628125
1900		1.375000
1901		2.706250
1902		3.887500
1903		2.600000
1904		2.484375
1905		3.931250
1906		3.265625
1907		2.718750
1908		2.971875
1909		1.759375
1910		0.075000
1911		0.784375
1912		0.887500
1913		-1.312500
1914		-0.765625
1915		0.090625
1916		-0.293750
1917		0.090625
1918		1.834375
1919		1.671875
1920		0.606250
1921		2.306250
1922		1.684375
1923		0.546875
1924		1.212500
1925		0.709375
1926		-0.337500
1927		0.546875
1928		0.828125
1929		-0.809375
1930		-0.278125
1931		0.784375
1932		-0.368750
1933		-0.028125
1934		1.315625
1935		0.606250
1936		0.312500
1937		1.612500
1938		1.093750
1939		0.859375
1940		2.171875
1941		2.306250
1942		0.887500
1943		1.612500
1944		1.153125
1945		-0.646875
1946		0.178125
1947		0.871875
1948		-0.765625
1949		-0.912500
1950		-0.012500
1951		-0.575000
1952		-1.475000
1953		0.400000
1954		-0.368750
1955		-1.268750
1956		0.800000
1957		0.459375
1958		-0.500000
1959		0.415625
1960		0.562500
1961		-0.115625
1962		0.681250
1963		1.581250
1964		0.090625
1965		0.800000
1966		1.862500
1967		0.725000
1968		0.725000
1969		2.040625
1970		0.931250
1971		1.006250
1972		2.453125
1973		1.846875
1974		0.978125
1975		2.393750
1976		1.965625
1977		1.315625
1978		2.543750
1979		2.556250
1980		1.581250
1981		2.484375
1982		3.325000
1983		1.965625
1984		2.706250
1985		3.412500
1986		2.009375
1987		1.862500
1988		2.528125
1989		1.537500
1990		0.978125
1991		2.112500
1992		1.287500
1993		0.415625
1994		1.684375
1995		0.871875
1996		-0.028125
1997		1.521875
1998		1.996875
1999		1.287500
2000		3.059375
2001		3.665625
2002		3.296875
2003		4.490625
2004		5.659375
2005		4.846875
2006		5.409375
2007		6.590625
2008		5.584375
2009		5.556250
2010		6.337500
2011		5.290625
2012		3.900000
2013		4.343750
2014		3.709375
2015		2.484375
2016		3.237500
2017		3.428125
2018		2.187500
2019		2.837500
2020		2.971875
2021		2.068750
2022		2.646875
2023		3.828125
2024		3.650000
2025		3.146875
2026		4.490625
2027		3.531250
2028		3.043750
2029		3.634375
2030		2.706250
2031		1.612500
2032		2.009375
2033		1.671875
2034		0.371875
2035		0.578125
2036		0.490625
2037		-0.706250
2038		-0.543750
2039		0.165625
2040		-0.765625
2041		-0.309375
2042		1.021875
2043		0.193750
2044		0.090625
2045		0.978125
2046		0.709375
2047		0.046875
2048		1.196875
2049		0.903125
2050		-0.190625
2051		-0.028125
2052		1.950000
2053		-0.765625
2054		-0.706250
2055		-0.278125
2056		-1.046875
2057		-1.431250
2058		-0.309375
2059		-1.268750
2060		-1.653125
2061		-0.721875
2062		-0.575000
2063		-1.237500
2064		0.178125
2065		0.800000
2066		-0.115625
2067		0.800000
2068		1.612500
2069		0.903125
2070		0.978125
2071		2.009375
2072		1.478125
2073		1.065625
2074		2.615625
2075		1.715625
2076		0.903125
2077		1.375000
2078		1.081250
2079		-0.250000
2080		0.665625
2081		1.081250
2082		0.150000
2083		0.431250
2084		1.418750
2085		0.593750
2086		0.178125
2087		0.978125
2088		0.546875
2089		-0.115625
2090		0.978125
2091		1.093750
2092		-0.043750
2093		0.784375
2094		1.315625
2095		0.118750
2096		0.221875
2097		1.140625
2098		0.725000
2099		0.312500
2100		1.596875
2101		1.140625
2102		0.593750
2103		1.303125
2104		1.228125
2105		0.015625
2106		1.006250
2107		1.196875
2108		0.503125
2109		0.415625
2110		1.153125
2111		0.015625
2112		-0.531250
2113		0.090625
2114		-0.012500
2115		-0.781250
2116		-0.234375
2117		-0.234375
2118		-1.387500
2119		-0.825000
2120		-0.396875
2121		-1.237500
2122		-1.018750
2123		0.221875
2124		-0.250000
2125		-0.206250
2126		0.978125
2127		0.815625
2128		-0.056250
2129		0.768750
2130		0.709375
2131		-0.175000
2132		0.459375
2133		1.465625
2134		1.153125
2135		1.568750
2136		2.512500
2137		1.581250
2138		0.946875
2139		1.965625
2140		1.950000
2141		1.271875
2142		2.528125
2143		2.853125
2144		2.009375
2145		2.187500
2146		2.706250
2147		1.906250
2148		1.093750
2149		1.846875
2150		1.050000
2151		0.384375
2152		1.228125
2153		1.109375
2154		-0.056250
2155		0.193750
2156		0.384375
2157		-0.353125
2158		-0.321875
2159		0.931250
2160		0.312500
2161		-0.131250
2162		1.196875
2163		1.628125
2164		1.006250
2165		2.393750
2166		2.571875
2167		1.581250
2168		1.228125
2169		1.715625
2170		0.653125
2171		-0.028125
2172		0.431250
2173		-0.131250
2174		-1.237500
2175		-0.218750
2176		-0.531250
2177		-2.212500
2178		-2.537500
2179		-1.934375
2180		-2.921875
2181		-2.834375
2182		-1.431250
2183		-1.400000
2184		-1.756250
2185		0.059375
2186		0.534375
2187		0.415625
2188		1.125000
2189		1.981250
2190		1.418750
2191		1.656250
2192		2.112500
2193		1.006250
2194		-0.456250
2195		-0.250000
2196		-0.868750
2197		-2.390625
2198		-2.200000
2199		-1.284375
2200		-1.875000
2201		-1.990625
2202		-0.971875
2203		-1.003125
2204		-0.943750
2205		0.681250
2206		1.537500
2207		0.903125
2208		2.159375
2209		3.871875
2210		2.496875
2211		2.321875
2212		2.853125
2213		1.759375
2214		0.312500
2215		0.296875
2216		0.165625
2217		-1.075000
2218		-1.237500
2219		-0.721875
2220		-1.637500
2221		-1.756250
2222		-0.603125
2223		-0.206250
2224		-0.531250
2225		1.331250
2226		2.365625
2227		1.465625
2228		1.775000
2229		2.528125
2230		1.656250
2231		0.459375
2232		0.990625
2233		0.165625
2234		-1.284375
2235		-0.456250
2236		-0.043750
2237		-1.003125
2238		-0.618750
2239		0.356250
2240		0.431250
2241		0.356250
2242		1.846875
2243		2.203125
2244		1.168750
2245		2.112500
2246		2.821875
2247		1.537500
2248		1.006250
2249		1.834375
2250		1.153125
2251		-0.234375
2252		0.593750
2253		0.296875
2254		-0.884375
2255		-0.278125
2256		-0.131250
2257		-0.693750
2258		-1.062500
2259		0.237500
2260		0.118750
2261		-0.796875
2262		0.193750
2263		0.593750
2264		-0.618750
2265		-0.262500
2266		1.081250
2267		0.328125
2268		-0.559375
2269		0.490625
2270		0.534375
2271		-1.209375
2272		-0.971875
2273		-0.750000
2274		-2.006250
2275		-2.346875
2276		-0.721875
2277		-1.550000
2278		-2.628125
2279		-1.831250
2280		-1.312500
2281		-2.346875
2282		-2.375000
2283		-1.400000
2284		-2.450000
2285		-2.850000
2286		-1.534375
2287		-1.784375
2288		-3.234375
2289		-3.100000
2290		-2.596875
2291		-3.484375
2292		-3.706250
2293		-2.850000
2294		-3.115625
2295		-3.825000
2296		-2.759375
2297		-1.815625
2298		-2.612500
2299		-2.450000
2300		-0.987500
2301		-1.237500
2302		-2.259375
2303		-0.900000
2304		-0.662500
2305		-1.978125
2306		-1.356250
2307		-0.912500
2308		-1.712500
2309		-2.406250
2310		-1.237500
2311		-1.756250
2312		-2.909375
2313		-2.362500
2314		-1.668750
2315		-2.421875
2316		-2.390625
2317		-1.046875
2318		-1.431250
2319		-2.228125
2320		-1.653125
2321		-1.209375
2322		-2.421875
2323		-2.612500
2324		-1.875000
2325		-3.128125
2326		-3.675000
2327		-2.953125
2328		-3.262500
2329		-4.828125
2330		-4.531250
2331		-3.868750
2332		-4.665625
2333		-5.196875
2334		-4.150000
2335		-4.000000
2336		-4.784375
2337		-3.646875
2338		-2.096875
2339		-2.862500
2340		-3.071875
2341		-1.356250
2342		-1.978125
2343		-2.921875
2344		-2.212500
2345		-1.343750
2346		-2.184375
2347		-2.596875
2348		-1.903125
2349		-2.981250
2350		-4.487500
2351		-3.956250
2352		-3.365625
2353		-4.578125
2354		-4.637500
2355		-3.453125
2356		-3.940625
2357		-5.065625
2358		-4.043750
2359		-3.453125
2360		-4.162500
2361		-3.971875
2362		-2.390625
2363		-3.337500
2364		-4.443750
2365		-3.306250
2366		-2.878125
2367		-3.809375
2368		-3.868750
2369		-2.790625
2370		-3.825000
2371		-4.887500
2372		-3.603125
2373		-3.825000
2374		-5.168750
2375		-5.050000
2376		-3.868750
2377		-4.415625
2378		-4.562500
2379		-3.365625
2380		-3.084375
2381		-4.193750
2382		-3.115625
2383		-2.493750
2384		-3.750000
2385		-3.187500
2386		-1.903125
2387		-2.612500
2388		-3.159375
2389		-2.200000
2390		-2.346875
2391		-3.721875
2392		-2.937500
2393		-2.893750
2394		-4.518750
2395		-4.531250
2396		-3.484375
2397		-3.793750
2398		-4.518750
2399		-3.071875
2400		-3.350000
2401		-4.162500
2402		-2.937500
2403		-2.406250
2404		-3.559375
2405		-2.596875
2406		-1.356250
2407		-2.212500
2408		-2.153125
2409		-0.206250
2410		-1.165625
2411		-1.990625
2412		-0.959375
2413		-1.550000
2414		-3.012500
2415		-2.465625
2416		-2.346875
2417		-3.409375
2418		-2.303125
2419		-1.415625
2420		-2.953125
2421		-2.953125
2422		-2.006250
2423		-2.715625
2424		-3.350000
2425		-1.800000
2426		-2.465625
2427		-3.056250
2428		-1.356250
2429		-1.490625
2430		-2.937500
2431		-2.125000
2432		-1.725000
2433		-3.559375
2434		-3.187500
2435		-2.628125
2436		-3.778125
2437		-3.528125
2438		-2.065625
2439		-3.128125
2440		-3.750000
2441		-2.553125
2442		-3.646875
2443		-4.043750
2444		-2.687500
2445		-2.671875
2446		-3.778125
2447		-2.362500
2448		-2.168750
2449		-3.512500
2450		-2.687500
2451		-2.537500
2452		-4.075000
2453		-3.631250
2454		-2.937500
2455		-4.415625
2456		-4.606250
2457		-3.571875
2458		-4.637500
2459		-5.196875
2460		-3.750000
2461		-4.265625
2462		-5.287500
2463		-4.000000
2464		-4.312500
2465		-5.965625
2466		-4.725000
2467		-4.475000
2468		-5.300000
2469		-4.043750
2470		-3.571875
2471		-4.784375
2472		-4.518750
2473		-3.559375
2474		-4.975000
2475		-5.390625
2476		-4.368750
2477		-5.240625
2478		-5.078125
2479		-3.571875
2480		-4.193750
2481		-5.050000
2482		-3.778125
2483		-5.196875
2484		-5.450000
2485		-4.118750
2486		-4.075000
2487		-5.375000
2488		-3.940625
2489		-3.690625
2490		-5.050000
2491		-4.665625
2492		-3.734375
2493		-4.740625
2494		-4.812500
2495		-3.631250
2496		-4.384375
2497		-4.812500
2498		-3.278125
2499		-4.178125
2500		-4.800000
2501		-3.662500
2502		-3.971875
2503		-4.753125
2504		-3.706250
2505		-3.512500
2506		-4.812500
2507		-4.206250
2508		-3.425000
2509		-4.178125
2510		-3.453125
2511		-2.746875
2512		-3.571875
2513		-3.559375
2514		-2.465625
2515		-3.337500
2516		-4.015625
2517		-3.040625
2518		-3.512500
2519		-4.090625
2520		-2.965625
2521		-2.937500
2522		-4.150000
2523		-4.031250
2524		-3.500000
2525		-4.843750
2526		-5.050000
2527		-4.000000
2528		-4.903125
2529		-4.753125
2530		-3.706250
2531		-4.709375
2532		-5.050000
2533		-4.340625
2534		-5.240625
2535		-6.306250
2536		-5.493750
2537		-5.434375
2538		-6.734375
2539		-6.481250
2540		-6.659375
2541		-8.800000
2542		-7.915625
2543		-6.084375
2544		-5.196875
2545		-2.850000
2546		0.740625
2547		2.084375
2548		2.821875
2549		4.875000
2550		4.712500
2551		4.181250
2552		5.556250
2553		6.500000
2554		5.909375
2555		6.618750
2556		5.806250
2557		2.821875
2558		0.165625
2559		-2.153125
2560		-5.181250
2561		-6.290625
2562		-5.212500
2563		-5.078125
2564		-5.093750
2565		-2.953125
2566		-2.640625
2567		-3.084375
2568		-1.431250
2569		0.384375
2570		0.828125
2571		2.925000
2572		4.846875
2573		4.728125
2574		4.434375
2575		4.109375
2576		1.521875
2577		-1.062500
2578		-1.843750
2579		-3.500000
2580		-4.606250
2581		-3.868750
2582		-3.440625
2583		-3.825000
2584		-2.390625
2585		-0.396875
2586		-0.146875
2587		0.859375
2588		2.940625
2589		3.606250
2590		4.093750
2591		5.465625
2592		4.831250
2593		3.443750
2594		3.309375
2595		2.187500
2596		-0.087500
2597		0.209375
2598		0.400000
2599		-0.353125
2600		0.281250
2601		1.568750
2602		2.009375
2603		2.793750
2604		4.256250
2605		4.212500
2606		3.384375
2607		4.181250
2608		4.521875
2609		3.562500
2610		4.121875
2611		4.093750
2612		2.453125
2613		2.275000
2614		2.496875
2615		1.537500
2616		0.371875
2617		0.546875
2618		0.518750
2619		0.237500
2620		1.937500
2621		2.853125
2622		2.187500
2623		2.600000
2624		3.000000
2625		2.100000
2626		1.834375
2627		2.365625
2628		1.521875
2629		0.903125
2630		2.306250
2631		2.040625
2632		1.537500
2633		1.731250
2634		1.965625
2635		0.578125
2636		1.271875
2637		2.409375
2638		2.128125
2639		1.803125
2640		3.487500
2641		3.087500
2642		2.750000
2643		3.753125
2644		3.856250
2645		2.496875
2646		2.718750
2647		2.837500
2648		1.684375
2649		1.775000
2650		2.734375
2651		1.893750
2652		0.871875
2653		1.834375
2654		1.390625
2655		0.681250
2656		1.671875
2657		1.862500
2658		1.243750
2659		1.596875
2660		2.690625
2661		2.334375
2662		2.334375
2663		3.146875
2664		2.940625
2665		2.543750
2666		3.384375
2667		3.443750
2668		2.231250
2669		2.556250
2670		3.250000
2671		2.778125
2672		3.237500
2673		4.550000
2674		3.590625
2675		2.837500
2676		3.681250
2677		3.531250
2678		2.837500
2679		3.606250
2680		4.581250
2681		4.093750
2682		4.153125
2683		5.215625
2684		4.640625
2685		3.812500
2686		4.712500
2687		4.537500
2688		3.412500
2689		4.196875
2690		4.625000
2691		3.531250
2692		3.518750
2693		4.165625
2694		3.368750
2695		2.484375
2696		3.384375
2697		3.356250
2698		2.171875
2699		3.146875
2700		3.840625
2701		3.681250
2702		4.521875
2703		6.115625
2704		6.043750
2705		6.087500
2706		7.800000
2707		7.890625
2708		7.018750
2709		7.918750
2710		8.759375
2711		8.331250
2712		8.612500
2713		9.468750
2714		8.215625
2715		6.856250
2716		7.225000
2717		6.325000
2718		5.025000
2719		5.140625
2720		6.412500
2721		5.453125
2722		5.453125
2723		6.706250
2724		5.675000
2725		5.334375
2726		6.190625
2727		6.368750
2728		5.303125
2729		6.175000
2730		6.618750
2731		5.968750
2732		5.584375
2733		6.412500
2734		4.890625
2735		3.871875
2736		3.871875
2737		3.784375
2738		2.528125
2739		2.306250
2740		3.043750
2741		2.718750
2742		2.084375
2743		3.103125
2744		2.631250
2745		1.818750
2746		2.821875
2747		3.412500
2748		2.778125
2749		2.971875
2750		4.121875
2751		3.575000
2752		2.778125
2753		3.412500
2754		2.912500
2755		1.834375
2756		2.334375
2757		2.821875
2758		1.759375
2759		1.346875
2760		2.246875
2761		1.862500
2762		1.359375
2763		2.262500
2764		2.706250
2765		1.759375
2766		1.671875
2767		4.153125
2768		3.681250
2769		3.118750
2770		4.375000
2771		4.478125
2772		3.753125
2773		4.728125
2774		5.259375
2775		4.418750
2776		4.550000
2777		5.437500
2778		4.771875
2779		3.753125
2780		4.668750
2781		4.506250
2782		3.531250
2783		4.153125
2784		4.831250
2785		4.565625
2786		3.428125
2787		4.787500
2788		4.328125
2789		3.103125
2790		3.871875
2791		4.831250
2792		4.034375
2793		4.078125
2794		5.084375
2795		4.271875
2796		3.459375
2797		4.315625
2798		4.609375
2799		3.487500
2800		3.871875
2801		4.815625
2802		4.078125
2803		3.812500
2804		5.009375
2805		4.712500
2806		3.340625
2807		4.403125
2808		5.187500
2809		4.196875
2810		3.693750
2811		4.875000
2812		4.196875
2813		3.118750
2814		3.693750
2815		3.812500
2816		2.631250
2817		2.556250
2818		3.503125
2819		2.750000
2820		1.640625
2821		2.750000
2822		3.087500
2823		2.009375
2824		2.528125
2825		3.590625
2826		3.015625
2827		2.675000
2828		3.753125
2829		3.975000
2830		2.587500
2831		3.709375
2832		4.862500
2833		4.109375
2834		3.606250
2835		4.950000
2836		4.728125
2837		3.871875
2838		4.950000
2839		5.940625
2840		4.890625
2841		4.328125
2842		6.325000
2843		6.012500
2844		5.128125
2845		5.925000
2846		6.721875
2847		5.600000
2848		5.925000
2849		6.987500
2850		6.103125
2851		4.446875
2852		5.303125
2853		5.806250
2854		4.700000
2855		4.815625
2856		5.909375
2857		4.787500
2858		3.665625
2859		4.165625
2860		4.284375
2861		3.309375
2862		3.621875
2863		5.334375
2864		5.112500
2865		4.700000
2866		6.250000
2867		6.575000
2868		5.009375
2869		5.659375
2870		6.368750
2871		5.481250
2872		4.759375
2873		5.628125
2874		5.409375
2875		3.590625
2876		4.078125
2877		4.490625
2878		2.837500
2879		2.025000
2880		2.809375
2881		1.568750
2882		0.340625
2883		1.715625
2884		2.143750
2885		1.359375
2886		2.231250
2887		3.606250
2888		3.737500
2889		4.018750
2890		6.325000
2891		5.746875
2892		4.965625
2893		6.396875
2894		6.515625
2895		4.537500
2896		4.506250
2897		4.712500
2898		3.146875
2899		2.453125
2900		3.368750
2901		2.203125
2902		1.509375
2903		2.956250
2904		2.853125
2905		1.553125
2906		3.162500
2907		4.256250
2908		4.196875
2909		5.290625
2910		6.812500
2911		6.043750
2912		6.162500
2913		7.696875
2914		6.706250
2915		5.290625
2916		5.953125
2917		4.815625
2918		3.237500
2919		3.206250
2920		3.075000
2921		1.271875
2922		2.100000
2923		3.015625
2924		2.350000
2925		2.821875
2926		4.506250
2927		4.315625
2928		4.181250
2929		6.175000
2930		5.334375
2931		4.328125
2932		5.231250
2933		4.890625
2934		3.531250
2935		3.915625
2936		3.590625
2937		1.596875
2938		1.937500
2939		3.000000
2940		1.759375
2941		2.512500
2942		4.050000
2943		3.768750
2944		3.900000
2945		5.687500
2946		4.550000
2947		4.328125
2948		5.187500
2949		5.037500
2950		3.621875
2951		4.565625
2952		4.003125
2953		2.496875
2954		3.206250
2955		3.356250
2956		1.418750
2957		2.025000
2958		2.646875
2959		1.406250
2960		1.493750
2961		2.896875
2962		2.128125
2963		1.950000
2964		3.575000
2965		2.821875
2966		2.231250
2967		3.518750
2968		2.734375
2969		1.671875
2970		2.793750
2971		2.718750
2972		1.140625
2973		2.231250
2974		2.571875
2975		1.243750
2976		1.228125
2977		1.434375
2978		-0.293750
2979		0.178125
2980		1.168750
2981		0.237500
2982		0.106250
2983		1.568750
2984		0.990625
2985		0.134375
2986		1.243750
2987		0.371875
2988		-1.018750
2989		0.268750
2990		-0.056250
2991		-1.475000
2992		-0.678125
2993		-0.500000
2994		-1.668750
2995		-1.031250
2996		-0.662500
2997		-1.725000
2998		-1.756250
2999		-0.293750
3000		-0.737500
3001		-0.678125
3002		0.871875
3003		0.371875
3004		-0.190625
3005		1.006250
3006		0.696875
3007		-0.262500
3008		0.490625
3009		0.356250
3010		-1.356250
3011		-0.456250
3012		-0.250000
3013		-1.193750
3014		-0.971875
3015		-0.234375
3016		-0.840625
3017		-0.900000
3018		-0.056250
3019		-0.796875
3020		-1.253125
3021		0.031250
3022		-0.900000
3023		-1.312500
3024		-0.381250
3025		-0.396875
3026		-1.875000
3027		-1.400000
3028		-1.562500
3029		-3.159375
3030		-2.937500
3031		-2.640625
3032		-3.837500
3033		-4.059375
3034		-2.937500
3035		-3.381250
3036		-3.765625
3037		-2.493750
3038		-3.440625
3039		-3.896875
3040		-2.525000
3041		-2.228125
3042		-2.862500
3043		-1.696875
3044		-0.678125
3045		-1.946875
3046		-1.578125
3047		-1.253125
3048		-2.037500
3049		-2.568750
3050		-1.328125
3051		-2.640625
3052		-3.484375
3053		-2.715625
3054		-3.425000
3055		-4.415625
3056		-3.381250
3057		-3.453125
3058		-4.578125
3059		-4.000000
3060		-3.559375
3061		-4.650000
3062		-4.075000
3063		-3.306250
3064		-3.500000
3065		-3.631250
3066		-2.568750
3067		-3.278125
3068		-3.868750
3069		-3.143750
3070		-3.528125
3071		-4.459375
3072		-4.237500
3073		-4.178125
3074		-4.812500
3075		-4.237500
3076		-3.381250
3077		-4.443750
3078		-4.709375
3079		-4.443750
3080		-4.962500
3081		-5.065625
3082		-3.793750
3083		-3.750000
3084		-3.853125
3085		-2.434375
3086		-2.331250
3087		-3.425000
3088		-3.025000
3089		-2.790625
3090		-3.559375
3091		-3.337500
3092		-2.228125
3093		-2.996875
3094		-3.350000
3095		-2.434375
3096		-3.262500
3097		-4.503125
3098		-4.162500
3099		-4.665625
3100		-5.581250
3101		-4.487500
3102		-3.778125
3103		-4.162500
3104		-3.512500
3105		-2.612500
3106		-2.996875
3107		-3.203125
3108		-2.168750
3109		-2.331250
3110		-3.012500
3111		-1.962500
3112		-1.637500
3113		-2.893750
3114		-2.096875
3115		-1.621875
3116		-2.612500
3117		-2.818750
3118		-2.109375
3119		-3.396875
3120		-3.825000
3121		-3.084375
3122		-3.278125
3123		-4.443750
3124		-3.468750
3125		-3.187500
3126		-3.912500
3127		-3.337500
3128		-2.493750
3129		-3.396875
3130		-3.853125
3131		-2.553125
3132		-3.484375
3133		-3.881250
3134		-3.203125
3135		-3.234375
3136		-4.443750
3137		-3.603125
3138		-3.928125
3139		-4.887500
3140		-4.931250
3141		-4.090625
3142		-4.915625
3143		-5.256250
3144		-4.606250
3145		-4.903125
3146		-5.375000
3147		-4.503125
3148		-4.459375
3149		-5.478125
3150		-5.240625
3151		-4.118750
3152		-4.903125
3153		-5.315625
3154		-4.487500
3155		-5.553125
3156		-5.981250
3157		-5.462500
3158		-5.993750
3159		-7.146875
3160		-6.865625
3161		-6.259375
3162		-7.531250
3163		-7.131250
3164		-6.540625
3165		-6.956250
3166		-7.162500
3167		-6.156250
3168		-6.643750
3169		-7.281250
3170		-6.734375
3171		-6.306250
3172		-7.443750
3173		-6.881250
3174		-6.112500
3175		-6.746875
3176		-6.746875
3177		-6.156250
3178		-6.631250
3179		-7.559375
3180		-7.000000
3181		-6.600000
3182		-7.396875
3183		-6.881250
3184		-6.203125
3185		-6.365625
3186		-6.806250
3187		-5.640625
3188		-6.453125
3189		-7.059375
3190		-6.512500
3191		-6.528125
3192		-7.662500
3193		-6.925000
3194		-6.393750
3195		-6.690625
3196		-6.762500
3197		-5.846875
3198		-6.675000
3199		-7.443750
3200		-6.896875
3201		-6.600000
3202		-7.856250
3203		-7.471875
3204		-6.734375
3205		-7.162500
3206		-7.162500
3207		-5.965625
3208		-6.806250
3209		-7.412500
3210		-7.178125
3211		-6.659375
3212		-7.546875
3213		-7.059375
3214		-6.437500
3215		-6.956250
3216		-7.071875
3217		-5.493750
3218		-5.818750
3219		-6.909375
3220		-6.512500
3221		-6.171875
3222		-7.412500
3223		-6.909375
3224		-6.025000
3225		-7.000000
3226		-6.528125
3227		-5.831250
3228		-6.540625
3229		-7.618750
3230		-7.146875
3231		-7.325000
3232		-8.359375
3233		-8.046875
3234		-7.043750
3235		-7.709375
3236		-8.106250
3237		-7.515625
3238		-7.606250
3239		-8.771875
3240		-8.565625
3241		-8.815625
3242		-10.440625
3243		-10.912500
3244		-9.850000
3245		-9.731250
3246		-8.800000
3247		-5.315625
3248		-2.996875
3249		-2.153125
3250		0.237500
3251		1.612500
3252		1.493750
3253		1.581250
3254		3.281250
3255		3.309375
3256		3.103125
3257		4.550000
3258		3.562500
3259		0.828125
3260		-1.831250
3261		-4.340625
3262		-7.456250
3263		-9.865625
3264		-9.068750
3265		-9.081250
3266		-8.771875
3267		-6.528125
3268		-5.109375
3269		-5.078125
3270		-4.606250
3271		-2.834375
3272		-2.478125
3273		-2.109375
3274		0.431250
3275		1.271875
3276		0.653125
3277		0.578125
3278		-0.206250
3279		-3.084375
3280		-5.715625
3281		-6.334375
3282		-7.662500
3283		-8.534375
3284		-7.368750
3285		-6.009375
3286		-5.553125
3287		-4.475000
3288		-2.243750
3289		-2.212500
3290		-2.303125
3291		-0.678125
3292		0.221875
3293		0.431250
3294		0.903125
3295		1.346875
3296		0.165625
3297		-1.725000
3298		-1.593750
3299		-2.790625
3300		-4.621875
3301		-4.237500
3302		-3.115625
3303		-3.187500
3304		-2.640625
3305		-0.321875
3306		-0.515625
3307		-0.912500
3308		0.296875
3309		1.065625
3310		0.031250
3311		0.843750
3312		1.612500
3313		0.696875
3314		-1.046875
3315		-0.515625
3316		-1.018750
3317		-2.746875
3318		-2.390625
3319		-1.756250
3320		-2.790625
3321		-3.484375
3322		-1.609375
3323		-1.268750
3324		-1.946875
3325		-0.912500
3326		-0.190625
3327		-0.912500
3328		-1.165625
3329		-0.368750
3330		-1.165625
3331		-2.671875
3332		-2.168750
3333		-1.431250
3334		-2.315625
3335		-2.493750
3336		-1.653125
3337		-2.271875
3338		-3.071875
3339		-2.021875
3340		-1.268750
3341		-2.303125
3342		-1.875000
3343		-0.206250
3344		-0.646875
3345		-1.253125
3346		-0.012500
3347		0.178125
3348		-1.740625
3349		-1.681250
3350		-0.765625
3351		-1.800000
3352		-3.040625
3353		-1.918750
3354		-2.168750
3355		-3.721875
3356		-3.409375
3357		-2.109375
3358		-3.012500
3359		-3.290625
3360		-1.740625
3361		-1.815625
3362		-3.012500
3363		-2.021875
3364		-1.312500
3365		-2.096875
3366		-2.568750
3367		-0.809375
3368		-0.959375
3369		-1.696875
3370		-0.825000
3371		-0.425000
3372		-1.668750
3373		-1.843750
3374		-0.484375
3375		-0.750000
3376		-1.637500
3377		-0.250000
3378		0.090625
3379		-1.062500
3380		-0.587500
3381		0.415625
3382		-0.471875
3383		-0.912500
3384		0.859375
3385		0.503125
3386		-0.381250
3387		0.725000
3388		1.243750
3389		0.046875
3390		0.237500
3391		1.081250
3392		-0.175000
3393		-0.840625
3394		0.415625
3395		0.150000
3396		-1.371875
3397		-0.500000
3398		-0.262500
3399		-1.887500
3400		-1.150000
3401		-0.012500
3402		-0.781250
3403		-0.987500
3404		1.671875
3405		1.315625
3406		0.903125
3407		3.250000
3408		3.400000
3409		2.912500
3410		4.212500
3411		4.965625
3412		3.428125
3413		4.003125
3414		5.584375
3415		4.478125
3416		3.784375
3417		4.771875
3418		3.340625
3419		2.615625
3420		3.590625
3421		2.675000
3422		1.521875
3423		2.040625
3424		2.750000
3425		1.478125
3426		2.187500
3427		3.193750
3428		2.203125
3429		2.940625
3430		3.975000
3431		3.075000
3432		2.381250
3433		3.503125
3434		3.031250
3435		1.965625
3436		2.868750
3437		1.937500
3438		0.503125
3439		0.903125
3440		0.621875
3441		-0.825000
3442		-0.321875
3443		0.209375
3444		-1.090625
3445		-0.425000
3446		0.887500
3447		-0.396875
3448		-0.381250
3449		1.228125
3450		0.784375
3451		0.059375
3452		1.818750
3453		1.196875
3454		0.281250
3455		1.493750
3456		0.903125
3457		-1.046875
3458		0.046875
3459		0.118750
3460		-0.884375
3461		-0.396875
3462		0.328125
3463		-0.928125
3464		-1.018750
3465		0.134375
3466		-0.825000
3467		-0.693750
3468		0.931250
3469		0.681250
3470		0.709375
3471		2.496875
3472		2.112500
3473		1.125000
3474		2.350000
3475		2.528125
3476		1.521875
3477		2.646875
3478		3.193750
3479		1.893750
3480		2.971875
3481		3.531250
3482		1.937500
3483		1.700000
3484		2.750000
3485		1.878125
3486		1.640625
3487		3.368750
3488		2.334375
3489		1.803125
3490		3.206250
3491		2.203125
3492		1.390625
3493		2.528125
3494		2.971875
3495		1.846875
3496		2.809375
3497		3.118750
3498		2.025000
3499		2.600000
3500		3.134375
3501		2.409375
3502		2.587500
3503		3.459375
3504		2.868750
3505		2.778125
3506		3.975000
3507		3.221875
3508		2.750000
3509		4.003125
3510		3.621875
3511		3.043750
3512		4.050000
3513		3.487500
3514		2.453125
3515		3.193750
3516		3.103125
3517		2.009375
3518		2.275000
3519		2.971875
3520		1.878125
3521		2.159375
3522		3.118750
3523		2.262500
3524		1.493750
3525		2.600000
3526		1.981250
3527		1.568750
3528		2.793750
3529		3.087500
3530		2.334375
3531		3.368750
3532		3.650000
3533		2.571875
3534		2.881250
3535		3.812500
3536		2.925000
3537		3.412500
3538		4.256250
3539		4.181250
3540		4.093750
3541		5.303125
3542		4.653125
3543		3.900000
3544		4.521875
3545		5.128125
3546		4.815625
3547		5.790625
3548		6.043750
3549		4.934375
3550		5.421875
3551		6.337500
3552		5.378125
3553		4.993750
3554		5.659375
3555		4.625000
3556		4.462500
3557		5.187500
3558		4.921875
3559		3.975000
3560		4.446875
3561		4.181250
3562		3.118750
3563		4.078125
3564		4.328125
3565		3.518750
3566		4.109375
3567		5.259375
3568		5.156250
3569		5.259375
3570		6.753125
3571		6.396875
3572		5.378125
3573		6.103125
3574		5.096875
3575		3.975000
3576		4.625000
3577		4.271875
3578		3.575000
3579		3.915625
3580		4.165625
3581		2.453125
3582		1.715625
3583		1.981250
3584		0.740625
3585		0.118750
3586		1.671875
3587		2.112500
3588		1.671875
3589		3.118750
3590		4.050000
3591		3.753125
3592		4.728125
3593		6.043750
3594		5.362500
3595		5.437500
3596		6.753125
3597		5.806250
3598		4.862500
3599		5.037500
3600		3.606250
3601		2.056250
3602		2.496875
3603		2.571875
3604		1.406250
3605		1.818750
3606		2.571875
3607		2.084375
3608		2.321875
3609		4.418750
3610		4.609375
3611		4.934375
3612		6.737500
3613		6.928125
3614		6.000000
3615		7.046875
3616		6.618750
3617		5.362500
3618		4.921875
3619		5.200000
3620		3.959375
3621		3.296875
3622		3.796875
3623		2.587500
3624		1.950000
3625		2.321875
3626		2.600000
3627		1.981250
3628		3.737500
3629		4.537500
3630		4.668750
3631		5.275000
3632		6.368750
3633		5.200000
3634		4.771875
3635		5.215625
3636		4.375000
3637		3.428125
3638		3.665625
3639		3.043750
3640		2.009375
3641		2.821875
3642		3.265625
3643		2.718750
3644		3.075000
3645		4.640625
3646		4.506250
3647		4.640625
3648		6.103125
3649		5.512500
3650		4.846875
3651		5.303125
3652		5.421875
3653		4.062500
3654		4.078125
3655		4.375000
3656		3.840625
3657		3.412500
3658		3.887500
3659		3.134375
3660		2.128125
3661		2.718750
3662		3.103125
3663		2.246875
3664		2.821875
3665		3.443750
3666		2.690625
3667		2.821875
3668		3.931250
3669		3.384375
3670		2.437500
3671		3.400000
3672		3.459375
3673		2.496875
3674		2.778125
3675		3.221875
3676		1.981250
3677		1.700000
3678		2.262500
3679		1.287500
3680		0.490625
3681		1.390625
3682		0.931250
3683		0.134375
3684		0.725000
3685		1.153125
3686		0.340625
3687		0.459375
3688		1.581250
3689		0.800000
3690		0.490625
3691		1.390625
3692		0.931250
3693		-0.559375
3694		0.459375
3695		0.165625
3696		-0.928125
3697		-0.603125
3698		0.443750
3699		-0.278125
3700		-0.856250
3701		0.490625
3702		0.562500
3703		-0.087500
3704		1.568750
3705		1.878125
3706		1.493750
3707		1.759375
3708		2.793750
3709		2.112500
3710		1.715625
3711		2.350000
3712		1.656250
3713		0.621875
3714		1.346875
3715		1.803125
3716		0.562500
3717		0.562500
3718		1.493750
3719		0.946875
3720		0.653125
3721		1.581250
3722		1.537500
3723		0.653125
3724		1.271875
3725		1.568750
3726		0.400000
3727		0.281250
3728		1.184375
3729		0.178125
3730		-0.456250
3731		0.118750
3732		-0.425000
3733		-1.725000
3734		-1.518750
3735		-1.134375
3736		-2.346875
3737		-2.243750
3738		-0.884375
3739		-1.209375
3740		-1.653125
3741		-0.943750
3742		-0.543750
3743		-1.003125
3744		-0.353125
3745		0.546875
3746		0.046875
3747		-0.353125
3748		1.168750
3749		0.768750
3750		-0.146875
3751		0.312500
3752		0.490625
3753		-0.971875
3754		-0.943750
3755		0.015625
3756		-1.284375
3757		-1.918750
3758		-1.031250
3759		-1.209375
3760		-2.331250
3761		-1.784375
3762		-0.943750
3763		-1.534375
3764		-1.343750
3765		-0.309375
3766		-1.284375
3767		-1.653125
3768		-0.796875
3769		-0.603125
3770		-1.387500
3771		-0.928125
3772		0.046875
3773		-0.900000
3774		-1.534375
3775		-0.693750
3776		-1.387500
3777		-2.303125
3778		-1.578125
3779		-0.840625
3780		-1.815625
3781		-2.096875
3782		-0.662500
3783		-1.415625
3784		-1.771875
3785		-0.500000
3786		-0.471875
3787		-0.765625
3788		-0.337500
3789		1.153125
3790		0.253125
3791		-0.250000
3792		0.756250
3793		0.562500
3794		-0.575000
3795		0.253125
3796		0.903125
3797		-0.353125
3798		-0.634375
3799		0.059375
3800		-0.809375
3801		-1.875000
3802		-1.387500
3803		-0.987500
3804		-1.562500
3805		-1.165625
3806		-0.012500
3807		-0.321875
3808		-1.018750
3809		0.237500
3810		0.459375
3811		-0.146875
3812		0.384375
3813		1.568750
3814		1.406250
3815		1.050000
3816		2.128125
3817		1.671875
3818		0.046875
3819		0.118750
3820		0.725000
3821		-0.131250
3822		-0.440625
3823		0.534375
3824		0.400000
3825		-0.765625
3826		-0.603125
3827		-0.115625
3828		-1.209375
3829		-0.884375
3830		0.593750
3831		-0.159375
3832		-0.618750
3833		0.268750
3834		0.268750
3835		-0.721875
3836		-0.218750
3837		0.165625
3838		-0.796875
3839		-1.459375
3840		-0.412500
3841		-0.396875
3842		-1.887500
3843		-1.534375
3844		-0.396875
3845		-1.518750
3846		-2.259375
3847		-1.075000
3848		-1.134375
3849		-2.200000
3850		-1.621875
3851		-0.293750
3852		-0.856250
3853		-1.550000
3854		-0.531250
3855		-0.721875
3856		-2.021875
3857		-1.621875
3858		-0.678125
3859		-2.096875
3860		-2.850000
3861		-2.021875
3862		-2.612500
3863		-3.793750
3864		-2.981250
3865		-1.725000
3866		-3.143750
3867		-3.409375
3868		-2.362500
3869		-2.893750
3870		-4.162500
3871		-2.937500
3872		-2.243750
3873		-3.453125
3874		-3.187500
3875		-1.562500
3876		-2.153125
3877		-3.912500
3878		-2.937500
3879		-2.834375
3880		-4.356250
3881		-3.381250
3882		-2.315625
3883		-3.084375
3884		-3.365625
3885		-1.740625
3886		-2.493750
3887		-3.662500
3888		-3.468750
3889		-2.862500
3890		-3.793750
3891		-2.909375
3892		-2.021875
3893		-3.100000
3894		-3.468750
3895		-2.243750
3896		-3.100000
3897		-4.443750
3898		-3.040625
3899		-2.965625
3900		-4.312500
3901		-3.543750
3902		-2.775000
3903		-4.487500
3904		-4.356250
3905		-2.850000
3906		-3.690625
3907		-4.134375
3908		-2.715625
3909		-3.631250
3910		-4.103125
3911		-2.921875
3912		-2.700000
3913		-4.459375
3914		-3.425000
3915		-2.465625
3916		-3.662500
3917		-3.543750
3918		-2.465625
3919		-3.453125
3920		-3.559375
3921		-2.568750
3922		-3.115625
3923		-4.000000
3924		-2.640625
3925		-2.893750
3926		-4.043750
3927		-3.203125
3928		-3.571875
3929		-4.753125
3930		-4.193750
3931		-3.646875
3932		-5.181250
3933		-5.109375
3934		-3.940625
3935		-4.784375
3936		-5.403125
3937		-4.118750
3938		-5.418750
3939		-6.068750
3940		-4.578125
3941		-5.006250
3942		-6.393750
3943		-6.171875
3944		-6.806250
3945		-9.053125
3946		-7.709375
3947		-6.156250
3948		-5.700000
3949		-2.450000
3950		0.709375
3951		1.478125
3952		2.971875
3953		4.521875
3954		4.109375
3955		3.887500
3956		6.218750
3957		6.412500
3958		5.909375
3959		7.106250
3960		5.465625
3961		2.290625
3962		0.400000
3963		-2.671875
3964		-6.512500
3965		-6.853125
3966		-6.009375
3967		-6.528125
3968		-5.006250
3969		-3.278125
3970		-3.940625
3971		-2.834375
3972		-1.003125
3973		-0.868750
3974		-0.100000
3975		2.821875
3976		3.575000
3977		3.459375
3978		4.403125
3979		2.425000
3980		-0.559375
3981		-1.356250
3982		-3.159375
3983		-5.581250
3984		-5.228125
3985		-4.415625
3986		-5.181250
3987		-3.440625
3988		-2.168750
3989		-2.168750
3990		-1.209375
3991		0.800000
3992		0.606250
3993		1.093750
3994		3.193750
3995		3.118750
3996		2.381250
3997		2.868750
3998		1.050000
3999		-1.387500
4000		-1.075000
4001		-2.021875
4002		-3.440625
4003		-2.184375
4004		-1.593750
4005		-2.081250
4006		-0.559375
4007		1.168750
4008		0.490625
4009		0.962500
4010		1.893750
4011		1.125000
4012		1.050000
4013		2.350000
4014		1.893750
4015		0.637500
4016		1.168750
4017		0.193750
4018		-1.771875
4019		-1.415625
4020		-2.065625
4021		-3.246875
4022		-2.537500
4023		-1.875000
4024		-2.006250
4025		-1.046875
4026		0.193750
4027		-0.056250
4028		-0.368750
4029		0.003125
4030		-1.062500
4031		-1.875000
4032		-1.003125
4033		-1.637500
4034		-2.153125
4035		-1.356250
4036		-1.459375
4037		-2.478125
4038		-2.168750
4039		-1.934375
4040		-2.965625
4041		-2.375000
4042		-0.971875
4043		-1.328125
4044		-1.181250
4045		0.118750
4046		-0.234375
4047		-0.646875
4048		0.400000
4049		-0.321875
4050		-1.593750
4051		-1.268750
4052		-1.328125
4053		-2.953125
4054		-2.493750
4055		-2.081250
4056		-2.862500
4057		-2.909375
4058		-2.200000
4059		-3.187500
4060		-3.278125
4061		-2.125000
4062		-2.537500
4063		-2.893750
4064		-1.681250
4065		-1.387500
4066		-2.553125
4067		-1.475000
4068		-1.106250
4069		-2.021875
4070		-1.621875
4071		-0.884375
4072		-1.209375
4073		-1.653125
4074		-0.337500
4075		-1.343750
4076		-1.506250
4077		-0.293750
4078		-0.500000
4079		-1.490625
4080		-0.678125
4081		-0.381250
4082		-1.090625
4083		-0.515625
4084		0.546875
4085		-0.218750
4086		-0.028125
4087		1.243750
4088		0.281250
4089		-0.175000
4090		0.637500
4091		0.281250
4092		-0.634375
4093		-0.028125
4094		0.356250
4095		-1.090625
4096		-0.515625
4097		-0.206250
4098		-1.018750
4099		-1.181250
4100		-0.206250
4101		-1.075000
4102		-1.475000
4103		-0.396875
4104		-0.337500
4105		-0.721875
4106		0.768750
4107		1.418750
4108		1.375000
4109		2.425000
4110		3.134375
4111		2.896875
4112		3.103125
4113		4.446875
4114		4.137500
4115		3.693750
4116		4.862500
4117		4.537500
4118		3.693750
4119		3.606250
4120		3.118750
4121		1.465625
4122		1.493750
4123		1.965625
4124		1.450000
4125		1.406250
4126		2.690625
4127		2.040625
4128		1.612500
4129		2.556250
4130		1.965625
4131		1.034375
4132		2.056250
4133		2.571875
4134		1.743750
4135		1.981250
4136		2.496875
4137		1.568750
4138		0.681250
4139		1.418750
4140		0.090625
4141		-0.912500
4142		-0.634375
4143		-0.912500
4144		-1.934375
4145		-1.506250
4146		-1.165625
4147		-1.800000
4148		-1.859375
4149		-0.587500
4150		-1.459375
4151		-1.831250
4152		-0.856250
4153		-0.912500
4154		-1.578125
4155		-0.531250
4156		-0.234375
4157		-1.356250
4158		-1.134375
4159		-0.721875
4160		-1.550000
4161		-2.596875
4162		-1.550000
4163		-2.168750
4164		-2.746875
4165		-1.918750
4166		-0.987500
4167		-2.671875
4168		-1.578125
4169		-0.678125
4170		-1.312500
4171		-1.237500
4172		0.090625
4173		-0.115625
4174		-0.425000
4175		0.725000
4176		1.006250
4177		0.356250
4178		1.093750
4179		1.743750
4180		0.756250
4181		0.756250
4182		1.996875
4183		1.478125
4184		0.562500
4185		1.418750
4186		1.315625
4187		0.178125
4188		1.125000
4189		1.406250
4190		0.415625
4191		0.281250
4192		1.375000
4193		0.253125
4194		0.281250
4195		1.346875
4196		1.315625
4197		0.221875
4198		1.287500
4199		2.040625
4200		0.768750
4201		0.887500
4202		1.656250
4203		1.006250
4204		0.165625
4205		1.509375
4206		1.271875
4207		0.400000
4208		1.418750
4209		2.306250
4210		1.465625
4211		1.196875
4212		2.056250
4213		0.946875
4214		0.887500
4215		1.700000
4216		1.390625
4217		0.503125
4218		0.843750
4219		1.715625
4220		0.221875
4221		-0.056250
4222		0.962500
4223		0.296875
4224		-0.543750
4225		0.518750
4226		0.725000
4227		-0.262500
4228		0.209375
4229		1.406250
4230		0.312500
4231		0.268750
4232		1.628125
4233		1.081250
4234		0.828125
4235		1.743750
4236		2.187500
4237		1.021875
4238		1.418750
4239		2.425000
4240		1.937500
4241		1.862500
4242		3.193750
4243		2.793750
4244		2.040625
4245		2.762500
4246		3.428125
4247		2.484375
4248		3.118750
4249		4.506250
4250		3.828125
4251		3.250000
4252		4.003125
4253		3.931250
4254		2.778125
4255		3.075000
4256		3.546875
4257		2.437500
4258		2.171875
4259		3.634375
4260		2.925000
4261		1.346875
4262		1.965625
4263		1.715625
4264		0.503125
4265		1.021875
4266		2.275000
4267		1.684375
4268		1.743750
4269		3.412500
4270		3.487500
4271		2.793750
4272		3.412500
4273		3.812500
4274		2.484375
4275		2.556250
4276		3.531250
4277		2.600000
4278		1.196875
4279		1.862500
4280		1.950000
4281		0.031250
4282		0.046875
4283		0.118750
4284		-1.121875
4285		-2.081250
4286		-0.765625
4287		-1.343750
4288		-2.287500
4289		-0.900000
4290		-0.043750
4291		-0.353125
4292		0.090625
4293		1.950000
4294		2.159375
4295		1.937500
4296		3.575000
4297		3.296875
4298		2.334375
4299		2.543750
4300		2.956250
4301		1.315625
4302		0.059375
4303		0.534375
4304		-0.278125
4305		-1.712500
4306		-0.646875
4307		-0.115625
4308		-0.840625
4309		-0.559375
4310		1.375000
4311		1.271875
4312		0.978125
4313		2.409375
4314		3.443750
4315		3.178125
4316		3.737500
4317		4.771875
4318		3.900000
4319		2.940625
4320		3.503125
4321		2.290625
4322		0.562500
4323		-0.028125
4324		0.459375
4325		-0.309375
4326		-1.075000
4327		0.237500
4328		0.296875
4329		-0.531250
4330		0.871875
4331		2.084375
4332		1.759375
4333		1.715625
4334		3.193750
4335		2.762500
4336		1.640625
4337		2.262500
4338		2.496875
4339		0.740625
4340		0.134375
4341		0.784375
4342		-0.515625
4343		-1.815625
4344		-0.618750
4345		0.534375
4346		-0.131250
4347		0.459375
4348		2.068750
4349		1.937500
4350		1.331250
4351		2.262500
4352		2.587500
4353		1.521875
4354		1.271875
4355		2.275000
4356		1.006250
4357		-0.100000
4358		0.800000
4359		0.681250
4360		-0.809375
4361		-0.693750
4362		0.134375
4363		-0.943750
4364		-2.006250
4365		-0.693750
4366		-0.250000
4367		-0.987500
4368		-0.575000
4369		0.815625
4370		0.075000
4371		-0.396875
4372		0.237500
4373		-0.012500
4374		-1.534375
4375		-0.765625
4376		0.209375
4377		-0.575000
4378		-1.031250
4379		-0.012500
4380		-1.193750
4381		-2.553125
4382		-2.153125
4383		-2.153125
4384		-3.631250
4385		-2.746875
4386		-1.490625
4387		-2.200000
4388		-2.790625
4389		-1.312500
4390		-2.021875
4391		-3.128125
4392		-2.303125
4393		-2.125000
4394		-3.778125
4395		-3.115625
4396		-2.006250
4397		-3.084375
4398		-3.500000
4399		-2.153125
4400		-3.159375
4401		-3.690625
4402		-2.834375
4403		-2.862500
4404		-3.603125
4405		-2.390625
4406		-1.459375
4407		-2.375000
4408		-1.784375
4409		-0.603125
4410		-1.046875
4411		-1.268750
4412		0.046875
4413		-1.031250
4414		-2.584375
4415		-1.459375
4416		-1.609375
4417		-2.509375
4418		-1.593750
4419		-1.090625
4420		-2.421875
4421		-1.653125
4422		-1.193750
4423		-2.125000
4424		-2.671875
4425		-1.253125
4426		-1.756250
4427		-2.584375
4428		-0.634375
4429		-1.668750
4430		-2.715625
4431		-1.506250
4432		-2.037500
4433		-3.868750
4434		-3.603125
4435		-3.631250
4436		-5.181250
4437		-4.368750
4438		-3.321875
4439		-4.590625
4440		-4.193750
4441		-2.525000
4442		-3.778125
4443		-4.150000
4444		-2.640625
4445		-2.671875
4446		-3.040625
4447		-1.237500
4448		-1.459375
4449		-2.612500
4450		-1.459375
4451		-1.268750
4452		-2.834375
4453		-1.918750
4454		-1.681250
4455		-3.365625
4456		-3.175000
4457		-2.243750
4458		-3.778125
4459		-4.237500
4460		-2.818750
4461		-3.425000
4462		-3.881250
4463		-2.759375
4464		-3.675000
4465		-4.590625
4466		-3.321875
4467		-3.128125
4468		-3.809375
4469		-2.834375
4470		-2.628125
4471		-3.853125
4472		-2.640625
4473		-2.346875
4474		-3.453125
4475		-3.646875
4476		-3.056250
4477		-4.118750
4478		-3.837500
4479		-2.346875
4480		-3.350000
4481		-3.940625
4482		-2.893750
4483		-4.031250
4484		-4.975000
4485		-3.453125
4486		-3.571875
4487		-3.912500
4488		-2.200000
4489		-1.653125
4490		-2.509375
4491		-1.668750
4492		-1.046875
4493		-2.878125
4494		-2.153125
4495		-1.062500
4496		-1.831250
4497		-1.534375
4498		-0.293750
4499		-1.268750
4500		-2.140625
4501		-1.134375
4502		-2.375000
4503		-3.381250
4504		-2.096875
4505		-2.421875
4506		-3.306250
4507		-2.006250
4508		-1.490625
4509		-2.390625
4510		-1.237500
4511		-0.575000
4512		-1.121875
4513		-0.531250
4514		0.281250
4515		-0.368750
4516		-0.218750
4517		1.050000
4518		0.384375
4519		-0.131250
4520		0.725000
4521		-0.250000
4522		-1.296875
4523		-0.765625
4524		-0.796875
4525		-2.021875
4526		-1.209375
4527		-0.959375
4528		-1.946875
4529		-1.237500
4530		-0.425000
4531		-1.209375
4532		-0.971875
4533		0.415625
4534		-0.884375
4535		-1.237500
4536		0.046875
4537		-0.531250
4538		-1.225000
4539		-0.175000
4540		-0.765625
4541		-1.800000
4542		-1.075000
4543		-0.868750
4544		-2.390625
4545		-2.140625
4546		-1.459375
4547		-2.303125
4548		-2.303125
4549		-1.018750
4550		-2.050000
4551		-2.243750
4552		-1.046875
4553		-1.371875
4554		-2.037500
4555		-1.090625
4556		-1.121875
4557		-2.168750
4558		-1.415625
4559		-1.343750
4560		-2.243750
4561		-2.125000
4562		-1.578125
4563		-2.303125
4564		-3.187500
4565		-2.125000
4566		-3.234375
4567		-3.631250
4568		-2.746875
4569		-2.893750
4570		-4.000000
4571		-2.909375
4572		-2.759375
4573		-3.409375
4574		-3.175000
4575		-2.568750
4576		-3.409375
4577		-3.262500
4578		-2.450000
4579		-2.746875
4580		-3.409375
4581		-2.612500
4582		-3.040625
4583		-3.706250
4584		-3.306250
4585		-2.790625
4586		-4.118750
4587		-3.262500
4588		-2.746875
4589		-2.937500
4590		-2.909375
4591		-2.200000
4592		-2.893750
4593		-3.084375
4594		-2.465625
4595		-2.850000
4596		-3.603125
4597		-2.921875
4598		-2.700000
4599		-3.987500
4600		-3.128125
4601		-2.731250
4602		-3.559375
4603		-3.409375
4604		-2.450000
4605		-3.381250
4606		-3.868750
4607		-2.803125
4608		-3.056250
4609		-3.543750
4610		-3.115625
4611		-2.759375
4612		-3.706250
4613		-3.056250
4614		-2.553125
4615		-3.425000
4616		-3.425000
4617		-2.525000
4618		-3.025000
4619		-3.396875
4620		-2.184375
4621		-2.406250
4622		-3.246875
4623		-2.390625
4624		-2.493750
4625		-3.468750
4626		-3.365625
4627		-2.450000
4628		-3.128125
4629		-2.937500
4630		-2.153125
4631		-3.056250
4632		-3.940625
4633		-3.234375
4634		-3.528125
4635		-4.768750
4636		-4.178125
4637		-3.662500
4638		-4.681250
4639		-4.090625
4640		-3.040625
4641		-4.015625
4642		-4.562500
4643		-3.528125
4644		-4.384375
4645		-5.331250
4646		-5.565625
4647		-6.112500
4648		-7.265625
4649		-5.656250
4650		-3.306250
4651		-1.800000
4652		0.756250
4653		3.900000
4654		4.771875
4655		4.831250
4656		6.175000
4657		6.028125
4658		5.675000
4659		7.121875
4660		8.568750
4661		7.859375
4662		7.593750
4663		6.812500
4664		3.118750
4665		-0.765625
4666		-2.568750
4667		-4.975000
4668		-6.156250
4669		-4.531250
4670		-3.175000
4671		-2.862500
4672		-1.637500
4673		-0.353125
4674		-0.146875
4675		-0.087500
4676		2.112500
4677		2.778125
4678		3.368750
4679		5.215625
4680		5.703125
4681		3.946875
4682		2.512500
4683		0.871875
4684		-1.578125
4685		-3.750000
4686		-3.203125
4687		-3.631250
4688		-3.559375
4689		-1.725000
4690		-0.381250
4691		-0.618750
4692		0.740625
4693		2.040625
4694		2.306250
4695		2.868750
4696		5.025000
4697		4.787500
4698		4.328125
4699		4.537500
4700		3.871875
4701		1.271875
4702		0.606250
4703		0.725000
4704		-0.368750
4705		-0.543750
4706		0.918750
4707		0.800000
4708		0.784375
4709		2.425000
4710		3.356250
4711		2.734375
4712		3.015625
4713		4.240625
4714		3.753125
4715		3.812500
4716		4.993750
4717		3.812500
4718		1.996875
4719		1.906250
4720		1.834375
4721		0.443750
4722		0.340625
4723		0.637500
4724		-0.250000
4725		-0.381250
4726		1.006250
4727		1.537500
4728		1.006250
4729		2.056250
4730		2.334375
4731		1.390625
4732		1.521875
4733		1.906250
4734		0.740625
4735		0.296875
4736		0.681250
4737		0.637500
4738		-0.262500
4739		0.384375
4740		0.503125
4741		-0.531250
4742		-0.559375
4743		0.562500
4744		0.178125
4745		0.165625
4746		1.287500
4747		1.906250
4748		1.006250
4749		1.893750
4750		2.556250
4751		1.700000
4752		1.081250
4753		1.640625
4754		0.518750
4755		-0.337500
4756		0.253125
4757		0.253125
4758		-1.165625
4759		-1.018750
4760		0.106250
4761		-0.293750
4762		-0.500000
4763		0.578125
4764		0.237500
4765		-0.337500
4766		0.475000
4767		1.303125
4768		0.046875
4769		0.193750
4770		1.406250
4771		1.315625
4772		1.006250
4773		2.084375
4774		1.921875
4775		0.637500
4776		0.828125
4777		1.906250
4778		1.196875
4779		1.021875
4780		2.275000
4781		2.631250
4782		1.862500
4783		2.381250
4784		2.821875
4785		2.040625
4786		2.056250
4787		3.265625
4788		2.793750
4789		2.615625
4790		3.590625
4791		4.153125
4792		2.631250
4793		2.793750
4794		3.606250
4795		2.675000
4796		2.159375
4797		3.162500
4798		2.675000
4799		1.271875
4800		2.056250
4801		2.556250
4802		1.671875
4803		1.568750
4804		2.734375
4805		2.365625
4806		1.759375
4807		2.896875
4808		3.709375
4809		2.868750
4810		3.975000
4811		5.746875
4812		5.675000
4813		5.643750
4814		7.090625
4815		7.328125
4816		5.865625
4817		6.706250
4818		7.518750
4819		6.575000
4820		6.175000
4821		6.812500
4822		6.162500
4823		4.478125
4824		4.846875
4825		4.565625
4826		3.871875
4827		3.900000
4828		5.068750
4829		4.434375
4830		3.709375
4831		5.053125
4832		5.687500
4833		4.700000
4834		4.787500
4835		6.234375
4836		5.378125
4837		3.931250
4838		5.009375
4839		4.921875
4840		3.368750
4841		3.709375
4842		4.418750
4843		2.718750
4844		1.568750
4845		2.381250
4846		2.334375
4847		0.725000
4848		1.418750
4849		2.496875
4850		1.568750
4851		1.537500
4852		2.809375
4853		2.600000
4854		1.375000
4855		2.409375
4856		3.296875
4857		2.528125
4858		2.275000
4859		3.162500
4860		2.496875
4861		0.784375
4862		1.715625
4863		2.425000
4864		1.493750
4865		0.978125
4866		2.468750
4867		1.568750
4868		0.490625
4869		0.918750
4870		1.965625
4871		1.346875
4872		2.187500
4873		3.931250
4874		3.384375
4875		2.646875
4876		3.665625
4877		4.121875
4878		2.778125
4879		3.443750
4880		5.156250
4881		4.462500
4882		4.256250
4883		5.600000
4884		4.743750
4885		3.459375
4886		4.078125
4887		4.803125
4888		3.118750
4889		3.590625
4890		4.862500
4891		4.003125
4892		3.709375
4893		4.862500
4894		3.990625
4895		2.734375
4896		3.828125
4897		4.121875
4898		2.659375
4899		3.709375
4900		4.684375
4901		3.503125
4902		3.812500
4903		4.890625
4904		4.034375
4905		3.193750
4906		4.712500
4907		4.271875
4908		3.146875
4909		4.478125
4910		4.521875
4911		3.118750
4912		4.446875
4913		5.096875
4914		4.121875
4915		3.900000
4916		5.200000
4917		4.196875
4918		3.340625
4919		4.121875
4920		3.400000
4921		2.068750
4922		3.368750
4923		3.368750
4924		2.306250
4925		2.793750
4926		2.971875
4927		1.996875
4928		2.084375
4929		3.000000
4930		2.231250
4931		2.128125
4932		3.900000
4933		3.221875
4934		3.015625
4935		3.975000
4936		3.621875
4937		2.587500
4938		3.487500
4939		3.856250
4940		2.706250
4941		3.812500
4942		4.787500
4943		3.812500
4944		4.328125
4945		5.084375
4946		4.181250
4947		3.856250
4948		5.259375
4949		4.993750
4950		4.640625
4951		6.293750
4952		5.778125
4953		5.053125
4954		6.250000
4955		5.731250
4956		4.700000
4957		5.215625
4958		5.009375
4959		3.531250
4960		3.990625
4961		4.684375
4962		3.412500
4963		3.796875
4964		4.625000
4965		3.296875
4966		2.868750
4967		4.196875
4968		3.487500
4969		2.853125
4970		4.490625
4971		4.300000
4972		3.828125
4973		6.293750
4974		5.821875
4975		4.743750
4976		5.290625
4977		4.965625
4978		3.043750
4979		3.784375
4980		3.784375
4981		2.393750
4982		2.734375
4983		3.650000
4984		1.862500
4985		1.109375
4986		1.612500
4987		-0.100000
4988		-0.900000
4989		0.296875
4990		-0.262500
4991		-0.309375
4992		1.612500
4993		1.878125
4994		1.303125
4995		2.925000
4996		3.487500
4997		2.868750
4998		3.828125
4999		4.403125
5000		3.162500
5001		3.237500
5002		3.265625
5003		1.715625
5004		1.081250
5005		1.596875
5006		0.150000
5007		-0.250000
5008		0.606250
5009		0.003125
5010		-0.618750
5011		0.459375
5012		0.593750
5013		1.006250
5014		2.600000
5015		3.518750
5016		3.103125
5017		4.181250
5018		4.565625
5019		3.562500
5020		3.487500
5021		3.871875
5022		2.425000
5023		1.671875
5024		2.571875
5025		1.256250
5026		0.031250
5027		0.637500
5028		-0.234375
5029		-1.490625
5030		-0.500000
5031		0.253125
5032		-0.175000
5033		1.375000
5034		2.821875
5035		2.128125
5036		2.231250
5037		2.940625
5038		1.906250
5039		1.125000
5040		2.171875
5041		1.034375
5042		-0.115625
5043		0.193750
5044		0.003125
5045		-1.106250
5046		-0.087500
5047		-0.028125
5048		-0.587500
5049		0.356250
5050		1.509375
5051		1.093750
5052		1.493750
5053		2.334375
5054		1.743750
5055		1.228125
5056		2.143750
5057		1.093750
5058		0.209375
5059		0.431250
5060		0.165625
5061		-1.090625
5062		-0.765625
5063		-0.721875
5064		-1.815625
5065		-1.459375
5066		-0.796875
5067		-1.237500
5068		-1.312500
5069		-0.456250
5070		-0.987500
5071		-1.312500
5072		-0.471875
5073		-0.868750
5074		-1.446875
5075		-0.575000
5076		-0.353125
5077		-1.725000
5078		-1.090625
5079		-0.912500
5080		-2.140625
5081		-2.243750
5082		-1.668750
5083		-2.850000
5084		-3.040625
5085		-1.946875
5086		-2.715625
5087		-3.500000
5088		-2.596875
5089		-2.996875
5090		-3.928125
5091		-3.040625
5092		-2.834375
5093		-3.615625
5094		-2.909375
5095		-2.640625
5096		-3.290625
5097		-3.825000
5098		-3.115625
5099		-3.896875
5100		-4.475000
5101		-3.646875
5102		-4.150000
5103		-5.109375
5104		-4.075000
5105		-3.512500
5106		-4.193750
5107		-3.203125
5108		-2.303125
5109		-2.981250
5110		-2.687500
5111		-1.653125
5112		-2.287500
5113		-2.715625
5114		-1.934375
5115		-2.050000
5116		-3.500000
5117		-2.746875
5118		-2.315625
5119		-3.187500
5120		-3.012500
5121		-2.671875
5122		-3.246875
5123		-3.675000
5124		-2.096875
5125		-2.656250
5126		-3.365625
5127		-2.596875
5128		-2.612500
5129		-3.825000
5130		-3.528125
5131		-3.056250
5132		-4.090625
5133		-4.384375
5134		-3.381250
5135		-4.150000
5136		-4.903125
5137		-4.531250
5138		-5.403125
5139		-6.290625
5140		-5.890625
5141		-5.375000
5142		-6.112500
5143		-5.450000
5144		-4.621875
5145		-4.962500
5146		-5.196875
5147		-3.928125
5148		-4.296875
5149		-4.459375
5150		-3.559375
5151		-3.453125
5152		-4.428125
5153		-3.971875
5154		-3.793750
5155		-4.253125
5156		-4.740625
5157		-4.000000
5158		-4.812500
5159		-5.668750
5160		-4.915625
5161		-5.418750
5162		-6.584375
5163		-5.890625
5164		-5.715625
5165		-6.187500
5166		-5.993750
5167		-4.903125
5168		-5.521875
5169		-5.846875
5170		-4.665625
5171		-5.271875
5172		-6.068750
5173		-5.478125
5174		-5.078125
5175		-5.934375
5176		-5.228125
5177		-4.590625
5178		-5.375000
5179		-5.787500
5180		-5.018750
5181		-5.493750
5182		-6.156250
5183		-5.668750
5184		-5.862500
5185		-6.556250
5186		-5.846875
5187		-5.050000
5188		-5.612500
5189		-5.375000
5190		-4.340625
5191		-4.400000
5192		-4.590625
5193		-3.778125
5194		-3.853125
5195		-4.753125
5196		-4.118750
5197		-3.484375
5198		-3.868750
5199		-3.868750
5200		-3.056250
5201		-3.809375
5202		-4.681250
5203		-4.384375
5204		-4.931250
5205		-6.084375
5206		-5.478125
5207		-4.812500
5208		-5.300000
5209		-4.828125
5210		-3.675000
5211		-4.090625
5212		-4.459375
5213		-3.559375
5214		-3.603125
5215		-4.221875
5216		-3.187500
5217		-1.934375
5218		-2.390625
5219		-2.421875
5220		-1.415625
5221		-2.271875
5222		-3.603125
5223		-3.381250
5224		-3.543750
5225		-4.518750
5226		-3.662500
5227		-2.834375
5228		-3.512500
5229		-3.956250
5230		-3.159375
5231		-3.896875
5232		-4.856250
5233		-3.290625
5234		-3.128125
5235		-3.971875
5236		-2.965625
5237		-2.362500
5238		-3.012500
5239		-3.721875
5240		-2.953125
5241		-3.396875
5242		-4.237500
5243		-3.734375
5244		-3.262500
5245		-4.150000
5246		-4.400000
5247		-3.453125
5248		-4.443750
5249		-5.181250
5250		-4.162500
5251		-4.237500
5252		-4.962500
5253		-4.459375
5254		-3.928125
5255		-4.475000
5256		-4.368750
5257		-3.143750
5258		-3.793750
5259		-4.856250
5260		-3.646875
5261		-3.793750
5262		-4.931250
5263		-5.287500
5264		-4.621875
5265		-5.612500
5266		-6.437500
5267		-4.975000
5268		-5.300000
5269		-6.306250
5270		-5.553125
5271		-5.462500
5272		-6.453125
5273		-6.453125
5274		-5.493750
5275		-6.156250
5276		-6.703125
5277		-5.375000
5278		-5.240625
5279		-6.409375
5280		-6.112500
5281		-5.521875
5282		-6.393750
5283		-6.778125
5284		-5.771875
5285		-6.306250
5286		-6.853125
5287		-6.053125
5288		-5.565625
5289		-6.675000
5290		-7.146875
5291		-5.878125
5292		-6.187500
5293		-6.793750
5294		-5.581250
5295		-6.040625
5296		-7.178125
5297		-6.556250
5298		-5.450000
5299		-6.215625
5300		-6.896875
5301		-5.787500
5302		-6.040625
5303		-7.471875
5304		-6.393750
5305		-5.862500
5306		-6.806250
5307		-6.896875
5308		-5.553125
5309		-6.421875
5310		-7.368750
5311		-6.378125
5312		-5.715625
5313		-6.909375
5314		-6.718750
5315		-5.743750
5316		-6.540625
5317		-7.071875
5318		-5.434375
5319		-5.403125
5320		-6.393750
5321		-6.187500
5322		-5.006250
5323		-5.831250
5324		-6.481250
5325		-5.553125
5326		-5.743750
5327		-6.659375
5328		-5.965625
5329		-5.078125
5330		-6.040625
5331		-6.675000
5332		-5.771875
5333		-6.584375
5334		-7.634375
5335		-6.865625
5336		-6.437500
5337		-7.368750
5338		-7.559375
5339		-6.306250
5340		-7.368750
5341		-8.446875
5342		-7.753125
5343		-7.071875
5344		-8.225000
5345		-8.034375
5346		-7.368750
5347		-8.728125
5348		-10.690625
5349		-10.131250
5350		-9.775000
5351		-9.953125
5352		-7.487500
5353		-3.409375
5354		-1.653125
5355		-0.840625
5356		1.243750
5357		1.759375
5358		0.946875
5359		1.846875
5360		4.003125
5361		4.121875
5362		4.181250
5363		5.421875
5364		3.812500
5365		-0.309375
5366		-3.115625
5367		-5.050000
5368		-7.987500
5369		-9.421875
5370		-7.900000
5371		-7.265625
5372		-7.662500
5373		-6.084375
5374		-4.903125
5375		-5.181250
5376		-4.665625
5377		-2.125000
5378		-1.106250
5379		-0.471875
5380		1.759375
5381		2.409375
5382		0.384375
5383		-0.500000
5384		-1.296875
5385		-4.237500
5386		-6.821875
5387		-6.203125
5388		-7.131250
5389		-8.003125
5390		-6.437500
5391		-5.137500
5392		-5.612500
5393		-4.043750
5394		-1.756250
5395		-2.050000
5396		-1.756250
5397		1.184375
5398		1.256250
5399		0.546875
5400		1.790625
5401		0.887500
5402		-1.609375
5403		-1.712500
5404		-1.859375
5405		-3.928125
5406		-4.206250
5407		-2.834375
5408		-3.084375
5409		-2.893750
5410		-0.515625
5411		-0.218750
5412		-0.912500
5413		0.709375
5414		0.340625
5415		-0.721875
5416		-0.250000
5417		1.065625
5418		-0.381250
5419		-0.353125
5420		0.253125
5421		-1.712500
5422		-2.715625
5423		-1.784375
5424		-2.965625
5425		-4.118750
5426		-2.759375
5427		-2.893750
5428		-2.715625
5429		-0.693750
5430		-0.515625
5431		-1.978125
5432		-0.868750
5433		-0.868750
5434		-2.450000
5435		-2.081250
5436		-1.653125
5437		-2.731250
5438		-2.687500
5439		-1.387500
5440		-2.081250
5441		-3.278125
5442		-1.887500
5443		-2.834375
5444		-3.512500
5445		-1.875000
5446		-1.771875
5447		-2.525000
5448		-1.253125
5449		-0.678125
5450		-1.343750
5451		-0.337500
5452		0.193750
5453		-1.090625
5454		-1.150000
5455		-0.603125
5456		-1.712500
5457		-2.731250
5458		-1.253125
5459		-2.228125
5460		-3.115625
5461		-2.037500
5462		-2.509375
5463		-3.468750
5464		-2.153125
5465		-1.962500
5466		-3.306250
5467		-1.962500
5468		-1.121875
5469		-2.096875
5470		-1.356250
5471		-0.425000
5472		-1.518750
5473		-1.225000
5474		0.150000
5475		-0.646875
5476		-1.090625
5477		-0.012500
5478		-0.900000
5479		-0.928125
5480		0.621875
5481		0.578125
5482		-0.587500
5483		0.384375
5484		0.431250
5485		-0.587500
5486		0.756250
5487		1.168750
5488		0.384375
5489		1.465625
5490		2.381250
5491		1.243750
5492		1.612500
5493		2.306250
5494		1.581250
5495		1.553125
5496		2.615625
5497		1.743750
5498		1.303125
5499		2.306250
5500		1.465625
5501		0.653125
5502		1.434375
5503		1.243750
5504		0.237500
5505		1.375000
5506		1.568750
5507		0.415625
5508		1.846875
5509		2.646875
5510		2.646875
5511		3.368750
5512		4.700000
5513		4.506250
5514		4.965625
5515		6.737500
5516		5.909375
5517		5.453125
5518		7.106250
5519		6.856250
5520		6.368750
5521		7.106250
5522		6.706250
5523		5.037500
5524		5.009375
5525		4.815625
5526		3.828125
5527		3.812500
5528		4.831250
5529		4.271875
5530		4.300000
5531		5.303125
5532		4.700000
5533		4.109375
5534		4.978125
5535		4.803125
5536		4.418750
5537		5.037500
5538		5.112500
5539		4.153125
5540		4.640625
5541		4.565625
5542		3.075000
5543		2.925000
5544		3.296875
5545		1.965625
5546		1.862500
5547		2.778125
5548		1.628125
5549		1.184375
5550		2.159375
5551		1.921875
5552		1.271875
5553		2.275000
5554		2.275000
5555		1.612500
5556		2.528125
5557		2.971875
5558		2.437500
5559		2.940625
5560		3.709375
5561		2.646875
5562		2.203125
5563		3.237500
5564		2.084375
5565		1.081250
5566		2.112500
5567		1.862500
5568		0.800000
5569		1.521875
5570		2.025000
5571		1.303125
5572		1.656250
5573		2.821875
5574		1.981250
5575		2.646875
5576		4.078125
5577		3.681250
5578		3.281250
5579		4.815625
5580		4.862500
5581		4.271875
5582		4.934375
5583		5.156250
5584		3.900000
5585		4.890625
5586		5.437500
5587		4.565625
5588		4.328125
5589		5.409375
5590		4.478125
5591		4.034375
5592		5.140625
5593		4.581250
5594		3.753125
5595		4.743750
5596		4.771875
5597		3.606250
5598		3.990625
5599		4.921875
5600		4.225000
5601		4.284375
5602		5.334375
5603		4.550000
5604		4.109375
5605		5.156250
5606		4.668750
5607		4.003125
5608		4.403125
5609		5.096875
5610		4.078125
5611		4.906250
5612		5.643750
5613		5.068750
5614		4.625000
5615		5.746875
5616		4.934375
5617		4.403125
5618		5.275000
5619		5.009375
5620		3.975000
5621		4.743750
5622		4.596875
5623		3.531250
5624		3.709375
5625		3.840625
5626		3.356250
5627		3.206250
5628		4.300000
5629		3.384375
5630		3.146875
5631		3.975000
5632		3.975000
5633		2.881250
5634		3.887500
5635		4.300000
5636		3.946875
5637		4.225000
5638		5.215625
5639		4.640625
5640		4.537500
5641		5.318750
5642		4.815625
5643		4.446875
5644		5.290625
5645		5.821875
5646		5.096875
5647		6.028125
5648		6.737500
5649		5.731250
5650		6.043750
5651		7.518750
5652		7.078125
5653		6.928125
5654		7.681250
5655		7.165625
5656		6.325000
5657		7.046875
5658		7.300000
5659		5.778125
5660		6.115625
5661		6.650000
5662		6.028125
5663		5.984375
5664		6.603125
5665		5.703125
5666		4.462500
5667		4.862500
5668		5.053125
5669		4.181250
5670		4.862500
5671		5.790625
5672		5.600000
5673		5.925000
5674		7.090625
5675		6.456250
5676		5.731250
5677		6.396875
5678		6.071875
5679		4.787500
5680		5.290625
5681		5.984375
5682		4.550000
5683		4.328125
5684		4.965625
5685		3.443750
5686		2.543750
5687		2.971875
5688		2.453125
5689		0.709375
5690		1.450000
5691		2.009375
5692		1.743750
5693		1.937500
5694		3.518750
5695		3.043750
5696		3.562500
5697		4.950000
5698		5.421875
5699		5.156250
5700		6.293750
5701		6.840625
5702		5.437500
5703		4.862500
5704		5.378125
5705		3.562500
5706		2.453125
5707		2.600000
5708		2.425000
5709		1.450000
5710		2.128125
5711		2.646875
5712		2.040625
5713		2.484375
5714		4.328125
5715		3.915625
5716		3.990625
5717		5.525000
5718		6.206250
5719		5.393750
5720		6.146875
5721		6.975000
5722		6.293750
5723		5.584375
5724		6.131250
5725		4.625000
5726		2.837500
5727		3.146875
5728		2.793750
5729		1.196875
5730		1.521875
5731		2.409375
5732		2.009375
5733		2.128125
5734		3.531250
5735		3.900000
5736		3.296875
5737		4.537500
5738		5.187500
5739		4.271875
5740		4.581250
5741		5.303125
5742		4.181250
5743		3.134375
5744		3.650000
5745		2.600000
5746		1.153125
5747		1.893750
5748		2.453125
5749		1.862500
5750		2.306250
5751		4.181250
5752		3.812500
5753		3.681250
5754		4.803125
5755		4.831250
5756		3.265625
5757		3.887500
5758		4.521875
5759		3.634375
5760		1.287500
5761		3.812500
5762		3.103125
5763		2.381250
5764		2.793750
5765		2.821875
5766		1.006250
5767		1.450000
5768		2.381250
5769		1.790625
5770		1.521875
5771		2.734375
5772		2.940625
5773		2.159375
5774		3.087500
5775		3.296875
5776		1.981250
5777		2.056250
5778		3.250000
5779		2.275000
5780		1.628125
5781		2.543750
5782		2.646875
5783		0.903125
5784		1.168750
5785		1.671875
5786		0.340625
5787		-0.278125
5788		0.931250
5789		0.578125
5790		-0.206250
5791		0.665625
5792		1.065625
5793		0.312500
5794		0.134375
5795		0.871875
5796		-0.293750
5797		-1.062500
5798		-0.321875
5799		0.059375
5800		-1.578125
5801		-1.165625
5802		-0.425000
5803		-0.884375
5804		-1.621875
5805		-0.603125
5806		-0.765625
5807		-1.771875
5808		-0.840625
5809		0.443750
5810		-0.278125
5811		-0.115625
5812		0.828125
5813		0.990625
5814		-0.012500
5815		0.978125
5816		0.903125
5817		-0.278125
5818		-0.618750
5819		0.312500
5820		-0.337500
5821		-1.090625
5822		0.059375
5823		0.653125
5824		-0.500000
5825		-0.321875
5826		0.459375
5827		-0.412500
5828		-1.031250
5829		-0.262500
5830		0.046875
5831		-1.181250
5832		-0.456250
5833		0.384375
5834		-0.721875
5835		-1.562500
5836		-0.737500
5837		-1.668750
5838		-2.893750
5839		-2.700000
5840		-1.784375
5841		-2.909375
5842		-2.862500
5843		-1.446875
5844		-1.859375
5845		-2.965625
5846		-2.109375
5847		-1.134375
5848		-1.843750
5849		-1.490625
5850		0.371875
5851		-0.218750
5852		-0.900000
5853		-0.250000
5854		0.384375
5855		-0.440625
5856		-1.003125
5857		0.031250
5858		-0.721875
5859		-1.887500
5860		-1.193750
5861		-1.343750
5862		-2.390625
5863		-2.525000
5864		-0.781250
5865		-1.518750
5866		-2.628125
5867		-2.243750
5868		-1.578125
5869		-2.981250
5870		-2.406250
5871		-1.415625
5872		-1.562500
5873		-2.050000
5874		-0.396875
5875		-0.603125
5876		-1.903125
5877		-1.756250
5878		-1.165625
5879		-2.140625
5880		-2.671875
5881		-1.090625
5882		-1.578125
5883		-2.200000
5884		-1.312500
5885		-1.431250
5886		-2.965625
5887		-2.862500
5888		-1.609375
5889		-2.271875
5890		-2.287500
5891		-0.396875
5892		-0.646875
5893		-1.150000
5894		0.015625
5895		0.165625
5896		-1.609375
5897		-1.237500
5898		-0.159375
5899		-0.943750
5900		-0.721875
5901		0.606250
5902		-0.765625
5903		-1.831250
5904		-0.825000
5905		-1.637500
5906		-2.803125
5907		-2.315625
5908		-2.168750
5909		-2.862500
5910		-2.081250
5911		-1.121875
5912		-1.534375
5913		-1.609375
5914		-0.056250
5915		-0.531250
5916		-0.750000
5917		0.415625
5918		0.312500
5919		-0.500000
5920		0.725000
5921		0.534375
5922		-0.575000
5923		0.090625
5924		0.503125
5925		-1.106250
5926		-0.840625
5927		-0.175000
5928		-1.387500
5929		-1.756250
5930		-0.425000
5931		-1.343750
5932		-2.715625
5933		-0.543750
5934		-1.121875
5935		-1.946875
5936		-0.368750
5937		-0.693750
5938		-2.021875
5939		-1.003125
5940		-0.587500
5941		-2.021875
5942		-1.550000
5943		-0.278125
5944		-1.962500
5945		-1.990625
5946		-0.868750
5947		-2.153125
5948		-2.746875
5949		-1.637500
5950		-1.978125
5951		-3.056250
5952		-2.125000
5953		-2.109375
5954		-2.981250
5955		-1.653125
5956		-1.490625
5957		-2.525000
5958		-1.681250
5959		-1.284375
5960		-2.628125
5961		-2.315625
5962		-1.534375
5963		-2.568750
5964		-3.056250
5965		-1.815625
5966		-3.084375
5967		-3.631250
5968		-2.700000
5969		-3.453125
5970		-4.265625
5971		-3.187500
5972		-3.425000
5973		-4.606250
5974		-3.409375
5975		-2.981250
5976		-4.415625
5977		-3.409375
5978		-3.306250
5979		-4.590625
5980		-3.825000
5981		-2.953125
5982		-3.896875
5983		-3.765625
5984		-2.746875
5985		-3.662500
5986		-4.531250
5987		-3.084375
5988		-4.150000
5989		-4.693750
5990		-3.587500
5991		-3.750000
5992		-5.006250
5993		-3.646875
5994		-3.409375
5995		-4.740625
5996		-3.809375
5997		-3.853125
5998		-5.359375
5999		-4.681250
6000		-4.178125
6001		-5.125000
6002		-5.050000
6003		-3.881250
6004		-5.109375
6005		-5.006250
6006		-3.825000
6007		-4.709375
6008		-5.640625
6009		-4.725000
6010		-5.006250
6011		-6.009375
6012		-5.078125
6013		-5.093750
6014		-5.803125
6015		-5.153125
6016		-4.356250
6017		-5.375000
6018		-5.300000
6019		-4.415625
6020		-5.315625
6021		-5.287500
6022		-4.415625
6023		-4.903125
6024		-5.271875
6025		-4.487500
6026		-4.725000
6027		-5.537500
6028		-5.034375
6029		-5.418750
6030		-6.365625
6031		-5.521875
6032		-4.962500
6033		-6.259375
6034		-5.934375
6035		-5.343750
6036		-6.703125
6037		-6.778125
6038		-6.096875
6039		-7.043750
6040		-7.634375
6041		-6.512500
6042		-6.956250
6043		-7.781250
6044		-7.028125
6045		-7.118750
6046		-8.653125
6047		-7.781250
6048		-8.150000
6049		-10.293750
6050		-10.396875
6051		-9.568750
6052		-9.021875
6053		-7.575000
6054		-4.237500
6055		-2.509375
6056		-0.943750
6057		1.509375
6058		1.818750
6059		1.315625
6060		2.275000
6061		2.912500
6062		2.528125
6063		3.693750
6064		4.121875
6065		2.112500
6066		0.578125
6067		-1.284375
6068		-5.181250
6069		-7.721875
6070		-8.106250
6071		-8.787500
6072		-8.962500
6073		-7.353125
6074		-6.453125
6075		-6.896875
6076		-5.553125
6077		-4.340625
6078		-3.971875
6079		-2.700000
6080		-0.796875
6081		0.209375
6082		0.665625
6083		1.818750
6084		-0.100000
6085		-2.168750
6086		-3.337500
6087		-5.715625
6088		-7.753125
6089		-8.209375
6090		-7.840625
6091		-8.106250
6092		-6.675000
6093		-5.006250
6094		-4.459375
6095		-3.587500
6096		-1.534375
6097		-1.150000
6098		-0.721875
6099		1.050000
6100		0.978125
6101		0.384375
6102		0.503125
6103		-0.381250
6104		-2.759375
6105		-3.425000
6106		-3.646875
6107		-4.693750
6108		-4.621875
6109		-3.396875
6110		-3.218750
6111		-2.687500
6112		-0.765625
6113		-0.425000
6114		-1.090625
6115		-0.131250
6116		-0.087500
6117		-0.796875
6118		-0.056250
6119		0.356250
6120		-0.781250
6121		-1.771875
6122		-1.459375
6123		-2.537500
6124		-3.350000
6125		-2.656250
6126		-3.084375
6127		-4.134375
6128		-3.187500
6129		-2.096875
6130		-2.612500
6131		-2.021875
6132		-1.312500
6133		-1.725000
6134		-1.887500
6135		-1.018750
6136		-2.303125
6137		-3.453125
6138		-2.937500
6139		-2.981250
6140		-4.206250
6141		-3.246875
6142		-2.715625
6143		-4.103125
6144		-4.090625
6145		-3.306250
6146		-3.675000
6147		-3.928125
6148		-2.687500
6149		-2.465625
6150		-3.365625
6151		-2.065625
6152		-1.459375
6153		-2.168750
6154		-1.903125
6155		-1.637500
6156		-2.731250
6157		-3.321875
6158		-2.803125
6159		-3.262500
6160		-4.562500
6161		-3.868750
6162		-4.206250
6163		-5.343750
6164		-4.812500
6165		-3.928125
6166		-4.090625
6167		-3.853125
6168		-2.331250
6169		-2.937500
6170		-3.721875
6171		-2.537500
6172		-2.818750
6173		-3.631250
6174		-2.568750
6175		-1.562500
6176		-2.406250
6177		-2.081250
6178		-1.506250
6179		-2.375000
6180		-3.128125
6181		-1.756250
6182		-1.681250
6183		-2.168750
6184		-1.415625
6185		-0.900000
6186		-1.653125
6187		-1.506250
6188		-0.100000
6189		-0.559375
6190		-1.121875
6191		0.165625
6192		0.090625
6193		-0.543750
6194		0.312500
6195		0.606250
6196		-0.543750
6197		-0.206250
6198		0.503125
6199		-0.234375
6200		-1.237500
6201		-0.206250
6202		-1.046875
6203		-1.903125
6204		-1.165625
6205		-0.765625
6206		-1.784375
6207		-1.328125
6208		-0.484375
6209		-0.575000
6210		-0.634375
6211		0.828125
6212		1.153125
6213		0.931250
6214		2.571875
6215		3.503125
6216		2.868750
6217		3.487500
6218		5.053125
6219		4.240625
6220		3.784375
6221		4.743750
6222		4.375000
6223		2.971875
6224		3.650000
6225		3.681250
6226		2.306250
6227		2.084375
6228		2.925000
6229		2.143750
6230		1.521875
6231		2.321875
6232		2.040625
6233		1.346875
6234		2.365625
6235		2.837500
6236		2.675000
6237		2.334375
6238		3.590625
6239		2.675000
6240		1.743750
6241		2.350000
6242		2.112500
6243		0.946875
6244		1.081250
6245		1.612500
6246		0.696875
6247		-0.456250
6248		0.606250
6249		-0.131250
6250		-1.343750
6251		-0.587500
6252		-0.250000
6253		-0.943750
6254		-0.368750
6255		0.621875
6256		-0.100000
6257		-0.500000
6258		1.271875
6259		0.990625
6260		-0.012500
6261		0.431250
6262		0.534375
6263		-0.484375
6264		-0.825000
6265		-0.131250
6266		-0.515625
6267		-1.506250
6268		-0.500000
6269		-0.500000
6270		-1.712500
6271		-1.725000
6272		-0.912500
6273		-1.312500
6274		-1.312500
6275		0.312500
6276		0.384375
6277		-0.175000
6278		0.800000
6279		1.671875
6280		0.756250
6281		0.637500
6282		1.996875
6283		1.331250
6284		0.978125
6285		2.128125
6286		2.381250
6287		1.006250
6288		1.450000
6289		2.350000
6290		1.271875
6291		0.150000
6292		1.521875
6293		1.256250
6294		0.490625
6295		1.168750
6296		1.759375
6297		0.665625
6298		0.606250
6299		1.893750
6300		1.303125
6301		0.459375
6302		1.450000
6303		1.359375
6304		0.400000
6305		0.871875
6306		1.965625
6307		0.828125
6308		0.784375
6309		1.743750
6310		1.596875
6311		0.621875
6312		1.537500
6313		2.040625
6314		1.315625
6315		0.871875
6316		2.365625
6317		1.921875
6318		1.081250
6319		2.275000
6320		2.528125
6321		1.628125
6322		0.546875
6323		1.331250
6324		0.562500
6325		-0.353125
6326		0.637500
6327		1.212500
6328		-0.131250
6329		0.312500
6330		1.081250
6331		0.281250
6332		-0.603125
6333		0.518750
6334		0.784375
6335		-0.293750
6336		0.756250
6337		1.790625
6338		1.153125
6339		0.725000
6340		1.893750
6341		1.731250
6342		0.312500
6343		1.140625
6344		2.128125
6345		1.656250
6346		1.759375
6347		3.206250
6348		2.543750
6349		1.406250
6350		2.468750
6351		3.296875
6352		2.675000
6353		2.496875
6354		4.181250
6355		3.681250
6356		2.321875
6357		3.075000
6358		3.931250
6359		2.837500
6360		2.556250
6361		3.606250
6362		2.306250
6363		1.375000
6364		1.965625
6365		2.437500
6366		0.903125
6367		0.946875
6368		2.171875
6369		1.553125
6370		0.665625
6371		2.128125
6372		1.493750
6373		0.756250
6374		1.981250
6375		3.503125
6376		3.103125
6377		2.425000
6378		3.709375
6379		3.118750
6380		1.568750
6381		1.921875
6382		1.906250
6383		0.490625
6384		0.193750
6385		1.862500
6386		0.653125
6387		-0.559375
6388		-0.190625
6389		-0.900000
6390		-2.568750
6391		-2.096875
6392		-1.578125
6393		-2.478125
6394		-1.681250
6395		0.003125
6396		-0.100000
6397		-0.278125
6398		1.893750
6399		2.218750
6400		2.159375
6401		3.075000
6402		3.340625
6403		1.656250
6404		1.684375
6405		2.187500
6406		0.281250
6407		-0.087500
6408		0.340625
6409		-0.721875
6410		-1.534375
6411		-0.131250
6412		-0.868750
6413		-2.243750
6414		-0.900000
6415		-0.234375
6416		-0.765625
6417		1.196875
6418		2.468750
6419		2.409375
6420		2.925000
6421		4.565625
6422		3.459375
6423		2.631250
6424		3.709375
6425		2.718750
6426		1.406250
6427		1.818750
6428		1.390625
6429		-0.765625
6430		-0.100000
6431		-0.396875
6432		-2.168750
6433		-1.784375
6434		-0.250000
6435		-0.396875
6436		0.696875
6437		2.571875
6438		2.143750
6439		1.981250
6440		3.384375
6441		2.706250
6442		1.759375
6443		2.453125
6444		1.628125
6445		-0.100000
6446		0.756250
6447		0.562500
6448		-1.106250
6449		-0.353125
6450		0.843750
6451		0.031250
6452		0.784375
6453		2.159375
6454		1.465625
6455		1.921875
6456		3.368750
6457		2.600000
6458		1.906250
6459		3.281250
6460		2.409375
6461		1.065625
6462		2.425000
6463		1.671875
6464		0.118750
6465		0.859375
6466		0.871875
6467		-0.603125
6468		0.384375
6469		0.918750
6470		-0.206250
6471		0.725000
6472		1.834375
6473		0.621875
6474		0.356250
6475		1.700000
6476		0.918750
6477		0.534375
6478		2.203125
6479		1.521875
6480		0.415625
6481		1.906250
6482		1.509375
6483		-0.603125
6484		0.165625
6485		-0.012500
6486		-1.371875
6487		-0.456250
6488		0.237500
6489		-0.840625
6490		-0.781250
6491		0.281250
6492		-0.912500
6493		-0.943750
6494		-0.278125
6495		-0.706250
6496		-1.121875
6497		0.046875
6498		-0.309375
6499		-1.284375
6500		-0.559375
6501		-0.868750
6502		-2.021875
6503		-1.371875
6504		-1.284375
6505		-2.184375
6506		-1.387500
6507		-0.959375
6508		-1.593750
6509		-1.018750
6510		0.237500
6511		-0.309375
6512		-0.293750
6513		1.006250
6514		0.118750
6515		-0.218750
6516		1.050000
6517		0.340625
6518		-0.425000
6519		0.150000
6520		0.328125
6521		-0.809375
6522		0.106250
6523		0.106250
6524		-1.106250
6525		-0.693750
6526		-0.056250
6527		-0.809375
6528		-0.868750
6529		0.709375
6530		-0.159375
6531		-0.515625
6532		0.490625
6533		-0.381250
6534		-1.506250
6535		-0.884375
6536		-1.193750
6537		-2.271875
6538		-1.815625
6539		-1.609375
6540		-3.143750
6541		-2.553125
6542		-2.168750
6543		-2.909375
6544		-3.025000
6545		-1.784375
6546		-2.037500
6547		-2.450000
6548		-0.987500
6549		-0.750000
6550		-1.134375
6551		-0.190625
6552		0.059375
6553		-0.971875
6554		-0.131250
6555		0.415625
6556		-0.912500
6557		-0.693750
6558		0.046875
6559		-0.737500
6560		-1.134375
6561		-0.100000
6562		-1.237500
6563		-1.875000
6564		-1.268750
6565		-1.681250
6566		-2.612500
6567		-1.815625
6568		-1.784375
6569		-2.612500
6570		-1.562500
6571		-0.809375
6572		-1.593750
6573		-1.209375
6574		-0.500000
6575		-1.193750
6576		-1.725000
6577		-0.543750
6578		-0.840625
6579		-1.593750
6580		-0.900000
6581		-0.856250
6582		-2.006250
6583		-1.193750
6584		-1.018750
6585		-2.096875
6586		-2.287500
6587		-1.237500
6588		-1.934375
6589		-1.550000
6590		-0.440625
6591		-0.825000
6592		-0.868750
6593		0.312500
6594		0.431250
6595		-0.678125
6596		0.237500
6597		0.503125
6598		-0.115625
6599		0.193750
6600		1.050000
6601		0.578125
6602		-0.028125
6603		0.725000
6604		-0.440625
6605		-1.371875
6606		-0.825000
6607		-0.884375
6608		-2.212500
6609		-0.959375
6610		-0.781250
6611		-1.431250
6612		-0.618750
6613		0.503125
6614		0.150000
6615		-0.321875
6616		0.887500
6617		0.431250
6618		0.268750
6619		1.581250
6620		1.521875
6621		0.815625
6622		1.790625
6623		1.965625
6624		0.562500
6625		0.003125
6626		0.768750
6627		-0.293750
6628		-0.368750
6629		0.578125
6630		0.178125
6631		-0.825000
6632		-0.028125
6633		0.003125
6634		-1.121875
6635		-0.737500
6636		0.253125
6637		-0.321875
6638		-0.100000
6639		1.140625
6640		0.696875
6641		-0.146875
6642		0.578125
6643		0.400000
6644		-0.912500
6645		-0.100000
6646		0.165625
6647		-0.900000
6648		-0.750000
6649		0.059375
6650		-0.543750
6651		-1.165625
6652		-0.159375
6653		-0.381250
6654		-0.971875
6655		-0.234375
6656		0.178125
6657		-0.856250
6658		-0.321875
6659		0.518750
6660		0.059375
6661		-0.412500
6662		0.681250
6663		0.237500
6664		-0.543750
6665		-0.337500
6666		-1.046875
6667		-2.465625
6668		-2.050000
6669		-1.609375
6670		-2.096875
6671		-1.934375
6672		-0.796875
6673		-1.506250
6674		-2.096875
6675		-1.550000
6676		-2.109375
6677		-2.937500
6678		-2.081250
6679		-1.400000
6680		-1.815625
6681		-1.387500
6682		-0.678125
6683		-1.253125
6684		-2.140625
6685		-1.562500
6686		-2.037500
6687		-3.218750
6688		-2.346875
6689		-1.875000
6690		-2.346875
6691		-2.168750
6692		-1.415625
6693		-1.934375
6694		-2.303125
6695		-1.534375
6696		-1.490625
6697		-2.406250
6698		-1.475000
6699		-1.534375
6700		-2.406250
6701		-2.315625
6702		-1.621875
6703		-1.918750
6704		-2.537500
6705		-1.637500
6706		-1.903125
6707		-2.862500
6708		-2.168750
6709		-2.081250
6710		-2.775000
6711		-2.893750
6712		-2.037500
6713		-2.434375
6714		-2.628125
6715		-1.712500
6716		-2.228125
6717		-3.321875
6718		-2.553125
6719		-2.081250
6720		-2.228125
6721		-2.081250
6722		-1.193750
6723		-1.681250
6724		-1.962500
6725		-1.284375
6726		-1.990625
6727		-3.234375
6728		-2.537500
6729		-2.406250
6730		-2.834375
6731		-2.671875
6732		-1.771875
6733		-2.612500
6734		-3.262500
6735		-2.687500
6736		-3.306250
6737		-4.590625
6738		-4.237500
6739		-3.512500
6740		-4.459375
6741		-4.740625
6742		-3.971875
6743		-4.725000
6744		-5.493750
6745		-4.784375
6746		-5.018750
6747		-6.334375
6748		-5.906250
6749		-5.934375
6750		-7.412500
6751		-8.268750
6752		-6.600000
6753		-5.521875
6754		-4.150000
6755		-0.868750
6756		1.790625
6757		2.112500
6758		3.384375
6759		5.128125
6760		4.375000
6761		4.521875
6762		5.453125
6763		5.790625
6764		5.156250
6765		5.275000
6766		4.668750
6767		1.684375
6768		-0.912500
6769		-2.390625
6770		-4.753125
6771		-6.171875
6772		-5.862500
6773		-4.931250
6774		-5.478125
6775		-4.531250
6776		-3.128125
6777		-3.187500
6778		-2.746875
6779		-0.765625
6780		0.637500
6781		1.168750
6782		2.912500
6783		4.403125
6784		3.237500
6785		2.409375
6786		1.315625
6787		-1.356250
6788		-3.868750
6789		-4.487500
6790		-4.709375
6791		-5.521875
6792		-5.109375
6793		-2.700000
6794		-2.081250
6795		-1.209375
6796		0.828125
6797		1.553125
6798		1.196875
6799		2.706250
6800		4.050000
6801		3.812500
6802		2.971875
6803		3.237500
6804		2.143750
6805		-0.500000
6806		-0.646875
6807		-0.662500
6808		-2.050000
6809		-2.228125
6810		-0.309375
6811		-0.043750
6812		0.268750
6813		2.231250
6814		2.984375
6815		2.246875
6816		2.365625
6817		3.340625
6818		2.159375
6819		1.862500
6820		2.837500
6821		2.437500
6822		0.593750
6823		0.621875
6824		1.315625
6825		0.296875
6826		-0.396875
6827		0.209375
6828		-0.484375
6829		-0.959375
6830		0.653125
6831		2.100000
6832		1.759375
6833		1.153125
6834		2.437500
6835		1.581250
6836		-0.028125
6837		0.562500
6838		0.578125
6839		-0.500000
6840		-0.175000
6841		1.153125
6842		0.312500
6843		-1.003125
6844		-0.471875
6845		-0.206250
6846		-1.134375
6847		-0.500000
6848		1.184375
6849		1.081250
6850		0.546875
6851		1.862500
6852		2.409375
6853		1.196875
6854		1.684375
6855		2.971875
6856		1.731250
6857		0.165625
6858		0.696875
6859		0.475000
6860		-0.868750
6861		-0.662500
6862		0.431250
6863		-0.765625
6864		-1.459375
6865		0.046875
6866		0.281250
6867		-1.165625
6868		-0.309375
6869		1.065625
6870		-0.087500
6871		-0.159375
6872		1.612500
6873		0.946875
6874		0.134375
6875		1.243750
6876		1.965625
6877		0.696875
6878		0.356250
6879		1.493750
6880		0.696875
6881		0.356250
6882		1.878125
6883		1.731250
6884		0.756250
6885		1.553125
6886		2.409375
6887		1.228125
6888		1.640625
6889		3.103125
6890		2.646875
6891		2.334375
6892		3.959375
6893		3.634375
6894		2.203125
6895		3.000000
6896		3.562500
6897		2.306250
6898		2.334375
6899		3.709375
6900		2.409375
6901		1.715625
6902		2.718750
6903		2.025000
6904		0.475000
6905		1.640625
6906		2.171875
6907		0.475000
6908		1.521875
6909		2.306250
6910		1.521875
6911		2.218750
6912		4.300000
6913		4.050000
6914		3.871875
6915		5.940625
6916		6.131250
6917		5.187500
6918		6.487500
6919		6.428125
6920		5.362500
6921		6.634375
6922		7.268750
6923		6.071875
6924		5.968750
6925		6.325000
6926		5.112500
6927		4.375000
6928		5.378125
6929		4.093750
6930		3.531250
6931		5.290625
6932		4.712500
6933		4.165625
6934		4.993750
6935		4.906250
6936		4.003125
6937		4.803125
6938		5.156250
6939		3.887500
6940		4.328125
6941		5.437500
6942		4.050000
6943		3.518750
6944		4.240625
6945		3.015625
6946		2.056250
6947		2.896875
6948		2.068750
6949		0.800000
6950		1.775000
6951		1.450000
6952		0.384375
6953		1.553125
6954		1.743750
6955		0.593750
6956		1.906250
6957		2.690625
6958		1.434375
6959		2.040625
6960		3.221875
6961		2.009375
6962		1.950000
6963		2.984375
6964		1.700000
6965		0.931250
6966		2.350000
6967		1.478125
6968		0.312500
6969		1.478125
6970		0.653125
6971		-0.559375
6972		0.828125
6973		1.375000
6974		0.253125
6975		1.418750
6976		2.409375
6977		1.612500
6978		1.950000
6979		3.134375
6980		2.084375
6981		2.350000
6982		3.959375
6983		3.503125
6984		2.971875
6985		4.478125
6986		3.665625
6987		2.646875
6988		3.856250
6989		3.103125
6990		1.790625
6991		2.631250
6992		2.881250
6993		1.790625
6994		2.587500
6995		2.750000
6996		1.359375
6997		1.950000
6998		2.218750
6999		1.568750
7000		1.640625
7001		2.453125
7002		1.965625
7003		1.790625
7004		3.015625
7005		1.996875
7006		1.140625
7007		2.381250
7008		1.950000
7009		0.918750
7010		1.878125
7011		1.846875
7012		0.946875
7013		2.187500
7014		2.393750
7015		1.493750
7016		1.596875
7017		2.750000
7018		1.418750
7019		1.671875
7020		2.556250
7021		1.553125
7022		0.946875
7023		1.775000
7024		1.418750
7025		0.193750
7026		1.140625
7027		1.006250
7028		-0.321875
7029		0.503125
7030		0.871875
7031		-0.293750
7032		0.106250
7033		1.050000
7034		0.384375
7035		0.281250
7036		1.478125
7037		1.271875
7038		0.606250
7039		1.671875
7040		1.228125
7041		0.725000
7042		1.493750
7043		1.862500
7044		0.931250
7045		1.893750
7046		2.453125
7047		1.803125
7048		2.112500
7049		3.043750
7050		2.128125
7051		2.112500
7052		3.531250
7053		3.193750
7054		2.912500
7055		4.050000
7056		3.178125
7057		2.821875
7058		3.693750
7059		3.471875
7060		2.084375
7061		2.512500
7062		2.365625
7063		1.965625
7064		2.068750
7065		3.015625
7066		2.084375
7067		1.243750
7068		1.965625
7069		1.093750
7070		0.740625
7071		1.271875
7072		1.640625
7073		0.931250
7074		2.556250
7075		3.250000
7076		2.350000
7077		2.821875
7078		3.118750
7079		1.937500
7080		1.640625
7081		2.321875
7082		1.375000
7083		0.518750
7084		1.834375
7085		1.081250
7086		-0.278125
7087		-0.071875
7088		-0.543750
7089		-2.125000
7090		-2.065625
7091		-1.800000
7092		-2.465625
7093		-2.243750
7094		-0.587500
7095		-1.121875
7096		-1.209375
7097		0.503125
7098		0.681250
7099		0.431250
7100		2.009375
7101		2.425000
7102		1.537500
7103		2.025000
7104		2.084375
7105		0.859375
7106		0.090625
7107		0.237500
7108		-1.062500
7109		-1.831250
7110		-0.912500
7111		-1.712500
7112		-2.493750
7113		-1.771875
7114		-0.987500
7115		-1.756250
7116		-0.293750
7117		1.243750
7118		1.359375
7119		1.568750
7120		3.146875
7121		2.437500
7122		2.275000
7123		2.793750
7124		2.750000
7125		1.493750
7126		1.834375
7127		1.553125
7128		-0.087500
7129		-0.175000
7130		-0.706250
7131		-2.037500
7132		-2.568750
7133		-1.312500
7134		-1.356250
7135		-1.193750
7136		0.075000
7137		0.653125
7138		-0.115625
7139		1.034375
7140		1.303125
7141		0.384375
7142		0.828125
7143		1.228125
7144		0.459375
7145		-0.425000
7146		-0.012500
7147		-0.987500
7148		-2.375000
7149		-1.534375
7150		-1.593750
7151		-2.065625
7152		-1.387500
7153		-0.159375
7154		-0.218750
7155		-0.100000
7156		1.196875
7157		0.518750
7158		0.015625
7159		0.931250
7160		0.637500
7161		-0.396875
7162		-0.381250
7163		-0.146875
7164		-0.868750
7165		-0.959375
7166		-0.500000
7167		-1.018750
7168		-2.050000
7169		-0.987500
7170		-1.268750
7171		-2.212500
7172		-1.518750
7173		-0.765625
7174		-1.415625
7175		-0.634375
7176		0.134375
7177		-0.765625
7178		-0.900000
7179		0.031250
7180		-0.618750
7181		-1.593750
7182		-1.062500
7183		-0.900000
7184		-2.125000
7185		-1.875000
7186		-1.237500
7187		-2.006250
7188		-2.656250
7189		-1.725000
7190		-2.568750
7191		-3.218750
7192		-2.493750
7193		-2.315625
7194		-3.468750
7195		-2.596875
7196		-2.525000
7197		-2.862500
7198		-3.409375
7199		-2.450000
7200		-3.278125
7201		-4.000000
7202		-3.381250
7203		-3.262500
7204		-4.162500
7205		-3.484375
7206		-3.040625
7207		-3.603125
7208		-3.721875
7209		-2.390625
7210		-2.937500
7211		-3.350000
7212		-2.493750
7213		-2.109375
7214		-2.818750
7215		-2.346875
7216		-1.343750
7217		-2.168750
7218		-2.612500
7219		-1.637500
7220		-2.065625
7221		-3.056250
7222		-2.434375
7223		-2.390625
7224		-3.425000
7225		-2.981250
7226		-1.831250
7227		-2.228125
7228		-2.803125
7229		-2.125000
7230		-2.465625
7231		-3.559375
7232		-2.981250
7233		-2.731250
7234		-3.662500
7235		-3.512500
7236		-2.406250
7237		-3.484375
7238		-4.665625
7239		-4.015625
7240		-4.562500
7241		-5.906250
7242		-5.343750
7243		-4.740625
7244		-5.256250
7245		-5.078125
7246		-3.631250
7247		-4.118750
7248		-4.637500
7249		-3.453125
7250		-3.040625
7251		-3.690625
7252		-2.893750
7253		-2.184375
7254		-2.893750
7255		-3.071875
7256		-2.259375
7257		-2.687500
7258		-4.015625
7259		-3.234375
7260		-3.084375
7261		-4.415625
7262		-4.253125
7263		-3.662500
7264		-4.340625
7265		-4.753125
7266		-3.793750
7267		-4.296875
7268		-5.625000
7269		-4.415625
7270		-3.778125
7271		-4.665625
7272		-5.006250
7273		-4.015625
7274		-4.546875
7275		-4.962500
7276		-3.721875
7277		-3.396875
7278		-4.606250
7279		-4.015625
7280		-3.837500
7281		-4.562500
7282		-5.315625
7283		-4.487500
7284		-4.356250
7285		-5.759375
7286		-4.606250
7287		-4.237500
7288		-5.109375
7289		-5.196875
7290		-3.793750
7291		-4.368750
7292		-4.621875
7293		-3.662500
7294		-3.128125
7295		-3.837500
7296		-3.187500
7297		-2.315625
7298		-3.337500
7299		-3.646875
7300		-2.375000
7301		-2.493750
7302		-3.793750
7303		-3.453125
7304		-3.306250
7305		-4.503125
7306		-4.828125
7307		-3.793750
7308		-4.590625
7309		-5.493750
7310		-4.237500
7311		-3.896875
7312		-4.428125
7313		-4.162500
7314		-2.909375
7315		-3.056250
7316		-3.734375
7317		-2.287500
7318		-1.934375
7319		-2.596875
7320		-1.918750
7321		-0.706250
7322		-1.800000
7323		-2.628125
7324		-2.125000
7325		-2.478125
7326		-3.750000
7327		-3.143750
7328		-2.315625
7329		-3.306250
7330		-3.912500
7331		-2.834375
7332		-3.750000
7333		-4.903125
7334		-4.000000
7335		-3.056250
7336		-3.571875
7337		-3.543750
7338		-2.168750
7339		-2.909375
7340		-4.162500
7341		-3.203125
7342		-2.937500
7343		-3.971875
7344		-4.015625
7345		-2.790625
7346		-3.484375
7347		-4.800000
7348		-3.778125
7349		-3.928125
7350		-5.153125
7351		-4.931250
7352		-3.690625
7353		-3.971875
7354		-5.109375
7355		-4.043750
7356		-3.706250
7357		-4.531250
7358		-4.206250
7359		-3.084375
7360		-3.825000
7361		-4.428125
7362		-3.559375
7363		-3.571875
7364		-5.493750
7365		-5.212500
7366		-4.637500
7367		-5.625000
7368		-6.393750
7369		-5.153125
7370		-5.271875
7371		-6.631250
7372		-5.862500
7373		-5.050000
7374		-6.468750
7375		-6.703125
7376		-5.565625
7377		-5.331250
7378		-6.631250
7379		-5.537500
7380		-4.887500
7381		-6.084375
7382		-6.040625
7383		-4.887500
7384		-6.128125
7385		-6.984375
7386		-5.890625
7387		-5.965625
7388		-7.059375
7389		-6.275000
7390		-5.612500
7391		-7.000000
7392		-6.659375
7393		-5.450000
7394		-6.009375
7395		-6.334375
7396		-4.915625
7397		-4.975000
7398		-6.231250
7399		-5.256250
7400		-5.300000
7401		-6.334375
7402		-5.921875
7403		-4.828125
7404		-6.187500
7405		-6.231250
7406		-5.078125
7407		-5.640625
7408		-6.631250
7409		-5.196875
7410		-5.771875
7411		-6.865625
7412		-6.215625
7413		-5.331250
7414		-6.793750
7415		-6.084375
7416		-5.153125
7417		-6.143750
7418		-5.759375
7419		-4.356250
7420		-5.256250
7421		-5.862500
7422		-4.428125
7423		-5.034375
7424		-5.921875
7425		-4.812500
7426		-4.990625
7427		-5.846875
7428		-5.181250
7429		-4.768750
7430		-6.156250
7431		-5.493750
7432		-4.487500
7433		-5.981250
7434		-6.156250
7435		-5.343750
7436		-6.025000
7437		-6.690625
7438		-5.168750
7439		-6.540625
7440		-7.559375
7441		-6.496875
7442		-7.028125
7443		-7.975000
7444		-6.821875
7445		-6.881250
7446		-8.475000
7447		-7.618750
7448		-7.028125
7449		-9.481250
7450		-9.746875
7451		-9.259375
7452		-9.703125
7453		-8.312500
7454		-4.975000
7455		-3.425000
7456		-1.918750
7457		1.109375
7458		1.684375
7459		1.081250
7460		2.600000
7461		2.528125
7462		1.656250
7463		2.853125
7464		3.471875
7465		1.478125
7466		1.715625
7467		0.784375
7468		-2.006250
7469		-3.912500
7470		-5.212500
7471		-7.293750
7472		-8.078125
7473		-6.496875
7474		-6.968750
7475		-6.703125
7476		-4.368750
7477		-4.400000
7478		-3.940625
7479		-2.021875
7480		-2.153125
7481		-2.109375
7482		0.075000
7483		0.871875
7484		0.075000
7485		0.490625
7486		-0.412500
7487		-3.500000
7488		-4.887500
7489		-5.493750
7490		-7.368750
7491		-7.190625
7492		-5.228125
7493		-4.915625
7494		-3.825000
7495		-1.150000
7496		-0.634375
7497		-0.884375
7498		1.184375
7499		0.946875
7500		0.562500
7501		1.640625
7502		2.112500
7503		0.340625
7504		0.340625
7505		-0.234375
7506		-2.200000
7507		-2.346875
7508		-1.578125
7509		-2.200000
7510		-1.415625
7511		0.503125
7512		1.021875
7513		1.450000
7514		2.837500
7515		2.187500
7516		1.034375
7517		1.640625
7518		2.068750
7519		0.918750
7520		1.759375
7521		1.715625
7522		0.268750
7523		0.193750
7524		0.490625
7525		-0.737500
7526		-1.075000
7527		-0.218750
7528		-1.018750
7529		-0.309375
7530		1.684375
7531		1.790625
7532		0.784375
7533		1.775000
7534		1.125000
7535		0.046875
7536		0.681250
7537		0.725000
7538		-0.856250
7539		0.209375
7540		0.887500
7541		-0.131250
7542		-0.353125
7543		0.281250
7544		-0.706250
7545		-0.987500
7546		0.046875
7547		-0.043750
7548		-0.190625
7549		1.493750
7550		1.656250
7551		0.887500
7552		1.981250
7553		2.484375
7554		1.521875
7555		1.509375
7556		1.906250
7557		0.578125
7558		0.340625
7559		1.303125
7560		0.384375
7561		-0.159375
7562		0.518750
7563		-0.218750
7564		-0.959375
7565		0.209375
7566		0.221875
7567		-0.678125
7568		0.253125
7569		1.081250
7570		0.503125
7571		1.034375
7572		1.671875
7573		1.093750
7574		0.653125
7575		2.112500
7576		1.628125
7577		1.109375
7578		1.921875
7579		1.700000
7580		0.653125
7581		1.521875
7582		2.009375
7583		1.303125
7584		1.671875
7585		2.821875
7586		2.187500
7587		2.381250
7588		3.459375
7589		3.134375
7590		2.600000
7591		3.546875
7592		3.340625
7593		2.881250
7594		3.459375
7595		4.003125
7596		2.940625
7597		3.237500
7598		3.737500
7599		3.134375
7600		2.659375
7601		3.471875
7602		2.615625
7603		1.893750
7604		2.821875
7605		2.306250
7606		1.537500
7607		2.159375
7608		2.381250
7609		1.950000
7610		2.381250
7611		3.737500
7612		3.709375
7613		3.975000
7614		5.600000
7615		5.821875
7616		5.675000
7617		6.987500
7618		6.515625
7619		6.250000
7620		7.431250
7621		7.843750
7622		6.868750
7623		7.403125
7624		7.446875
7625		6.396875
7626		5.512500
7627		5.893750
7628		5.037500
7629		4.550000
7630		5.806250
7631		5.540625
7632		4.565625
7633		5.303125
7634		5.778125
7635		4.993750
7636		5.421875
7637		6.162500
7638		5.731250
7639		5.409375
7640		6.381250
7641		5.746875
7642		4.846875
7643		5.009375
7644		5.025000
7645		3.768750
7646		3.784375
7647		3.887500
7648		3.087500
7649		2.468750
7650		3.531250
7651		2.734375
7652		2.171875
7653		3.340625
7654		3.471875
7655		2.571875
7656		3.459375
7657		3.856250
7658		3.325000
7659		3.250000
7660		4.771875
7661		4.109375
7662		3.650000
7663		4.271875
7664		3.737500
7665		2.734375
7666		3.118750
7667		3.087500
7668		1.731250
7669		1.862500
7670		2.881250
7671		2.275000
7672		1.834375
7673		3.162500
7674		2.690625
7675		2.084375
7676		3.368750
7677		3.665625
7678		3.103125
7679		3.796875
7680		5.156250
7681		4.700000
7682		4.653125
7683		5.746875
7684		5.334375
7685		4.668750
7686		5.465625
7687		5.821875
7688		4.550000
7689		4.728125
7690		5.584375
7691		4.418750
7692		4.300000
7693		5.156250
7694		4.625000
7695		3.650000
7696		4.862500
7697		4.803125
7698		3.459375
7699		4.137500
7700		5.084375
7701		4.212500
7702		4.196875
7703		5.437500
7704		4.609375
7705		4.196875
7706		5.053125
7707		4.771875
7708		3.753125
7709		4.225000
7710		5.037500
7711		4.315625
7712		4.328125
7713		5.362500
7714		4.906250
7715		4.034375
7716		4.846875
7717		4.831250
7718		3.428125
7719		4.109375
7720		4.728125
7721		4.256250
7722		4.018750
7723		5.068750
7724		3.856250
7725		2.896875
7726		3.325000
7727		3.368750
7728		2.425000
7729		2.556250
7730		3.531250
7731		2.750000
7732		2.659375
7733		3.665625
7734		2.984375
7735		2.218750
7736		2.971875
7737		3.606250
7738		3.118750
7739		3.471875
7740		4.640625
7741		4.121875
7742		3.575000
7743		4.550000
7744		4.165625
7745		3.250000
7746		4.815625
7747		5.540625
7748		4.846875
7749		4.743750
7750		5.525000
7751		5.481250
7752		4.803125
7753		5.953125
7754		5.746875
7755		4.771875
7756		5.850000
7757		6.531250
7758		5.953125
7759		5.437500
7760		5.953125
7761		5.409375
7762		4.490625
7763		5.362500
7764		5.659375
7765		4.403125
7766		4.550000
7767		4.921875
7768		3.871875
7769		2.940625
7770		4.109375
7771		4.359375
7772		3.681250
7773		4.993750
7774		6.218750
7775		5.703125
7776		5.409375
7777		6.662500
7778		5.481250
7779		4.446875
7780		4.787500
7781		4.921875
7782		4.078125
7783		4.137500
7784		4.934375
7785		3.590625
7786		2.631250
7787		2.971875
7788		2.128125
7789		0.415625
7790		0.931250
7791		1.537500
7792		0.978125
7793		1.450000
7794		3.162500
7795		3.087500
7796		2.409375
7797		4.196875
7798		5.350000
7799		4.478125
7800		5.659375
7801		6.634375
7802		6.115625
7803		5.096875
7804		5.762500
7805		4.803125
7806		2.587500
7807		2.543750
7808		2.631250
7809		1.818750
7810		1.109375
7811		2.706250
7812		2.275000
7813		1.509375
7814		2.718750
7815		3.590625
7816		3.178125
7817		3.915625
7818		5.659375
7819		5.362500
7820		5.025000
7821		6.456250
7822		6.575000
7823		5.540625
7824		5.334375
7825		5.571875
7826		4.165625
7827		2.556250
7828		2.881250
7829		2.453125
7830		0.709375
7831		0.653125
7832		1.965625
7833		1.521875
7834		1.287500
7835		2.750000
7836		3.162500
7837		2.275000
7838		3.887500
7839		4.934375
7840		4.093750
7841		3.900000
7842		4.846875
7843		3.784375
7844		2.203125
7845		2.453125
7846		2.484375
7847		1.303125
7848		0.990625
7849		2.381250
7850		1.803125
7851		1.006250
7852		2.453125
7853		3.265625
7854		2.778125
7855		2.675000
7856		4.490625
7857		3.796875
7858		2.778125
7859		3.753125
7860		3.725000
7861		2.306250
7862		2.203125
7863		3.459375
7864		2.821875
7865		1.168750
7866		1.862500
7867		1.743750
7868		0.193750
7869		0.903125
7870		1.921875
7871		1.434375
7872		1.243750
7873		2.925000
7874		3.000000
7875		1.493750
7876		2.365625
7877		2.925000
7878		2.112500
7879		1.684375
7880		3.015625
7881		2.231250
7882		1.596875
7883		2.556250
7884		2.393750
7885		0.534375
7886		0.665625
7887		1.081250
7888		0.371875
7889		-0.100000
7890		1.125000
7891		0.681250
7892		-0.100000
7893		1.125000
7894		0.990625
7895		-0.575000
7896		-0.368750
7897		0.518750
7898		-0.678125
7899		-0.575000
7900		0.784375
7901		-0.500000
7902		-0.825000
7903		0.165625
7904		0.046875
7905		-1.356250
7906		-0.825000
7907		-0.250000
7908		-1.209375
7909		-0.234375
7910		0.696875
7911		-0.250000
7912		0.340625
7913		1.790625
7914		1.375000
7915		0.637500
7916		1.862500
7917		0.871875
7918		-0.100000
7919		0.859375
7920		0.918750
7921		-0.587500
7922		0.281250
7923		0.681250
7924		-0.515625
7925		-0.159375
7926		0.696875
7927		-0.721875
7928		-1.121875
7929		0.415625
7930		-0.412500
7931		-1.134375
7932		0.150000
7933		0.118750
7934		-1.134375
7935		-0.575000
7936		-0.884375
7937		-2.640625
7938		-2.140625
7939		-1.918750
7940		-3.187500
7941		-2.965625
7942		-2.006250
7943		-2.715625
7944		-2.640625
7945		-1.237500
7946		-2.525000
7947		-2.834375
7948		-1.237500
7949		-1.284375
7950		-1.831250
7951		-0.603125
7952		-0.543750
7953		-1.296875
7954		-0.309375
7955		-0.131250
7956		-2.081250
7957		-1.459375
7958		-1.165625
7959		-2.375000
7960		-2.375000
7961		-1.903125
7962		-3.025000
7963		-3.425000
7964		-1.990625
7965		-2.981250
7966		-3.928125
7967		-2.271875
7968		-3.203125
7969		-3.940625
7970		-2.850000
7971		-2.862500
7972		-4.103125
7973		-2.715625
7974		-2.200000
7975		-3.440625
7976		-2.434375
7977		-1.934375
7978		-3.809375
7979		-3.234375
7980		-2.746875
7981		-3.734375
7982		-3.646875
7983		-2.184375
7984		-2.893750
7985		-3.750000
7986		-2.834375
7987		-3.837500
7988		-4.856250
7989		-3.365625
7990		-3.409375
7991		-3.971875
7992		-2.493750
7993		-2.125000
7994		-2.731250
7995		-2.081250
7996		-1.740625
7997		-3.100000
7998		-2.834375
7999		-1.712500
8000		-2.315625
8001		-2.790625
8002		-1.609375
8003		-2.596875
8004		-3.500000
8005		-3.012500
8006		-3.956250
8007		-4.693750
8008		-4.075000
8009		-4.075000
8010		-4.590625
8011		-3.468750
8012		-3.218750
8013		-4.134375
8014		-3.056250
8015		-2.228125
8016		-2.834375
8017		-2.537500
8018		-1.506250
8019		-1.962500
8020		-2.125000
8021		-1.134375
8022		-1.978125
8023		-2.700000
8024		-1.815625
8025		-2.184375
8026		-3.278125
8027		-2.687500
8028		-3.278125
8029		-4.253125
8030		-3.750000
8031		-3.690625
8032		-4.709375
8033		-4.000000
8034		-3.040625
8035		-3.306250
8036		-3.175000
8037		-2.390625
8038		-3.203125
8039		-3.971875
8040		-3.143750
8041		-3.500000
8042		-4.103125
8043		-3.425000
8044		-3.290625
8045		-4.562500
8046		-4.031250
8047		-3.956250
8048		-5.196875
8049		-5.315625
8050		-4.368750
8051		-5.109375
8052		-5.493750
8053		-4.384375
8054		-4.709375
8055		-5.181250
8056		-3.868750
8057		-4.443750
8058		-5.196875
8059		-5.018750
8060		-4.665625
8061		-5.715625
8062		-5.390625
8063		-4.887500
8064		-6.231250
8065		-6.143750
8066		-5.612500
8067		-6.571875
8068		-7.368750
8069		-6.453125
8070		-6.896875
8071		-7.721875
8072		-6.821875
8073		-7.131250
8074		-7.915625
8075		-6.793750
8076		-6.040625
8077		-7.028125
8078		-7.015625
8079		-6.409375
8080		-7.000000
8081		-7.325000
8082		-6.334375
8083		-7.234375
8084		-7.768750
8085		-6.690625
8086		-7.250000
8087		-8.165625
8088		-7.546875
8089		-7.234375
8090		-8.003125
8091		-7.693750
8092		-6.718750
8093		-7.293750
8094		-7.412500
8095		-5.728125
8096		-6.896875
8097		-7.546875
8098		-6.718750
8099		-7.059375
8100		-8.121875
8101		-7.221875
8102		-7.162500
8103		-7.900000
8104		-7.618750
8105		-6.821875
8106		-7.575000
8107		-7.618750
8108		-6.453125
8109		-7.471875
8110		-8.034375
8111		-6.984375
8112		-7.250000
8113		-8.034375
8114		-6.746875
8115		-6.156250
8116		-7.456250
8117		-6.778125
8118		-6.009375
8119		-6.925000
8120		-7.250000
8121		-6.112500
8122		-6.703125
8123		-7.471875
8124		-6.365625
8125		-6.171875
8126		-7.178125
8127		-6.528125
8128		-6.334375
8129		-7.634375
8130		-7.781250
8131		-6.600000
8132		-7.384375
8133		-7.871875
8134		-6.718750
8135		-7.265625
8136		-7.975000
8137		-7.575000
8138		-7.618750
8139		-8.890625
8140		-8.728125
8141		-8.078125
8142		-8.728125
8143		-8.846875
8144		-8.062500
8145		-8.550000
8146		-9.362500
8147		-9.140625
8148		-9.628125
8149		-11.681250
8150		-11.518750
8151		-10.690625
8152		-10.381250
8153		-8.225000
8154		-5.256250
8155		-3.440625
8156		-2.006250
8157		0.209375
8158		0.653125
8159		0.209375
8160		0.578125
8161		0.709375
8162		-0.531250
8163		-0.175000
8164		0.578125
8165		-0.175000
8166		-1.237500
8167		-2.081250
8168		-4.990625
8169		-8.462500
8170		-9.509375
8171		-10.131250
8172		-10.365625
8173		-8.137500
8174		-5.787500
8175		-4.768750
8176		-3.662500
8177		-2.259375
8178		-3.203125
8179		-3.675000
8180		-2.687500
8181		-2.212500
8182		-2.287500
8183		-1.046875
8184		-0.706250
8185		-2.803125
8186		-4.812500
8187		-6.040625
8188		-8.534375
8189		-9.687500
8190		-8.962500
8191		-7.884375
8192		-6.778125
8193		-1.062500
8194		-1.740625
8195		-2.081250
8196		-0.943750
8197		-1.090625
8198		-1.859375
8199		-1.756250
8200		-2.612500
8201		-4.415625
8202		-5.153125
8203		-4.812500
8204		-5.256250
8205		-4.693750
8206		-2.596875
8207		-1.387500
8208		-1.387500
8209		-0.250000
8210		-0.234375
8211		-1.459375
8212		-2.125000
8213		-1.031250
8214		-1.387500
8215		-1.609375
8216		-0.900000
8217		-1.328125
8218		-2.465625
8219		-2.287500
8220		-2.271875
8221		-3.528125
8222		-3.928125
8223		-2.553125
8224		-2.596875
8225		-2.153125
8226		-0.575000
8227		-0.796875
8228		-1.712500
8229		-1.387500
8230		-1.134375
8231		-2.362500
8232		-2.509375
8233		-1.637500
8234		-2.037500
8235		-2.671875
8236		-1.312500
8237		-1.800000
8238		-3.262500
8239		-2.909375
8240		-2.509375
8241		-3.484375
8242		-3.350000
8243		-1.712500
8244		-1.831250
8245		-2.021875
8246		-1.121875
8247		-0.321875
8248		-1.018750
8249		-0.825000
8250		0.003125
8251		-1.296875
8252		-1.978125
8253		-1.165625
8254		-1.609375
8255		-2.731250
8256		-2.200000
8257		-2.271875
8258		-3.278125
8259		-3.765625
8260		-2.493750
8261		-3.306250
8262		-3.440625
8263		-1.978125
8264		-1.681250
8265		-2.006250
8266		-1.506250
8267		-0.900000
8268		-1.725000
8269		-2.243750
8270		-0.884375
8271		-1.268750
8272		-2.096875
8273		-1.181250
8274		-0.825000
8275		-1.875000
8276		-1.415625
8277		-0.234375
8278		-0.750000
8279		-1.031250
8280		0.015625
8281		0.221875
8282		-0.603125
8283		-0.087500
8284		1.140625
8285		0.415625
8286		-0.381250
8287		0.653125
8288		0.312500
8289		-0.456250
8290		0.606250
8291		1.125000
8292		0.165625
8293		0.165625
8294		1.212500
8295		0.328125
8296		-0.618750
8297		-0.321875
8298		-0.190625
8299		-1.046875
8300		-0.868750
8301		-0.131250
8302		-0.500000
8303		-1.328125
8304		-0.250000
8305		0.046875
8306		-0.868750
8307		0.165625
8308		1.684375
8309		1.537500
8310		1.493750
8311		3.309375
8312		2.971875
8313		2.543750
8314		3.887500
8315		4.537500
8316		3.665625
8317		3.356250
8318		4.712500
8319		3.590625
8320		1.937500
8321		2.496875
8322		2.793750
8323		1.168750
8324		1.878125
8325		2.496875
8326		1.759375
8327		1.093750
8328		1.596875
8329		1.834375
8330		0.709375
8331		1.418750
8332		2.587500
8333		1.834375
8334		1.521875
8335		2.453125
8336		1.981250
8337		0.356250
8338		0.490625
8339		1.509375
8340		0.046875
8341		-0.678125
8342		0.059375
8343		-0.559375
8344		-2.021875
8345		-1.637500
8346		-0.900000
8347		-2.271875
8348		-2.271875
8349		-0.484375
8350		-0.900000
8351		-2.168750
8352		-1.106250
8353		-0.175000
8354		-1.284375
8355		-1.134375
8356		0.637500
8357		-0.543750
8358		-1.831250
8359		-0.959375
8360		-0.781250
8361		-2.228125
8362		-2.568750
8363		-1.121875
8364		-2.050000
8365		-2.731250
8366		-1.506250
8367		-1.609375
8368		-3.203125
8369		-2.509375
8370		-1.018750
8371		-1.181250
8372		-1.784375
8373		-0.218750
8374		-0.012500
8375		-0.959375
8376		0.312500
8377		1.021875
8378		-0.278125
8379		-0.131250
8380		1.375000
8381		0.978125
8382		0.118750
8383		1.450000
8384		1.346875
8385		-0.250000
8386		0.431250
8387		1.081250
8388		-0.321875
8389		-0.131250
8390		1.287500
8391		0.518750
8392		0.059375
8393		1.050000
8394		0.606250
8395		-0.587500
8396		0.431250
8397		1.081250
8398		-0.381250
8399		0.165625
8400		1.450000
8401		0.978125
8402		0.237500
8403		1.743750
8404		0.903125
8405		-0.262500
8406		1.287500
8407		1.359375
8408		-0.206250
8409		0.800000
8410		1.612500
8411		0.003125
8412		0.459375
8413		1.568750
8414		0.709375
8415		0.709375
8416		2.100000
8417		1.153125
8418		-0.159375
8419		1.065625
8420		0.340625
8421		-0.765625
8422		-0.012500
8423		0.725000
8424		-0.959375
8425		0.178125
8426		0.534375
8427		-0.809375
8428		-0.693750
8429		0.415625
8430		-0.175000
8431		-0.262500
8432		1.196875
8433		0.606250
8434		0.312500
8435		2.009375
8436		1.521875
8437		0.296875
8438		1.153125
8439		1.450000
8440		0.756250
8441		2.025000
8442		2.925000
8443		1.684375
8444		2.306250
8445		3.146875
8446		1.950000
8447		2.409375
8448		3.768750
8449		2.750000
8450		2.556250
8451		4.315625
8452		3.575000
8453		2.556250
8454		3.887500
8455		3.015625
8456		1.862500
8457		2.940625
8458		3.103125
8459		1.937500
8460		2.646875
8461		3.221875
8462		1.478125
8463		1.537500
8464		2.556250
8465		1.153125
8466		1.937500
8467		3.356250
8468		2.809375
8469		2.706250
8470		4.446875
8471		3.959375
8472		3.146875
8473		4.240625
8474		3.546875
8475		2.084375
8476		3.265625
8477		3.000000
8478		1.450000
8479		2.040625
8480		2.350000
8481		0.784375
8482		1.021875
8483		1.125000
8484		-0.396875
8485		-0.721875
8486		0.356250
8487		-0.531250
8488		-0.100000
8489		1.465625
8490		1.243750
8491		1.168750
8492		3.059375
8493		3.206250
8494		3.000000
8495		4.653125
8496		4.787500
8497		3.443750
8498		4.256250
8499		3.828125
8500		2.350000
8501		2.128125
8502		2.203125
8503		0.725000
8504		0.578125
8505		1.093750
8506		0.593750
8507		0.165625
8508		1.628125
8509		1.081250
8510		1.050000
8511		2.809375
8512		3.340625
8513		3.146875
8514		4.668750
8515		5.231250
8516		4.490625
8517		5.215625
8518		5.259375
8519		3.590625
8520		3.015625
8521		3.368750
8522		1.628125
8523		0.784375
8524		1.715625
8525		0.400000
8526		-0.456250
8527		0.784375
8528		0.784375
8529		0.312500
8530		1.406250
8531		2.290625
8532		1.596875
8533		2.690625
8534		3.471875
8535		2.793750
8536		3.000000
8537		3.562500
8538		2.262500
8539		1.537500
8540		1.790625
8541		0.843750
8542		0.165625
8543		1.140625
8544		0.800000
8545		0.415625
8546		1.450000
8547		2.025000
8548		1.359375
8549		2.231250
8550		3.178125
8551		2.659375
8552		3.118750
8553		3.621875
8554		2.896875
8555		2.159375
8556		2.925000
8557		2.100000
8558		1.375000
8559		2.159375
8560		1.521875
8561		0.178125
8562		1.287500
8563		1.093750
8564		0.281250
8565		0.756250
8566		1.846875
8567		1.521875
8568		1.671875
8569		2.821875
8570		1.700000
8571		1.256250
8572		2.571875
8573		1.834375
8574		0.978125
8575		1.862500
8576		2.246875
8577		1.303125
8578		1.021875
8579		1.818750
8580		-0.100000
8581		-0.131250
8582		0.696875
8583		0.090625
8584		-0.175000
8585		0.918750
8586		0.546875
8587		-0.012500
8588		0.534375
8589		0.681250
8590		-0.781250
8591		-0.043750
8592		0.562500
8593		-0.012500
8594		0.003125
8595		1.065625
8596		-0.043750
8597		-0.662500
8598		0.384375
8599		-0.190625
8600		-1.284375
8601		-0.087500
8602		0.118750
8603		-0.693750
8604		0.221875
8605		1.346875
8606		0.578125
8607		0.784375
8608		2.056250
8609		1.790625
8610		1.465625
8611		2.409375
8612		1.818750
8613		0.800000
8614		1.359375
8615		1.715625
8616		0.490625
8617		0.978125
8618		1.418750
8619		1.006250
8620		0.221875
8621		1.537500
8622		0.384375
8623		0.209375
8624		0.800000
8625		0.871875
8626		-0.012500
8627		0.903125
8628		1.271875
8629		-0.159375
8630		-0.309375
8631		0.046875
8632		-1.062500
8633		-1.193750
8634		-0.737500
8635		-1.209375
8636		-2.081250
8637		-1.090625
8638		-0.912500
8639		-2.021875
8640		-1.268750
8641		-0.809375
8642		-1.284375
8643		-0.781250
8644		0.859375
8645		0.815625
8646		0.459375
8647		1.375000
8648		1.050000
8649		0.150000
8650		0.815625
8651		0.784375
8652		-0.190625
8653		-0.206250
8654		0.459375
8655		-0.618750
8656		-1.121875
8657		-0.618750
8658		-1.296875
8659		-1.875000
8660		-1.431250
8661		-1.343750
8662		-2.421875
8663		-1.903125
8664		-1.090625
8665		-1.815625
8666		-1.193750
8667		-0.678125
8668		-0.943750
8669		-1.562500
8670		-0.868750
8671		-0.884375
8672		-2.140625
8673		-1.459375
8674		-1.181250
8675		-2.081250
8676		-2.006250
8677		-1.046875
8678		-1.371875
8679		-1.978125
8680		-1.415625
8681		-2.153125
8682		-3.337500
8683		-2.375000
8684		-1.859375
8685		-2.200000
8686		-1.506250
8687		-0.175000
8688		-0.543750
8689		-0.868750
8690		-0.056250
8691		-0.662500
8692		-1.518750
8693		-0.706250
8694		0.031250
8695		-0.500000
8696		-0.484375
8697		0.431250
8698		-0.396875
8699		-1.534375
8700		-0.959375
8701		-1.578125
8702		-2.656250
8703		-1.887500
8704		-1.593750
8705		-2.109375
8706		-1.637500
8707		-0.396875
8708		-1.090625
8709		-1.415625
8710		0.046875
8711		-0.250000
8712		-0.840625
8713		-0.043750
8714		0.709375
8715		-0.012500
8716		0.059375
8717		0.931250
8718		0.193750
8719		-0.662500
8720		-0.028125
8721		-0.500000
8722		-2.125000
8723		-1.903125
8724		-1.121875
8725		-2.096875
8726		-2.168750
8727		-1.356250
8728		-1.918750
8729		-2.346875
8730		-1.415625
8731		-1.446875
8732		-2.878125
8733		-2.021875
8734		-1.284375
8735		-2.021875
8736		-1.859375
8737		-1.328125
8738		-1.800000
8739		-2.671875
8740		-2.346875
8741		-2.271875
8742		-3.825000
8743		-3.350000
8744		-2.568750
8745		-3.381250
8746		-3.940625
8747		-2.790625
8748		-3.234375
8749		-3.971875
8750		-3.234375
8751		-2.421875
8752		-3.853125
8753		-3.350000
8754		-2.168750
8755		-2.862500
8756		-3.571875
8757		-3.040625
8758		-3.203125
8759		-4.428125
8760		-4.206250
8761		-3.559375
8762		-4.578125
8763		-5.315625
8764		-4.150000
8765		-4.650000
8766		-5.625000
8767		-4.915625
8768		-4.415625
8769		-5.034375
8770		-4.693750
8771		-3.587500
8772		-4.637500
8773		-5.287500
8774		-4.531250
8775		-4.118750
8776		-5.271875
8777		-4.296875
8778		-3.615625
8779		-4.768750
8780		-4.975000
8781		-3.868750
8782		-4.887500
8783		-5.787500
8784		-4.887500
8785		-4.059375
8786		-5.271875
8787		-4.590625
8788		-3.750000
8789		-4.118750
8790		-4.459375
8791		-3.721875
8792		-4.356250
8793		-5.078125
8794		-4.709375
8795		-3.646875
8796		-4.118750
8797		-4.681250
8798		-3.721875
8799		-4.150000
8800		-5.181250
8801		-4.415625
8802		-3.971875
8803		-4.931250
8804		-5.078125
8805		-3.543750
8806		-4.340625
8807		-4.975000
8808		-4.193750
8809		-3.912500
8810		-4.975000
8811		-4.340625
8812		-3.603125
8813		-4.015625
8814		-4.637500
8815		-3.571875
8816		-3.543750
8817		-4.606250
8818		-3.868750
8819		-2.953125
8820		-3.321875
8821		-3.853125
8822		-3.056250
8823		-3.631250
8824		-5.271875
8825		-4.340625
8826		-3.337500
8827		-4.459375
8828		-4.606250
8829		-3.396875
8830		-4.193750
8831		-4.990625
8832		-4.531250
8833		-4.487500
8834		-5.890625
8835		-5.934375
8836		-4.415625
8837		-5.271875
8838		-5.862500
8839		-5.125000
8840		-4.681250
8841		-5.965625
8842		-6.556250
8843		-6.275000
8844		-7.340625
8845		-8.846875
8846		-7.384375
8847		-5.771875
8848		-5.065625
8849		-2.640625
8850		1.081250
8851		2.009375
8852		2.675000
8853		4.343750
8854		4.993750
8855		3.590625
8856		3.828125
8857		4.771875
8858		3.356250
8859		2.365625
8860		3.193750
8861		2.706250
8862		-0.131250
8863		-2.153125
8864		-3.425000
8865		-6.453125
8866		-8.121875
8867		-6.512500
8868		-5.228125
8869		-4.281250
8870		-1.268750
8871		1.228125
8872		0.931250
8873		0.150000
8874		1.418750
8875		0.503125
8876		-0.456250
8877		1.331250
8878		2.009375
8879		0.459375
8880		0.415625
8881		-0.159375
8882		-2.893750
8883		-5.493750
8884		-5.181250
8885		-6.187500
8886		-5.981250
8887		-3.262500
8888		-0.912500
8889		-0.381250
8890		1.921875
8891		3.518750
8892		2.437500
8893		1.937500
8894		2.571875
8895		1.509375
8896		0.459375
8897		1.390625
8898		1.125000
8899		-1.062500
8900		-0.721875
8901		-1.046875
8902		-2.893750
8903		-2.656250
8904		-1.506250
8905		-1.237500
8906		-0.278125
8907		2.750000
8908		2.631250
8909		2.128125
8910		3.590625
8911		2.528125
8912		1.065625
8913		1.743750
8914		1.184375
8915		-0.471875
8916		0.003125
8917		0.546875
8918		-0.087500
8919		-0.337500
8920		0.800000
8921		-0.500000
8922		-1.062500
8923		0.356250
8924		-0.146875
8925		-0.278125
8926		1.790625
8927		1.465625
8928		0.784375
8929		1.568750
8930		1.331250
8931		-0.646875
8932		-0.262500
8933		0.090625
8934		-1.284375
8935		-0.646875
8936		0.784375
8937		0.134375
8938		-0.278125
8939		1.034375
8940		-0.309375
8941		-1.121875
8942		0.490625
8943		0.178125
8944		-0.531250
8945		1.331250
8946		1.846875
8947		1.256250
8948		2.453125
8949		2.484375
8950		0.384375
8951		0.637500
8952		1.228125
8953		-0.087500
8954		-0.484375
8955		0.593750
8956		-0.971875
8957		-1.756250
8958		-0.425000
8959		-1.459375
8960		-1.978125
8961		-0.056250
8962		-0.087500
8963		-0.559375
8964		0.415625
8965		0.784375
8966		-0.634375
8967		0.562500
8968		1.021875
8969		0.221875
8970		0.815625
8971		1.596875
8972		0.431250
8973		0.340625
8974		0.978125
8975		0.090625
8976		-0.028125
8977		1.790625
8978		1.537500
8979		1.093750
8980		2.750000
8981		2.009375
8982		1.303125
8983		2.262500
8984		2.025000
8985		0.871875
8986		1.715625
8987		2.231250
8988		0.871875
8989		2.009375
8990		2.409375
8991		1.153125
8992		1.390625
8993		2.056250
8994		0.828125
8995		0.415625
8996		1.493750
8997		0.150000
8998		-0.262500
8999		0.637500
9000		0.090625
9001		-0.765625
9002		0.384375
9003		0.312500
9004		-0.575000
9005		0.871875
9006		1.418750
9007		0.918750
9008		2.068750
9009		3.681250
9010		2.940625
9011		3.459375
9012		4.875000
9013		4.181250
9014		3.812500
9015		5.037500
9016		4.271875
9017		3.590625
9018		4.240625
9019		3.562500
9020		2.409375
9021		3.193750
9022		2.881250
9023		1.493750
9024		2.025000
9025		2.084375
9026		1.093750
9027		1.271875
9028		2.425000
9029		1.715625
9030		1.628125
9031		3.087500
9032		2.381250
9033		1.684375
9034		2.512500
9035		1.596875
9036		0.637500
9037		1.093750
9038		1.375000
9039		-0.131250
9040		0.193750
9041		0.221875
9042		-1.284375
9043		-1.431250
9044		-0.884375
9045		-1.756250
9046		-2.081250
9047		-0.809375
9048		-1.296875
9049		-1.712500
9050		-0.634375
9051		-0.825000
9052		-1.415625
9053		-0.368750
9054		-0.056250
9055		-1.075000
9056		-0.809375
9057		-0.693750
9058		-1.490625
9059		-1.653125
9060		-0.721875
9061		-1.668750
9062		-2.375000
9063		-1.506250
9064		-1.934375
9065		-2.909375
9066		-2.303125
9067		-2.362500
9068		-3.278125
9069		-1.725000
9070		-0.840625
9071		-1.371875
9072		-0.309375
9073		0.800000
9074		0.328125
9075		-0.381250
9076		0.946875
9077		0.490625
9078		0.106250
9079		1.243750
9080		1.612500
9081		0.578125
9082		1.521875
9083		1.406250
9084		0.134375
9085		0.178125
9086		0.653125
9087		0.059375
9088		0.046875
9089		1.346875
9090		0.606250
9091		-0.043750
9092		0.606250
9093		0.312500
9094		-0.531250
9095		0.209375
9096		0.709375
9097		-0.115625
9098		0.209375
9099		1.093750
9100		0.562500
9101		0.281250
9102		1.153125
9103		0.356250
9104		0.150000
9105		0.946875
9106		0.768750
9107		-0.396875
9108		0.653125
9109		0.859375
9110		0.118750
9111		0.371875
9112		1.228125
9113		0.578125
9114		0.562500
9115		1.271875
9116		0.415625
9117		-0.321875
9118		0.209375
9119		0.015625
9120		-0.721875
9121		-0.087500
9122		0.578125
9123		-0.587500
9124		-0.278125
9125		0.237500
9126		-0.809375
9127		-1.415625
9128		-0.309375
9129		-0.603125
9130		-1.121875
9131		0.059375
9132		0.475000
9133		-0.456250
9134		0.090625
9135		0.756250
9136		0.003125
9137		0.015625
9138		1.359375
9139		1.065625
9140		1.081250
9141		2.706250
9142		2.009375
9143		0.459375
9144		1.465625
9145		2.231250
9146		1.450000
9147		1.981250
9148		2.881250
9149		2.321875
9150		1.893750
9151		3.118750
9152		2.409375
9153		1.568750
9154		1.981250
9155		2.040625
9156		0.918750
9157		1.493750
9158		2.496875
9159		1.612500
9160		0.653125
9161		1.981250
9162		1.184375
9163		0.740625
9164		1.818750
9165		2.009375
9166		1.125000
9167		2.009375
9168		2.971875
9169		2.750000
9170		2.631250
9171		4.003125
9172		2.925000
9173		2.409375
9174		3.075000
9175		2.706250
9176		1.168750
9177		1.671875
9178		1.700000
9179		0.800000
9180		0.696875
9181		0.962500
9182		-0.218750
9183		-1.506250
9184		-0.809375
9185		-0.928125
9186		-1.946875
9187		-0.662500
9188		0.209375
9189		-0.206250
9190		0.800000
9191		2.425000
9192		2.187500
9193		2.112500
9194		3.634375
9195		3.340625
9196		2.171875
9197		2.718750
9198		2.203125
9199		0.800000
9200		0.150000
9201		0.400000
9202		-1.062500
9203		-1.771875
9204		-0.928125
9205		-1.431250
9206		-2.096875
9207		-1.181250
9208		-0.146875
9209		-0.353125
9210		0.918750
9211		2.925000
9212		2.571875
9213		2.675000
9214		3.590625
9215		3.650000
9216		2.543750
9217		2.571875
9218		2.262500
9219		0.637500
9220		0.356250
9221		0.637500
9222		-0.693750
9223		-1.712500
9224		-1.090625
9225		-1.312500
9226		-2.096875
9227		-1.134375
9228		-0.206250
9229		-0.218750
9230		0.725000
9231		2.262500
9232		1.906250
9233		1.287500
9234		1.612500
9235		1.656250
9236		0.281250
9237		0.031250
9238		0.490625
9239		-0.693750
9240		-1.284375
9241		-0.175000
9242		-0.900000
9243		-1.490625
9244		-0.678125
9245		0.281250
9246		0.031250
9247		0.843750
9248		1.893750
9249		1.243750
9250		1.196875
9251		2.112500
9252		1.759375
9253		0.075000
9254		0.653125
9255		1.021875
9256		-0.159375
9257		-0.678125
9258		0.371875
9259		-0.693750
9260		-1.550000
9261		-0.900000
9262		-1.018750
9263		-2.109375
9264		-0.884375
9265		0.090625
9266		-0.353125
9267		-0.912500
9268		0.371875
9269		-0.206250
9270		-1.165625
9271		-0.131250
9272		0.653125
9273		-0.396875
9274		-0.250000
9275		0.815625
9276		0.118750
9277		-1.150000
9278		-0.796875
9279		-1.415625
9280		-2.687500
9281		-1.681250
9282		-0.737500
9283		-1.712500
9284		-2.050000
9285		-0.856250
9286		-1.225000
9287		-2.596875
9288		-1.490625
9289		-1.134375
9290		-1.756250
9291		-1.534375
9292		0.134375
9293		-1.090625
9294		-2.125000
9295		-1.696875
9296		-1.387500
9297		-2.746875
9298		-2.315625
9299		-1.284375
9300		-1.784375
9301		-2.109375
9302		-0.706250
9303		-0.912500
9304		-1.784375
9305		-0.750000
9306		0.237500
9307		-0.456250
9308		-0.056250
9309		1.271875
9310		0.534375
9311		-0.559375
9312		0.193750
9313		0.296875
9314		-0.765625
9315		-0.575000
9316		0.681250
9317		-0.190625
9318		-1.431250
9319		-0.706250
9320		-0.765625
9321		-1.756250
9322		-1.328125
9323		-0.262500
9324		-1.003125
9325		-1.593750
9326		-0.278125
9327		-1.193750
9328		-2.509375
9329		-2.421875
9330		-1.740625
9331		-2.687500
9332		-3.234375
9333		-2.065625
9334		-2.715625
9335		-4.150000
9336		-3.278125
9337		-2.671875
9338		-3.971875
9339		-4.193750
9340		-2.640625
9341		-2.465625
9342		-3.468750
9343		-1.903125
9344		-1.343750
9345		-2.200000
9346		-2.081250
9347		-0.693750
9348		-1.946875
9349		-3.012500
9350		-2.081250
9351		-1.134375
9352		-2.834375
9353		-3.084375
9354		-2.125000
9355		-3.396875
9356		-4.784375
9357		-3.793750
9358		-3.778125
9359		-4.856250
9360		-4.709375
9361		-3.425000
9362		-4.193750
9363		-4.856250
9364		-3.896875
9365		-3.143750
9366		-4.590625
9367		-3.675000
9368		-2.759375
9369		-3.675000
9370		-4.637500
9371		-3.128125
9372		-3.512500
9373		-4.856250
9374		-4.340625
9375		-3.365625
9376		-4.384375
9377		-4.296875
9378		-3.203125
9379		-4.606250
9380		-5.743750
9381		-4.784375
9382		-4.193750
9383		-4.915625
9384		-3.987500
9385		-2.893750
9386		-3.559375
9387		-3.203125
9388		-1.875000
9389		-2.612500
9390		-3.896875
9391		-2.271875
9392		-2.303125
9393		-3.350000
9394		-2.406250
9395		-1.843750
9396		-3.453125
9397		-3.306250
9398		-2.834375
9399		-4.237500
9400		-4.681250
9401		-3.615625
9402		-4.265625
9403		-4.740625
9404		-3.662500
9405		-3.559375
9406		-4.487500
9407		-3.234375
9408		-2.493750
9409		-3.500000
9410		-2.862500
9411		-1.637500
9412		-2.065625
9413		-2.450000
9414		-0.678125
9415		-1.490625
9416		-2.259375
9417		-1.165625
9418		-2.153125
9419		-3.381250
9420		-3.262500
9421		-3.056250
9422		-4.237500
9423		-3.337500
9424		-2.862500
9425		-4.340625
9426		-4.118750
9427		-2.612500
9428		-3.587500
9429		-3.971875
9430		-2.746875
9431		-3.203125
9432		-3.868750
9433		-2.584375
9434		-2.362500
9435		-3.603125
9436		-2.790625
9437		-2.834375
9438		-4.459375
9439		-3.778125
9440		-3.809375
9441		-5.034375
9442		-4.546875
9443		-3.603125
9444		-4.296875
9445		-4.931250
9446		-3.603125
9447		-4.665625
9448		-4.887500
9449		-3.440625
9450		-4.281250
9451		-4.962500
9452		-3.853125
9453		-3.500000
9454		-4.681250
9455		-4.237500
9456		-3.940625
9457		-5.331250
9458		-5.034375
9459		-4.578125
9460		-6.053125
9461		-6.306250
9462		-5.109375
9463		-6.187500
9464		-6.068750
9465		-4.903125
9466		-5.553125
9467		-6.393750
9468		-4.843750
9469		-5.434375
9470		-6.084375
9471		-5.050000
9472		-5.212500
9473		-6.187500
9474		-4.887500
9475		-4.356250
9476		-5.921875
9477		-5.196875
9478		-4.384375
9479		-6.040625
9480		-5.965625
9481		-5.125000
9482		-5.981250
9483		-5.640625
9484		-4.312500
9485		-5.006250
9486		-5.403125
9487		-4.356250
9488		-4.518750
9489		-5.700000
9490		-4.340625
9491		-4.590625
9492		-5.521875
9493		-4.428125
9494		-3.721875
9495		-5.109375
9496		-4.368750
9497		-3.778125
9498		-5.078125
9499		-4.621875
9500		-3.928125
9501		-4.665625
9502		-4.856250
9503		-3.381250
9504		-3.896875
9505		-4.709375
9506		-3.484375
9507		-3.825000
9508		-4.518750
9509		-3.793750
9510		-3.615625
9511		-4.768750
9512		-3.646875
9513		-3.453125
9514		-4.193750
9515		-3.868750
9516		-2.834375
9517		-3.350000
9518		-3.825000
9519		-2.200000
9520		-3.159375
9521		-3.928125
9522		-3.234375
9523		-3.750000
9524		-3.971875
9525		-3.071875
9526		-3.234375
9527		-4.237500
9528		-3.337500
9529		-3.646875
9530		-4.784375
9531		-4.650000
9532		-4.134375
9533		-5.109375
9534		-5.196875
9535		-3.837500
9536		-4.650000
9537		-4.887500
9538		-3.825000
9539		-4.590625
9540		-5.818750
9541		-5.612500
9542		-6.306250
9543		-8.003125
9544		-7.178125
9545		-6.334375
9546		-5.993750
9547		-3.468750
9548		-0.321875
9549		1.081250
9550		2.512500
9551		4.890625
9552		4.965625
9553		4.771875
9554		5.821875
9555		4.565625
9556		2.940625
9557		3.368750
9558		2.896875
9559		1.878125
9560		2.128125
9561		1.228125
9562		-1.490625
9563		-3.587500
9564		-4.621875
9565		-5.934375
9566		-5.921875
9567		-3.056250
9568		-1.653125
9569		-0.278125
9570		1.743750
9571		2.100000
9572		0.725000
9573		0.356250
9574		0.534375
9575		0.150000
9576		1.050000
9577		2.425000
9578		1.893750
9579		1.093750
9580		0.503125
9581		-2.006250
9582		-4.296875
9583		-4.415625
9584		-4.887500
9585		-4.931250
9586		-2.212500
9587		-0.353125
9588		0.606250
9589		2.778125
9590		3.590625
9591		2.793750
9592		2.496875
9593		2.971875
9594		2.056250
9595		1.906250
9596		2.646875
9597		1.493750
9598		0.356250
9599		0.328125
9600		-0.218750
9601		-1.784375
9602		-1.400000
9603		-0.471875
9604		-0.131250
9605		1.375000
9606		3.400000
9607		3.709375
9608		3.412500
9609		4.121875
9610		3.075000
9611		1.950000
9612		2.321875
9613		2.056250
9614		0.931250
9615		1.303125
9616		1.640625
9617		1.093750
9618		0.931250
9619		1.715625
9620		0.815625
9621		0.059375
9622		1.256250
9623		1.937500
9624		1.450000
9625		3.103125
9626		3.503125
9627		2.675000
9628		2.484375
9629		2.734375
9630		1.671875
9631		0.756250
9632		1.671875
9633		1.168750
9634		1.065625
9635		2.187500
9636		2.793750
9637		1.465625
9638		1.640625
9639		1.965625
9640		1.303125
9641		1.581250
9642		2.984375
9643		2.940625
9644		3.075000
9645		4.403125
9646		4.712500
9647		3.503125
9648		3.812500
9649		3.828125
9650		2.571875
9651		2.600000
9652		3.134375
9653		2.409375
9654		1.878125
9655		2.556250
9656		1.743750
9657		0.503125
9658		1.537500
9659		2.143750
9660		1.287500
9661		2.218750
9662		3.221875
9663		2.631250
9664		2.468750
9665		3.634375
9666		3.340625
9667		2.631250
9668		3.443750
9669		3.812500
9670		3.087500
9671		3.087500
9672		3.412500
9673		2.409375
9674		2.159375
9675		3.621875
9676		3.340625
9677		3.296875
9678		4.375000
9679		4.478125
9680		3.531250
9681		3.946875
9682		4.375000
9683		3.634375
9684		3.693750
9685		4.787500
9686		4.625000
9687		4.153125
9688		4.862500
9689		4.375000
9690		3.368750
9691		3.828125
9692		4.181250
9693		3.118750
9694		3.265625
9695		4.050000
9696		3.503125
9697		2.675000
9698		3.309375
9699		3.087500
9700		2.350000
9701		2.912500
9702		3.665625
9703		2.971875
9704		3.784375
9705		4.965625
9706		5.037500
9707		4.921875
9708		6.396875
9709		6.765625
9710		6.087500
9711		7.312500
9712		7.712500
9713		6.765625
9714		7.031250
9715		7.962500
9716		7.431250
9717		6.131250
9718		6.765625
9719		6.396875
9720		4.890625
9721		4.890625
9722		5.675000
9723		4.478125
9724		4.109375
9725		5.096875
9726		4.596875
9727		4.284375
9728		5.156250
9729		4.921875
9730		4.050000
9731		4.625000
9732		5.171875
9733		4.490625
9734		3.990625
9735		4.921875
9736		4.418750
9737		3.368750
9738		3.784375
9739		3.368750
9740		1.700000
9741		1.790625
9742		2.009375
9743		1.184375
9744		0.562500
9745		1.834375
9746		1.581250
9747		1.065625
9748		1.846875
9749		2.187500
9750		1.243750
9751		1.906250
9752		3.059375
9753		2.600000
9754		2.203125
9755		2.762500
9756		2.350000
9757		1.243750
9758		2.009375
9759		2.143750
9760		1.359375
9761		1.140625
9762		2.084375
9763		1.228125
9764		0.193750
9765		1.050000
9766		1.125000
9767		0.871875
9768		1.671875
9769		3.118750
9770		2.925000
9771		2.896875
9772		4.003125
9773		3.725000
9774		2.718750
9775		3.665625
9776		4.565625
9777		4.109375
9778		4.478125
9779		5.628125
9780		4.890625
9781		4.109375
9782		4.700000
9783		4.537500
9784		3.384375
9785		3.709375
9786		4.625000
9787		4.403125
9788		3.828125
9789		4.403125
9790		4.121875
9791		2.793750
9792		3.412500
9793		4.003125
9794		3.518750
9795		3.531250
9796		4.787500
9797		4.256250
9798		3.887500
9799		4.137500
9800		4.728125
9801		3.737500
9802		3.900000
9803		5.156250
9804		4.387500
9805		3.665625
9806		4.640625
9807		4.625000
9808		3.546875
9809		3.990625
9810		4.950000
9811		4.550000
9812		3.812500
9813		5.156250
9814		4.521875
9815		3.031250
9816		3.518750
9817		4.271875
9818		3.384375
9819		3.134375
9820		4.521875
9821		3.634375
9822		2.393750
9823		3.118750
9824		3.309375
9825		2.453125
9826		2.203125
9827		4.137500
9828		3.296875
9829		2.940625
9830		3.959375
9831		4.137500
9832		3.265625
9833		3.518750
9834		4.743750
9835		3.887500
9836		3.590625
9837		5.200000
9838		5.659375
9839		4.862500
9840		5.231250
9841		6.412500
9842		5.556250
9843		4.712500
9844		6.265625
9845		6.471875
9846		5.393750
9847		6.278125
9848		7.475000
9849		6.293750
9850		5.718750
9851		6.781250
9852		6.368750
9853		5.068750
9854		5.953125
9855		6.531250
9856		5.718750
9857		5.112500
9858		6.412500
9859		5.731250
9860		4.225000
9861		5.084375
9862		5.731250
9863		4.862500
9864		4.890625
9865		6.515625
9866		6.175000
9867		5.481250
9868		7.356250
9869		8.096875
9870		6.265625
9871		6.381250
9872		7.090625
9873		6.206250
9874		4.934375
9875		6.071875
9876		5.687500
9877		4.078125
9878		4.787500
9879		5.112500
9880		3.562500
9881		2.615625
9882		3.459375
9883		2.056250
9884		1.465625
9885		2.912500
9886		3.503125
9887		2.706250
9888		4.271875
9889		5.556250
9890		4.609375
9891		5.481250
9892		7.090625
9893		6.368750
9894		5.806250
9895		6.884375
9896		6.087500
9897		4.153125
9898		4.625000
9899		4.212500
9900		1.937500
9901		1.700000
9902		2.571875
9903		1.065625
9904		1.168750
9905		2.706250
9906		2.068750
9907		1.965625
9908		4.550000
9909		4.965625
9910		4.418750
9911		5.731250
9912		6.325000
9913		5.362500
9914		5.881250
9915		6.309375
9916		4.446875
9917		4.018750
9918		4.862500
9919		2.718750
9920		1.775000
9921		2.334375
9922		1.125000
9923		0.356250
9924		1.271875
9925		1.168750
9926		0.653125
9927		2.187500
9928		2.837500
9929		2.881250
9930		4.137500
9931		4.609375
9932		3.221875
9933		3.265625
9934		3.856250
9935		2.659375
9936		1.628125
9937		2.896875
9938		1.390625
9939		0.756250
9940		1.893750
9941		1.140625
9942		0.296875
9943		1.612500
9944		2.187500
9945		1.271875
9946		2.659375
9947		3.518750
9948		2.409375
9949		3.531250
9950		4.093750
9951		2.587500
9952		2.290625
9953		3.296875
9954		2.231250
9955		1.418750
9956		2.631250
9957		1.878125
9958		0.475000
9959		1.878125
9960		1.006250
9961		-0.087500
9962		1.050000
9963		1.346875
9964		0.459375
9965		1.537500
9966		2.100000
9967		0.815625
9968		1.243750
9969		2.468750
9970		1.537500
9971		1.684375
9972		2.750000
9973		1.759375
9974		1.034375
9975		2.381250
9976		0.931250
9977		-0.087500
9978		1.006250
9979		0.562500
9980		-0.456250
9981		0.828125
9982		0.756250
9983		-0.543750
9984		0.178125
9985		0.606250
9986		-0.796875
9987		-0.218750
9988		0.709375
9989		0.015625
9990		0.400000
9991		1.140625
9992		0.150000
9993		-0.587500
9994		0.296875
9995		-0.796875
9996		-1.181250
9997		-0.131250
9998		-0.500000
9999		-1.003125
10000		0.015625
