Channel              :		CH1
Frequency            :		  ?
Period               :		  ?
PK-PK                :		47.42mV?
Average              :		-0.175mV?
Vertical pos         :		1.000000mV
Probe attenuation    :		1X
Voltage per ADC value:		0.000781mV
Time interval        :		20.00000uS

index		CH1_Voltage(mV)
1		-3.428125
2		-3.087500
3		-3.725000
4		-3.471875
5		-3.178125
6		-4.300000
7		-4.078125
8		-5.200000
9		-4.212500
10		-2.587500
11		-0.475000
12		1.490625
13		2.021875
14		3.100000
15		4.103125
16		3.143750
17		2.481250
18		1.875000
19		1.078125
20		2.081250
21		1.962500
22		3.868750
23		3.440625
24		4.696875
25		5.184375
26		4.871875
27		4.103125
28		3.365625
29		3.040625
30		3.409375
31		2.481250
32		2.346875
33		2.168750
34		3.512500
35		4.578125
36		4.621875
37		4.665625
38		2.862500
39		2.759375
40		2.893750
41		2.318750
42		2.584375
43		1.003125
44		0.309375
45		0.987500
46		0.618750
47		0.781250
48		-1.759375
49		-2.100000
50		-2.615625
51		-3.059375
52		-3.178125
53		-4.268750
54		-3.237500
55		-2.528125
56		-0.209375
57		0.753125
58		-0.606250
59		-0.015625
60		-0.340625
61		0.043750
62		0.440625
63		-0.384375
64		-0.384375
65		-1.271875
66		-0.843750
67		-0.518750
68		-1.759375
69		-1.478125
70		-2.171875
71		-2.009375
72		-2.615625
73		-3.753125
74		-4.521875
75		-3.828125
76		-2.321875
77		-1.196875
78		-0.740625
79		-0.178125
80		-0.459375
81		0.012500
82		0.103125
83		0.884375
84		9.496875
85		17.737499
86		22.996876
87		21.281250
88		14.784375
89		7.309375
90		-2.762500
91		-11.684375
92		-14.521875
93		-13.412500
94		-11.403125
95		-8.450000
96		-3.959375
97		-0.990625
98		-1.109375
99		-1.759375
100		-2.600000
101		-4.181250
102		-7.046875
103		-10.859375
104		-13.281250
105		-13.871875
106		-13.206250
107		-9.896875
108		-5.762500
109		-2.365625
110		-2.068750
111		-2.659375
112		-5.318750
113		-8.006250
114		-12.215625
115		-14.831250
116		-14.756250
117		-14.490625
118		-13.250000
119		-12.512500
120		-10.090625
121		-8.362500
122		-7.253125
123		-6.428125
124		-8.184375
125		-9.853125
126		-12.481250
127		-14.371875
128		-16.100000
129		-16.234375
130		-14.506250
131		-11.065625
132		-9.262500
133		-7.637500
134		-7.712500
135		-7.593750
136		-7.918750
137		-7.918750
138		-10.000000
139		-10.606250
140		-11.537500
141		-10.859375
142		-9.040625
143		-6.012500
144		-4.137500
145		-2.171875
146		-0.637500
147		0.559375
148		-0.340625
149		-2.837500
150		-4.506250
151		-6.840625
152		-8.525000
153		-8.818750
154		-9.631250
155		-9.825000
156		-10.859375
157		-9.853125
158		-11.125000
159		-11.728125
160		-11.759375
161		-11.878125
162		-11.006250
163		-9.365625
164		-8.125000
165		-5.231250
166		-3.015625
167		-0.059375
168		1.121875
169		1.815625
170		1.371875
171		0.440625
172		-0.843750
173		-2.393750
174		-3.915625
175		-5.290625
176		-5.615625
177		-5.421875
178		-5.453125
179		-5.112500
180		-4.300000
181		-3.900000
182		-3.118750
183		-3.087500
184		-2.718750
185		-2.587500
186		-3.190625
187		-2.881250
188		-2.646875
189		-3.162500
190		-3.325000
191		-3.134375
192		-3.059375
193		-4.431250
194		-5.156250
195		-6.471875
196		-6.987500
197		-6.206250
198		-5.731250
199		-5.496875
200		-3.828125
201		-2.912500
202		-1.818750
203		-1.656250
204		-0.887500
205		-0.962500
206		-0.918750
207		-0.859375
208		-0.325000
209		-1.450000
210		-2.365625
211		-2.793750
212		-2.275000
213		-3.309375
214		-3.725000
215		-4.831250
216		-5.465625
217		-5.275000
218		-5.156250
219		-4.121875
220		-3.621875
221		-3.118750
222		-1.996875
223		-1.731250
224		-0.681250
225		-0.209375
226		0.634375
227		1.328125
228		2.081250
229		1.343750
230		1.475000
231		1.134375
232		1.918750
233		1.403125
234		1.268750
235		0.103125
236		-1.034375
237		-1.212500
238		-2.571875
239		-4.240625
240		-5.465625
241		-5.540625
242		-5.806250
243		-5.881250
244		-5.615625
245		-5.615625
246		-5.718750
247		-4.993750
248		-4.121875
249		-3.990625
250		-3.900000
251		-3.990625
252		-3.828125
253		-3.990625
254		-3.459375
255		-3.900000
256		-4.462500
257		-4.668750
258		-4.462500
259		-5.025000
260		-4.756250
261		-4.668750
262		-3.459375
263		-3.943750
264		-3.840625
265		-3.990625
266		-5.200000
267		-5.968750
268		-6.218750
269		-6.428125
270		-6.043750
271		-6.146875
272		-5.156250
273		-4.831250
274		-4.431250
275		-4.550000
276		-5.540625
277		-5.600000
278		-4.831250
279		-4.890625
280		-3.590625
281		-1.731250
282		0.959375
283		2.953125
284		4.193750
285		5.656250
286		5.196875
287		6.203125
288		6.100000
289		5.256250
290		3.706250
291		2.362500
292		0.928125
293		-1.153125
294		-3.650000
295		-5.009375
296		-6.175000
297		-6.337500
298		-6.500000
299		-7.225000
300		-6.928125
301		-7.018750
302		-7.609375
303		-6.559375
304		-5.909375
305		-4.846875
306		-4.256250
307		-2.778125
308		-1.509375
309		-0.178125
310		0.103125
311		0.071875
312		0.131250
313		0.131250
314		-1.021875
315		-1.581250
316		-2.956250
317		-4.240625
318		-4.803125
319		-4.906250
320		-5.259375
321		-6.087500
322		-6.543750
323		-6.471875
324		-6.646875
325		-6.706250
326		-8.081250
327		-8.643750
328		-7.637500
329		-8.243750
330		-7.593750
331		-7.459375
332		-6.603125
333		-4.950000
334		-4.284375
335		-3.915625
336		-5.037500
337		-4.328125
338		-4.121875
339		-2.925000
340		-3.753125
341		-4.328125
342		-4.490625
343		-3.606250
344		-3.871875
345		-3.515625
346		-6.603125
347		-7.415625
348		-8.375000
349		-8.228125
350		-8.981250
351		-9.837500
352		-9.234375
353		-8.184375
354		-7.240625
355		-6.500000
356		-6.706250
357		-6.381250
358		-6.412500
359		-5.156250
360		-4.712500
361		-4.787500
362		-5.568750
363		-4.875000
364		-3.575000
365		-2.734375
366		-1.006250
367		-1.196875
368		-0.725000
369		-1.256250
370		-0.843750
371		-0.281250
372		3.721875
373		4.209375
374		2.921875
375		4.296875
376		-0.281250
377		-7.371875
378		-10.475000
379		-11.506250
380		-12.453125
381		-10.828125
382		-7.740625
383		-4.181250
384		-1.478125
385		0.381250
386		1.712500
387		0.131250
388		-0.253125
389		0.706250
390		2.184375
391		4.812500
392		4.709375
393		4.103125
394		4.812500
395		3.809375
396		1.890625
397		-0.281250
398		-2.571875
399		-3.915625
400		-3.693750
401		-2.409375
402		-0.459375
403		1.637500
404		4.518750
405		3.143750
406		2.318750
407		1.550000
408		1.946875
409		2.184375
410		1.875000
411		2.021875
412		0.753125
413		-1.081250
414		-1.390625
415		-1.965625
416		-3.400000
417		-4.950000
418		-5.025000
419		-5.334375
420		-5.984375
421		-6.234375
422		-7.490625
423		-7.490625
424		-7.121875
425		-6.559375
426		-5.984375
427		-7.712500
428		-7.253125
429		-8.212500
430		-7.562500
431		-7.550000
432		-7.387500
433		-7.887500
434		-7.918750
435		-8.050000
436		-7.962500
437		-9.559375
438		-9.453125
439		-10.946875
440		-11.078125
441		-11.803125
442		-12.659375
443		-12.290625
444		-11.921875
445		-11.565625
446		-10.975000
447		-11.775000
448		-11.818750
449		-11.981250
450		-11.212500
451		-11.331250
452		-10.828125
453		-10.915625
454		-10.709375
455		-9.675000
456		-9.453125
457		-10.371875
458		-11.950000
459		-11.981250
460		-11.596875
461		-12.025000
462		-13.178125
463		-14.062500
464		-14.771875
465		-13.634375
466		-13.412500
467		-12.587500
468		-13.396875
469		-12.425000
470		-12.156250
471		-10.915625
472		-11.271875
473		-10.371875
474		-9.603125
475		-5.984375
476		-5.525000
477		-3.368750
478		-3.943750
479		-3.943750
480		-4.328125
481		-4.684375
482		-5.568750
483		-6.131250
484		-6.753125
485		-5.512500
486		-4.506250
487		-2.809375
488		-2.350000
489		-2.437500
490		-1.596875
491		-1.581250
492		-1.715625
493		-2.437500
494		-2.321875
495		-2.365625
496		-1.775000
497		-1.834375
498		-1.462500
499		-1.256250
500		-0.400000
501		-0.843750
502		-0.828125
503		-1.625000
504		-2.468750
505		-1.390625
506		-1.228125
507		-1.478125
508		-2.631250
509		-3.384375
510		-2.762500
511		-3.353125
512		-3.796875
513		-4.537500
514		-6.087500
515		-6.159375
516		-7.903125
517		-8.081250
518		-8.331250
519		-6.234375
520		-5.290625
521		-3.503125
522		-3.650000
523		-3.840625
524		-5.243750
525		-5.231250
526		-5.421875
527		-4.640625
528		-5.600000
529		-5.659375
530		-5.231250
531		-5.009375
532		-5.128125
533		-5.568750
534		-6.115625
535		-6.531250
536		-5.746875
537		-7.046875
538		-8.612500
539		-8.893750
540		-6.959375
541		-5.156250
542		-3.693750
543		-3.503125
544		-3.206250
545		-2.940625
546		-1.684375
547		1.962500
548		8.387500
549		13.646875
550		15.034375
551		14.075000
552		7.237500
553		0.634375
554		-5.671875
555		-9.440625
556		-9.203125
557		-6.250000
558		-5.156250
559		-5.112500
560		-5.746875
561		-4.537500
562		-6.190625
563		-5.718750
564		-5.081250
565		-4.771875
566		-4.315625
567		-6.484375
568		-6.900000
569		-8.878125
570		-8.525000
571		-6.456250
572		-4.565625
573		-4.121875
574		-5.762500
575		-7.150000
576		-7.459375
577		-8.450000
578		-8.921875
579		-9.778125
580		-9.115625
581		-8.568750
582		-8.390625
583		-8.200000
584		-7.343750
585		-6.559375
586		-5.834375
587		-5.968750
588		-5.865625
589		-7.181250
590		-7.490625
591		-8.081250
592		-8.465625
593		-8.212500
594		-7.296875
595		-6.634375
596		-5.865625
597		-5.968750
598		-5.140625
599		-5.746875
600		-5.243750
601		-4.684375
602		-4.831250
603		-3.796875
604		-3.575000
605		-2.571875
606		-1.212500
607		-0.193750
608		1.668750
609		1.890625
610		2.878125
611		4.459375
612		4.487500
613		4.075000
614		3.115625
615		2.331250
616		1.106250
617		0.381250
618		0.000000
619		-1.196875
620		-3.000000
621		-4.165625
622		-5.421875
623		-6.265625
624		-6.959375
625		-6.484375
626		-5.968750
627		-3.931250
628		-1.212500
629		0.412500
630		3.143750
631		4.621875
632		6.896875
633		7.412500
634		6.956250
635		7.884375
636		7.178125
637		6.734375
638		5.846875
639		4.800000
640		4.031250
641		3.468750
642		2.953125
643		2.775000
644		2.671875
645		3.440625
646		4.209375
647		5.359375
648		6.171875
649		6.762500
650		6.587500
651		7.015625
652		6.690625
653		7.400000
654		6.806250
655		7.043750
656		6.659375
657		6.587500
658		5.256250
659		4.296875
660		3.468750
661		3.381250
662		3.868750
663		5.137500
664		5.612500
665		6.437500
666		7.384375
667		8.593750
668		8.684375
669		9.937500
670		10.309375
671		10.634375
672		10.943750
673		11.343750
674		10.131250
675		9.643750
676		9.096875
677		9.318750
678		8.743750
679		7.618750
680		6.425000
681		5.981250
682		5.890625
683		7.384375
684		8.018750
685		8.315625
686		9.171875
687		10.159375
688		10.575000
689		11.459375
690		12.006250
691		12.878125
692		13.603125
693		14.118750
694		13.262500
695		14.428125
696		14.265625
697		15.521875
698		14.962500
699		15.034375
700		13.662500
701		13.143750
702		12.153125
703		11.637500
704		10.500000
705		8.859375
706		8.565625
707		8.387500
708		8.153125
709		8.359375
710		8.078125
711		8.359375
712		9.096875
713		9.790625
714		9.937500
715		9.643750
716		9.687500
717		9.762500
718		11.090625
719		10.884375
720		10.575000
721		10.425000
722		10.396875
723		10.159375
724		10.515625
725		9.953125
726		10.500000
727		10.425000
728		10.900000
729		8.431250
730		9.362500
731		8.756250
732		8.003125
733		7.546875
734		7.943750
735		7.618750
736		8.343750
737		8.343750
738		9.671875
739		9.215625
740		9.171875
741		9.053125
742		8.712500
743		9.465625
744		10.825000
745		12.315625
746		13.690625
747		14.740625
748		16.215626
749		17.174999
750		17.206249
751		17.546875
752		16.615625
753		16.690624
754		15.684375
755		15.109375
756		12.434375
757		10.175000
758		8.684375
759		7.162500
760		5.434375
761		4.915625
762		4.800000
763		4.740625
764		5.184375
765		4.812500
766		5.331250
767		5.109375
768		6.275000
769		6.512500
770		7.265625
771		7.796875
772		8.978125
773		9.893750
774		11.062500
775		11.550000
776		11.459375
777		11.268750
778		11.665625
779		10.206250
780		9.790625
781		6.984375
782		6.587500
783		6.350000
784		6.084375
785		5.553125
786		5.728125
787		5.240625
788		5.656250
789		5.021875
790		5.212500
791		4.075000
792		3.912500
793		3.896875
794		4.296875
795		5.050000
796		5.168750
797		7.250000
798		8.046875
799		7.990625
800		7.443750
801		8.581250
802		8.418750
803		9.346875
804		8.490625
805		9.068750
806		8.121875
807		8.581250
808		8.343750
809		9.718750
810		8.284375
811		7.665625
812		5.537500
813		4.518750
814		5.109375
815		4.975000
816		5.078125
817		5.109375
818		6.587500
819		7.915625
820		8.121875
821		7.781250
822		7.871875
823		7.250000
824		9.687500
825		9.865625
826		9.806250
827		14.428125
828		14.681250
829		15.228125
830		14.443750
831		11.090625
832		6.100000
833		3.350000
834		3.456250
835		3.987500
836		6.540625
837		10.087500
838		14.562500
839		18.387501
840		19.806250
841		21.653126
842		17.281250
843		14.812500
844		13.571875
845		13.587500
846		14.915625
847		15.700000
848		17.575001
849		19.318750
850		17.662500
851		14.962500
852		10.634375
853		8.268750
854		5.728125
855		5.537500
856		7.103125
857		8.815625
858		11.046875
859		13.853125
860		14.031250
861		12.965625
862		11.550000
863		12.037500
864		12.850000
865		14.562500
866		14.650000
867		15.065625
868		14.356250
869		13.381250
870		11.371875
871		8.756250
872		6.215625
873		5.743750
874		6.100000
875		6.571875
876		6.025000
877		4.975000
878		1.150000
879		3.928125
880		3.306250
881		3.365625
882		2.065625
883		2.259375
884		1.446875
885		2.568750
886		1.918750
887		1.403125
888		1.668750
889		2.156250
890		2.125000
891		1.653125
892		1.843750
893		0.440625
894		1.371875
895		1.475000
896		1.268750
897		1.712500
898		1.784375
899		2.168750
900		0.456250
901		-0.665625
902		-2.143750
903		-3.190625
904		-3.665625
905		-4.078125
906		-4.212500
907		-4.771875
908		-4.743750
909		-4.756250
910		-3.678125
911		-3.384375
912		-4.018750
913		-4.003125
914		-4.418750
915		-3.503125
916		-2.659375
917		-2.203125
918		-1.625000
919		-1.021875
920		-0.059375
921		-0.221875
922		0.131250
923		0.087500
924		-0.518750
925		-0.593750
926		0.381250
927		0.159375
928		0.043750
929		0.337500
930		0.678125
931		0.753125
932		1.150000
933		0.884375
934		1.431250
935		1.343750
936		1.534375
937		1.565625
938		1.225000
939		1.225000
940		2.081250
941		2.509375
942		3.012500
943		2.553125
944		2.596875
945		4.103125
946		4.546875
947		5.596875
948		5.671875
949		5.937500
950		7.309375
951		7.309375
952		8.815625
953		8.153125
954		7.768750
955		7.975000
956		8.565625
957		8.803125
958		8.003125
959		7.531250
960		7.900000
961		7.753125
962		7.340625
963		6.631250
964		6.956250
965		7.206250
966		7.075000
967		7.075000
968		6.675000
969		6.984375
970		8.137500
971		6.675000
972		6.128125
973		4.443750
974		4.312500
975		4.325000
976		3.734375
977		2.893750
978		1.253125
979		-0.031250
980		-0.740625
981		-0.637500
982		-0.281250
983		-1.375000
984		0.218750
985		1.712500
986		2.006250
987		1.756250
988		0.234375
989		-0.696875
990		0.146875
991		0.321875
992		-0.106250
993		-0.681250
994		-0.740625
995		-0.962500
996		-0.696875
997		-0.696875
998		-2.246875
999		-2.540625
1000		-3.443750
1001		-3.990625
1002		-4.653125
1003		-5.790625
1004		-5.275000
1005		-3.840625
1006		-1.287500
1007		-0.090625
1008		-1.050000
1009		0.412500
1010		1.134375
1011		6.215625
1012		14.665625
1013		19.568750
1014		20.321875
1015		15.787500
1016		8.256250
1017		0.590625
1018		-7.903125
1019		-10.990625
1020		-9.809375
1021		-6.028125
1022		-3.281250
1023		-1.846875
1024		-1.640625
1025		-1.981250
1026		-3.678125
1027		-4.537500
1028		-5.068750
1029		-6.071875
1030		-6.531250
1031		-6.456250
1032		-6.396875
1033		-5.821875
1034		-3.562500
1035		-0.059375
1036		1.637500
1037		1.918750
1038		-0.962500
1039		-3.753125
1040		-7.106250
1041		-7.712500
1042		-8.671875
1043		-8.909375
1044		-8.834375
1045		-8.287500
1046		-6.146875
1047		-4.771875
1048		-4.050000
1049		-4.978125
1050		-4.240625
1051		-5.128125
1052		-5.421875
1053		-7.415625
1054		-8.671875
1055		-8.893750
1056		-7.962500
1057		-6.056250
1058		-4.756250
1059		-3.840625
1060		-3.103125
1061		-2.940625
1062		-4.225000
1063		-5.362500
1064		-6.484375
1065		-6.987500
1066		-5.568750
1067		-4.756250
1068		-4.212500
1069		-3.575000
1070		-2.025000
1071		0.515625
1072		1.062500
1073		1.843750
1074		1.712500
1075		1.371875
1076		1.962500
1077		2.096875
1078		1.296875
1079		0.809375
1080		0.440625
1081		0.603125
1082		0.234375
1083		-1.375000
1084		-3.428125
1085		-5.303125
1086		-6.678125
1087		-8.184375
1088		-9.809375
1089		-10.221875
1090		-10.000000
1091		-8.434375
1092		-6.321875
1093		-3.575000
1094		-1.375000
1095		0.353125
1096		1.740625
1097		2.509375
1098		2.612500
1099		1.946875
1100		2.065625
1101		0.706250
1102		0.693750
1103		-0.209375
1104		-0.650000
1105		-1.287500
1106		-2.321875
1107		-1.906250
1108		-2.306250
1109		-2.675000
1110		-2.393750
1111		-2.246875
1112		-1.137500
1113		-1.406250
1114		-0.637500
1115		-0.443750
1116		-0.340625
1117		0.321875
1118		0.693750
1119		0.396875
1120		0.693750
1121		-0.356250
1122		-1.093750
1123		-2.615625
1124		-3.043750
1125		-3.693750
1126		-3.412500
1127		-2.290625
1128		-1.153125
1129		-1.034375
1130		0.115625
1131		0.381250
1132		1.031250
1133		0.943750
1134		1.371875
1135		1.165625
1136		1.106250
1137		1.578125
1138		1.150000
1139		0.959375
1140		0.634375
1141		0.484375
1142		0.603125
1143		-0.918750
1144		-1.731250
1145		-2.762500
1146		-3.190625
1147		-2.393750
1148		-1.700000
1149		-0.415625
1150		0.293750
1151		0.706250
1152		1.518750
1153		2.037500
1154		2.596875
1155		2.893750
1156		2.893750
1157		3.646875
1158		3.187500
1159		3.468750
1160		3.440625
1161		4.103125
1162		4.621875
1163		4.237500
1164		3.987500
1165		2.893750
1166		1.918750
1167		1.343750
1168		0.293750
1169		-0.253125
1170		-1.331250
1171		-1.153125
1172		-1.212500
1173		-1.243750
1174		-1.406250
1175		-1.243750
1176		-1.640625
1177		-0.709375
1178		-1.168750
1179		-0.546875
1180		-0.962500
1181		-0.696875
1182		-0.518750
1183		-0.800000
1184		-0.871875
1185		-1.168750
1186		-2.262500
1187		-2.143750
1188		-2.703125
1189		-2.009375
1190		-1.731250
1191		-0.918750
1192		-0.812500
1193		-1.759375
1194		-2.203125
1195		-3.134375
1196		-4.462500
1197		-4.565625
1198		-4.728125
1199		-3.975000
1200		-4.343750
1201		-3.250000
1202		-3.118750
1203		-3.087500
1204		-3.250000
1205		-3.915625
1206		-4.581250
1207		-3.828125
1208		-2.762500
1209		-1.137500
1210		-0.046875
1211		1.490625
1212		2.715625
1213		3.115625
1214		3.115625
1215		2.806250
1216		1.740625
1217		1.550000
1218		0.590625
1219		-0.075000
1220		-1.450000
1221		-3.384375
1222		-5.275000
1223		-6.603125
1224		-8.109375
1225		-8.584375
1226		-9.528125
1227		-9.084375
1228		-8.759375
1229		-8.406250
1230		-8.021875
1231		-7.609375
1232		-7.578125
1233		-6.721875
1234		-6.012500
1235		-5.009375
1236		-4.653125
1237		-4.050000
1238		-3.000000
1239		-2.215625
1240		-1.553125
1241		-2.112500
1242		-1.965625
1243		-2.587500
1244		-4.078125
1245		-5.350000
1246		-7.062500
1247		-7.490625
1248		-8.850000
1249		-8.493750
1250		-8.628125
1251		-8.553125
1252		-8.109375
1253		-7.946875
1254		-8.168750
1255		-7.637500
1256		-8.568750
1257		-9.071875
1258		-8.893750
1259		-8.553125
1260		-7.784375
1261		-6.337500
1262		-5.600000
1263		-5.378125
1264		-4.743750
1265		-4.121875
1266		-3.621875
1267		-3.250000
1268		-3.075000
1269		-3.531250
1270		-3.959375
1271		-4.756250
1272		-3.900000
1273		-3.768750
1274		-4.121875
1275		-5.421875
1276		-6.115625
1277		-6.943750
1278		-7.193750
1279		-7.371875
1280		-7.121875
1281		-7.209375
1282		-5.821875
1283		-5.984375
1284		-5.053125
1285		-4.581250
1286		-2.262500
1287		4.887500
1288		4.162500
1289		2.968750
1290		0.590625
1291		-7.343750
1292		-15.068750
1293		-15.612500
1294		-12.528125
1295		-7.962500
1296		-1.093750
1297		5.359375
1298		9.968750
1299		10.721875
1300		9.465625
1301		4.534375
1302		0.071875
1303		-2.631250
1304		-2.084375
1305		0.603125
1306		5.403125
1307		6.718750
1308		4.150000
1309		-0.768750
1310		-6.500000
1311		-9.956250
1312		-9.603125
1313		-8.287500
1314		-5.243750
1315		-2.143750
1316		-0.475000
1317		-2.128125
1318		-3.428125
1319		-5.465625
1320		-6.662500
1321		-6.381250
1322		-4.093750
1323		-1.065625
1324		1.859375
1325		1.593750
1326		0.559375
1327		-3.428125
1328		-3.796875
1329		-2.853125
1330		-1.553125
1331		-2.100000
1332		-1.359375
1333		-2.143750
1334		-2.409375
1335		-3.737500
1336		-5.600000
1337		-7.771875
1338		-9.750000
1339		-9.615625
1340		-9.706250
1341		-9.631250
1342		-10.221875
1343		-10.075000
1344		-9.896875
1345		-9.500000
1346		-9.365625
1347		-10.475000
1348		-11.506250
1349		-11.846875
1350		-11.921875
1351		-12.643750
1352		-11.818750
1353		-10.887500
1354		-9.912500
1355		-9.662500
1356		-9.928125
1357		-11.168750
1358		-10.650000
1359		-11.596875
1360		-10.990625
1361		-10.843750
1362		-12.112500
1363		-11.640625
1364		-11.065625
1365		-12.143750
1366		-12.393750
1367		-12.734375
1368		-14.137500
1369		-13.871875
1370		-14.315625
1371		-14.918750
1372		-16.912500
1373		-16.693750
1374		-15.881250
1375		-14.756250
1376		-13.812500
1377		-13.840625
1378		-13.221875
1379		-12.100000
1380		-11.212500
1381		-9.084375
1382		-8.612500
1383		-7.518750
1384		-7.593750
1385		-5.953125
1386		-6.206250
1387		-6.206250
1388		-6.206250
1389		-6.337500
1390		-6.337500
1391		-6.131250
1392		-8.006250
1393		-8.509375
1394		-9.615625
1395		-8.731250
1396		-9.381250
1397		-8.746875
1398		-8.818750
1399		-8.271875
1400		-7.018750
1401		-7.268750
1402		-6.856250
1403		-7.121875
1404		-6.603125
1405		-5.215625
1406		-4.431250
1407		-3.725000
1408		-3.621875
1409		-2.646875
1410		-1.065625
1411		-1.021875
1412		-0.962500
1413		-1.759375
1414		-1.640625
1415		-0.696875
1416		-0.253125
1417		-0.696875
1418		-1.462500
1419		-1.759375
1420		-1.390625
1421		-1.256250
1422		-1.406250
1423		-1.109375
1424		-1.212500
1425		-0.606250
1426		-1.553125
1427		-0.665625
1428		-2.540625
1429		-2.484375
1430		-2.378125
1431		-1.950000
1432		-1.775000
1433		-2.437500
1434		-2.393750
1435		-1.434375
1436		-1.759375
1437		-2.187500
1438		-3.103125
1439		-4.240625
1440		-4.684375
1441		-5.231250
1442		-5.037500
1443		-6.678125
1444		-7.121875
1445		-6.190625
1446		-6.353125
1447		-5.718750
1448		-5.850000
1449		-6.678125
1450		-5.540625
1451		-5.568750
1452		-5.762500
1453		-6.796875
1454		-6.087500
1455		-4.712500
1456		-3.943750
1457		-3.943750
1458		-5.140625
1459		-6.484375
1460		-6.646875
1461		-7.815625
1462		-8.700000
1463		-9.912500
1464		-10.709375
1465		-11.065625
1466		-10.887500
1467		-10.800000
1468		-10.075000
1469		-9.084375
1470		-7.621875
1471		-6.678125
1472		-5.600000
1473		-6.309375
1474		-6.484375
1475		-6.959375
1476		-5.200000
1477		-6.115625
1478		-7.090625
1479		-2.187500
1480		3.559375
1481		6.659375
1482		3.468750
1483		-3.000000
1484		-10.696875
1485		-15.850000
1486		-17.193750
1487		-17.237499
1488		-13.737500
1489		-8.981250
1490		-7.150000
1491		-6.971875
1492		-9.293750
1493		-11.787500
1494		-15.068750
1495		-16.012501
1496		-14.137500
1497		-12.365625
1498		-11.331250
1499		-11.640625
1500		-10.800000
1501		-9.321875
1502		-8.628125
1503		-8.303125
1504		-8.331250
1505		-10.193750
1506		-11.553125
1507		-14.268750
1508		-14.859375
1509		-15.937500
1510		-14.315625
1511		-10.915625
1512		-9.293750
1513		-8.996875
1514		-10.118750
1515		-11.034375
1516		-10.371875
1517		-11.759375
1518		-11.862500
1519		-13.281250
1520		-13.606250
1521		-12.940625
1522		-12.143750
1523		-11.506250
1524		-10.812500
1525		-9.971875
1526		-8.596875
1527		-9.143750
1528		-8.746875
1529		-11.240625
1530		-11.700000
1531		-11.271875
1532		-10.843750
1533		-9.143750
1534		-8.406250
1535		-7.903125
1536		-4.906250
1537		-3.162500
1538		-2.437500
1539		-2.393750
1540		-2.321875
1541		-1.228125
1542		-2.540625
1543		-1.921875
1544		-4.153125
1545		-4.565625
1546		-4.700000
1547		-4.625000
1548		-5.968750
1549		-7.740625
1550		-8.700000
1551		-9.453125
1552		-10.031250
1553		-10.534375
1554		-11.343750
1555		-10.090625
1556		-7.668750
1557		-5.350000
1558		-3.250000
1559		-2.040625
1560		0.103125
1561		2.375000
1562		2.346875
1563		3.025000
1564		2.212500
1565		1.565625
1566		1.046875
1567		0.781250
1568		-0.562500
1569		-1.656250
1570		-1.878125
1571		-1.228125
1572		-0.990625
1573		0.190625
1574		-0.281250
1575		0.515625
1576		0.471875
1577		1.875000
1578		2.228125
1579		1.918750
1580		1.890625
1581		2.287500
1582		3.115625
1583		3.987500
1584		3.706250
1585		3.793750
1586		2.553125
1587		2.050000
1588		0.840625
1589		0.012500
1590		0.856250
1591		2.065625
1592		3.262500
1593		4.696875
1594		5.109375
1595		6.393750
1596		5.728125
1597		6.806250
1598		7.456250
1599		6.984375
1600		6.865625
1601		7.443750
1602		7.606250
1603		7.796875
1604		7.618750
1605		6.762500
1606		6.690625
1607		6.393750
1608		5.581250
1609		4.871875
1610		4.134375
1611		4.753125
1612		5.493750
1613		6.528125
1614		7.384375
1615		7.353125
1616		7.828125
1617		8.078125
1618		9.096875
1619		8.846875
1620		9.290625
1621		9.303125
1622		9.893750
1623		9.525000
1624		10.087500
1625		10.484375
1626		10.912500
1627		10.750000
1628		11.225000
1629		10.309375
1630		9.703125
1631		9.096875
1632		7.812500
1633		7.871875
1634		7.650000
1635		7.146875
1636		6.571875
1637		6.734375
1638		6.881250
1639		6.631250
1640		6.806250
1641		7.456250
1642		8.034375
1643		8.371875
1644		8.684375
1645		8.640625
1646		8.743750
1647		9.128125
1648		9.128125
1649		8.431250
1650		7.162500
1651		6.290625
1652		6.231250
1653		4.296875
1654		6.587500
1655		6.881250
1656		7.118750
1657		7.000000
1658		7.428125
1659		6.112500
1660		4.768750
1661		4.946875
1662		4.134375
1663		4.371875
1664		4.975000
1665		5.509375
1666		6.350000
1667		6.496875
1668		6.940625
1669		6.275000
1670		5.700000
1671		6.068750
1672		5.803125
1673		6.659375
1674		7.471875
1675		8.506250
1676		9.746875
1677		10.706250
1678		12.125000
1679		12.065625
1680		10.943750
1681		10.218750
1682		9.496875
1683		8.906250
1684		7.990625
1685		6.540625
1686		5.462500
1687		3.884375
1688		2.937500
1689		2.375000
1690		2.037500
1691		2.331250
1692		2.481250
1693		2.818750
1694		3.365625
1695		4.237500
1696		4.253125
1697		4.281250
1698		5.656250
1699		6.659375
1700		8.093750
1701		8.256250
1702		8.359375
1703		9.968750
1704		9.909375
1705		10.353125
1706		9.909375
1707		8.696875
1708		7.975000
1709		6.762500
1710		5.034375
1711		4.150000
1712		4.237500
1713		4.193750
1714		4.578125
1715		4.371875
1716		4.518750
1717		4.162500
1718		4.578125
1719		4.562500
1720		4.059375
1721		3.396875
1722		3.131250
1723		3.987500
1724		4.696875
1725		6.318750
1726		7.515625
1727		6.940625
1728		7.471875
1729		7.856250
1730		6.556250
1731		8.506250
1732		8.062500
1733		7.931250
1734		7.087500
1735		6.793750
1736		12.584375
1737		25.596874
1738		24.309376
1739		25.596874
1740		19.909374
1741		4.503125
1742		-4.906250
1743		-5.893750
1744		-6.603125
1745		-2.837500
1746		5.803125
1747		12.715625
1748		18.609375
1749		18.978125
1750		17.250000
1751		11.562500
1752		3.262500
1753		-1.731250
1754		-4.593750
1755		-0.356250
1756		5.462500
1757		11.562500
1758		15.553125
1759		17.190624
1760		14.768750
1761		10.559375
1762		8.018750
1763		5.803125
1764		4.384375
1765		7.915625
1766		12.715625
1767		16.025000
1768		18.799999
1769		18.403126
1770		14.193750
1771		9.834375
1772		7.871875
1773		7.562500
1774		8.712500
1775		8.550000
1776		7.828125
1777		6.881250
1778		8.093750
1779		8.387500
1780		8.875000
1781		7.975000
1782		9.053125
1783		9.762500
1784		10.721875
1785		11.550000
1786		11.459375
1787		10.087500
1788		9.243750
1789		10.309375
1790		10.190625
1791		10.234375
1792		9.053125
1793		8.062500
1794		7.250000
1795		7.796875
1796		9.171875
1797		10.206250
1798		9.968750
1799		9.643750
1800		7.828125
1801		7.237500
1802		5.640625
1803		4.946875
1804		4.312500
1805		2.700000
1806		4.031250
1807		4.193750
1808		4.075000
1809		4.384375
1810		4.443750
1811		3.706250
1812		2.509375
1813		2.406250
1814		3.306250
1815		3.587500
1816		3.631250
1817		2.996875
1818		3.793750
1819		4.134375
1820		4.015625
1821		4.503125
1822		1.978125
1823		1.403125
1824		1.843750
1825		2.109375
1826		3.337500
1827		2.921875
1828		3.440625
1829		4.031250
1830		5.359375
1831		5.240625
1832		4.962500
1833		4.650000
1834		5.418750
1835		5.228125
1836		6.084375
1837		5.331250
1838		6.187500
1839		6.318750
1840		6.821875
1841		6.512500
1842		6.365625
1843		7.146875
1844		7.959375
1845		6.734375
1846		6.171875
1847		5.625000
1848		5.656250
1849		5.596875
1850		6.100000
1851		5.921875
1852		5.462500
1853		5.331250
1854		5.390625
1855		5.775000
1856		4.915625
1857		3.781250
1858		3.559375
1859		3.293750
1860		5.125000
1861		5.300000
1862		5.537500
1863		5.403125
1864		5.256250
1865		5.993750
1866		5.862500
1867		4.859375
1868		5.212500
1869		4.903125
1870		5.846875
1871		6.453125
1872		5.581250
1873		6.100000
1874		6.215625
1875		7.162500
1876		7.456250
1877		7.059375
1878		7.531250
1879		7.753125
1880		9.643750
1881		9.790625
1882		10.056250
1883		8.906250
1884		9.128125
1885		9.790625
1886		9.540625
1887		9.909375
1888		9.156250
1889		8.225000
1890		8.728125
1891		8.225000
1892		8.181250
1893		7.265625
1894		7.309375
1895		8.803125
1896		7.975000
1897		8.046875
1898		7.828125
1899		8.387500
1900		7.737500
1901		7.206250
1902		5.981250
1903		5.240625
1904		4.475000
1905		4.546875
1906		3.500000
1907		2.553125
1908		1.193750
1909		0.737500
1910		2.021875
1911		2.700000
1912		2.921875
1913		2.996875
1914		2.037500
1915		2.996875
1916		2.584375
1917		2.259375
1918		2.303125
1919		3.543750
1920		4.800000
1921		5.906250
1922		5.418750
1923		4.371875
1924		2.421875
1925		1.934375
1926		0.309375
1927		0.071875
1928		-1.493750
1929		-1.478125
1930		-1.509375
1931		-0.281250
1932		0.721875
1933		2.065625
1934		3.187500
1935		4.356250
1936		3.868750
1937		5.700000
1938		7.990625
1939		10.721875
1940		11.637500
1941		10.353125
1942		5.581250
1943		0.000000
1944		-4.756250
1945		-6.868750
1946		-7.831250
1947		-6.381250
1948		-5.156250
1949		-3.871875
1950		-5.053125
1951		-5.865625
1952		-7.193750
1953		-9.896875
1954		-9.956250
1955		-10.118750
1956		-8.465625
1957		-6.765625
1958		-7.078125
1959		-5.584375
1960		-4.256250
1961		-2.068750
1962		-0.990625
1963		-1.640625
1964		-2.350000
1965		-4.537500
1966		-6.206250
1967		-7.609375
1968		-8.375000
1969		-7.668750
1970		-7.387500
1971		-5.303125
1972		-4.831250
1973		-5.362500
1974		-5.334375
1975		-5.421875
1976		-4.550000
1977		-5.200000
1978		-5.068750
1979		-6.646875
1980		-6.618750
1981		-5.996875
1982		-6.206250
1983		-5.628125
1984		-5.096875
1985		-4.268750
1986		-3.606250
1987		-3.990625
1988		-4.815625
1989		-6.381250
1990		-7.268750
1991		-6.646875
1992		-6.559375
1993		-5.687500
1994		-5.128125
1995		-3.840625
1996		-2.100000
1997		-0.871875
1998		-0.593750
1999		-0.768750
2000		-0.812500
2001		0.087500
2002		0.618750
2003		1.771875
2004		2.037500
2005		2.037500
2006		4.075000
2007		3.706250
2008		3.056250
2009		0.928125
2010		0.206250
2011		-1.184375
2012		-3.146875
2013		-4.950000
2014		-7.209375
2015		-8.243750
2016		-7.312500
2017		-6.678125
2018		-4.934375
2019		-4.609375
2020		-2.468750
2021		-0.106250
2022		1.934375
2023		1.978125
2024		2.746875
2025		3.218750
2026		5.450000
2027		5.890625
2028		6.084375
2029		5.315625
2030		5.331250
2031		5.390625
2032		4.253125
2033		2.893750
2034		1.890625
2035		1.343750
2036		1.637500
2037		2.775000
2038		2.715625
2039		2.834375
2040		3.884375
2041		4.915625
2042		5.981250
2043		5.775000
2044		4.871875
2045		4.475000
2046		4.253125
2047		5.168750
2048		5.509375
2049		4.534375
2050		3.853125
2051		2.968750
2052		3.765625
2053		2.806250
2054		1.962500
2055		2.775000
2056		3.587500
2057		4.768750
2058		5.359375
2059		5.553125
2060		6.143750
2061		5.818750
2062		7.590625
2063		7.293750
2064		6.940625
2065		6.984375
2066		7.325000
2067		7.103125
2068		6.837500
2069		6.231250
2070		4.650000
2071		3.912500
2072		3.853125
2073		2.687500
2074		2.968750
2075		2.156250
2076		3.040625
2077		5.109375
2078		5.078125
2079		5.831250
2080		4.871875
2081		5.537500
2082		5.950000
2083		6.290625
2084		6.806250
2085		6.262500
2086		5.981250
2087		6.496875
2088		6.350000
2089		6.481250
2090		6.100000
2091		5.878125
2092		5.878125
2093		4.990625
2094		3.837500
2095		3.143750
2096		2.568750
2097		2.287500
2098		1.090625
2099		0.781250
2100		0.103125
2101		-0.162500
2102		-0.518750
2103		-0.546875
2104		-0.475000
2105		-0.340625
2106		-0.178125
2107		0.825000
2108		0.884375
2109		1.740625
2110		1.193750
2111		1.621875
2112		1.446875
2113		0.484375
2114		-0.578125
2115		-1.553125
2116		-2.956250
2117		-1.671875
2118		-0.990625
2119		-0.371875
2120		-0.296875
2121		-0.650000
2122		-0.400000
2123		-1.684375
2124		-2.484375
2125		-3.725000
2126		-4.403125
2127		-3.975000
2128		-3.990625
2129		-3.087500
2130		-2.718750
2131		-2.246875
2132		-1.434375
2133		-1.787500
2134		-1.906250
2135		-2.128125
2136		-1.965625
2137		-0.253125
2138		-0.325000
2139		1.078125
2140		1.946875
2141		3.175000
2142		4.090625
2143		4.253125
2144		4.800000
2145		3.853125
2146		2.909375
2147		1.565625
2148		1.181250
2149		-0.696875
2150		-2.290625
2151		-3.871875
2152		-5.128125
2153		-5.465625
2154		-6.484375
2155		-6.381250
2156		-6.190625
2157		-4.653125
2158		-5.231250
2159		-5.453125
2160		-5.393750
2161		-4.846875
2162		-3.975000
2163		-3.162500
2164		-2.040625
2165		-0.918750
2166		-0.431250
2167		0.753125
2168		1.518750
2169		1.621875
2170		0.781250
2171		-0.621875
2172		-1.359375
2173		-2.718750
2174		-3.459375
2175		-4.565625
2176		-5.393750
2177		-5.762500
2178		-5.303125
2179		-5.746875
2180		-5.746875
2181		-6.309375
2182		-6.575000
2183		-6.603125
2184		-7.165625
2185		-7.312500
2186		-7.371875
2187		-6.706250
2188		-5.762500
2189		-3.915625
2190		-2.690625
2191		-3.384375
2192		-4.256250
2193		-4.093750
2194		-3.531250
2195		-2.984375
2196		-3.531250
2197		-3.709375
2198		-4.328125
2199		-4.625000
2200		-4.418750
2201		-4.787500
2202		-4.581250
2203		-5.671875
2204		-2.837500
2205		5.390625
2206		1.740625
2207		3.175000
2208		2.168750
2209		-5.806250
2210		-13.000000
2211		-14.018750
2212		-12.290625
2213		-12.215625
2214		-6.840625
2215		-2.009375
2216		0.484375
2217		2.643750
2218		5.125000
2219		5.271875
2220		2.953125
2221		-1.478125
2222		-5.834375
2223		-9.262500
2224		-10.740625
2225		-10.090625
2226		-7.978125
2227		-4.050000
2228		-0.075000
2229		2.953125
2230		2.893750
2231		0.337500
2232		-3.531250
2233		-5.568750
2234		-3.915625
2235		-0.859375
2236		2.362500
2237		4.887500
2238		3.734375
2239		1.696875
2240		-1.521875
2241		-5.731250
2242		-7.740625
2243		-8.628125
2244		-8.037500
2245		-6.500000
2246		-4.268750
2247		-2.112500
2248		-2.718750
2249		-3.503125
2250		-4.050000
2251		-4.550000
2252		-2.350000
2253		-0.059375
2254		0.646875
2255		0.412500
2256		-0.800000
2257		-1.509375
2258		-2.068750
2259		-2.171875
2260		-2.659375
2261		-3.840625
2262		-4.700000
2263		-5.615625
2264		-5.378125
2265		-5.140625
2266		-5.718750
2267		-6.087500
2268		-6.190625
2269		-5.568750
2270		-5.968750
2271		-6.721875
2272		-7.875000
2273		-7.978125
2274		-7.962500
2275		-7.653125
2276		-7.550000
2277		-7.046875
2278		-8.200000
2279		-7.859375
2280		-9.293750
2281		-8.700000
2282		-8.850000
2283		-8.156250
2284		-8.096875
2285		-7.403125
2286		-6.781250
2287		-7.181250
2288		-7.328125
2289		-6.971875
2290		-8.509375
2291		-8.862500
2292		-9.293750
2293		-9.159375
2294		-9.187500
2295		-8.493750
2296		-8.525000
2297		-7.490625
2298		-6.825000
2299		-5.893750
2300		-5.746875
2301		-6.603125
2302		-7.328125
2303		-7.371875
2304		-6.721875
2305		-6.825000
2306		-5.053125
2307		-4.403125
2308		-4.537500
2309		-3.459375
2310		-3.103125
2311		-4.728125
2312		-6.412500
2313		-8.109375
2314		-8.996875
2315		-8.968750
2316		-8.921875
2317		-9.587500
2318		-9.365625
2319		-9.484375
2320		-9.928125
2321		-11.137500
2322		-12.587500
2323		-12.171875
2324		-13.265625
2325		-11.787500
2326		-11.359375
2327		-11.050000
2328		-10.400000
2329		-9.143750
2330		-8.715625
2331		-8.790625
2332		-9.409375
2333		-8.700000
2334		-9.365625
2335		-9.365625
2336		-8.790625
2337		-9.246875
2338		-8.834375
2339		-8.081250
2340		-7.003125
2341		-6.781250
2342		-7.637500
2343		-6.559375
2344		-6.278125
2345		-5.806250
2346		-4.803125
2347		-5.081250
2348		-4.965625
2349		-3.812500
2350		-2.718750
2351		-2.956250
2352		-3.325000
2353		-4.668750
2354		-4.965625
2355		-5.465625
2356		-5.778125
2357		-6.265625
2358		-6.959375
2359		-6.796875
2360		-6.381250
2361		-6.484375
2362		-5.200000
2363		-5.778125
2364		-5.659375
2365		-5.362500
2366		-5.243750
2367		-6.234375
2368		-6.971875
2369		-8.140625
2370		-7.343750
2371		-8.862500
2372		-8.893750
2373		-9.187500
2374		-8.671875
2375		-7.562500
2376		-6.737500
2377		-5.790625
2378		-6.471875
2379		-6.928125
2380		-4.537500
2381		-2.793750
2382		-0.546875
2383		-0.859375
2384		-0.221875
2385		-1.834375
2386		-3.975000
2387		-6.559375
2388		-9.559375
2389		-10.075000
2390		-9.365625
2391		-8.156250
2392		-7.740625
2393		-10.178125
2394		-10.903125
2395		-11.168750
2396		-11.434375
2397		-11.125000
2398		-11.034375
2399		-10.859375
2400		-10.031250
2401		-9.912500
2402		-9.381250
2403		-9.912500
2404		-8.937500
2405		-8.375000
2406		-8.140625
2407		-9.012500
2408		-10.709375
2409		-11.168750
2410		-11.743750
2411		-12.615625
2412		-13.131250
2413		-12.481250
2414		-12.881250
2415		-12.112500
2416		-12.025000
2417		-11.668750
2418		-12.940625
2419		-12.837500
2420		-12.703125
2421		-12.734375
2422		-12.912500
2423		-13.146875
2424		-13.234375
2425		-13.059375
2426		-12.481250
2427		-12.393750
2428		-12.925000
2429		-13.131250
2430		-13.753125
2431		-13.634375
2432		-14.165625
2433		-14.446875
2434		-14.268750
2435		-14.506250
2436		-14.328125
2437		-14.137500
2438		-13.781250
2439		-13.206250
2440		-12.512500
2441		-11.906250
2442		-11.743750
2443		-12.275000
2444		-12.659375
2445		-12.334375
2446		-12.615625
2447		-12.215625
2448		-12.468750
2449		-13.546875
2450		-13.028125
2451		-11.625000
2452		-12.171875
2453		-12.009375
2454		-13.368750
2455		-12.600000
2456		-12.468750
2457		-11.818750
2458		-10.962500
2459		-11.478125
2460		-10.887500
2461		-9.262500
2462		-8.790625
2463		-8.937500
2464		-8.493750
2465		-7.784375
2466		-7.312500
2467		-6.531250
2468		-5.378125
2469		-5.496875
2470		-5.893750
2471		-5.231250
2472		-6.575000
2473		-6.662500
2474		-8.628125
2475		-9.381250
2476		-10.534375
2477		-11.596875
2478		-13.000000
2479		-14.403125
2480		-15.021875
2481		-13.884375
2482		-13.281250
2483		-12.171875
2484		-11.271875
2485		-9.234375
2486		-6.737500
2487		-4.978125
2488		-3.459375
2489		-3.606250
2490		-2.734375
2491		-1.568750
2492		-1.065625
2493		-1.640625
2494		-2.468750
2495		-2.600000
2496		-1.775000
2497		-2.143750
2498		-1.818750
2499		-2.703125
2500		-3.118750
2501		-1.906250
2502		-1.596875
2503		-0.768750
2504		-1.640625
2505		-0.637500
2506		-0.178125
2507		0.618750
2508		0.234375
2509		-0.475000
2510		-0.518750
2511		0.353125
2512		0.646875
2513		0.190625
2514		-1.846875
2515		-2.393750
2516		-3.725000
2517		-2.940625
2518		-2.275000
2519		-2.496875
2520		-1.509375
2521		0.309375
2522		1.475000
2523		1.890625
2524		1.328125
2525		1.696875
2526		1.550000
2527		2.731250
2528		2.937500
2529		2.065625
2530		2.109375
2531		2.168750
2532		2.553125
2533		2.287500
2534		0.959375
2535		-0.431250
2536		-0.843750
2537		-1.700000
2538		-1.450000
2539		-1.731250
2540		-1.700000
2541		-0.606250
2542		1.121875
2543		1.459375
2544		1.843750
2545		1.490625
2546		2.168750
2547		3.337500
2548		3.631250
2549		3.543750
2550		2.671875
2551		2.628125
2552		3.543750
2553		4.443750
2554		4.209375
2555		3.631250
2556		2.656250
2557		3.293750
2558		3.440625
2559		2.375000
2560		1.328125
2561		1.150000
2562		1.550000
2563		1.106250
2564		0.706250
2565		-0.534375
2566		-1.700000
2567		0.575000
2568		0.515625
2569		0.796875
2570		0.868750
2571		1.815625
2572		3.131250
2573		3.987500
2574		4.103125
2575		3.971875
2576		4.768750
2577		4.812500
2578		4.443750
2579		3.321875
2580		2.434375
2581		1.843750
2582		1.934375
2583		2.509375
2584		2.746875
2585		2.434375
2586		2.700000
2587		2.553125
2588		1.653125
2589		0.959375
2590		0.028125
2591		0.146875
2592		0.737500
2593		1.621875
2594		2.021875
2595		2.790625
2596		3.618750
2597		4.162500
2598		4.059375
2599		4.475000
2600		4.562500
2601		5.965625
2602		6.762500
2603		8.240625
2604		9.318750
2605		9.821875
2606		10.293750
2607		10.056250
2608		10.500000
2609		10.337500
2610		9.968750
2611		9.290625
2612		7.178125
2613		7.075000
2614		5.287500
2615		3.528125
2616		2.878125
2617		1.993750
2618		1.918750
2619		2.037500
2620		1.831250
2621		2.390625
2622		2.318750
2623		3.262500
2624		2.481250
2625		2.331250
2626		2.537500
2627		3.484375
2628		4.828125
2629		6.025000
2630		6.984375
2631		7.943750
2632		9.334375
2633		9.790625
2634		8.934375
2635		7.990625
2636		6.215625
2637		4.975000
2638		3.721875
2639		3.100000
2640		2.406250
2641		2.228125
2642		2.156250
2643		2.200000
2644		1.875000
2645		1.446875
2646		0.706250
2647		0.590625
2648		-0.162500
2649		-0.415625
2650		-0.325000
2651		1.003125
2652		1.784375
2653		3.912500
2654		4.800000
2655		4.990625
2656		4.281250
2657		4.000000
2658		4.415625
2659		4.784375
2660		4.650000
2661		4.459375
2662		3.793750
2663		5.109375
2664		4.696875
2665		4.443750
2666		3.350000
2667		1.993750
2668		1.121875
2669		0.531250
2670		-0.296875
2671		-0.887500
2672		-0.621875
2673		0.146875
2674		0.809375
2675		1.268750
2676		1.918750
2677		1.859375
2678		2.287500
2679		2.375000
2680		3.115625
2681		3.603125
2682		5.125000
2683		4.975000
2684		6.262500
2685		6.318750
2686		6.793750
2687		6.865625
2688		8.196875
2689		8.268750
2690		8.240625
2691		7.990625
2692		8.478125
2693		8.696875
2694		9.525000
2695		9.556250
2696		10.278125
2697		10.190625
2698		13.484375
2699		13.868750
2700		14.915625
2701		13.881250
2702		12.628125
2703		10.115625
2704		9.128125
2705		8.565625
2706		8.593750
2707		9.128125
2708		11.534375
2709		13.306250
2710		14.221875
2711		13.706250
2712		12.981250
2713		11.503125
2714		10.559375
2715		9.140625
2716		10.087500
2717		11.075000
2718		12.775000
2719		13.706250
2720		14.296875
2721		13.971875
2722		12.731250
2723		13.143750
2724		13.115625
2725		12.553125
2726		11.740625
2727		11.637500
2728		11.712500
2729		11.490625
2730		11.518750
2731		11.121875
2732		10.309375
2733		9.556250
2734		9.081250
2735		8.446875
2736		8.046875
2737		7.693750
2738		7.915625
2739		9.053125
2740		9.718750
2741		10.131250
2742		10.175000
2743		10.100000
2744		10.575000
2745		9.850000
2746		10.056250
2747		9.496875
2748		9.421875
2749		9.525000
2750		8.906250
2751		8.803125
2752		8.106250
2753		7.678125
2754		7.737500
2755		7.162500
2756		6.481250
2757		5.715625
2758		5.937500
2759		5.375000
2760		5.390625
2761		5.478125
2762		4.784375
2763		4.975000
2764		4.665625
2765		3.987500
2766		4.237500
2767		3.781250
2768		4.162500
2769		4.325000
2770		4.503125
2771		4.578125
2772		4.428125
2773		4.356250
2774		4.843750
2775		5.093750
2776		5.034375
2777		3.262500
2778		4.209375
2779		3.809375
2780		4.162500
2781		3.837500
2782		3.484375
2783		2.878125
2784		2.331250
2785		1.506250
2786		1.475000
2787		0.337500
2788		0.190625
2789		0.456250
2790		0.484375
2791		0.809375
2792		0.131250
2793		0.706250
2794		0.456250
2795		1.253125
2796		0.646875
2797		1.475000
2798		1.890625
2799		2.687500
2800		3.175000
2801		3.143750
2802		3.350000
2803		4.534375
2804		4.371875
2805		4.503125
2806		4.681250
2807		4.518750
2808		5.021875
2809		6.068750
2810		6.481250
2811		6.762500
2812		6.025000
2813		7.146875
2814		6.393750
2815		7.531250
2816		6.750000
2817		7.028125
2818		5.581250
2819		5.921875
2820		6.984375
2821		6.806250
2822		6.365625
2823		6.690625
2824		6.587500
2825		7.281250
2826		7.828125
2827		8.018750
2828		7.575000
2829		6.984375
2830		7.237500
2831		6.881250
2832		6.171875
2833		5.625000
2834		3.662500
2835		5.021875
2836		5.153125
2837		5.759375
2838		5.153125
2839		5.831250
2840		6.865625
2841		7.131250
2842		7.131250
2843		6.437500
2844		6.643750
2845		6.853125
2846		6.718750
2847		7.325000
2848		7.443750
2849		7.178125
2850		7.178125
2851		7.190625
2852		6.350000
2853		4.887500
2854		3.956250
2855		4.740625
2856		4.059375
2857		3.100000
2858		2.700000
2859		2.287500
2860		4.253125
2861		4.681250
2862		6.068750
2863		5.715625
2864		5.612500
2865		6.156250
2866		6.040625
2867		5.509375
2868		4.887500
2869		4.709375
2870		4.768750
2871		3.468750
2872		3.071875
2873		1.565625
2874		1.031250
2875		-0.268750
2876		1.150000
2877		0.868750
2878		-0.431250
2879		-0.106250
2880		0.590625
2881		1.209375
2882		1.621875
2883		1.403125
2884		2.200000
2885		1.859375
2886		3.734375
2887		2.968750
2888		3.234375
2889		2.700000
2890		3.187500
2891		2.200000
2892		1.859375
2893		0.456250
2894		-0.371875
2895		-1.775000
2896		-1.390625
2897		-1.375000
2898		-1.775000
2899		-2.821875
2900		-3.000000
2901		-2.646875
2902		-1.406250
2903		-2.468750
2904		-1.700000
2905		-1.462500
2906		-1.184375
2907		-1.715625
2908		-1.478125
2909		-2.100000
2910		-1.878125
2911		-1.434375
2912		-1.568750
2913		-2.971875
2914		-3.737500
2915		-4.212500
2916		-3.931250
2917		-4.240625
2918		-4.343750
2919		-5.318750
2920		-5.081250
2921		-4.062500
2922		-2.984375
2923		-2.703125
2924		-2.128125
2925		-2.143750
2926		-1.287500
2927		-1.287500
2928		-1.065625
2929		-1.346875
2930		-0.356250
2931		0.737500
2932		2.140625
2933		3.056250
2934		2.362500
2935		2.287500
2936		0.809375
2937		0.131250
2938		-0.990625
2939		-3.134375
2940		-4.787500
2941		-5.037500
2942		-5.996875
2943		-7.268750
2944		-8.406250
2945		-8.656250
2946		-7.240625
2947		-6.234375
2948		-5.525000
2949		-4.328125
2950		-2.350000
2951		-0.312500
2952		1.859375
2953		2.596875
2954		2.790625
2955		3.468750
2956		5.287500
2957		5.021875
2958		4.534375
2959		3.365625
2960		2.184375
2961		2.687500
2962		1.784375
2963		1.875000
2964		1.121875
2965		1.712500
2966		2.996875
2967		5.240625
2968		5.403125
2969		6.437500
2970		6.837500
2971		7.768750
2972		7.871875
2973		7.840625
2974		6.425000
2975		6.053125
2976		5.346875
2977		6.453125
2978		5.906250
2979		4.253125
2980		4.590625
2981		5.300000
2982		6.806250
2983		7.178125
2984		6.350000
2985		7.340625
2986		6.984375
2987		7.118750
2988		6.187500
2989		5.109375
2990		4.475000
2991		5.315625
2992		6.956250
2993		7.412500
2994		7.428125
2995		7.400000
2996		6.793750
2997		6.853125
2998		5.937500
2999		5.375000
3000		3.100000
3001		2.228125
3002		2.806250
3003		2.981250
3004		3.734375
3005		4.621875
3006		4.800000
3007		5.553125
3008		4.843750
3009		4.800000
3010		3.559375
3011		3.484375
3012		5.109375
3013		5.418750
3014		5.478125
3015		5.831250
3016		5.612500
3017		7.693750
3018		7.250000
3019		8.121875
3020		6.393750
3021		5.921875
3022		5.434375
3023		4.371875
3024		4.059375
3025		3.071875
3026		2.568750
3027		4.103125
3028		3.559375
3029		3.337500
3030		1.843750
3031		2.303125
3032		2.818750
3033		2.362500
3034		2.731250
3035		2.700000
3036		4.075000
3037		5.656250
3038		7.281250
3039		7.931250
3040		6.853125
3041		7.221875
3042		6.925000
3043		5.981250
3044		5.256250
3045		4.031250
3046		4.415625
3047		5.846875
3048		6.571875
3049		7.103125
3050		5.759375
3051		5.684375
3052		5.565625
3053		4.103125
3054		3.321875
3055		2.375000
3056		2.390625
3057		3.440625
3058		3.853125
3059		5.315625
3060		4.356250
3061		4.546875
3062		4.800000
3063		5.743750
3064		6.468750
3065		5.743750
3066		6.171875
3067		6.512500
3068		8.787500
3069		9.893750
3070		9.850000
3071		10.531250
3072		10.131250
3073		10.262500
3074		9.096875
3075		7.618750
3076		6.587500
3077		5.993750
3078		5.006250
3079		3.246875
3080		1.740625
3081		0.396875
3082		0.412500
3083		0.234375
3084		0.440625
3085		-0.650000
3086		-1.081250
3087		-1.093750
3088		-0.843750
3089		-1.050000
3090		-0.518750
3091		-0.918750
3092		0.012500
3093		1.003125
3094		1.890625
3095		2.921875
3096		2.156250
3097		2.525000
3098		2.850000
3099		1.740625
3100		0.634375
3101		-0.975000
3102		-1.700000
3103		-2.496875
3104		-2.956250
3105		-3.000000
3106		-4.050000
3107		-4.268750
3108		-4.537500
3109		-5.350000
3110		-5.968750
3111		-6.781250
3112		-7.078125
3113		-7.268750
3114		-7.343750
3115		-7.387500
3116		-6.796875
3117		-5.406250
3118		-3.840625
3119		-4.018750
3120		-4.062500
3121		-4.787500
3122		-3.575000
3123		-2.762500
3124		-2.393750
3125		-2.334375
3126		-3.146875
3127		-3.353125
3128		-2.865625
3129		-2.690625
3130		-2.912500
3131		-4.668750
3132		-5.378125
3133		-6.087500
3134		-7.475000
3135		-8.037500
3136		-8.700000
3137		-9.040625
3138		-8.937500
3139		-8.568750
3140		-8.553125
3141		-8.612500
3142		-8.596875
3143		-8.096875
3144		-7.534375
3145		-7.018750
3146		-6.781250
3147		-5.821875
3148		-6.309375
3149		-5.909375
3150		-5.881250
3151		-6.056250
3152		-4.815625
3153		-3.546875
3154		-3.840625
3155		-3.737500
3156		-3.975000
3157		-3.028125
3158		-3.281250
3159		-3.028125
3160		-3.087500
3161		-3.840625
3162		-3.871875
3163		-3.943750
3164		-3.975000
3165		-4.034375
3166		-4.550000
3167		-4.050000
3168		-4.284375
3169		-4.225000
3170		-4.771875
3171		-5.525000
3172		-5.996875
3173		-5.893750
3174		-5.318750
3175		-4.653125
3176		-4.862500
3177		-3.621875
3178		-3.368750
3179		-2.187500
3180		-1.671875
3181		-1.315625
3182		-1.375000
3183		-1.315625
3184		-1.478125
3185		-0.740625
3186		-0.725000
3187		-0.518750
3188		-1.093750
3189		-0.475000
3190		-1.093750
3191		-2.040625
3192		-2.528125
3193		-2.912500
3194		-2.853125
3195		-2.365625
3196		-2.393750
3197		-1.906250
3198		-2.646875
3199		-1.981250
3200		-2.246875
3201		-1.846875
3202		-2.290625
3203		-1.700000
3204		-1.906250
3205		-1.775000
3206		-1.212500
3207		-1.462500
3208		-1.878125
3209		-1.406250
3210		-1.021875
3211		-1.065625
3212		-1.184375
3213		-1.331250
3214		-1.287500
3215		-0.962500
3216		-1.256250
3217		-1.640625
3218		-1.950000
3219		-1.715625
3220		-2.025000
3221		-2.437500
3222		-3.134375
3223		-3.146875
3224		-2.956250
3225		-3.428125
3226		-3.384375
3227		-4.003125
3228		-4.050000
3229		-3.471875
3230		-2.556250
3231		-2.068750
3232		-1.878125
3233		-2.143750
3234		-1.906250
3235		-2.881250
3236		-3.309375
3237		-4.268750
3238		-3.871875
3239		-2.468750
3240		-1.581250
3241		-1.878125
3242		-2.084375
3243		-3.178125
3244		-4.212500
3245		-4.846875
3246		-6.012500
3247		-6.575000
3248		-7.415625
3249		-7.446875
3250		-7.181250
3251		-7.296875
3252		-8.481250
3253		-9.131250
3254		-9.825000
3255		-9.690625
3256		-10.209375
3257		-10.487500
3258		-10.356250
3259		-9.793750
3260		-8.584375
3261		-9.084375
3262		-9.159375
3263		-9.528125
3264		-9.293750
3265		-9.025000
3266		-8.893750
3267		-7.946875
3268		-7.165625
3269		-7.121875
3270		-6.884375
3271		-7.106250
3272		-7.106250
3273		-6.634375
3274		-7.193750
3275		-7.003125
3276		-6.959375
3277		-6.396875
3278		-6.159375
3279		-6.412500
3280		-6.368750
3281		-7.356250
3282		-7.918750
3283		-8.996875
3284		-9.365625
3285		-8.893750
3286		-9.012500
3287		-9.559375
3288		-8.968750
3289		-8.700000
3290		-7.903125
3291		-8.375000
3292		-8.168750
3293		-9.396875
3294		-9.587500
3295		-9.646875
3296		-9.337500
3297		-9.940625
3298		-9.825000
3299		-10.475000
3300		-10.903125
3301		-11.878125
3302		-12.734375
3303		-13.234375
3304		-11.728125
3305		-11.581250
3306		-11.168750
3307		-10.415625
3308		-11.743750
3309		-12.231250
3310		-11.434375
3311		-10.590625
3312		-10.296875
3313		-10.475000
3314		-10.150000
3315		-10.178125
3316		-10.696875
3317		-10.753125
3318		-12.468750
3319		-11.906250
3320		-11.700000
3321		-12.246875
3322		-12.690625
3323		-13.975000
3324		-14.181250
3325		-12.778125
3326		-12.631250
3327		-10.784375
3328		-10.990625
3329		-10.265625
3330		-9.778125
3331		-9.131250
3332		-9.234375
3333		-9.631250
3334		-10.371875
3335		-9.056250
3336		-10.503125
3337		-10.621875
3338		-13.131250
3339		-13.884375
3340		-14.403125
3341		-13.650000
3342		-13.087500
3343		-14.121875
3344		-14.165625
3345		-13.943750
3346		-12.556250
3347		-11.728125
3348		-12.984375
3349		-11.553125
3350		-11.256250
3351		-10.265625
3352		-9.793750
3353		-10.162500
3354		-9.262500
3355		-8.746875
3356		-8.759375
3357		-8.612500
3358		-10.221875
3359		-10.606250
3360		-10.962500
3361		-10.475000
3362		-10.903125
3363		-10.784375
3364		-11.906250
3365		-11.700000
3366		-10.903125
3367		-9.631250
3368		-9.734375
3369		-9.246875
3370		-8.790625
3371		-7.859375
3372		-9.262500
3373		-9.159375
3374		-10.518750
3375		-10.193750
3376		-10.312500
3377		-10.209375
3378		-11.581250
3379		-12.187500
3380		-12.528125
3381		-12.171875
3382		-14.121875
3383		-13.234375
3384		-13.353125
3385		-12.409375
3386		-10.281250
3387		-6.943750
3388		-2.112500
3389		0.440625
3390		2.318750
3391		2.156250
3392		0.234375
3393		-3.221875
3394		-6.071875
3395		-6.484375
3396		-5.290625
3397		-3.353125
3398		-0.325000
3399		0.265625
3400		-0.150000
3401		-2.290625
3402		-4.950000
3403		-7.993750
3404		-11.478125
3405		-14.550000
3406		-15.984375
3407		-19.825001
3408		-17.934376
3409		-18.049999
3410		-17.015625
3411		-14.978125
3412		-12.806250
3413		-11.668750
3414		-11.125000
3415		-10.253125
3416		-8.968750
3417		-9.453125
3418		-7.740625
3419		-7.903125
3420		-6.928125
3421		-4.387500
3422		-3.796875
3423		-4.490625
3424		-6.456250
3425		-8.568750
3426		-9.603125
3427		-10.637500
3428		-10.665625
3429		-12.350000
3430		-11.300000
3431		-10.000000
3432		-8.156250
3433		-6.590625
3434		-5.893750
3435		-5.231250
3436		-4.490625
3437		-5.437500
3438		-5.275000
3439		-7.506250
3440		-7.387500
3441		-7.475000
3442		-6.971875
3443		-7.815625
3444		-8.584375
3445		-8.953125
3446		-7.903125
3447		-7.756250
3448		-6.662500
3449		-6.590625
3450		-5.821875
3451		-6.012500
3452		-3.634375
3453		-3.990625
3454		-4.196875
3455		-3.768750
3456		-2.734375
3457		-2.306250
3458		-1.021875
3459		-1.818750
3460		-3.015625
3461		-4.196875
3462		-3.990625
3463		-5.112500
3464		-5.909375
3465		-6.915625
3466		-6.575000
3467		-6.337500
3468		-4.668750
3469		-4.062500
3470		-3.515625
3471		-3.015625
3472		-1.878125
3473		-1.243750
3474		-0.962500
3475		-0.681250
3476		-0.443750
3477		1.253125
3478		1.415625
3479		1.550000
3480		0.484375
3481		1.150000
3482		2.081250
3483		2.037500
3484		2.081250
3485		0.737500
3486		0.900000
3487		0.825000
3488		0.012500
3489		0.012500
3490		-1.287500
3491		-1.700000
3492		-2.912500
3493		-3.590625
3494		-5.525000
3495		-7.446875
3496		-7.934375
3497		-7.240625
3498		-5.925000
3499		-4.593750
3500		-4.315625
3501		-2.659375
3502		-1.256250
3503		-0.975000
3504		-1.212500
3505		-1.684375
3506		-1.965625
3507		-2.703125
3508		-2.600000
3509		-2.793750
3510		-3.015625
3511		-2.496875
3512		-0.725000
3513		-0.193750
3514		-0.253125
3515		-1.921875
3516		-2.912500
3517		-3.871875
3518		-4.803125
3519		-5.525000
3520		-7.046875
3521		-6.428125
3522		-4.581250
3523		-4.003125
3524		-4.343750
3525		-3.281250
3526		-2.956250
3527		-1.434375
3528		-0.209375
3529		0.856250
3530		-0.059375
3531		0.753125
3532		0.959375
3533		3.440625
3534		3.825000
3535		4.740625
3536		5.993750
3537		7.443750
3538		8.696875
3539		9.496875
3540		6.556250
3541		6.100000
3542		3.721875
3543		3.143750
3544		0.515625
3545		-2.587500
3546		-2.956250
3547		-3.621875
3548		-2.778125
3549		-3.871875
3550		-4.018750
3551		-4.978125
3552		-5.378125
3553		-5.171875
3554		-5.053125
3555		-4.803125
3556		-5.025000
3557		-4.225000
3558		-1.625000
3559		0.471875
3560		1.225000
3561		2.850000
3562		3.559375
3563		5.050000
3564		4.400000
3565		3.884375
3566		2.109375
3567		0.971875
3568		1.253125
3569		0.987500
3570		0.959375
3571		-0.325000
3572		-0.740625
3573		0.471875
3574		0.412500
3575		-0.268750
3576		-0.665625
3577		-1.271875
3578		-0.843750
3579		-1.493750
3580		-0.281250
3581		0.412500
3582		1.296875
3583		3.203125
3584		3.365625
3585		3.528125
3586		4.134375
3587		5.093750
3588		6.587500
3589		5.700000
3590		5.700000
3591		4.503125
3592		5.065625
3593		5.553125
3594		5.759375
3595		4.975000
3596		3.956250
3597		2.968750
3598		2.596875
3599		1.475000
3600		1.268750
3601		0.884375
3602		0.840625
3603		0.618750
3604		0.928125
3605		1.253125
3606		1.343750
3607		1.431250
3608		2.612500
3609		2.775000
3610		3.825000
3611		3.971875
3612		4.562500
3613		5.050000
3614		4.340625
3615		4.265625
3616		5.006250
3617		6.068750
3618		6.806250
3619		7.428125
3620		7.281250
3621		7.250000
3622		7.340625
3623		7.503125
3624		8.121875
3625		7.618750
3626		7.221875
3627		7.503125
3628		7.575000
3629		7.503125
3630		6.956250
3631		6.306250
3632		5.625000
3633		4.768750
3634		3.956250
3635		3.750000
3636		3.425000
3637		3.203125
3638		4.665625
3639		5.728125
3640		6.837500
3641		7.796875
3642		7.871875
3643		8.684375
3644		9.406250
3645		9.465625
3646		10.559375
3647		10.206250
3648		10.440625
3649		11.593750
3650		12.140625
3651		12.450000
3652		12.081250
3653		11.800000
3654		10.868750
3655		9.790625
3656		9.184375
3657		7.975000
3658		7.178125
3659		7.943750
3660		8.387500
3661		8.756250
3662		8.728125
3663		8.696875
3664		8.046875
3665		8.034375
3666		7.753125
3667		7.515625
3668		7.531250
3669		8.003125
3670		7.575000
3671		7.250000
3672		7.325000
3673		7.325000
3674		7.650000
3675		7.103125
3676		7.237500
3677		4.871875
3678		6.778125
3679		6.215625
3680		5.937500
3681		5.950000
3682		5.375000
3683		5.656250
3684		5.331250
3685		4.871875
3686		4.946875
3687		4.090625
3688		3.631250
3689		3.884375
3690		3.262500
3691		3.409375
3692		2.715625
3693		3.100000
3694		4.962500
3695		3.381250
3696		3.278125
3697		3.337500
3698		3.809375
3699		4.281250
3700		4.193750
3701		4.784375
3702		4.828125
3703		5.050000
3704		5.315625
3705		5.359375
3706		4.843750
3707		4.312500
3708		3.690625
3709		3.618750
3710		3.484375
3711		3.884375
3712		2.584375
3713		2.375000
3714		2.156250
3715		1.712500
3716		1.756250
3717		1.328125
3718		1.518750
3719		1.771875
3720		2.021875
3721		2.037500
3722		1.459375
3723		2.481250
3724		2.953125
3725		3.706250
3726		5.034375
3727		5.240625
3728		5.640625
3729		6.306250
3730		7.618750
3731		8.315625
3732		8.550000
3733		8.062500
3734		8.106250
3735		7.309375
3736		7.796875
3737		7.721875
3738		7.309375
3739		7.443750
3740		7.931250
3741		8.034375
3742		7.753125
3743		7.693750
3744		7.975000
3745		7.237500
3746		7.471875
3747		7.250000
3748		7.162500
3749		6.496875
3750		7.900000
3751		7.162500
3752		7.796875
3753		7.575000
3754		7.428125
3755		7.503125
3756		7.856250
3757		7.353125
3758		6.690625
3759		5.921875
3760		6.540625
3761		5.671875
3762		6.171875
3763		5.390625
3764		5.981250
3765		4.459375
3766		2.850000
3767		2.775000
3768		2.287500
3769		2.584375
3770		3.484375
3771		4.237500
3772		4.075000
3773		3.559375
3774		3.131250
3775		2.596875
3776		2.893750
3777		3.071875
3778		3.468750
3779		3.484375
3780		3.750000
3781		3.040625
3782		2.596875
3783		2.050000
3784		1.890625
3785		1.150000
3786		0.900000
3787		0.028125
3788		0.471875
3789		0.115625
3790		1.403125
3791		2.953125
3792		3.409375
3793		4.503125
3794		4.209375
3795		4.843750
3796		4.090625
3797		4.621875
3798		4.281250
3799		3.631250
3800		3.278125
3801		4.356250
3802		4.637500
3803		3.853125
3804		3.750000
3805		3.262500
3806		4.209375
3807		4.150000
3808		4.118750
3809		4.534375
3810		5.137500
3811		6.587500
3812		7.384375
3813		7.781250
3814		8.859375
3815		9.156250
3816		9.156250
3817		7.575000
3818		6.690625
3819		5.921875
3820		4.915625
3821		4.709375
3822		4.103125
3823		4.725000
3824		4.371875
3825		4.134375
3826		5.331250
3827		5.271875
3828		4.990625
3829		3.278125
3830		3.159375
3831		3.765625
3832		3.837500
3833		3.396875
3834		4.253125
3835		5.137500
3836		5.775000
3837		5.478125
3838		4.800000
3839		4.503125
3840		2.921875
3841		2.921875
3842		1.518750
3843		1.031250
3844		-0.665625
3845		0.337500
3846		0.131250
3847		0.381250
3848		0.693750
3849		0.440625
3850		0.928125
3851		2.109375
3852		2.656250
3853		2.584375
3854		2.346875
3855		1.815625
3856		2.406250
3857		2.303125
3858		3.337500
3859		3.662500
3860		5.168750
3861		7.665625
3862		8.403125
3863		7.828125
3864		6.171875
3865		5.196875
3866		4.459375
3867		2.775000
3868		1.078125
3869		-0.812500
3870		-2.750000
3871		-3.103125
3872		-4.137500
3873		-4.550000
3874		-6.012500
3875		-5.762500
3876		-4.846875
3877		-3.621875
3878		-1.553125
3879		-0.031250
3880		1.875000
3881		3.618750
3882		6.100000
3883		7.265625
3884		7.471875
3885		8.003125
3886		7.546875
3887		7.753125
3888		6.453125
3889		5.240625
3890		3.750000
3891		3.175000
3892		2.878125
3893		3.056250
3894		2.406250
3895		2.850000
3896		3.618750
3897		5.625000
3898		4.828125
3899		5.153125
3900		4.946875
3901		4.709375
3902		4.800000
3903		4.103125
3904		3.203125
3905		3.218750
3906		2.509375
3907		2.553125
3908		1.696875
3909		0.218750
3910		-0.150000
3911		1.296875
3912		1.740625
3913		1.934375
3914		3.203125
3915		3.868750
3916		4.400000
3917		5.418750
3918		5.878125
3919		6.128125
3920		6.393750
3921		6.837500
3922		7.575000
3923		7.131250
3924		5.787500
3925		5.553125
3926		4.740625
3927		4.475000
3928		4.118750
3929		3.040625
3930		2.481250
3931		1.815625
3932		3.025000
3933		3.675000
3934		5.287500
3935		5.315625
3936		5.612500
3937		6.881250
3938		7.131250
3939		8.062500
3940		7.221875
3941		7.840625
3942		9.303125
3943		9.659375
3944		9.346875
3945		9.346875
3946		9.865625
3947		11.150000
3948		10.856250
3949		11.046875
3950		10.056250
3951		9.378125
3952		9.762500
3953		8.268750
3954		6.718750
3955		5.240625
3956		3.618750
3957		2.643750
3958		1.890625
3959		1.550000
3960		2.318750
3961		2.893750
3962		5.196875
3963		5.700000
3964		5.553125
3965		6.290625
3966		6.425000
3967		7.515625
3968		7.000000
3969		7.665625
3970		6.556250
3971		5.981250
3972		6.084375
3973		5.625000
3974		5.862500
3975		4.903125
3976		5.803125
3977		6.203125
3978		6.143750
3979		5.109375
3980		3.781250
3981		2.006250
3982		1.771875
3983		1.843750
3984		1.490625
3985		0.753125
3986		1.431250
3987		2.481250
3988		3.337500
3989		3.896875
3990		3.587500
3991		3.187500
3992		3.690625
3993		4.150000
3994		4.990625
3995		4.400000
3996		5.509375
3997		6.793750
3998		8.418750
3999		9.984375
4000		11.550000
4001		11.918750
4002		12.818750
4003		12.996875
4004		12.862500
4005		10.971875
4006		9.037500
4007		7.737500
4008		6.762500
4009		5.109375
4010		3.543750
4011		1.843750
4012		1.225000
4013		1.415625
4014		1.062500
4015		1.031250
4016		0.012500
4017		0.218750
4018		1.284375
4019		1.668750
4020		2.228125
4021		2.759375
4022		4.103125
4023		6.425000
4024		7.796875
4025		9.096875
4026		8.993750
4027		9.096875
4028		9.303125
4029		9.096875
4030		7.796875
4031		5.803125
4032		5.034375
4033		5.287500
4034		4.871875
4035		4.400000
4036		3.143750
4037		3.131250
4038		3.853125
4039		3.928125
4040		3.278125
4041		2.081250
4042		1.859375
4043		2.200000
4044		2.465625
4045		2.346875
4046		2.259375
4047		3.837500
4048		4.800000
4049		5.184375
4050		4.962500
4051		5.375000
4052		5.537500
4053		6.940625
4054		6.171875
4055		5.937500
4056		3.690625
4057		3.853125
4058		4.753125
4059		5.050000
4060		4.150000
4061		2.465625
4062		1.403125
4063		1.518750
4064		0.278125
4065		-0.150000
4066		-1.287500
4067		-1.359375
4068		-1.021875
4069		-0.812500
4070		-0.384375
4071		-0.518750
4072		0.515625
4073		0.440625
4074		1.696875
4075		2.671875
4076		1.859375
4077		2.212500
4078		1.578125
4079		2.065625
4080		1.934375
4081		2.450000
4082		3.912500
4083		4.059375
4084		4.340625
4085		4.696875
4086		3.781250
4087		4.046875
4088		3.721875
4089		3.912500
4090		3.293750
4091		2.746875
4092		2.346875
4093		2.731250
4094		2.184375
4095		1.993750
4096		1.018750
4097		0.484375
4098		0.190625
4099		0.087500
4100		-0.800000
4101		-1.434375
4102		-1.684375
4103		-0.725000
4104		0.159375
4105		0.456250
4106		0.737500
4107		0.928125
4108		1.518750
4109		2.909375
4110		2.996875
4111		3.587500
4112		3.734375
4113		3.084375
4114		3.896875
4115		3.987500
4116		3.884375
4117		4.015625
4118		3.337500
4119		2.981250
4120		2.434375
4121		1.328125
4122		0.590625
4123		0.721875
4124		0.428125
4125		1.268750
4126		0.381250
4127		0.250000
4128		0.190625
4129		0.234375
4130		0.781250
4131		0.043750
4132		1.090625
4133		0.634375
4134		1.106250
4135		0.500000
4136		0.634375
4137		0.575000
4138		0.500000
4139		0.634375
4140		1.150000
4141		0.265625
4142		0.559375
4143		-0.221875
4144		-0.253125
4145		-0.812500
4146		-0.843750
4147		-1.406250
4148		-2.321875
4149		-2.128125
4150		-2.540625
4151		-3.134375
4152		-3.059375
4153		-2.984375
4154		-3.487500
4155		-3.840625
4156		-3.650000
4157		-4.300000
4158		-4.240625
4159		-4.003125
4160		-3.531250
4161		-3.443750
4162		-3.812500
4163		-3.915625
4164		-3.562500
4165		-3.265625
4166		-3.678125
4167		-4.343750
4168		-4.403125
4169		-4.756250
4170		-4.756250
4171		-5.540625
4172		-5.703125
4173		-5.628125
4174		-6.043750
4175		-6.353125
4176		-6.412500
4177		-6.900000
4178		-7.150000
4179		-7.784375
4180		-7.268750
4181		-7.668750
4182		-7.696875
4183		-7.475000
4184		-7.296875
4185		-7.240625
4186		-7.446875
4187		-7.459375
4188		-7.121875
4189		-7.534375
4190		-6.559375
4191		-6.987500
4192		-6.500000
4193		-7.328125
4194		-7.475000
4195		-6.678125
4196		-6.396875
4197		-6.190625
4198		-6.206250
4199		-6.796875
4200		-6.381250
4201		-6.471875
4202		-5.893750
4203		-5.893750
4204		-6.337500
4205		-5.718750
4206		-5.687500
4207		-4.965625
4208		-5.806250
4209		-6.531250
4210		-6.868750
4211		-7.800000
4212		-8.421875
4213		-8.996875
4214		-9.159375
4215		-8.700000
4216		-8.790625
4217		-8.450000
4218		-8.465625
4219		-8.790625
4220		-7.784375
4221		-7.446875
4222		-7.903125
4223		-8.450000
4224		-8.612500
4225		-8.156250
4226		-8.834375
4227		-8.375000
4228		-8.850000
4229		-8.862500
4230		-8.731250
4231		-9.262500
4232		-9.512500
4233		-10.415625
4234		-10.578125
4235		-10.296875
4236		-10.371875
4237		-9.559375
4238		-10.031250
4239		-10.193750
4240		-9.825000
4241		-9.484375
4242		-9.143750
4243		-9.084375
4244		-9.115625
4245		-8.346875
4246		-8.968750
4247		-8.081250
4248		-8.953125
4249		-9.143750
4250		-9.587500
4251		-10.400000
4252		-10.887500
4253		-10.753125
4254		-10.059375
4255		-9.293750
4256		-7.696875
4257		-6.115625
4258		-7.031250
4259		-6.159375
4260		-6.293750
4261		-5.525000
4262		-6.028125
4263		-6.146875
4264		-6.721875
4265		-7.193750
4266		-7.193750
4267		-7.712500
4268		-8.537500
4269		-9.337500
4270		-9.750000
4271		-9.734375
4272		-10.178125
4273		-9.778125
4274		-9.453125
4275		-9.734375
4276		-9.646875
4277		-9.306250
4278		-9.246875
4279		-9.203125
4280		-8.584375
4281		-8.981250
4282		-7.962500
4283		-7.446875
4284		-6.915625
4285		-6.440625
4286		-7.296875
4287		-8.184375
4288		-8.643750
4289		-10.312500
4290		-9.956250
4291		-9.928125
4292		-10.000000
4293		-10.178125
4294		-9.528125
4295		-9.396875
4296		-8.759375
4297		-7.696875
4298		-7.875000
4299		-7.668750
4300		-8.184375
4301		-9.396875
4302		-9.512500
4303		-9.940625
4304		-10.000000
4305		-9.778125
4306		-9.587500
4307		-9.706250
4308		-10.253125
4309		-10.443750
4310		-10.843750
4311		-11.981250
4312		-11.375000
4313		-11.212500
4314		-11.728125
4315		-11.640625
4316		-10.415625
4317		-9.706250
4318		-8.596875
4319		-10.221875
4320		-9.868750
4321		-10.459375
4322		-9.646875
4323		-9.765625
4324		-9.365625
4325		-9.071875
4326		-7.518750
4327		-6.412500
4328		-5.525000
4329		-6.943750
4330		-7.550000
4331		-8.568750
4332		-9.778125
4333		-11.300000
4334		-14.431250
4335		-16.368750
4336		-17.312500
4337		-18.525000
4338		-20.015625
4339		-21.700001
4340		-21.818750
4341		-21.343750
4342		-19.809376
4343		-18.553125
4344		-17.431250
4345		-15.243750
4346		-14.153125
4347		-12.659375
4348		-11.450000
4349		-10.812500
4350		-10.578125
4351		-10.562500
4352		-10.325000
4353		-9.825000
4354		-11.109375
4355		-10.475000
4356		-11.640625
4357		-11.271875
4358		-11.240625
4359		-11.890625
4360		-11.034375
4361		-10.590625
4362		-8.731250
4363		-8.125000
4364		-8.200000
4365		-7.978125
4366		-8.481250
4367		-8.021875
4368		-7.784375
4369		-8.715625
4370		-8.746875
4371		-9.365625
4372		-8.243750
4373		-9.337500
4374		-9.528125
4375		-10.503125
4376		-10.296875
4377		-8.643750
4378		-7.843750
4379		-6.353125
4380		-6.234375
4381		-5.671875
4382		-4.815625
4383		-4.593750
4384		-3.959375
4385		-3.678125
4386		-5.834375
4387		-2.556250
4388		-2.321875
4389		-2.246875
4390		-3.118750
4391		-3.781250
4392		-3.693750
4393		-4.906250
4394		-5.068750
4395		-5.053125
4396		-6.309375
4397		-4.846875
4398		-4.537500
4399		-2.734375
4400		-2.718750
4401		-1.406250
4402		-0.725000
4403		-0.075000
4404		0.575000
4405		1.328125
4406		1.343750
4407		2.346875
4408		2.362500
4409		2.671875
4410		2.493750
4411		3.040625
4412		3.484375
4413		3.912500
4414		3.781250
4415		3.056250
4416		2.818750
4417		3.025000
4418		1.918750
4419		1.578125
4420		0.103125
4421		-1.212500
4422		-1.981250
4423		-3.428125
4424		-4.062500
4425		-5.465625
4426		-5.378125
4427		-3.590625
4428		-2.690625
4429		-2.128125
4430		-2.468750
4431		-2.496875
4432		-2.231250
4433		-2.275000
4434		-2.881250
4435		-3.753125
4436		-3.503125
4437		-3.134375
4438		-2.100000
4439		-0.918750
4440		-1.359375
4441		-0.518750
4442		-1.212500
4443		-1.212500
4444		-2.615625
4445		-4.359375
4446		-5.525000
4447		-6.543750
4448		-6.706250
4449		-6.087500
4450		-7.225000
4451		-6.056250
4452		-5.378125
4453		-4.165625
4454		-4.003125
4455		-4.965625
4456		-4.284375
4457		-3.250000
4458		-2.690625
4459		-1.359375
4460		-0.784375
4461		-0.162500
4462		1.134375
4463		2.775000
4464		3.956250
4465		4.325000
4466		3.940625
4467		3.618750
4468		4.325000
4469		2.953125
4470		2.140625
4471		-0.578125
4472		-1.656250
4473		-2.896875
4474		-3.575000
4475		-6.012500
4476		-6.856250
4477		-7.593750
4478		-5.953125
4479		-6.159375
4480		-5.865625
4481		-6.575000
4482		-6.159375
4483		-6.309375
4484		-4.831250
4485		-4.418750
4486		-3.178125
4487		-2.171875
4488		0.809375
4489		1.328125
4490		2.346875
4491		1.475000
4492		1.756250
4493		1.756250
4494		0.678125
4495		0.056250
4496		-1.834375
4497		-2.100000
4498		-1.493750
4499		-1.581250
4500		-2.171875
4501		-3.634375
4502		-3.665625
4503		-2.956250
4504		-4.078125
4505		-4.268750
4506		-4.978125
4507		-5.200000
4508		-4.431250
4509		-4.050000
4510		-3.146875
4511		-2.750000
4512		-1.287500
4513		-0.371875
4514		-0.325000
4515		-0.253125
4516		0.396875
4517		0.293750
4518		2.243750
4519		1.593750
4520		1.621875
4521		-0.075000
4522		0.737500
4523		0.721875
4524		1.225000
4525		-0.740625
4526		-1.537500
4527		-2.984375
4528		-3.650000
4529		-4.093750
4530		-3.753125
4531		-4.609375
4532		-4.196875
4533		-3.471875
4534		-2.100000
4535		-2.762500
4536		-2.750000
4537		-2.425000
4538		-1.612500
4539		-0.178125
4540		0.115625
4541		-0.696875
4542		0.484375
4543		0.146875
4544		1.490625
4545		1.740625
4546		1.946875
4547		2.259375
4548		2.687500
4549		3.246875
4550		3.365625
4551		3.071875
4552		1.565625
4553		2.818750
4554		3.618750
4555		3.940625
4556		3.440625
4557		2.584375
4558		1.668750
4559		2.168750
4560		1.268750
4561		1.268750
4562		-0.443750
4563		-0.518750
4564		-0.118750
4565		0.484375
4566		-0.059375
4567		-0.296875
4568		-0.296875
4569		1.890625
4570		1.637500
4571		2.287500
4572		1.696875
4573		2.509375
4574		3.234375
4575		3.809375
4576		4.606250
4577		3.500000
4578		3.884375
4579		4.400000
4580		3.025000
4581		4.178125
4582		3.884375
4583		4.031250
4584		3.853125
4585		2.996875
4586		2.775000
4587		2.700000
4588		2.746875
4589		4.253125
4590		4.443750
4591		4.428125
4592		3.853125
4593		4.578125
4594		4.681250
4595		5.212500
4596		6.025000
4597		5.640625
4598		6.171875
4599		7.753125
4600		7.575000
4601		8.506250
4602		7.162500
4603		7.753125
4604		7.709375
4605		7.840625
4606		8.268750
4607		7.753125
4608		8.418750
4609		8.756250
4610		8.565625
4611		9.081250
4612		7.796875
4613		7.575000
4614		6.468750
4615		6.496875
4616		6.068750
4617		5.981250
4618		5.521875
4619		5.403125
4620		5.359375
4621		4.371875
4622		4.015625
4623		2.909375
4624		2.656250
4625		3.218750
4626		3.159375
4627		2.968750
4628		3.056250
4629		3.071875
4630		2.878125
4631		3.025000
4632		1.637500
4633		2.156250
4634		2.981250
4635		3.559375
4636		3.440625
4637		3.690625
4638		3.246875
4639		3.262500
4640		3.662500
4641		3.293750
4642		2.331250
4643		2.228125
4644		1.712500
4645		1.565625
4646		1.490625
4647		1.121875
4648		0.781250
4649		0.856250
4650		1.090625
4651		1.268750
4652		1.403125
4653		1.490625
4654		1.696875
4655		1.593750
4656		1.756250
4657		1.475000
4658		1.918750
4659		1.728125
4660		2.584375
4661		3.025000
4662		3.071875
4663		3.175000
4664		3.321875
4665		2.981250
4666		3.793750
4667		4.015625
4668		4.415625
4669		3.765625
4670		4.150000
4671		3.765625
4672		3.440625
4673		3.175000
4674		2.715625
4675		1.993750
4676		1.859375
4677		1.593750
4678		1.668750
4679		1.106250
4680		1.890625
4681		1.859375
4682		2.168750
4683		1.696875
4684		2.287500
4685		2.434375
4686		3.025000
4687		2.715625
4688		2.318750
4689		2.140625
4690		2.287500
4691		1.771875
4692		1.890625
4693		1.284375
4694		1.475000
4695		0.840625
4696		0.440625
4697		-0.268750
4698		0.265625
4699		0.028125
4700		1.121875
4701		1.150000
4702		0.856250
4703		0.159375
4704		0.234375
4705		0.559375
4706		1.859375
4707		2.806250
4708		3.440625
4709		3.321875
4710		3.187500
4711		2.937500
4712		2.331250
4713		1.090625
4714		0.559375
4715		0.159375
4716		0.353125
4717		0.662500
4718		0.706250
4719		1.387500
4720		2.775000
4721		3.853125
4722		4.562500
4723		4.090625
4724		4.768750
4725		6.468750
4726		5.240625
4727		5.359375
4728		5.375000
4729		4.962500
4730		4.459375
4731		3.868750
4732		2.628125
4733		1.371875
4734		0.856250
4735		1.031250
4736		1.550000
4737		2.212500
4738		3.071875
4739		2.746875
4740		3.337500
4741		4.046875
4742		4.475000
4743		4.962500
4744		5.331250
4745		5.521875
4746		6.587500
4747		6.718750
4748		7.368750
4749		6.734375
4750		7.471875
4751		7.162500
4752		6.643750
4753		5.921875
4754		4.800000
4755		4.428125
4756		3.940625
4757		4.000000
4758		4.000000
4759		3.809375
4760		3.187500
4761		4.103125
4762		4.281250
4763		4.253125
4764		4.265625
4765		4.075000
4766		3.956250
4767		4.459375
4768		4.475000
4769		4.428125
4770		3.350000
4771		3.559375
4772		2.715625
4773		2.271875
4774		1.150000
4775		0.856250
4776		0.856250
4777		0.590625
4778		0.559375
4779		0.900000
4780		1.046875
4781		1.962500
4782		1.268750
4783		1.993750
4784		1.225000
4785		1.578125
4786		1.150000
4787		2.331250
4788		3.262500
4789		3.409375
4790		4.578125
4791		6.512500
4792		6.925000
4793		6.350000
4794		5.184375
4795		3.928125
4796		3.056250
4797		1.253125
4798		0.309375
4799		-1.418750
4800		-2.809375
4801		-5.821875
4802		-6.103125
4803		-7.225000
4804		-8.168750
4805		-8.168750
4806		-7.225000
4807		-4.846875
4808		-3.428125
4809		0.440625
4810		-0.325000
4811		1.875000
4812		3.440625
4813		4.150000
4814		4.578125
4815		5.331250
4816		5.700000
4817		5.981250
4818		4.990625
4819		4.134375
4820		3.115625
4821		3.337500
4822		3.706250
4823		3.853125
4824		3.884375
4825		4.503125
4826		4.800000
4827		6.215625
4828		7.162500
4829		7.028125
4830		6.793750
4831		6.425000
4832		6.762500
4833		6.912500
4834		7.190625
4835		6.306250
4836		5.434375
4837		6.203125
4838		5.787500
4839		4.843750
4840		3.884375
4841		4.075000
4842		5.509375
4843		5.450000
4844		6.571875
4845		6.512500
4846		8.209375
4847		8.712500
4848		9.790625
4849		9.393750
4850		8.890625
4851		9.037500
4852		10.531250
4853		9.318750
4854		9.053125
4855		8.106250
4856		7.828125
4857		7.546875
4858		7.309375
4859		4.428125
4860		4.975000
4861		4.371875
4862		5.581250
4863		6.306250
4864		7.265625
4865		7.546875
4866		7.931250
4867		8.728125
4868		9.731250
4869		10.206250
4870		10.471875
4871		10.646875
4872		11.593750
4873		11.018750
4874		11.653125
4875		10.781250
4876		10.971875
4877		11.859375
4878		12.153125
4879		11.165625
4880		9.421875
4881		8.268750
4882		7.531250
4883		6.881250
4884		5.950000
4885		4.740625
4886		4.725000
4887		5.153125
4888		5.553125
4889		5.537500
4890		4.990625
4891		4.606250
4892		6.350000
4893		6.318750
4894		7.606250
4895		6.171875
4896		6.306250
4897		6.571875
4898		7.737500
4899		6.940625
4900		6.468750
4901		6.084375
4902		5.656250
4903		6.025000
4904		6.350000
4905		5.462500
4906		6.393750
4907		6.246875
4908		6.718750
4909		5.993750
4910		5.153125
4911		4.031250
4912		3.218750
4913		3.484375
4914		2.878125
4915		3.175000
4916		3.396875
4917		4.518750
4918		5.375000
4919		4.665625
4920		5.331250
4921		3.853125
4922		3.868750
4923		4.725000
4924		4.828125
4925		6.171875
4926		7.206250
4927		8.965625
4928		11.343750
4929		13.987500
4930		14.415625
4931		14.178125
4932		14.487500
4933		14.768750
4934		13.809375
4935		13.025000
4936		10.471875
4937		8.712500
4938		7.131250
4939		6.187500
4940		4.075000
4941		2.953125
4942		2.509375
4943		3.587500
4944		3.040625
4945		2.731250
4946		1.934375
4947		2.331250
4948		3.100000
4949		4.696875
4950		5.831250
4951		7.325000
4952		8.462500
4953		10.368750
4954		10.721875
4955		11.459375
4956		11.090625
4957		10.856250
4958		10.440625
4959		9.865625
4960		8.906250
4961		7.087500
4962		6.793750
4963		7.400000
4964		6.968750
4965		6.496875
4966		5.509375
4967		5.509375
4968		5.715625
4969		5.434375
4970		4.371875
4971		3.543750
4972		3.365625
4973		3.603125
4974		4.134375
4975		4.178125
4976		4.843750
4977		6.171875
4978		6.496875
4979		5.684375
4980		5.906250
4981		5.950000
4982		5.981250
4983		6.956250
4984		7.265625
4985		6.318750
4986		5.315625
4987		5.728125
4988		4.990625
4989		6.246875
4990		4.518750
4991		1.934375
4992		1.740625
4993		0.796875
4994		0.321875
4995		1.284375
4996		0.900000
4997		3.012500
4998		4.312500
4999		5.625000
5000		5.993750
5001		4.371875
5002		2.921875
5003		3.706250
5004		4.340625
5005		6.318750
5006		6.290625
5007		8.343750
5008		9.421875
5009		10.531250
5010		10.781250
5011		9.671875
5012		8.431250
5013		6.940625
5014		6.837500
5015		6.587500
5016		7.503125
5017		7.281250
5018		8.478125
5019		8.965625
5020		9.275000
5021		8.078125
5022		7.400000
5023		5.759375
5024		5.950000
5025		4.356250
5026		4.015625
5027		3.559375
5028		3.337500
5029		3.750000
5030		3.396875
5031		2.450000
5032		1.609375
5033		1.653125
5034		3.262500
5035		2.968750
5036		3.781250
5037		3.750000
5038		4.209375
5039		6.853125
5040		8.359375
5041		9.128125
5042		8.387500
5043		8.906250
5044		10.043750
5045		10.234375
5046		10.706250
5047		9.746875
5048		9.687500
5049		10.293750
5050		9.746875
5051		9.465625
5052		7.975000
5053		7.146875
5054		7.384375
5055		6.587500
5056		6.350000
5057		5.196875
5058		5.078125
5059		4.871875
5060		4.768750
5061		3.734375
5062		3.512500
5063		2.509375
5064		3.468750
5065		2.140625
5066		1.890625
5067		0.959375
5068		0.721875
5069		1.165625
5070		1.253125
5071		1.459375
5072		0.678125
5073		0.190625
5074		0.056250
5075		0.146875
5076		-0.562500
5077		-1.315625
5078		-1.287500
5079		-2.409375
5080		-2.350000
5081		-3.059375
5082		-3.856250
5083		-4.375000
5084		-4.328125
5085		-4.965625
5086		-5.834375
5087		-6.428125
5088		-6.206250
5089		-7.593750
5090		-6.706250
5091		-6.825000
5092		-7.534375
5093		-6.796875
5094		-6.825000
5095		-6.190625
5096		-5.687500
5097		-5.746875
5098		-5.275000
5099		-5.009375
5100		-4.653125
5101		-4.684375
5102		-5.496875
5103		-6.056250
5104		-6.293750
5105		-6.056250
5106		-6.471875
5107		-6.868750
5108		-7.843750
5109		-8.612500
5110		-8.790625
5111		-9.175000
5112		-9.187500
5113		-9.928125
5114		-8.850000
5115		-8.465625
5116		-8.331250
5117		-7.815625
5118		-7.609375
5119		-7.756250
5120		-6.825000
5121		-6.321875
5122		-6.206250
5123		-5.762500
5124		-6.796875
5125		-4.918750
5126		-4.225000
5127		-3.812500
5128		-4.653125
5129		-4.387500
5130		-4.537500
5131		-4.078125
5132		-3.146875
5133		-3.059375
5134		-3.487500
5135		-3.384375
5136		-3.237500
5137		-2.703125
5138		-3.634375
5139		-3.753125
5140		-3.796875
5141		-4.403125
5142		-4.418750
5143		-4.756250
5144		-4.787500
5145		-4.712500
5146		-5.128125
5147		-4.906250
5148		-5.731250
5149		-4.950000
5150		-5.259375
5151		-4.950000
5152		-5.009375
5153		-5.600000
5154		-6.056250
5155		-5.081250
5156		-5.318750
5157		-5.009375
5158		-4.906250
5159		-4.950000
5160		-5.009375
5161		-5.243750
5162		-4.906250
5163		-4.906250
5164		-5.037500
5165		-4.300000
5166		-3.856250
5167		-3.871875
5168		-4.862500
5169		-4.284375
5170		-4.268750
5171		-3.281250
5172		-2.484375
5173		-1.743750
5174		-1.878125
5175		-1.684375
5176		-1.731250
5177		-2.393750
5178		-3.665625
5179		-4.359375
5180		-5.009375
5181		-5.231250
5182		-5.568750
5183		-5.243750
5184		-4.550000
5185		-3.725000
5186		-2.512500
5187		-2.053125
5188		-2.215625
5189		-2.540625
5190		-2.143750
5191		-1.981250
5192		-2.246875
5193		-2.956250
5194		-3.796875
5195		-4.003125
5196		-5.215625
5197		-6.293750
5198		-7.150000
5199		-8.303125
5200		-8.318750
5201		-7.106250
5202		-7.134375
5203		-6.531250
5204		-7.371875
5205		-8.331250
5206		-8.596875
5207		-9.662500
5208		-9.853125
5209		-10.753125
5210		-9.500000
5211		-8.568750
5212		-7.771875
5213		-7.978125
5214		-8.981250
5215		-9.750000
5216		-11.256250
5217		-12.881250
5218		-13.281250
5219		-14.062500
5220		-13.665625
5221		-13.103125
5222		-12.512500
5223		-12.203125
5224		-12.262500
5225		-12.215625
5226		-11.759375
5227		-10.812500
5228		-11.287500
5229		-11.890625
5230		-11.950000
5231		-12.025000
5232		-11.228125
5233		-11.846875
5234		-11.950000
5235		-12.143750
5236		-12.378125
5237		-13.559375
5238		-14.093750
5239		-15.659375
5240		-15.834375
5241		-16.131250
5242		-15.909375
5243		-15.421875
5244		-14.815625
5245		-13.943750
5246		-13.618750
5247		-13.118750
5248		-12.587500
5249		-13.503125
5250		-13.471875
5251		-13.515625
5252		-13.059375
5253		-12.718750
5254		-11.759375
5255		-10.178125
5256		-8.953125
5257		-7.268750
5258		-7.415625
5259		-8.228125
5260		-9.571875
5261		-11.596875
5262		-12.540625
5263		-12.925000
5264		-15.437500
5265		-16.706249
5266		-18.465626
5267		-18.687500
5268		-19.484375
5269		-20.015625
5270		-19.987499
5271		-18.996876
5272		-17.284374
5273		-15.762500
5274		-13.353125
5275		-11.668750
5276		-9.987500
5277		-8.271875
5278		-6.693750
5279		-6.603125
5280		-5.778125
5281		-6.131250
5282		-6.278125
5283		-6.662500
5284		-7.459375
5285		-8.168750
5286		-8.862500
5287		-8.643750
5288		-8.406250
5289		-8.271875
5290		-7.903125
5291		-7.356250
5292		-6.500000
5293		-5.984375
5294		-5.584375
5295		-5.540625
5296		-6.368750
5297		-5.568750
5298		-5.187500
5299		-5.850000
5300		-5.806250
5301		-5.806250
5302		-5.303125
5303		-6.943750
5304		-7.681250
5305		-8.109375
5306		-8.362500
5307		-7.403125
5308		-6.368750
5309		-5.453125
5310		-5.215625
5311		-4.700000
5312		-3.781250
5313		-3.428125
5314		-4.196875
5315		-3.959375
5316		-4.950000
5317		-3.943750
5318		-4.018750
5319		-3.812500
5320		-5.378125
5321		-5.290625
5322		-5.718750
5323		-5.600000
5324		-6.840625
5325		-8.037500
5326		-8.775000
5327		-7.843750
5328		-7.562500
5329		-6.603125
5330		-6.456250
5331		-6.309375
5332		-5.909375
5333		-5.996875
5334		-5.350000
5335		-6.353125
5336		-5.628125
5337		-5.156250
5338		-4.165625
5339		-3.103125
5340		-2.646875
5341		-2.275000
5342		-0.681250
5343		-1.359375
5344		-1.553125
5345		-2.703125
5346		-3.353125
5347		-3.134375
5348		-4.700000
5349		-5.909375
5350		-6.678125
5351		-7.078125
5352		-7.415625
5353		-7.668750
5354		-7.475000
5355		-7.696875
5356		-7.121875
5357		-6.531250
5358		-5.128125
5359		-4.490625
5360		-4.846875
5361		-4.771875
5362		-3.871875
5363		-3.428125
5364		-3.281250
5365		-4.375000
5366		-4.018750
5367		-3.693750
5368		-3.190625
5369		-2.615625
5370		-2.793750
5371		-2.956250
5372		-3.487500
5373		-3.237500
5374		-4.003125
5375		-5.643750
5376		-7.253125
5377		-7.903125
5378		-7.490625
5379		-7.078125
5380		-6.721875
5381		-8.037500
5382		-6.959375
5383		-5.778125
5384		-5.303125
5385		-5.465625
5386		-6.753125
5387		-7.121875
5388		-4.078125
5389		-3.250000
5390		-1.212500
5391		-0.415625
5392		1.062500
5393		2.375000
5394		3.484375
5395		3.131250
5396		3.365625
5397		2.493750
5398		3.587500
5399		2.996875
5400		1.784375
5401		-0.356250
5402		-2.068750
5403		-3.296875
5404		-4.387500
5405		-5.378125
5406		-5.984375
5407		-6.543750
5408		-6.131250
5409		-5.731250
5410		-5.865625
5411		-6.412500
5412		-6.012500
5413		-5.259375
5414		-4.490625
5415		-2.659375
5416		-2.925000
5417		-0.812500
5418		0.146875
5419		0.071875
5420		1.712500
5421		1.240625
5422		1.181250
5423		1.150000
5424		1.062500
5425		-0.637500
5426		-2.053125
5427		-3.075000
5428		-2.587500
5429		-2.896875
5430		-3.400000
5431		-4.003125
5432		-4.787500
5433		-4.050000
5434		-5.350000
5435		-4.490625
5436		-5.318750
5437		-5.231250
5438		-3.943750
5439		-3.840625
5440		-2.925000
5441		-1.981250
5442		-0.443750
5443		0.706250
5444		1.193750
5445		2.259375
5446		2.834375
5447		2.921875
5448		2.996875
5449		3.425000
5450		2.643750
5451		2.715625
5452		3.884375
5453		5.034375
5454		6.718750
5455		5.331250
5456		2.746875
5457		0.456250
5458		-3.459375
5459		-4.815625
5460		-5.496875
5461		-6.928125
5462		-5.940625
5463		-5.303125
5464		-4.328125
5465		-3.725000
5466		-4.490625
5467		-5.525000
5468		-5.881250
5469		-6.115625
5470		-5.865625
5471		-5.096875
5472		-4.934375
5473		-3.515625
5474		-2.350000
5475		-0.871875
5476		-0.031250
5477		-0.871875
5478		0.000000
5479		0.293750
5480		-0.371875
5481		-0.059375
5482		-0.384375
5483		1.106250
5484		2.937500
5485		4.209375
5486		4.487500
5487		4.031250
5488		3.159375
5489		4.221875
5490		2.818750
5491		2.525000
5492		0.559375
5493		0.809375
5494		1.003125
5495		1.815625
5496		1.668750
5497		1.459375
5498		1.165625
5499		2.746875
5500		2.878125
5501		2.481250
5502		2.318750
5503		3.100000
5504		4.503125
5505		4.650000
5506		5.184375
5507		4.859375
5508		4.740625
5509		5.612500
5510		5.728125
5511		4.931250
5512		3.456250
5513		3.350000
5514		3.987500
5515		2.228125
5516		1.193750
5517		-0.312500
5518		0.071875
5519		0.678125
5520		-0.268750
5521		-0.075000
5522		-1.478125
5523		-2.100000
5524		-2.128125
5525		-2.718750
5526		-2.793750
5527		-3.840625
5528		-4.581250
5529		-4.181250
5530		-3.900000
5531		-3.753125
5532		-5.350000
5533		-4.537500
5534		-5.406250
5535		-3.206250
5536		-3.621875
5537		-4.343750
5538		-4.300000
5539		-4.343750
5540		-3.400000
5541		-2.690625
5542		-3.709375
5543		-3.000000
5544		-3.990625
5545		-2.718750
5546		-3.400000
5547		-4.743750
5548		-4.950000
5549		-5.821875
5550		-5.096875
5551		-5.790625
5552		-7.003125
5553		-6.915625
5554		-6.825000
5555		-6.856250
5556		-6.440625
5557		-7.165625
5558		-6.809375
5559		-7.165625
5560		-5.421875
5561		-5.806250
5562		-4.803125
5563		-5.187500
5564		-4.093750
5565		-3.753125
5566		-3.575000
5567		-3.531250
5568		-4.787500
5569		-5.334375
5570		-3.931250
5571		-3.146875
5572		-3.515625
5573		-4.668750
5574		-4.565625
5575		-4.153125
5576		-3.753125
5577		-3.900000
5578		-3.753125
5579		-3.871875
5580		-2.540625
5581		-2.143750
5582		-1.256250
5583		-1.462500
5584		0.175000
5585		0.337500
5586		0.484375
5587		0.678125
5588		0.868750
5589		0.884375
5590		2.509375
5591		2.921875
5592		3.587500
5593		3.321875
5594		4.221875
5595		3.587500
5596		4.546875
5597		4.621875
5598		4.590625
5599		4.590625
5600		4.800000
5601		4.871875
5602		5.256250
5603		5.065625
5604		4.962500
5605		4.475000
5606		4.621875
5607		4.253125
5608		3.987500
5609		3.618750
5610		3.956250
5611		4.371875
5612		4.118750
5613		4.046875
5614		4.590625
5615		4.915625
5616		4.075000
5617		4.178125
5618		3.500000
5619		2.850000
5620		3.675000
5621		3.559375
5622		3.187500
5623		3.187500
5624		3.409375
5625		2.168750
5626		1.740625
5627		1.993750
5628		1.962500
5629		2.318750
5630		2.537500
5631		3.868750
5632		3.631250
5633		2.434375
5634		2.109375
5635		2.656250
5636		2.421875
5637		3.631250
5638		3.809375
5639		3.928125
5640		2.700000
5641		2.996875
5642		2.065625
5643		0.781250
5644		0.337500
5645		-0.518750
5646		-0.296875
5647		-0.828125
5648		-0.340625
5649		0.809375
5650		1.696875
5651		3.084375
5652		3.853125
5653		4.075000
5654		3.662500
5655		4.209375
5656		3.987500
5657		3.321875
5658		2.893750
5659		1.550000
5660		1.253125
5661		1.253125
5662		-0.162500
5663		-1.509375
5664		-1.656250
5665		-2.128125
5666		-1.775000
5667		-1.331250
5668		-1.359375
5669		-1.050000
5670		-0.828125
5671		0.809375
5672		1.403125
5673		2.953125
5674		3.793750
5675		4.325000
5676		5.109375
5677		3.765625
5678		2.746875
5679		1.181250
5680		-0.134375
5681		-0.843750
5682		-0.962500
5683		-0.578125
5684		0.321875
5685		1.046875
5686		1.240625
5687		-0.134375
5688		-2.025000
5689		-4.328125
5690		-5.834375
5691		-4.315625
5692		-2.718750
5693		-1.034375
5694		1.062500
5695		2.700000
5696		3.706250
5697		3.293750
5698		2.156250
5699		0.531250
5700		-1.890625
5701		-2.246875
5702		-3.400000
5703		-2.940625
5704		-2.571875
5705		-1.168750
5706		-0.150000
5707		0.071875
5708		0.440625
5709		0.071875
5710		-0.578125
5711		-0.843750
5712		-1.315625
5713		-1.890625
5714		-1.125000
5715		0.043750
5716		1.446875
5717		2.406250
5718		3.662500
5719		4.768750
5720		4.812500
5721		5.212500
5722		5.256250
5723		4.296875
5724		2.790625
5725		2.050000
5726		0.825000
5727		0.856250
5728		0.440625
5729		-0.918750
5730		-2.290625
5731		-3.606250
5732		-5.128125
5733		-6.043750
5734		-6.915625
5735		-6.543750
5736		-5.243750
5737		-1.996875
5738		-0.887500
5739		1.296875
5740		3.528125
5741		5.153125
5742		7.103125
5743		7.828125
5744		8.153125
5745		7.975000
5746		8.268750
5747		7.428125
5748		7.281250
5749		7.250000
5750		6.040625
5751		6.350000
5752		6.290625
5753		6.481250
5754		6.734375
5755		6.925000
5756		7.575000
5757		7.840625
5758		8.268750
5759		8.890625
5760		8.875000
5761		9.021875
5762		7.353125
5763		10.028125
5764		9.509375
5765		9.334375
5766		9.275000
5767		7.915625
5768		7.178125
5769		6.171875
5770		5.434375
5771		5.493750
5772		6.040625
5773		7.146875
5774		8.268750
5775		8.565625
5776		9.318750
5777		9.687500
5778		9.865625
5779		9.925000
5780		9.671875
5781		9.850000
5782		11.121875
5783		10.900000
5784		10.278125
5785		9.556250
5786		9.200000
5787		7.546875
5788		6.675000
5789		6.009375
5790		5.212500
5791		4.356250
5792		4.946875
5793		5.553125
5794		6.187500
5795		6.128125
5796		6.306250
5797		6.246875
5798		6.496875
5799		6.659375
5800		6.600000
5801		8.106250
5802		9.200000
5803		10.234375
5804		10.856250
5805		11.534375
5806		11.962500
5807		12.125000
5808		12.287500
5809		11.415625
5810		9.421875
5811		8.934375
5812		7.471875
5813		7.590625
5814		6.896875
5815		7.028125
5816		5.950000
5817		6.171875
5818		6.659375
5819		7.131250
5820		6.865625
5821		6.837500
5822		7.325000
5823		9.215625
5824		10.559375
5825		10.175000
5826		10.425000
5827		10.381250
5828		10.781250
5829		11.284375
5830		9.850000
5831		9.996875
5832		9.643750
5833		10.012500
5834		10.693750
5835		10.603125
5836		10.603125
5837		9.790625
5838		10.012500
5839		8.993750
5840		7.975000
5841		6.171875
5842		5.228125
5843		6.068750
5844		5.759375
5845		6.393750
5846		5.831250
5847		5.625000
5848		6.793750
5849		6.231250
5850		5.743750
5851		5.093750
5852		5.137500
5853		6.437500
5854		8.371875
5855		10.115625
5856		10.884375
5857		12.228125
5858		13.143750
5859		14.193750
5860		14.150000
5861		13.543750
5862		13.306250
5863		13.765625
5864		12.525000
5865		10.825000
5866		8.521875
5867		6.837500
5868		5.212500
5869		4.546875
5870		3.543750
5871		2.806250
5872		1.712500
5873		3.468750
5874		3.218750
5875		3.837500
5876		3.159375
5877		3.512500
5878		4.871875
5879		5.759375
5880		6.437500
5881		6.865625
5882		7.796875
5883		9.893750
5884		10.353125
5885		11.237500
5886		10.706250
5887		11.328125
5888		11.150000
5889		9.731250
5890		8.978125
5891		6.912500
5892		6.690625
5893		6.912500
5894		7.221875
5895		7.028125
5896		6.615625
5897		7.028125
5898		7.443750
5899		7.075000
5900		6.643750
5901		5.803125
5902		6.865625
5903		7.162500
5904		7.590625
5905		9.184375
5906		9.481250
5907		9.303125
5908		9.096875
5909		8.978125
5910		10.971875
5911		11.284375
5912		13.912500
5913		15.390625
5914		16.600000
5915		15.553125
5916		14.740625
5917		13.071875
5918		11.371875
5919		9.909375
5920		7.678125
5921		5.212500
5922		4.887500
5923		4.193750
5924		4.059375
5925		4.518750
5926		4.946875
5927		5.256250
5928		5.315625
5929		5.775000
5930		5.184375
5931		4.650000
5932		4.178125
5933		4.134375
5934		5.728125
5935		6.793750
5936		7.281250
5937		7.678125
5938		8.062500
5939		9.081250
5940		9.525000
5941		9.865625
5942		11.253125
5943		12.346875
5944		14.518750
5945		15.656250
5946		17.546875
5947		17.840626
5948		17.471874
5949		18.121876
5950		17.325001
5951		16.203125
5952		14.428125
5953		14.031250
5954		13.543750
5955		12.937500
5956		12.421875
5957		11.371875
5958		10.693750
5959		10.087500
5960		10.012500
5961		8.387500
5962		8.078125
5963		8.418750
5964		9.703125
5965		9.790625
5966		10.484375
5967		10.043750
5968		10.262500
5969		10.337500
5970		10.825000
5971		10.115625
5972		9.200000
5973		9.053125
5974		9.568750
5975		10.087500
5976		9.540625
5977		8.534375
5978		8.359375
5979		7.721875
5980		6.675000
5981		5.950000
5982		3.884375
5983		3.837500
5984		3.884375
5985		3.365625
5986		2.818750
5987		1.312500
5988		0.868750
5989		0.337500
5990		0.590625
5991		0.559375
5992		-0.887500
5993		-0.503125
5994		-0.918750
5995		0.856250
5996		0.456250
5997		0.471875
5998		0.396875
5999		1.078125
6000		2.140625
6001		2.287500
6002		1.328125
6003		1.296875
6004		1.003125
6005		2.006250
6006		1.518750
6007		1.018750
6008		0.353125
6009		-0.296875
6010		-0.031250
6011		-0.918750
6012		-2.718750
6013		-2.437500
6014		-3.178125
6015		-2.718750
6016		-2.496875
6017		-3.459375
6018		-3.531250
6019		-3.590625
6020		-1.950000
6021		-1.996875
6022		-1.775000
6023		-1.450000
6024		-0.221875
6025		1.978125
6026		3.587500
6027		5.212500
6028		4.887500
6029		4.800000
6030		5.346875
6031		4.371875
6032		3.721875
6033		2.937500
6034		2.509375
6035		3.884375
6036		3.512500
6037		4.696875
6038		2.450000
6039		1.225000
6040		0.900000
6041		1.031250
6042		0.706250
6043		-0.193750
6044		0.796875
6045		2.953125
6046		2.953125
6047		3.809375
6048		2.909375
6049		2.834375
6050		3.262500
6051		2.775000
6052		2.775000
6053		2.331250
6054		2.362500
6055		3.912500
6056		4.371875
6057		4.221875
6058		3.987500
6059		2.818750
6060		3.559375
6061		3.071875
6062		4.134375
6063		3.337500
6064		4.503125
6065		6.025000
6066		5.921875
6067		6.703125
6068		5.743750
6069		5.565625
6070		5.656250
6071		4.887500
6072		3.884375
6073		3.040625
6074		3.025000
6075		3.690625
6076		3.750000
6077		4.103125
6078		3.381250
6079		2.921875
6080		3.571875
6081		3.143750
6082		2.775000
6083		1.343750
6084		1.018750
6085		1.859375
6086		1.475000
6087		1.106250
6088		0.321875
6089		-0.681250
6090		-1.568750
6091		-2.215625
6092		-2.425000
6093		-3.975000
6094		-3.900000
6095		-4.387500
6096		-3.768750
6097		-4.062500
6098		-5.025000
6099		-6.012500
6100		-5.925000
6101		-5.687500
6102		-4.831250
6103		-4.815625
6104		-4.078125
6105		-4.609375
6106		-4.387500
6107		-5.096875
6108		-6.250000
6109		-7.740625
6110		-8.346875
6111		-9.409375
6112		-9.409375
6113		-10.221875
6114		-8.893750
6115		-7.859375
6116		-6.603125
6117		-6.278125
6118		-5.275000
6119		-5.953125
6120		-6.396875
6121		-6.515625
6122		-6.693750
6123		-8.156250
6124		-8.893750
6125		-9.365625
6126		-9.825000
6127		-10.931250
6128		-11.287500
6129		-11.921875
6130		-11.375000
6131		-11.878125
6132		-11.700000
6133		-11.728125
6134		-11.612500
6135		-11.109375
6136		-9.690625
6137		-9.084375
6138		-8.081250
6139		-7.431250
6140		-6.928125
6141		-6.959375
6142		-6.337500
6143		-6.440625
6144		-6.678125
6145		-6.825000
6146		-6.765625
6147		-6.500000
6148		-6.618750
6149		-6.840625
6150		-6.412500
6151		-4.106250
6152		-4.240625
6153		-4.787500
6154		-5.540625
6155		-6.634375
6156		-7.712500
6157		-8.862500
6158		-9.293750
6159		-10.475000
6160		-9.512500
6161		-9.512500
6162		-8.981250
6163		-8.746875
6164		-9.337500
6165		-10.371875
6166		-11.684375
6167		-13.206250
6168		-13.840625
6169		-13.884375
6170		-13.531250
6171		-12.246875
6172		-10.915625
6173		-11.137500
6174		-9.293750
6175		-8.037500
6176		-8.362500
6177		-9.381250
6178		-10.768750
6179		-10.812500
6180		-11.137500
6181		-10.075000
6182		-9.246875
6183		-7.415625
6184		-5.940625
6185		-4.625000
6186		-3.575000
6187		-3.340625
6188		-4.490625
6189		-6.028125
6190		-8.346875
6191		-9.631250
6192		-10.487500
6193		-10.903125
6194		-11.450000
6195		-11.728125
6196		-12.778125
6197		-13.856250
6198		-16.028126
6199		-18.746876
6200		-20.253124
6201		-20.325001
6202		-19.056250
6203		-17.681250
6204		-15.937500
6205		-13.737500
6206		-12.215625
6207		-10.415625
6208		-9.646875
6209		-8.553125
6210		-8.818750
6211		-8.465625
6212		-8.671875
6213		-8.953125
6214		-9.025000
6215		-9.646875
6216		-9.884375
6217		-8.568750
6218		-8.006250
6219		-7.578125
6220		-7.018750
6221		-6.781250
6222		-6.428125
6223		-5.762500
6224		-5.762500
6225		-5.540625
6226		-6.234375
6227		-5.568750
6228		-5.231250
6229		-5.215625
6230		-4.728125
6231		-4.803125
6232		-5.171875
6233		-6.575000
6234		-7.637500
6235		-8.450000
6236		-7.740625
6237		-6.781250
6238		-5.790625
6239		-4.803125
6240		-3.634375
6241		-2.837500
6242		-2.703125
6243		-2.143750
6244		-2.128125
6245		-2.496875
6246		-2.659375
6247		-1.731250
6248		-1.359375
6249		-2.262500
6250		-2.496875
6251		-2.540625
6252		-3.028125
6253		-3.678125
6254		-4.640625
6255		-5.984375
6256		-6.309375
6257		-5.496875
6258		-4.050000
6259		-3.178125
6260		-1.743750
6261		-1.553125
6262		-0.118750
6263		-0.593750
6264		0.087500
6265		0.043750
6266		0.071875
6267		-0.209375
6268		-0.859375
6269		-0.828125
6270		-0.887500
6271		-0.371875
6272		0.381250
6273		0.353125
6274		0.012500
6275		-1.300000
6276		-2.040625
6277		-3.384375
6278		-3.781250
6279		-4.521875
6280		-4.906250
6281		-4.950000
6282		-4.978125
6283		-4.418750
6284		-4.403125
6285		-4.803125
6286		-4.240625
6287		-4.212500
6288		-3.575000
6289		-3.665625
6290		-3.871875
6291		-4.268750
6292		-4.256250
6293		-3.606250
6294		-3.871875
6295		-4.418750
6296		-4.165625
6297		-4.712500
6298		-3.828125
6299		-3.000000
6300		-3.015625
6301		-1.890625
6302		-1.700000
6303		-1.878125
6304		-3.309375
6305		-4.196875
6306		-5.643750
6307		-6.915625
6308		-7.225000
6309		-7.371875
6310		-6.987500
6311		-7.668750
6312		-7.253125
6313		-7.681250
6314		-8.303125
6315		-9.337500
6316		-9.662500
6317		-10.150000
6318		-8.259375
6319		-7.003125
6320		-5.406250
6321		-5.231250
6322		-3.471875
6323		-2.556250
6324		-2.468750
6325		-2.425000
6326		-4.609375
6327		-4.284375
6328		-4.506250
6329		-4.965625
6330		-6.381250
6331		-8.584375
6332		-11.343750
6333		-11.656250
6334		-13.206250
6335		-13.281250
6336		-14.034375
6337		-14.756250
6338		-13.634375
6339		-13.043750
6340		-12.881250
6341		-13.000000
6342		-12.437500
6343		-10.962500
6344		-10.740625
6345		-9.853125
6346		-8.212500
6347		-6.456250
6348		-5.053125
6349		-3.990625
6350		-2.940625
6351		-3.015625
6352		-2.275000
6353		-1.390625
6354		-1.700000
6355		-1.878125
6356		-3.828125
6357		-4.240625
6358		-3.503125
6359		-4.831250
6360		-4.581250
6361		-5.496875
6362		-4.018750
6363		-2.896875
6364		-1.803125
6365		-1.256250
6366		-2.912500
6367		-3.828125
6368		-4.862500
6369		-4.862500
6370		-5.318750
6371		-5.615625
6372		-3.975000
6373		-3.250000
6374		-3.503125
6375		-2.053125
6376		-1.906250
6377		-0.621875
6378		-0.812500
6379		0.440625
6380		-0.593750
6381		-0.725000
6382		-0.178125
6383		1.193750
6384		1.343750
6385		0.559375
6386		-1.715625
6387		-2.350000
6388		-3.428125
6389		-3.368750
6390		-4.078125
6391		-4.862500
6392		-4.165625
6393		-3.753125
6394		-2.484375
6395		-1.906250
6396		-1.906250
6397		-0.621875
6398		-1.093750
6399		-0.475000
6400		0.900000
6401		0.500000
6402		1.918750
6403		2.450000
6404		3.262500
6405		4.325000
6406		5.478125
6407		5.728125
6408		5.775000
6409		6.540625
6410		6.806250
6411		6.350000
6412		5.775000
6413		5.065625
6414		5.862500
6415		4.915625
6416		4.503125
6417		2.968750
6418		2.259375
6419		1.962500
6420		1.031250
6421		0.381250
6422		-0.990625
6423		-2.496875
6424		-2.350000
6425		-3.000000
6426		-3.428125
6427		-4.050000
6428		-3.459375
6429		-2.571875
6430		-2.053125
6431		-1.406250
6432		-2.556250
6433		-2.159375
6434		-1.287500
6435		-0.918750
6436		-0.696875
6437		-0.768750
6438		-1.065625
6439		-0.828125
6440		0.321875
6441		-1.093750
6442		-2.025000
6443		-2.865625
6444		-3.384375
6445		-4.815625
6446		-5.200000
6447		-6.412500
6448		-5.600000
6449		-4.787500
6450		-4.684375
6451		-4.153125
6452		-5.053125
6453		-5.259375
6454		-4.315625
6455		-5.156250
6456		-5.496875
6457		-6.159375
6458		-6.440625
6459		-6.500000
6460		-6.368750
6461		-6.043750
6462		-7.240625
6463		-7.253125
6464		-6.900000
6465		-7.225000
6466		-6.575000
6467		-6.943750
6468		-6.321875
6469		-6.678125
6470		-5.659375
6471		-5.671875
6472		-5.128125
6473		-5.303125
6474		-5.140625
6475		-4.950000
6476		-4.359375
6477		-5.850000
6478		-5.156250
6479		-5.540625
6480		-4.315625
6481		-3.975000
6482		-4.506250
6483		-4.137500
6484		-3.693750
6485		-2.793750
6486		-1.950000
6487		-3.134375
6488		-1.406250
6489		-1.965625
6490		-1.125000
6491		-0.828125
6492		-1.021875
6493		-1.287500
6494		-0.756250
6495		-0.503125
6496		0.012500
6497		-1.184375
6498		-0.709375
6499		-1.375000
6500		-0.134375
6501		-0.503125
6502		-0.162500
6503		-2.321875
6504		-2.821875
6505		-2.571875
6506		-3.028125
6507		-3.309375
6508		-4.387500
6509		-4.328125
6510		-3.250000
6511		-2.540625
6512		-2.600000
6513		-2.853125
6514		-2.940625
6515		-1.700000
6516		-1.137500
6517		-1.109375
6518		-1.700000
6519		-1.462500
6520		-0.665625
6521		0.721875
6522		0.159375
6523		0.012500
6524		0.309375
6525		1.240625
6526		1.728125
6527		2.331250
6528		1.193750
6529		1.181250
6530		1.415625
6531		2.434375
6532		1.150000
6533		0.765625
6534		-0.059375
6535		-0.162500
6536		-0.356250
6537		-1.434375
6538		-1.359375
6539		-1.700000
6540		-0.903125
6541		-0.487500
6542		-1.050000
6543		-1.243750
6544		-1.612500
6545		-0.546875
6546		-1.184375
6547		-2.321875
6548		-4.225000
6549		-4.640625
6550		-3.325000
6551		-3.812500
6552		-3.871875
6553		-5.112500
6554		-5.540625
6555		-4.965625
6556		-6.603125
6557		-6.559375
6558		-7.918750
6559		-7.490625
6560		-6.809375
6561		-5.156250
6562		-5.893750
6563		-7.078125
6564		-7.506250
6565		-6.396875
6566		-6.575000
6567		-5.746875
6568		-6.543750
6569		-5.600000
6570		-6.428125
6571		-5.615625
6572		-6.131250
6573		-8.065625
6574		-9.143750
6575		-9.928125
6576		-10.384375
6577		-10.075000
6578		-10.371875
6579		-8.818750
6580		-7.771875
6581		-5.215625
6582		-4.478125
6583		-4.625000
6584		-3.590625
6585		-3.887500
6586		-3.103125
6587		-3.059375
6588		-4.462500
6589		-4.212500
6590		-4.815625
6591		-4.993750
6592		-5.643750
6593		-6.634375
6594		-6.900000
6595		-7.106250
6596		-6.428125
6597		-6.206250
6598		-4.934375
6599		-5.009375
6600		-4.625000
6601		-3.075000
6602		-2.540625
6603		-1.184375
6604		-1.109375
6605		0.706250
6606		2.818750
6607		2.140625
6608		2.362500
6609		2.184375
6610		2.168750
6611		1.815625
6612		1.831250
6613		1.328125
6614		0.809375
6615		0.753125
6616		1.403125
6617		0.856250
6618		1.296875
6619		1.134375
6620		1.312500
6621		2.212500
6622		3.912500
6623		5.346875
6624		5.434375
6625		5.109375
6626		4.118750
6627		2.806250
6628		0.825000
6629		-1.271875
6630		-1.656250
6631		-3.087500
6632		-1.818750
6633		-1.521875
6634		-1.478125
6635		-1.612500
6636		-2.203125
6637		-3.428125
6638		-4.506250
6639		-5.568750
6640		-5.362500
6641		-5.025000
6642		-3.725000
6643		-1.818750
6644		-0.400000
6645		0.515625
6646		1.771875
6647		1.890625
6648		2.081250
6649		2.212500
6650		1.890625
6651		3.071875
6652		3.896875
6653		4.296875
6654		4.650000
6655		4.134375
6656		3.559375
6657		2.834375
6658		1.240625
6659		-0.918750
6660		-2.631250
6661		-4.300000
6662		-5.568750
6663		-7.446875
6664		-8.450000
6665		-9.278125
6666		-8.493750
6667		-7.696875
6668		-5.746875
6669		-4.418750
6670		-3.503125
6671		-2.365625
6672		-1.359375
6673		-1.168750
6674		-0.209375
6675		0.634375
6676		2.243750
6677		3.175000
6678		3.246875
6679		3.100000
6680		2.818750
6681		2.037500
6682		1.712500
6683		0.175000
6684		1.415625
6685		2.037500
6686		2.878125
6687		4.090625
6688		4.221875
6689		5.287500
6690		5.346875
6691		5.700000
6692		6.025000
6693		6.350000
6694		6.540625
6695		5.728125
6696		5.434375
6697		4.812500
6698		4.221875
6699		3.853125
6700		3.396875
6701		4.356250
6702		5.315625
6703		6.275000
6704		6.690625
6705		6.912500
6706		7.503125
6707		8.387500
6708		8.534375
6709		9.643750
6710		9.937500
6711		11.415625
6712		11.934375
6713		12.065625
6714		11.562500
6715		11.134375
6716		10.337500
6717		9.968750
6718		8.950000
6719		8.165625
6720		7.028125
6721		7.087500
6722		7.840625
6723		9.037500
6724		10.131250
6725		10.603125
6726		11.003125
6727		11.150000
6728		11.962500
6729		12.184375
6730		11.712500
6731		12.700000
6732		12.850000
6733		13.234375
6734		12.965625
6735		13.012500
6736		12.981250
6737		13.512500
6738		13.662500
6739		13.306250
6740		12.006250
6741		11.356250
6742		11.046875
6743		10.531250
6744		9.171875
6745		8.343750
6746		8.240625
6747		7.531250
6748		7.606250
6749		7.665625
6750		6.984375
6751		7.575000
6752		5.981250
6753		8.803125
6754		8.756250
6755		8.743750
6756		8.093750
6757		8.137500
6758		7.796875
6759		7.900000
6760		7.178125
6761		8.018750
6762		8.534375
6763		9.540625
6764		9.556250
6765		10.293750
6766		10.856250
6767		10.750000
6768		10.190625
6769		9.053125
6770		6.968750
6771		5.478125
6772		4.725000
6773		4.237500
6774		4.237500
6775		3.293750
6776		4.637500
6777		4.209375
6778		3.928125
6779		3.175000
6780		2.465625
6781		1.815625
6782		2.228125
6783		4.209375
6784		4.812500
6785		6.587500
6786		8.478125
6787		8.712500
6788		9.865625
6789		9.687500
6790		10.087500
6791		8.728125
6792		8.668750
6793		8.609375
6794		7.840625
6795		6.187500
6796		4.812500
6797		2.509375
6798		1.328125
6799		-0.593750
6800		-0.593750
6801		-1.315625
6802		-1.196875
6803		-0.281250
6804		0.087500
6805		0.678125
6806		0.721875
6807		1.890625
6808		2.893750
6809		4.903125
6810		6.659375
6811		7.618750
6812		8.846875
6813		10.840625
6814		11.784375
6815		12.315625
6816		12.687500
6817		13.393750
6818		13.409375
6819		13.365625
6820		12.893750
6821		12.243750
6822		10.796875
6823		11.343750
6824		11.296875
6825		10.250000
6826		9.612500
6827		8.684375
6828		8.534375
6829		8.240625
6830		8.062500
6831		7.562500
6832		7.400000
6833		8.165625
6834		9.671875
6835		9.525000
6836		10.250000
6837		10.115625
6838		10.250000
6839		10.353125
6840		11.046875
6841		11.268750
6842		11.843750
6843		12.584375
6844		13.128125
6845		13.115625
6846		13.484375
6847		13.453125
6848		13.543750
6849		14.075000
6850		13.234375
6851		12.153125
6852		9.687500
6853		10.456250
6854		10.500000
6855		10.234375
6856		9.303125
6857		9.568750
6858		9.453125
6859		9.865625
6860		9.612500
6861		8.875000
6862		8.859375
6863		9.453125
6864		10.662500
6865		11.075000
6866		11.046875
6867		11.609375
6868		11.815625
6869		12.818750
6870		13.734375
6871		14.621875
6872		14.784375
6873		15.240625
6874		15.553125
6875		17.368750
6876		15.890625
6877		15.196875
6878		14.637500
6879		14.487500
6880		14.206250
6881		13.143750
6882		11.934375
6883		10.912500
6884		11.150000
6885		10.381250
6886		9.128125
6887		8.062500
6888		6.718750
6889		7.043750
6890		6.468750
6891		6.231250
6892		5.846875
6893		6.171875
6894		7.237500
6895		7.721875
6896		7.737500
6897		7.562500
6898		7.471875
6899		8.062500
6900		8.225000
6901		8.859375
6902		8.225000
6903		8.209375
6904		8.875000
6905		8.906250
6906		9.156250
6907		8.181250
6908		7.087500
6909		6.881250
6910		5.537500
6911		5.390625
6912		4.578125
6913		5.006250
6914		5.462500
6915		5.509375
6916		5.021875
6917		4.800000
6918		3.512500
6919		3.071875
6920		3.440625
6921		3.100000
6922		2.509375
6923		2.081250
6924		3.690625
6925		2.700000
6926		2.746875
6927		2.537500
6928		2.968750
6929		2.525000
6930		3.115625
6931		2.953125
6932		2.362500
6933		3.337500
6934		3.440625
6935		5.256250
6936		5.640625
6937		5.359375
6938		5.184375
6939		5.137500
6940		5.125000
6941		4.990625
6942		4.134375
6943		4.356250
6944		4.221875
6945		4.621875
6946		4.193750
6947		4.415625
6948		4.103125
6949		3.837500
6950		4.725000
6951		5.300000
6952		4.768750
6953		5.359375
6954		5.993750
6955		7.075000
6956		6.793750
6957		6.540625
6958		6.643750
6959		6.318750
6960		7.471875
6961		6.378125
6962		6.865625
6963		6.275000
6964		7.590625
6965		7.221875
6966		6.496875
6967		5.759375
6968		4.812500
6969		4.031250
6970		4.443750
6971		3.293750
6972		3.484375
6973		2.968750
6974		3.131250
6975		4.103125
6976		3.781250
6977		3.512500
6978		3.100000
6979		2.968750
6980		3.409375
6981		4.178125
6982		4.356250
6983		3.056250
6984		3.793750
6985		4.740625
6986		5.418750
6987		5.109375
6988		4.281250
6989		3.987500
6990		4.990625
6991		5.671875
6992		6.437500
6993		5.612500
6994		5.184375
6995		6.068750
6996		5.256250
6997		5.168750
6998		4.134375
6999		3.468750
7000		3.440625
7001		2.628125
7002		2.287500
7003		1.403125
7004		1.475000
7005		2.065625
7006		1.993750
7007		2.434375
7008		1.403125
7009		1.565625
7010		1.843750
7011		1.593750
7012		1.106250
7013		-1.137500
7014		-0.962500
7015		-0.031250
7016		-0.106250
7017		-0.356250
7018		-1.243750
7019		-1.981250
7020		-2.068750
7021		-3.015625
7022		-3.309375
7023		-4.268750
7024		-3.871875
7025		-3.206250
7026		-1.803125
7027		-1.775000
7028		-3.103125
7029		-4.196875
7030		-4.093750
7031		-3.459375
7032		-2.571875
7033		-2.468750
7034		-2.453125
7035		-2.053125
7036		-2.203125
7037		-1.862500
7038		-4.965625
7039		-5.200000
7040		-6.043750
7041		-5.437500
7042		-5.703125
7043		-6.175000
7044		-4.565625
7045		-3.221875
7046		-1.093750
7047		-0.134375
7048		-0.828125
7049		-0.784375
7050		-0.209375
7051		0.471875
7052		-0.209375
7053		-0.962500
7054		-2.659375
7055		-2.837500
7056		-2.571875
7057		-3.531250
7058		-4.240625
7059		-5.215625
7060		-5.053125
7061		-4.537500
7062		-3.796875
7063		-3.753125
7064		-3.915625
7065		-3.428125
7066		-1.612500
7067		-0.431250
7068		-0.150000
7069		-0.340625
7070		0.265625
7071		1.668750
7072		2.184375
7073		2.362500
7074		0.543750
7075		0.781250
7076		0.353125
7077		0.000000
7078		-0.209375
7079		-1.109375
7080		-0.946875
7081		-0.546875
7082		-0.946875
7083		0.234375
7084		0.603125
7085		0.381250
7086		-0.059375
7087		0.000000
7088		-0.546875
7089		-2.290625
7090		-3.709375
7091		-4.862500
7092		-5.909375
7093		-5.968750
7094		-6.618750
7095		-5.865625
7096		-6.456250
7097		-6.825000
7098		-8.862500
7099		-10.812500
7100		-11.803125
7101		-11.565625
7102		-11.300000
7103		-10.103125
7104		-8.862500
7105		-6.928125
7106		-6.028125
7107		-5.465625
7108		-5.671875
7109		-6.531250
7110		-7.831250
7111		-7.593750
7112		-7.609375
7113		-6.353125
7114		-5.671875
7115		-3.028125
7116		-1.834375
7117		-0.371875
7118		-0.578125
7119		-1.684375
7120		-3.678125
7121		-6.056250
7122		-7.887500
7123		-8.878125
7124		-10.753125
7125		-10.859375
7126		-12.437500
7127		-13.206250
7128		-14.593750
7129		-16.190624
7130		-16.912500
7131		-17.003124
7132		-16.174999
7133		-15.171875
7134		-14.106250
7135		-11.375000
7136		-10.150000
7137		-8.790625
7138		-7.165625
7139		-6.071875
7140		-5.128125
7141		-5.053125
7142		-4.462500
7143		-5.762500
7144		-6.175000
7145		-6.753125
7146		-7.181250
7147		-6.531250
7148		-6.087500
7149		-5.259375
7150		-4.728125
7151		-5.465625
7152		-4.756250
7153		-4.431250
7154		-4.537500
7155		-4.284375
7156		-4.684375
7157		-3.990625
7158		-3.575000
7159		-3.178125
7160		-3.134375
7161		-3.693750
7162		-3.828125
7163		-4.653125
7164		-5.568750
7165		-5.968750
7166		-5.893750
7167		-4.831250
7168		-3.975000
7169		-2.793750
7170		-2.215625
7171		-1.862500
7172		-0.903125
7173		-0.665625
7174		-0.106250
7175		-0.431250
7176		0.428125
7177		0.634375
7178		0.368750
7179		-0.415625
7180		-0.650000
7181		-1.965625
7182		-1.950000
7183		-2.600000
7184		-3.725000
7185		-5.128125
7186		-5.303125
7187		-5.096875
7188		-4.062500
7189		-2.984375
7190		-1.846875
7191		-1.568750
7192		-0.325000
7193		-0.593750
7194		-0.431250
7195		-0.725000
7196		-0.443750
7197		-0.503125
7198		-0.281250
7199		-0.443750
7200		0.087500
7201		-0.253125
7202		0.634375
7203		0.206250
7204		-0.400000
7205		-2.203125
7206		-2.793750
7207		-3.546875
7208		-4.240625
7209		-4.950000
7210		-5.318750
7211		-5.790625
7212		-5.834375
7213		-5.850000
7214		-6.071875
7215		-6.412500
7216		-5.893750
7217		-5.512500
7218		-4.284375
7219		-4.387500
7220		-4.640625
7221		-5.009375
7222		-5.290625
7223		-4.978125
7224		-5.171875
7225		-5.231250
7226		-4.978125
7227		-4.950000
7228		-3.975000
7229		-3.221875
7230		-2.809375
7231		-3.087500
7232		-3.353125
7233		-3.503125
7234		-5.081250
7235		-6.753125
7236		-7.668750
7237		-8.568750
7238		-9.425000
7239		-9.365625
7240		-9.484375
7241		-9.615625
7242		-9.396875
7243		-9.056250
7244		-9.896875
7245		-9.896875
7246		-10.193750
7247		-10.296875
7248		-9.203125
7249		-8.050000
7250		-6.278125
7251		-5.128125
7252		-3.753125
7253		-2.350000
7254		-2.215625
7255		-2.365625
7256		-2.690625
7257		-3.146875
7258		-3.606250
7259		-4.653125
7260		-5.303125
7261		-7.018750
7262		-9.187500
7263		-9.940625
7264		-11.787500
7265		-11.803125
7266		-13.131250
7267		-11.921875
7268		-11.878125
7269		-11.212500
7270		-10.887500
7271		-10.812500
7272		-10.768750
7273		-9.143750
7274		-8.731250
7275		-7.150000
7276		-5.881250
7277		-4.240625
7278		-3.250000
7279		-1.981250
7280		-1.640625
7281		-1.271875
7282		-2.262500
7283		-2.956250
7284		-3.118750
7285		-3.531250
7286		-3.678125
7287		-2.334375
7288		-0.918750
7289		-1.256250
7290		-0.975000
7291		-1.581250
7292		-2.778125
7293		-3.650000
7294		-3.043750
7295		-2.484375
7296		-1.846875
7297		-0.296875
7298		1.475000
7299		2.050000
7300		2.596875
7301		2.584375
7302		1.593750
7303		0.190625
7304		0.662500
7305		-0.503125
7306		0.368750
7307		1.371875
7308		1.681250
7309		0.559375
7310		0.928125
7311		-0.237500
7312		-0.681250
7313		-0.740625
7314		-2.321875
7315		-2.393750
7316		-4.890625
7317		-5.909375
7318		-7.312500
7319		-6.796875
7320		-6.693750
7321		-7.403125
7322		-7.815625
7323		-7.756250
7324		-6.868750
7325		-8.125000
7326		-8.584375
7327		-8.921875
7328		-8.375000
7329		-6.693750
7330		-5.362500
7331		-4.771875
7332		-4.875000
7333		-4.950000
7334		-4.106250
7335		-2.690625
7336		-1.715625
7337		-1.212500
7338		-0.740625
7339		1.106250
7340		1.415625
7341		1.918750
7342		1.890625
7343		1.815625
7344		2.006250
7345		1.843750
7346		1.696875
7347		0.309375
7348		-0.340625
7349		-0.990625
7350		-0.665625
7351		-1.581250
7352		-2.940625
7353		-4.165625
7354		-4.121875
7355		-4.756250
7356		-5.171875
7357		-5.465625
7358		-5.096875
7359		-3.118750
7360		-3.325000
7361		-3.384375
7362		-3.753125
7363		-3.678125
7364		-3.206250
7365		-1.834375
7366		-0.990625
7367		-1.406250
7368		-1.153125
7369		-1.168750
7370		-0.665625
7371		-1.006250
7372		-2.100000
7373		-3.221875
7374		-4.212500
7375		-4.315625
7376		-5.096875
7377		-6.265625
7378		-6.781250
7379		-5.718750
7380		-5.659375
7381		-5.850000
7382		-6.987500
7383		-7.475000
7384		-6.856250
7385		-7.431250
7386		-6.412500
7387		-7.518750
7388		-7.859375
7389		-7.240625
7390		-6.396875
7391		-6.428125
7392		-7.018750
7393		-7.668750
7394		-6.531250
7395		-6.353125
7396		-6.056250
7397		-6.693750
7398		-6.634375
7399		-6.043750
7400		-5.275000
7401		-4.993750
7402		-5.984375
7403		-6.146875
7404		-6.484375
7405		-6.234375
7406		-6.559375
7407		-7.078125
7408		-7.562500
7409		-7.018750
7410		-6.781250
7411		-6.618750
7412		-7.328125
7413		-7.018750
7414		-7.046875
7415		-6.678125
7416		-6.087500
7417		-5.009375
7418		-4.712500
7419		-3.621875
7420		-3.103125
7421		-2.615625
7422		-3.103125
7423		-3.975000
7424		-4.831250
7425		-3.678125
7426		-3.650000
7427		-2.853125
7428		-3.887500
7429		-3.796875
7430		-3.943750
7431		-3.250000
7432		-4.343750
7433		-5.556250
7434		-6.634375
7435		-6.484375
7436		-6.456250
7437		-6.071875
7438		-6.559375
7439		-6.428125
7440		-6.337500
7441		-6.278125
7442		-6.278125
7443		-6.781250
7444		-6.796875
7445		-6.087500
7446		-5.568750
7447		-5.406250
7448		-6.381250
7449		-5.671875
7450		-5.200000
7451		-4.653125
7452		-4.212500
7453		-4.446875
7454		-4.315625
7455		-3.134375
7456		-2.925000
7457		-2.025000
7458		-2.896875
7459		-2.068750
7460		-2.378125
7461		-2.203125
7462		-2.100000
7463		-2.837500
7464		-3.281250
7465		-3.650000
7466		-3.768750
7467		-4.284375
7468		-4.462500
7469		-4.550000
7470		-3.678125
7471		-3.531250
7472		-3.412500
7473		-3.693750
7474		-3.900000
7475		-2.468750
7476		-2.171875
7477		-2.809375
7478		-3.678125
7479		-3.840625
7480		-3.340625
7481		-3.015625
7482		-3.915625
7483		-5.187500
7484		-5.128125
7485		-6.087500
7486		-6.590625
7487		-6.809375
7488		-7.312500
7489		-6.825000
7490		-6.634375
7491		-4.756250
7492		-5.156250
7493		-6.721875
7494		-7.031250
7495		-7.018750
7496		-5.378125
7497		-4.490625
7498		-4.490625
7499		-3.975000
7500		-4.478125
7501		-3.781250
7502		-4.862500
7503		-7.181250
7504		-8.125000
7505		-9.615625
7506		-8.568750
7507		-9.262500
7508		-8.140625
7509		-7.387500
7510		-6.012500
7511		-4.343750
7512		-3.812500
7513		-4.137500
7514		-4.653125
7515		-4.787500
7516		-3.353125
7517		-4.803125
7518		-4.093750
7519		-6.043750
7520		-5.850000
7521		-5.746875
7522		-6.884375
7523		-8.050000
7524		-9.381250
7525		-9.896875
7526		-8.612500
7527		-9.175000
7528		-8.140625
7529		-8.596875
7530		-7.593750
7531		-5.643750
7532		-5.496875
7533		-5.037500
7534		-5.068750
7535		-4.537500
7536		-3.296875
7537		-2.940625
7538		-3.000000
7539		-3.325000
7540		-3.250000
7541		-3.015625
7542		0.103125
7543		1.712500
7544		-0.178125
7545		-1.612500
7546		-4.581250
7547		-7.800000
7548		-10.193750
7549		-11.640625
7550		-11.493750
7551		-8.421875
7552		-5.834375
7553		-5.231250
7554		-6.103125
7555		-8.228125
7556		-8.746875
7557		-11.478125
7558		-11.240625
7559		-10.859375
7560		-8.568750
7561		-6.618750
7562		-6.337500
7563		-7.518750
7564		-7.431250
7565		-8.671875
7566		-7.240625
7567		-7.887500
7568		-8.775000
7569		-9.396875
7570		-8.850000
7571		-6.515625
7572		-5.628125
7573		-4.121875
7574		-4.625000
7575		-4.565625
7576		-5.009375
7577		-4.565625
7578		-4.581250
7579		-4.225000
7580		-3.943750
7581		-2.112500
7582		0.012500
7583		1.046875
7584		0.531250
7585		-0.681250
7586		-1.846875
7587		-2.615625
7588		-4.003125
7589		-5.540625
7590		-7.518750
7591		-9.040625
7592		-10.903125
7593		-11.553125
7594		-12.615625
7595		-11.965625
7596		-11.137500
7597		-10.265625
7598		-8.775000
7599		-7.356250
7600		-6.381250
7601		-4.609375
7602		-2.615625
7603		-0.546875
7604		0.250000
7605		2.140625
7606		3.143750
7607		3.690625
7608		2.996875
7609		2.862500
7610		1.018750
7611		0.781250
7612		0.959375
7613		1.712500
7614		1.609375
7615		1.475000
7616		1.696875
7617		2.656250
7618		2.493750
7619		4.000000
7620		3.868750
7621		4.178125
7622		3.690625
7623		4.534375
7624		4.546875
7625		4.903125
7626		4.518750
7627		4.459375
7628		3.603125
7629		3.646875
7630		3.056250
7631		3.543750
7632		3.690625
7633		4.962500
7634		5.168750
7635		6.053125
7636		6.703125
7637		7.309375
7638		7.162500
7639		7.915625
7640		8.137500
7641		8.181250
7642		8.978125
7643		8.875000
7644		7.959375
7645		6.912500
7646		7.118750
7647		6.540625
7648		6.128125
7649		5.803125
7650		4.459375
7651		5.331250
7652		5.300000
7653		7.487500
7654		7.693750
7655		7.990625
7656		8.728125
7657		9.243750
7658		10.321875
7659		10.190625
7660		10.559375
7661		10.381250
7662		10.706250
7663		10.928125
7664		10.515625
7665		9.790625
7666		10.484375
7667		11.193750
7668		10.262500
7669		10.440625
7670		9.525000
7671		8.165625
7672		9.259375
7673		7.281250
7674		6.215625
7675		5.271875
7676		5.125000
7677		4.590625
7678		4.768750
7679		4.828125
7680		4.915625
7681		5.403125
7682		6.512500
7683		6.837500
7684		7.028125
7685		6.762500
7686		6.437500
7687		5.831250
7688		6.365625
7689		6.025000
7690		6.512500
7691		6.540625
7692		7.281250
7693		7.768750
7694		8.684375
7695		9.318750
7696		9.525000
7697		9.200000
7698		9.346875
7699		8.359375
7700		7.384375
7701		6.143750
7702		4.887500
7703		4.162500
7704		4.237500
7705		3.706250
7706		4.178125
7707		4.221875
7708		2.700000
7709		4.768750
7710		3.896875
7711		3.837500
7712		4.000000
7713		4.696875
7714		6.425000
7715		7.753125
7716		8.875000
7717		10.706250
7718		12.421875
7719		12.509375
7720		12.450000
7721		12.537500
7722		11.431250
7723		10.928125
7724		10.087500
7725		8.181250
7726		6.968750
7727		5.093750
7728		4.534375
7729		2.212500
7730		2.006250
7731		1.253125
7732		1.978125
7733		2.862500
7734		2.953125
7735		2.481250
7736		2.921875
7737		2.953125
7738		4.059375
7739		5.184375
7740		6.984375
7741		8.106250
7742		9.453125
7743		11.018750
7744		11.637500
7745		11.978125
7746		11.518750
7747		10.337500
7748		10.381250
7749		9.346875
7750		8.950000
7751		7.990625
7752		8.359375
7753		8.625000
7754		8.565625
7755		7.753125
7756		7.281250
7757		6.600000
7758		6.453125
7759		6.496875
7760		6.512500
7761		5.993750
7762		6.703125
7763		7.709375
7764		9.687500
7765		10.309375
7766		11.181250
7767		11.978125
7768		11.446875
7769		11.637500
7770		12.050000
7771		13.631250
7772		14.475000
7773		15.803125
7774		16.025000
7775		15.890625
7776		15.375000
7777		15.684375
7778		14.887500
7779		14.709375
7780		13.234375
7781		12.450000
7782		11.018750
7783		10.115625
7784		9.509375
7785		8.121875
7786		7.325000
7787		7.131250
7788		6.571875
7789		7.293750
7790		6.615625
7791		6.912500
7792		6.690625
7793		6.334375
7794		6.437500
7795		6.896875
7796		6.100000
7797		6.437500
7798		5.906250
7799		6.984375
7800		7.693750
7801		9.215625
7802		9.081250
7803		10.515625
7804		11.371875
7805		11.903125
7806		12.228125
7807		12.243750
7808		11.815625
7809		12.965625
7810		12.862500
7811		13.337500
7812		11.740625
7813		11.181250
7814		12.243750
7815		12.109375
7816		11.712500
7817		10.706250
7818		10.012500
7819		10.309375
7820		10.634375
7821		11.121875
7822		10.531250
7823		11.887500
7824		12.671875
7825		13.556250
7826		13.971875
7827		14.221875
7828		13.825000
7829		14.975000
7830		15.890625
7831		16.659374
7832		16.215626
7833		16.246876
7834		17.443750
7835		17.221874
7836		16.853125
7837		14.637500
7838		14.000000
7839		13.750000
7840		12.200000
7841		12.050000
7842		10.912500
7843		10.368750
7844		11.018750
7845		9.909375
7846		10.028125
7847		8.078125
7848		7.990625
7849		7.943750
7850		7.590625
7851		8.062500
7852		6.643750
7853		6.703125
7854		6.631250
7855		7.178125
7856		6.468750
7857		5.684375
7858		5.787500
7859		5.671875
7860		6.100000
7861		6.659375
7862		5.775000
7863		5.537500
7864		6.290625
7865		6.481250
7866		6.512500
7867		5.950000
7868		5.878125
7869		4.962500
7870		5.078125
7871		5.256250
7872		4.475000
7873		3.837500
7874		3.646875
7875		4.090625
7876		3.306250
7877		1.784375
7878		1.550000
7879		1.031250
7880		2.731250
7881		3.409375
7882		3.793750
7883		3.706250
7884		4.590625
7885		4.562500
7886		5.434375
7887		5.050000
7888		3.631250
7889		3.618750
7890		6.659375
7891		5.553125
7892		5.640625
7893		5.346875
7894		4.650000
7895		4.650000
7896		3.884375
7897		2.700000
7898		2.037500
7899		0.809375
7900		1.490625
7901		2.050000
7902		1.800000
7903		1.371875
7904		1.268750
7905		1.668750
7906		1.078125
7907		1.268750
7908		0.825000
7909		1.253125
7910		2.140625
7911		2.390625
7912		3.587500
7913		2.243750
7914		2.628125
7915		3.631250
7916		3.440625
7917		3.603125
7918		3.631250
7919		3.512500
7920		4.946875
7921		5.418750
7922		5.728125
7923		5.715625
7924		5.109375
7925		6.009375
7926		5.775000
7927		7.546875
7928		5.287500
7929		5.359375
7930		5.315625
7931		5.671875
7932		4.915625
7933		4.784375
7934		4.371875
7935		4.725000
7936		5.346875
7937		5.462500
7938		5.021875
7939		5.921875
7940		6.318750
7941		6.540625
7942		6.143750
7943		5.300000
7944		5.109375
7945		5.403125
7946		6.053125
7947		6.481250
7948		5.775000
7949		5.728125
7950		4.843750
7951		5.612500
7952		4.475000
7953		4.371875
7954		4.221875
7955		4.281250
7956		5.021875
7957		5.240625
7958		4.915625
7959		3.734375
7960		4.518750
7961		5.862500
7962		6.275000
7963		6.290625
7964		6.100000
7965		5.728125
7966		6.053125
7967		4.725000
7968		3.440625
7969		1.946875
7970		0.428125
7971		0.825000
7972		0.321875
7973		1.031250
7974		0.721875
7975		2.421875
7976		2.656250
7977		3.293750
7978		3.175000
7979		3.040625
7980		2.953125
7981		3.528125
7982		3.809375
7983		3.246875
7984		1.446875
7985		0.706250
7986		-0.178125
7987		-1.478125
7988		-3.162500
7989		-4.165625
7990		-4.431250
7991		-3.828125
7992		-3.281250
7993		-2.587500
7994		-3.325000
7995		-2.690625
7996		-1.937500
7997		-0.812500
7998		-0.887500
7999		-0.150000
8000		0.131250
8001		1.490625
8002		1.668750
8003		1.578125
8004		0.234375
8005		0.959375
8006		1.784375
8007		3.396875
8008		3.143750
8009		1.712500
8010		0.484375
8011		-1.878125
8012		-4.918750
8013		-7.562500
8014		-9.500000
8015		-9.012500
8016		-5.790625
8017		-3.146875
8018		-1.700000
8019		-1.775000
8020		-3.075000
8021		-4.521875
8022		-6.753125
8023		-8.375000
8024		-8.862500
8025		-8.081250
8026		-6.146875
8027		-4.978125
8028		-3.812500
8029		-4.093750
8030		-3.443750
8031		-4.300000
8032		-4.315625
8033		-5.512500
8034		-6.753125
8035		-6.234375
8036		-5.731250
8037		-4.165625
8038		-2.512500
8039		-2.393750
8040		-1.625000
8041		-1.640625
8042		-1.109375
8043		-1.065625
8044		-2.703125
8045		-1.081250
8046		-0.312500
8047		0.884375
8048		1.934375
8049		0.353125
8050		0.634375
8051		-1.434375
8052		-1.640625
8053		-3.384375
8054		-6.175000
8055		-9.440625
8056		-10.990625
8057		-12.793750
8058		-12.984375
8059		-12.984375
8060		-12.762500
8061		-11.700000
8062		-9.690625
8063		-8.096875
8064		-7.403125
8065		-7.446875
8066		-6.087500
8067		-4.490625
8068		-2.734375
8069		-1.581250
8070		-0.475000
8071		0.440625
8072		1.371875
8073		0.309375
8074		-0.475000
8075		-1.921875
8076		-2.393750
8077		-2.128125
8078		-1.700000
8079		-1.243750
8080		-1.315625
8081		-1.331250
8082		0.456250
8083		0.590625
8084		1.150000
8085		0.265625
8086		-0.221875
8087		0.796875
8088		0.071875
8089		0.265625
8090		0.321875
8091		-0.106250
8092		-0.237500
8093		-0.546875
8094		-1.287500
8095		-1.612500
8096		-1.818750
8097		-1.271875
8098		-0.946875
8099		-0.518750
8100		-0.178125
8101		0.250000
8102		1.003125
8103		1.578125
8104		2.125000
8105		2.450000
8106		2.271875
8107		2.806250
8108		1.934375
8109		0.987500
8110		0.309375
8111		0.012500
8112		0.159375
8113		-0.134375
8114		-0.800000
8115		-1.521875
8116		-1.775000
8117		-0.312500
8118		0.456250
8119		0.753125
8120		1.446875
8121		2.109375
8122		2.212500
8123		3.468750
8124		3.765625
8125		3.765625
8126		4.090625
8127		4.221875
8128		4.443750
8129		4.562500
8130		4.253125
8131		4.400000
8132		4.059375
8133		4.518750
8134		3.246875
8135		2.271875
8136		1.106250
8137		0.337500
8138		-0.518750
8139		-1.021875
8140		-1.743750
8141		-2.203125
8142		-3.250000
8143		-2.393750
8144		-3.015625
8145		-2.646875
8146		-2.453125
8147		-1.834375
8148		-1.168750
8149		-1.021875
8150		-0.725000
8151		-1.684375
8152		-1.965625
8153		-1.109375
8154		-1.596875
8155		-1.568750
8156		-2.128125
8157		-1.890625
8158		-1.596875
8159		-1.434375
8160		-0.918750
8161		-0.859375
8162		-1.462500
8163		-1.818750
8164		-2.350000
8165		-2.734375
8166		-4.137500
8167		-4.700000
8168		-4.950000
8169		-5.171875
8170		-3.915625
8171		-4.284375
8172		-4.212500
8173		-4.196875
8174		-4.846875
8175		-5.215625
8176		-5.850000
8177		-5.290625
8178		-4.640625
8179		-3.768750
8180		-2.496875
8181		-1.625000
8182		-0.400000
8183		1.253125
8184		0.856250
8185		1.415625
8186		0.412500
8187		-0.268750
8188		-0.975000
8189		-2.215625
8190		-3.471875
8191		-5.584375
8192		-7.150000
8193		-10.546875
8194		-9.706250
8195		-10.000000
8196		-9.321875
8197		-10.059375
8198		-9.468750
8199		-8.259375
8200		-7.459375
8201		-5.925000
8202		-4.315625
8203		-3.665625
8204		-2.143750
8205		-1.612500
8206		-1.759375
8207		-2.496875
8208		-3.015625
8209		-4.284375
8210		-4.890625
8211		-5.465625
8212		-6.412500
8213		-6.190625
8214		-6.115625
8215		-6.337500
8216		-6.706250
8217		-7.475000
8218		-7.593750
8219		-8.006250
8220		-7.415625
8221		-7.593750
8222		-7.962500
8223		-8.021875
8224		-6.159375
8225		-4.653125
8226		-3.650000
8227		-3.103125
8228		-2.350000
8229		-3.693750
8230		-3.459375
8231		-2.718750
8232		-1.243750
8233		-0.415625
8234		0.840625
8235		1.253125
8236		1.356250
8237		1.193750
8238		1.253125
8239		0.012500
8240		-0.487500
8241		-2.865625
8242		-3.840625
8243		-4.993750
8244		-5.259375
8245		-5.968750
8246		-5.378125
8247		-6.087500
8248		-6.456250
8249		-6.175000
8250		-5.893750
8251		-6.471875
8252		-7.328125
8253		-7.209375
8254		-6.753125
8255		-5.790625
8256		-5.496875
8257		-4.712500
8258		-4.950000
8259		-5.025000
8260		-4.506250
8261		-3.353125
8262		-2.512500
8263		-1.803125
8264		-0.946875
8265		-0.059375
8266		1.240625
8267		2.212500
8268		2.671875
8269		2.331250
8270		2.850000
8271		2.287500
8272		2.037500
8273		0.915625
8274		0.603125
8275		0.087500
8276		0.234375
8277		-0.296875
8278		-0.325000
8279		-1.418750
8280		-1.184375
8281		-1.434375
8282		-1.434375
8283		-1.390625
8284		-1.137500
8285		-0.665625
8286		-0.075000
8287		0.737500
8288		0.971875
8289		1.475000
8290		1.962500
8291		3.040625
8292		2.553125
8293		2.303125
8294		2.318750
8295		2.212500
8296		2.303125
8297		2.037500
8298		1.193750
8299		1.062500
8300		-0.546875
8301		-1.109375
8302		-1.803125
8303		-2.659375
8304		-3.250000
8305		-3.693750
8306		-3.650000
8307		-3.693750
8308		-5.671875
8309		-5.525000
8310		-6.590625
8311		-5.746875
8312		-6.646875
8313		-7.490625
8314		-7.756250
8315		-8.096875
8316		-7.887500
8317		-8.228125
8318		-8.184375
8319		-8.775000
8320		-8.525000
8321		-7.875000
8322		-8.140625
8323		-8.109375
8324		-8.687500
8325		-8.525000
8326		-7.446875
8327		-7.284375
8328		-7.356250
8329		-8.375000
8330		-8.921875
8331		-8.553125
8332		-7.534375
8333		-9.115625
8334		-9.234375
8335		-10.400000
8336		-10.415625
8337		-10.325000
8338		-10.740625
8339		-11.153125
8340		-11.006250
8341		-10.340625
8342		-9.837500
8343		-8.700000
8344		-8.878125
8345		-8.671875
8346		-7.696875
8347		-7.343750
8348		-7.403125
8349		-7.978125
8350		-6.825000
8351		-7.209375
8352		-6.678125
8353		-6.321875
8354		-7.193750
8355		-8.184375
8356		-6.971875
8357		-7.240625
8358		-8.228125
8359		-9.528125
8360		-10.046875
8361		-9.293750
8362		-9.528125
8363		-8.909375
8364		-9.484375
8365		-9.662500
8366		-9.025000
8367		-8.893750
8368		-8.996875
8369		-9.409375
8370		-9.175000
8371		-7.784375
8372		-7.578125
8373		-7.356250
8374		-8.006250
8375		-8.109375
8376		-6.928125
8377		-6.943750
8378		-9.868750
8379		-7.446875
8380		-6.515625
8381		-5.687500
8382		-4.700000
8383		-3.959375
8384		-4.993750
8385		-4.831250
8386		-5.081250
8387		-4.431250
8388		-4.121875
8389		-5.156250
8390		-5.156250
8391		-5.350000
8392		-5.584375
8393		-5.465625
8394		-5.834375
8395		-5.496875
8396		-5.731250
8397		-4.771875
8398		-4.521875
8399		-4.490625
8400		-3.725000
8401		-3.384375
8402		-3.178125
8403		-3.900000
8404		-4.978125
8405		-4.121875
8406		-4.387500
8407		-3.634375
8408		-3.296875
8409		-3.915625
8410		-4.256250
8411		-4.478125
8412		-4.609375
8413		-4.978125
8414		-5.156250
8415		-6.856250
8416		-6.012500
8417		-5.909375
8418		-5.671875
8419		-6.175000
8420		-5.834375
8421		-5.525000
8422		-4.300000
8423		-3.943750
8424		-3.015625
8425		-4.315625
8426		-5.053125
8427		-4.831250
8428		-4.846875
8429		-5.850000
8430		-7.712500
8431		-8.656250
8432		-9.012500
8433		-9.012500
8434		-7.621875
8435		-7.800000
8436		-7.343750
8437		-6.103125
8438		-5.525000
8439		-5.940625
8440		-6.159375
8441		-5.762500
8442		-4.550000
8443		-5.231250
8444		-5.746875
8445		-7.621875
8446		-9.187500
8447		-8.850000
8448		-10.090625
8449		-10.578125
8450		-11.775000
8451		-11.668750
8452		-11.565625
8453		-11.596875
8454		-11.478125
8455		-12.009375
8456		-11.656250
8457		-10.443750
8458		-9.675000
8459		-9.512500
8460		-8.700000
8461		-7.534375
8462		-7.106250
8463		-7.343750
8464		-6.678125
8465		-6.868750
8466		-7.887500
8467		-7.165625
8468		-7.150000
8469		-7.578125
8470		-8.406250
8471		-8.140625
8472		-7.225000
8473		-7.268750
8474		-6.693750
8475		-7.771875
8476		-7.978125
8477		-6.440625
8478		-3.634375
8479		-2.453125
8480		-1.418750
8481		-1.184375
8482		-2.615625
8483		-4.743750
8484		-7.121875
8485		-10.962500
8486		-12.468750
8487		-13.131250
8488		-11.390625
8489		-9.484375
8490		-9.409375
8491		-8.909375
8492		-9.187500
8493		-9.559375
8494		-11.434375
8495		-13.828125
8496		-14.018750
8497		-13.665625
8498		-11.478125
8499		-9.500000
8500		-8.081250
8501		-6.646875
8502		-5.453125
8503		-3.959375
8504		-4.225000
8505		-3.590625
8506		-5.231250
8507		-5.556250
8508		-5.200000
8509		-4.018750
8510		-3.781250
8511		-3.975000
8512		-3.959375
8513		-3.990625
8514		-6.309375
8515		-8.746875
8516		-13.000000
8517		-15.496875
8518		-17.237499
8519		-17.387501
8520		-17.075001
8521		-17.165625
8522		-14.728125
8523		-12.925000
8524		-12.009375
8525		-10.590625
8526		-10.975000
8527		-10.209375
8528		-9.234375
8529		-8.628125
8530		-7.268750
8531		-6.662500
8532		-5.025000
8533		-4.225000
8534		-3.871875
8535		-5.171875
8536		-6.012500
8537		-7.062500
8538		-6.753125
8539		-7.090625
8540		-6.500000
8541		-6.737500
8542		-6.190625
8543		-3.915625
8544		-3.428125
8545		-2.762500
8546		-3.828125
8547		-3.693750
8548		-3.296875
8549		-3.368750
8550		-3.487500
8551		-3.931250
8552		-3.400000
8553		-3.503125
8554		-3.943750
8555		-3.768750
8556		-4.771875
8557		-3.678125
8558		-2.468750
8559		-2.025000
8560		-1.243750
8561		-1.553125
8562		-0.221875
8563		1.296875
8564		2.271875
8565		3.337500
8566		2.271875
8567		3.218750
8568		3.143750
8569		3.765625
8570		2.156250
8571		1.890625
8572		1.343750
8573		0.825000
8574		0.856250
8575		0.646875
8576		-0.946875
8577		-0.546875
8578		0.840625
8579		2.228125
8580		3.706250
8581		3.618750
8582		4.753125
8583		5.346875
8584		6.318750
8585		7.353125
8586		7.884375
8587		8.609375
8588		9.303125
8589		9.937500
8590		10.159375
8591		10.278125
8592		11.209375
8593		10.087500
8594		9.659375
8595		8.581250
8596		7.840625
8597		6.734375
8598		5.993750
8599		5.184375
8600		4.753125
8601		4.046875
8602		3.690625
8603		2.687500
8604		2.818750
8605		2.878125
8606		2.525000
8607		3.793750
8608		5.093750
8609		5.581250
8610		6.215625
8611		5.315625
8612		5.553125
8613		5.153125
8614		4.946875
8615		5.065625
8616		4.946875
8617		5.034375
8618		5.625000
8619		6.512500
8620		6.762500
8621		7.237500
8622		6.778125
8623		7.087500
8624		6.290625
8625		5.671875
8626		4.740625
8627		3.987500
8628		3.262500
8629		3.781250
8630		4.162500
8631		3.793750
8632		4.621875
8633		4.475000
8634		4.075000
8635		4.075000
8636		3.159375
8637		3.187500
8638		2.953125
8639		3.365625
8640		5.359375
8641		6.425000
8642		7.575000
8643		9.334375
8644		10.131250
8645		10.796875
8646		10.559375
8647		10.587500
8648		9.568750
8649		9.346875
8650		8.062500
8651		6.750000
8652		4.518750
8653		2.996875
8654		1.534375
8655		0.515625
8656		-0.253125
8657		-1.212500
8658		-1.168750
8659		-1.137500
8660		-0.503125
8661		-0.503125
8662		-0.650000
8663		0.115625
8664		0.900000
8665		2.584375
8666		4.134375
8667		5.581250
8668		6.496875
8669		8.137500
8670		8.506250
8671		8.565625
8672		7.840625
8673		7.075000
8674		6.540625
8675		6.100000
8676		5.462500
8677		5.212500
8678		4.740625
8679		5.240625
8680		4.562500
8681		4.178125
8682		3.468750
8683		3.690625
8684		3.278125
8685		3.809375
8686		3.853125
8687		3.175000
8688		3.396875
8689		3.571875
8690		4.843750
8691		5.878125
8692		7.618750
8693		7.753125
8694		8.343750
8695		8.978125
8696		9.628125
8697		11.268750
8698		10.971875
8699		10.262500
8700		10.634375
8701		11.181250
8702		10.618750
8703		11.415625
8704		11.918750
8705		11.415625
8706		10.262500
8707		9.968750
8708		8.018750
8709		7.221875
8710		7.531250
8711		7.531250
8712		8.018750
8713		7.400000
8714		7.471875
8715		7.931250
8716		7.340625
8717		6.821875
8718		6.215625
8719		6.659375
8720		7.871875
8721		8.018750
8722		8.225000
8723		8.831250
8724		8.859375
8725		9.762500
8726		10.396875
8727		11.550000
8728		11.193750
8729		11.784375
8730		12.406250
8731		12.893750
8732		13.603125
8733		13.881250
8734		14.103125
8735		14.118750
8736		14.637500
8737		14.487500
8738		13.425000
8739		13.409375
8740		13.409375
8741		13.143750
8742		12.790625
8743		12.478125
8744		11.815625
8745		11.756250
8746		11.475000
8747		11.209375
8748		11.550000
8749		11.800000
8750		13.290625
8751		12.640625
8752		13.662500
8753		13.734375
8754		14.800000
8755		15.787500
8756		16.659374
8757		16.112499
8758		16.334375
8759		15.521875
8760		15.981250
8761		15.596875
8762		15.300000
8763		14.812500
8764		14.312500
8765		12.862500
8766		11.800000
8767		10.884375
8768		9.762500
8769		9.140625
8770		8.446875
8771		9.053125
8772		8.046875
8773		7.309375
8774		6.956250
8775		6.778125
8776		6.615625
8777		6.084375
8778		5.537500
8779		4.915625
8780		4.562500
8781		5.021875
8782		4.990625
8783		4.340625
8784		4.725000
8785		4.265625
8786		4.534375
8787		4.503125
8788		4.665625
8789		4.059375
8790		3.837500
8791		3.896875
8792		5.021875
8793		4.800000
8794		4.059375
8795		3.884375
8796		3.543750
8797		3.246875
8798		3.543750
8799		2.537500
8800		2.687500
8801		3.071875
8802		2.271875
8803		1.890625
8804		1.771875
8805		2.125000
8806		2.568750
8807		3.203125
8808		4.384375
8809		3.793750
8810		4.843750
8811		5.403125
8812		6.496875
8813		7.131250
8814		6.571875
8815		6.734375
8816		7.206250
8817		7.281250
8818		7.575000
8819		6.659375
8820		6.734375
8821		6.600000
8822		6.571875
8823		6.512500
8824		5.256250
8825		4.546875
8826		5.168750
8827		5.434375
8828		4.665625
8829		3.928125
8830		3.571875
8831		5.346875
8832		4.475000
8833		5.462500
8834		5.331250
8835		5.065625
8836		6.187500
8837		6.262500
8838		6.912500
8839		5.993750
8840		6.068750
8841		7.665625
8842		7.293750
8843		7.575000
8844		6.896875
8845		6.453125
8846		7.206250
8847		7.840625
8848		7.753125
8849		5.775000
8850		6.290625
8851		7.618750
8852		7.840625
8853		7.709375
8854		6.734375
8855		6.675000
8856		6.806250
8857		6.100000
8858		5.656250
8859		5.109375
8860		4.915625
8861		5.034375
8862		6.128125
8863		6.025000
8864		5.950000
8865		5.906250
8866		5.612500
8867		6.496875
8868		6.143750
8869		5.256250
8870		4.871875
8871		4.931250
8872		5.759375
8873		6.393750
8874		5.359375
8875		5.271875
8876		4.975000
8877		6.084375
8878		5.050000
8879		4.665625
8880		3.912500
8881		4.296875
8882		3.971875
8883		4.784375
8884		4.871875
8885		4.800000
8886		5.565625
8887		7.146875
8888		7.709375
8889		7.650000
8890		6.128125
8891		6.690625
8892		5.700000
8893		5.478125
8894		4.650000
8895		3.337500
8896		2.450000
8897		2.050000
8898		1.490625
8899		1.253125
8900		1.668750
8901		2.037500
8902		3.425000
8903		4.000000
8904		4.237500
8905		3.837500
8906		4.134375
8907		5.093750
8908		4.296875
8909		3.409375
8910		1.490625
8911		1.150000
8912		-0.059375
8913		-0.384375
8914		-1.287500
8915		-1.803125
8916		-2.306250
8917		-2.246875
8918		-0.812500
8919		-1.537500
8920		-2.262500
8921		-1.834375
8922		-0.665625
8923		-0.075000
8924		0.543750
8925		0.634375
8926		1.209375
8927		1.740625
8928		2.612500
8929		2.628125
8930		2.065625
8931		1.403125
8932		1.696875
8933		1.296875
8934		0.531250
8935		0.559375
8936		0.293750
8937		0.500000
8938		1.859375
8939		1.890625
8940		1.593750
8941		2.628125
8942		4.990625
8943		7.575000
8944		8.890625
8945		7.915625
8946		5.878125
8947		3.500000
8948		1.181250
8949		-1.759375
8950		-3.871875
8951		-3.634375
8952		-1.818750
8953		0.559375
8954		1.193750
8955		0.515625
8956		-1.137500
8957		-3.459375
8958		-4.565625
8959		-5.081250
8960		-5.009375
8961		-3.768750
8962		-1.950000
8963		0.678125
8964		2.493750
8965		1.696875
8966		2.553125
8967		1.728125
8968		1.712500
8969		0.915625
8970		0.456250
8971		0.706250
8972		2.303125
8973		4.178125
8974		5.509375
8975		4.590625
8976		4.134375
8977		1.815625
8978		0.368750
8979		-3.459375
8980		-6.309375
8981		-9.012500
8982		-11.050000
8983		-10.681250
8984		-10.871875
8985		-11.109375
8986		-11.287500
8987		-10.768750
8988		-9.306250
8989		-8.421875
8990		-8.006250
8991		-7.784375
8992		-6.987500
8993		-4.462500
8994		-3.059375
8995		-1.256250
8996		-0.696875
8997		-1.006250
8998		-0.059375
8999		-0.784375
9000		-2.793750
9001		-3.915625
9002		-4.803125
9003		-4.106250
9004		-3.296875
9005		-2.171875
9006		-2.171875
9007		-1.596875
9008		-0.431250
9009		-0.031250
9010		-1.021875
9011		-1.640625
9012		-2.128125
9013		-1.093750
9014		-0.696875
9015		0.250000
9016		-0.178125
9017		-0.843750
9018		-0.209375
9019		-0.431250
9020		-0.696875
9021		-1.406250
9022		-1.034375
9023		0.971875
9024		1.268750
9025		2.346875
9026		2.731250
9027		3.781250
9028		5.403125
9029		6.084375
9030		5.553125
9031		5.375000
9032		5.078125
9033		5.537500
9034		4.753125
9035		4.428125
9036		3.825000
9037		3.662500
9038		3.734375
9039		3.293750
9040		1.296875
9041		0.368750
9042		-0.015625
9043		2.318750
9044		4.059375
9045		4.990625
9046		4.768750
9047		5.937500
9048		6.084375
9049		7.828125
9050		8.137500
9051		8.121875
9052		8.668750
9053		9.275000
9054		9.984375
9055		10.809375
9056		9.893750
9057		10.278125
9058		10.012500
9059		10.559375
9060		9.393750
9061		7.753125
9062		7.340625
9063		6.040625
9064		5.418750
9065		3.706250
9066		2.450000
9067		1.518750
9068		1.253125
9069		3.246875
9070		2.537500
9071		2.996875
9072		2.271875
9073		3.396875
9074		3.662500
9075		3.159375
9076		3.750000
9077		2.893750
9078		2.818750
9079		3.365625
9080		3.750000
9081		3.365625
9082		2.584375
9083		2.481250
9084		2.643750
9085		2.287500
9086		2.996875
9087		2.271875
9088		1.475000
9089		1.003125
9090		0.278125
9091		-1.315625
9092		-2.571875
9093		-2.837500
9094		-2.971875
9095		-3.000000
9096		-1.640625
9097		-1.168750
9098		-0.400000
9099		-0.356250
9100		-0.990625
9101		-1.834375
9102		-2.734375
9103		-2.600000
9104		-1.818750
9105		-0.962500
9106		0.900000
9107		1.621875
9108		3.337500
9109		4.134375
9110		4.443750
9111		3.765625
9112		3.559375
9113		2.996875
9114		2.996875
9115		1.815625
9116		0.796875
9117		-1.846875
9118		-3.325000
9119		-5.290625
9120		-6.309375
9121		-7.459375
9122		-8.200000
9123		-8.481250
9124		-7.962500
9125		-8.481250
9126		-8.271875
9127		-9.084375
9128		-8.228125
9129		-7.165625
9130		-5.762500
9131		-4.431250
9132		-2.865625
9133		-1.834375
9134		-0.487500
9135		0.309375
9136		0.471875
9137		-0.400000
9138		-1.212500
9139		-2.171875
9140		-2.246875
9141		-3.103125
9142		-3.471875
9143		-4.831250
9144		-4.787500
9145		-5.231250
9146		-5.128125
9147		-6.218750
9148		-6.071875
9149		-6.559375
9150		-5.834375
9151		-6.428125
9152		-7.106250
9153		-7.268750
9154		-6.206250
9155		-5.540625
9156		-4.018750
9157		-3.412500
9158		-3.221875
9159		-3.309375
9160		-2.956250
9161		-2.409375
9162		-2.171875
9163		-2.246875
9164		-2.262500
9165		-2.512500
9166		-2.425000
9167		-2.321875
9168		-2.378125
9169		-2.540625
9170		-3.590625
9171		-4.359375
9172		-5.437500
9173		-6.159375
9174		-6.218750
9175		-5.275000
9176		-4.581250
9177		-3.840625
9178		-4.050000
9179		-4.537500
9180		-5.171875
9181		-4.771875
9182		-5.378125
9183		-4.684375
9184		-3.281250
9185		-1.406250
9186		-0.578125
9187		0.000000
9188		-0.178125
9189		-0.534375
9190		-0.843750
9191		-0.459375
9192		-0.975000
9193		-0.740625
9194		-0.400000
9195		0.706250
9196		1.018750
9197		2.021875
9198		1.621875
9199		2.050000
9200		1.296875
9201		1.681250
9202		0.868750
9203		0.368750
9204		-0.546875
9205		-0.431250
9206		-1.168750
9207		-1.375000
9208		-2.365625
9209		-3.134375
9210		-3.796875
9211		-3.796875
9212		-5.009375
9213		-4.137500
9214		-4.137500
9215		-2.853125
9216		-2.484375
9217		-1.109375
9218		-0.665625
9219		2.006250
9220		2.375000
9221		3.734375
9222		3.559375
9223		4.428125
9224		4.031250
9225		5.390625
9226		5.878125
9227		6.068750
9228		5.212500
9229		4.221875
9230		2.818750
9231		1.800000
9232		0.175000
9233		-0.650000
9234		-1.656250
9235		-1.184375
9236		-1.656250
9237		-1.996875
9238		-3.059375
9239		-3.146875
9240		-3.693750
9241		-4.137500
9242		-4.815625
9243		-4.756250
9244		-5.465625
9245		-5.393750
9246		-5.025000
9247		-5.140625
9248		-5.437500
9249		-5.746875
9250		-6.368750
9251		-6.381250
9252		-7.003125
9253		-7.225000
9254		-7.343750
9255		-7.181250
9256		-6.856250
9257		-7.018750
9258		-8.006250
9259		-8.156250
9260		-8.968750
9261		-8.596875
9262		-8.968750
9263		-9.187500
9264		-9.631250
9265		-9.734375
9266		-9.690625
9267		-9.603125
9268		-10.000000
9269		-10.046875
9270		-9.778125
9271		-9.025000
9272		-8.715625
9273		-8.525000
9274		-7.887500
9275		-7.046875
9276		-6.646875
9277		-5.746875
9278		-5.009375
9279		-5.453125
9280		-5.600000
9281		-5.525000
9282		-5.909375
9283		-6.321875
9284		-6.559375
9285		-6.840625
9286		-6.856250
9287		-6.928125
9288		-7.209375
9289		-8.081250
9290		-9.143750
9291		-9.706250
9292		-9.837500
9293		-9.884375
9294		-9.571875
9295		-9.559375
9296		-9.306250
9297		-9.306250
9298		-8.525000
9299		-8.375000
9300		-8.746875
9301		-8.287500
9302		-7.903125
9303		-7.993750
9304		-8.525000
9305		-7.875000
9306		-7.121875
9307		-6.603125
9308		-6.250000
9309		-7.637500
9310		-7.696875
9311		-7.090625
9312		-6.321875
9313		-6.590625
9314		-7.150000
9315		-8.125000
9316		-7.121875
9317		-6.721875
9318		-6.943750
9319		-8.168750
9320		-9.203125
9321		-9.440625
9322		-9.159375
9323		-9.484375
9324		-10.475000
9325		-10.134375
9326		-8.200000
9327		-9.187500
9328		-9.293750
9329		-9.706250
9330		-9.484375
9331		-9.631250
9332		-9.306250
9333		-9.615625
9334		-10.118750
9335		-10.296875
9336		-9.884375
9337		-9.203125
9338		-8.081250
9339		-9.071875
9340		-9.765625
9341		-9.084375
9342		-8.050000
9343		-8.981250
9344		-9.040625
9345		-8.968750
9346		-8.406250
9347		-7.903125
9348		-7.253125
9349		-8.259375
9350		-7.550000
9351		-7.121875
9352		-5.393750
9353		-4.906250
9354		-5.112500
9355		-5.481250
9356		-5.009375
9357		-4.609375
9358		-4.359375
9359		-5.584375
9360		-6.634375
9361		-7.637500
9362		-7.712500
9363		-8.109375
9364		-7.296875
9365		-6.353125
9366		-5.671875
9367		-4.653125
9368		-3.459375
9369		-3.237500
9370		-4.003125
9371		-4.062500
9372		-3.856250
9373		-4.593750
9374		-5.378125
9375		-6.721875
9376		-7.771875
9377		-8.818750
9378		-8.628125
9379		-9.528125
9380		-10.443750
9381		-10.621875
9382		-8.775000
9383		-10.253125
9384		-10.046875
9385		-9.706250
9386		-9.262500
9387		-8.037500
9388		-5.718750
9389		-4.387500
9390		-4.993750
9391		-5.865625
9392		-5.821875
9393		-7.209375
9394		-8.596875
9395		-10.415625
9396		-10.665625
9397		-9.615625
9398		-9.971875
9399		-9.543750
9400		-9.928125
9401		-10.415625
9402		-10.562500
9403		-12.512500
9404		-12.600000
9405		-12.615625
9406		-12.068750
9407		-10.178125
9408		-9.734375
9409		-8.759375
9410		-9.143750
9411		-8.006250
9412		-8.109375
9413		-8.168750
9414		-8.731250
9415		-9.234375
9416		-10.696875
9417		-10.621875
9418		-10.606250
9419		-11.684375
9420		-12.409375
9421		-11.700000
9422		-10.887500
9423		-10.784375
9424		-10.812500
9425		-10.265625
9426		-10.193750
9427		-10.046875
9428		-10.150000
9429		-8.700000
9430		-9.765625
9431		-10.162500
9432		-10.031250
9433		-9.293750
9434		-7.740625
9435		-7.268750
9436		-6.103125
9437		-6.056250
9438		-5.568750
9439		-6.678125
9440		-8.109375
9441		-9.631250
9442		-10.475000
9443		-11.375000
9444		-13.000000
9445		-15.850000
9446		-17.637501
9447		-19.246876
9448		-20.546875
9449		-20.384375
9450		-22.128124
9451		-21.343750
9452		-20.281250
9453		-17.859375
9454		-15.718750
9455		-14.906250
9456		-13.353125
9457		-11.656250
9458		-9.853125
9459		-8.481250
9460		-7.562500
9461		-8.037500
9462		-7.284375
9463		-7.415625
9464		-7.653125
9465		-8.006250
9466		-9.040625
9467		-9.662500
9468		-8.243750
9469		-7.903125
9470		-8.109375
9471		-8.790625
9472		-7.784375
9473		-6.043750
9474		-5.659375
9475		-5.231250
9476		-6.087500
9477		-5.834375
9478		-5.140625
9479		-4.256250
9480		-4.284375
9481		-5.243750
9482		-5.703125
9483		-5.615625
9484		-5.953125
9485		-5.615625
9486		-6.500000
9487		-5.096875
9488		-4.521875
9489		-2.393750
9490		-1.759375
9491		-1.759375
9492		-1.450000
9493		-0.340625
9494		0.234375
9495		0.575000
9496		0.368750
9497		1.046875
9498		1.415625
9499		1.046875
9500		0.706250
9501		-0.503125
9502		-0.696875
9503		-0.918750
9504		-1.700000
9505		-2.971875
9506		-3.515625
9507		-3.503125
9508		-1.006250
9509		0.265625
9510		1.284375
9511		0.590625
9512		1.637500
9513		2.806250
9514		2.893750
9515		2.996875
9516		3.025000
9517		3.293750
9518		4.000000
9519		4.578125
9520		5.346875
9521		4.487500
9522		5.287500
9523		6.393750
9524		5.640625
9525		5.521875
9526		3.706250
9527		3.603125
9528		2.081250
9529		3.218750
9530		1.637500
9531		0.218750
9532		-0.178125
9533		-0.800000
9534		-1.331250
9535		-0.696875
9536		-1.981250
9537		-1.153125
9538		-0.546875
9539		0.900000
9540		1.506250
9541		0.309375
9542		0.087500
9543		0.321875
9544		0.618750
9545		0.028125
9546		-1.359375
9547		-1.065625
9548		-1.256250
9549		0.428125
9550		2.212500
9551		1.150000
9552		1.371875
9553		0.825000
9554		1.268750
9555		-0.031250
9556		-1.700000
9557		-3.412500
9558		-4.490625
9559		-2.865625
9560		-2.468750
9561		-1.228125
9562		-1.359375
9563		-1.287500
9564		-0.562500
9565		-0.621875
9566		-1.137500
9567		-1.212500
9568		-1.450000
9569		1.209375
9570		2.228125
9571		4.059375
9572		4.665625
9573		5.346875
9574		6.378125
9575		6.231250
9576		6.143750
9577		6.587500
9578		6.068750
9579		6.100000
9580		5.109375
9581		3.543750
9582		0.915625
9583		-0.221875
9584		-0.725000
9585		-1.700000
9586		-2.262500
9587		-2.246875
9588		-2.425000
9589		-0.990625
9590		-0.768750
9591		-0.740625
9592		-1.153125
9593		-0.371875
9594		0.146875
9595		1.121875
9596		3.115625
9597		4.428125
9598		5.700000
9599		6.968750
9600		8.359375
9601		7.828125
9602		7.546875
9603		6.865625
9604		5.921875
9605		5.034375
9606		4.753125
9607		4.356250
9608		3.987500
9609		3.690625
9610		3.618750
9611		2.893750
9612		2.406250
9613		2.212500
9614		2.037500
9615		1.890625
9616		1.343750
9617		1.343750
9618		1.343750
9619		2.184375
9620		3.781250
9621		4.590625
9622		5.684375
9623		5.240625
9624		5.034375
9625		5.168750
9626		5.684375
9627		5.862500
9628		6.734375
9629		5.950000
9630		6.734375
9631		6.203125
9632		6.025000
9633		5.890625
9634		6.084375
9635		4.650000
9636		3.734375
9637		2.700000
9638		2.362500
9639		1.475000
9640		2.037500
9641		2.612500
9642		2.671875
9643		3.175000
9644		3.512500
9645		4.400000
9646		4.296875
9647		4.812500
9648		5.093750
9649		5.803125
9650		6.587500
9651		6.984375
9652		7.562500
9653		7.575000
9654		8.965625
9655		9.671875
9656		10.750000
9657		11.578125
9658		11.459375
9659		11.328125
9660		11.903125
9661		11.431250
9662		11.446875
9663		11.075000
9664		12.037500
9665		12.006250
9666		12.346875
9667		11.843750
9668		11.225000
9669		10.484375
9670		10.531250
9671		9.671875
9672		9.171875
9673		8.315625
9674		7.812500
9675		7.325000
9676		7.753125
9677		7.471875
9678		7.650000
9679		7.575000
9680		8.787500
9681		9.053125
9682		9.996875
9683		10.115625
9684		11.225000
9685		12.790625
9686		13.706250
9687		14.443750
9688		15.625000
9689		15.818750
9690		16.793751
9691		16.690624
9692		16.421875
9693		15.993750
9694		14.990625
9695		14.193750
9696		13.084375
9697		11.978125
9698		11.962500
9699		10.840625
9700		11.356250
9701		11.193750
9702		11.003125
9703		9.600000
9704		9.275000
9705		9.184375
9706		9.068750
9707		9.009375
9708		8.803125
9709		9.053125
9710		9.346875
9711		8.712500
9712		8.771875
9713		7.990625
9714		7.975000
9715		7.943750
9716		7.443750
9717		7.384375
9718		6.675000
9719		6.468750
9720		6.571875
9721		6.821875
9722		6.528125
9723		5.656250
9724		5.240625
9725		4.915625
9726		4.443750
9727		4.221875
9728		3.928125
9729		3.956250
9730		3.396875
9731		3.646875
9732		3.025000
9733		2.818750
9734		2.643750
9735		3.781250
9736		3.012500
9737		3.940625
9738		3.956250
9739		4.637500
9740		5.256250
9741		5.831250
9742		6.690625
9743		6.556250
9744		6.690625
9745		6.528125
9746		6.290625
9747		6.659375
9748		5.671875
9749		6.025000
9750		5.478125
9751		6.100000
9752		4.915625
9753		5.196875
9754		3.071875
9755		2.806250
9756		1.890625
9757		2.406250
9758		2.006250
9759		2.156250
9760		1.800000
9761		3.484375
9762		2.818750
9763		3.793750
9764		2.818750
9765		3.543750
9766		3.468750
9767		3.928125
9768		3.721875
9769		-1.775000
9770		4.103125
9771		5.418750
9772		6.171875
9773		5.509375
9774		4.534375
9775		4.962500
9776		5.315625
9777		5.921875
9778		5.759375
9779		6.040625
9780		5.553125
9781		6.365625
9782		6.468750
9783		6.365625
9784		6.393750
9785		6.540625
9786		4.578125
9787		4.428125
9788		4.356250
9789		3.956250
9790		4.340625
9791		4.178125
9792		4.740625
9793		4.681250
9794		4.428125
9795		4.843750
9796		4.800000
9797		5.315625
9798		4.903125
9799		4.590625
9800		4.503125
9801		5.390625
9802		5.315625
9803		5.906250
9804		5.375000
9805		5.184375
9806		4.990625
9807		5.906250
9808		5.553125
9809		5.184375
9810		5.831250
9811		6.956250
9812		7.678125
9813		7.325000
9814		7.400000
9815		7.721875
9816		10.943750
9817		8.890625
9818		10.543750
9819		9.643750
9820		9.925000
9821		9.612500
9822		10.721875
9823		9.643750
9824		8.490625
9825		7.206250
9826		6.203125
9827		6.143750
9828		6.643750
9829		6.865625
9830		8.315625
9831		8.978125
9832		11.343750
9833		10.796875
9834		10.043750
9835		10.293750
9836		10.234375
9837		10.293750
9838		9.525000
9839		6.556250
9840		7.087500
9841		5.684375
9842		6.762500
9843		4.871875
9844		3.765625
9845		2.553125
9846		2.200000
9847		3.040625
9848		2.671875
9849		2.628125
9850		2.465625
9851		2.525000
9852		3.825000
9853		4.015625
9854		3.543750
9855		1.875000
9856		2.140625
9857		2.450000
9858		2.081250
9859		2.331250
9860		1.078125
9861		0.293750
9862		0.309375
9863		-0.578125
9864		-1.684375
9865		-2.215625
9866		-2.659375
9867		-2.025000
9868		-1.243750
9869		-1.196875
9870		-1.093750
9871		-1.434375
9872		0.368750
9873		0.309375
9874		0.337500
9875		-0.075000
9876		-0.237500
9877		0.309375
9878		0.234375
9879		0.381250
9880		-0.209375
9881		-1.568750
9882		-1.050000
9883		-2.275000
9884		-2.837500
9885		-2.659375
9886		-2.865625
9887		-2.100000
9888		-1.743750
9889		-1.065625
9890		-0.740625
9891		-0.990625
9892		-0.253125
9893		-0.106250
9894		-0.178125
9895		-1.581250
9896		-1.434375
9897		-0.281250
9898		0.309375
9899		1.784375
9900		2.525000
9901		3.440625
9902		4.696875
9903		3.559375
9904		2.303125
9905		0.971875
9906		-0.946875
9907		-1.390625
9908		-2.703125
9909		-3.546875
9910		-6.250000
9911		-7.887500
9912		-10.150000
9913		-9.884375
9914		-10.681250
9915		-11.493750
9916		-10.725000
9917		-9.321875
9918		-6.678125
9919		-4.375000
9920		-3.162500
9921		-1.406250
9922		-0.665625
9923		1.078125
9924		2.331250
9925		1.459375
9926		1.490625
9927		1.356250
9928		1.756250
9929		1.800000
9930		0.293750
9931		0.781250
9932		0.146875
9933		1.518750
9934		1.078125
9935		1.078125
9936		1.121875
9937		1.046875
9938		2.596875
9939		3.500000
9940		3.706250
9941		2.878125
9942		2.700000
9943		4.253125
9944		4.209375
9945		4.459375
9946		3.721875
9947		2.687500
9948		2.715625
9949		2.775000
9950		2.953125
9951		3.100000
9952		4.150000
9953		6.025000
9954		6.496875
9955		7.709375
9956		8.521875
9957		8.093750
9958		9.081250
9959		8.668750
9960		9.346875
9961		9.421875
9962		9.509375
9963		10.353125
9964		9.718750
9965		9.184375
9966		8.284375
9967		7.634375
9968		7.028125
9969		6.912500
9970		5.450000
9971		5.065625
9972		5.403125
9973		7.503125
9974		8.315625
9975		9.081250
9976		7.721875
9977		8.121875
9978		8.462500
9979		8.506250
9980		9.112500
9981		9.600000
9982		9.806250
9983		10.900000
9984		11.253125
9985		11.328125
9986		11.003125
9987		10.928125
9988		11.268750
9989		10.971875
9990		10.043750
9991		9.128125
9992		9.009375
9993		8.653125
9994		7.206250
9995		5.537500
9996		3.587500
9997		1.415625
9998		1.740625
9999		1.621875
10000		2.628125
