Channel              :		CH1
Frequency            :		  ?
Period               :		  ?
PK-PK                :		24.88mV
Average              :		-0.186mV
Vertical pos         :		1.000000mV
Probe attenuation    :		1X
Voltage per ADC value:		0.000781mV
Time interval        :		10.00000uS

index		CH1_Voltage(mV)
1		-2.350000
2		-2.143750
3		-2.571875
4		-1.906250
5		-2.246875
6		-1.775000
7		-1.921875
8		-1.700000
9		-2.143750
10		-1.787500
11		-2.068750
12		-2.159375
13		-2.112500
14		-1.700000
15		-1.271875
16		-1.006250
17		-0.812500
18		-0.650000
19		-1.153125
20		-0.962500
21		-1.065625
22		-0.871875
23		-1.109375
24		-1.731250
25		-1.846875
26		-1.315625
27		-1.731250
28		-2.068750
29		-1.921875
30		-2.128125
31		-2.100000
32		-2.659375
33		-2.600000
34		-2.215625
35		-3.087500
36		-2.528125
37		-2.793750
38		-2.912500
39		-3.103125
40		-3.206250
41		-4.328125
42		-3.400000
43		-3.678125
44		-4.050000
45		-4.846875
46		-4.106250
47		-3.546875
48		-4.062500
49		-3.975000
50		-3.768750
51		-3.737500
52		-4.300000
53		-4.240625
54		-3.887500
55		-4.093750
56		-3.975000
57		-4.315625
58		-4.137500
59		-3.915625
60		-4.181250
61		-4.550000
62		-4.240625
63		-4.609375
64		-4.815625
65		-4.375000
66		-4.284375
67		-4.418750
68		-4.668750
69		-5.200000
70		-5.009375
71		-4.978125
72		-5.746875
73		-6.206250
74		-5.584375
75		-5.909375
76		-6.500000
77		-5.909375
78		-6.175000
79		-6.206250
80		-6.087500
81		-6.043750
82		-5.865625
83		-5.731250
84		-6.159375
85		-5.718750
86		-5.540625
87		-5.009375
88		-4.993750
89		-4.965625
90		-4.875000
91		-3.943750
92		-5.465625
93		-5.865625
94		-5.215625
95		-5.496875
96		-5.628125
97		-5.318750
98		-5.009375
99		-5.243750
100		-5.453125
101		-5.968750
102		-5.731250
103		-5.834375
104		-6.087500
105		-6.309375
106		-6.337500
107		-5.834375
108		-6.218750
109		-6.484375
110		-6.012500
111		-6.043750
112		-6.471875
113		-6.868750
114		-6.531250
115		-6.381250
116		-6.575000
117		-6.381250
118		-6.706250
119		-6.309375
120		-6.500000
121		-6.353125
122		-6.825000
123		-6.278125
124		-5.984375
125		-5.718750
126		-5.584375
127		-5.200000
128		-5.025000
129		-4.506250
130		-4.593750
131		-4.387500
132		-4.240625
133		-5.025000
134		-5.025000
135		-5.318750
136		-4.875000
137		-5.171875
138		-5.259375
139		-5.540625
140		-5.259375
141		-5.393750
142		-5.568750
143		-5.659375
144		-5.600000
145		-5.671875
146		-5.909375
147		-6.115625
148		-6.159375
149		-6.634375
150		-6.765625
151		-6.500000
152		-7.165625
153		-7.637500
154		-7.903125
155		-7.831250
156		-7.993750
157		-8.156250
158		-7.740625
159		-8.065625
160		-8.212500
161		-8.450000
162		-8.156250
163		-8.584375
164		-8.259375
165		-8.775000
166		-8.850000
167		-8.806250
168		-8.450000
169		-8.481250
170		-8.406250
171		-8.746875
172		-8.715625
173		-9.453125
174		-8.981250
175		-8.921875
176		-8.746875
177		-8.731250
178		-8.228125
179		-7.653125
180		-7.134375
181		-6.618750
182		-6.234375
183		-5.940625
184		-5.187500
185		-5.303125
186		-5.671875
187		-5.259375
188		-4.212500
189		-4.165625
190		-3.753125
191		-3.400000
192		-2.940625
193		-3.796875
194		-3.384375
195		-3.531250
196		-3.028125
197		-3.250000
198		-2.750000
199		-2.837500
200		-2.159375
201		-2.262500
202		-2.718750
203		-3.028125
204		-2.425000
205		-2.718750
206		-3.606250
207		-3.384375
208		-3.059375
209		-3.353125
210		-4.196875
211		-4.284375
212		-3.856250
213		-4.418750
214		-4.918750
215		-4.787500
216		-4.787500
217		-5.215625
218		-5.156250
219		-4.950000
220		-5.068750
221		-4.593750
222		-4.121875
223		-4.225000
224		-3.975000
225		-3.871875
226		-3.768750
227		-3.162500
228		-2.246875
229		-2.659375
230		-2.306250
231		-2.275000
232		-2.409375
233		-1.759375
234		-2.437500
235		-2.112500
236		-1.803125
237		-1.434375
238		-1.775000
239		-1.212500
240		-2.084375
241		-2.203125
242		-2.468750
243		-2.425000
244		-3.043750
245		-2.984375
246		-3.075000
247		-2.837500
248		-2.734375
249		-3.178125
250		-2.912500
251		-2.881250
252		-3.400000
253		-3.428125
254		-4.062500
255		-4.034375
256		-4.018750
257		-3.768750
258		-4.225000
259		-4.121875
260		-4.121875
261		-3.471875
262		-4.165625
263		-3.296875
264		-3.768750
265		-3.562500
266		-3.384375
267		-3.178125
268		-3.753125
269		-2.865625
270		-2.793750
271		-2.631250
272		-2.865625
273		-2.718750
274		-3.162500
275		-3.087500
276		-3.118750
277		-2.837500
278		-2.409375
279		-2.275000
280		-1.878125
281		-2.793750
282		-2.690625
283		-3.296875
284		-3.693750
285		-4.403125
286		-4.431250
287		-4.284375
288		-4.537500
289		-4.225000
290		-4.712500
291		-4.875000
292		-4.862500
293		-4.803125
294		-5.334375
295		-6.087500
296		-6.428125
297		-6.559375
298		-6.190625
299		-6.056250
300		-5.746875
301		-6.103125
302		-6.087500
303		-5.909375
304		-5.525000
305		-6.531250
306		-6.043750
307		-6.071875
308		-6.218750
309		-5.731250
310		-6.412500
311		-5.362500
312		-5.378125
313		-5.187500
314		-5.128125
315		-6.456250
316		-6.559375
317		-6.678125
318		-6.028125
319		-6.028125
320		-5.940625
321		-5.865625
322		-5.481250
323		-5.600000
324		-5.037500
325		-5.940625
326		-5.881250
327		-5.940625
328		-6.646875
329		-6.753125
330		-6.543750
331		-6.428125
332		-7.328125
333		-7.181250
334		-7.296875
335		-8.568750
336		-8.921875
337		-8.125000
338		-8.081250
339		-8.390625
340		-7.962500
341		-7.506250
342		-7.978125
343		-7.609375
344		-7.387500
345		-8.125000
346		-8.612500
347		-8.493750
348		-8.346875
349		-8.081250
350		-7.459375
351		-7.681250
352		-7.784375
353		-7.121875
354		-7.962500
355		-8.346875
356		-8.481250
357		-8.612500
358		-7.831250
359		-8.140625
360		-8.406250
361		-7.328125
362		-7.090625
363		-7.078125
364		-6.678125
365		-7.209375
366		-7.784375
367		-7.740625
368		-8.700000
369		-7.946875
370		-6.915625
371		-7.134375
372		-7.121875
373		-6.900000
374		-6.678125
375		-7.150000
376		-7.887500
377		-7.681250
378		-7.018750
379		-7.815625
380		-7.387500
381		-7.018750
382		-7.003125
383		-6.028125
384		-6.809375
385		-6.412500
386		-7.534375
387		-7.637500
388		-7.903125
389		-7.843750
390		-7.725000
391		-7.106250
392		-7.003125
393		-7.343750
394		-7.062500
395		-6.868750
396		-7.681250
397		-8.156250
398		-7.534375
399		-7.887500
400		-7.593750
401		-7.225000
402		-7.534375
403		-6.840625
404		-6.543750
405		-7.253125
406		-7.181250
407		-7.534375
408		-6.840625
409		-7.518750
410		-6.943750
411		-6.484375
412		-6.603125
413		-6.471875
414		-6.781250
415		-7.018750
416		-7.681250
417		-8.081250
418		-7.343750
419		-7.550000
420		-7.490625
421		-7.150000
422		-7.490625
423		-5.909375
424		-7.578125
425		-6.456250
426		-7.431250
427		-7.356250
428		-7.371875
429		-7.296875
430		-6.971875
431		-6.559375
432		-6.868750
433		-6.634375
434		-6.575000
435		-6.500000
436		-7.371875
437		-7.756250
438		-7.621875
439		-7.240625
440		-7.121875
441		-6.796875
442		-7.018750
443		-6.337500
444		-5.881250
445		-6.087500
446		-6.043750
447		-6.293750
448		-6.190625
449		-6.412500
450		-6.159375
451		-5.303125
452		-5.378125
453		-5.393750
454		-5.762500
455		-5.556250
456		-5.568750
457		-6.012500
458		-6.337500
459		-5.893750
460		-6.337500
461		-5.406250
462		-5.128125
463		-5.112500
464		-5.437500
465		-4.565625
466		-4.728125
467		-5.140625
468		-5.762500
469		-5.128125
470		-5.865625
471		-5.275000
472		-4.743750
473		-4.506250
474		-4.521875
475		-4.387500
476		-4.315625
477		-4.787500
478		-4.978125
479		-4.700000
480		-4.978125
481		-4.431250
482		-4.225000
483		-4.062500
484		-3.296875
485		-4.121875
486		-4.212500
487		-4.593750
488		-4.256250
489		-3.915625
490		-4.003125
491		-4.050000
492		-4.093750
493		-3.871875
494		-3.043750
495		-3.471875
496		-3.709375
497		-4.787500
498		-4.403125
499		-4.906250
500		-4.418750
501		-4.875000
502		-4.181250
503		-4.787500
504		-4.121875
505		-3.753125
506		-4.478125
507		-4.581250
508		-4.653125
509		-4.728125
510		-5.025000
511		-4.978125
512		-4.700000
513		-4.640625
514		-5.393750
515		-5.009375
516		-5.128125
517		-5.512500
518		-5.790625
519		-6.559375
520		-5.568750
521		-5.746875
522		-5.393750
523		-5.525000
524		-5.025000
525		-5.096875
526		-5.687500
527		-6.175000
528		-6.043750
529		-6.796875
530		-7.268750
531		-7.003125
532		-6.753125
533		-7.225000
534		-7.328125
535		-7.593750
536		-7.371875
537		-7.090625
538		-7.268750
539		-7.593750
540		-7.387500
541		-8.140625
542		-6.959375
543		-6.809375
544		-6.928125
545		-6.825000
546		-7.740625
547		-8.006250
548		-8.481250
549		-9.559375
550		-10.518750
551		-9.825000
552		-10.296875
553		-9.453125
554		-8.346875
555		-8.243750
556		-7.518750
557		-6.028125
558		-6.071875
559		-4.890625
560		-4.106250
561		-3.943750
562		-3.753125
563		-2.925000
564		-2.171875
565		-2.750000
566		-3.178125
567		-2.778125
568		-3.828125
569		-3.621875
570		-3.459375
571		-3.990625
572		-3.134375
573		-2.571875
574		-2.350000
575		-2.734375
576		-2.378125
577		-2.215625
578		-4.181250
579		-5.025000
580		-5.393750
581		-7.003125
582		-7.078125
583		-7.978125
584		-7.312500
585		-7.978125
586		-7.962500
587		-7.343750
588		-8.878125
589		-9.246875
590		-8.862500
591		-10.000000
592		-10.296875
593		-10.637500
594		-11.196875
595		-12.631250
596		-13.075000
597		-13.650000
598		-14.137500
599		-14.815625
600		-14.093750
601		-13.428125
602		-12.556250
603		-11.256250
604		-10.534375
605		-9.056250
606		-8.287500
607		-7.712500
608		-7.121875
609		-6.440625
610		-5.925000
611		-5.453125
612		-5.200000
613		-3.562500
614		-3.340625
615		-3.840625
616		-3.990625
617		-4.315625
618		-4.121875
619		-5.643750
620		-5.731250
621		-6.115625
622		-6.706250
623		-6.971875
624		-6.868750
625		-7.534375
626		-6.900000
627		-7.475000
628		-7.946875
629		-9.187500
630		-9.084375
631		-9.337500
632		-8.671875
633		-8.656250
634		-7.459375
635		-7.621875
636		-7.268750
637		-6.618750
638		-7.121875
639		-7.831250
640		-7.518750
641		-6.456250
642		-6.575000
643		-6.293750
644		-5.350000
645		-4.771875
646		-4.537500
647		-4.490625
648		-4.050000
649		-4.906250
650		-4.756250
651		-5.187500
652		-5.393750
653		-4.906250
654		-4.418750
655		-4.906250
656		-4.803125
657		-5.096875
658		-5.393750
659		-6.678125
660		-6.131250
661		-6.056250
662		-6.218750
663		-6.412500
664		-5.243750
665		-5.643750
666		-5.893750
667		-6.234375
668		-6.559375
669		-7.978125
670		-8.909375
671		-8.746875
672		-9.246875
673		-9.337500
674		-8.050000
675		-8.156250
676		-7.784375
677		-7.268750
678		-6.856250
679		-6.515625
680		-6.012500
681		-5.762500
682		-4.478125
683		-4.300000
684		-3.546875
685		-2.881250
686		-2.009375
687		-1.625000
688		-1.093750
689		-1.331250
690		-1.359375
691		-1.184375
692		-1.581250
693		-1.625000
694		-1.493750
695		-1.137500
696		-1.981250
697		-2.187500
698		-2.365625
699		-2.393750
700		-3.725000
701		-4.831250
702		-4.831250
703		-5.215625
704		-5.865625
705		-6.234375
706		-6.559375
707		-6.381250
708		-7.518750
709		-7.268750
710		-7.003125
711		-7.578125
712		-7.253125
713		-6.309375
714		-6.737500
715		-5.615625
716		-5.703125
717		-5.068750
718		-4.862500
719		-5.290625
720		-5.568750
721		-5.762500
722		-5.096875
723		-5.746875
724		-5.096875
725		-3.650000
726		-2.896875
727		-3.606250
728		-3.768750
729		-3.281250
730		-4.315625
731		-4.165625
732		-4.756250
733		-3.531250
734		-3.531250
735		-3.325000
736		-3.471875
737		-3.162500
738		-3.546875
739		-4.387500
740		-4.815625
741		-5.037500
742		-5.303125
743		-5.421875
744		-5.834375
745		-4.787500
746		-4.756250
747		-4.359375
748		-4.537500
749		-4.403125
750		-5.243750
751		-4.978125
752		-4.743750
753		-5.140625
754		-4.728125
755		-3.725000
756		-3.412500
757		-3.531250
758		-3.943750
759		-2.143750
760		-3.015625
761		-3.353125
762		-3.353125
763		-2.143750
764		-2.378125
765		-1.256250
766		-1.375000
767		-1.568750
768		-0.962500
769		-1.509375
770		-1.434375
771		-1.878125
772		-2.659375
773		-2.112500
774		-3.487500
775		-1.478125
776		-2.246875
777		-3.943750
778		-3.237500
779		-2.984375
780		-3.840625
781		-4.640625
782		-4.537500
783		-3.840625
784		-4.728125
785		-5.053125
786		-3.281250
787		-3.281250
788		-3.650000
789		-2.762500
790		-2.571875
791		-3.546875
792		-4.034375
793		-3.237500
794		-3.103125
795		-3.059375
796		-1.787500
797		-2.334375
798		-1.612500
799		-1.434375
800		-2.053125
801		-2.865625
802		-2.571875
803		-2.468750
804		-3.487500
805		-3.221875
806		-2.437500
807		-2.290625
808		-2.512500
809		-2.615625
810		-2.734375
811		-4.537500
812		-3.796875
813		-4.062500
814		-4.803125
815		-4.875000
816		-3.990625
817		-4.418750
818		-5.481250
819		-4.862500
820		-4.743750
821		-5.318750
822		-5.437500
823		-5.334375
824		-4.950000
825		-4.906250
826		-5.171875
827		-3.943750
828		-4.478125
829		-4.787500
830		-4.684375
831		-4.831250
832		-4.315625
833		-4.196875
834		-3.871875
835		-3.400000
836		-2.762500
837		-2.956250
838		-2.659375
839		-2.215625
840		-1.996875
841		-2.321875
842		-1.775000
843		-1.612500
844		-1.937500
845		-1.462500
846		-1.256250
847		-0.962500
848		-0.800000
849		-1.109375
850		-1.418750
851		-1.093750
852		-1.093750
853		-1.168750
854		-1.034375
855		-0.962500
856		-0.593750
857		-0.268750
858		-0.253125
859		-0.162500
860		0.087500
861		-0.431250
862		-0.812500
863		-0.031250
864		0.087500
865		0.087500
866		0.590625
867		3.825000
868		0.987500
869		1.312500
870		1.637500
871		2.006250
872		1.712500
873		1.150000
874		1.121875
875		1.475000
876		0.971875
877		1.446875
878		1.225000
879		1.225000
880		1.003125
881		0.868750
882		0.603125
883		0.265625
884		0.428125
885		0.087500
886		-0.518750
887		0.412500
888		-0.268750
889		0.071875
890		0.190625
891		-0.178125
892		-0.871875
893		-0.209375
894		-0.946875
895		-0.562500
896		-0.325000
897		-0.503125
898		-0.812500
899		-0.059375
900		-0.843750
901		-0.768750
902		-0.946875
903		-0.784375
904		-0.696875
905		-0.665625
906		-0.725000
907		0.293750
908		0.190625
909		0.309375
910		0.959375
911		0.825000
912		0.928125
913		1.031250
914		1.209375
915		1.078125
916		1.668750
917		1.518750
918		1.018750
919		0.971875
920		1.046875
921		0.590625
922		0.000000
923		0.484375
924		0.515625
925		0.131250
926		0.071875
927		0.575000
928		0.753125
929		0.412500
930		0.278125
931		0.000000
932		0.293750
933		-0.340625
934		-0.443750
935		-0.268750
936		-0.578125
937		-0.075000
938		-0.681250
939		-0.193750
940		-0.059375
941		-0.178125
942		-0.031250
943		-0.296875
944		-0.046875
945		-0.075000
946		-0.134375
947		0.662500
948		0.900000
949		1.225000
950		0.971875
951		1.296875
952		0.915625
953		1.253125
954		0.781250
955		1.296875
956		0.856250
957		0.987500
958		1.031250
959		0.781250
960		1.121875
961		0.943750
962		1.150000
963		0.809375
964		1.121875
965		1.003125
966		0.884375
967		1.193750
968		1.740625
969		1.712500
970		1.490625
971		1.771875
972		1.371875
973		1.518750
974		1.343750
975		1.609375
976		1.621875
977		1.815625
978		1.668750
979		2.228125
980		2.065625
981		2.006250
982		2.628125
983		2.243750
984		2.140625
985		2.243750
986		2.850000
987		2.818750
988		3.365625
989		3.690625
990		3.618750
991		3.690625
992		4.046875
993		3.928125
994		3.912500
995		4.221875
996		4.209375
997		4.681250
998		4.650000
999		4.784375
1000		5.196875
1001		5.212500
1002		5.184375
1003		4.962500
1004		4.915625
1005		5.065625
1006		5.256250
1007		4.784375
1008		5.256250
1009		5.462500
1010		5.493750
1011		5.050000
1012		5.021875
1013		5.331250
1014		5.109375
1015		5.050000
1016		5.537500
1017		5.196875
1018		5.803125
1019		5.553125
1020		5.743750
1021		5.981250
1022		6.143750
1023		5.937500
1024		5.434375
1025		5.390625
1026		3.662500
1027		6.587500
1028		5.846875
1029		6.600000
1030		6.881250
1031		6.318750
1032		6.540625
1033		6.734375
1034		6.853125
1035		6.793750
1036		6.631250
1037		6.821875
1038		6.718750
1039		6.925000
1040		5.359375
1041		7.000000
1042		7.146875
1043		6.468750
1044		6.306250
1045		6.528125
1046		6.762500
1047		6.009375
1048		6.365625
1049		6.912500
1050		7.178125
1051		7.075000
1052		7.059375
1053		7.456250
1054		6.837500
1055		6.806250
1056		6.837500
1057		7.131250
1058		6.750000
1059		6.968750
1060		6.512500
1061		7.250000
1062		6.350000
1063		6.187500
1064		5.478125
1065		5.346875
1066		5.537500
1067		5.403125
1068		5.831250
1069		6.171875
1070		6.350000
1071		6.068750
1072		6.100000
1073		6.171875
1074		5.950000
1075		6.025000
1076		6.009375
1077		6.053125
1078		5.390625
1079		5.403125
1080		5.906250
1081		5.921875
1082		6.290625
1083		6.053125
1084		5.612500
1085		5.612500
1086		5.878125
1087		5.906250
1088		5.818750
1089		6.009375
1090		6.806250
1091		5.993750
1092		5.921875
1093		6.025000
1094		6.156250
1095		5.640625
1096		6.262500
1097		5.921875
1098		6.496875
1099		6.437500
1100		5.818750
1101		5.509375
1102		6.365625
1103		6.425000
1104		5.878125
1105		5.878125
1106		5.625000
1107		5.803125
1108		5.803125
1109		6.053125
1110		6.231250
1111		6.409375
1112		6.643750
1113		6.703125
1114		6.512500
1115		6.481250
1116		6.881250
1117		6.865625
1118		6.156250
1119		6.187500
1120		6.025000
1121		5.775000
1122		5.728125
1123		6.203125
1124		5.993750
1125		6.084375
1126		6.587500
1127		6.734375
1128		7.178125
1129		7.281250
1130		7.990625
1131		7.871875
1132		7.678125
1133		7.900000
1134		7.781250
1135		7.353125
1136		7.178125
1137		7.503125
1138		7.753125
1139		7.768750
1140		8.137500
1141		8.046875
1142		8.196875
1143		8.300000
1144		7.753125
1145		7.590625
1146		7.281250
1147		7.456250
1148		7.678125
1149		7.796875
1150		8.668750
1151		8.387500
1152		7.737500
1153		8.581250
1154		8.137500
1155		7.721875
1156		7.840625
1157		7.990625
1158		7.412500
1159		7.250000
1160		7.856250
1161		7.618750
1162		8.093750
1163		8.640625
1164		8.359375
1165		8.609375
1166		8.343750
1167		8.431250
1168		8.431250
1169		8.728125
1170		8.712500
1171		7.693750
1172		8.875000
1173		8.609375
1174		8.315625
1175		7.975000
1176		7.884375
1177		7.503125
1178		7.325000
1179		7.531250
1180		7.915625
1181		7.384375
1182		7.400000
1183		7.709375
1184		7.503125
1185		7.250000
1186		7.768750
1187		8.018750
1188		7.400000
1189		6.984375
1190		6.881250
1191		6.437500
1192		6.378125
1193		5.937500
1194		5.759375
1195		6.659375
1196		6.690625
1197		6.231250
1198		6.143750
1199		6.643750
1200		6.409375
1201		6.025000
1202		6.262500
1203		6.025000
1204		6.215625
1205		6.053125
1206		5.656250
1207		6.540625
1208		6.675000
1209		6.556250
1210		7.562500
1211		7.871875
1212		8.284375
1213		8.343750
1214		8.062500
1215		8.684375
1216		8.534375
1217		8.268750
1218		8.712500
1219		8.653125
1220		8.712500
1221		9.021875
1222		9.303125
1223		9.600000
1224		9.171875
1225		9.009375
1226		8.684375
1227		8.431250
1228		7.721875
1229		7.975000
1230		7.768750
1231		7.678125
1232		7.796875
1233		7.781250
1234		7.828125
1235		6.762500
1236		7.000000
1237		6.643750
1238		6.556250
1239		6.496875
1240		6.203125
1241		6.968750
1242		6.762500
1243		6.703125
1244		6.540625
1245		6.659375
1246		6.718750
1247		6.896875
1248		6.793750
1249		7.281250
1250		7.709375
1251		7.900000
1252		7.531250
1253		8.534375
1254		8.565625
1255		8.712500
1256		8.815625
1257		9.481250
1258		8.684375
1259		8.728125
1260		9.021875
1261		9.081250
1262		8.859375
1263		8.978125
1264		8.315625
1265		8.906250
1266		8.003125
1267		8.137500
1268		8.609375
1269		7.840625
1270		8.093750
1271		7.768750
1272		8.403125
1273		8.565625
1274		8.062500
1275		9.746875
1276		8.431250
1277		7.915625
1278		7.456250
1279		7.384375
1280		7.693750
1281		7.515625
1282		7.575000
1283		7.796875
1284		7.931250
1285		8.803125
1286		8.359375
1287		7.931250
1288		8.121875
1289		7.900000
1290		8.478125
1291		8.640625
1292		10.353125
1293		10.662500
1294		10.262500
1295		10.471875
1296		11.181250
1297		10.190625
1298		10.043750
1299		10.218750
1300		10.484375
1301		10.087500
1302		10.868750
1303		11.018750
1304		10.884375
1305		11.075000
1306		9.909375
1307		11.268750
1308		10.262500
1309		10.087500
1310		10.234375
1311		9.821875
1312		11.018750
1313		10.928125
1314		10.115625
1315		10.206250
1316		10.484375
1317		9.775000
1318		9.509375
1319		9.643750
1320		9.790625
1321		9.243750
1322		10.146875
1323		10.678125
1324		10.943750
1325		10.737500
1326		11.193750
1327		10.987500
1328		10.693750
1329		10.543750
1330		11.106250
1331		11.150000
1332		11.962500
1333		12.021875
1334		12.259375
1335		12.125000
1336		11.903125
1337		11.918750
1338		10.928125
1339		11.003125
1340		10.825000
1341		10.856250
1342		11.593750
1343		11.828125
1344		10.825000
1345		11.253125
1346		11.031250
1347		11.225000
1348		10.262500
1349		10.190625
1350		9.865625
1351		9.925000
1352		9.421875
1353		10.412500
1354		10.412500
1355		10.028125
1356		9.671875
1357		9.790625
1358		9.021875
1359		8.712500
1360		9.009375
1361		8.550000
1362		8.359375
1363		9.081250
1364		9.243750
1365		8.831250
1366		8.728125
1367		8.403125
1368		7.959375
1369		8.078125
1370		8.121875
1371		7.606250
1372		7.709375
1373		8.906250
1374		8.328125
1375		8.018750
1376		7.931250
1377		7.931250
1378		7.737500
1379		6.984375
1380		7.000000
1381		7.221875
1382		7.368750
1383		7.634375
1384		6.956250
1385		7.043750
1386		8.965625
1387		5.256250
1388		6.143750
1389		6.393750
1390		6.025000
1391		6.540625
1392		4.962500
1393		6.600000
1394		6.865625
1395		6.571875
1396		6.734375
1397		7.103125
1398		6.275000
1399		6.290625
1400		6.100000
1401		5.993750
1402		5.684375
1403		6.912500
1404		6.750000
1405		6.778125
1406		6.659375
1407		6.468750
1408		6.009375
1409		6.143750
1410		6.750000
1411		6.040625
1412		5.993750
1413		6.912500
1414		7.087500
1415		7.265625
1416		7.131250
1417		7.428125
1418		7.178125
1419		6.156250
1420		6.084375
1421		6.068750
1422		5.878125
1423		6.615625
1424		7.015625
1425		7.206250
1426		6.853125
1427		6.865625
1428		6.984375
1429		6.540625
1430		6.275000
1431		6.171875
1432		6.378125
1433		6.318750
1434		7.281250
1435		7.400000
1436		7.237500
1437		7.368750
1438		7.250000
1439		6.837500
1440		7.075000
1441		6.940625
1442		6.912500
1443		7.384375
1444		7.471875
1445		7.900000
1446		8.343750
1447		8.268750
1448		8.062500
1449		7.634375
1450		7.678125
1451		7.237500
1452		7.456250
1453		7.353125
1454		7.693750
1455		8.062500
1456		7.515625
1457		7.400000
1458		7.237500
1459		7.118750
1460		6.631250
1461		6.496875
1462		6.143750
1463		6.128125
1464		6.659375
1465		6.365625
1466		6.453125
1467		6.409375
1468		6.496875
1469		6.171875
1470		6.112500
1471		6.143750
1472		5.803125
1473		5.803125
1474		5.981250
1475		5.831250
1476		5.509375
1477		5.509375
1478		5.065625
1479		5.021875
1480		4.696875
1481		4.103125
1482		3.987500
1483		3.781250
1484		4.546875
1485		4.887500
1486		4.534375
1487		4.650000
1488		3.603125
1489		3.971875
1490		3.884375
1491		4.400000
1492		4.221875
1493		4.103125
1494		4.871875
1495		5.478125
1496		5.553125
1497		5.684375
1498		6.837500
1499		6.496875
1500		5.950000
1501		6.084375
1502		6.940625
1503		6.968750
1504		7.281250
1505		7.575000
1506		7.768750
1507		8.609375
1508		8.787500
1509		8.906250
1510		8.490625
1511		8.978125
1512		8.506250
1513		8.803125
1514		8.771875
1515		9.243750
1516		9.378125
1517		9.290625
1518		9.009375
1519		8.831250
1520		8.018750
1521		8.565625
1522		7.871875
1523		7.237500
1524		7.665625
1525		7.959375
1526		7.250000
1527		8.209375
1528		7.634375
1529		7.753125
1530		6.540625
1531		6.865625
1532		6.956250
1533		6.956250
1534		6.275000
1535		7.281250
1536		7.721875
1537		7.721875
1538		8.093750
1539		7.665625
1540		7.975000
1541		7.840625
1542		7.618750
1543		8.640625
1544		8.550000
1545		8.906250
1546		8.653125
1547		9.156250
1548		9.718750
1549		8.950000
1550		8.121875
1551		9.496875
1552		9.096875
1553		9.275000
1554		8.506250
1555		8.803125
1556		9.496875
1557		8.684375
1558		8.018750
1559		8.609375
1560		7.975000
1561		7.546875
1562		7.618750
1563		6.925000
1564		7.309375
1565		7.678125
1566		7.618750
1567		6.865625
1568		7.059375
1569		6.587500
1570		6.659375
1571		6.512500
1572		6.659375
1573		6.290625
1574		6.334375
1575		7.146875
1576		7.015625
1577		7.590625
1578		7.575000
1579		7.840625
1580		8.121875
1581		7.618750
1582		6.512500
1583		7.884375
1584		7.796875
1585		8.300000
1586		8.078125
1587		9.128125
1588		8.343750
1589		8.803125
1590		8.906250
1591		8.859375
1592		8.581250
1593		8.550000
1594		8.387500
1595		9.584375
1596		9.275000
1597		8.831250
1598		8.431250
1599		8.121875
1600		7.768750
1601		5.965625
1602		6.143750
1603		5.700000
1604		5.537500
1605		5.759375
1606		6.025000
1607		6.100000
1608		6.100000
1609		6.143750
1610		5.950000
1611		4.946875
1612		5.125000
1613		4.915625
1614		4.753125
1615		5.375000
1616		6.215625
1617		5.743750
1618		5.728125
1619		6.143750
1620		5.671875
1621		4.696875
1622		4.903125
1623		5.168750
1624		5.434375
1625		5.921875
1626		6.837500
1627		6.468750
1628		6.881250
1629		6.703125
1630		5.921875
1631		5.684375
1632		5.553125
1633		5.537500
1634		5.184375
1635		5.287500
1636		6.187500
1637		5.759375
1638		5.640625
1639		5.728125
1640		5.625000
1641		4.400000
1642		4.150000
1643		3.071875
1644		3.940625
1645		3.246875
1646		4.518750
1647		4.475000
1648		4.046875
1649		3.662500
1650		3.587500
1651		3.234375
1652		2.568750
1653		3.071875
1654		2.450000
1655		2.731250
1656		3.365625
1657		3.143750
1658		3.262500
1659		3.337500
1660		2.893750
1661		3.618750
1662		1.934375
1663		2.140625
1664		2.228125
1665		2.596875
1666		3.100000
1667		2.731250
1668		3.440625
1669		3.071875
1670		2.525000
1671		2.981250
1672		2.065625
1673		2.596875
1674		2.628125
1675		2.065625
1676		2.303125
1677		3.409375
1678		3.187500
1679		3.187500
1680		3.159375
1681		2.759375
1682		1.859375
1683		1.843750
1684		1.756250
1685		2.525000
1686		1.415625
1687		2.806250
1688		2.878125
1689		2.656250
1690		2.553125
1691		2.862500
1692		2.006250
1693		1.459375
1694		1.740625
1695		2.331250
1696		1.771875
1697		2.731250
1698		2.731250
1699		2.509375
1700		3.071875
1701		2.509375
1702		1.459375
1703		0.928125
1704		1.712500
1705		0.662500
1706		1.193750
1707		1.903125
1708		2.362500
1709		2.212500
1710		1.993750
1711		2.228125
1712		1.284375
1713		1.284375
1714		1.518750
1715		1.018750
1716		1.356250
1717		1.934375
1718		2.184375
1719		2.168750
1720		1.815625
1721		2.434375
1722		1.637500
1723		1.181250
1724		1.150000
1725		0.825000
1726		1.193750
1727		1.946875
1728		1.815625
1729		1.371875
1730		0.959375
1731		1.431250
1732		0.603125
1733		0.646875
1734		0.753125
1735		0.884375
1736		1.150000
1737		1.784375
1738		2.362500
1739		1.740625
1740		1.134375
1741		2.125000
1742		1.446875
1743		0.559375
1744		0.321875
1745		0.706250
1746		0.115625
1747		1.225000
1748		1.771875
1749		1.046875
1750		1.918750
1751		1.890625
1752		2.065625
1753		1.003125
1754		1.962500
1755		1.593750
1756		1.446875
1757		1.637500
1758		2.200000
1759		2.862500
1760		2.481250
1761		2.850000
1762		2.671875
1763		1.446875
1764		1.740625
1765		1.018750
1766		1.475000
1767		1.121875
1768		2.156250
1769		1.771875
1770		1.843750
1771		2.065625
1772		2.243750
1773		2.140625
1774		1.578125
1775		1.578125
1776		1.621875
1777		2.081250
1778		3.012500
1779		2.434375
1780		3.025000
1781		2.125000
1782		2.509375
1783		0.796875
1784		1.518750
1785		1.371875
1786		1.078125
1787		1.565625
1788		2.406250
1789		2.525000
1790		2.303125
1791		2.775000
1792		2.612500
1793		1.918750
1794		2.168750
1795		2.271875
1796		1.903125
1797		2.065625
1798		3.218750
1799		2.878125
1800		3.187500
1801		2.981250
1802		3.115625
1803		1.978125
1804		1.771875
1805		2.037500
1806		2.612500
1807		2.700000
1808		3.131250
1809		2.790625
1810		3.365625
1811		2.937500
1812		2.893750
1813		2.746875
1814		2.553125
1815		2.406250
1816		1.653125
1817		2.109375
1818		2.109375
1819		2.390625
1820		1.978125
1821		2.303125
1822		2.228125
1823		1.621875
1824		1.475000
1825		1.031250
1826		1.328125
1827		1.031250
1828		1.284375
1829		0.971875
1830		1.003125
1831		0.825000
1832		0.618750
1833		0.190625
1834		0.293750
1835		0.146875
1836		-0.487500
1837		-0.296875
1838		-0.475000
1839		0.087500
1840		-0.800000
1841		-0.487500
1842		-0.946875
1843		-1.243750
1844		-1.228125
1845		-2.540625
1846		-2.837500
1847		-3.075000
1848		-3.678125
1849		-3.118750
1850		-3.400000
1851		-3.575000
1852		-3.665625
1853		-3.503125
1854		-3.443750
1855		-3.134375
1856		-3.443750
1857		-3.503125
1858		-3.709375
1859		-3.412500
1860		-3.975000
1861		-4.315625
1862		-4.418750
1863		-5.703125
1864		-5.984375
1865		-7.062500
1866		-6.840625
1867		-6.781250
1868		-6.678125
1869		-5.762500
1870		-5.215625
1871		-4.093750
1872		-3.237500
1873		-2.734375
1874		-1.775000
1875		-0.800000
1876		-0.150000
1877		0.265625
1878		0.309375
1879		0.590625
1880		0.396875
1881		0.471875
1882		0.012500
1883		-0.443750
1884		-0.812500
1885		-0.681250
1886		-0.843750
1887		-0.546875
1888		-0.562500
1889		-0.356250
1890		0.218750
1891		0.603125
1892		0.250000
1893		0.087500
1894		-0.665625
1895		-1.743750
1896		-2.496875
1897		-3.546875
1898		-4.121875
1899		-4.240625
1900		-4.978125
1901		-5.540625
1902		-5.865625
1903		-6.278125
1904		-6.146875
1905		-7.165625
1906		-8.037500
1907		-8.156250
1908		-8.525000
1909		-9.115625
1910		-9.868750
1911		-10.312500
1912		-10.518750
1913		-10.915625
1914		-10.740625
1915		-11.137500
1916		-10.696875
1917		-9.896875
1918		-8.790625
1919		-8.450000
1920		-7.181250
1921		-5.925000
1922		-5.615625
1923		-4.537500
1924		-3.840625
1925		-3.000000
1926		-3.459375
1927		-3.162500
1928		-2.540625
1929		-2.762500
1930		-2.587500
1931		-2.853125
1932		-2.793750
1933		-3.443750
1934		-3.459375
1935		-4.343750
1936		-4.625000
1937		-5.187500
1938		-5.821875
1939		-6.206250
1940		-6.471875
1941		-6.293750
1942		-6.971875
1943		-7.121875
1944		-7.962500
1945		-8.375000
1946		-8.109375
1947		-8.303125
1948		-8.109375
1949		-7.800000
1950		-6.943750
1951		-6.825000
1952		-6.559375
1953		-5.687500
1954		-5.671875
1955		-5.806250
1956		-5.659375
1957		-5.790625
1958		-5.393750
1959		-5.718750
1960		-4.934375
1961		-4.728125
1962		-4.906250
1963		-4.490625
1964		-4.875000
1965		-5.643750
1966		-5.215625
1967		-5.318750
1968		-5.540625
1969		-5.893750
1970		-5.925000
1971		-6.103125
1972		-6.218750
1973		-6.856250
1974		-6.603125
1975		-6.809375
1976		-6.868750
1977		-7.078125
1978		-7.609375
1979		-7.653125
1980		-7.078125
1981		-7.328125
1982		-8.006250
1983		-8.303125
1984		-9.143750
1985		-8.818750
1986		-9.587500
1987		-9.750000
1988		-9.884375
1989		-9.484375
1990		-9.381250
1991		-8.850000
1992		-8.050000
1993		-7.875000
1994		-7.209375
1995		-6.737500
1996		-6.190625
1997		-5.746875
1998		-5.718750
1999		-5.303125
2000		-4.890625
2001		-4.284375
2002		-4.165625
2003		-3.900000
2004		-3.206250
2005		-3.281250
2006		-3.678125
2007		-3.931250
2008		-4.315625
2009		-4.315625
2010		-4.862500
2011		-4.743750
2012		-4.875000
2013		-5.243750
2014		-5.643750
2015		-6.115625
2016		-6.678125
2017		-7.003125
2018		-7.446875
2019		-8.109375
2020		-8.996875
2021		-8.434375
2022		-9.131250
2023		-9.603125
2024		-9.706250
2025		-9.409375
2026		-10.000000
2027		-8.850000
2028		-9.040625
2029		-8.850000
2030		-8.968750
2031		-8.346875
2032		-8.450000
2033		-8.362500
2034		-8.156250
2035		-7.756250
2036		-8.346875
2037		-8.450000
2038		-8.096875
2039		-8.271875
2040		-7.653125
2041		-7.003125
2042		-7.371875
2043		-7.209375
2044		-6.825000
2045		-6.753125
2046		-8.037500
2047		-7.225000
2048		-7.534375
2049		-7.240625
2050		-7.312500
2051		-6.915625
2052		-7.371875
2053		-7.193750
2054		-6.915625
2055		-7.459375
2056		-7.268750
2057		-7.343750
2058		-7.712500
2059		-7.756250
2060		-7.740625
2061		-7.225000
2062		-6.987500
2063		-7.490625
2064		-8.006250
2065		-7.328125
2066		-7.403125
2067		-7.534375
2068		-8.331250
2069		-7.490625
2070		-8.109375
2071		-7.506250
2072		-6.971875
2073		-6.618750
2074		-6.368750
2075		-6.115625
2076		-6.175000
2077		-6.265625
2078		-6.265625
2079		-6.278125
2080		-5.718750
2081		-5.790625
2082		-5.421875
2083		-5.393750
2084		-5.953125
2085		-5.671875
2086		-5.778125
2087		-5.968750
2088		-5.790625
2089		-6.706250
2090		-6.440625
2091		-6.428125
2092		-6.603125
2093		-6.884375
2094		-6.484375
2095		-6.206250
2096		-6.868750
2097		-6.634375
2098		-6.634375
2099		-7.018750
2100		-6.678125
2101		-7.062500
2102		-6.590625
2103		-6.559375
2104		-6.825000
2105		-6.959375
2106		-6.971875
2107		-6.928125
2108		-6.721875
2109		-6.943750
2110		-6.559375
2111		-6.337500
2112		-6.103125
2113		-6.012500
2114		-6.159375
2115		-5.762500
2116		-6.337500
2117		-6.662500
2118		-7.209375
2119		-7.150000
2120		-7.725000
2121		-7.343750
2122		-7.150000
2123		-7.712500
2124		-7.725000
2125		-7.696875
2126		-7.993750
2127		-8.746875
2128		-8.628125
2129		-8.421875
2130		-8.878125
2131		-8.671875
2132		-8.628125
2133		-8.818750
2134		-8.746875
2135		-8.700000
2136		-9.484375
2137		-9.306250
2138		-9.337500
2139		-9.690625
2140		-10.090625
2141		-9.884375
2142		-9.912500
2143		-10.281250
2144		-10.443750
2145		-10.415625
2146		-10.384375
2147		-10.384375
2148		-11.021875
2149		-10.546875
2150		-10.621875
2151		-10.237500
2152		-10.118750
2153		-9.987500
2154		-10.253125
2155		-9.868750
2156		-9.778125
2157		-10.265625
2158		-10.134375
2159		-10.546875
2160		-10.590625
2161		-10.118750
2162		-10.400000
2163		-10.237500
2164		-10.296875
2165		-10.518750
2166		-10.046875
2167		-10.031250
2168		-10.015625
2169		-9.928125
2170		-9.675000
2171		-9.750000
2172		-9.734375
2173		-9.350000
2174		-9.115625
2175		-9.234375
2176		-9.512500
2177		-9.084375
2178		-8.981250
2179		-9.262500
2180		-8.937500
2181		-8.406250
2182		-8.481250
2183		-8.421875
2184		-7.843750
2185		-8.450000
2186		-8.243750
2187		-8.628125
2188		-8.818750
2189		-9.025000
2190		-8.790625
2191		-8.481250
2192		-9.218750
2193		-9.278125
2194		-8.937500
2195		-9.234375
2196		-9.571875
2197		-9.453125
2198		-9.440625
2199		-9.246875
2200		-9.453125
2201		-9.793750
2202		-9.084375
2203		-9.100000
2204		-9.425000
2205		-9.956250
2206		-9.706250
2207		-9.262500
2208		-9.956250
2209		-10.193750
2210		-10.103125
2211		-9.262500
2212		-9.484375
2213		-9.559375
2214		-9.218750
2215		-8.775000
2216		-9.234375
2217		-8.921875
2218		-8.406250
2219		-9.115625
2220		-8.746875
2221		-8.775000
2222		-8.390625
2223		-8.156250
2224		-8.303125
2225		-8.006250
2226		-8.421875
2227		-7.550000
2228		-7.696875
2229		-7.609375
2230		-8.006250
2231		-7.800000
2232		-7.446875
2233		-7.403125
2234		-6.825000
2235		-7.121875
2236		-7.343750
2237		-7.225000
2238		-7.018750
2239		-7.534375
2240		-7.415625
2241		-7.150000
2242		-7.681250
2243		-7.518750
2244		-7.150000
2245		-7.446875
2246		-8.081250
2247		-7.740625
2248		-8.006250
2249		-8.790625
2250		-8.537500
2251		-7.831250
2252		-8.331250
2253		-8.700000
2254		-8.184375
2255		-7.918750
2256		-7.784375
2257		-7.831250
2258		-7.978125
2259		-8.156250
2260		-7.831250
2261		-7.343750
2262		-7.490625
2263		-7.415625
2264		-7.031250
2265		-6.868750
2266		-7.962500
2267		-7.312500
2268		-6.884375
2269		-7.475000
2270		-7.859375
2271		-7.490625
2272		-7.756250
2273		-7.343750
2274		-7.459375
2275		-7.268750
2276		-6.915625
2277		-7.165625
2278		-6.943750
2279		-7.993750
2280		-7.978125
2281		-7.637500
2282		-8.125000
2283		-7.859375
2284		-7.431250
2285		-7.593750
2286		-8.037500
2287		-7.696875
2288		-7.240625
2289		-9.084375
2290		-8.775000
2291		-8.790625
2292		-9.234375
2293		-9.396875
2294		-8.109375
2295		-8.259375
2296		-7.371875
2297		-7.875000
2298		-7.312500
2299		-7.371875
2300		-8.715625
2301		-8.818750
2302		-9.234375
2303		-8.525000
2304		-7.843750
2305		-7.934375
2306		-7.712500
2307		-7.637500
2308		-7.668750
2309		-7.312500
2310		-7.962500
2311		-7.415625
2312		-8.081250
2313		-8.481250
2314		-6.115625
2315		-6.928125
2316		-6.753125
2317		-6.868750
2318		-6.868750
2319		-6.753125
2320		-7.859375
2321		-7.193750
2322		-7.859375
2323		-8.109375
2324		-8.021875
2325		-7.343750
2326		-6.796875
2327		-7.562500
2328		-7.356250
2329		-7.134375
2330		-8.271875
2331		-8.271875
2332		-7.875000
2333		-8.465625
2334		-8.037500
2335		-7.593750
2336		-7.887500
2337		-7.078125
2338		-7.415625
2339		-6.971875
2340		-7.593750
2341		-7.018750
2342		-7.062500
2343		-7.312500
2344		-7.225000
2345		-6.131250
2346		-5.731250
2347		-5.968750
2348		-6.218750
2349		-5.909375
2350		-7.253125
2351		-7.090625
2352		-6.146875
2353		-6.575000
2354		-6.206250
2355		-5.834375
2356		-5.687500
2357		-5.968750
2358		-5.556250
2359		-5.881250
2360		-6.115625
2361		-5.850000
2362		-6.115625
2363		-6.603125
2364		-6.043750
2365		-5.140625
2366		-5.128125
2367		-5.378125
2368		-5.362500
2369		-5.128125
2370		-6.206250
2371		-6.159375
2372		-6.234375
2373		-6.190625
2374		-6.337500
2375		-6.056250
2376		-5.968750
2377		-5.496875
2378		-5.865625
2379		-6.012500
2380		-5.671875
2381		-6.056250
2382		-6.368750
2383		-7.134375
2384		-6.087500
2385		-5.540625
2386		-6.012500
2387		-5.821875
2388		-5.687500
2389		-5.671875
2390		-5.643750
2391		-6.234375
2392		-6.190625
2393		-6.809375
2394		-5.881250
2395		-6.575000
2396		-5.009375
2397		-5.053125
2398		-5.140625
2399		-4.815625
2400		-5.481250
2401		-5.171875
2402		-5.865625
2403		-5.865625
2404		-5.615625
2405		-5.984375
2406		-5.140625
2407		-5.865625
2408		-5.378125
2409		-5.453125
2410		-5.762500
2411		-6.159375
2412		-6.693750
2413		-6.531250
2414		-6.234375
2415		-5.893750
2416		-5.465625
2417		-5.290625
2418		-4.506250
2419		-5.200000
2420		-5.231250
2421		-5.746875
2422		-6.337500
2423		-6.971875
2424		-6.959375
2425		-6.440625
2426		-5.643750
2427		-5.512500
2428		-4.906250
2429		-5.362500
2430		-5.025000
2431		-6.278125
2432		-5.568750
2433		-6.396875
2434		-5.893750
2435		-6.353125
2436		-4.609375
2437		-5.909375
2438		-5.512500
2439		-5.496875
2440		-5.171875
2441		-5.790625
2442		-5.156250
2443		-5.334375
2444		-5.350000
2445		-5.231250
2446		-4.581250
2447		-4.712500
2448		-5.053125
2449		-4.700000
2450		-4.756250
2451		-4.862500
2452		-5.275000
2453		-4.831250
2454		-4.668750
2455		-3.840625
2456		-4.462500
2457		-3.678125
2458		-3.693750
2459		-3.828125
2460		-4.359375
2461		-4.062500
2462		-4.653125
2463		-5.096875
2464		-4.787500
2465		-4.343750
2466		-4.018750
2467		-4.418750
2468		-4.212500
2469		-3.753125
2470		-3.296875
2471		-3.856250
2472		-4.315625
2473		-3.915625
2474		-4.387500
2475		-4.343750
2476		-4.050000
2477		-3.368750
2478		-2.881250
2479		-3.103125
2480		-3.281250
2481		-2.571875
2482		-3.575000
2483		-3.443750
2484		-3.590625
2485		-3.015625
2486		-3.443750
2487		-2.762500
2488		-3.281250
2489		-3.309375
2490		-3.975000
2491		-3.325000
2492		-4.771875
2493		-4.343750
2494		-4.165625
2495		-4.359375
2496		-4.106250
2497		-3.443750
2498		-3.340625
2499		-3.400000
2500		-3.400000
2501		-3.503125
2502		-3.753125
2503		-3.871875
2504		-4.446875
2505		-4.121875
2506		-4.593750
2507		-5.200000
2508		-4.846875
2509		-4.625000
2510		-4.653125
2511		-5.556250
2512		-5.275000
2513		-4.418750
2514		-5.568750
2515		-5.275000
2516		-5.303125
2517		-5.378125
2518		-5.187500
2519		-4.240625
2520		-4.668750
2521		-5.303125
2522		-4.875000
2523		-4.240625
2524		-3.678125
2525		-3.515625
2526		-2.984375
2527		-2.587500
2528		-3.015625
2529		-2.912500
2530		-2.718750
2531		-2.290625
2532		-2.690625
2533		-2.615625
2534		-2.128125
2535		-2.378125
2536		-1.950000
2537		-1.612500
2538		-1.137500
2539		-0.887500
2540		-1.125000
2541		-1.065625
2542		-0.784375
2543		-2.306250
2544		-2.350000
2545		-2.718750
2546		-2.675000
2547		-2.940625
2548		-3.237500
2549		-3.309375
2550		-2.971875
2551		-3.621875
2552		-3.606250
2553		-4.490625
2554		-4.212500
2555		-4.284375
2556		-4.431250
2557		-4.462500
2558		-3.340625
2559		-3.146875
2560		-2.881250
2561		-2.793750
2562		-2.718750
2563		-2.984375
2564		-2.912500
2565		-3.146875
2566		-2.984375
2567		-2.556250
2568		-2.762500
2569		-2.378125
2570		-2.009375
2571		-1.818750
2572		-1.625000
2573		-2.540625
2574		-2.275000
2575		-3.400000
2576		-2.350000
2577		-2.734375
2578		-1.612500
2579		-1.406250
2580		-1.731250
2581		-1.775000
2582		-1.996875
2583		-2.437500
2584		-3.237500
2585		-3.015625
2586		-3.028125
2587		-3.281250
2588		-3.265625
2589		-2.956250
2590		-2.837500
2591		-3.206250
2592		-3.531250
2593		-4.078125
2594		-3.900000
2595		-3.781250
2596		-4.315625
2597		-3.575000
2598		-2.571875
2599		-2.425000
2600		-2.659375
2601		-2.837500
2602		-2.321875
2603		-3.118750
2604		-3.075000
2605		-3.531250
2606		-2.437500
2607		-2.675000
2608		-1.509375
2609		-0.843750
2610		-0.859375
2611		-0.621875
2612		-0.487500
2613		-1.184375
2614		-1.287500
2615		-2.068750
2616		-0.740625
2617		-0.946875
2618		-0.400000
2619		-0.075000
2620		-0.134375
2621		-0.312500
2622		-0.546875
2623		-0.503125
2624		-1.153125
2625		-1.625000
2626		-1.950000
2627		-2.025000
2628		-1.834375
2629		-0.931250
2630		-1.065625
2631		-1.509375
2632		-2.112500
2633		-1.137500
2634		-2.128125
2635		-2.231250
2636		-1.862500
2637		-1.359375
2638		-2.171875
2639		-0.665625
2640		-0.800000
2641		-0.637500
2642		-0.725000
2643		-0.946875
2644		-1.093750
2645		-1.256250
2646		-1.081250
2647		-0.887500
2648		-0.681250
2649		0.012500
2650		0.456250
2651		0.265625
2652		0.693750
2653		0.471875
2654		-0.946875
2655		-0.593750
2656		-0.150000
2657		-0.384375
2658		-0.503125
2659		0.559375
2660		0.515625
2661		0.559375
2662		-0.106250
2663		0.515625
2664		-0.725000
2665		-0.650000
2666		-1.315625
2667		-0.800000
2668		-1.109375
2669		-0.296875
2670		-0.665625
2671		-0.740625
2672		-0.681250
2673		-1.212500
2674		-2.821875
2675		-2.365625
2676		-2.203125
2677		-2.571875
2678		-2.203125
2679		-1.137500
2680		-1.300000
2681		-1.950000
2682		-1.418750
2683		-1.331250
2684		-2.334375
2685		-2.053125
2686		-1.834375
2687		-1.846875
2688		-1.965625
2689		-1.243750
2690		-1.406250
2691		-1.287500
2692		-1.818750
2693		-1.640625
2694		-1.775000
2695		-3.634375
2696		-3.190625
2697		-2.587500
2698		-2.615625
2699		-1.803125
2700		-1.878125
2701		-2.143750
2702		-1.581250
2703		-1.906250
2704		-2.675000
2705		-2.600000
2706		-2.762500
2707		-3.296875
2708		-3.325000
2709		-2.984375
2710		-2.275000
2711		-2.778125
2712		-2.865625
2713		-1.803125
2714		-2.762500
2715		-3.412500
2716		-2.690625
2717		-3.443750
2718		-2.762500
2719		-3.118750
2720		-1.315625
2721		-1.775000
2722		-1.568750
2723		-1.862500
2724		-1.406250
2725		-2.734375
2726		-2.378125
2727		-2.512500
2728		-2.246875
2729		-2.100000
2730		-1.537500
2731		-1.846875
2732		-1.346875
2733		-1.287500
2734		-1.256250
2735		-2.912500
2736		-1.834375
2737		-1.759375
2738		-2.809375
2739		-1.921875
2740		-0.871875
2741		-0.621875
2742		-0.946875
2743		-0.740625
2744		-0.696875
2745		-1.656250
2746		-2.393750
2747		-1.656250
2748		-1.581250
2749		-2.246875
2750		-1.228125
2751		-1.684375
2752		-1.196875
2753		-1.034375
2754		-1.921875
2755		-1.950000
2756		-1.553125
2757		-0.962500
2758		-1.700000
2759		-0.443750
2760		0.662500
2761		0.234375
2762		1.003125
2763		0.884375
2764		1.031250
2765		-0.415625
2766		0.515625
2767		-0.784375
2768		-0.253125
2769		-0.296875
2770		-0.015625
2771		0.634375
2772		0.087500
2773		0.265625
2774		0.500000
2775		0.396875
2776		-0.106250
2777		-0.681250
2778		0.293750
2779		0.012500
2780		0.603125
2781		0.368750
2782		0.175000
2783		0.175000
2784		-0.503125
2785		0.471875
2786		-0.621875
2787		-0.503125
2788		-1.315625
2789		-0.578125
2790		-1.153125
2791		-0.696875
2792		-0.696875
2793		-0.768750
2794		-0.843750
2795		-0.709375
2796		-1.581250
2797		-1.093750
2798		-1.256250
2799		-1.950000
2800		-2.009375
2801		-0.356250
2802		-0.356250
2803		-1.568750
2804		-1.081250
2805		-0.784375
2806		-2.215625
2807		-1.700000
2808		-1.509375
2809		-0.696875
2810		-1.700000
2811		-0.593750
2812		0.603125
2813		0.868750
2814		0.293750
2815		-0.134375
2816		0.706250
2817		-0.118750
2818		0.115625
2819		0.618750
2820		1.193750
2821		1.890625
2822		1.815625
2823		2.596875
2824		2.996875
2825		2.818750
2826		2.746875
2827		2.671875
2828		2.968750
2829		3.040625
2830		2.937500
2831		3.262500
2832		3.337500
2833		3.365625
2834		3.365625
2835		3.175000
2836		2.850000
2837		2.834375
2838		2.996875
2839		3.187500
2840		3.409375
2841		3.646875
2842		3.928125
2843		3.912500
2844		3.837500
2845		4.400000
2846		3.175000
2847		3.706250
2848		3.218750
2849		3.587500
2850		3.868750
2851		3.837500
2852		3.662500
2853		4.000000
2854		3.734375
2855		4.031250
2856		4.650000
2857		3.793750
2858		4.665625
2859		4.150000
2860		4.253125
2861		5.093750
2862		5.375000
2863		5.418750
2864		5.553125
2865		5.565625
2866		5.759375
2867		5.818750
2868		5.196875
2869		5.240625
2870		5.287500
2871		5.137500
2872		4.709375
2873		4.696875
2874		4.784375
2875		4.784375
2876		4.696875
2877		3.928125
2878		4.221875
2879		4.562500
2880		4.178125
2881		4.000000
2882		4.443750
2883		4.281250
2884		4.415625
2885		4.400000
2886		4.665625
2887		4.178125
2888		4.209375
2889		4.178125
2890		3.853125
2891		3.928125
2892		4.075000
2893		4.590625
2894		4.725000
2895		4.843750
2896		5.125000
2897		4.621875
2898		5.078125
2899		4.725000
2900		4.990625
2901		4.915625
2902		5.537500
2903		5.462500
2904		5.271875
2905		5.359375
2906		5.671875
2907		5.212500
2908		5.153125
2909		5.553125
2910		5.153125
2911		6.053125
2912		5.006250
2913		4.740625
2914		4.578125
2915		4.503125
2916		4.237500
2917		3.543750
2918		3.809375
2919		3.468750
2920		3.618750
2921		3.440625
2922		4.340625
2923		4.312500
2924		4.046875
2925		3.896875
2926		4.281250
2927		3.559375
2928		3.100000
2929		3.409375
2930		3.571875
2931		3.350000
2932		3.543750
2933		4.178125
2934		4.162500
2935		4.371875
2936		4.209375
2937		4.059375
2938		4.325000
2939		4.150000
2940		4.193750
2941		4.090625
2942		5.184375
2943		5.212500
2944		5.034375
2945		4.487500
2946		4.428125
2947		5.596875
2948		4.590625
2949		4.371875
2950		4.475000
2951		4.650000
2952		4.371875
2953		4.590625
2954		4.812500
2955		4.800000
2956		4.946875
2957		4.915625
2958		4.859375
2959		4.178125
2960		4.209375
2961		3.971875
2962		3.896875
2963		4.518750
2964		4.312500
2965		3.571875
2966		4.000000
2967		4.178125
2968		3.662500
2969		3.853125
2970		3.734375
2971		4.265625
2972		3.690625
2973		4.253125
2974		4.134375
2975		4.015625
2976		4.134375
2977		4.103125
2978		4.090625
2979		4.312500
2980		4.221875
2981		4.000000
2982		4.134375
2983		5.153125
2984		4.371875
2985		4.518750
2986		5.418750
2987		4.518750
2988		4.075000
2989		4.150000
2990		4.103125
2991		4.443750
2992		4.150000
2993		4.696875
2994		4.325000
2995		4.312500
2996		4.578125
2997		4.400000
2998		3.734375
2999		4.103125
3000		3.884375
3001		4.150000
3002		4.371875
3003		4.931250
3004		4.946875
3005		4.871875
3006		5.184375
3007		5.418750
3008		4.650000
3009		5.034375
3010		4.915625
3011		5.168750
3012		4.915625
3013		5.390625
3014		4.903125
3015		5.346875
3016		5.346875
3017		5.109375
3018		4.871875
3019		4.887500
3020		5.006250
3021		4.400000
3022		5.153125
3023		5.787500
3024		5.565625
3025		5.581250
3026		5.581250
3027		5.862500
3028		5.565625
3029		5.493750
3030		4.650000
3031		4.931250
3032		4.962500
3033		4.768750
3034		4.800000
3035		4.871875
3036		5.450000
3037		5.612500
3038		5.212500
3039		5.109375
3040		5.196875
3041		5.050000
3042		5.831250
3043		5.196875
3044		5.462500
3045		5.906250
3046		5.375000
3047		5.565625
3048		5.331250
3049		5.137500
3050		5.184375
3051		4.443750
3052		5.109375
3053		5.240625
3054		5.256250
3055		5.153125
3056		5.256250
3057		5.671875
3058		4.296875
3059		5.212500
3060		5.034375
3061		4.975000
3062		5.434375
3063		5.137500
3064		5.878125
3065		5.878125
3066		5.596875
3067		5.450000
3068		5.553125
3069		5.109375
3070		5.462500
3071		5.168750
3072		5.331250
3073		5.168750
3074		5.671875
3075		5.346875
3076		5.787500
3077		6.128125
3078		5.684375
3079		5.684375
3080		5.759375
3081		5.950000
3082		6.468750
3083		6.040625
3084		6.262500
3085		6.409375
3086		6.128125
3087		6.068750
3088		6.481250
3089		5.921875
3090		6.053125
3091		5.509375
3092		5.700000
3093		5.787500
3094		6.762500
3095		5.846875
3096		5.950000
3097		6.084375
3098		6.203125
3099		5.846875
3100		6.187500
3101		5.846875
3102		6.203125
3103		5.612500
3104		6.306250
3105		6.643750
3106		6.718750
3107		6.262500
3108		6.690625
3109		7.087500
3110		6.215625
3111		6.009375
3112		6.481250
3113		6.881250
3114		6.425000
3115		6.690625
3116		6.750000
3117		7.028125
3118		6.540625
3119		6.865625
3120		6.896875
3121		7.131250
3122		6.940625
3123		7.087500
3124		6.984375
3125		7.618750
3126		7.931250
3127		7.562500
3128		7.384375
3129		7.693750
3130		7.087500
3131		6.940625
3132		7.368750
3133		7.368750
3134		7.146875
3135		7.943750
3136		7.575000
3137		7.709375
3138		7.828125
3139		7.428125
3140		7.250000
3141		7.618750
3142		7.456250
3143		7.162500
3144		7.353125
3145		7.237500
3146		7.412500
3147		7.721875
3148		7.471875
3149		7.503125
3150		6.881250
3151		6.556250
3152		7.059375
3153		7.546875
3154		6.806250
3155		7.028125
3156		7.146875
3157		7.087500
3158		6.437500
3159		6.425000
3160		6.262500
3161		5.993750
3162		5.950000
3163		6.365625
3164		5.596875
3165		5.981250
3166		5.775000
3167		6.068750
3168		6.112500
3169		6.187500
3170		5.509375
3171		5.684375
3172		5.890625
3173		5.878125
3174		5.775000
3175		5.965625
3176		5.759375
3177		5.109375
3178		4.356250
3179		3.837500
3180		3.706250
3181		3.131250
3182		3.100000
3183		3.056250
3184		3.218750
3185		3.884375
3186		5.078125
3187		5.981250
3188		6.940625
3189		7.915625
3190		9.200000
3191		8.978125
3192		9.525000
3193		9.834375
3194		10.515625
3195		11.150000
3196		10.146875
3197		9.968750
3198		9.568750
3199		9.362500
3200		9.112500
3201		8.875000
3202		9.081250
3203		9.600000
3204		9.275000
3205		9.318750
3206		9.968750
3207		10.218750
3208		9.643750
3209		9.243750
3210		8.418750
3211		7.309375
3212		5.831250
3213		4.562500
3214		3.971875
3215		3.262500
3216		3.100000
3217		2.746875
3218		2.406250
3219		2.465625
3220		1.268750
3221		1.150000
3222		1.046875
3223		0.012500
3224		-0.725000
3225		-0.696875
3226		-1.684375
3227		-1.921875
3228		-2.496875
3229		-2.571875
3230		-2.203125
3231		-2.881250
3232		-1.775000
3233		-1.196875
3234		-0.415625
3235		-0.518750
3236		0.662500
3237		1.815625
3238		2.715625
3239		3.396875
3240		4.000000
3241		4.534375
3242		4.103125
3243		5.184375
3244		4.696875
3245		5.390625
3246		5.596875
3247		5.331250
3248		5.168750
3249		5.109375
3250		5.553125
3251		3.884375
3252		3.115625
3253		2.759375
3254		1.712500
3255		0.765625
3256		1.165625
3257		0.396875
3258		0.000000
3259		-0.059375
3260		0.218750
3261		-0.384375
3262		-0.756250
3263		0.103125
3264		0.234375
3265		0.115625
3266		0.678125
3267		1.403125
3268		1.518750
3269		1.800000
3270		2.184375
3271		2.878125
3272		2.259375
3273		2.434375
3274		3.618750
3275		2.981250
3276		3.218750
3277		4.000000
3278		4.650000
3279		4.903125
3280		4.725000
3281		5.196875
3282		4.371875
3283		5.021875
3284		4.162500
3285		4.090625
3286		3.321875
3287		4.103125
3288		4.221875
3289		3.381250
3290		2.968750
3291		3.234375
3292		2.109375
3293		2.140625
3294		1.859375
3295		2.331250
3296		2.481250
3297		2.671875
3298		2.509375
3299		2.656250
3300		2.065625
3301		2.021875
3302		1.356250
3303		1.815625
3304		1.696875
3305		1.578125
3306		2.259375
3307		4.296875
3308		3.884375
3309		4.828125
3310		5.331250
3311		5.950000
3312		6.187500
3313		6.378125
3314		6.778125
3315		7.634375
3316		7.428125
3317		8.300000
3318		8.431250
3319		9.600000
3320		10.159375
3321		9.525000
3322		8.803125
3323		9.465625
3324		8.550000
3325		7.531250
3326		7.162500
3327		8.787500
3328		7.900000
3329		7.515625
3330		7.178125
3331		6.690625
3332		5.831250
3333		5.346875
3334		4.371875
3335		4.503125
3336		3.396875
3337		4.000000
3338		3.278125
3339		3.528125
3340		3.662500
3341		3.721875
3342		4.118750
3343		3.175000
3344		3.928125
3345		4.590625
3346		3.631250
3347		5.287500
3348		5.950000
3349		5.921875
3350		6.275000
3351		5.775000
3352		5.831250
3353		5.418750
3354		5.434375
3355		5.537500
3356		5.831250
3357		5.462500
3358		6.262500
3359		6.112500
3360		6.409375
3361		5.878125
3362		5.775000
3363		5.656250
3364		5.493750
3365		5.093750
3366		5.315625
3367		4.915625
3368		5.359375
3369		5.184375
3370		5.478125
3371		4.812500
3372		5.065625
3373		4.428125
3374		3.781250
3375		4.312500
3376		4.487500
3377		4.150000
3378		4.946875
3379		5.612500
3380		5.803125
3381		5.671875
3382		4.812500
3383		6.143750
3384		5.671875
3385		5.331250
3386		5.168750
3387		5.462500
3388		6.896875
3389		7.103125
3390		6.896875
3391		6.940625
3392		7.103125
3393		6.275000
3394		5.831250
3395		5.921875
3396		6.318750
3397		5.906250
3398		6.053125
3399		6.806250
3400		7.043750
3401		6.350000
3402		6.393750
3403		6.215625
3404		6.425000
3405		5.640625
3406		5.403125
3407		4.962500
3408		5.493750
3409		5.831250
3410		5.537500
3411		5.375000
3412		6.246875
3413		5.625000
3414		4.725000
3415		4.650000
3416		5.537500
3417		5.093750
3418		6.053125
3419		8.581250
3420		6.468750
3421		6.659375
3422		5.878125
3423		6.318750
3424		6.409375
3425		6.246875
3426		6.246875
3427		6.393750
3428		6.984375
3429		7.015625
3430		6.306250
3431		6.940625
3432		6.468750
3433		5.993750
3434		5.021875
3435		4.871875
3436		4.518750
3437		4.518750
3438		4.031250
3439		4.871875
3440		5.109375
3441		4.637500
3442		4.253125
3443		4.518750
3444		3.262500
3445		3.084375
3446		2.968750
3447		3.040625
3448		2.775000
3449		3.543750
3450		3.396875
3451		3.100000
3452		3.512500
3453		3.456250
3454		2.806250
3455		2.287500
3456		3.425000
3457		1.859375
3458		1.668750
3459		3.115625
3460		3.246875
3461		2.968750
3462		2.596875
3463		2.968750
3464		2.065625
3465		2.450000
3466		2.434375
3467		1.890625
3468		1.978125
3469		3.056250
3470		2.996875
3471		2.553125
3472		2.568750
3473		2.271875
3474		1.240625
3475		1.387500
3476		1.446875
3477		1.475000
3478		1.046875
3479		1.550000
3480		1.268750
3481		2.006250
3482		1.962500
3483		1.946875
3484		1.681250
3485		1.756250
3486		2.081250
3487		2.109375
3488		1.550000
3489		3.246875
3490		3.484375
3491		3.246875
3492		2.996875
3493		2.850000
3494		2.996875
3495		2.596875
3496		3.512500
3497		2.893750
3498		2.759375
3499		3.528125
3500		3.543750
3501		3.543750
3502		3.409375
3503		3.396875
3504		3.321875
3505		3.012500
3506		2.746875
3507		2.050000
3508		2.406250
3509		2.687500
3510		2.628125
3511		2.537500
3512		2.212500
3513		2.096875
3514		1.859375
3515		1.078125
3516		1.031250
3517		0.796875
3518		0.884375
3519		0.087500
3520		0.900000
3521		1.387500
3522		1.696875
3523		1.046875
3524		1.637500
3525		1.578125
3526		0.634375
3527		1.121875
3528		1.593750
3529		1.800000
3530		2.125000
3531		2.346875
3532		1.978125
3533		2.303125
3534		2.450000
3535		1.918750
3536		1.993750
3537		2.390625
3538		2.006250
3539		1.843750
3540		2.893750
3541		2.878125
3542		2.671875
3543		3.203125
3544		3.587500
3545		2.909375
3546		3.203125
3547		2.818750
3548		2.731250
3549		2.584375
3550		3.246875
3551		3.321875
3552		2.806250
3553		2.525000
3554		2.921875
3555		1.387500
3556		1.831250
3557		2.243750
3558		1.621875
3559		1.771875
3560		2.450000
3561		2.731250
3562		2.612500
3563		2.806250
3564		2.746875
3565		2.259375
3566		2.509375
3567		1.962500
3568		2.037500
3569		1.978125
3570		2.996875
3571		3.143750
3572		2.715625
3573		2.687500
3574		3.218750
3575		2.818750
3576		2.271875
3577		2.893750
3578		3.071875
3579		2.818750
3580		3.409375
3581		3.365625
3582		3.987500
3583		3.675000
3584		3.809375
3585		4.237500
3586		3.884375
3587		4.103125
3588		2.953125
3589		3.409375
3590		3.484375
3591		3.631250
3592		3.690625
3593		3.321875
3594		3.793750
3595		3.662500
3596		2.818750
3597		2.909375
3598		3.131250
3599		3.159375
3600		2.584375
3601		3.321875
3602		3.293750
3603		3.456250
3604		3.100000
3605		3.409375
3606		2.465625
3607		1.740625
3608		2.700000
3609		2.390625
3610		2.628125
3611		3.468750
3612		3.425000
3613		3.809375
3614		3.750000
3615		3.115625
3616		2.628125
3617		2.509375
3618		2.553125
3619		2.509375
3620		2.596875
3621		3.853125
3622		3.928125
3623		3.425000
3624		3.734375
3625		4.221875
3626		3.187500
3627		3.337500
3628		3.071875
3629		3.750000
3630		3.571875
3631		4.221875
3632		4.740625
3633		4.221875
3634		4.665625
3635		4.103125
3636		2.953125
3637		2.850000
3638		3.071875
3639		3.025000
3640		2.806250
3641		3.618750
3642		3.543750
3643		3.350000
3644		3.809375
3645		3.809375
3646		2.759375
3647		2.968750
3648		3.365625
3649		2.746875
3650		2.656250
3651		3.837500
3652		3.884375
3653		3.571875
3654		3.837500
3655		3.721875
3656		3.940625
3657		2.553125
3658		2.981250
3659		3.025000
3660		2.746875
3661		4.487500
3662		4.221875
3663		4.150000
3664		4.475000
3665		4.740625
3666		4.590625
3667		3.837500
3668		3.928125
3669		3.987500
3670		3.765625
3671		4.428125
3672		4.725000
3673		5.021875
3674		4.371875
3675		4.237500
3676		4.503125
3677		3.246875
3678		2.968750
3679		3.025000
3680		3.143750
3681		3.337500
3682		4.000000
3683		4.475000
3684		4.443750
3685		4.015625
3686		4.150000
3687		3.765625
3688		3.425000
3689		3.396875
3690		3.278125
3691		2.656250
3692		4.031250
3693		3.159375
3694		3.512500
3695		3.765625
3696		3.040625
3697		0.900000
3698		2.450000
3699		1.918750
3700		2.140625
3701		1.506250
3702		3.440625
3703		2.996875
3704		2.834375
3705		3.321875
3706		3.187500
3707		2.200000
3708		2.037500
3709		2.287500
3710		1.903125
3711		2.509375
3712		3.337500
3713		3.025000
3714		3.071875
3715		3.115625
3716		3.234375
3717		1.609375
3718		2.228125
3719		1.343750
3720		2.140625
3721		1.815625
3722		2.628125
3723		1.946875
3724		2.996875
3725		2.628125
3726		1.637500
3727		2.006250
3728		1.740625
3729		1.550000
3730		1.490625
3731		1.371875
3732		2.818750
3733		1.993750
3734		1.859375
3735		2.081250
3736		1.946875
3737		2.537500
3738		0.234375
3739		1.268750
3740		1.328125
3741		1.240625
3742		2.465625
3743		2.065625
3744		2.568750
3745		2.790625
3746		2.553125
3747		2.553125
3748		1.784375
3749		1.356250
3750		0.753125
3751		1.031250
3752		1.637500
3753		1.446875
3754		1.696875
3755		1.712500
3756		1.843750
3757		1.993750
3758		1.403125
3759		2.081250
3760		1.328125
3761		2.125000
3762		1.296875
3763		2.390625
3764		2.568750
3765		2.006250
3766		2.212500
3767		2.537500
3768		1.490625
3769		1.446875
3770		1.740625
3771		2.509375
3772		2.271875
3773		2.806250
3774		2.643750
3775		2.878125
3776		2.109375
3777		2.021875
3778		0.662500
3779		0.856250
3780		1.534375
3781		2.081250
3782		1.637500
3783		2.878125
3784		2.390625
3785		2.303125
3786		2.362500
3787		2.184375
3788		1.459375
3789		1.565625
3790		1.121875
3791		1.328125
3792		1.296875
3793		2.421875
3794		3.071875
3795		2.968750
3796		2.700000
3797		3.381250
3798		1.756250
3799		1.712500
3800		1.934375
3801		1.668750
3802		1.962500
3803		3.025000
3804		2.596875
3805		2.525000
3806		1.565625
3807		2.096875
3808		1.181250
3809		1.621875
3810		1.681250
3811		1.550000
3812		1.150000
3813		1.962500
3814		2.081250
3815		1.387500
3816		2.006250
3817		1.740625
3818		2.081250
3819		0.531250
3820		0.603125
3821		0.456250
3822		-0.221875
3823		0.087500
3824		0.278125
3825		1.062500
3826		-1.050000
3827		-0.237500
3828		0.809375
3829		0.043750
3830		-0.503125
3831		-0.371875
3832		-0.281250
3833		-0.237500
3834		0.012500
3835		-0.415625
3836		-0.621875
3837		-0.221875
3838		0.321875
3839		0.071875
3840		-0.253125
3841		0.515625
3842		0.428125
3843		0.381250
3844		1.459375
3845		0.900000
3846		1.621875
3847		1.446875
3848		1.550000
3849		1.653125
3850		1.653125
3851		2.509375
3852		1.903125
3853		2.081250
3854		2.168750
3855		2.303125
3856		1.550000
3857		1.978125
3858		1.415625
3859		0.531250
3860		0.087500
3861		0.265625
3862		-0.268750
3863		-0.696875
3864		-0.253125
3865		0.146875
3866		-0.253125
3867		-0.503125
3868		-0.637500
3869		-0.918750
3870		-0.800000
3871		-1.137500
3872		-1.478125
3873		-1.153125
3874		-0.946875
3875		-0.975000
3876		-0.918750
3877		-0.725000
3878		-0.768750
3879		-0.562500
3880		-0.503125
3881		-0.606250
3882		-0.162500
3883		-0.696875
3884		0.071875
3885		0.428125
3886		0.590625
3887		0.456250
3888		0.559375
3889		0.706250
3890		0.753125
3891		0.603125
3892		0.559375
3893		0.428125
3894		0.971875
3895		0.737500
3896		0.190625
3897		0.440625
3898		0.484375
3899		0.146875
3900		-0.518750
3901		-0.665625
3902		-0.281250
3903		-0.768750
3904		-0.546875
3905		-0.534375
3906		-0.106250
3907		-0.325000
3908		-1.109375
3909		-0.812500
3910		-0.812500
3911		-0.740625
3912		-1.478125
3913		-1.612500
3914		-0.709375
3915		-0.756250
3916		-0.843750
3917		-0.534375
3918		-0.371875
3919		-0.725000
3920		-1.212500
3921		-0.546875
3922		-0.503125
3923		-0.209375
3924		-0.075000
3925		0.471875
3926		0.781250
3927		0.915625
3928		0.737500
3929		0.900000
3930		0.440625
3931		0.603125
3932		0.515625
3933		0.337500
3934		0.678125
3935		0.471875
3936		0.071875
3937		0.368750
3938		-0.015625
3939		0.159375
3940		-0.459375
3941		-0.593750
3942		-0.162500
3943		-0.887500
3944		-1.184375
3945		-0.665625
3946		-0.534375
3947		-0.800000
3948		-1.021875
3949		-0.665625
3950		-1.256250
3951		-1.021875
3952		-1.671875
3953		-1.212500
3954		-1.125000
3955		-0.859375
3956		-1.775000
3957		-0.918750
3958		-0.740625
3959		-0.534375
3960		-1.153125
3961		-0.887500
3962		-0.931250
3963		-0.725000
3964		-0.621875
3965		-0.237500
3966		-0.431250
3967		-0.059375
3968		-0.578125
3969		-0.578125
3970		-0.768750
3971		-0.918750
3972		-0.593750
3973		-0.871875
3974		-0.650000
3975		-0.253125
3976		-0.843750
3977		-0.962500
3978		-0.768750
3979		-0.946875
3980		-1.406250
3981		-1.803125
3982		-2.025000
3983		-2.025000
3984		-2.025000
3985		-2.378125
3986		-1.950000
3987		-2.306250
3988		-2.365625
3989		-4.093750
3990		-3.281250
3991		-3.575000
3992		-3.281250
3993		-3.725000
3994		-3.621875
3995		-3.162500
3996		-3.487500
3997		-3.753125
3998		-3.768750
3999		-3.459375
4000		-3.959375
4001		-4.137500
4002		-4.284375
4003		-4.431250
4004		-4.934375
4005		-4.418750
4006		-4.093750
4007		-4.343750
4008		-4.050000
4009		-4.478125
4010		-4.212500
4011		-4.506250
4012		-4.668750
4013		-4.446875
4014		-4.565625
4015		-4.978125
4016		-4.668750
4017		-4.918750
4018		-4.668750
4019		-5.378125
4020		-5.081250
4021		-5.865625
4022		-5.996875
4023		-5.893750
4024		-6.353125
4025		-6.043750
4026		-5.850000
4027		-5.156250
4028		-5.112500
4029		-5.512500
4030		-5.081250
4031		-5.671875
4032		-5.600000
4033		-5.465625
4034		-5.834375
4035		-5.865625
4036		-5.568750
4037		-5.687500
4038		-5.362500
4039		-5.568750
4040		-5.600000
4041		-6.087500
4042		-5.406250
4043		-5.568750
4044		-5.053125
4045		-5.584375
4046		-5.200000
4047		-4.625000
4048		-4.668750
4049		-5.200000
4050		-5.200000
4051		-5.171875
4052		-5.465625
4053		-5.496875
4054		-5.200000
4055		-5.318750
4056		-4.700000
4057		-5.378125
4058		-5.421875
4059		-4.934375
4060		-4.684375
4061		-4.653125
4062		-5.171875
4063		-5.081250
4064		-4.965625
4065		-4.890625
4066		-4.446875
4067		-4.153125
4068		-4.212500
4069		-4.018750
4070		-4.462500
4071		-4.137500
4072		-5.540625
4073		-5.009375
4074		-4.137500
4075		-3.325000
4076		-3.471875
4077		-3.459375
4078		-3.281250
4079		-3.325000
4080		-3.118750
4081		-3.134375
4082		-3.828125
4083		-3.459375
4084		-3.531250
4085		-3.887500
4086		-4.034375
4087		-3.546875
4088		-2.334375
4089		-3.515625
4090		-3.340625
4091		-3.103125
4092		-3.384375
4093		-3.915625
4094		-3.206250
4095		-3.900000
4096		-3.709375
4097		-4.093750
4098		-4.062500
4099		-3.959375
4100		-3.900000
4101		-4.062500
4102		-4.462500
4103		-4.875000
4104		-4.565625
4105		-4.862500
4106		-5.540625
4107		-4.815625
4108		-4.950000
4109		-5.303125
4110		-5.600000
4111		-5.171875
4112		-5.600000
4113		-6.043750
4114		-5.834375
4115		-5.778125
4116		-5.718750
4117		-5.421875
4118		-5.821875
4119		-5.925000
4120		-5.406250
4121		-5.659375
4122		-6.337500
4123		-6.206250
4124		-6.043750
4125		-5.453125
4126		-5.718750
4127		-4.431250
4128		-4.550000
4129		-4.315625
4130		-4.137500
4131		-3.915625
4132		-3.575000
4133		-3.812500
4134		-4.684375
4135		-3.634375
4136		-3.000000
4137		-2.393750
4138		-3.190625
4139		-2.646875
4140		-2.528125
4141		-2.215625
4142		-2.496875
4143		-2.896875
4144		-3.190625
4145		-3.028125
4146		-3.237500
4147		-2.571875
4148		-2.762500
4149		-3.059375
4150		-3.575000
4151		-3.353125
4152		-3.575000
4153		-3.990625
4154		-4.062500
4155		-4.165625
4156		-4.431250
4157		-4.003125
4158		-4.343750
4159		-4.803125
4160		-4.771875
4161		-4.875000
4162		-4.934375
4163		-5.762500
4164		-5.525000
4165		-5.925000
4166		-5.643750
4167		-5.496875
4168		-5.068750
4169		-5.615625
4170		-4.343750
4171		-4.506250
4172		-4.359375
4173		-4.803125
4174		-4.712500
4175		-4.950000
4176		-4.906250
4177		-4.815625
4178		-5.009375
4179		-4.537500
4180		-4.403125
4181		-4.165625
4182		-4.137500
4183		-4.478125
4184		-4.359375
4185		-4.315625
4186		-4.343750
4187		-4.328125
4188		-4.565625
4189		-4.609375
4190		-4.581250
4191		-4.521875
4192		-4.462500
4193		-4.890625
4194		-4.478125
4195		-4.165625
4196		-4.831250
4197		-5.053125
4198		-5.200000
4199		-5.096875
4200		-5.259375
4201		-4.831250
4202		-4.593750
4203		-4.875000
4204		-4.993750
4205		-4.712500
4206		-5.421875
4207		-4.165625
4208		-3.709375
4209		-3.087500
4210		-3.546875
4211		-3.250000
4212		-3.190625
4213		-3.309375
4214		-3.546875
4215		-3.693750
4216		-3.621875
4217		-3.000000
4218		-3.190625
4219		-3.606250
4220		-3.250000
4221		-3.412500
4222		-3.059375
4223		-2.690625
4224		-3.043750
4225		-2.246875
4226		-2.865625
4227		-2.762500
4228		-2.793750
4229		-2.971875
4230		-3.087500
4231		-3.428125
4232		-3.768750
4233		-3.665625
4234		-3.796875
4235		-3.812500
4236		-4.165625
4237		-3.725000
4238		-4.212500
4239		-3.693750
4240		-3.503125
4241		-3.340625
4242		-3.915625
4243		-4.225000
4244		-3.796875
4245		-3.975000
4246		-3.796875
4247		-3.753125
4248		-3.384375
4249		-3.059375
4250		-2.865625
4251		-3.250000
4252		-2.865625
4253		-3.250000
4254		-3.087500
4255		-2.778125
4256		-3.118750
4257		-2.540625
4258		-2.615625
4259		-2.571875
4260		-2.853125
4261		-2.215625
4262		-1.981250
4263		-2.750000
4264		-3.028125
4265		-3.237500
4266		-3.028125
4267		-3.562500
4268		-3.471875
4269		-3.015625
4270		-2.865625
4271		-3.281250
4272		-2.571875
4273		-2.956250
4274		-3.546875
4275		-3.515625
4276		-4.106250
4277		-3.900000
4278		-4.537500
4279		-4.078125
4280		-4.315625
4281		-4.315625
4282		-4.565625
4283		-4.078125
4284		-5.525000
4285		-5.496875
4286		-5.525000
4287		-5.128125
4288		-5.156250
4289		-4.581250
4290		-5.053125
4291		-4.359375
4292		-4.950000
4293		-5.275000
4294		-5.687500
4295		-5.628125
4296		-6.337500
4297		-6.159375
4298		-6.337500
4299		-5.834375
4300		-6.396875
4301		-6.293750
4302		-5.881250
4303		-6.159375
4304		-6.159375
4305		-7.356250
4306		-7.356250
4307		-7.240625
4308		-7.240625
4309		-6.868750
4310		-6.765625
4311		-6.721875
4312		-7.506250
4313		-6.646875
4314		-6.515625
4315		-7.831250
4316		-7.653125
4317		-7.681250
4318		-8.596875
4319		-7.518750
4320		-7.534375
4321		-7.046875
4322		-7.165625
4323		-7.150000
4324		-7.459375
4325		-8.421875
4326		-8.109375
4327		-7.934375
4328		-7.859375
4329		-7.268750
4330		-6.900000
4331		-7.150000
4332		-7.431250
4333		-7.209375
4334		-6.809375
4335		-8.037500
4336		-8.375000
4337		-8.346875
4338		-8.228125
4339		-8.596875
4340		-8.406250
4341		-7.831250
4342		-7.312500
4343		-7.181250
4344		-7.578125
4345		-8.968750
4346		-8.921875
4347		-8.406250
4348		-8.643750
4349		-8.746875
4350		-7.518750
4351		-7.181250
4352		-7.150000
4353		-7.268750
4354		-7.193750
4355		-8.050000
4356		-8.200000
4357		-8.006250
4358		-7.903125
4359		-7.843750
4360		-7.903125
4361		-7.240625
4362		-8.184375
4363		-7.681250
4364		-7.165625
4365		-8.243750
4366		-6.500000
4367		-7.475000
4368		-8.790625
4369		-7.696875
4370		-7.296875
4371		-7.003125
4372		-7.934375
4373		-7.078125
4374		-7.181250
4375		-7.518750
4376		-7.756250
4377		-7.637500
4378		-7.562500
4379		-7.371875
4380		-7.181250
4381		-6.900000
4382		-7.078125
4383		-6.500000
4384		-6.353125
4385		-6.678125
4386		-7.121875
4387		-6.678125
4388		-6.825000
4389		-6.634375
4390		-6.456250
4391		-5.643750
4392		-5.465625
4393		-5.746875
4394		-5.790625
4395		-5.318750
4396		-6.634375
4397		-5.746875
4398		-6.321875
4399		-6.337500
4400		-6.293750
4401		-5.671875
4402		-5.465625
4403		-5.290625
4404		-5.378125
4405		-5.762500
4406		-5.984375
4407		-6.440625
4408		-5.568750
4409		-6.206250
4410		-5.806250
4411		-5.303125
4412		-5.628125
4413		-5.865625
4414		-5.378125
4415		-5.200000
4416		-6.131250
4417		-6.381250
4418		-5.865625
4419		-6.278125
4420		-5.762500
4421		-5.496875
4422		-5.628125
4423		-5.096875
4424		-5.231250
4425		-4.831250
4426		-6.531250
4427		-6.012500
4428		-5.275000
4429		-5.496875
4430		-6.043750
4431		-5.053125
4432		-3.915625
4433		-4.950000
4434		-4.815625
4435		-4.478125
4436		-5.465625
4437		-5.393750
4438		-5.081250
4439		-5.350000
4440		-5.128125
4441		-4.284375
4442		-4.212500
4443		-4.256250
4444		-4.700000
4445		-4.653125
4446		-5.112500
4447		-5.112500
4448		-5.025000
4449		-4.803125
4450		-4.815625
4451		-4.181250
4452		-3.990625
4453		-4.062500
4454		-4.268750
4455		-3.400000
4456		-3.725000
4457		-4.950000
4458		-4.431250
4459		-4.756250
4460		-5.068750
4461		-4.478125
4462		-4.359375
4463		-4.431250
4464		-4.537500
4465		-4.537500
4466		-4.653125
4467		-5.053125
4468		-4.950000
4469		-4.862500
4470		-5.453125
4471		-4.375000
4472		-4.212500
4473		-4.240625
4474		-4.093750
4475		-4.062500
4476		-3.871875
4477		-4.934375
4478		-5.671875
4479		-5.628125
4480		-5.643750
4481		-5.731250
4482		-5.984375
4483		-5.334375
4484		-5.465625
4485		-5.687500
4486		-5.615625
4487		-5.834375
4488		-5.421875
4489		-5.259375
4490		-5.659375
4491		-5.465625
4492		-5.671875
4493		-5.821875
4494		-6.131250
4495		-6.825000
4496		-6.915625
4497		-8.200000
4498		-9.234375
4499		-8.450000
4500		-7.534375
4501		-7.296875
4502		-5.615625
4503		-4.803125
4504		-3.828125
4505		-2.365625
4506		-1.731250
4507		-2.112500
4508		-1.775000
4509		-0.475000
4510		-0.487500
4511		-0.931250
4512		0.043750
4513		-0.534375
4514		-1.093750
4515		-1.034375
4516		-0.134375
4517		-1.553125
4518		-1.759375
4519		-0.918750
4520		-1.184375
4521		-1.731250
4522		-1.243750
4523		-1.050000
4524		-1.656250
4525		-2.215625
4526		-2.837500
4527		-4.196875
4528		-4.831250
4529		-5.009375
4530		-5.081250
4531		-6.293750
4532		-6.175000
4533		-6.575000
4534		-7.046875
4535		-8.671875
4536		-8.968750
4537		-9.071875
4538		-10.637500
4539		-11.728125
4540		-11.434375
4541		-12.615625
4542		-12.040625
4543		-12.100000
4544		-12.100000
4545		-11.668750
4546		-11.553125
4547		-11.050000
4548		-11.890625
4549		-10.562500
4550		-9.734375
4551		-10.209375
4552		-8.671875
4553		-7.918750
4554		-7.106250
4555		-6.234375
4556		-6.087500
4557		-5.243750
4558		-5.465625
4559		-6.071875
4560		-5.303125
4561		-5.496875
4562		-5.081250
4563		-4.743750
4564		-4.771875
4565		-4.978125
4566		-5.128125
4567		-6.028125
4568		-6.559375
4569		-7.756250
4570		-8.037500
4571		-8.568750
4572		-9.928125
4573		-9.159375
4574		-9.853125
4575		-10.046875
4576		-9.928125
4577		-9.559375
4578		-11.153125
4579		-10.281250
4580		-11.478125
4581		-10.784375
4582		-10.340625
4583		-9.825000
4584		-9.381250
4585		-8.862500
4586		-8.759375
4587		-8.390625
4588		-8.996875
4589		-8.200000
4590		-7.459375
4591		-8.050000
4592		-7.696875
4593		-5.909375
4594		-5.909375
4595		-6.265625
4596		-5.703125
4597		-5.496875
4598		-6.471875
4599		-6.900000
4600		-7.046875
4601		-6.646875
4602		-7.312500
4603		-6.928125
4604		-6.856250
4605		-7.475000
4606		-8.228125
4607		-8.656250
4608		-9.484375
4609		-8.862500
4610		-9.940625
4611		-10.209375
4612		-9.940625
4613		-9.218750
4614		-9.337500
4615		-9.350000
4616		-9.603125
4617		-9.040625
4618		-9.187500
4619		-10.118750
4620		-10.031250
4621		-9.187500
4622		-8.553125
4623		-7.831250
4624		-6.856250
4625		-6.071875
4626		-5.453125
4627		-5.465625
4628		-4.403125
4629		-5.112500
4630		-4.581250
4631		-4.121875
4632		-4.121875
4633		-2.215625
4634		-1.981250
4635		-1.184375
4636		-1.196875
4637		-1.196875
4638		-0.887500
4639		-2.350000
4640		-2.762500
4641		-3.871875
4642		-3.943750
4643		-2.646875
4644		-3.471875
4645		-4.106250
4646		-4.418750
4647		-4.537500
4648		-4.875000
4649		-6.456250
4650		-6.737500
4651		-6.928125
4652		-7.046875
4653		-7.903125
4654		-7.312500
4655		-6.646875
4656		-6.856250
4657		-6.825000
4658		-6.781250
4659		-7.490625
4660		-6.796875
4661		-6.753125
4662		-6.353125
4663		-6.087500
4664		-4.950000
4665		-4.875000
4666		-4.240625
4667		-3.678125
4668		-4.121875
4669		-5.334375
4670		-4.284375
4671		-4.034375
4672		-3.753125
4673		-3.828125
4674		-2.821875
4675		-2.540625
4676		-3.459375
4677		-3.678125
4678		-4.431250
4679		-4.728125
4680		-5.643750
4681		-5.643750
4682		-5.465625
4683		-5.362500
4684		-5.053125
4685		-5.600000
4686		-5.200000
4687		-5.187500
4688		-5.909375
4689		-6.353125
4690		-6.278125
4691		-5.731250
4692		-6.353125
4693		-5.171875
4694		-3.400000
4695		-3.487500
4696		-3.693750
4697		-3.459375
4698		-2.853125
4699		-3.043750
4700		-3.975000
4701		-3.384375
4702		-3.043750
4703		-3.384375
4704		-1.684375
4705		-1.950000
4706		-1.878125
4707		-1.581250
4708		-1.684375
4709		-2.128125
4710		-2.321875
4711		-2.128125
4712		-2.068750
4713		-2.171875
4714		-2.540625
4715		-2.215625
4716		-1.906250
4717		-2.112500
4718		-2.675000
4719		-2.600000
4720		-3.665625
4721		-3.428125
4722		-3.606250
4723		-3.990625
4724		-3.753125
4725		-3.206250
4726		-2.762500
4727		-2.453125
4728		-2.881250
4729		-2.896875
4730		-2.690625
4731		-3.162500
4732		-2.528125
4733		-2.215625
4734		-2.750000
4735		-1.731250
4736		-1.450000
4737		-0.415625
4738		-1.137500
4739		-0.356250
4740		-1.390625
4741		-1.406250
4742		-1.228125
4743		-0.740625
4744		-0.268750
4745		-0.134375
4746		0.028125
4747		-0.312500
4748		-0.593750
4749		-1.731250
4750		-2.290625
4751		-2.703125
4752		-2.215625
4753		-3.250000
4754		-2.896875
4755		-2.425000
4756		-1.581250
4757		-2.809375
4758		-3.221875
4759		-2.912500
4760		-4.284375
4761		-4.950000
4762		-4.978125
4763		-4.803125
4764		-4.165625
4765		-3.990625
4766		-3.840625
4767		-3.840625
4768		-4.284375
4769		-5.275000
4770		-4.625000
4771		-4.446875
4772		-3.943750
4773		-4.181250
4774		-4.387500
4775		-2.762500
4776		-3.087500
4777		-3.353125
4778		-2.865625
4779		-2.925000
4780		-2.809375
4781		-4.268750
4782		-3.812500
4783		-3.812500
4784		-4.418750
4785		-3.146875
4786		-3.190625
4787		-3.428125
4788		-4.609375
4789		-3.915625
4790		-3.781250
4791		-4.640625
4792		-5.156250
4793		-4.771875
4794		-4.815625
4795		-4.728125
4796		-3.781250
4797		-4.093750
4798		-3.840625
4799		-3.590625
4800		-3.340625
4801		-4.225000
4802		-4.093750
4803		-4.403125
4804		-3.900000
4805		-3.606250
4806		-2.793750
4807		-2.793750
4808		-2.659375
4809		-2.809375
4810		-2.659375
4811		-3.281250
4812		-2.365625
4813		-2.290625
4814		-1.818750
4815		-2.100000
4816		-0.871875
4817		-1.228125
4818		-1.834375
4819		-1.509375
4820		-1.256250
4821		-1.846875
4822		-2.703125
4823		-2.750000
4824		-2.468750
4825		-2.971875
4826		-2.571875
4827		-2.615625
4828		-2.881250
4829		-3.043750
4830		-3.281250
4831		-3.503125
4832		-3.621875
4833		-3.796875
4834		-4.121875
4835		-3.915625
4836		-3.606250
4837		-3.590625
4838		-3.606250
4839		-3.443750
4840		-2.940625
4841		-2.971875
4842		-3.575000
4843		-2.615625
4844		-2.437500
4845		-2.571875
4846		-2.378125
4847		-1.612500
4848		-1.450000
4849		-1.212500
4850		-1.184375
4851		-1.846875
4852		-1.168750
4853		-0.812500
4854		-0.871875
4855		-1.287500
4856		-0.650000
4857		-0.296875
4858		-0.487500
4859		0.103125
4860		0.440625
4861		0.662500
4862		-0.296875
4863		0.087500
4864		-0.281250
4865		0.115625
4866		0.412500
4867		0.234375
4868		0.471875
4869		0.618750
4870		-0.637500
4871		-0.237500
4872		0.000000
4873		-0.015625
4874		0.146875
4875		-0.237500
4876		-0.046875
4877		0.146875
4878		-0.015625
4879		-0.312500
4880		-0.812500
4881		-0.046875
4882		-0.859375
4883		-0.740625
4884		-0.740625
4885		-0.312500
4886		-0.106250
4887		0.087500
4888		0.146875
4889		0.309375
4890		0.471875
4891		0.234375
4892		0.412500
4893		1.209375
4894		0.634375
4895		0.781250
4896		0.900000
4897		1.078125
4898		1.003125
4899		0.987500
4900		3.440625
4901		1.740625
4902		0.603125
4903		0.884375
4904		0.840625
4905		1.106250
4906		0.753125
4907		0.646875
4908		1.253125
4909		1.062500
4910		0.987500
4911		0.575000
4912		0.250000
4913		1.343750
4914		1.031250
4915		1.031250
4916		1.046875
4917		1.696875
4918		1.446875
4919		0.884375
4920		1.296875
4921		0.971875
4922		0.765625
4923		0.868750
4924		0.765625
4925		1.446875
4926		1.415625
4927		1.668750
4928		1.565625
4929		1.740625
4930		1.962500
4931		1.550000
4932		1.506250
4933		1.978125
4934		1.771875
4935		3.809375
4936		2.700000
4937		3.246875
4938		3.187500
4939		2.921875
4940		3.571875
4941		3.425000
4942		3.603125
4943		3.484375
4944		3.396875
4945		3.721875
4946		3.337500
4947		3.837500
4948		3.956250
4949		3.940625
4950		4.134375
4951		4.075000
4952		3.884375
4953		4.178125
4954		4.103125
4955		3.928125
4956		3.940625
4957		4.209375
4958		4.253125
4959		4.590625
4960		4.209375
4961		4.281250
4962		4.237500
4963		4.031250
4964		3.618750
4965		3.809375
4966		4.134375
4967		4.178125
4968		4.800000
4969		4.621875
4970		4.665625
4971		5.006250
4972		5.137500
4973		5.403125
4974		5.093750
4975		5.346875
4976		5.331250
4977		5.715625
4978		6.215625
4979		5.993750
4980		6.084375
4981		6.556250
4982		6.659375
4983		3.587500
4984		5.509375
4985		6.246875
4986		6.865625
4987		6.171875
4988		6.481250
4989		6.703125
4990		6.956250
4991		6.556250
4992		6.806250
4993		6.806250
4994		6.631250
4995		6.778125
4996		6.865625
4997		5.921875
4998		7.265625
4999		6.956250
5000		7.103125
5001		6.762500
5002		6.912500
5003		6.940625
5004		6.540625
5005		6.128125
5006		6.393750
5007		6.571875
5008		6.393750
5009		6.378125
5010		6.734375
5011		6.659375
5012		6.659375
5013		6.040625
5014		6.215625
5015		6.365625
5016		6.025000
5017		6.409375
5018		6.940625
5019		7.325000
5020		6.512500
5021		6.853125
5022		6.865625
5023		6.540625
5024		6.393750
5025		6.393750
5026		6.865625
5027		6.762500
5028		7.206250
5029		7.281250
5030		7.309375
5031		7.471875
5032		7.250000
5033		7.515625
5034		6.762500
5035		6.984375
5036		6.912500
5037		6.556250
5038		6.793750
5039		7.353125
5040		6.821875
5041		6.912500
5042		7.353125
5043		6.306250
5044		6.481250
5045		6.350000
5046		6.750000
5047		6.762500
5048		6.881250
5049		6.762500
5050		6.275000
5051		6.318750
5052		6.615625
5053		6.365625
5054		6.275000
5055		7.353125
5056		7.309375
5057		5.993750
5058		6.365625
5059		6.853125
5060		6.793750
5061		6.318750
5062		7.043750
5063		7.293750
5064		6.425000
5065		5.906250
5066		6.365625
5067		5.831250
5068		5.521875
5069		5.759375
5070		6.040625
5071		6.215625
5072		6.171875
5073		6.350000
5074		6.984375
5075		6.718750
5076		6.643750
5077		7.000000
5078		6.793750
5079		7.678125
5080		7.309375
5081		7.456250
5082		7.650000
5083		7.281250
5084		6.865625
5085		7.146875
5086		6.734375
5087		7.281250
5088		7.190625
5089		7.384375
5090		7.059375
5091		6.793750
5092		6.528125
5093		6.956250
5094		6.143750
5095		6.865625
5096		6.571875
5097		7.087500
5098		6.512500
5099		7.340625
5100		7.575000
5101		7.015625
5102		6.984375
5103		6.587500
5104		6.837500
5105		6.365625
5106		6.275000
5107		6.437500
5108		6.068750
5109		6.659375
5110		7.250000
5111		7.015625
5112		7.353125
5113		7.118750
5114		7.943750
5115		7.487500
5116		7.650000
5117		7.650000
5118		7.412500
5119		8.165625
5120		8.165625
5121		7.471875
5122		7.265625
5123		7.400000
5124		6.912500
5125		6.290625
5126		6.631250
5127		6.659375
5128		6.587500
5129		6.865625
5130		7.400000
5131		7.503125
5132		7.721875
5133		8.062500
5134		8.093750
5135		7.487500
5136		7.665625
5137		7.384375
5138		6.793750
5139		6.925000
5140		6.940625
5141		6.940625
5142		7.015625
5143		7.325000
5144		7.087500
5145		6.793750
5146		6.912500
5147		6.956250
5148		7.028125
5149		7.075000
5150		6.837500
5151		7.443750
5152		7.840625
5153		8.240625
5154		8.062500
5155		8.284375
5156		8.815625
5157		9.156250
5158		9.275000
5159		9.009375
5160		10.206250
5161		10.115625
5162		10.309375
5163		10.456250
5164		10.796875
5165		10.575000
5166		11.075000
5167		11.090625
5168		11.106250
5169		11.371875
5170		12.081250
5171		11.725000
5172		11.918750
5173		11.312500
5174		11.459375
5175		10.750000
5176		10.693750
5177		10.618750
5178		10.662500
5179		9.937500
5180		9.968750
5181		10.484375
5182		10.012500
5183		9.275000
5184		9.259375
5185		9.496875
5186		9.009375
5187		8.875000
5188		9.275000
5189		9.215625
5190		9.200000
5191		8.965625
5192		9.821875
5193		9.453125
5194		9.865625
5195		9.334375
5196		9.421875
5197		9.496875
5198		8.653125
5199		8.565625
5200		9.881250
5201		9.984375
5202		9.806250
5203		9.865625
5204		9.881250
5205		9.865625
5206		10.515625
5207		10.087500
5208		9.953125
5209		10.293750
5210		9.881250
5211		9.525000
5212		10.262500
5213		9.600000
5214		9.496875
5215		9.628125
5216		9.378125
5217		8.712500
5218		8.284375
5219		8.640625
5220		8.478125
5221		8.756250
5222		8.950000
5223		8.815625
5224		8.315625
5225		8.284375
5226		7.943750
5227		7.531250
5228		8.034375
5229		6.350000
5230		7.353125
5231		7.221875
5232		7.828125
5233		7.206250
5234		7.087500
5235		7.618750
5236		7.368750
5237		7.828125
5238		7.000000
5239		7.293750
5240		8.046875
5241		8.268750
5242		8.490625
5243		8.771875
5244		8.787500
5245		8.846875
5246		8.165625
5247		8.565625
5248		8.831250
5249		8.787500
5250		8.256250
5251		8.581250
5252		8.343750
5253		8.609375
5254		8.328125
5255		8.284375
5256		7.590625
5257		7.650000
5258		7.828125
5259		7.618750
5260		7.634375
5261		7.796875
5262		8.315625
5263		7.606250
5264		7.562500
5265		7.840625
5266		7.443750
5267		7.400000
5268		7.325000
5269		7.943750
5270		7.678125
5271		7.546875
5272		7.206250
5273		7.503125
5274		8.106250
5275		7.650000
5276		7.990625
5277		8.328125
5278		8.268750
5279		8.506250
5280		7.840625
5281		8.550000
5282		9.850000
5283		9.453125
5284		9.303125
5285		9.481250
5286		9.393750
5287		8.506250
5288		9.112500
5289		9.200000
5290		9.200000
5291		8.728125
5292		9.893750
5293		10.603125
5294		10.043750
5295		10.309375
5296		10.603125
5297		10.278125
5298		9.865625
5299		9.259375
5300		9.968750
5301		9.612500
5302		9.893750
5303		10.100000
5304		9.275000
5305		9.687500
5306		8.890625
5307		8.431250
5308		7.884375
5309		8.343750
5310		8.684375
5311		8.256250
5312		8.875000
5313		9.171875
5314		9.421875
5315		9.068750
5316		9.259375
5317		8.240625
5318		8.609375
5319		8.359375
5320		8.315625
5321		8.018750
5322		8.581250
5323		8.831250
5324		8.506250
5325		8.121875
5326		8.815625
5327		8.581250
5328		7.915625
5329		8.328125
5330		8.359375
5331		7.265625
5332		9.393750
5333		9.687500
5334		8.978125
5335		9.393750
5336		9.303125
5337		8.756250
5338		8.165625
5339		8.046875
5340		8.137500
5341		7.812500
5342		8.728125
5343		8.534375
5344		8.534375
5345		7.737500
5346		8.046875
5347		7.840625
5348		7.768750
5349		7.975000
5350		7.059375
5351		7.828125
5352		8.300000
5353		8.387500
5354		8.934375
5355		8.875000
5356		8.490625
5357		7.975000
5358		7.562500
5359		7.768750
5360		7.456250
5361		7.428125
5362		8.165625
5363		9.081250
5364		8.240625
5365		8.137500
5366		8.300000
5367		8.803125
5368		7.840625
5369		7.990625
5370		8.062500
5371		7.840625
5372		7.828125
5373		8.906250
5374		9.128125
5375		8.787500
5376		9.009375
5377		8.640625
5378		7.915625
5379		8.431250
5380		7.796875
5381		7.828125
5382		7.900000
5383		8.359375
5384		8.371875
5385		8.387500
5386		8.343750
5387		8.815625
5388		7.768750
5389		8.062500
5390		8.268750
5391		8.387500
5392		7.531250
5393		8.803125
5394		8.815625
5395		8.875000
5396		9.037500
5397		8.965625
5398		8.403125
5399		7.975000
5400		8.034375
5401		7.990625
5402		8.268750
5403		8.431250
5404		8.950000
5405		9.259375
5406		8.653125
5407		9.096875
5408		7.959375
5409		8.225000
5410		8.284375
5411		7.812500
5412		7.562500
5413		8.153125
5414		7.871875
5415		8.846875
5416		8.831250
5417		8.771875
5418		8.315625
5419		7.900000
5420		7.840625
5421		7.678125
5422		7.400000
5423		8.934375
5424		7.990625
5425		7.281250
5426		7.087500
5427		7.028125
5428		6.675000
5429		6.203125
5430		6.068750
5431		5.759375
5432		5.846875
5433		6.600000
5434		6.540625
5435		6.690625
5436		6.793750
5437		6.984375
5438		7.178125
5439		6.393750
5440		6.365625
5441		7.146875
5442		6.837500
5443		8.521875
5444		9.081250
5445		9.290625
5446		8.803125
5447		9.081250
5448		9.643750
5449		9.156250
5450		9.628125
5451		9.481250
5452		9.746875
5453		9.671875
5454		9.968750
5455		10.662500
5456		10.943750
5457		10.781250
5458		10.559375
5459		10.412500
5460		10.028125
5461		9.790625
5462		9.790625
5463		9.953125
5464		10.250000
5465		9.496875
5466		8.684375
5467		9.156250
5468		8.018750
5469		7.456250
5470		7.281250
5471		7.546875
5472		7.325000
5473		6.762500
5474		6.762500
5475		6.881250
5476		7.103125
5477		6.643750
5478		6.643750
5479		6.215625
5480		5.921875
5481		5.846875
5482		5.684375
5483		5.700000
5484		6.881250
5485		6.203125
5486		6.481250
5487		6.956250
5488		7.618750
5489		6.659375
5490		7.265625
5491		7.178125
5492		7.309375
5493		6.659375
5494		7.840625
5495		7.884375
5496		8.625000
5497		8.209375
5498		8.268750
5499		8.300000
5500		7.753125
5501		7.309375
5502		7.103125
5503		7.293750
5504		7.265625
5505		7.428125
5506		6.865625
5507		7.043750
5508		6.481250
5509		5.906250
5510		5.271875
5511		5.890625
5512		5.743750
5513		5.450000
5514		5.671875
5515		5.450000
5516		5.596875
5517		5.256250
5518		6.203125
5519		5.715625
5520		5.256250
5521		5.462500
5522		5.537500
5523		4.725000
5524		6.425000
5525		6.718750
5526		6.793750
5527		6.793750
5528		7.678125
5529		7.075000
5530		6.793750
5531		6.984375
5532		7.353125
5533		6.806250
5534		6.762500
5535		7.812500
5536		7.975000
5537		8.062500
5538		8.462500
5539		8.387500
5540		8.121875
5541		8.121875
5542		7.871875
5543		7.737500
5544		7.693750
5545		7.678125
5546		7.721875
5547		7.237500
5548		6.984375
5549		6.275000
5550		6.053125
5551		5.612500
5552		5.981250
5553		5.656250
5554		5.831250
5555		6.837500
5556		6.290625
5557		6.453125
5558		6.734375
5559		5.921875
5560		6.306250
5561		5.981250
5562		6.496875
5563		5.921875
5564		6.246875
5565		6.865625
5566		7.368750
5567		6.881250
5568		7.443750
5569		7.796875
5570		6.881250
5571		6.690625
5572		7.043750
5573		7.384375
5574		7.118750
5575		7.871875
5576		8.196875
5577		8.640625
5578		8.165625
5579		8.950000
5580		7.943750
5581		7.812500
5582		7.796875
5583		7.237500
5584		7.796875
5585		8.018750
5586		8.046875
5587		8.046875
5588		8.137500
5589		8.225000
5590		7.309375
5591		6.540625
5592		6.615625
5593		6.053125
5594		5.921875
5595		7.015625
5596		6.925000
5597		6.231250
5598		6.750000
5599		6.215625
5600		6.659375
5601		5.937500
5602		5.831250
5603		5.034375
5604		5.331250
5605		5.878125
5606		5.950000
5607		5.168750
5608		5.537500
5609		5.906250
5610		5.184375
5611		4.903125
5612		4.487500
5613		4.665625
5614		4.503125
5615		4.709375
5616		5.403125
5617		5.537500
5618		5.109375
5619		5.125000
5620		5.287500
5621		4.400000
5622		4.296875
5623		4.475000
5624		4.384375
5625		3.928125
5626		4.296875
5627		4.340625
5628		4.296875
5629		4.503125
5630		3.631250
5631		2.715625
5632		3.262500
5633		2.806250
5634		3.218750
5635		3.159375
5636		4.031250
5637		4.400000
5638		3.853125
5639		3.837500
5640		3.203125
5641		2.921875
5642		3.071875
5643		2.184375
5644		3.143750
5645		2.775000
5646		3.884375
5647		3.734375
5648		3.306250
5649		3.484375
5650		3.262500
5651		2.537500
5652		2.731250
5653		2.525000
5654		2.375000
5655		2.968750
5656		3.187500
5657		3.809375
5658		4.237500
5659		3.987500
5660		3.293750
5661		2.759375
5662		2.850000
5663		2.065625
5664		2.156250
5665		2.450000
5666		3.571875
5667		2.081250
5668		3.143750
5669		3.293750
5670		3.278125
5671		3.321875
5672		2.346875
5673		2.140625
5674		2.021875
5675		1.946875
5676		2.996875
5677		3.321875
5678		3.440625
5679		3.012500
5680		2.909375
5681		3.337500
5682		2.596875
5683		1.934375
5684		1.740625
5685		2.481250
5686		2.818750
5687		2.509375
5688		2.568750
5689		3.025000
5690		2.731250
5691		3.159375
5692		1.978125
5693		2.362500
5694		2.287500
5695		2.259375
5696		1.621875
5697		2.596875
5698		3.425000
5699		2.850000
5700		2.331250
5701		3.631250
5702		1.918750
5703		2.096875
5704		1.403125
5705		2.596875
5706		2.140625
5707		3.381250
5708		3.175000
5709		2.584375
5710		3.321875
5711		2.834375
5712		2.065625
5713		1.728125
5714		2.406250
5715		2.006250
5716		1.993750
5717		3.175000
5718		2.850000
5719		2.700000
5720		3.293750
5721		3.246875
5722		2.287500
5723		1.978125
5724		2.050000
5725		2.156250
5726		2.553125
5727		2.406250
5728		3.187500
5729		2.968750
5730		2.775000
5731		2.450000
5732		1.475000
5733		1.446875
5734		1.918750
5735		1.343750
5736		1.993750
5737		2.746875
5738		3.278125
5739		3.187500
5740		3.809375
5741		3.262500
5742		2.509375
5743		1.934375
5744		2.525000
5745		2.406250
5746		2.303125
5747		3.675000
5748		2.553125
5749		2.584375
5750		2.850000
5751		2.584375
5752		2.271875
5753		0.959375
5754		2.584375
5755		2.318750
5756		2.096875
5757		3.425000
5758		3.246875
5759		3.100000
5760		3.187500
5761		2.850000
5762		3.100000
5763		2.596875
5764		2.481250
5765		2.584375
5766		2.259375
5767		3.187500
5768		2.656250
5769		3.321875
5770		2.921875
5771		2.700000
5772		2.731250
5773		1.550000
5774		1.946875
5775		2.346875
5776		1.637500
5777		1.668750
5778		2.759375
5779		2.731250
5780		2.271875
5781		2.287500
5782		2.584375
5783		1.003125
5784		1.740625
5785		1.312500
5786		1.328125
5787		1.193750
5788		1.343750
5789		1.637500
5790		2.228125
5791		1.518750
5792		1.121875
5793		0.115625
5794		-0.150000
5795		0.265625
5796		-0.546875
5797		-0.178125
5798		0.662500
5799		1.181250
5800		0.293750
5801		0.531250
5802		0.471875
5803		-0.593750
5804		-0.665625
5805		0.131250
5806		-0.946875
5807		-0.400000
5808		0.575000
5809		-0.162500
5810		-0.606250
5811		-0.518750
5812		-1.493750
5813		-3.028125
5814		-3.296875
5815		-3.503125
5816		-2.540625
5817		-2.734375
5818		-0.843750
5819		0.103125
5820		0.412500
5821		1.490625
5822		2.065625
5823		2.612500
5824		3.825000
5825		4.075000
5826		4.118750
5827		4.221875
5828		4.681250
5829		4.221875
5830		3.631250
5831		4.209375
5832		3.603125
5833		3.306250
5834		3.056250
5835		3.321875
5836		3.559375
5837		3.468750
5838		4.443750
5839		4.312500
5840		3.528125
5841		2.671875
5842		2.096875
5843		1.253125
5844		-0.578125
5845		-1.300000
5846		-2.512500
5847		-2.290625
5848		-2.587500
5849		-3.162500
5850		-3.250000
5851		-4.093750
5852		-4.550000
5853		-5.200000
5854		-6.265625
5855		-7.446875
5856		-7.653125
5857		-8.362500
5858		-8.909375
5859		-8.481250
5860		-8.953125
5861		-8.746875
5862		-9.084375
5863		-8.818750
5864		-8.331250
5865		-8.037500
5866		-7.934375
5867		-7.240625
5868		-6.959375
5869		-5.821875
5870		-5.128125
5871		-4.268750
5872		-3.634375
5873		-3.400000
5874		-3.575000
5875		-2.718750
5876		-2.821875
5877		-2.865625
5878		-2.853125
5879		-2.365625
5880		-2.171875
5881		-2.762500
5882		-2.881250
5883		-2.956250
5884		-3.725000
5885		-4.315625
5886		-5.112500
5887		-5.465625
5888		-6.175000
5889		-6.809375
5890		-7.415625
5891		-7.459375
5892		-8.271875
5893		-8.096875
5894		-8.346875
5895		-8.450000
5896		-8.390625
5897		-8.212500
5898		-7.668750
5899		-7.403125
5900		-7.018750
5901		-6.603125
5902		-6.796875
5903		-6.175000
5904		-6.043750
5905		-5.746875
5906		-5.025000
5907		-4.978125
5908		-4.862500
5909		-4.256250
5910		-3.959375
5911		-3.943750
5912		-3.237500
5913		-3.428125
5914		-4.284375
5915		-4.268750
5916		-3.871875
5917		-4.212500
5918		-4.490625
5919		-4.212500
5920		-3.990625
5921		-4.846875
5922		-5.290625
5923		-6.071875
5924		-6.131250
5925		-6.706250
5926		-7.150000
5927		-7.209375
5928		-7.343750
5929		-8.050000
5930		-8.331250
5931		-8.081250
5932		-8.481250
5933		-8.259375
5934		-7.831250
5935		-8.596875
5936		-8.937500
5937		-8.406250
5938		-7.962500
5939		-6.987500
5940		-6.412500
5941		-5.718750
5942		-5.053125
5943		-4.875000
5944		-4.018750
5945		-4.137500
5946		-3.606250
5947		-3.531250
5948		-2.762500
5949		-3.309375
5950		-2.646875
5951		-2.100000
5952		-1.521875
5953		-1.731250
5954		-1.434375
5955		-1.862500
5956		-2.334375
5957		-2.615625
5958		-2.865625
5959		-3.340625
5960		-3.575000
5961		-3.796875
5962		-4.284375
5963		-4.787500
5964		-4.993750
5965		-6.218750
5966		-6.753125
5967		-7.090625
5968		-7.415625
5969		-8.271875
5970		-8.303125
5971		-8.806250
5972		-8.493750
5973		-8.568750
5974		-8.081250
5975		-8.271875
5976		-8.050000
5977		-7.978125
5978		-7.475000
5979		-7.134375
5980		-6.353125
5981		-6.206250
5982		-6.590625
5983		-6.353125
5984		-6.293750
5985		-6.309375
5986		-6.293750
5987		-5.703125
5988		-5.731250
5989		-5.893750
5990		-5.600000
5991		-5.378125
5992		-5.568750
5993		-5.481250
5994		-5.968750
5995		-6.265625
5996		-7.090625
5997		-6.900000
5998		-6.856250
5999		-7.609375
6000		-7.328125
6001		-7.165625
6002		-7.459375
6003		-8.140625
6004		-8.303125
6005		-7.784375
6006		-8.450000
6007		-8.156250
6008		-8.303125
6009		-8.050000
6010		-7.209375
6011		-7.225000
6012		-7.078125
6013		-6.353125
6014		-5.996875
6015		-6.293750
6016		-6.856250
6017		-6.706250
6018		-6.353125
6019		-6.103125
6020		-6.278125
6021		-5.453125
6022		-5.453125
6023		-5.378125
6024		-5.525000
6025		-5.512500
6026		-5.968750
6027		-5.703125
6028		-6.131250
6029		-6.337500
6030		-6.265625
6031		-5.806250
6032		-6.337500
6033		-5.731250
6034		-5.909375
6035		-6.234375
6036		-6.575000
6037		-6.868750
6038		-6.765625
6039		-7.415625
6040		-7.046875
6041		-6.515625
6042		-6.900000
6043		-6.693750
6044		-6.543750
6045		-6.131250
6046		-6.056250
6047		-6.012500
6048		-6.159375
6049		-6.293750
6050		-5.615625
6051		-5.628125
6052		-6.146875
6053		-5.790625
6054		-5.453125
6055		-5.525000
6056		-6.056250
6057		-5.600000
6058		-5.525000
6059		-5.378125
6060		-5.200000
6061		-4.653125
6062		-5.171875
6063		-5.303125
6064		-5.968750
6065		-5.703125
6066		-6.753125
6067		-6.321875
6068		-6.603125
6069		-7.578125
6070		-7.668750
6071		-7.934375
6072		-7.843750
6073		-7.696875
6074		-7.696875
6075		-8.212500
6076		-8.362500
6077		-8.493750
6078		-8.331250
6079		-8.465625
6080		-8.271875
6081		-7.831250
6082		-7.562500
6083		-7.859375
6084		-7.831250
6085		-7.784375
6086		-7.668750
6087		-7.534375
6088		-8.037500
6089		-8.096875
6090		-7.859375
6091		-8.006250
6092		-8.596875
6093		-8.168750
6094		-8.156250
6095		-8.434375
6096		-8.390625
6097		-8.818750
6098		-8.406250
6099		-8.331250
6100		-8.259375
6101		-8.450000
6102		-8.109375
6103		-8.156250
6104		-8.362500
6105		-8.893750
6106		-9.084375
6107		-9.131250
6108		-9.528125
6109		-9.381250
6110		-9.837500
6111		-9.381250
6112		-9.337500
6113		-9.131250
6114		-8.465625
6115		-8.775000
6116		-8.375000
6117		-8.493750
6118		-8.375000
6119		-8.212500
6120		-7.506250
6121		-7.387500
6122		-7.240625
6123		-7.534375
6124		-7.431250
6125		-7.534375
6126		-7.415625
6127		-7.387500
6128		-7.578125
6129		-7.725000
6130		-7.534375
6131		-7.490625
6132		-7.431250
6133		-7.578125
6134		-7.387500
6135		-7.284375
6136		-7.903125
6137		-8.346875
6138		-8.493750
6139		-8.909375
6140		-9.071875
6141		-9.381250
6142		-8.909375
6143		-9.512500
6144		-9.675000
6145		-9.956250
6146		-10.400000
6147		-10.696875
6148		-11.287500
6149		-11.093750
6150		-11.715625
6151		-11.359375
6152		-11.450000
6153		-11.831250
6154		-11.450000
6155		-11.506250
6156		-11.331250
6157		-11.359375
6158		-11.478125
6159		-11.184375
6160		-11.078125
6161		-11.315625
6162		-10.503125
6163		-10.931250
6164		-10.606250
6165		-10.665625
6166		-10.768750
6167		-10.681250
6168		-11.300000
6169		-11.034375
6170		-10.962500
6171		-10.915625
6172		-10.487500
6173		-10.709375
6174		-10.162500
6175		-10.075000
6176		-9.884375
6177		-9.884375
6178		-10.237500
6179		-10.562500
6180		-10.296875
6181		-10.237500
6182		-10.621875
6183		-10.193750
6184		-9.778125
6185		-10.400000
6186		-10.150000
6187		-10.000000
6188		-10.118750
6189		-10.475000
6190		-10.356250
6191		-10.253125
6192		-10.340625
6193		-10.265625
6194		-9.837500
6195		-10.534375
6196		-10.681250
6197		-11.137500
6198		-11.450000
6199		-11.668750
6200		-11.006250
6201		-10.650000
6202		-10.887500
6203		-10.265625
6204		-9.793750
6205		-9.512500
6206		-9.837500
6207		-9.381250
6208		-9.765625
6209		-9.512500
6210		-9.425000
6211		-8.981250
6212		-9.615625
6213		-9.159375
6214		-8.806250
6215		-8.596875
6216		-8.746875
6217		-8.746875
6218		-8.850000
6219		-8.968750
6220		-8.303125
6221		-8.156250
6222		-8.156250
6223		-7.903125
6224		-7.712500
6225		-7.621875
6226		-7.593750
6227		-7.518750
6228		-7.371875
6229		-7.756250
6230		-7.431250
6231		-7.621875
6232		-7.637500
6233		-7.506250
6234		-7.446875
6235		-7.490625
6236		-8.303125
6237		-8.331250
6238		-8.493750
6239		-8.109375
6240		-8.318750
6241		-7.518750
6242		-8.140625
6243		-7.343750
6244		-7.165625
6245		-7.193750
6246		-6.987500
6247		-7.003125
6248		-6.575000
6249		-6.634375
6250		-6.928125
6251		-6.840625
6252		-6.825000
6253		-6.515625
6254		-6.971875
6255		-6.012500
6256		-5.881250
6257		-5.303125
6258		-5.231250
6259		-5.362500
6260		-5.156250
6261		-4.490625
6262		-4.950000
6263		-4.418750
6264		-3.828125
6265		-3.828125
6266		-4.137500
6267		-4.256250
6268		-3.678125
6269		-4.593750
6270		-5.112500
6271		-5.318750
6272		-5.081250
6273		-5.053125
6274		-5.453125
6275		-5.243750
6276		-5.187500
6277		-4.934375
6278		-5.421875
6279		-5.628125
6280		-5.525000
6281		-6.190625
6282		-5.437500
6283		-5.762500
6284		-5.406250
6285		-5.350000
6286		-5.643750
6287		-5.465625
6288		-4.950000
6289		-6.412500
6290		-5.909375
6291		-6.012500
6292		-6.500000
6293		-5.984375
6294		-5.243750
6295		-4.756250
6296		-4.815625
6297		-4.728125
6298		-5.525000
6299		-5.778125
6300		-5.453125
6301		-5.081250
6302		-5.703125
6303		-5.156250
6304		-5.053125
6305		-4.890625
6306		-5.421875
6307		-5.568750
6308		-5.156250
6309		-6.693750
6310		-6.543750
6311		-6.440625
6312		-6.515625
6313		-6.868750
6314		-6.293750
6315		-6.234375
6316		-6.043750
6317		-6.234375
6318		-6.515625
6319		-6.634375
6320		-7.031250
6321		-7.003125
6322		-7.784375
6323		-7.562500
6324		-6.971875
6325		-6.987500
6326		-7.018750
6327		-6.971875
6328		-6.721875
6329		-6.943750
6330		-7.831250
6331		-7.815625
6332		-7.978125
6333		-7.740625
6334		-6.943750
6335		-7.312500
6336		-7.343750
6337		-7.181250
6338		-7.121875
6339		-7.562500
6340		-8.759375
6341		-7.756250
6342		-7.843750
6343		-8.096875
6344		-7.875000
6345		-6.693750
6346		-6.484375
6347		-6.753125
6348		-6.543750
6349		-6.987500
6350		-7.387500
6351		-7.681250
6352		-7.784375
6353		-7.637500
6354		-7.725000
6355		-7.134375
6356		-7.225000
6357		-7.031250
6358		-6.575000
6359		-7.134375
6360		-8.271875
6361		-7.578125
6362		-7.506250
6363		-7.859375
6364		-7.518750
6365		-6.706250
6366		-7.209375
6367		-6.928125
6368		-7.225000
6369		-6.900000
6370		-7.725000
6371		-7.490625
6372		-7.903125
6373		-7.859375
6374		-7.934375
6375		-7.371875
6376		-7.078125
6377		-6.412500
6378		-8.081250
6379		-6.796875
6380		-7.887500
6381		-6.456250
6382		-6.915625
6383		-7.978125
6384		-7.756250
6385		-7.003125
6386		-7.225000
6387		-7.181250
6388		-6.603125
6389		-5.778125
6390		-6.678125
6391		-6.737500
6392		-6.456250
6393		-6.131250
6394		-6.484375
6395		-6.146875
6396		-6.559375
6397		-5.171875
6398		-6.087500
6399		-5.187500
6400		-5.893750
6401		-6.293750
6402		-5.568750
6403		-5.893750
6404		-5.496875
6405		-4.728125
6406		-5.318750
6407		-5.421875
6408		-5.659375
6409		-5.881250
6410		-5.453125
6411		-7.150000
6412		-7.431250
6413		-6.971875
6414		-6.868750
6415		-6.575000
6416		-6.412500
6417		-5.984375
6418		-6.603125
6419		-6.678125
6420		-6.484375
6421		-7.371875
6422		-6.809375
6423		-7.181250
6424		-6.706250
6425		-6.825000
6426		-6.721875
6427		-6.087500
6428		-5.378125
6429		-5.865625
6430		-5.584375
6431		-6.440625
6432		-6.531250
6433		-6.971875
6434		-6.531250
6435		-6.056250
6436		-6.603125
6437		-5.746875
6438		-5.584375
6439		-6.131250
6440		-6.662500
6441		-7.534375
6442		-7.225000
6443		-6.265625
6444		-7.090625
6445		-6.309375
6446		-6.856250
6447		-5.940625
6448		-5.865625
6449		-5.893750
6450		-5.496875
6451		-6.028125
6452		-10.562500
6453		-7.712500
6454		-7.993750
6455		-7.106250
6456		-6.868750
6457		-6.646875
6458		-7.046875
6459		-6.456250
6460		-6.353125
6461		-6.943750
6462		-6.484375
6463		-6.087500
6464		-6.131250
6465		-6.368750
6466		-5.893750
6467		-5.778125
6468		-5.171875
6469		-4.978125
6470		-4.934375
6471		-4.815625
6472		-4.934375
6473		-4.490625
6474		-4.050000
6475		-3.250000
6476		-2.971875
6477		-2.703125
6478		-2.128125
6479		-1.950000
6480		-1.553125
6481		-1.625000
6482		-1.243750
6483		-1.212500
6484		-1.271875
6485		-1.287500
6486		-0.178125
6487		-0.650000
6488		-0.384375
6489		-0.606250
6490		-0.800000
6491		-1.137500
6492		-2.350000
6493		-2.393750
6494		-2.690625
6495		-2.540625
6496		-2.171875
6497		-1.981250
6498		-2.512500
6499		-2.750000
6500		-2.925000
6501		-3.281250
6502		-3.471875
6503		-3.428125
6504		-3.575000
6505		-3.178125
6506		-3.015625
6507		-2.409375
6508		-2.275000
6509		-2.053125
6510		-2.203125
6511		-1.996875
6512		-2.690625
6513		-2.350000
6514		-2.378125
6515		-2.040625
6516		-1.462500
6517		-1.759375
6518		-1.212500
6519		-0.665625
6520		-1.034375
6521		-0.800000
6522		-1.065625
6523		-1.050000
6524		-1.612500
6525		-1.153125
6526		-1.168750
6527		-1.125000
6528		-1.478125
6529		-0.828125
6530		-0.962500
6531		-0.800000
6532		-2.350000
6533		-2.540625
6534		-2.881250
6535		-2.809375
6536		-3.296875
6537		-2.615625
6538		-2.912500
6539		-2.734375
6540		-2.437500
6541		-3.146875
6542		-3.959375
6543		-3.531250
6544		-3.812500
6545		-3.162500
6546		-3.650000
6547		-3.178125
6548		-2.068750
6549		-2.615625
6550		-2.631250
6551		-2.734375
6552		-3.265625
6553		-3.015625
6554		-3.206250
6555		-2.940625
6556		-2.615625
6557		-2.128125
6558		-2.171875
6559		-2.290625
6560		-1.625000
6561		-1.731250
6562		-1.509375
6563		-1.759375
6564		-1.581250
6565		-2.159375
6566		-2.290625
6567		-1.759375
6568		-2.112500
6569		-2.409375
6570		-2.881250
6571		-2.128125
6572		-3.281250
6573		-3.781250
6574		-4.196875
6575		-3.575000
6576		-3.840625
6577		-3.943750
6578		-3.725000
6579		-3.709375
6580		-3.384375
6581		-3.634375
6582		-3.590625
6583		-3.471875
6584		-4.165625
6585		-3.796875
6586		-4.196875
6587		-3.606250
6588		-3.340625
6589		-3.340625
6590		-3.178125
6591		-3.459375
6592		-2.703125
6593		-3.487500
6594		-3.487500
6595		-3.515625
6596		-3.134375
6597		-3.028125
6598		-2.128125
6599		-2.171875
6600		-1.965625
6601		-1.700000
6602		-1.950000
6603		-2.378125
6604		-2.540625
6605		-2.675000
6606		-2.321875
6607		-2.215625
6608		-1.950000
6609		-1.965625
6610		-1.196875
6611		-1.906250
6612		-2.690625
6613		-3.075000
6614		-2.809375
6615		-3.281250
6616		-2.912500
6617		-2.393750
6618		-2.528125
6619		-2.587500
6620		-2.468750
6621		-2.750000
6622		-3.134375
6623		-4.034375
6624		-3.768750
6625		-3.531250
6626		-3.546875
6627		-3.650000
6628		-2.734375
6629		-2.512500
6630		-2.290625
6631		-3.000000
6632		-2.925000
6633		-3.075000
6634		-3.812500
6635		-4.165625
6636		-3.400000
6637		-3.190625
6638		-2.984375
6639		-3.075000
6640		-2.762500
6641		-3.087500
6642		-2.881250
6643		-3.250000
6644		-3.943750
6645		-3.959375
6646		-3.900000
6647		-3.975000
6648		-2.881250
6649		-2.587500
6650		-3.134375
6651		-2.984375
6652		-2.556250
6653		-2.881250
6654		-4.950000
6655		-4.240625
6656		-4.050000
6657		-4.050000
6658		-4.018750
6659		-3.546875
6660		-3.296875
6661		-3.590625
6662		-3.590625
6663		-3.103125
6664		-3.990625
6665		-4.093750
6666		-3.915625
6667		-3.812500
6668		-3.162500
6669		-2.350000
6670		-3.206250
6671		-2.912500
6672		-3.134375
6673		-2.837500
6674		-4.315625
6675		-4.137500
6676		-3.812500
6677		-3.796875
6678		-3.900000
6679		-3.015625
6680		-2.646875
6681		-2.940625
6682		-3.134375
6683		-2.762500
6684		-4.609375
6685		-3.562500
6686		-3.621875
6687		-3.606250
6688		-4.315625
6689		-2.468750
6690		-2.378125
6691		-2.734375
6692		-2.793750
6693		-2.112500
6694		-3.693750
6695		-3.400000
6696		-4.034375
6697		-3.575000
6698		-3.428125
6699		-2.128125
6700		-2.068750
6701		-2.231250
6702		-2.053125
6703		-1.553125
6704		-2.865625
6705		-3.000000
6706		-1.656250
6707		-2.203125
6708		-1.921875
6709		-0.578125
6710		-0.681250
6711		-0.281250
6712		-0.371875
6713		-0.650000
6714		-0.725000
6715		-1.656250
6716		-1.921875
6717		-1.759375
6718		-1.568750
6719		-0.800000
6720		-0.843750
6721		-0.593750
6722		-0.696875
6723		-0.134375
6724		-0.475000
6725		-1.493750
6726		-1.093750
6727		-1.390625
6728		-1.581250
6729		-0.106250
6730		-0.296875
6731		-0.931250
6732		-0.665625
6733		-0.400000
6734		-1.212500
6735		-2.393750
6736		-1.287500
6737		-2.143750
6738		-2.425000
6739		-2.675000
6740		-1.243750
6741		-1.803125
6742		-1.965625
6743		-2.215625
6744		-2.600000
6745		-3.015625
6746		-3.134375
6747		-3.178125
6748		-2.956250
6749		-2.659375
6750		-2.571875
6751		-2.246875
6752		-2.540625
6753		-1.950000
6754		-3.075000
6755		-3.118750
6756		-3.353125
6757		-2.865625
6758		-3.340625
6759		-1.862500
6760		-1.346875
6761		-0.768750
6762		-0.443750
6763		-0.356250
6764		0.412500
6765		-1.050000
6766		0.575000
6767		0.590625
6768		0.662500
6769		0.603125
6770		1.431250
6771		1.518750
6772		1.859375
6773		1.875000
6774		2.450000
6775		1.534375
6776		2.212500
6777		1.653125
6778		2.156250
6779		2.037500
6780		2.996875
6781		1.859375
6782		2.271875
6783		2.553125
6784		1.712500
6785		0.706250
6786		1.090625
6787		0.265625
6788		-0.356250
6789		0.265625
6790		0.900000
6791		0.190625
6792		0.293750
6793		0.103125
6794		0.000000
6795		-0.962500
6796		-1.390625
6797		-1.612500
6798		-1.478125
6799		-2.262500
6800		-0.400000
6801		-0.784375
6802		-0.859375
6803		-0.134375
6804		-0.209375
6805		0.412500
6806		0.043750
6807		0.000000
6808		-1.168750
6809		0.087500
6810		0.825000
6811		0.440625
6812		1.490625
6813		1.490625
6814		1.518750
6815		1.550000
6816		0.293750
6817		0.928125
6818		0.618750
6819		1.003125
6820		0.706250
6821		1.415625
6822		1.031250
6823		0.928125
6824		0.634375
6825		1.031250
6826		0.131250
6827		-0.031250
6828		0.103125
6829		-0.162500
6830		0.115625
6831		-0.696875
6832		0.293750
6833		-0.371875
6834		-0.178125
6835		1.181250
6836		-0.031250
6837		-0.340625
6838		0.000000
6839		-0.162500
6840		0.159375
6841		0.646875
6842		1.150000
6843		1.565625
6844		2.287500
6845		1.740625
6846		1.784375
6847		2.271875
6848		1.815625
6849		2.050000
6850		2.525000
6851		2.818750
6852		2.700000
6853		2.921875
6854		3.071875
6855		3.662500
6856		3.456250
6857		3.543750
6858		3.750000
6859		3.896875
6860		4.046875
6861		3.484375
6862		3.750000
6863		3.262500
6864		2.968750
6865		2.612500
6866		2.806250
6867		2.362500
6868		2.421875
6869		2.671875
6870		2.806250
6871		3.071875
6872		2.671875
6873		3.175000
6874		3.159375
6875		2.584375
6876		2.509375
6877		2.493750
6878		2.228125
6879		2.362500
6880		2.671875
6881		2.671875
6882		3.500000
6883		3.071875
6884		3.631250
6885		3.603125
6886		3.631250
6887		3.468750
6888		4.059375
6889		3.971875
6890		4.400000
6891		4.312500
6892		4.428125
6893		4.859375
6894		4.415625
6895		4.443750
6896		4.606250
6897		3.940625
6898		4.221875
6899		4.562500
6900		2.687500
6901		3.115625
6902		4.753125
6903		4.296875
6904		4.415625
6905		4.696875
6906		4.459375
6907		4.134375
6908		3.837500
6909		3.781250
6910		3.721875
6911		3.321875
6912		3.040625
6913		2.921875
6914		3.853125
6915		2.037500
6916		2.671875
6917		1.859375
6918		1.800000
6919		2.065625
6920		2.140625
6921		2.050000
6922		1.934375
6923		2.096875
6924		1.637500
6925		2.006250
6926		2.065625
6927		1.962500
6928		2.406250
6929		2.081250
6930		2.362500
6931		2.259375
6932		2.775000
6933		2.568750
6934		2.493750
6935		2.450000
6936		2.715625
6937		2.406250
6938		2.481250
6939		2.715625
6940		2.909375
6941		2.465625
6942		2.818750
6943		3.721875
6944		2.968750
6945		2.981250
6946		3.115625
6947		2.850000
6948		3.159375
6949		2.731250
6950		2.156250
6951		2.450000
6952		3.012500
6953		2.656250
6954		2.450000
6955		2.909375
6956		2.921875
6957		2.715625
6958		1.978125
6959		2.259375
6960		2.628125
6961		2.434375
6962		2.568750
6963		2.715625
6964		2.818750
6965		2.862500
6966		2.921875
6967		2.746875
6968		2.568750
6969		2.450000
6970		2.628125
6971		2.568750
6972		3.246875
6973		3.175000
6974		2.731250
6975		2.790625
6976		3.218750
6977		3.468750
6978		3.381250
6979		3.837500
6980		2.996875
6981		2.806250
6982		3.262500
6983		3.365625
6984		3.456250
6985		3.837500
6986		3.484375
6987		3.246875
6988		3.365625
6989		3.293750
6990		3.115625
6991		3.175000
6992		3.690625
6993		3.187500
6994		3.468750
6995		3.587500
6996		3.425000
6997		3.321875
6998		3.365625
6999		3.293750
7000		3.971875
7001		3.187500
7002		3.187500
7003		4.150000
7004		3.868750
7005		3.853125
7006		3.618750
7007		3.706250
7008		3.587500
7009		3.706250
7010		3.734375
7011		3.809375
7012		4.253125
7013		4.443750
7014		4.150000
7015		4.621875
7016		4.665625
7017		4.578125
7018		4.415625
7019		4.415625
7020		3.837500
7021		4.296875
7022		3.837500
7023		4.843750
7024		5.168750
7025		5.196875
7026		5.596875
7027		5.006250
7028		4.812500
7029		4.859375
7030		4.871875
7031		4.871875
7032		5.021875
7033		5.359375
7034		5.331250
7035		4.962500
7036		5.640625
7037		5.462500
7038		5.168750
7039		4.800000
7040		4.812500
7041		4.887500
7042		4.606250
7043		4.915625
7044		5.093750
7045		5.359375
7046		5.256250
7047		5.125000
7048		5.240625
7049		4.725000
7050		4.843750
7051		4.975000
7052		4.903125
7053		5.271875
7054		4.962500
7055		5.093750
7056		5.287500
7057		5.596875
7058		5.656250
7059		4.296875
7060		4.800000
7061		5.212500
7062		4.946875
7063		5.021875
7064		5.493750
7065		5.478125
7066		5.803125
7067		5.700000
7068		5.775000
7069		5.521875
7070		5.581250
7071		5.256250
7072		5.684375
7073		5.906250
7074		5.993750
7075		5.846875
7076		5.818750
7077		5.125000
7078		5.462500
7079		5.137500
7080		5.196875
7081		5.509375
7082		5.256250
7083		5.065625
7084		5.509375
7085		5.728125
7086		5.671875
7087		5.478125
7088		6.068750
7089		5.656250
7090		5.700000
7091		5.109375
7092		5.656250
7093		5.256250
7094		5.581250
7095		5.184375
7096		4.975000
7097		4.843750
7098		4.709375
7099		4.546875
7100		4.400000
7101		4.518750
7102		4.740625
7103		4.709375
7104		5.021875
7105		4.903125
7106		5.359375
7107		5.065625
7108		4.812500
7109		4.312500
7110		4.253125
7111		4.000000
7112		3.631250
7113		3.690625
7114		3.662500
7115		3.825000
7116		3.706250
7117		3.690625
7118		3.603125
7119		3.987500
7120		3.440625
7121		4.000000
7122		4.371875
7123		4.090625
7124		3.987500
7125		4.400000
7126		4.221875
7127		3.440625
7128		2.996875
7129		2.806250
7130		2.168750
7131		2.790625
7132		2.184375
7133		2.271875
7134		2.715625
7135		3.956250
7136		4.606250
7137		5.640625
7138		6.881250
7139		8.137500
7140		8.121875
7141		8.581250
7142		9.775000
7143		10.043750
7144		10.028125
7145		10.412500
7146		10.559375
7147		10.012500
7148		10.456250
7149		10.056250
7150		9.465625
7151		9.303125
7152		9.628125
7153		10.309375
7154		9.834375
7155		10.353125
7156		10.056250
7157		9.821875
7158		9.746875
7159		9.021875
7160		8.153125
7161		7.265625
7162		6.956250
7163		6.481250
7164		5.403125
7165		5.803125
7166		5.775000
7167		5.093750
7168		4.753125
7169		4.637500
7170		4.371875
7171		3.690625
7172		3.543750
7173		2.612500
7174		2.434375
7175		1.475000
7176		0.575000
7177		-0.209375
7178		0.265625
7179		-0.268750
7180		-1.021875
7181		-0.946875
7182		-0.431250
7183		0.218750
7184		0.662500
7185		2.037500
7186		3.115625
7187		4.000000
7188		4.621875
7189		5.450000
7190		5.937500
7191		6.659375
7192		6.615625
7193		7.678125
7194		7.562500
7195		7.250000
7196		7.162500
7197		6.881250
7198		6.290625
7199		5.759375
7200		5.300000
7201		4.428125
7202		3.587500
7203		3.468750
7204		3.143750
7205		3.056250
7206		3.987500
7207		2.525000
7208		2.421875
7209		2.331250
7210		2.065625
7211		1.403125
7212		1.593750
7213		1.843750
7214		1.621875
7215		1.962500
7216		2.006250
7217		2.318750
7218		2.109375
7219		2.790625
7220		2.893750
7221		2.375000
7222		2.909375
7223		2.259375
7224		2.200000
7225		2.628125
7226		2.996875
7227		3.175000
7228		3.734375
7229		3.500000
7230		3.187500
7231		3.056250
7232		2.878125
7233		2.731250
7234		2.243750
7235		2.331250
7236		2.212500
7237		1.181250
7238		1.506250
7239		1.284375
7240		1.784375
7241		0.856250
7242		1.090625
7243		1.696875
7244		1.756250
7245		1.003125
7246		1.371875
7247		1.962500
7248		1.712500
7249		1.268750
7250		0.471875
7251		0.071875
7252		-0.150000
7253		-0.371875
7254		-0.740625
7255		-0.487500
7256		0.234375
7257		0.603125
7258		0.590625
7259		1.771875
7260		2.775000
7261		2.628125
7262		3.262500
7263		3.293750
7264		3.706250
7265		3.587500
7266		4.475000
7267		5.256250
7268		5.450000
7269		5.759375
7270		6.053125
7271		5.625000
7272		5.390625
7273		5.375000
7274		5.168750
7275		4.915625
7276		5.331250
7277		5.065625
7278		4.915625
7279		4.665625
7280		4.696875
7281		4.281250
7282		3.365625
7283		4.000000
7284		3.084375
7285		2.140625
7286		2.212500
7287		3.246875
7288		2.806250
7289		2.968750
7290		2.612500
7291		3.618750
7292		4.681250
7293		2.731250
7294		2.553125
7295		2.656250
7296		3.337500
7297		3.321875
7298		3.468750
7299		3.987500
7300		4.046875
7301		3.512500
7302		3.218750
7303		3.662500
7304		3.187500
7305		2.878125
7306		3.928125
7307		5.168750
7308		4.859375
7309		4.784375
7310		5.509375
7311		5.315625
7312		4.650000
7313		4.946875
7314		5.271875
7315		5.434375
7316		5.759375
7317		6.290625
7318		7.075000
7319		7.178125
7320		6.571875
7321		6.984375
7322		6.378125
7323		6.453125
7324		5.803125
7325		5.787500
7326		5.715625
7327		7.028125
7328		7.000000
7329		7.221875
7330		7.250000
7331		7.131250
7332		6.631250
7333		7.015625
7334		5.434375
7335		6.290625
7336		6.203125
7337		7.118750
7338		6.821875
7339		7.368750
7340		6.703125
7341		6.984375
7342		5.981250
7343		6.215625
7344		6.290625
7345		6.659375
7346		6.378125
7347		6.881250
7348		6.912500
7349		8.093750
7350		7.618750
7351		7.162500
7352		10.603125
7353		8.106250
7354		7.250000
7355		7.043750
7356		7.900000
7357		7.753125
7358		7.828125
7359		7.721875
7360		8.181250
7361		7.828125
7362		8.225000
7363		7.237500
7364		7.428125
7365		7.325000
7366		7.178125
7367		7.856250
7368		8.387500
7369		8.462500
7370		8.153125
7371		7.693750
7372		8.078125
7373		7.753125
7374		7.103125
7375		6.643750
7376		6.984375
7377		7.531250
7378		7.206250
7379		6.865625
7380		7.103125
7381		6.409375
7382		5.803125
7383		5.153125
7384		5.065625
7385		4.740625
7386		4.812500
7387		4.371875
7388		5.671875
7389		4.812500
7390		5.240625
7391		5.553125
7392		5.256250
7393		4.696875
7394		4.325000
7395		4.428125
7396		4.503125
7397		4.428125
7398		4.768750
7399		5.093750
7400		5.212500
7401		4.725000
7402		4.962500
7403		4.253125
7404		4.281250
7405		4.340625
7406		4.415625
7407		3.837500
7408		5.184375
7409		4.990625
7410		4.534375
7411		4.371875
7412		4.621875
7413		3.350000
7414		3.262500
7415		2.953125
7416		2.981250
7417		2.643750
7418		3.884375
7419		3.321875
7420		3.559375
7421		3.321875
7422		4.371875
7423		2.656250
7424		2.509375
7425		2.596875
7426		2.862500
7427		2.878125
7428		3.706250
7429		3.884375
7430		3.662500
7431		4.400000
7432		4.134375
7433		4.265625
7434		3.365625
7435		4.031250
7436		4.518750
7437		4.237500
7438		4.990625
7439		6.128125
7440		5.537500
7441		5.831250
7442		6.143750
7443		5.509375
7444		5.078125
7445		5.034375
7446		5.240625
7447		5.390625
7448		5.581250
7449		5.434375
7450		6.100000
7451		5.196875
7452		5.034375
7453		5.109375
7454		4.150000
7455		3.912500
7456		3.456250
7457		3.440625
7458		2.731250
7459		2.687500
7460		3.084375
7461		2.850000
7462		2.656250
7463		2.481250
7464		1.371875
7465		1.371875
7466		1.621875
7467		1.121875
7468		0.900000
7469		1.578125
7470		1.328125
7471		1.403125
7472		1.062500
7473		1.593750
7474		1.046875
7475		1.018750
7476		0.500000
7477		0.603125
7478		0.796875
7479		1.565625
7480		1.268750
7481		1.328125
7482		1.134375
7483		1.593750
7484		0.590625
7485		1.193750
7486		0.737500
7487		0.337500
7488		1.078125
7489		2.109375
7490		2.893750
7491		2.096875
7492		1.962500
7493		2.656250
7494		1.890625
7495		1.637500
7496		1.459375
7497		1.815625
7498		1.534375
7499		2.065625
7500		1.296875
7501		1.962500
7502		1.800000
7503		1.593750
7504		0.159375
7505		1.106250
7506		1.253125
7507		1.253125
7508		1.225000
7509		2.390625
7510		1.756250
7511		1.712500
7512		1.371875
7513		1.859375
7514		1.284375
7515		0.781250
7516		0.884375
7517		0.500000
7518		0.678125
7519		0.868750
7520		0.737500
7521		1.121875
7522		1.593750
7523		1.831250
7524		1.106250
7525		0.825000
7526		1.078125
7527		1.078125
7528		1.150000
7529		2.596875
7530		2.628125
7531		2.568750
7532		2.612500
7533		2.612500
7534		2.850000
7535		2.656250
7536		2.200000
7537		2.671875
7538		3.187500
7539		2.553125
7540		2.643750
7541		3.159375
7542		3.175000
7543		3.159375
7544		3.587500
7545		2.759375
7546		3.071875
7547		3.559375
7548		3.246875
7549		3.512500
7550		3.631250
7551		3.884375
7552		3.321875
7553		3.543750
7554		3.662500
7555		3.012500
7556		3.131250
7557		3.115625
7558		3.468750
7559		2.746875
7560		2.953125
7561		4.178125
7562		3.734375
7563		3.956250
7564		4.428125
7565		3.837500
7566		3.765625
7567		4.178125
7568		3.853125
7569		4.178125
7570		5.065625
7571		6.246875
7572		5.803125
7573		5.478125
7574		6.262500
7575		5.625000
7576		5.256250
7577		5.862500
7578		6.040625
7579		5.921875
7580		6.496875
7581		6.690625
7582		6.734375
7583		6.912500
7584		6.881250
7585		6.453125
7586		5.906250
7587		6.365625
7588		5.684375
7589		6.128125
7590		6.793750
7591		7.015625
7592		6.912500
7593		6.203125
7594		6.540625
7595		6.437500
7596		5.256250
7597		6.365625
7598		5.184375
7599		5.581250
7600		6.143750
7601		5.803125
7602		6.425000
7603		6.393750
7604		6.318750
7605		6.600000
7606		5.950000
7607		5.950000
7608		6.128125
7609		5.981250
7610		6.128125
7611		6.865625
7612		7.178125
7613		6.437500
7614		7.443750
7615		7.368750
7616		6.100000
7617		6.187500
7618		5.981250
7619		5.878125
7620		6.275000
7621		6.643750
7622		6.540625
7623		6.053125
7624		6.318750
7625		6.203125
7626		5.137500
7627		5.581250
7628		4.990625
7629		4.725000
7630		4.962500
7631		6.350000
7632		5.906250
7633		5.981250
7634		5.921875
7635		5.759375
7636		4.090625
7637		4.696875
7638		4.665625
7639		3.928125
7640		4.312500
7641		5.168750
7642		4.828125
7643		4.400000
7644		4.740625
7645		4.221875
7646		2.700000
7647		3.468750
7648		3.512500
7649		3.631250
7650		3.440625
7651		4.340625
7652		4.384375
7653		4.415625
7654		4.312500
7655		4.281250
7656		2.596875
7657		3.040625
7658		3.025000
7659		3.115625
7660		3.100000
7661		4.784375
7662		4.178125
7663		3.809375
7664		3.781250
7665		4.000000
7666		3.131250
7667		2.525000
7668		2.878125
7669		2.509375
7670		2.434375
7671		3.440625
7672		3.587500
7673		3.706250
7674		3.781250
7675		3.706250
7676		3.809375
7677		2.746875
7678		2.921875
7679		2.421875
7680		2.434375
7681		3.321875
7682		2.862500
7683		3.396875
7684		3.396875
7685		3.100000
7686		2.553125
7687		1.740625
7688		1.815625
7689		2.081250
7690		1.268750
7691		1.903125
7692		3.040625
7693		2.818750
7694		3.012500
7695		2.937500
7696		2.893750
7697		2.628125
7698		1.890625
7699		1.637500
7700		1.090625
7701		0.531250
7702		1.962500
7703		1.371875
7704		1.890625
7705		2.081250
7706		1.918750
7707		1.403125
7708		2.065625
7709		2.021875
7710		1.771875
7711		2.156250
7712		3.040625
7713		2.537500
7714		2.806250
7715		2.746875
7716		2.656250
7717		2.200000
7718		1.771875
7719		1.962500
7720		1.668750
7721		1.978125
7722		2.731250
7723		2.525000
7724		2.406250
7725		1.756250
7726		2.156250
7727		0.515625
7728		1.312500
7729		0.884375
7730		1.696875
7731		1.993750
7732		2.493750
7733		1.903125
7734		2.287500
7735		2.096875
7736		1.890625
7737		1.018750
7738		1.284375
7739		0.840625
7740		-0.193750
7741		1.031250
7742		1.771875
7743		1.859375
7744		2.109375
7745		2.228125
7746		2.362500
7747		1.771875
7748		1.225000
7749		1.078125
7750		1.550000
7751		1.800000
7752		2.687500
7753		2.525000
7754		2.596875
7755		2.006250
7756		1.815625
7757		1.371875
7758		1.403125
7759		0.087500
7760		0.368750
7761		0.825000
7762		1.003125
7763		0.900000
7764		1.712500
7765		1.890625
7766		1.815625
7767		1.621875
7768		0.825000
7769		1.106250
7770		0.456250
7771		0.321875
7772		0.087500
7773		0.531250
7774		0.753125
7775		0.456250
7776		0.706250
7777		0.900000
7778		-0.281250
7779		-0.281250
7780		0.218750
7781		0.056250
7782		0.071875
7783		1.415625
7784		1.328125
7785		1.193750
7786		1.490625
7787		1.431250
7788		0.971875
7789		1.415625
7790		1.831250
7791		2.271875
7792		2.434375
7793		3.440625
7794		4.162500
7795		3.706250
7796		3.912500
7797		4.871875
7798		3.559375
7799		3.884375
7800		4.046875
7801		4.475000
7802		4.400000
7803		5.640625
7804		5.478125
7805		5.240625
7806		5.093750
7807		5.359375
7808		3.884375
7809		3.956250
7810		4.059375
7811		3.071875
7812		3.468750
7813		3.912500
7814		4.075000
7815		4.150000
7816		3.440625
7817		3.912500
7818		2.481250
7819		2.525000
7820		2.775000
7821		2.584375
7822		2.731250
7823		3.012500
7824		2.643750
7825		2.953125
7826		2.981250
7827		3.646875
7828		3.100000
7829		2.850000
7830		3.440625
7831		3.218750
7832		3.321875
7833		3.853125
7834		4.590625
7835		4.325000
7836		3.837500
7837		4.356250
7838		4.681250
7839		3.837500
7840		3.409375
7841		3.631250
7842		3.690625
7843		3.262500
7844		3.025000
7845		2.878125
7846		3.040625
7847		2.612500
7848		2.331250
7849		2.006250
7850		1.978125
7851		2.184375
7852		1.490625
7853		1.831250
7854		2.109375
7855		1.756250
7856		1.609375
7857		1.550000
7858		1.403125
7859		0.559375
7860		0.412500
7861		0.484375
7862		0.309375
7863		-0.178125
7864		-0.090625
7865		0.103125
7866		0.531250
7867		0.368750
7868		0.412500
7869		-0.015625
7870		0.368750
7871		0.543750
7872		0.484375
7873		0.603125
7874		1.506250
7875		1.490625
7876		1.296875
7877		1.534375
7878		1.403125
7879		1.018750
7880		1.106250
7881		1.106250
7882		1.268750
7883		1.078125
7884		0.900000
7885		1.134375
7886		0.856250
7887		0.809375
7888		0.809375
7889		0.103125
7890		-0.209375
7891		0.028125
7892		-0.075000
7893		-0.106250
7894		0.440625
7895		0.412500
7896		-0.340625
7897		-0.090625
7898		0.234375
7899		-0.768750
7900		-0.518750
7901		-0.621875
7902		-0.340625
7903		-0.562500
7904		-0.221875
7905		-0.015625
7906		0.337500
7907		0.115625
7908		0.471875
7909		0.440625
7910		0.368750
7911		0.796875
7912		0.693750
7913		0.928125
7914		1.415625
7915		1.181250
7916		1.193750
7917		1.046875
7918		1.284375
7919		0.943750
7920		0.971875
7921		0.603125
7922		0.500000
7923		0.809375
7924		0.515625
7925		0.603125
7926		0.590625
7927		0.543750
7928		0.309375
7929		0.234375
7930		0.265625
7931		0.559375
7932		-0.178125
7933		0.000000
7934		-0.134375
7935		0.234375
7936		-0.384375
7937		-0.296875
7938		-0.843750
7939		-0.843750
7940		-1.478125
7941		-1.981250
7942		-1.950000
7943		-1.625000
7944		-2.009375
7945		-1.625000
7946		-1.625000
7947		-1.684375
7948		-1.937500
7949		-2.187500
7950		-2.215625
7951		-1.906250
7952		-2.053125
7953		-2.425000
7954		-2.350000
7955		-2.437500
7956		-2.290625
7957		-2.528125
7958		-2.540625
7959		-2.409375
7960		-3.103125
7961		-3.237500
7962		-3.515625
7963		-2.984375
7964		-2.734375
7965		-2.793750
7966		-2.925000
7967		-2.734375
7968		-2.984375
7969		-3.353125
7970		-3.990625
7971		-3.400000
7972		-3.487500
7973		-3.990625
7974		-3.840625
7975		-3.678125
7976		-3.796875
7977		-3.590625
7978		-3.871875
7979		-3.650000
7980		-3.678125
7981		-4.196875
7982		-4.137500
7983		-3.975000
7984		-3.575000
7985		-3.768750
7986		-3.856250
7987		-3.531250
7988		-3.725000
7989		-4.062500
7990		-4.506250
7991		-4.050000
7992		-4.034375
7993		-4.284375
7994		-3.856250
7995		-3.781250
7996		-3.887500
7997		-3.606250
7998		-3.900000
7999		-3.546875
8000		-3.634375
8001		-3.915625
8002		-4.581250
8003		-4.756250
8004		-4.121875
8005		-4.593750
8006		-4.565625
8007		-4.315625
8008		-4.284375
8009		-4.684375
8010		-4.446875
8011		-4.431250
8012		-4.625000
8013		-4.640625
8014		-4.521875
8015		-4.875000
8016		-4.478125
8017		-4.625000
8018		-4.712500
8019		-4.315625
8020		-4.153125
8021		-4.815625
8022		-4.950000
8023		-4.431250
8024		-4.431250
8025		-4.565625
8026		-4.315625
8027		-3.943750
8028		-3.781250
8029		-4.268750
8030		-4.225000
8031		-4.550000
8032		-4.165625
8033		-4.268750
8034		-4.121875
8035		-4.268750
8036		-4.050000
8037		-3.828125
8038		-3.871875
8039		-3.943750
8040		-3.412500
8041		-4.078125
8042		-4.093750
8043		-4.268750
8044		-4.684375
8045		-4.343750
8046		-4.093750
8047		-4.003125
8048		-4.106250
8049		-4.137500
8050		-4.490625
8051		-4.418750
8052		-3.900000
8053		-4.018750
8054		-4.756250
8055		-4.506250
8056		-4.728125
8057		-4.831250
8058		-5.096875
8059		-5.746875
8060		-5.421875
8061		-5.746875
8062		-6.884375
8063		-6.915625
8064		-6.646875
8065		-6.484375
8066		-6.337500
8067		-6.131250
8068		-5.731250
8069		-5.996875
8070		-5.940625
8071		-5.834375
8072		-5.718750
8073		-5.243750
8074		-5.053125
8075		-5.096875
8076		-4.462500
8077		-3.887500
8078		-3.281250
8079		-3.606250
8080		-2.881250
8081		-2.512500
8082		-2.703125
8083		-2.809375
8084		-2.350000
8085		-1.937500
8086		-1.759375
8087		-1.553125
8088		-0.946875
8089		-0.696875
8090		-0.768750
8091		-0.475000
8092		-0.650000
8093		-0.740625
8094		-0.593750
8095		-1.065625
8096		-1.034375
8097		-1.065625
8098		-1.434375
8099		-2.143750
8100		-1.462500
8101		-2.203125
8102		-2.984375
8103		-3.575000
8104		-3.412500
8105		-3.753125
8106		-3.725000
8107		-3.990625
8108		-4.062500
8109		-3.915625
8110		-4.431250
8111		-4.831250
8112		-4.906250
8113		-5.081250
8114		-5.421875
8115		-5.453125
8116		-4.934375
8117		-4.565625
8118		-4.256250
8119		-4.225000
8120		-3.725000
8121		-3.368750
8122		-3.753125
8123		-3.709375
8124		-3.146875
8125		-2.971875
8126		-3.087500
8127		-2.865625
8128		-2.865625
8129		-2.540625
8130		-2.437500
8131		-2.393750
8132		-2.881250
8133		-2.512500
8134		-2.718750
8135		-3.340625
8136		-3.087500
8137		-3.075000
8138		-3.325000
8139		-4.093750
8140		-4.268750
8141		-4.137500
8142		-5.171875
8143		-5.421875
8144		-5.465625
8145		-5.421875
8146		-5.671875
8147		-5.968750
8148		-6.131250
8149		-6.500000
8150		-6.825000
8151		-6.603125
8152		-6.809375
8153		-6.928125
8154		-7.165625
8155		-7.387500
8156		-7.150000
8157		-6.618750
8158		-6.353125
8159		-6.206250
8160		-5.893750
8161		-5.953125
8162		-5.968750
8163		-5.687500
8164		-6.087500
8165		-6.012500
8166		-5.671875
8167		-5.790625
8168		-5.615625
8169		-5.243750
8170		-5.096875
8171		-4.684375
8172		-4.803125
8173		-4.728125
8174		-4.018750
8175		-3.931250
8176		-4.093750
8177		-3.840625
8178		-3.650000
8179		-4.478125
8180		-4.565625
8181		-5.275000
8182		-5.984375
8183		-6.646875
8184		-6.234375
8185		-6.531250
8186		-6.559375
8187		-6.456250
8188		-6.456250
8189		-6.218750
8190		-5.968750
8191		-6.175000
8192		-6.781250
8193		-6.012500
8194		-6.146875
8195		-5.893750
8196		-5.643750
8197		-5.096875
8198		-5.362500
8199		-5.112500
8200		-4.906250
8201		-4.609375
8202		-4.609375
8203		-4.593750
8204		-4.431250
8205		-4.196875
8206		-4.240625
8207		-3.959375
8208		-4.093750
8209		-3.990625
8210		-3.693750
8211		-3.725000
8212		-3.634375
8213		-3.575000
8214		-3.028125
8215		-3.459375
8216		-3.531250
8217		-3.325000
8218		-3.503125
8219		-3.531250
8220		-5.128125
8221		-4.196875
8222		-4.050000
8223		-4.387500
8224		-4.268750
8225		-4.756250
8226		-4.537500
8227		-4.950000
8228		-4.950000
8229		-4.668750
8230		-4.993750
8231		-4.653125
8232		-5.290625
8233		-5.200000
8234		-5.081250
8235		-4.640625
8236		-5.350000
8237		-5.334375
8238		-5.718750
8239		-5.350000
8240		-5.156250
8241		-5.393750
8242		-4.875000
8243		-4.581250
8244		-4.343750
8245		-4.756250
8246		-5.009375
8247		-4.625000
8248		-4.787500
8249		-4.387500
8250		-4.315625
8251		-5.025000
8252		-3.812500
8253		-5.112500
8254		-3.650000
8255		-4.359375
8256		-4.668750
8257		-4.196875
8258		-4.315625
8259		-4.359375
8260		-4.418750
8261		-5.128125
8262		-4.906250
8263		-5.156250
8264		-5.037500
8265		-4.831250
8266		-4.934375
8267		-4.581250
8268		-4.862500
8269		-4.965625
8270		-5.290625
8271		-4.625000
8272		-5.659375
8273		-5.968750
8274		-5.393750
8275		-5.600000
8276		-5.378125
8277		-5.231250
8278		-5.731250
8279		-4.934375
8280		-6.900000
8281		-6.456250
8282		-6.796875
8283		-6.368750
8284		-6.809375
8285		-6.309375
8286		-6.087500
8287		-6.115625
8288		-6.500000
8289		-5.821875
8290		-6.559375
8291		-6.753125
8292		-7.562500
8293		-8.156250
8294		-6.868750
8295		-6.737500
8296		-7.446875
8297		-6.796875
8298		-6.515625
8299		-7.356250
8300		-6.693750
8301		-8.006250
8302		-7.887500
8303		-7.815625
8304		-8.125000
8305		-7.725000
8306		-7.712500
8307		-7.815625
8308		-8.271875
8309		-7.712500
8310		-7.312500
8311		-8.421875
8312		-8.553125
8313		-8.537500
8314		-8.375000
8315		-8.271875
8316		-8.200000
8317		-7.800000
8318		-8.081250
8319		-8.775000
8320		-7.268750
8321		-8.759375
8322		-9.056250
8323		-8.612500
8324		-9.115625
8325		-8.862500
8326		-7.918750
8327		-7.771875
8328		-8.271875
8329		-7.843750
8330		-7.387500
8331		-8.050000
8332		-9.040625
8333		-8.968750
8334		-8.212500
8335		-8.346875
8336		-7.578125
8337		-7.078125
8338		-6.543750
8339		-7.415625
8340		-7.031250
8341		-8.643750
8342		-8.184375
8343		-8.525000
8344		-8.537500
8345		-8.156250
8346		-7.843750
8347		-7.459375
8348		-7.784375
8349		-7.534375
8350		-6.943750
8351		-8.081250
8352		-8.318750
8353		-7.134375
8354		-7.459375
8355		-7.225000
8356		-6.765625
8357		-6.575000
8358		-7.459375
8359		-6.868750
8360		-7.046875
8361		-8.331250
8362		-7.993750
8363		-8.228125
8364		-7.459375
8365		-7.403125
8366		-7.387500
8367		-6.721875
8368		-6.971875
8369		-6.753125
8370		-6.234375
8371		-5.834375
8372		-6.868750
8373		-6.987500
8374		-6.809375
8375		-6.662500
8376		-6.278125
8377		-6.353125
8378		-7.046875
8379		-6.706250
8380		-6.218750
8381		-6.234375
8382		-7.550000
8383		-6.265625
8384		-6.634375
8385		-6.250000
8386		-5.806250
8387		-5.437500
8388		-5.600000
8389		-5.984375
8390		-5.703125
8391		-5.334375
8392		-6.368750
8393		-5.790625
8394		-8.228125
8395		-5.984375
8396		-5.893750
8397		-5.303125
8398		-5.615625
8399		-5.525000
8400		-5.881250
8401		-5.778125
8402		-7.225000
8403		-6.087500
8404		-6.159375
8405		-5.881250
8406		-6.825000
8407		-5.465625
8408		-5.865625
8409		-5.821875
8410		-5.275000
8411		-5.584375
8412		-6.234375
8413		-6.856250
8414		-8.168750
8415		-7.018750
8416		-6.559375
8417		-6.056250
8418		-6.706250
8419		-5.834375
8420		-6.278125
8421		-6.662500
8422		-7.296875
8423		-7.296875
8424		-8.006250
8425		-8.125000
8426		-8.450000
8427		-7.653125
8428		-8.228125
8429		-8.481250
8430		-7.343750
8431		-7.918750
8432		-8.271875
8433		-8.006250
8434		-8.687500
8435		-7.962500
8436		-8.212500
8437		-7.031250
8438		-7.562500
8439		-7.621875
8440		-7.962500
8441		-8.909375
8442		-9.512500
8443		-10.590625
8444		-10.059375
8445		-10.356250
8446		-9.884375
8447		-9.440625
8448		-8.525000
8449		-8.021875
8450		-6.056250
8451		-5.275000
8452		-4.640625
8453		-3.796875
8454		-3.309375
8455		-2.718750
8456		-2.306250
8457		-1.818750
8458		-1.509375
8459		-1.359375
8460		-1.596875
8461		-2.246875
8462		-0.475000
8463		-3.428125
8464		-2.540625
8465		-3.237500
8466		-2.468750
8467		-1.878125
8468		-1.803125
8469		-1.581250
8470		-1.434375
8471		-2.350000
8472		-2.187500
8473		-3.059375
8474		-4.212500
8475		-4.684375
8476		-5.465625
8477		-4.978125
8478		-5.096875
8479		-5.081250
8480		-5.437500
8481		-5.718750
8482		-6.234375
8483		-6.825000
8484		-7.756250
8485		-7.668750
8486		-8.509375
8487		-10.237500
8488		-9.940625
8489		-10.621875
8490		-10.665625
8491		-11.006250
8492		-11.700000
8493		-12.334375
8494		-12.556250
8495		-11.668750
8496		-11.300000
8497		-10.193750
8498		-9.187500
8499		-8.140625
8500		-7.459375
8501		-6.559375
8502		-5.881250
8503		-5.821875
8504		-5.512500
8505		-4.756250
8506		-5.068750
8507		-4.268750
8508		-3.353125
8509		-4.343750
8510		-3.975000
8511		-3.340625
8512		-4.375000
8513		-5.053125
8514		-5.481250
8515		-6.028125
8516		-6.781250
8517		-6.531250
8518		-7.431250
8519		-7.903125
8520		-8.450000
8521		-8.481250
8522		-8.493750
8523		-9.293750
8524		-10.325000
8525		-8.818750
8526		-9.084375
8527		-8.700000
8528		-8.775000
8529		-8.050000
8530		-7.696875
8531		-7.578125
8532		-7.209375
8533		-7.562500
8534		-6.900000
8535		-7.653125
8536		-7.681250
8537		-7.550000
8538		-7.387500
8539		-7.046875
8540		-6.971875
8541		-7.431250
8542		-6.971875
8543		-7.415625
8544		-7.637500
8545		-7.637500
8546		-7.475000
8547		-7.534375
8548		-7.800000
8549		-7.887500
8550		-7.518750
8551		-7.387500
8552		-7.415625
8553		-7.518750
8554		-8.834375
8555		-8.096875
8556		-8.775000
8557		-8.021875
8558		-7.978125
8559		-7.518750
8560		-7.978125
8561		-8.715625
8562		-8.806250
8563		-9.662500
8564		-11.196875
8565		-10.753125
8566		-11.184375
8567		-11.153125
8568		-12.215625
8569		-10.562500
8570		-9.778125
8571		-9.809375
8572		-9.056250
8573		-9.100000
8574		-8.081250
8575		-8.184375
8576		-7.268750
8577		-7.387500
8578		-6.543750
8579		-5.865625
8580		-6.190625
8581		-5.465625
8582		-4.728125
8583		-4.431250
8584		-5.037500
8585		-5.053125
8586		-5.259375
8587		-4.756250
8588		-5.259375
8589		-4.918750
8590		-5.128125
8591		-5.037500
8592		-5.290625
8593		-5.421875
8594		-6.309375
8595		-6.678125
8596		-6.796875
8597		-7.534375
8598		-7.887500
8599		-7.534375
8600		-8.331250
8601		-8.481250
8602		-8.271875
8603		-8.037500
8604		-9.440625
8605		-8.553125
8606		-8.184375
8607		-7.859375
8608		-8.596875
8609		-7.003125
8610		-7.371875
8611		-7.121875
8612		-7.225000
8613		-7.534375
8614		-7.518750
8615		-7.609375
8616		-8.037500
8617		-7.946875
8618		-7.240625
8619		-6.159375
8620		-6.721875
8621		-6.012500
8622		-5.909375
8623		-5.746875
8624		-5.925000
8625		-6.175000
8626		-5.496875
8627		-5.731250
8628		-5.556250
8629		-4.728125
8630		-4.700000
8631		-4.403125
8632		-4.462500
8633		-4.018750
8634		-4.093750
8635		-5.200000
8636		-4.787500
8637		-5.200000
8638		-6.028125
8639		-5.140625
8640		-4.771875
8641		-5.025000
8642		-4.537500
8643		-4.978125
8644		-5.215625
8645		-6.056250
8646		-6.146875
8647		-6.440625
8648		-5.643750
8649		-5.893750
8650		-4.846875
8651		-4.359375
8652		-3.428125
8653		-3.959375
8654		-4.431250
8655		-4.225000
8656		-4.093750
8657		-4.121875
8658		-3.384375
8659		-3.546875
8660		-2.600000
8661		-2.734375
8662		-2.334375
8663		-2.556250
8664		-2.393750
8665		-3.606250
8666		-3.281250
8667		-3.309375
8668		-3.562500
8669		-3.190625
8670		-2.881250
8671		-2.956250
8672		-2.615625
8673		-2.762500
8674		-3.075000
8675		-3.678125
8676		-3.606250
8677		-4.268750
8678		-3.753125
8679		-3.428125
8680		-2.718750
8681		-3.281250
8682		-2.896875
8683		-3.103125
8684		-3.353125
8685		-4.418750
8686		-4.121875
8687		-3.990625
8688		-4.034375
8689		-3.990625
8690		-2.290625
8691		-2.215625
8692		-1.921875
8693		-2.409375
8694		-2.881250
8695		-3.178125
8696		-3.796875
8697		-4.506250
8698		-3.796875
8699		-3.281250
8700		-2.971875
8701		-3.665625
8702		-3.043750
8703		-3.015625
8704		-3.887500
8705		-3.028125
8706		-3.768750
8707		-4.565625
8708		-3.990625
8709		-3.975000
8710		-3.237500
8711		-3.309375
8712		-3.325000
8713		-3.250000
8714		-3.428125
8715		-4.018750
8716		-4.712500
8717		-5.112500
8718		-4.934375
8719		-5.762500
8720		-5.893750
8721		-4.890625
8722		-5.231250
8723		-5.703125
8724		-5.584375
8725		-5.568750
8726		-5.731250
8727		-6.234375
8728		-5.790625
8729		-5.643750
8730		-5.393750
8731		-4.018750
8732		-4.284375
8733		-4.093750
8734		-3.796875
8735		-4.462500
8736		-4.875000
8737		-4.803125
8738		-4.787500
8739		-4.375000
8740		-4.537500
8741		-3.190625
8742		-4.003125
8743		-3.634375
8744		-3.384375
8745		-3.015625
8746		-4.181250
8747		-3.725000
8748		-2.734375
8749		-3.296875
8750		-3.353125
8751		-2.484375
8752		-2.512500
8753		-2.425000
8754		-2.956250
8755		-1.921875
8756		-3.309375
8757		-3.178125
8758		-3.753125
8759		-3.265625
8760		-3.900000
8761		-1.906250
8762		-2.393750
8763		-2.809375
8764		-3.134375
8765		-2.793750
8766		-4.093750
8767		-4.862500
8768		-3.796875
8769		-3.753125
8770		-5.453125
8771		-3.309375
8772		-2.984375
8773		-3.562500
8774		-3.856250
8775		-3.931250
8776		-4.609375
8777		-4.978125
8778		-4.918750
8779		-4.771875
8780		-4.684375
8781		-3.959375
8782		-3.959375
8783		-4.050000
8784		-4.403125
8785		-4.284375
8786		-4.181250
8787		-5.053125
8788		-5.053125
8789		-5.362500
8790		-5.762500
8791		-4.359375
8792		-4.196875
8793		-5.378125
8794		-4.918750
8795		-4.815625
8796		-4.875000
8797		-5.762500
8798		-5.850000
8799		-4.965625
8800		-5.659375
8801		-6.146875
8802		-4.581250
8803		-4.387500
8804		-4.284375
8805		-4.581250
8806		-4.978125
8807		-5.243750
8808		-5.350000
8809		-4.581250
8810		-4.521875
8811		-4.640625
8812		-3.959375
8813		-2.865625
8814		-3.796875
8815		-3.781250
8816		-3.796875
8817		-4.256250
8818		-3.590625
8819		-4.050000
8820		-4.093750
8821		-3.796875
8822		-3.296875
8823		-3.693750
8824		-3.206250
8825		-3.459375
8826		-3.562500
8827		-4.640625
8828		-3.737500
8829		-3.931250
8830		-4.343750
8831		-4.137500
8832		-3.606250
8833		-3.087500
8834		-3.237500
8835		-2.865625
8836		-2.393750
8837		-3.028125
8838		-2.837500
8839		-2.659375
8840		-2.925000
8841		-1.906250
8842		-1.656250
8843		-1.906250
8844		-1.906250
8845		-1.612500
8846		-1.359375
8847		-1.921875
8848		-1.493750
8849		-1.093750
8850		-1.184375
8851		-1.478125
8852		-0.431250
8853		-0.237500
8854		-0.578125
8855		-0.059375
8856		-0.031250
8857		-0.221875
8858		0.028125
8859		0.368750
8860		-0.253125
8861		0.115625
8862		0.753125
8863		0.603125
8864		0.456250
8865		0.634375
8866		0.662500
8867		-0.312500
8868		1.031250
8869		0.234375
8870		0.293750
8871		0.840625
8872		0.781250
8873		1.593750
8874		1.031250
8875		1.268750
8876		1.090625
8877		1.296875
8878		0.809375
8879		0.928125
8880		1.046875
8881		1.343750
8882		1.446875
8883		1.518750
8884		1.962500
8885		1.978125
8886		2.287500
8887		2.612500
8888		2.731250
8889		2.850000
8890		2.746875
8891		3.262500
8892		4.000000
8893		3.765625
8894		4.103125
8895		4.000000
8896		4.075000
8897		3.809375
8898		3.971875
8899		4.059375
8900		4.178125
8901		3.321875
8902		3.793750
8903		3.603125
8904		3.365625
8905		3.750000
8906		3.500000
8907		3.662500
8908		3.440625
8909		3.456250
8910		3.646875
8911		2.968750
8912		3.350000
8913		3.662500
8914		3.706250
8915		3.500000
8916		3.631250
8917		3.868750
8918		3.765625
8919		3.734375
8920		3.381250
8921		3.853125
8922		4.103125
8923		3.781250
8924		4.059375
8925		4.503125
8926		4.487500
8927		3.987500
8928		4.046875
8929		4.340625
8930		4.946875
8931		3.912500
8932		4.371875
8933		4.859375
8934		5.434375
8935		5.478125
8936		5.184375
8937		5.656250
8938		4.915625
8939		5.240625
8940		4.859375
8941		5.034375
8942		5.537500
8943		5.184375
8944		5.375000
8945		5.137500
8946		5.359375
8947		5.240625
8948		5.287500
8949		4.562500
8950		4.621875
8951		4.768750
8952		4.621875
8953		4.887500
8954		4.962500
8955		4.681250
8956		5.034375
8957		4.534375
8958		4.325000
8959		4.400000
8960		3.956250
8961		4.134375
8962		4.459375
8963		3.484375
8964		4.740625
8965		4.768750
8966		4.103125
8967		4.740625
8968		4.371875
8969		4.340625
8970		4.443750
8971		3.956250
8972		4.487500
8973		4.990625
8974		5.196875
8975		5.403125
8976		5.684375
8977		5.787500
8978		5.965625
8979		5.403125
8980		5.346875
8981		5.212500
8982		5.168750
8983		5.509375
8984		5.153125
8985		5.315625
8986		5.184375
8987		5.034375
8988		5.315625
8989		4.915625
8990		4.681250
8991		4.843750
8992		4.534375
8993		5.078125
8994		5.656250
8995		5.921875
8996		5.521875
8997		5.450000
8998		5.743750
8999		5.315625
9000		5.196875
9001		4.843750
9002		5.093750
9003		5.109375
9004		4.812500
9005		5.021875
9006		6.203125
9007		5.553125
9008		5.137500
9009		5.021875
9010		5.153125
9011		5.462500
9012		5.168750
9013		5.184375
9014		5.553125
9015		5.625000
9016		5.287500
9017		5.240625
9018		5.759375
9019		5.271875
9020		5.715625
9021		5.581250
9022		5.700000
9023		6.275000
9024		6.512500
9025		6.068750
9026		6.203125
9027		6.306250
9028		6.068750
9029		6.334375
9030		5.937500
9031		6.128125
9032		6.512500
9033		6.571875
9034		6.734375
9035		6.437500
9036		7.131250
9037		6.690625
9038		6.528125
9039		6.246875
9040		5.846875
9041		5.553125
9042		5.315625
9043		6.053125
9044		5.993750
9045		6.040625
9046		5.937500
9047		6.068750
9048		6.246875
9049		5.950000
9050		5.315625
9051		5.612500
9052		5.553125
9053		5.403125
9054		5.537500
9055		6.143750
9056		5.743750
9057		5.921875
9058		6.203125
9059		6.318750
9060		5.818750
9061		6.053125
9062		5.803125
9063		5.775000
9064		6.290625
9065		6.143750
9066		6.540625
9067		6.306250
9068		5.878125
9069		5.937500
9070		4.962500
9071		5.065625
9072		4.975000
9073		4.915625
9074		4.843750
9075		5.656250
9076		5.759375
9077		5.715625
9078		5.656250
9079		6.128125
9080		5.625000
9081		5.759375
9082		5.775000
9083		5.462500
9084		4.946875
9085		5.256250
9086		4.665625
9087		4.915625
9088		4.946875
9089		4.871875
9090		4.103125
9091		4.606250
9092		4.915625
9093		4.681250
9094		4.650000
9095		5.565625
9096		5.240625
9097		5.093750
9098		5.315625
9099		5.700000
9100		5.775000
9101		5.775000
9102		5.878125
9103		6.481250
9104		7.028125
9105		7.618750
9106		7.796875
9107		7.931250
9108		8.209375
9109		8.387500
9110		8.387500
9111		8.418750
9112		8.978125
9113		9.184375
9114		11.075000
9115		10.100000
9116		10.056250
9117		10.750000
9118		10.618750
9119		10.693750
9120		10.456250
9121		10.321875
9122		9.850000
9123		9.184375
9124		9.421875
9125		9.465625
9126		9.243750
9127		9.053125
9128		9.112500
9129		9.096875
9130		8.743750
9131		8.196875
9132		8.343750
9133		8.490625
9134		8.521875
9135		9.318750
9136		9.671875
9137		9.334375
9138		9.437500
9139		9.762500
9140		10.206250
9141		10.056250
9142		10.043750
9143		9.893750
9144		10.484375
9145		10.456250
9146		10.781250
9147		11.106250
9148		11.459375
9149		11.475000
9150		11.665625
9151		12.346875
9152		11.828125
9153		11.875000
9154		11.653125
9155		12.640625
9156		12.850000
9157		12.862500
9158		12.287500
9159		12.271875
9160		12.450000
9161		11.771875
9162		11.815625
9163		11.415625
9164		11.665625
9165		11.193750
9166		11.150000
9167		11.296875
9168		11.415625
9169		11.018750
9170		10.765625
9171		10.825000
9172		10.543750
9173		10.056250
9174		10.353125
9175		10.440625
9176		11.562500
9177		10.750000
9178		10.781250
9179		10.278125
9180		10.900000
9181		10.500000
9182		10.456250
9183		10.309375
9184		10.796875
9185		10.262500
9186		10.425000
9187		11.343750
9188		11.225000
9189		11.253125
9190		11.387500
9191		11.637500
9192		11.121875
9193		11.725000
9194		11.387500
9195		11.593750
9196		11.459375
9197		11.296875
9198		10.456250
9199		10.750000
9200		10.603125
9201		10.987500
9202		10.765625
9203		9.378125
9204		9.290625
9205		9.865625
9206		9.568750
9207		9.215625
9208		8.950000
9209		9.156250
9210		8.965625
9211		8.371875
9212		8.078125
9213		8.387500
9214		8.506250
9215		8.328125
9216		7.975000
9217		8.153125
9218		8.756250
9219		8.181250
9220		8.418750
9221		8.387500
9222		8.268750
9223		8.446875
9224		8.315625
9225		9.215625
9226		9.037500
9227		9.421875
9228		8.965625
9229		9.215625
9230		9.790625
9231		8.490625
9232		8.934375
9233		8.418750
9234		8.831250
9235		8.771875
9236		8.137500
9237		8.771875
9238		8.284375
9239		8.534375
9240		8.418750
9241		8.890625
9242		8.343750
9243		7.900000
9244		7.900000
9245		8.165625
9246		7.721875
9247		7.546875
9248		6.896875
9249		7.059375
9250		7.087500
9251		6.821875
9252		6.053125
9253		6.318750
9254		5.981250
9255		6.290625
9256		6.128125
9257		6.631250
9258		6.984375
9259		6.940625
9260		6.350000
9261		7.043750
9262		6.793750
9263		6.100000
9264		5.728125
9265		6.690625
9266		6.100000
9267		5.981250
9268		6.378125
9269		6.393750
9270		6.068750
9271		5.478125
9272		5.728125
9273		5.596875
9274		5.256250
9275		5.728125
9276		5.565625
9277		6.350000
9278		6.231250
9279		6.128125
9280		6.587500
9281		6.615625
9282		6.425000
9283		5.743750
9284		5.021875
9285		6.690625
9286		5.359375
9287		5.818750
9288		6.778125
9289		6.778125
9290		6.837500
9291		6.496875
9292		6.968750
9293		6.306250
9294		6.290625
9295		7.118750
9296		7.309375
9297		7.293750
9298		8.593750
9299		8.593750
9300		7.768750
9301		8.196875
9302		8.062500
9303		7.443750
9304		7.178125
9305		6.793750
9306		7.178125
9307		7.015625
9308		7.975000
9309		7.456250
9310		8.106250
9311		8.046875
9312		7.531250
9313		6.940625
9314		7.237500
9315		7.325000
9316		6.643750
9317		7.103125
9318		8.046875
9319		7.975000
9320		8.153125
9321		8.196875
9322		8.490625
9323		7.943750
9324		7.618750
9325		7.590625
9326		7.606250
9327		7.709375
9328		8.462500
9329		8.403125
9330		8.609375
9331		8.712500
9332		8.978125
9333		8.240625
9334		8.093750
9335		7.575000
9336		8.875000
9337		8.965625
9338		10.190625
9339		10.131250
9340		10.087500
9341		9.746875
9342		10.012500
9343		9.746875
9344		9.984375
9345		9.156250
9346		9.053125
9347		8.950000
9348		9.834375
9349		9.362500
9350		9.671875
9351		9.984375
9352		9.643750
9353		9.231250
9354		9.037500
9355		8.846875
9356		8.978125
9357		8.462500
9358		9.984375
9359		9.806250
9360		8.462500
9361		8.803125
9362		9.525000
9363		8.684375
9364		7.871875
9365		8.403125
9366		7.753125
9367		7.606250
9368		7.325000
9369		7.975000
9370		8.196875
9371		8.062500
9372		6.968750
9373		6.896875
9374		6.275000
9375		6.778125
9376		6.100000
9377		5.581250
9378		5.890625
9379		6.556250
9380		6.512500
9381		6.112500
9382		6.318750
9383		6.215625
9384		5.656250
9385		5.775000
9386		5.581250
9387		5.403125
9388		6.246875
9389		6.881250
9390		7.281250
9391		8.209375
9392		8.165625
9393		8.137500
9394		7.796875
9395		8.153125
9396		8.521875
9397		8.831250
9398		9.318750
9399		10.056250
9400		10.603125
9401		10.425000
9402		10.856250
9403		11.018750
9404		10.484375
9405		10.662500
9406		10.781250
9407		10.587500
9408		10.425000
9409		11.046875
9410		11.150000
9411		10.868750
9412		10.825000
9413		10.750000
9414		9.465625
9415		9.465625
9416		9.009375
9417		8.846875
9418		8.093750
9419		9.584375
9420		8.240625
9421		8.668750
9422		8.018750
9423		10.012500
9424		8.418750
9425		7.471875
9426		6.853125
9427		6.156250
9428		8.181250
9429		7.546875
9430		7.000000
9431		7.618750
9432		7.856250
9433		8.565625
9434		7.828125
9435		7.812500
9436		7.915625
9437		8.209375
9438		7.990625
9439		9.171875
9440		9.540625
9441		9.568750
9442		9.096875
9443		9.465625
9444		9.834375
9445		9.600000
9446		8.965625
9447		8.846875
9448		9.009375
9449		8.387500
9450		8.625000
9451		9.096875
9452		8.534375
9453		8.018750
9454		7.487500
9455		6.762500
9456		6.837500
9457		7.146875
9458		6.365625
9459		6.734375
9460		6.881250
9461		5.937500
9462		6.659375
9463		5.965625
9464		4.871875
9465		5.228125
9466		4.487500
9467		4.859375
9468		4.518750
9469		4.503125
9470		4.534375
9471		5.228125
9472		4.590625
9473		5.093750
9474		5.240625
9475		5.184375
9476		5.418750
9477		5.640625
9478		5.375000
9479		5.537500
9480		6.540625
9481		6.318750
9482		6.318750
9483		5.878125
9484		6.246875
9485		5.846875
9486		5.403125
9487		6.350000
9488		6.615625
9489		6.762500
9490		7.131250
9491		6.865625
9492		6.703125
9493		6.481250
9494		6.496875
9495		4.800000
9496		4.681250
9497		5.625000
9498		4.534375
9499		4.253125
9500		5.271875
9501		5.078125
9502		4.800000
9503		4.696875
9504		4.871875
9505		4.325000
9506		4.090625
9507		4.193750
9508		4.075000
9509		3.956250
9510		5.078125
9511		4.562500
9512		4.962500
9513		5.403125
9514		5.346875
9515		5.109375
9516		5.300000
9517		5.565625
9518		5.728125
9519		5.434375
9520		6.053125
9521		6.778125
9522		6.718750
9523		6.837500
9524		6.793750
9525		6.837500
9526		6.246875
9527		6.246875
9528		6.231250
9529		6.262500
9530		6.409375
9531		6.659375
9532		6.865625
9533		6.690625
9534		7.043750
9535		6.762500
9536		6.437500
9537		7.043750
9538		6.690625
9539		5.993750
9540		5.890625
9541		6.053125
9542		5.565625
9543		5.462500
9544		5.315625
9545		5.612500
9546		5.256250
9547		4.503125
9548		4.428125
9549		4.828125
9550		4.871875
9551		5.565625
9552		5.256250
9553		5.359375
9554		5.184375
9555		5.434375
9556		4.428125
9557		5.240625
9558		4.887500
9559		4.812500
9560		5.034375
9561		6.025000
9562		5.906250
9563		5.109375
9564		5.906250
9565		6.128125
9566		5.434375
9567		5.109375
9568		5.093750
9569		5.509375
9570		5.509375
9571		5.700000
9572		5.878125
9573		6.068750
9574		5.846875
9575		5.831250
9576		5.065625
9577		5.240625
9578		5.509375
9579		5.728125
9580		5.331250
9581		5.759375
9582		6.275000
9583		6.290625
9584		5.775000
9585		6.334375
9586		6.171875
9587		5.287500
9588		5.109375
9589		5.775000
9590		5.787500
9591		5.818750
9592		5.581250
9593		5.831250
9594		5.803125
9595		5.537500
9596		4.887500
9597		5.553125
9598		5.315625
9599		4.371875
9600		4.768750
9601		5.315625
9602		5.537500
9603		5.418750
9604		5.331250
9605		5.287500
9606		5.434375
9607		4.150000
9608		4.356250
9609		3.618750
9610		4.090625
9611		3.218750
9612		4.296875
9613		4.503125
9614		4.356250
9615		4.312500
9616		4.090625
9617		4.000000
9618		3.690625
9619		4.118750
9620		3.706250
9621		3.956250
9622		4.090625
9623		4.209375
9624		4.356250
9625		3.884375
9626		4.118750
9627		2.981250
9628		2.481250
9629		2.584375
9630		2.375000
9631		2.700000
9632		3.100000
9633		3.115625
9634		3.468750
9635		2.759375
9636		2.671875
9637		1.681250
9638		2.140625
9639		1.518750
9640		2.287500
9641		2.271875
9642		2.731250
9643		2.850000
9644		3.056250
9645		2.921875
9646		2.818750
9647		2.125000
9648		1.993750
9649		2.081250
9650		1.934375
9651		2.006250
9652		3.512500
9653		3.131250
9654		3.365625
9655		2.953125
9656		3.293750
9657		2.628125
9658		2.746875
9659		2.493750
9660		2.818750
9661		2.481250
9662		3.587500
9663		2.953125
9664		2.968750
9665		2.700000
9666		3.425000
9667		2.921875
9668		2.318750
9669		1.712500
9670		2.140625
9671		2.081250
9672		2.921875
9673		3.143750
9674		2.862500
9675		2.834375
9676		2.862500
9677		2.568750
9678		2.228125
9679		2.184375
9680		2.259375
9681		1.621875
9682		2.006250
9683		2.893750
9684		2.818750
9685		2.525000
9686		2.968750
9687		3.543750
9688		2.065625
9689		1.668750
9690		2.156250
9691		2.390625
9692		2.050000
9693		3.143750
9694		3.218750
9695		2.818750
9696		2.953125
9697		2.715625
9698		2.628125
9699		1.946875
9700		2.700000
9701		2.125000
9702		2.259375
9703		3.321875
9704		3.203125
9705		3.025000
9706		3.159375
9707		3.662500
9708		1.740625
9709		1.240625
9710		1.740625
9711		1.328125
9712		1.415625
9713		2.628125
9714		2.346875
9715		2.818750
9716		2.434375
9717		1.815625
9718		1.328125
9719		1.209375
9720		1.328125
9721		0.456250
9722		0.971875
9723		1.962500
9724		2.406250
9725		1.815625
9726		1.843750
9727		2.096875
9728		0.368750
9729		0.856250
9730		0.484375
9731		0.721875
9732		0.618750
9733		1.490625
9734		0.928125
9735		1.031250
9736		1.446875
9737		0.900000
9738		0.115625
9739		-0.090625
9740		0.000000
9741		-0.371875
9742		-0.475000
9743		0.603125
9744		0.368750
9745		-0.237500
9746		-0.650000
9747		-0.371875
9748		-0.650000
9749		-1.212500
9750		-1.921875
9751		-0.828125
9752		-0.871875
9753		-0.209375
9754		-0.843750
9755		-0.356250
9756		-0.784375
9757		-0.503125
9758		-1.478125
9759		-2.425000
9760		-3.340625
9761		-2.512500
9762		-3.678125
9763		-2.615625
9764		-1.418750
9765		-1.243750
9766		-0.800000
9767		-0.221875
9768		1.784375
9769		0.781250
9770		1.815625
9771		2.862500
9772		2.790625
9773		3.543750
9774		4.621875
9775		5.184375
9776		4.075000
9777		4.296875
9778		4.562500
9779		3.440625
9780		4.103125
9781		3.631250
9782		3.512500
9783		4.562500
9784		4.990625
9785		4.843750
9786		5.034375
9787		5.006250
9788		5.006250
9789		2.862500
9790		2.375000
9791		1.712500
9792		1.253125
9793		0.456250
9794		0.900000
9795		0.321875
9796		-0.046875
9797		0.381250
9798		0.428125
9799		-1.509375
9800		-0.725000
9801		-2.009375
9802		-2.512500
9803		-3.753125
9804		-2.925000
9805		-4.018750
9806		-5.231250
9807		-4.918750
9808		-5.984375
9809		-7.490625
9810		-7.534375
9811		-7.031250
9812		-6.721875
9813		-5.525000
9814		-4.240625
9815		-3.621875
9816		-2.556250
9817		-2.100000
9818		-1.612500
9819		-0.756250
9820		-0.106250
9821		0.590625
9822		0.840625
9823		1.134375
9824		1.859375
9825		1.696875
9826		1.962500
9827		1.668750
9828		1.284375
9829		0.634375
9830		0.146875
9831		-0.681250
9832		-1.787500
9833		-1.684375
9834		-1.981250
9835		-3.178125
9836		-3.575000
9837		-3.990625
9838		-4.728125
9839		-4.978125
9840		-5.053125
9841		-5.806250
9842		-5.834375
9843		-6.206250
9844		-5.556250
9845		-5.009375
9846		-4.934375
9847		-4.831250
9848		-4.490625
9849		-4.490625
9850		-4.993750
9851		-4.728125
9852		-4.787500
9853		-3.915625
9854		-4.462500
9855		-3.900000
9856		-3.531250
9857		-3.400000
9858		-3.178125
9859		-3.325000
9860		-3.103125
9861		-3.250000
9862		-3.725000
9863		-3.840625
9864		-3.753125
9865		-3.915625
9866		-4.359375
9867		-4.934375
9868		-4.728125
9869		-5.156250
9870		-5.393750
9871		-5.746875
9872		-5.600000
9873		-5.171875
9874		-6.012500
9875		-5.893750
9876		-5.909375
9877		-6.103125
9878		-6.575000
9879		-7.121875
9880		-7.490625
9881		-8.331250
9882		-8.700000
9883		-9.115625
9884		-8.790625
9885		-8.568750
9886		-8.406250
9887		-8.081250
9888		-7.415625
9889		-7.431250
9890		-6.353125
9891		-6.131250
9892		-5.231250
9893		-4.521875
9894		-3.915625
9895		-4.018750
9896		-3.059375
9897		-2.734375
9898		-2.556250
9899		-2.690625
9900		-1.390625
9901		-1.581250
9902		-1.846875
9903		-1.537500
9904		-1.640625
9905		-1.553125
9906		-1.846875
9907		-2.275000
9908		-2.778125
9909		-2.865625
9910		-3.871875
9911		-4.581250
9912		-4.918750
9913		-5.378125
9914		-5.778125
9915		-6.678125
9916		-6.753125
9917		-7.225000
9918		-7.681250
9919		-7.859375
9920		-7.771875
9921		-7.681250
9922		-7.106250
9923		-7.209375
9924		-6.825000
9925		-6.396875
9926		-5.909375
9927		-5.881250
9928		-5.834375
9929		-5.731250
9930		-5.762500
9931		-5.996875
9932		-6.131250
9933		-5.718750
9934		-5.584375
9935		-5.687500
9936		-5.112500
9937		-4.565625
9938		-4.712500
9939		-4.431250
9940		-4.653125
9941		-5.540625
9942		-4.815625
9943		-5.156250
9944		-4.978125
9945		-5.231250
9946		-4.431250
9947		-4.862500
9948		-5.156250
9949		-5.350000
9950		-5.496875
9951		-6.428125
9952		-6.428125
9953		-6.765625
9954		-6.590625
9955		-6.781250
9956		-6.590625
9957		-6.412500
9958		-6.721875
9959		-6.368750
9960		-6.087500
9961		-6.603125
9962		-6.412500
9963		-6.071875
9964		-6.234375
9965		-6.278125
9966		-5.806250
9967		-5.671875
9968		-5.378125
9969		-4.978125
9970		-4.418750
9971		-4.890625
9972		-4.831250
9973		-4.581250
9974		-4.387500
9975		-4.403125
9976		-3.900000
9977		-3.621875
9978		-3.975000
9979		-3.931250
9980		-4.078125
9981		-3.634375
9982		-4.196875
9983		-4.521875
9984		-4.978125
9985		-5.171875
9986		-5.290625
9987		-5.215625
9988		-6.353125
9989		-5.881250
9990		-6.309375
9991		-6.706250
9992		-6.884375
9993		-6.484375
9994		-7.018750
9995		-7.018750
9996		-6.765625
9997		-6.531250
9998		-6.603125
9999		-6.250000
10000		-6.012500
