Channel              :		CH1
Frequency            :		  ?
Period               :		  ?
PK-PK                :		26.51mV
Average              :		-0.082mV
Vertical pos         :		1.000000mV
Probe attenuation    :		1X
Voltage per ADC value:		0.000781mV
Time interval        :		20.00000uS

index		CH1_Voltage(mV)
1		7.265625
2		7.325000
3		6.896875
4		6.437500
5		6.393750
6		6.215625
7		7.131250
8		6.734375
9		6.853125
10		6.718750
11		7.237500
12		7.975000
13		7.812500
14		8.684375
15		8.359375
16		8.078125
17		7.693750
18		7.503125
19		7.384375
20		6.940625
21		6.703125
22		6.587500
23		6.643750
24		6.053125
25		5.565625
26		5.715625
27		5.993750
28		5.403125
29		5.818750
30		6.203125
31		6.318750
32		7.059375
33		6.275000
34		6.290625
35		6.053125
36		6.053125
37		5.775000
38		5.981250
39		5.921875
40		5.890625
41		5.950000
42		5.921875
43		5.065625
44		5.137500
45		4.915625
46		4.696875
47		4.621875
48		4.487500
49		4.753125
50		5.137500
51		4.859375
52		4.915625
53		5.021875
54		4.768750
55		4.221875
56		2.450000
57		4.546875
58		4.400000
59		4.650000
60		4.768750
61		4.546875
62		4.075000
63		4.253125
64		4.253125
65		4.356250
66		4.015625
67		4.946875
68		4.384375
69		4.843750
70		4.578125
71		5.403125
72		4.768750
73		5.565625
74		5.256250
75		4.546875
76		4.237500
77		5.240625
78		4.371875
79		5.065625
80		5.021875
81		5.137500
82		4.475000
83		4.725000
84		4.843750
85		5.093750
86		4.946875
87		5.006250
88		5.125000
89		4.859375
90		4.903125
91		4.871875
92		5.109375
93		5.021875
94		5.390625
95		5.906250
96		4.415625
97		5.050000
98		4.209375
99		4.962500
100		4.915625
101		4.740625
102		5.184375
103		4.696875
104		5.346875
105		4.696875
106		4.475000
107		4.621875
108		4.578125
109		4.590625
110		5.034375
111		4.915625
112		5.034375
113		4.546875
114		4.768750
115		3.940625
116		4.000000
117		3.618750
118		3.765625
119		3.940625
120		4.118750
121		3.234375
122		4.209375
123		4.031250
124		3.956250
125		3.956250
126		3.837500
127		4.059375
128		3.825000
129		4.356250
130		4.415625
131		3.956250
132		4.400000
133		3.956250
134		4.400000
135		3.187500
136		4.221875
137		4.221875
138		4.665625
139		4.000000
140		4.546875
141		4.059375
142		4.459375
143		3.884375
144		3.750000
145		3.218750
146		3.175000
147		3.484375
148		3.396875
149		3.306250
150		3.040625
151		2.921875
152		2.981250
153		2.509375
154		2.375000
155		1.518750
156		1.978125
157		1.550000
158		1.621875
159		2.065625
160		1.815625
161		1.490625
162		0.159375
163		-0.325000
164		-0.431250
165		-0.475000
166		2.081250
167		3.690625
168		5.256250
169		7.990625
170		8.609375
171		9.096875
172		9.659375
173		9.346875
174		8.653125
175		7.456250
176		5.700000
177		5.021875
178		4.428125
179		3.603125
180		3.690625
181		2.212500
182		2.065625
183		0.856250
184		-0.578125
185		-1.878125
186		-3.162500
187		-3.693750
188		-4.815625
189		-4.300000
190		-2.690625
191		-0.031250
192		2.525000
193		6.378125
194		8.565625
195		9.481250
196		10.575000
197		9.968750
198		9.156250
199		6.762500
200		6.171875
201		4.400000
202		3.025000
203		2.318750
204		1.121875
205		0.575000
206		0.765625
207		1.550000
208		1.918750
209		3.175000
210		3.987500
211		4.503125
212		5.315625
213		5.581250
214		5.434375
215		5.787500
216		6.025000
217		6.587500
218		7.146875
219		7.190625
220		6.734375
221		5.553125
222		3.512500
223		1.815625
224		-0.134375
225		-1.715625
226		-2.925000
227		-3.015625
228		-1.937500
229		-0.253125
230		2.168750
231		4.075000
232		5.521875
233		7.900000
234		9.200000
235		10.587500
236		10.043750
237		8.859375
238		6.350000
239		4.356250
240		1.978125
241		0.175000
242		-1.671875
243		-2.053125
244		-3.400000
245		-2.940625
246		-2.912500
247		-1.759375
248		-1.034375
249		-0.371875
250		0.809375
251		1.621875
252		3.040625
253		3.912500
254		3.884375
255		3.646875
256		2.893750
257		2.656250
258		2.553125
259		2.259375
260		1.296875
261		0.706250
262		-0.221875
263		-0.209375
264		-1.462500
265		-1.596875
266		-2.512500
267		-1.715625
268		-0.843750
269		-0.046875
270		1.490625
271		2.775000
272		3.071875
273		3.706250
274		4.209375
275		4.059375
276		3.071875
277		2.331250
278		1.150000
279		-0.281250
280		-1.021875
281		-1.996875
282		-2.215625
283		-1.581250
284		-1.715625
285		-1.137500
286		-0.546875
287		0.159375
288		0.634375
289		0.796875
290		1.475000
291		1.946875
292		1.593750
293		2.037500
294		1.815625
295		1.415625
296		0.959375
297		0.781250
298		0.753125
299		0.559375
300		0.309375
301		-0.031250
302		0.000000
303		0.737500
304		0.721875
305		1.031250
306		1.165625
307		0.737500
308		1.018750
309		0.959375
310		1.343750
311		2.346875
312		1.637500
313		2.481250
314		2.184375
315		2.806250
316		1.815625
317		1.696875
318		1.550000
319		1.031250
320		1.593750
321		1.609375
322		2.200000
323		2.553125
324		2.081250
325		2.878125
326		2.775000
327		2.421875
328		2.834375
329		2.125000
330		2.228125
331		1.121875
332		1.343750
333		1.193750
334		0.781250
335		0.175000
336		-0.090625
337		-0.475000
338		-0.134375
339		-0.046875
340		0.190625
341		0.087500
342		0.737500
343		0.175000
344		0.440625
345		0.396875
346		0.396875
347		-0.106250
348		0.000000
349		-0.578125
350		-0.800000
351		-0.918750
352		-1.034375
353		-1.846875
354		-1.731250
355		-2.275000
356		-2.321875
357		-3.043750
358		-2.762500
359		-3.281250
360		-3.015625
361		-2.809375
362		-2.215625
363		-2.425000
364		-2.718750
365		-2.940625
366		-2.809375
367		-3.471875
368		-3.190625
369		-3.650000
370		-3.428125
371		-4.034375
372		-3.915625
373		-4.034375
374		-4.284375
375		-3.693750
376		-3.384375
377		-3.459375
378		-3.459375
379		-3.590625
380		-3.503125
381		-2.793750
382		-2.468750
383		-2.275000
384		-2.040625
385		-2.143750
386		-1.862500
387		-2.496875
388		-2.203125
389		-2.187500
390		-2.762500
391		-2.275000
392		-2.453125
393		-2.646875
394		-2.171875
395		-2.128125
396		-2.171875
397		-1.981250
398		-2.837500
399		-1.878125
400		-1.950000
401		-1.656250
402		-1.537500
403		-0.768750
404		-1.065625
405		-0.150000
406		-1.125000
407		-1.093750
408		-0.843750
409		-0.975000
410		-1.331250
411		-0.650000
412		-0.800000
413		-0.606250
414		-1.331250
415		-0.918750
416		-1.034375
417		-0.887500
418		-1.553125
419		-1.568750
420		-1.568750
421		-1.537500
422		-1.625000
423		-1.406250
424		-1.878125
425		-1.656250
426		-2.393750
427		-2.365625
428		-2.468750
429		-2.718750
430		-3.028125
431		-3.059375
432		-3.237500
433		-2.940625
434		-3.103125
435		-2.703125
436		-2.540625
437		-3.221875
438		-3.237500
439		-3.400000
440		-3.828125
441		-3.546875
442		-3.546875
443		-3.487500
444		-3.828125
445		-3.296875
446		-3.693750
447		-3.606250
448		-3.678125
449		-4.050000
450		-3.871875
451		-3.325000
452		-3.281250
453		-3.162500
454		-3.162500
455		-2.809375
456		-2.896875
457		-2.896875
458		-3.059375
459		-3.250000
460		-3.621875
461		-3.678125
462		-3.678125
463		-3.384375
464		-3.796875
465		-4.018750
466		-3.856250
467		-4.403125
468		-4.034375
469		-4.121875
470		-4.018750
471		-3.943750
472		-3.693750
473		-3.250000
474		-2.512500
475		-2.215625
476		-2.809375
477		-3.015625
478		-3.650000
479		-4.284375
480		-4.537500
481		-5.171875
482		-5.762500
483		-5.909375
484		-6.693750
485		-7.165625
486		-7.593750
487		-8.243750
488		-8.303125
489		-7.962500
490		-7.887500
491		-8.006250
492		-7.903125
493		-7.681250
494		-7.712500
495		-7.312500
496		-6.603125
497		-5.556250
498		-4.712500
499		-4.521875
500		-3.650000
501		-4.062500
502		-4.018750
503		-4.934375
504		-5.600000
505		-6.959375
506		-7.475000
507		-8.628125
508		-8.893750
509		-9.928125
510		-9.706250
511		-9.675000
512		-9.187500
513		-8.921875
514		-8.346875
515		-7.609375
516		-6.278125
517		-5.821875
518		-5.112500
519		-4.978125
520		-4.965625
521		-5.096875
522		-4.506250
523		-5.096875
524		-4.653125
525		-4.684375
526		-5.053125
527		-5.984375
528		-6.531250
529		-7.725000
530		-8.168750
531		-8.481250
532		-8.096875
533		-7.446875
534		-6.456250
535		-5.187500
536		-3.546875
537		-2.984375
538		-1.846875
539		-1.581250
540		-1.168750
541		-1.878125
542		-1.359375
543		-1.818750
544		-2.437500
545		-3.665625
546		-4.003125
547		-5.362500
548		-5.362500
549		-5.821875
550		-5.940625
551		-5.659375
552		-5.025000
553		-4.743750
554		-3.443750
555		-3.103125
556		-2.321875
557		-2.365625
558		-1.375000
559		-1.243750
560		-0.681250
561		-0.990625
562		-0.784375
563		-1.375000
564		-2.393750
565		-2.956250
566		-4.018750
567		-4.593750
568		-5.925000
569		-6.809375
570		-6.250000
571		-6.396875
572		-5.568750
573		-5.496875
574		-4.803125
575		-4.284375
576		-3.443750
577		-3.281250
578		-3.075000
579		-2.496875
580		-2.646875
581		-2.853125
582		-3.428125
583		-3.768750
584		-4.728125
585		-4.756250
586		-5.259375
587		-5.540625
588		-6.693750
589		-6.071875
590		-5.893750
591		-5.893750
592		-5.671875
593		-4.537500
594		-4.950000
595		-3.915625
596		-3.768750
597		-3.281250
598		-3.693750
599		-4.050000
600		-3.943750
601		-4.062500
602		-4.418750
603		-4.684375
604		-5.215625
605		-5.156250
606		-6.012500
607		-5.925000
608		-6.250000
609		-6.559375
610		-6.428125
611		-5.584375
612		-5.350000
613		-5.350000
614		-4.565625
615		-3.753125
616		-3.281250
617		-3.471875
618		-3.087500
619		-3.178125
620		-3.665625
621		-3.768750
622		-4.728125
623		-4.490625
624		-4.918750
625		-4.181250
626		-5.156250
627		-5.171875
628		-5.318750
629		-5.275000
630		-5.053125
631		-4.093750
632		-4.018750
633		-3.075000
634		-3.028125
635		-2.571875
636		-2.971875
637		-2.587500
638		-2.703125
639		-2.425000
640		-2.984375
641		-3.134375
642		-3.412500
643		-3.915625
644		-3.943750
645		-4.240625
646		-4.268750
647		-4.668750
648		-5.068750
649		-5.053125
650		-4.431250
651		-4.050000
652		-3.840625
653		-3.590625
654		-3.028125
655		-2.703125
656		-2.659375
657		-2.468750
658		-2.025000
659		-2.040625
660		-2.365625
661		-2.528125
662		-2.171875
663		-2.437500
664		-2.468750
665		-2.778125
666		-2.453125
667		-2.912500
668		-3.087500
669		-2.940625
670		-3.309375
671		-3.162500
672		-3.134375
673		-2.793750
674		-2.425000
675		-2.540625
676		-1.568750
677		-0.725000
678		-1.521875
679		-1.509375
680		-1.568750
681		-1.434375
682		-2.350000
683		-2.290625
684		-1.862500
685		-2.009375
686		-2.321875
687		-2.690625
688		-3.028125
689		-4.034375
690		-4.121875
691		-3.931250
692		-3.665625
693		-3.575000
694		-3.146875
695		-3.103125
696		-3.015625
697		-2.809375
698		-2.984375
699		-2.778125
700		-3.281250
701		-3.606250
702		-2.940625
703		-3.309375
704		-2.881250
705		-3.353125
706		-3.075000
707		-3.384375
708		-4.078125
709		-4.315625
710		-4.268750
711		-4.212500
712		-3.871875
713		-4.418750
714		-4.106250
715		-4.225000
716		-4.034375
717		-4.268750
718		-4.550000
719		-4.728125
720		-4.934375
721		-4.550000
722		-4.490625
723		-5.025000
724		-4.328125
725		-4.375000
726		-4.506250
727		-4.846875
728		-5.025000
729		-4.640625
730		-4.756250
731		-4.609375
732		-4.581250
733		-4.550000
734		-4.803125
735		-4.093750
736		-4.240625
737		-4.093750
738		-4.196875
739		-4.315625
740		-4.490625
741		-4.831250
742		-4.550000
743		-5.037500
744		-4.359375
745		-4.640625
746		-4.315625
747		-4.653125
748		-4.862500
749		-4.315625
750		-5.096875
751		-4.490625
752		-4.918750
753		-4.640625
754		-4.950000
755		-4.403125
756		-4.565625
757		-4.050000
758		-4.934375
759		-4.446875
760		-5.096875
761		-4.712500
762		-4.918750
763		-4.640625
764		-4.256250
765		-4.212500
766		-4.018750
767		-4.137500
768		-4.181250
769		-3.725000
770		-4.165625
771		-3.959375
772		-3.575000
773		-3.900000
774		-2.925000
775		-3.221875
776		-2.984375
777		-2.837500
778		-2.865625
779		-3.250000
780		-3.693750
781		-3.753125
782		-3.621875
783		-3.781250
784		-3.265625
785		-3.281250
786		-3.443750
787		-2.750000
788		-3.353125
789		-2.971875
790		-2.809375
791		-2.912500
792		-2.321875
793		-2.865625
794		-2.496875
795		-2.540625
796		-2.484375
797		-2.437500
798		-2.778125
799		-2.365625
800		-2.837500
801		-2.393750
802		-2.393750
803		-2.540625
804		-2.971875
805		-2.496875
806		-2.437500
807		-2.631250
808		-3.028125
809		-2.587500
810		-3.487500
811		-2.690625
812		-2.821875
813		-3.206250
814		-3.400000
815		-3.353125
816		-4.003125
817		-3.428125
818		-4.093750
819		-3.943750
820		-4.565625
821		-4.121875
822		-4.446875
823		-3.590625
824		-3.900000
825		-3.693750
826		-5.081250
827		-5.350000
828		-5.940625
829		-5.187500
830		-4.418750
831		-2.040625
832		-0.209375
833		1.653125
834		3.218750
835		4.459375
836		5.021875
837		5.006250
838		4.534375
839		4.134375
840		2.493750
841		1.181250
842		0.250000
843		0.146875
844		-0.031250
845		0.000000
846		-0.431250
847		-1.287500
848		-2.453125
849		-3.443750
850		-5.275000
851		-6.087500
852		-6.856250
853		-6.884375
854		-5.496875
855		-3.975000
856		-0.800000
857		2.037500
858		5.093750
859		7.487500
860		8.268750
861		8.209375
862		8.018750
863		6.203125
864		5.078125
865		3.631250
866		1.903125
867		0.265625
868		-0.828125
869		-0.946875
870		-1.553125
871		-1.109375
872		-0.221875
873		0.484375
874		1.490625
875		2.081250
876		2.921875
877		3.159375
878		3.365625
879		3.321875
880		3.662500
881		3.884375
882		4.812500
883		4.621875
884		4.590625
885		3.809375
886		2.687500
887		0.440625
888		-0.975000
889		-2.912500
890		-4.268750
891		-4.803125
892		-4.862500
893		-3.562500
894		-1.034375
895		0.825000
896		3.056250
897		4.031250
898		6.631250
899		7.990625
900		8.534375
901		8.268750
902		6.468750
903		4.296875
904		2.406250
905		0.206250
906		-0.725000
907		-2.571875
908		-3.562500
909		-3.459375
910		-3.206250
911		-2.837500
912		-1.359375
913		-0.859375
914		0.278125
915		1.296875
916		2.893750
917		3.825000
918		4.209375
919		5.775000
920		4.709375
921		4.534375
922		3.853125
923		3.306250
924		3.040625
925		2.156250
926		1.550000
927		0.825000
928		0.559375
929		-0.178125
930		-0.578125
931		-0.709375
932		-0.325000
933		0.206250
934		2.584375
935		3.631250
936		4.753125
937		5.509375
938		5.846875
939		6.453125
940		6.512500
941		5.331250
942		4.281250
943		3.040625
944		1.490625
945		0.928125
946		0.368750
947		0.412500
948		0.456250
949		1.284375
950		1.621875
951		2.200000
952		3.100000
953		3.528125
954		4.015625
955		4.871875
956		5.553125
957		6.068750
958		4.962500
959		4.725000
960		4.253125
961		3.781250
962		3.675000
963		3.765625
964		3.218750
965		3.012500
966		2.746875
967		2.968750
968		3.187500
969		3.837500
970		3.468750
971		3.781250
972		4.015625
973		4.090625
974		4.696875
975		5.700000
976		5.818750
977		6.600000
978		6.128125
979		6.275000
980		6.203125
981		5.906250
982		5.418750
983		5.434375
984		5.125000
985		5.434375
986		5.553125
987		5.878125
988		6.009375
989		6.600000
990		6.881250
991		6.968750
992		7.028125
993		7.281250
994		6.940625
995		5.862500
996		6.690625
997		6.393750
998		5.846875
999		5.743750
1000		5.478125
1001		5.137500
1002		5.509375
1003		5.403125
1004		5.831250
1005		5.596875
1006		6.290625
1007		6.718750
1008		6.453125
1009		6.940625
1010		6.912500
1011		7.281250
1012		7.400000
1013		6.793750
1014		7.087500
1015		6.365625
1016		6.865625
1017		6.290625
1018		5.993750
1019		5.671875
1020		6.053125
1021		5.109375
1022		5.331250
1023		5.109375
1024		5.315625
1025		4.903125
1026		5.581250
1027		5.565625
1028		5.537500
1029		5.478125
1030		5.137500
1031		4.946875
1032		4.871875
1033		4.312500
1034		4.843750
1035		3.987500
1036		3.956250
1037		3.837500
1038		3.765625
1039		3.559375
1040		3.396875
1041		3.337500
1042		2.996875
1043		3.071875
1044		3.868750
1045		4.075000
1046		4.103125
1047		4.606250
1048		4.665625
1049		4.103125
1050		4.325000
1051		4.356250
1052		4.340625
1053		4.325000
1054		4.696875
1055		4.503125
1056		4.103125
1057		5.034375
1058		4.650000
1059		4.946875
1060		5.021875
1061		4.812500
1062		4.887500
1063		4.534375
1064		5.612500
1065		5.831250
1066		5.803125
1067		5.993750
1068		6.393750
1069		7.237500
1070		6.853125
1071		7.250000
1072		7.087500
1073		7.281250
1074		7.721875
1075		7.693750
1076		7.721875
1077		8.121875
1078		7.678125
1079		8.196875
1080		8.046875
1081		8.771875
1082		8.506250
1083		8.165625
1084		8.506250
1085		9.481250
1086		8.196875
1087		8.371875
1088		8.625000
1089		8.387500
1090		8.240625
1091		9.231250
1092		8.121875
1093		8.062500
1094		8.209375
1095		7.503125
1096		7.931250
1097		7.871875
1098		7.634375
1099		8.196875
1100		8.093750
1101		7.768750
1102		7.562500
1103		7.562500
1104		6.956250
1105		6.940625
1106		6.956250
1107		7.146875
1108		7.178125
1109		6.762500
1110		7.162500
1111		6.615625
1112		6.540625
1113		6.393750
1114		6.425000
1115		5.846875
1116		7.146875
1117		7.206250
1118		7.428125
1119		7.309375
1120		7.075000
1121		7.178125
1122		7.000000
1123		6.912500
1124		6.587500
1125		6.496875
1126		6.393750
1127		6.968750
1128		6.615625
1129		6.512500
1130		5.581250
1131		5.625000
1132		5.375000
1133		5.728125
1134		5.493750
1135		5.937500
1136		6.275000
1137		6.659375
1138		6.956250
1139		7.368750
1140		7.325000
1141		7.131250
1142		6.793750
1143		6.350000
1144		6.306250
1145		5.981250
1146		5.315625
1147		4.843750
1148		3.940625
1149		3.559375
1150		2.968750
1151		2.806250
1152		2.331250
1153		2.509375
1154		2.375000
1155		2.421875
1156		2.362500
1157		2.509375
1158		2.731250
1159		2.878125
1160		3.690625
1161		2.862500
1162		4.768750
1163		5.981250
1164		5.937500
1165		6.246875
1166		5.684375
1167		6.393750
1168		4.606250
1169		3.631250
1170		2.775000
1171		2.125000
1172		1.062500
1173		0.753125
1174		0.381250
1175		0.000000
1176		0.131250
1177		1.078125
1178		1.859375
1179		2.406250
1180		2.746875
1181		3.646875
1182		4.031250
1183		4.709375
1184		4.371875
1185		5.065625
1186		4.253125
1187		5.093750
1188		5.050000
1189		4.843750
1190		4.650000
1191		4.134375
1192		3.159375
1193		2.021875
1194		1.696875
1195		1.534375
1196		1.356250
1197		1.962500
1198		2.450000
1199		3.175000
1200		4.312500
1201		6.171875
1202		6.675000
1203		7.250000
1204		7.250000
1205		7.678125
1206		7.368750
1207		7.606250
1208		7.103125
1209		5.478125
1210		5.240625
1211		4.696875
1212		4.059375
1213		3.987500
1214		3.512500
1215		3.631250
1216		3.928125
1217		4.637500
1218		5.315625
1219		5.715625
1220		6.053125
1221		7.000000
1222		7.531250
1223		7.796875
1224		8.565625
1225		8.315625
1226		7.871875
1227		7.840625
1228		7.665625
1229		6.718750
1230		5.775000
1231		5.034375
1232		4.059375
1233		3.396875
1234		2.818750
1235		3.321875
1236		3.321875
1237		3.618750
1238		4.371875
1239		4.637500
1240		5.478125
1241		6.365625
1242		6.437500
1243		6.587500
1244		6.940625
1245		6.793750
1246		6.615625
1247		6.290625
1248		6.187500
1249		4.740625
1250		4.740625
1251		4.221875
1252		4.000000
1253		3.618750
1254		3.262500
1255		3.512500
1256		3.631250
1257		3.809375
1258		4.887500
1259		4.621875
1260		5.256250
1261		5.331250
1262		5.656250
1263		5.256250
1264		5.109375
1265		5.153125
1266		4.725000
1267		4.459375
1268		4.356250
1269		3.706250
1270		3.409375
1271		2.612500
1272		1.962500
1273		1.890625
1274		1.815625
1275		2.331250
1276		2.628125
1277		3.143750
1278		3.971875
1279		3.500000
1280		4.118750
1281		4.118750
1282		4.534375
1283		4.134375
1284		4.059375
1285		3.734375
1286		3.484375
1287		2.596875
1288		2.968750
1289		2.109375
1290		1.962500
1291		1.875000
1292		2.109375
1293		2.037500
1294		2.037500
1295		2.584375
1296		3.012500
1297		2.996875
1298		3.734375
1299		3.706250
1300		3.750000
1301		3.928125
1302		4.000000
1303		4.650000
1304		3.484375
1305		4.296875
1306		3.896875
1307		3.025000
1308		3.440625
1309		2.584375
1310		2.481250
1311		2.806250
1312		2.184375
1313		1.890625
1314		1.181250
1315		1.815625
1316		2.050000
1317		2.584375
1318		3.071875
1319		3.365625
1320		3.071875
1321		4.031250
1322		3.868750
1323		3.809375
1324		3.662500
1325		3.262500
1326		2.953125
1327		3.278125
1328		2.909375
1329		3.337500
1330		2.921875
1331		2.790625
1332		2.156250
1333		2.537500
1334		1.490625
1335		1.518750
1336		1.181250
1337		1.003125
1338		0.900000
1339		1.181250
1340		1.134375
1341		1.756250
1342		1.240625
1343		1.890625
1344		1.621875
1345		1.784375
1346		1.240625
1347		0.928125
1348		0.678125
1349		0.737500
1350		-0.162500
1351		0.309375
1352		-0.059375
1353		-0.593750
1354		-1.834375
1355		-0.990625
1356		-1.462500
1357		-1.065625
1358		-1.006250
1359		-0.931250
1360		-0.768750
1361		-0.400000
1362		-0.918750
1363		-0.431250
1364		-0.800000
1365		-1.256250
1366		-1.434375
1367		-1.006250
1368		-0.887500
1369		-1.406250
1370		-1.212500
1371		-1.331250
1372		-1.878125
1373		-1.759375
1374		-2.350000
1375		-1.684375
1376		-2.128125
1377		-3.353125
1378		-2.187500
1379		-2.068750
1380		-1.996875
1381		-1.656250
1382		-1.759375
1383		-1.406250
1384		-2.025000
1385		-2.496875
1386		-2.128125
1387		-2.321875
1388		-1.834375
1389		-2.159375
1390		-1.759375
1391		-1.950000
1392		-2.084375
1393		-2.425000
1394		-2.468750
1395		-2.853125
1396		-2.512500
1397		-3.118750
1398		-2.659375
1399		-3.015625
1400		-2.425000
1401		-2.809375
1402		-2.821875
1403		-3.015625
1404		-3.575000
1405		-4.121875
1406		-4.121875
1407		-4.315625
1408		-4.003125
1409		-4.431250
1410		-4.315625
1411		-4.521875
1412		-4.862500
1413		-4.862500
1414		-4.787500
1415		-4.831250
1416		-4.565625
1417		-5.025000
1418		-4.490625
1419		-5.009375
1420		-4.728125
1421		-5.350000
1422		-5.156250
1423		-5.037500
1424		-5.628125
1425		-5.850000
1426		-5.318750
1427		-5.615625
1428		-5.334375
1429		-5.393750
1430		-5.600000
1431		-5.821875
1432		-5.453125
1433		-5.731250
1434		-5.584375
1435		-5.762500
1436		-5.318750
1437		-5.568750
1438		-5.437500
1439		-5.806250
1440		-5.378125
1441		-5.096875
1442		-5.187500
1443		-5.303125
1444		-6.456250
1445		-5.865625
1446		-6.056250
1447		-6.278125
1448		-6.218750
1449		-5.940625
1450		-5.893750
1451		-5.940625
1452		-5.600000
1453		-5.303125
1454		-5.525000
1455		-5.275000
1456		-5.821875
1457		-5.393750
1458		-5.465625
1459		-5.200000
1460		-5.275000
1461		-4.993750
1462		-5.334375
1463		-5.909375
1464		-4.978125
1465		-5.187500
1466		-5.421875
1467		-5.762500
1468		-5.762500
1469		-5.512500
1470		-5.318750
1471		-5.615625
1472		-5.821875
1473		-5.953125
1474		-6.131250
1475		-6.056250
1476		-6.175000
1477		-6.278125
1478		-6.796875
1479		-6.693750
1480		-7.003125
1481		-6.781250
1482		-7.209375
1483		-7.296875
1484		-7.756250
1485		-7.887500
1486		-8.156250
1487		-7.312500
1488		-7.696875
1489		-7.712500
1490		-8.259375
1491		-8.806250
1492		-9.615625
1493		-9.987500
1494		-9.662500
1495		-7.978125
1496		-6.440625
1497		-4.240625
1498		-2.231250
1499		-1.256250
1500		-0.443750
1501		0.159375
1502		-0.178125
1503		-0.312500
1504		-2.112500
1505		-3.103125
1506		-4.537500
1507		-5.453125
1508		-6.087500
1509		-6.618750
1510		-6.796875
1511		-7.403125
1512		-8.537500
1513		-9.559375
1514		-11.153125
1515		-12.512500
1516		-13.796875
1517		-14.684375
1518		-14.371875
1519		-13.250000
1520		-11.434375
1521		-8.553125
1522		-5.790625
1523		-2.571875
1524		-0.400000
1525		0.796875
1526		0.265625
1527		0.071875
1528		-1.775000
1529		-2.718750
1530		-5.096875
1531		-6.206250
1532		-7.712500
1533		-8.893750
1534		-8.968750
1535		-8.850000
1536		-8.271875
1537		-7.725000
1538		-6.943750
1539		-5.790625
1540		-4.815625
1541		-3.768750
1542		-4.153125
1543		-3.459375
1544		-3.781250
1545		-3.400000
1546		-3.146875
1547		-2.231250
1548		-2.321875
1549		-1.950000
1550		-2.821875
1551		-4.284375
1552		-6.603125
1553		-7.831250
1554		-10.356250
1555		-11.450000
1556		-12.750000
1557		-11.581250
1558		-9.778125
1559		-7.756250
1560		-5.881250
1561		-4.137500
1562		-2.100000
1563		-0.221875
1564		1.134375
1565		1.387500
1566		0.781250
1567		-0.962500
1568		-3.237500
1569		-5.453125
1570		-7.225000
1571		-9.306250
1572		-11.418750
1573		-12.040625
1574		-12.853125
1575		-12.806250
1576		-11.506250
1577		-10.637500
1578		-9.512500
1579		-8.996875
1580		-7.371875
1581		-6.396875
1582		-5.643750
1583		-5.334375
1584		-5.025000
1585		-4.890625
1586		-5.453125
1587		-6.412500
1588		-6.559375
1589		-7.653125
1590		-7.712500
1591		-8.968750
1592		-9.440625
1593		-9.396875
1594		-10.400000
1595		-11.137500
1596		-11.315625
1597		-10.637500
1598		-9.940625
1599		-8.893750
1600		-6.987500
1601		-6.250000
1602		-4.743750
1603		-4.121875
1604		-4.181250
1605		-4.256250
1606		-4.950000
1607		-6.381250
1608		-7.268750
1609		-8.434375
1610		-9.734375
1611		-10.428125
1612		-10.415625
1613		-10.193750
1614		-10.075000
1615		-8.612500
1616		-8.893750
1617		-7.150000
1618		-6.056250
1619		-5.718750
1620		-4.478125
1621		-4.225000
1622		-3.856250
1623		-4.137500
1624		-4.490625
1625		-5.053125
1626		-5.762500
1627		-6.071875
1628		-6.087500
1629		-6.071875
1630		-7.712500
1631		-7.371875
1632		-7.078125
1633		-6.825000
1634		-6.706250
1635		-6.856250
1636		-7.403125
1637		-5.881250
1638		-5.275000
1639		-5.187500
1640		-4.106250
1641		-4.034375
1642		-3.162500
1643		-3.325000
1644		-3.103125
1645		-3.487500
1646		-3.943750
1647		-4.787500
1648		-5.303125
1649		-5.893750
1650		-5.940625
1651		-5.778125
1652		-5.643750
1653		-5.009375
1654		-4.581250
1655		-3.959375
1656		-4.018750
1657		-2.984375
1658		-2.718750
1659		-2.971875
1660		-2.365625
1661		-2.793750
1662		-2.865625
1663		-3.428125
1664		-4.196875
1665		-4.018750
1666		-4.700000
1667		-4.846875
1668		-4.550000
1669		-4.343750
1670		-4.609375
1671		-3.353125
1672		-4.387500
1673		-3.471875
1674		-3.325000
1675		-3.575000
1676		-3.059375
1677		-2.718750
1678		-2.896875
1679		-2.865625
1680		-2.912500
1681		-2.762500
1682		-3.206250
1683		-3.562500
1684		-3.737500
1685		-3.678125
1686		-4.609375
1687		-4.284375
1688		-5.025000
1689		-4.831250
1690		-5.275000
1691		-4.240625
1692		-4.328125
1693		-3.900000
1694		-4.181250
1695		-4.050000
1696		-4.700000
1697		-4.256250
1698		-4.506250
1699		-4.106250
1700		-4.803125
1701		-4.640625
1702		-5.746875
1703		-5.465625
1704		-5.834375
1705		-6.043750
1706		-6.471875
1707		-6.353125
1708		-6.206250
1709		-5.584375
1710		-5.096875
1711		-4.906250
1712		-4.803125
1713		-4.609375
1714		-4.506250
1715		-4.462500
1716		-4.712500
1717		-4.268750
1718		-4.506250
1719		-4.418750
1720		-5.453125
1721		-4.625000
1722		-4.756250
1723		-4.240625
1724		-4.165625
1725		-3.975000
1726		-4.050000
1727		-4.106250
1728		-3.840625
1729		-3.503125
1730		-3.840625
1731		-3.443750
1732		-2.940625
1733		-2.425000
1734		-2.084375
1735		-1.921875
1736		-1.981250
1737		-1.331250
1738		-1.731250
1739		-1.184375
1740		-2.128125
1741		-1.212500
1742		-1.137500
1743		-1.375000
1744		-1.625000
1745		-1.065625
1746		-1.137500
1747		-1.256250
1748		-1.581250
1749		-1.331250
1750		-1.081250
1751		-1.300000
1752		-0.487500
1753		-1.109375
1754		-0.475000
1755		-1.331250
1756		-0.962500
1757		-1.081250
1758		-1.331250
1759		-1.168750
1760		-1.462500
1761		-1.950000
1762		-1.509375
1763		-1.612500
1764		-1.093750
1765		-1.731250
1766		-1.243750
1767		-1.715625
1768		-1.196875
1769		-1.581250
1770		-1.168750
1771		-1.509375
1772		-0.828125
1773		-1.553125
1774		-0.562500
1775		-1.287500
1776		-0.475000
1777		-1.034375
1778		-1.331250
1779		-1.553125
1780		-0.546875
1781		-0.871875
1782		-0.384375
1783		-0.768750
1784		-0.221875
1785		-0.578125
1786		-0.281250
1787		0.000000
1788		-0.843750
1789		-0.443750
1790		-0.578125
1791		-0.384375
1792		0.012500
1793		-0.268750
1794		-0.253125
1795		-1.021875
1796		-0.800000
1797		-0.562500
1798		-1.021875
1799		-0.518750
1800		-1.050000
1801		-0.193750
1802		0.012500
1803		-0.090625
1804		0.971875
1805		0.087500
1806		0.603125
1807		0.218750
1808		-0.696875
1809		-1.450000
1810		-1.640625
1811		-1.803125
1812		-1.787500
1813		-2.762500
1814		-2.762500
1815		-3.471875
1816		-3.309375
1817		-4.537500
1818		-3.693750
1819		-4.018750
1820		-3.487500
1821		-3.781250
1822		-2.984375
1823		-3.400000
1824		-3.059375
1825		-1.921875
1826		-1.034375
1827		-0.296875
1828		0.634375
1829		0.868750
1830		1.475000
1831		1.225000
1832		1.046875
1833		0.000000
1834		-0.887500
1835		-2.053125
1836		-2.762500
1837		-2.837500
1838		-3.693750
1839		-3.796875
1840		-3.975000
1841		-3.428125
1842		-2.540625
1843		-2.246875
1844		-1.418750
1845		-0.665625
1846		0.190625
1847		1.031250
1848		1.815625
1849		2.450000
1850		1.740625
1851		2.156250
1852		2.671875
1853		2.862500
1854		2.862500
1855		2.509375
1856		1.843750
1857		0.959375
1858		-0.162500
1859		0.071875
1860		-0.356250
1861		-0.178125
1862		0.056250
1863		0.471875
1864		1.962500
1865		3.262500
1866		4.312500
1867		5.418750
1868		5.359375
1869		6.068750
1870		5.537500
1871		5.684375
1872		6.365625
1873		4.400000
1874		3.350000
1875		3.631250
1876		2.671875
1877		1.890625
1878		1.090625
1879		1.253125
1880		1.046875
1881		1.446875
1882		2.228125
1883		2.806250
1884		3.512500
1885		4.696875
1886		4.606250
1887		5.184375
1888		5.509375
1889		6.068750
1890		5.803125
1891		5.993750
1892		5.743750
1893		5.434375
1894		4.400000
1895		4.325000
1896		3.100000
1897		2.687500
1898		1.343750
1899		1.387500
1900		1.550000
1901		1.962500
1902		2.656250
1903		3.543750
1904		4.296875
1905		4.887500
1906		4.915625
1907		5.240625
1908		6.068750
1909		6.675000
1910		6.571875
1911		6.512500
1912		6.025000
1913		5.906250
1914		5.418750
1915		5.240625
1916		4.325000
1917		4.209375
1918		3.734375
1919		4.118750
1920		4.237500
1921		4.253125
1922		5.034375
1923		5.993750
1924		5.950000
1925		6.453125
1926		6.734375
1927		6.956250
1928		6.865625
1929		7.353125
1930		6.984375
1931		6.659375
1932		6.203125
1933		5.612500
1934		5.878125
1935		5.184375
1936		4.534375
1937		4.325000
1938		4.134375
1939		4.503125
1940		4.621875
1941		5.271875
1942		6.718750
1943		5.565625
1944		6.068750
1945		6.496875
1946		6.984375
1947		7.487500
1948		7.059375
1949		8.593750
1950		6.631250
1951		6.203125
1952		5.965625
1953		5.509375
1954		5.403125
1955		5.375000
1956		5.359375
1957		4.753125
1958		4.990625
1959		4.768750
1960		5.078125
1961		5.434375
1962		5.818750
1963		5.993750
1964		6.718750
1965		6.409375
1966		7.309375
1967		7.237500
1968		7.368750
1969		7.178125
1970		7.309375
1971		6.468750
1972		6.703125
1973		6.365625
1974		6.659375
1975		6.084375
1976		6.496875
1977		5.640625
1978		5.418750
1979		5.315625
1980		5.656250
1981		5.684375
1982		6.762500
1983		6.365625
1984		7.103125
1985		6.956250
1986		7.503125
1987		7.471875
1988		7.678125
1989		7.456250
1990		7.650000
1991		7.237500
1992		7.856250
1993		7.768750
1994		7.781250
1995		7.796875
1996		7.237500
1997		7.000000
1998		6.215625
1999		6.203125
2000		6.187500
2001		6.318750
2002		6.793750
2003		6.203125
2004		6.643750
2005		7.103125
2006		7.443750
2007		7.796875
2008		7.975000
2009		8.209375
2010		8.315625
2011		7.931250
2012		7.768750
2013		8.371875
2014		8.078125
2015		8.165625
2016		7.975000
2017		8.003125
2018		6.806250
2019		7.503125
2020		6.615625
2021		7.043750
2022		6.718750
2023		6.409375
2024		7.059375
2025		7.118750
2026		6.837500
2027		7.250000
2028		7.103125
2029		7.384375
2030		7.237500
2031		6.912500
2032		6.940625
2033		7.265625
2034		6.912500
2035		6.690625
2036		5.950000
2037		6.409375
2038		5.346875
2039		5.612500
2040		4.931250
2041		5.346875
2042		4.546875
2043		5.509375
2044		4.915625
2045		5.078125
2046		4.962500
2047		5.109375
2048		4.665625
2049		4.812500
2050		4.681250
2051		4.784375
2052		4.871875
2053		4.975000
2054		5.521875
2055		5.359375
2056		4.990625
2057		5.803125
2058		4.384375
2059		4.650000
2060		4.356250
2061		4.578125
2062		4.371875
2063		4.046875
2064		4.031250
2065		4.281250
2066		3.928125
2067		4.400000
2068		4.371875
2069		4.325000
2070		4.178125
2071		4.562500
2072		4.562500
2073		4.487500
2074		5.240625
2075		4.590625
2076		4.428125
2077		4.443750
2078		4.768750
2079		4.650000
2080		4.281250
2081		4.621875
2082		4.962500
2083		4.709375
2084		4.665625
2085		4.665625
2086		4.475000
2087		3.662500
2088		4.740625
2089		4.518750
2090		4.296875
2091		4.118750
2092		5.093750
2093		4.621875
2094		4.843750
2095		5.137500
2096		5.728125
2097		4.990625
2098		5.287500
2099		5.006250
2100		5.093750
2101		4.871875
2102		5.034375
2103		4.812500
2104		5.434375
2105		5.153125
2106		4.859375
2107		5.271875
2108		5.359375
2109		4.915625
2110		4.740625
2111		4.178125
2112		4.356250
2113		4.162500
2114		4.428125
2115		4.237500
2116		4.784375
2117		4.590625
2118		4.650000
2119		3.750000
2120		4.015625
2121		3.940625
2122		4.621875
2123		3.896875
2124		4.281250
2125		4.415625
2126		4.621875
2127		4.340625
2128		4.281250
2129		4.046875
2130		5.021875
2131		3.928125
2132		4.768750
2133		3.543750
2134		4.503125
2135		4.709375
2136		4.621875
2137		4.606250
2138		4.031250
2139		4.296875
2140		4.090625
2141		4.000000
2142		4.150000
2143		3.618750
2144		3.706250
2145		3.484375
2146		3.571875
2147		2.953125
2148		2.731250
2149		2.362500
2150		2.553125
2151		2.271875
2152		2.878125
2153		2.834375
2154		2.700000
2155		2.065625
2156		1.003125
2157		0.590625
2158		0.559375
2159		0.959375
2160		2.893750
2161		4.150000
2162		6.409375
2163		8.137500
2164		8.950000
2165		9.496875
2166		10.381250
2167		10.012500
2168		9.806250
2169		7.990625
2170		6.156250
2171		5.109375
2172		4.150000
2173		3.571875
2174		3.468750
2175		3.456250
2176		2.481250
2177		1.312500
2178		0.115625
2179		-1.375000
2180		-3.103125
2181		-4.490625
2182		-4.918750
2183		-4.375000
2184		-3.221875
2185		-0.178125
2186		2.509375
2187		5.462500
2188		7.943750
2189		10.056250
2190		10.250000
2191		9.496875
2192		8.803125
2193		7.412500
2194		6.143750
2195		3.987500
2196		2.775000
2197		1.415625
2198		0.765625
2199		0.543750
2200		0.440625
2201		1.209375
2202		2.006250
2203		3.131250
2204		3.781250
2205		5.300000
2206		5.462500
2207		5.759375
2208		5.462500
2209		5.906250
2210		6.025000
2211		6.025000
2212		6.912500
2213		7.590625
2214		6.512500
2215		6.246875
2216		3.618750
2217		2.243750
2218		0.337500
2219		-1.331250
2220		-2.587500
2221		-2.896875
2222		-1.950000
2223		0.531250
2224		2.243750
2225		4.546875
2226		6.053125
2227		8.640625
2228		10.043750
2229		11.165625
2230		10.500000
2231		9.790625
2232		7.368750
2233		5.656250
2234		2.921875
2235		1.578125
2236		-0.650000
2237		-2.100000
2238		-2.809375
2239		-2.821875
2240		-2.290625
2241		-1.581250
2242		-0.578125
2243		0.706250
2244		1.106250
2245		2.434375
2246		3.543750
2247		4.325000
2248		4.696875
2249		4.621875
2250		3.912500
2251		4.312500
2252		3.321875
2253		2.937500
2254		1.446875
2255		1.253125
2256		0.071875
2257		-0.681250
2258		-1.390625
2259		-1.803125
2260		-2.215625
2261		-1.878125
2262		-1.093750
2263		0.159375
2264		1.181250
2265		2.850000
2266		3.690625
2267		4.459375
2268		5.509375
2269		4.590625
2270		4.475000
2271		3.203125
2272		1.934375
2273		0.381250
2274		-0.812500
2275		-1.921875
2276		-2.631250
2277		-2.925000
2278		-2.734375
2279		-2.393750
2280		-1.390625
2281		-0.503125
2282		0.456250
2283		1.800000
2284		2.450000
2285		3.293750
2286		2.953125
2287		2.953125
2288		3.012500
2289		2.140625
2290		1.771875
2291		1.475000
2292		0.531250
2293		-0.118750
2294		-0.903125
2295		-0.975000
2296		-1.006250
2297		-1.212500
2298		-0.312500
2299		-0.546875
2300		-0.059375
2301		0.543750
2302		1.225000
2303		2.140625
2304		2.346875
2305		3.409375
2306		3.853125
2307		4.118750
2308		4.312500
2309		3.765625
2310		3.115625
2311		2.481250
2312		1.415625
2313		0.353125
2314		-0.237500
2315		-0.150000
2316		0.175000
2317		-0.193750
2318		1.078125
2319		0.840625
2320		2.006250
2321		2.390625
2322		2.921875
2323		3.321875
2324		3.456250
2325		2.968750
2326		3.631250
2327		2.375000
2328		2.450000
2329		1.062500
2330		0.928125
2331		-0.193750
2332		-0.503125
2333		0.028125
2334		0.515625
2335		-0.312500
2336		0.309375
2337		-0.415625
2338		0.825000
2339		0.531250
2340		1.284375
2341		0.915625
2342		1.371875
2343		1.150000
2344		1.106250
2345		0.928125
2346		1.046875
2347		0.043750
2348		-0.059375
2349		-1.065625
2350		-1.981250
2351		-2.025000
2352		-2.646875
2353		-3.059375
2354		-3.028125
2355		-3.325000
2356		-2.940625
2357		-2.718750
2358		-2.100000
2359		-2.587500
2360		-1.759375
2361		-2.187500
2362		-2.053125
2363		-2.231250
2364		-2.231250
2365		-2.468750
2366		-2.881250
2367		-3.443750
2368		-3.546875
2369		-4.359375
2370		-4.196875
2371		-4.403125
2372		-4.609375
2373		-4.375000
2374		-3.943750
2375		-3.162500
2376		-2.659375
2377		-2.646875
2378		-2.068750
2379		-2.143750
2380		-1.684375
2381		-1.493750
2382		-1.731250
2383		-1.700000
2384		-2.275000
2385		-2.084375
2386		-2.128125
2387		-2.171875
2388		-1.846875
2389		-1.996875
2390		-1.950000
2391		-2.025000
2392		-2.425000
2393		-2.940625
2394		-2.143750
2395		-2.203125
2396		-1.509375
2397		-1.331250
2398		-1.021875
2399		-0.459375
2400		-0.475000
2401		0.043750
2402		-0.400000
2403		0.071875
2404		-0.384375
2405		-0.637500
2406		-0.650000
2407		-0.871875
2408		-1.212500
2409		-1.243750
2410		-1.434375
2411		-1.656250
2412		-1.731250
2413		-1.640625
2414		-1.625000
2415		-0.946875
2416		-0.962500
2417		-0.546875
2418		-1.256250
2419		-1.243750
2420		-1.612500
2421		-1.625000
2422		-1.846875
2423		-1.700000
2424		-2.528125
2425		-2.690625
2426		-2.600000
2427		-2.703125
2428		-2.821875
2429		-2.881250
2430		-3.296875
2431		-3.043750
2432		-3.621875
2433		-3.309375
2434		-3.725000
2435		-3.400000
2436		-3.309375
2437		-3.028125
2438		-3.281250
2439		-2.912500
2440		-2.865625
2441		-2.956250
2442		-3.384375
2443		-3.725000
2444		-3.753125
2445		-3.368750
2446		-3.531250
2447		-3.353125
2448		-3.812500
2449		-3.400000
2450		-3.428125
2451		-3.178125
2452		-3.443750
2453		-3.325000
2454		-3.768750
2455		-3.428125
2456		-3.206250
2457		-3.103125
2458		-3.515625
2459		-3.562500
2460		-3.871875
2461		-4.284375
2462		-5.156250
2463		-3.768750
2464		-4.240625
2465		-3.975000
2466		-3.753125
2467		-3.503125
2468		-2.540625
2469		-2.646875
2470		-2.540625
2471		-3.250000
2472		-3.753125
2473		-4.062500
2474		-4.581250
2475		-5.053125
2476		-5.171875
2477		-5.568750
2478		-5.600000
2479		-6.575000
2480		-6.928125
2481		-7.296875
2482		-7.668750
2483		-7.240625
2484		-7.253125
2485		-7.815625
2486		-7.459375
2487		-7.328125
2488		-6.943750
2489		-6.500000
2490		-6.012500
2491		-5.025000
2492		-4.165625
2493		-3.368750
2494		-2.556250
2495		-2.615625
2496		-3.281250
2497		-3.737500
2498		-4.918750
2499		-6.103125
2500		-7.296875
2501		-8.390625
2502		-8.862500
2503		-9.025000
2504		-9.571875
2505		-9.543750
2506		-8.921875
2507		-8.687500
2508		-7.534375
2509		-7.518750
2510		-6.618750
2511		-6.131250
2512		-5.334375
2513		-5.156250
2514		-4.918750
2515		-4.831250
2516		-5.037500
2517		-4.906250
2518		-4.521875
2519		-5.215625
2520		-5.200000
2521		-5.850000
2522		-6.706250
2523		-8.006250
2524		-8.125000
2525		-8.643750
2526		-8.050000
2527		-7.815625
2528		-6.662500
2529		-5.453125
2530		-3.915625
2531		-2.940625
2532		-1.996875
2533		-1.775000
2534		-1.625000
2535		-1.731250
2536		-1.846875
2537		-2.187500
2538		-2.409375
2539		-3.634375
2540		-4.212500
2541		-4.978125
2542		-5.762500
2543		-6.043750
2544		-5.731250
2545		-5.940625
2546		-5.200000
2547		-4.343750
2548		-3.693750
2549		-2.881250
2550		-2.203125
2551		-1.684375
2552		-1.346875
2553		-0.768750
2554		-1.021875
2555		-0.812500
2556		-0.768750
2557		-1.359375
2558		-2.025000
2559		-2.778125
2560		-3.325000
2561		-4.431250
2562		-5.318750
2563		-5.909375
2564		-5.790625
2565		-5.350000
2566		-4.700000
2567		-4.521875
2568		-3.840625
2569		-3.400000
2570		-2.881250
2571		-2.587500
2572		-2.484375
2573		-1.950000
2574		-2.393750
2575		-2.246875
2576		-2.881250
2577		-2.940625
2578		-3.575000
2579		-4.609375
2580		-5.171875
2581		-5.243750
2582		-6.381250
2583		-5.865625
2584		-6.043750
2585		-5.496875
2586		-5.687500
2587		-4.359375
2588		-4.165625
2589		-3.634375
2590		-3.134375
2591		-3.162500
2592		-3.309375
2593		-2.809375
2594		-3.915625
2595		-3.840625
2596		-5.112500
2597		-4.537500
2598		-5.215625
2599		-5.496875
2600		-6.206250
2601		-5.909375
2602		-6.412500
2603		-6.840625
2604		-6.159375
2605		-5.437500
2606		-5.318750
2607		-5.053125
2608		-4.343750
2609		-3.725000
2610		-3.768750
2611		-3.162500
2612		-3.162500
2613		-3.400000
2614		-4.121875
2615		-4.418750
2616		-4.653125
2617		-4.906250
2618		-4.787500
2619		-5.053125
2620		-5.318750
2621		-4.803125
2622		-5.096875
2623		-5.025000
2624		-4.640625
2625		-4.078125
2626		-4.268750
2627		-3.400000
2628		-2.231250
2629		-1.834375
2630		-1.834375
2631		-1.390625
2632		-1.775000
2633		-1.890625
2634		-2.393750
2635		-2.275000
2636		-3.162500
2637		-3.975000
2638		-4.050000
2639		-4.375000
2640		-4.728125
2641		-4.728125
2642		-3.840625
2643		-5.568750
2644		-5.081250
2645		-4.950000
2646		-4.359375
2647		-4.581250
2648		-4.240625
2649		-4.034375
2650		-3.943750
2651		-2.971875
2652		-2.600000
2653		-3.546875
2654		-2.690625
2655		-2.615625
2656		-2.556250
2657		-3.353125
2658		-2.496875
2659		-2.468750
2660		-2.971875
2661		-2.556250
2662		-3.162500
2663		-3.265625
2664		-3.237500
2665		-2.940625
2666		-3.059375
2667		-3.443750
2668		-2.821875
2669		-3.028125
2670		-2.468750
2671		-2.496875
2672		-1.759375
2673		-1.731250
2674		-1.671875
2675		-2.425000
2676		-1.834375
2677		-2.690625
2678		-2.187500
2679		-2.128125
2680		-1.731250
2681		-1.981250
2682		-2.009375
2683		-3.103125
2684		-2.540625
2685		-3.428125
2686		-3.531250
2687		-3.531250
2688		-3.250000
2689		-3.250000
2690		-2.881250
2691		-2.837500
2692		-2.350000
2693		-2.865625
2694		-2.587500
2695		-2.587500
2696		-2.084375
2697		-1.671875
2698		-1.759375
2699		-2.187500
2700		-2.203125
2701		-2.468750
2702		-2.393750
2703		-3.606250
2704		-3.606250
2705		-4.165625
2706		-4.268750
2707		-4.625000
2708		-4.490625
2709		-4.640625
2710		-4.950000
2711		-5.350000
2712		-5.081250
2713		-4.978125
2714		-4.965625
2715		-5.068750
2716		-4.181250
2717		-4.375000
2718		-3.975000
2719		-3.503125
2720		-3.693750
2721		-3.887500
2722		-3.828125
2723		-4.343750
2724		-4.268750
2725		-4.387500
2726		-4.965625
2727		-5.128125
2728		-5.318750
2729		-4.918750
2730		-5.009375
2731		-4.846875
2732		-5.096875
2733		-5.350000
2734		-4.462500
2735		-4.875000
2736		-4.875000
2737		-4.756250
2738		-4.121875
2739		-4.343750
2740		-4.315625
2741		-4.165625
2742		-4.165625
2743		-4.978125
2744		-4.431250
2745		-5.156250
2746		-4.965625
2747		-5.200000
2748		-5.140625
2749		-5.275000
2750		-4.934375
2751		-5.025000
2752		-4.815625
2753		-5.053125
2754		-4.668750
2755		-4.418750
2756		-4.506250
2757		-4.403125
2758		-3.693750
2759		-3.353125
2760		-3.443750
2761		-3.753125
2762		-3.325000
2763		-4.034375
2764		-3.693750
2765		-4.284375
2766		-4.003125
2767		-3.931250
2768		-4.137500
2769		-3.725000
2770		-4.062500
2771		-3.384375
2772		-3.768750
2773		-3.678125
2774		-4.093750
2775		-4.078125
2776		-3.959375
2777		-3.471875
2778		-3.428125
2779		-3.134375
2780		-3.237500
2781		-3.028125
2782		-3.059375
2783		-2.778125
2784		-3.134375
2785		-2.496875
2786		-3.206250
2787		-2.646875
2788		-3.015625
2789		-2.615625
2790		-3.265625
2791		-2.984375
2792		-2.468750
2793		-2.778125
2794		-2.762500
2795		-2.246875
2796		-2.437500
2797		-2.290625
2798		-2.496875
2799		-1.965625
2800		-2.159375
2801		-2.821875
2802		-2.350000
2803		-2.734375
2804		-2.984375
2805		-3.206250
2806		-3.325000
2807		-3.487500
2808		-3.871875
2809		-3.503125
2810		-3.503125
2811		-3.840625
2812		-3.531250
2813		-3.621875
2814		-4.018750
2815		-4.062500
2816		-3.828125
2817		-3.443750
2818		-3.678125
2819		-3.546875
2820		-4.728125
2821		-5.025000
2822		-5.746875
2823		-4.771875
2824		-3.943750
2825		-1.862500
2826		-0.371875
2827		1.890625
2828		2.806250
2829		4.253125
2830		4.962500
2831		5.315625
2832		4.503125
2833		3.100000
2834		1.637500
2835		0.662500
2836		-0.325000
2837		-0.637500
2838		-1.065625
2839		-0.696875
2840		-1.450000
2841		-2.365625
2842		-3.221875
2843		-4.462500
2844		-6.646875
2845		-7.090625
2846		-7.225000
2847		-7.371875
2848		-6.071875
2849		-3.443750
2850		-1.212500
2851		1.593750
2852		4.768750
2853		6.734375
2854		7.650000
2855		7.959375
2856		7.340625
2857		5.803125
2858		4.400000
2859		3.396875
2860		1.621875
2861		0.265625
2862		-0.221875
2863		-1.212500
2864		-0.918750
2865		-0.756250
2866		-0.059375
2867		0.618750
2868		1.475000
2869		2.671875
2870		3.484375
2871		3.409375
2872		4.059375
2873		3.293750
2874		4.046875
2875		4.134375
2876		4.371875
2877		5.537500
2878		4.178125
2879		3.662500
2880		2.628125
2881		0.278125
2882		-0.887500
2883		-2.587500
2884		-4.121875
2885		-4.875000
2886		-4.684375
2887		-2.925000
2888		-0.725000
2889		1.518750
2890		3.618750
2891		5.184375
2892		7.281250
2893		7.828125
2894		8.653125
2895		7.709375
2896		6.171875
2897		4.075000
2898		1.962500
2899		0.484375
2900		-1.256250
2901		-3.178125
2902		-3.531250
2903		-4.165625
2904		-3.621875
2905		-3.043750
2906		-1.950000
2907		-0.296875
2908		-0.268750
2909		1.387500
2910		1.993750
2911		3.868750
2912		4.312500
2913		4.487500
2914		4.546875
2915		3.928125
2916		3.631250
2917		3.512500
2918		2.212500
2919		1.784375
2920		1.209375
2921		0.206250
2922		0.028125
2923		-0.178125
2924		-0.356250
2925		-1.125000
2926		0.012500
2927		0.900000
2928		2.065625
2929		3.440625
2930		4.962500
2931		5.831250
2932		6.290625
2933		6.512500
2934		6.187500
2935		5.478125
2936		4.221875
2937		3.040625
2938		1.475000
2939		0.309375
2940		-0.356250
2941		-0.503125
2942		-0.281250
2943		-0.075000
2944		0.840625
2945		1.815625
2946		3.884375
2947		4.221875
2948		4.150000
2949		5.168750
2950		5.537500
2951		5.878125
2952		5.300000
2953		5.034375
2954		4.843750
2955		4.312500
2956		3.409375
2957		3.218750
2958		2.331250
2959		1.962500
2960		1.771875
2961		2.156250
2962		2.156250
2963		2.612500
2964		3.115625
2965		3.246875
2966		4.015625
2967		4.696875
2968		5.137500
2969		6.025000
2970		6.615625
2971		7.531250
2972		7.678125
2973		7.384375
2974		7.206250
2975		5.921875
2976		5.093750
2977		4.178125
2978		3.631250
2979		3.409375
2980		4.015625
2981		4.000000
2982		4.178125
2983		4.843750
2984		5.228125
2985		6.100000
2986		6.512500
2987		6.793750
2988		7.368750
2989		7.975000
2990		7.087500
2991		7.309375
2992		6.881250
2993		5.950000
2994		5.434375
2995		4.990625
2996		4.696875
2997		5.065625
2998		5.240625
2999		5.271875
3000		5.418750
3001		5.287500
3002		5.993750
3003		6.171875
3004		6.881250
3005		6.896875
3006		7.309375
3007		7.721875
3008		7.575000
3009		7.606250
3010		7.693750
3011		7.590625
3012		7.206250
3013		6.496875
3014		6.496875
3015		5.553125
3016		5.509375
3017		4.696875
3018		4.621875
3019		4.237500
3020		5.212500
3021		5.418750
3022		6.025000
3023		5.450000
3024		6.215625
3025		6.040625
3026		6.215625
3027		6.437500
3028		5.478125
3029		5.625000
3030		5.612500
3031		5.093750
3032		4.784375
3033		3.825000
3034		3.853125
3035		2.834375
3036		2.968750
3037		2.878125
3038		2.893750
3039		3.662500
3040		3.781250
3041		4.400000
3042		4.800000
3043		5.021875
3044		4.962500
3045		5.359375
3046		5.212500
3047		5.640625
3048		4.946875
3049		5.493750
3050		5.125000
3051		5.093750
3052		5.434375
3053		4.915625
3054		5.065625
3055		5.021875
3056		4.209375
3057		4.475000
3058		4.887500
3059		5.065625
3060		5.109375
3061		4.946875
3062		6.246875
3063		6.290625
3064		6.912500
3065		7.162500
3066		7.028125
3067		7.693750
3068		7.812500
3069		7.531250
3070		7.531250
3071		7.503125
3072		7.471875
3073		7.368750
3074		7.781250
3075		7.400000
3076		7.709375
3077		8.062500
3078		8.240625
3079		8.209375
3080		8.653125
3081		8.581250
3082		9.346875
3083		8.859375
3084		9.156250
3085		8.803125
3086		8.668750
3087		8.359375
3088		8.078125
3089		8.240625
3090		7.650000
3091		7.221875
3092		7.959375
3093		7.650000
3094		7.943750
3095		7.812500
3096		7.678125
3097		7.384375
3098		7.281250
3099		7.618750
3100		7.428125
3101		7.840625
3102		8.121875
3103		7.812500
3104		8.078125
3105		8.106250
3106		7.503125
3107		7.250000
3108		6.496875
3109		6.984375
3110		6.853125
3111		7.028125
3112		6.837500
3113		7.103125
3114		6.940625
3115		7.368750
3116		6.806250
3117		7.043750
3118		6.215625
3119		6.837500
3120		6.896875
3121		7.103125
3122		6.659375
3123		6.587500
3124		6.143750
3125		6.040625
3126		5.184375
3127		5.993750
3128		5.775000
3129		6.262500
3130		6.100000
3131		6.556250
3132		6.984375
3133		7.237500
3134		7.087500
3135		6.425000
3136		5.509375
3137		6.393750
3138		5.137500
3139		5.775000
3140		5.212500
3141		4.946875
3142		4.031250
3143		4.209375
3144		3.559375
3145		3.396875
3146		2.537500
3147		2.450000
3148		2.893750
3149		2.806250
3150		2.818750
3151		2.968750
3152		2.806250
3153		3.143750
3154		4.103125
3155		4.443750
3156		5.375000
3157		6.750000
3158		6.984375
3159		7.618750
3160		6.940625
3161		6.365625
3162		5.878125
3163		4.475000
3164		3.618750
3165		2.584375
3166		1.800000
3167		1.518750
3168		0.412500
3169		0.634375
3170		0.943750
3171		1.284375
3172		2.525000
3173		2.671875
3174		2.834375
3175		3.571875
3176		4.400000
3177		4.356250
3178		5.065625
3179		4.768750
3180		4.546875
3181		4.428125
3182		5.021875
3183		5.359375
3184		4.740625
3185		4.325000
3186		3.456250
3187		2.184375
3188		1.550000
3189		1.490625
3190		1.371875
3191		1.490625
3192		2.465625
3193		3.571875
3194		4.843750
3195		6.290625
3196		8.268750
3197		7.384375
3198		7.721875
3199		7.753125
3200		7.087500
3201		7.768750
3202		6.837500
3203		6.643750
3204		5.450000
3205		4.606250
3206		4.059375
3207		3.809375
3208		3.618750
3209		3.468750
3210		4.312500
3211		4.768750
3212		4.843750
3213		6.025000
3214		6.378125
3215		7.250000
3216		8.209375
3217		8.403125
3218		8.756250
3219		8.581250
3220		8.756250
3221		8.300000
3222		8.093750
3223		7.840625
3224		6.750000
3225		5.846875
3226		4.650000
3227		3.825000
3228		3.809375
3229		3.571875
3230		3.528125
3231		4.209375
3232		5.006250
3233		5.728125
3234		6.128125
3235		6.865625
3236		7.384375
3237		7.221875
3238		7.606250
3239		7.075000
3240		7.428125
3241		6.571875
3242		6.187500
3243		5.775000
3244		5.125000
3245		4.709375
3246		4.356250
3247		3.706250
3248		3.721875
3249		3.293750
3250		4.000000
3251		4.546875
3252		4.696875
3253		5.640625
3254		5.684375
3255		5.981250
3256		6.025000
3257		5.803125
3258		6.025000
3259		5.034375
3260		5.256250
3261		4.887500
3262		4.871875
3263		3.928125
3264		4.059375
3265		3.071875
3266		2.937500
3267		1.696875
3268		2.596875
3269		2.259375
3270		3.084375
3271		3.025000
3272		3.928125
3273		4.134375
3274		4.428125
3275		4.546875
3276		4.725000
3277		4.075000
3278		4.281250
3279		3.884375
3280		3.675000
3281		3.706250
3282		3.218750
3283		2.746875
3284		2.481250
3285		1.875000
3286		2.006250
3287		2.021875
3288		2.612500
3289		2.346875
3290		2.628125
3291		2.996875
3292		3.409375
3293		3.587500
3294		3.293750
3295		3.587500
3296		3.662500
3297		3.940625
3298		4.325000
3299		4.209375
3300		4.103125
3301		3.675000
3302		3.218750
3303		2.996875
3304		2.700000
3305		3.187500
3306		2.643750
3307		2.140625
3308		2.140625
3309		2.584375
3310		2.140625
3311		2.628125
3312		2.671875
3313		2.909375
3314		2.746875
3315		3.721875
3316		3.662500
3317		3.603125
3318		3.559375
3319		3.468750
3320		3.321875
3321		3.143750
3322		3.143750
3323		3.262500
3324		2.862500
3325		2.862500
3326		2.818750
3327		1.800000
3328		1.681250
3329		1.296875
3330		1.296875
3331		1.078125
3332		0.987500
3333		1.668750
3334		1.356250
3335		2.006250
3336		2.125000
3337		2.375000
3338		2.628125
3339		2.568750
3340		2.212500
3341		2.243750
3342		1.993750
3343		2.228125
3344		1.978125
3345		2.434375
3346		2.021875
3347		1.078125
3348		0.146875
3349		-0.090625
3350		-0.784375
3351		-0.990625
3352		-1.256250
3353		-1.109375
3354		-2.025000
3355		-1.359375
3356		-1.109375
3357		-1.050000
3358		-0.975000
3359		-0.887500
3360		-0.725000
3361		-0.325000
3362		-0.162500
3363		0.737500
3364		0.000000
3365		-0.134375
3366		-0.400000
3367		-0.621875
3368		-1.109375
3369		-1.625000
3370		-1.775000
3371		-2.290625
3372		-2.468750
3373		-2.540625
3374		-2.809375
3375		-2.646875
3376		-2.793750
3377		-2.675000
3378		-2.675000
3379		-2.881250
3380		-2.690625
3381		-1.981250
3382		-1.965625
3383		-1.359375
3384		-1.406250
3385		-1.625000
3386		-1.375000
3387		-1.625000
3388		-1.656250
3389		-2.365625
3390		-2.246875
3391		-2.646875
3392		-3.146875
3393		-2.425000
3394		-3.103125
3395		-3.178125
3396		-3.725000
3397		-3.443750
3398		-3.400000
3399		-3.840625
3400		-3.546875
3401		-3.546875
3402		-3.650000
3403		-3.487500
3404		-3.634375
3405		-4.018750
3406		-3.693750
3407		-4.387500
3408		-4.490625
3409		-5.231250
3410		-4.934375
3411		-5.009375
3412		-5.334375
3413		-5.393750
3414		-5.215625
3415		-5.659375
3416		-5.275000
3417		-5.525000
3418		-5.393750
3419		-5.968750
3420		-5.140625
3421		-5.128125
3422		-5.025000
3423		-4.712500
3424		-4.712500
3425		-4.862500
3426		-4.950000
3427		-5.334375
3428		-5.525000
3429		-5.687500
3430		-5.615625
3431		-5.512500
3432		-5.671875
3433		-5.406250
3434		-5.643750
3435		-5.821875
3436		-5.496875
3437		-5.453125
3438		-5.378125
3439		-5.940625
3440		-5.909375
3441		-5.762500
3442		-6.028125
3443		-6.012500
3444		-5.671875
3445		-5.909375
3446		-5.643750
3447		-5.556250
3448		-5.893750
3449		-5.584375
3450		-5.584375
3451		-5.953125
3452		-5.731250
3453		-5.687500
3454		-5.865625
3455		-5.584375
3456		-5.393750
3457		-5.540625
3458		-5.171875
3459		-5.421875
3460		-5.318750
3461		-5.243750
3462		-5.778125
3463		-5.334375
3464		-5.350000
3465		-5.303125
3466		-5.243750
3467		-5.643750
3468		-5.893750
3469		-6.265625
3470		-6.265625
3471		-6.309375
3472		-6.796875
3473		-6.693750
3474		-7.003125
3475		-6.721875
3476		-7.121875
3477		-7.696875
3478		-7.681250
3479		-8.021875
3480		-8.021875
3481		-7.343750
3482		-7.446875
3483		-7.240625
3484		-7.415625
3485		-8.421875
3486		-9.365625
3487		-9.425000
3488		-8.981250
3489		-7.637500
3490		-5.834375
3491		-3.768750
3492		-2.275000
3493		-0.621875
3494		-0.443750
3495		0.484375
3496		-0.031250
3497		-0.415625
3498		-1.803125
3499		-2.956250
3500		-4.387500
3501		-5.081250
3502		-6.353125
3503		-6.396875
3504		-6.971875
3505		-7.593750
3506		-8.671875
3507		-9.750000
3508		-11.300000
3509		-12.837500
3510		-13.737500
3511		-14.256250
3512		-14.668750
3513		-13.915625
3514		-12.112500
3515		-8.715625
3516		-5.806250
3517		-2.971875
3518		-0.665625
3519		0.337500
3520		-0.150000
3521		-0.887500
3522		-2.350000
3523		-3.590625
3524		-5.718750
3525		-6.646875
3526		-8.168750
3527		-8.850000
3528		-9.056250
3529		-8.981250
3530		-8.493750
3531		-8.184375
3532		-7.165625
3533		-6.012500
3534		-5.496875
3535		-4.062500
3536		-4.137500
3537		-3.650000
3538		-3.678125
3539		-3.459375
3540		-3.059375
3541		-2.084375
3542		-1.950000
3543		-2.203125
3544		-3.118750
3545		-4.581250
3546		-6.278125
3547		-7.918750
3548		-10.000000
3549		-11.775000
3550		-12.040625
3551		-11.803125
3552		-9.734375
3553		-7.225000
3554		-4.978125
3555		-3.087500
3556		-1.256250
3557		0.087500
3558		1.534375
3559		1.756250
3560		1.121875
3561		-0.871875
3562		-2.793750
3563		-4.831250
3564		-5.968750
3565		-8.509375
3566		-9.778125
3567		-11.418750
3568		-11.553125
3569		-12.084375
3570		-10.503125
3571		-9.750000
3572		-8.390625
3573		-7.903125
3574		-7.003125
3575		-6.115625
3576		-4.906250
3577		-4.934375
3578		-5.243750
3579		-5.481250
3580		-5.231250
3581		-6.131250
3582		-6.603125
3583		-7.284375
3584		-7.712500
3585		-8.715625
3586		-9.293750
3587		-10.518750
3588		-10.621875
3589		-11.450000
3590		-10.325000
3591		-10.800000
3592		-9.884375
3593		-8.168750
3594		-6.678125
3595		-5.909375
3596		-5.215625
3597		-4.418750
3598		-4.018750
3599		-4.050000
3600		-5.481250
3601		-7.062500
3602		-8.287500
3603		-9.750000
3604		-10.621875
3605		-11.196875
3606		-11.271875
3607		-11.196875
3608		-10.059375
3609		-9.425000
3610		-8.156250
3611		-7.387500
3612		-6.159375
3613		-5.865625
3614		-5.053125
3615		-4.315625
3616		-4.268750
3617		-4.625000
3618		-4.418750
3619		-5.525000
3620		-5.778125
3621		-6.337500
3622		-6.987500
3623		-7.831250
3624		-8.303125
3625		-8.271875
3626		-7.978125
3627		-7.962500
3628		-7.534375
3629		-7.078125
3630		-6.603125
3631		-6.012500
3632		-5.053125
3633		-5.009375
3634		-3.753125
3635		-3.206250
3636		-2.290625
3637		-2.896875
3638		-2.690625
3639		-3.621875
3640		-4.225000
3641		-5.243750
3642		-6.531250
3643		-6.603125
3644		-6.900000
3645		-6.634375
3646		-6.218750
3647		-6.265625
3648		-5.790625
3649		-5.275000
3650		-4.328125
3651		-3.606250
3652		-3.178125
3653		-2.762500
3654		-2.865625
3655		-2.912500
3656		-3.250000
3657		-3.796875
3658		-4.165625
3659		-5.243750
3660		-5.350000
3661		-5.406250
3662		-5.496875
3663		-5.465625
3664		-5.465625
3665		-5.025000
3666		-4.787500
3667		-2.778125
3668		-3.471875
3669		-2.587500
3670		-2.540625
3671		-2.171875
3672		-1.846875
3673		-2.068750
3674		-2.409375
3675		-2.025000
3676		-2.393750
3677		-2.425000
3678		-2.940625
3679		-3.384375
3680		-4.565625
3681		-4.565625
3682		-5.187500
3683		-5.140625
3684		-5.243750
3685		-4.003125
3686		-3.915625
3687		-3.678125
3688		-3.606250
3689		-3.296875
3690		-3.503125
3691		-3.206250
3692		-3.103125
3693		-3.575000
3694		-3.562500
3695		-4.565625
3696		-4.787500
3697		-4.315625
3698		-5.687500
3699		-5.865625
3700		-6.500000
3701		-6.721875
3702		-6.456250
3703		-6.131250
3704		-5.615625
3705		-4.431250
3706		-4.712500
3707		-4.418750
3708		-4.478125
3709		-3.781250
3710		-4.196875
3711		-3.546875
3712		-3.621875
3713		-3.943750
3714		-4.284375
3715		-4.240625
3716		-4.743750
3717		-4.212500
3718		-4.300000
3719		-4.121875
3720		-4.462500
3721		-4.537500
3722		-4.418750
3723		-4.490625
3724		-3.990625
3725		-3.725000
3726		-3.471875
3727		-2.778125
3728		-2.587500
3729		-1.878125
3730		-1.965625
3731		-1.509375
3732		-1.153125
3733		-1.834375
3734		-1.493750
3735		-2.128125
3736		-1.937500
3737		-1.803125
3738		-1.862500
3739		-2.571875
3740		-2.275000
3741		-1.937500
3742		-1.581250
3743		-1.878125
3744		-1.065625
3745		-0.812500
3746		-0.768750
3747		-0.503125
3748		-1.050000
3749		-0.887500
3750		-0.859375
3751		-1.021875
3752		-0.843750
3753		-1.596875
3754		-1.521875
3755		-1.846875
3756		-1.581250
3757		-1.803125
3758		-0.990625
3759		-1.612500
3760		-1.671875
3761		-1.921875
3762		-1.656250
3763		-2.437500
3764		-1.137500
3765		-1.775000
3766		-0.843750
3767		-0.990625
3768		-0.725000
3769		-0.709375
3770		-0.709375
3771		-1.212500
3772		-1.315625
3773		-1.315625
3774		-1.093750
3775		-1.184375
3776		-0.768750
3777		-0.903125
3778		-0.871875
3779		-0.918750
3780		-0.871875
3781		-0.725000
3782		-0.546875
3783		-0.800000
3784		-0.665625
3785		-0.150000
3786		-0.384375
3787		-0.281250
3788		-1.065625
3789		-0.903125
3790		-1.137500
3791		-1.168750
3792		-0.665625
3793		-0.650000
3794		-1.065625
3795		-0.918750
3796		-0.253125
3797		0.353125
3798		0.146875
3799		0.678125
3800		0.412500
3801		-0.178125
3802		-0.281250
3803		-1.081250
3804		-1.034375
3805		-2.025000
3806		-1.996875
3807		-2.262500
3808		-2.631250
3809		-3.146875
3810		-3.015625
3811		-4.212500
3812		-3.737500
3813		-3.915625
3814		-3.725000
3815		-4.196875
3816		-3.515625
3817		-3.768750
3818		-2.971875
3819		-2.215625
3820		-0.756250
3821		0.428125
3822		0.678125
3823		1.018750
3824		1.343750
3825		1.181250
3826		0.484375
3827		0.234375
3828		-1.287500
3829		-1.671875
3830		-3.000000
3831		-3.503125
3832		-4.506250
3833		-4.018750
3834		-4.537500
3835		-3.678125
3836		-3.443750
3837		-2.659375
3838		-2.365625
3839		-1.168750
3840		-0.681250
3841		0.218750
3842		0.765625
3843		0.590625
3844		1.415625
3845		1.490625
3846		1.815625
3847		2.156250
3848		1.815625
3849		1.946875
3850		1.550000
3851		0.559375
3852		-0.356250
3853		-0.725000
3854		-0.843750
3855		-0.637500
3856		-0.046875
3857		1.003125
3858		1.668750
3859		3.100000
3860		4.118750
3861		4.887500
3862		5.553125
3863		5.684375
3864		5.775000
3865		5.890625
3866		5.671875
3867		5.125000
3868		3.618750
3869		3.100000
3870		2.553125
3871		1.800000
3872		1.343750
3873		1.506250
3874		1.268750
3875		1.637500
3876		2.775000
3877		3.131250
3878		3.425000
3879		4.753125
3880		5.390625
3881		5.625000
3882		5.300000
3883		5.950000
3884		6.053125
3885		5.878125
3886		5.700000
3887		5.184375
3888		4.487500
3889		4.237500
3890		3.040625
3891		2.450000
3892		1.859375
3893		1.621875
3894		1.668750
3895		1.784375
3896		2.537500
3897		3.306250
3898		3.631250
3899		4.871875
3900		5.256250
3901		5.965625
3902		5.993750
3903		6.512500
3904		6.468750
3905		5.787500
3906		5.656250
3907		5.965625
3908		4.931250
3909		4.962500
3910		4.503125
3911		3.721875
3912		3.425000
3913		3.396875
3914		2.434375
3915		4.253125
3916		4.650000
3917		5.418750
3918		5.700000
3919		6.068750
3920		6.468750
3921		6.112500
3922		6.275000
3923		6.318750
3924		6.468750
3925		6.112500
3926		5.831250
3927		5.759375
3928		5.359375
3929		4.650000
3930		4.709375
3931		4.031250
3932		4.296875
3933		4.118750
3934		4.415625
3935		4.725000
3936		5.315625
3937		5.315625
3938		5.565625
3939		5.921875
3940		6.762500
3941		6.734375
3942		7.131250
3943		6.837500
3944		6.793750
3945		6.275000
3946		6.203125
3947		5.625000
3948		5.906250
3949		4.990625
3950		4.975000
3951		4.400000
3952		4.709375
3953		3.971875
3954		4.990625
3955		4.768750
3956		5.553125
3957		5.803125
3958		6.128125
3959		6.306250
3960		6.512500
3961		6.571875
3962		6.734375
3963		6.496875
3964		6.659375
3965		6.378125
3966		6.025000
3967		6.171875
3968		6.203125
3969		5.759375
3970		6.112500
3971		5.553125
3972		5.300000
3973		5.034375
3974		5.553125
3975		5.684375
3976		5.684375
3977		6.453125
3978		6.378125
3979		6.853125
3980		7.943750
3981		7.871875
3982		8.462500
3983		8.046875
3984		7.353125
3985		7.665625
3986		7.325000
3987		7.471875
3988		7.028125
3989		5.950000
3990		6.275000
3991		6.112500
3992		5.581250
3993		5.034375
3994		5.434375
3995		5.493750
3996		5.684375
3997		5.359375
3998		5.375000
3999		6.040625
4000		6.409375
4001		6.615625
4002		7.721875
4003		7.606250
4004		8.268750
4005		8.343750
4006		8.181250
4007		8.418750
4008		8.550000
4009		9.215625
4010		8.918750
4011		9.421875
4012		8.093750
4013		8.093750
4014		7.840625
4015		7.975000
4016		7.250000
4017		7.325000
4018		6.718750
4019		7.178125
4020		7.075000
4021		7.075000
4022		6.600000
4023		6.659375
4024		5.775000
4025		6.865625
4026		6.512500
4027		7.028125
4028		6.318750
4029		7.131250
4030		7.678125
4031		6.615625
4032		6.778125
4033		6.334375
4034		6.084375
4035		5.671875
4036		5.315625
4037		5.625000
4038		5.228125
4039		4.887500
4040		4.637500
4041		4.887500
4042		4.443750
4043		4.237500
4044		4.000000
4045		4.103125
4046		4.518750
4047		4.637500
4048		5.034375
4049		5.212500
4050		4.696875
4051		4.768750
4052		4.800000
4053		3.912500
4054		4.428125
4055		4.281250
4056		4.209375
4057		3.956250
4058		4.046875
4059		3.837500
4060		4.059375
4061		3.721875
4062		4.356250
4063		3.440625
4064		3.143750
4065		3.218750
4066		3.468750
4067		4.031250
4068		2.156250
4069		3.912500
4070		3.940625
4071		4.178125
4072		3.765625
4073		4.075000
4074		3.912500
4075		4.178125
4076		3.721875
4077		4.475000
4078		4.059375
4079		4.221875
4080		4.059375
4081		4.518750
4082		4.415625
4083		4.503125
4084		4.178125
4085		4.725000
4086		4.312500
4087		4.637500
4088		4.843750
4089		5.700000
4090		4.915625
4091		4.871875
4092		5.078125
4093		4.843750
4094		4.990625
4095		5.153125
4096		4.725000
4097		5.184375
4098		5.256250
4099		5.240625
4100		5.065625
4101		5.240625
4102		4.843750
4103		4.931250
4104		5.021875
4105		4.371875
4106		4.237500
4107		4.518750
4108		4.475000
4109		4.590625
4110		4.443750
4111		3.781250
4112		5.184375
4113		4.534375
4114		4.281250
4115		4.221875
4116		4.059375
4117		4.059375
4118		4.193750
4119		4.503125
4120		4.621875
4121		4.296875
4122		4.812500
4123		4.415625
4124		4.281250
4125		4.237500
4126		4.650000
4127		4.621875
4128		4.753125
4129		4.443750
4130		4.400000
4131		4.150000
4132		4.209375
4133		3.321875
4134		3.928125
4135		3.750000
4136		4.281250
4137		3.365625
4138		3.425000
4139		4.178125
4140		3.025000
4141		1.946875
4142		2.331250
4143		2.287500
4144		2.700000
4145		2.553125
4146		2.850000
4147		3.025000
4148		3.218750
4149		2.303125
4150		1.062500
4151		0.603125
4152		0.753125
4153		1.490625
4154		3.543750
4155		5.403125
4156		7.237500
4157		8.756250
4158		9.496875
4159		10.100000
4160		10.634375
4161		10.278125
4162		9.021875
4163		7.412500
4164		5.921875
4165		4.843750
4166		4.221875
4167		3.646875
4168		3.218750
4169		3.025000
4170		2.109375
4171		0.218750
4172		-0.253125
4173		-1.996875
4174		-3.250000
4175		-3.515625
4176		-4.771875
4177		-4.196875
4178		-2.587500
4179		-0.325000
4180		2.921875
4181		5.803125
4182		8.284375
4183		9.171875
4184		10.146875
4185		9.334375
4186		8.046875
4187		6.143750
4188		5.287500
4189		3.143750
4190		1.296875
4191		0.706250
4192		0.218750
4193		0.012500
4194		1.193750
4195		0.678125
4196		1.800000
4197		2.228125
4198		3.706250
4199		4.415625
4200		5.256250
4201		4.696875
4202		4.962500
4203		5.346875
4204		5.537500
4205		6.290625
4206		6.734375
4207		7.131250
4208		6.540625
4209		4.962500
4210		3.987500
4211		1.890625
4212		-0.237500
4213		-1.478125
4214		-2.809375
4215		-2.896875
4216		-1.981250
4217		0.337500
4218		2.450000
4219		4.578125
4220		6.821875
4221		8.653125
4222		10.131250
4223		10.662500
4224		10.662500
4225		9.481250
4226		7.015625
4227		4.503125
4228		3.071875
4229		0.959375
4230		-0.665625
4231		-2.187500
4232		-2.215625
4233		-2.512500
4234		-2.053125
4235		-0.990625
4236		0.218750
4237		0.809375
4238		1.696875
4239		2.818750
4240		3.706250
4241		4.768750
4242		4.725000
4243		4.843750
4244		4.237500
4245		3.853125
4246		3.306250
4247		2.584375
4248		1.784375
4249		0.381250
4250		-0.031250
4251		-0.975000
4252		-1.640625
4253		-1.581250
4254		-2.631250
4255		-1.434375
4256		-1.287500
4257		0.146875
4258		1.490625
4259		3.143750
4260		3.793750
4261		4.637500
4262		4.784375
4263		5.271875
4264		3.543750
4265		2.700000
4266		1.403125
4267		-0.075000
4268		-1.256250
4269		-1.684375
4270		-2.496875
4271		-2.496875
4272		-2.734375
4273		-1.168750
4274		-0.887500
4275		0.175000
4276		1.343750
4277		1.578125
4278		2.346875
4279		3.025000
4280		3.262500
4281		3.262500
4282		2.390625
4283		2.643750
4284		1.371875
4285		1.046875
4286		0.381250
4287		-0.178125
4288		-0.384375
4289		-1.212500
4290		-1.065625
4291		-1.137500
4292		-0.784375
4293		-0.237500
4294		0.087500
4295		0.115625
4296		1.371875
4297		1.771875
4298		3.293750
4299		3.321875
4300		4.046875
4301		4.000000
4302		4.103125
4303		3.618750
4304		2.850000
4305		1.815625
4306		0.753125
4307		-0.118750
4308		0.103125
4309		-0.431250
4310		0.071875
4311		0.159375
4312		0.943750
4313		1.225000
4314		2.037500
4315		2.656250
4316		3.115625
4317		3.571875
4318		3.293750
4319		3.246875
4320		2.671875
4321		2.731250
4322		2.050000
4323		1.284375
4324		0.618750
4325		0.531250
4326		0.412500
4327		-0.475000
4328		-0.325000
4329		-0.384375
4330		-0.031250
4331		-0.015625
4332		0.781250
4333		1.312500
4334		1.609375
4335		1.712500
4336		2.156250
4337		1.343750
4338		1.993750
4339		1.653125
4340		2.156250
4341		0.856250
4342		0.737500
4343		0.043750
4344		-0.768750
4345		-1.656250
4346		-2.143750
4347		-2.615625
4348		-2.290625
4349		-2.468750
4350		-1.937500
4351		-1.375000
4352		-1.625000
4353		-1.331250
4354		-1.553125
4355		-1.775000
4356		-1.434375
4357		-2.025000
4358		-1.671875
4359		-2.365625
4360		-2.809375
4361		-3.146875
4362		-3.531250
4363		-4.165625
4364		-4.137500
4365		-4.609375
4366		-4.478125
4367		-4.137500
4368		-3.840625
4369		-3.650000
4370		-3.028125
4371		-2.675000
4372		-2.437500
4373		-1.950000
4374		-1.759375
4375		-1.684375
4376		-1.553125
4377		-1.878125
4378		-2.025000
4379		-1.950000
4380		-2.112500
4381		-1.596875
4382		-2.159375
4383		-1.862500
4384		-2.143750
4385		-2.053125
4386		-2.009375
4387		-2.231250
4388		-2.393750
4389		-2.084375
4390		-1.521875
4391		-0.975000
4392		-0.709375
4393		-0.193750
4394		0.337500
4395		-0.031250
4396		-0.237500
4397		-0.253125
4398		-0.237500
4399		-0.665625
4400		-0.562500
4401		-0.431250
4402		-1.256250
4403		-0.784375
4404		-1.093750
4405		-1.184375
4406		-0.709375
4407		-1.109375
4408		-1.021875
4409		-0.740625
4410		-0.518750
4411		-0.578125
4412		-0.887500
4413		-1.125000
4414		-1.331250
4415		-1.331250
4416		-1.612500
4417		-1.862500
4418		-2.350000
4419		-2.365625
4420		-2.484375
4421		-2.100000
4422		-2.912500
4423		-2.571875
4424		-2.809375
4425		-3.190625
4426		-3.134375
4427		-3.353125
4428		-3.296875
4429		-2.940625
4430		-2.837500
4431		-2.468750
4432		-2.925000
4433		-2.762500
4434		-2.821875
4435		-2.881250
4436		-3.206250
4437		-3.503125
4438		-3.575000
4439		-3.459375
4440		-3.250000
4441		-3.059375
4442		-3.725000
4443		-3.206250
4444		-3.206250
4445		-3.812500
4446		-2.984375
4447		-3.134375
4448		-3.737500
4449		-2.940625
4450		-2.984375
4451		-3.325000
4452		-3.650000
4453		-3.650000
4454		-4.121875
4455		-3.828125
4456		-3.812500
4457		-3.990625
4458		-3.693750
4459		-3.796875
4460		-3.693750
4461		-3.134375
4462		-2.734375
4463		-2.496875
4464		-2.896875
4465		-2.734375
4466		-3.400000
4467		-3.768750
4468		-4.165625
4469		-4.387500
4470		-4.625000
4471		-5.215625
4472		-5.821875
4473		-5.746875
4474		-6.321875
4475		-6.900000
4476		-7.253125
4477		-7.562500
4478		-7.284375
4479		-7.593750
4480		-7.090625
4481		-7.090625
4482		-6.928125
4483		-6.131250
4484		-5.259375
4485		-4.537500
4486		-3.575000
4487		-3.503125
4488		-2.587500
4489		-2.631250
4490		-2.793750
4491		-3.503125
4492		-4.315625
4493		-5.568750
4494		-6.706250
4495		-7.725000
4496		-8.125000
4497		-9.159375
4498		-8.790625
4499		-9.440625
4500		-8.731250
4501		-8.271875
4502		-8.006250
4503		-7.312500
4504		-7.018750
4505		-6.265625
4506		-5.687500
4507		-5.525000
4508		-4.684375
4509		-5.421875
4510		-5.243750
4511		-5.156250
4512		-5.140625
4513		-5.334375
4514		-5.821875
4515		-6.753125
4516		-7.150000
4517		-8.421875
4518		-8.037500
4519		-8.775000
4520		-8.525000
4521		-7.740625
4522		-7.475000
4523		-6.131250
4524		-4.462500
4525		-3.900000
4526		-2.853125
4527		-2.556250
4528		-2.571875
4529		-2.468750
4530		-2.631250
4531		-2.187500
4532		-3.250000
4533		-4.181250
4534		-4.815625
4535		-5.243750
4536		-6.028125
4537		-6.043750
4538		-6.131250
4539		-5.746875
4540		-5.362500
4541		-4.375000
4542		-4.018750
4543		-3.059375
4544		-2.100000
4545		-1.818750
4546		-1.759375
4547		-1.359375
4548		-0.546875
4549		-0.621875
4550		-1.168750
4551		-1.434375
4552		-1.921875
4553		-2.321875
4554		-3.206250
4555		-4.212500
4556		-4.581250
4557		-5.600000
4558		-5.025000
4559		-5.053125
4560		-4.359375
4561		-4.050000
4562		-3.546875
4563		-2.793750
4564		-2.306250
4565		-1.656250
4566		-1.478125
4567		-1.684375
4568		-1.287500
4569		-1.818750
4570		-1.715625
4571		-2.437500
4572		-3.237500
4573		-3.678125
4574		-4.700000
4575		-4.756250
4576		-5.303125
4577		-5.671875
4578		-5.850000
4579		-4.906250
4580		-5.231250
4581		-4.668750
4582		-3.737500
4583		-3.840625
4584		-4.165625
4585		-3.678125
4586		-3.812500
4587		-3.693750
4588		-3.796875
4589		-4.212500
4590		-4.431250
4591		-4.537500
4592		-5.009375
4593		-5.350000
4594		-6.293750
4595		-5.953125
4596		-6.484375
4597		-6.531250
4598		-6.190625
4599		-6.056250
4600		-4.993750
4601		-4.965625
4602		-5.200000
4603		-4.196875
4604		-4.225000
4605		-3.678125
4606		-3.621875
4607		-3.709375
4608		-3.871875
4609		-4.225000
4610		-4.153125
4611		-4.300000
4612		-5.406250
4613		-4.684375
4614		-5.156250
4615		-5.171875
4616		-5.865625
4617		-4.743750
4618		-5.009375
4619		-4.771875
4620		-4.506250
4621		-3.900000
4622		-3.515625
4623		-2.690625
4624		-3.575000
4625		-2.425000
4626		-3.028125
4627		-3.059375
4628		-2.984375
4629		-3.206250
4630		-3.975000
4631		-3.943750
4632		-3.887500
4633		-3.796875
4634		-4.537500
4635		-4.565625
4636		-5.037500
4637		-5.215625
4638		-4.950000
4639		-4.846875
4640		-5.231250
4641		-4.581250
4642		-4.050000
4643		-3.943750
4644		-3.428125
4645		-2.793750
4646		-3.134375
4647		-3.028125
4648		-2.940625
4649		-2.734375
4650		-2.837500
4651		-2.571875
4652		-3.087500
4653		-2.703125
4654		-3.412500
4655		-4.256250
4656		-4.240625
4657		-4.431250
4658		-4.153125
4659		-3.753125
4660		-4.315625
4661		-4.212500
4662		-4.137500
4663		-3.887500
4664		-3.206250
4665		-2.956250
4666		-2.393750
4667		-2.484375
4668		-2.040625
4669		-1.906250
4670		-1.684375
4671		-2.350000
4672		-1.803125
4673		-1.478125
4674		-1.596875
4675		-1.462500
4676		-1.450000
4677		-2.496875
4678		-2.512500
4679		-2.425000
4680		-2.571875
4681		-2.956250
4682		-2.809375
4683		-2.762500
4684		-2.128125
4685		-2.378125
4686		-2.143750
4687		-2.631250
4688		-2.571875
4689		-2.881250
4690		-2.631250
4691		-3.043750
4692		-2.275000
4693		-2.631250
4694		-2.540625
4695		-2.350000
4696		-3.459375
4697		-3.325000
4698		-3.309375
4699		-3.162500
4700		-3.915625
4701		-4.165625
4702		-3.900000
4703		-3.753125
4704		-4.165625
4705		-4.359375
4706		-4.565625
4707		-4.771875
4708		-4.653125
4709		-4.875000
4710		-5.009375
4711		-4.462500
4712		-4.165625
4713		-4.093750
4714		-3.943750
4715		-4.609375
4716		-5.037500
4717		-5.096875
4718		-5.215625
4719		-5.231250
4720		-5.275000
4721		-5.053125
4722		-5.156250
4723		-5.275000
4724		-5.762500
4725		-5.659375
4726		-5.671875
4727		-5.421875
4728		-6.440625
4729		-5.615625
4730		-5.834375
4731		-5.671875
4732		-5.025000
4733		-5.746875
4734		-5.421875
4735		-5.865625
4736		-5.909375
4737		-5.378125
4738		-5.659375
4739		-5.984375
4740		-5.556250
4741		-5.687500
4742		-5.568750
4743		-5.600000
4744		-5.215625
4745		-5.615625
4746		-5.481250
4747		-4.950000
4748		-5.243750
4749		-5.453125
4750		-5.156250
4751		-5.303125
4752		-4.609375
4753		-4.831250
4754		-4.121875
4755		-4.256250
4756		-4.165625
4757		-4.181250
4758		-4.565625
4759		-4.462500
4760		-4.403125
4761		-4.653125
4762		-3.990625
4763		-4.684375
4764		-3.634375
4765		-3.828125
4766		-3.943750
4767		-3.650000
4768		-4.300000
4769		-3.590625
4770		-4.284375
4771		-3.931250
4772		-4.018750
4773		-3.768750
4774		-3.975000
4775		-3.428125
4776		-3.428125
4777		-3.190625
4778		-3.678125
4779		-3.412500
4780		-3.871875
4781		-3.309375
4782		-3.221875
4783		-2.881250
4784		-3.237500
4785		-2.734375
4786		-3.146875
4787		-2.365625
4788		-3.503125
4789		-2.496875
4790		-2.425000
4791		-2.275000
4792		-1.950000
4793		-2.321875
4794		-2.587500
4795		-2.112500
4796		-3.015625
4797		-2.718750
4798		-3.725000
4799		-2.215625
4800		-3.103125
4801		-3.250000
4802		-3.178125
4803		-3.575000
4804		-3.887500
4805		-3.753125
4806		-3.725000
4807		-3.621875
4808		-3.959375
4809		-4.181250
4810		-3.975000
4811		-4.137500
4812		-3.678125
4813		-3.915625
4814		-4.478125
4815		-5.540625
4816		-5.893750
4817		-5.671875
4818		-4.506250
4819		-2.646875
4820		-1.125000
4821		0.971875
4822		2.700000
4823		3.468750
4824		4.103125
4825		4.903125
4826		4.150000
4827		3.543750
4828		1.696875
4829		0.825000
4830		-0.162500
4831		-0.606250
4832		-1.434375
4833		-1.256250
4834		-1.803125
4835		-2.631250
4836		-3.678125
4837		-4.950000
4838		-6.943750
4839		-7.934375
4840		-8.937500
4841		-9.012500
4842		-8.168750
4843		-6.706250
4844		-3.650000
4845		-1.406250
4846		2.450000
4847		4.637500
4848		6.053125
4849		6.734375
4850		6.643750
4851		5.434375
4852		4.665625
4853		2.671875
4854		1.134375
4855		-0.637500
4856		-1.553125
4857		-2.290625
4858		-2.587500
4859		-2.009375
4860		-1.093750
4861		-0.356250
4862		1.106250
4863		1.578125
4864		2.318750
4865		2.481250
4866		3.040625
4867		3.071875
4868		3.143750
4869		3.468750
4870		4.871875
4871		4.665625
4872		4.990625
4873		4.221875
4874		3.056250
4875		1.181250
4876		-0.621875
4877		-2.659375
4878		-4.106250
4879		-5.128125
4880		-5.350000
4881		-4.359375
4882		-2.778125
4883		-0.593750
4884		1.918750
4885		3.793750
4886		5.950000
4887		7.618750
4888		7.900000
4889		8.137500
4890		6.806250
4891		4.384375
4892		2.287500
4893		0.825000
4894		-1.315625
4895		-2.971875
4896		-4.003125
4897		-4.268750
4898		-4.343750
4899		-3.871875
4900		-3.028125
4901		-1.803125
4902		-0.725000
4903		0.484375
4904		1.831250
4905		3.100000
4906		3.734375
4907		4.103125
4908		3.825000
4909		3.662500
4910		3.559375
4911		2.731250
4912		2.628125
4913		1.446875
4914		0.809375
4915		0.634375
4916		-0.150000
4917		-0.725000
4918		-0.725000
4919		-1.803125
4920		-0.812500
4921		-0.475000
4922		0.928125
4923		2.168750
4924		4.221875
4925		4.518750
4926		5.315625
4927		5.878125
4928		5.950000
4929		4.871875
4930		4.534375
4931		2.834375
4932		1.696875
4933		0.484375
4934		-0.696875
4935		-0.918750
4936		-0.812500
4937		-0.534375
4938		0.456250
4939		1.165625
4940		2.390625
4941		3.425000
4942		4.487500
4943		5.168750
4944		5.493750
4945		5.950000
4946		5.478125
4947		5.212500
4948		4.946875
4949		4.459375
4950		3.825000
4951		2.850000
4952		3.484375
4953		1.946875
4954		1.446875
4955		1.756250
4956		1.534375
4957		2.406250
4958		2.921875
4959		2.921875
4960		3.396875
4961		4.150000
4962		4.962500
4963		5.906250
4964		6.365625
4965		6.896875
4966		6.793750
4967		7.353125
4968		6.690625
4969		6.306250
4970		5.256250
4971		4.000000
4972		3.246875
4973		3.246875
4974		3.543750
4975		3.706250
4976		3.853125
4977		4.637500
4978		4.725000
4979		5.612500
4980		5.937500
4981		6.718750
4982		6.615625
4983		8.078125
4984		6.865625
4985		6.881250
4986		5.993750
4987		5.803125
4988		4.546875
4989		4.325000
4990		4.371875
4991		4.103125
4992		4.059375
4993		4.475000
4994		4.400000
4995		4.915625
4996		2.806250
4997		5.656250
4998		6.084375
4999		6.556250
5000		6.750000
5001		7.412500
5002		6.881250
5003		7.178125
5004		7.515625
5005		7.059375
5006		6.762500
5007		6.600000
5008		6.215625
5009		5.700000
5010		5.625000
5011		4.887500
5012		4.696875
5013		4.903125
5014		5.375000
5015		5.450000
5016		5.759375
5017		6.246875
5018		5.700000
5019		6.437500
5020		6.143750
5021		6.215625
5022		6.690625
5023		5.509375
5024		5.728125
5025		4.800000
5026		4.621875
5027		4.340625
5028		4.443750
5029		3.175000
5030		3.512500
5031		3.543750
5032		3.543750
5033		3.543750
5034		4.221875
5035		3.853125
5036		4.768750
5037		4.800000
5038		5.684375
5039		5.034375
5040		5.846875
5041		5.212500
5042		5.300000
5043		4.650000
5044		4.946875
5045		4.975000
5046		5.034375
5047		5.478125
5048		4.871875
5049		4.325000
5050		3.543750
5051		3.837500
5052		5.021875
5053		4.621875
5054		5.375000
5055		5.093750
5056		6.540625
5057		6.587500
5058		6.659375
5059		6.587500
5060		6.940625
5061		7.487500
5062		7.237500
5063		6.750000
5064		6.778125
5065		7.146875
5066		6.481250
5067		6.896875
5068		6.806250
5069		6.806250
5070		6.865625
5071		7.162500
5072		7.281250
5073		7.737500
5074		7.515625
5075		8.446875
5076		8.062500
5077		8.343750
5078		7.975000
5079		8.343750
5080		8.121875
5081		8.300000
5082		7.768750
5083		7.606250
5084		7.721875
5085		7.678125
5086		7.015625
5087		7.503125
5088		7.428125
5089		6.615625
5090		7.015625
5091		6.734375
5092		7.353125
5093		7.131250
5094		7.503125
5095		7.400000
5096		7.828125
5097		7.840625
5098		8.018750
5099		7.959375
5100		7.828125
5101		7.118750
5102		7.250000
5103		6.806250
5104		7.412500
5105		7.384375
5106		6.600000
5107		7.131250
5108		9.128125
5109		7.325000
5110		6.896875
5111		6.940625
5112		7.131250
5113		6.690625
5114		6.540625
5115		7.000000
5116		7.206250
5117		7.059375
5118		6.587500
5119		6.128125
5120		5.759375
5121		5.846875
5122		5.981250
5123		6.025000
5124		5.993750
5125		6.246875
5126		6.690625
5127		7.503125
5128		6.912500
5129		7.400000
5130		6.528125
5131		6.334375
5132		5.775000
5133		5.965625
5134		5.315625
5135		5.153125
5136		4.475000
5137		4.443750
5138		3.956250
5139		3.456250
5140		2.700000
5141		2.525000
5142		2.834375
5143		3.143750
5144		3.100000
5145		2.759375
5146		3.203125
5147		3.956250
5148		3.837500
5149		5.125000
5150		5.581250
5151		6.631250
5152		7.353125
5153		7.871875
5154		7.618750
5155		7.487500
5156		6.290625
5157		5.493750
5158		4.031250
5159		2.996875
5160		2.893750
5161		1.771875
5162		1.962500
5163		0.809375
5164		0.856250
5165		1.003125
5166		1.296875
5167		2.021875
5168		2.450000
5169		2.878125
5170		3.884375
5171		4.518750
5172		4.784375
5173		4.887500
5174		4.768750
5175		4.518750
5176		4.665625
5177		4.578125
5178		4.753125
5179		4.221875
5180		2.525000
5181		2.271875
5182		1.756250
5183		1.121875
5184		1.415625
5185		1.121875
5186		1.771875
5187		2.775000
5188		4.134375
5189		5.612500
5190		6.203125
5191		7.206250
5192		7.178125
5193		7.353125
5194		7.340625
5195		6.762500
5196		6.940625
5197		5.818750
5198		5.050000
5199		4.281250
5200		4.103125
5201		3.440625
5202		3.025000
5203		3.175000
5204		3.218750
5205		3.912500
5206		5.021875
5207		5.671875
5208		6.365625
5209		6.925000
5210		7.471875
5211		7.915625
5212		7.828125
5213		8.268750
5214		8.684375
5215		8.534375
5216		7.693750
5217		7.178125
5218		6.659375
5219		5.818750
5220		4.650000
5221		4.015625
5222		3.587500
5223		3.956250
5224		3.781250
5225		4.503125
5226		5.196875
5227		5.493750
5228		6.425000
5229		6.806250
5230		7.325000
5231		7.634375
5232		7.503125
5233		8.062500
5234		7.456250
5235		6.968750
5236		6.984375
5237		6.350000
5238		5.390625
5239		4.650000
5240		4.696875
5241		4.253125
5242		3.956250
5243		4.281250
5244		4.384375
5245		4.665625
5246		5.390625
5247		5.537500
5248		5.831250
5249		5.831250
5250		6.084375
5251		6.171875
5252		5.862500
5253		5.728125
5254		5.184375
5255		4.740625
5256		4.518750
5257		3.868750
5258		3.837500
5259		2.862500
5260		3.187500
5261		2.200000
5262		2.156250
5263		2.509375
5264		3.084375
5265		3.365625
5266		3.837500
5267		3.781250
5268		4.443750
5269		4.637500
5270		4.740625
5271		4.887500
5272		4.475000
5273		4.134375
5274		3.484375
5275		3.321875
5276		3.071875
5277		2.184375
5278		2.656250
5279		2.212500
5280		2.212500
5281		2.140625
5282		1.918750
5283		2.200000
5284		3.143750
5285		3.825000
5286		4.209375
5287		3.987500
5288		4.356250
5289		4.134375
5290		3.721875
5291		3.987500
5292		4.059375
5293		4.075000
5294		3.218750
5295		2.806250
5296		2.746875
5297		2.465625
5298		2.109375
5299		2.037500
5300		1.565625
5301		1.240625
5302		1.296875
5303		1.771875
5304		1.918750
5305		1.815625
5306		2.434375
5307		2.584375
5308		2.553125
5309		2.850000
5310		3.175000
5311		3.456250
5312		3.721875
5313		4.015625
5314		4.031250
5315		3.456250
5316		4.150000
5317		3.100000
5318		3.100000
5319		2.628125
5320		2.628125
5321		2.790625
5322		1.771875
5323		2.021875
5324		1.181250
5325		1.609375
5326		1.193750
5327		1.003125
5328		1.121875
5329		1.371875
5330		1.475000
5331		1.962500
5332		1.934375
5333		2.656250
5334		1.918750
5335		2.212500
5336		1.740625
5337		2.287500
5338		2.525000
5339		2.981250
5340		2.612500
5341		2.525000
5342		1.371875
5343		0.915625
5344		0.575000
5345		0.087500
5346		-0.356250
5347		-0.431250
5348		0.103125
5349		-0.193750
5350		-0.325000
5351		0.146875
5352		-0.756250
5353		-0.221875
5354		-0.296875
5355		-0.325000
5356		0.115625
5357		-0.106250
5358		-0.415625
5359		-0.209375
5360		-0.725000
5361		-1.006250
5362		-1.684375
5363		-1.462500
5364		-2.275000
5365		-2.143750
5366		-2.231250
5367		-2.837500
5368		-2.540625
5369		-3.178125
5370		-2.690625
5371		-2.853125
5372		-2.984375
5373		-2.809375
5374		-2.365625
5375		-2.203125
5376		-1.834375
5377		-1.775000
5378		-1.109375
5379		-1.390625
5380		-1.834375
5381		-1.818750
5382		-2.143750
5383		-2.100000
5384		-2.143750
5385		-2.556250
5386		-2.984375
5387		-3.340625
5388		-3.250000
5389		-3.296875
5390		-3.400000
5391		-2.984375
5392		-3.531250
5393		-3.309375
5394		-3.250000
5395		-3.459375
5396		-3.134375
5397		-3.428125
5398		-3.087500
5399		-3.606250
5400		-3.796875
5401		-3.678125
5402		-4.462500
5403		-4.550000
5404		-3.943750
5405		-4.993750
5406		-4.950000
5407		-5.231250
5408		-4.906250
5409		-5.556250
5410		-5.200000
5411		-5.200000
5412		-5.834375
5413		-5.731250
5414		-5.231250
5415		-5.215625
5416		-4.684375
5417		-4.950000
5418		-4.387500
5419		-4.756250
5420		-4.581250
5421		-4.831250
5422		-5.068750
5423		-5.171875
5424		-5.053125
5425		-5.850000
5426		-5.406250
5427		-5.703125
5428		-5.659375
5429		-5.568750
5430		-5.393750
5431		-5.984375
5432		-5.790625
5433		-6.250000
5434		-5.893750
5435		-6.796875
5436		-5.718750
5437		-6.071875
5438		-5.671875
5439		-5.909375
5440		-5.671875
5441		-5.687500
5442		-5.881250
5443		-6.396875
5444		-6.071875
5445		-6.115625
5446		-6.159375
5447		-6.206250
5448		-5.746875
5449		-6.337500
5450		-6.012500
5451		-5.762500
5452		-5.893750
5453		-5.821875
5454		-5.303125
5455		-5.496875
5456		-5.393750
5457		-5.378125
5458		-5.025000
5459		-5.362500
5460		-5.496875
5461		-5.525000
5462		-5.940625
5463		-6.440625
5464		-6.115625
5465		-6.412500
5466		-6.646875
5467		-6.531250
5468		-7.121875
5469		-7.268750
5470		-7.090625
5471		-7.078125
5472		-7.621875
5473		-7.609375
5474		-8.050000
5475		-7.831250
5476		-7.165625
5477		-6.987500
5478		-7.343750
5479		-7.784375
5480		-9.115625
5481		-9.721875
5482		-8.996875
5483		-8.125000
5484		-6.309375
5485		-3.915625
5486		-2.365625
5487		-0.975000
5488		-0.178125
5489		0.218750
5490		0.028125
5491		-0.296875
5492		-1.509375
5493		-2.528125
5494		-3.678125
5495		-4.668750
5496		-5.334375
5497		-5.865625
5498		-6.234375
5499		-7.106250
5500		-7.934375
5501		-9.306250
5502		-11.050000
5503		-12.468750
5504		-13.796875
5505		-14.268750
5506		-14.696875
5507		-13.871875
5508		-12.112500
5509		-9.603125
5510		-6.943750
5511		-3.900000
5512		-2.246875
5513		-0.475000
5514		-0.325000
5515		-0.859375
5516		-2.659375
5517		-3.546875
5518		-5.334375
5519		-6.796875
5520		-8.406250
5521		-9.071875
5522		-10.075000
5523		-9.956250
5524		-9.750000
5525		-8.953125
5526		-7.918750
5527		-6.987500
5528		-6.056250
5529		-5.156250
5530		-4.918750
5531		-4.375000
5532		-4.137500
5533		-4.256250
5534		-3.693750
5535		-3.028125
5536		-2.865625
5537		-2.925000
5538		-3.796875
5539		-4.240625
5540		-6.603125
5541		-8.021875
5542		-9.706250
5543		-11.287500
5544		-12.156250
5545		-12.865625
5546		-10.962500
5547		-8.406250
5548		-6.265625
5549		-4.121875
5550		-2.409375
5551		-0.209375
5552		1.328125
5553		0.825000
5554		1.268750
5555		-0.400000
5556		-2.468750
5557		-5.140625
5558		-6.706250
5559		-8.050000
5560		-10.031250
5561		-10.740625
5562		-11.256250
5563		-11.478125
5564		-10.725000
5565		-9.603125
5566		-8.568750
5567		-7.946875
5568		-6.087500
5569		-5.378125
5570		-4.625000
5571		-4.906250
5572		-4.256250
5573		-4.653125
5574		-5.156250
5575		-5.925000
5576		-6.206250
5577		-7.046875
5578		-7.415625
5579		-8.731250
5580		-9.603125
5581		-10.178125
5582		-11.065625
5583		-11.287500
5584		-11.271875
5585		-10.915625
5586		-9.587500
5587		-8.818750
5588		-7.150000
5589		-6.206250
5590		-5.231250
5591		-4.668750
5592		-4.078125
5593		-4.431250
5594		-5.140625
5595		-6.634375
5596		-7.934375
5597		-9.365625
5598		-10.237500
5599		-11.256250
5600		-12.231250
5601		-11.331250
5602		-10.665625
5603		-10.103125
5604		-8.937500
5605		-8.081250
5606		-6.796875
5607		-6.175000
5608		-5.393750
5609		-5.096875
5610		-4.653125
5611		-4.712500
5612		-4.831250
5613		-5.821875
5614		-6.056250
5615		-6.678125
5616		-7.150000
5617		-7.740625
5618		-8.331250
5619		-8.375000
5620		-8.200000
5621		-8.109375
5622		-7.578125
5623		-6.971875
5624		-6.678125
5625		-6.353125
5626		-5.156250
5627		-5.259375
5628		-3.840625
5629		-3.400000
5630		-2.778125
5631		-2.587500
5632		-2.912500
5633		-3.459375
5634		-4.328125
5635		-4.803125
5636		-5.643750
5637		-6.353125
5638		-6.678125
5639		-6.825000
5640		-6.575000
5641		-6.428125
5642		-5.940625
5643		-5.984375
5644		-4.906250
5645		-3.990625
5646		-3.531250
5647		-2.718750
5648		-3.871875
5649		-3.281250
5650		-3.990625
5651		-4.431250
5652		-4.375000
5653		-5.318750
5654		-4.978125
5655		-5.984375
5656		-5.790625
5657		-5.525000
5658		-5.318750
5659		-5.615625
5660		-4.978125
5661		-4.787500
5662		-3.990625
5663		-3.900000
5664		-3.059375
5665		-2.809375
5666		-2.971875
5667		-2.865625
5668		-2.793750
5669		-1.981250
5670		-2.378125
5671		-2.703125
5672		-3.281250
5673		-3.503125
5674		-4.387500
5675		-4.343750
5676		-5.140625
5677		-3.975000
5678		-5.318750
5679		-4.137500
5680		-4.284375
5681		-3.206250
5682		-3.678125
5683		-3.190625
5684		-3.725000
5685		-3.059375
5686		-3.309375
5687		-3.043750
5688		-3.693750
5689		-3.915625
5690		-4.284375
5691		-4.787500
5692		-5.303125
5693		-5.303125
5694		-5.984375
5695		-6.412500
5696		-6.428125
5697		-5.525000
5698		-5.540625
5699		-4.550000
5700		-4.803125
5701		-4.268750
5702		-4.240625
5703		-4.121875
5704		-4.431250
5705		-3.693750
5706		-4.165625
5707		-3.943750
5708		-4.315625
5709		-4.003125
5710		-4.328125
5711		-4.062500
5712		-4.165625
5713		-4.050000
5714		-4.771875
5715		-4.581250
5716		-4.565625
5717		-4.537500
5718		-4.343750
5719		-3.665625
5720		-3.753125
5721		-3.678125
5722		-2.956250
5723		-2.809375
5724		-2.587500
5725		-2.540625
5726		-2.143750
5727		-2.084375
5728		-2.275000
5729		-2.025000
5730		-2.143750
5731		-2.587500
5732		-2.484375
5733		-2.821875
5734		-1.775000
5735		-2.468750
5736		-2.053125
5737		-2.040625
5738		-1.450000
5739		-1.065625
5740		-1.462500
5741		-1.315625
5742		-1.228125
5743		-1.406250
5744		-1.287500
5745		-1.256250
5746		-1.359375
5747		-1.212500
5748		-1.981250
5749		-1.878125
5750		-2.334375
5751		-2.128125
5752		-1.625000
5753		-1.803125
5754		-1.787500
5755		-1.715625
5756		-2.262500
5757		-1.803125
5758		-2.378125
5759		-1.493750
5760		-1.715625
5761		-1.184375
5762		-0.946875
5763		-0.800000
5764		-1.034375
5765		-1.256250
5766		-1.731250
5767		-1.834375
5768		-1.834375
5769		-1.109375
5770		-1.359375
5771		-1.109375
5772		-0.637500
5773		-1.168750
5774		-0.903125
5775		-1.196875
5776		-0.578125
5777		-0.843750
5778		-0.962500
5779		-0.931250
5780		-0.090625
5781		-0.725000
5782		-0.534375
5783		-1.537500
5784		-0.887500
5785		-1.581250
5786		-1.168750
5787		-0.828125
5788		-0.871875
5789		-1.006250
5790		-0.178125
5791		0.115625
5792		0.825000
5793		0.218750
5794		0.484375
5795		-0.296875
5796		-0.431250
5797		-0.371875
5798		-0.931250
5799		-1.434375
5800		-1.656250
5801		-2.437500
5802		-2.425000
5803		-2.940625
5804		-3.515625
5805		-3.871875
5806		-4.268750
5807		-3.575000
5808		-3.737500
5809		-3.812500
5810		-3.840625
5811		-3.725000
5812		-3.221875
5813		-2.659375
5814		-1.612500
5815		-0.518750
5816		-0.075000
5817		0.646875
5818		0.971875
5819		1.712500
5820		1.446875
5821		0.884375
5822		-0.046875
5823		-1.478125
5824		-2.025000
5825		-3.250000
5826		-3.400000
5827		-4.284375
5828		-4.343750
5829		-5.200000
5830		-3.384375
5831		-3.725000
5832		-2.646875
5833		-2.203125
5834		-1.153125
5835		-1.196875
5836		-0.431250
5837		0.293750
5838		0.693750
5839		0.781250
5840		0.706250
5841		0.840625
5842		1.193750
5843		1.003125
5844		0.662500
5845		-0.150000
5846		-0.768750
5847		-0.887500
5848		-1.462500
5849		-1.731250
5850		-1.168750
5851		-0.681250
5852		0.103125
5853		1.565625
5854		2.568750
5855		3.706250
5856		3.837500
5857		5.287500
5858		4.768750
5859		5.565625
5860		5.390625
5861		4.871875
5862		4.503125
5863		3.218750
5864		2.643750
5865		1.918750
5866		1.446875
5867		1.534375
5868		0.971875
5869		1.593750
5870		1.978125
5871		2.731250
5872		3.381250
5873		3.956250
5874		4.221875
5875		4.800000
5876		5.168750
5877		5.890625
5878		5.700000
5879		6.171875
5880		5.715625
5881		5.315625
5882		4.371875
5883		4.546875
5884		3.040625
5885		2.140625
5886		1.815625
5887		2.184375
5888		1.328125
5889		1.859375
5890		1.993750
5891		2.834375
5892		3.262500
5893		4.415625
5894		5.034375
5895		5.271875
5896		5.462500
5897		6.068750
5898		5.878125
5899		5.846875
5900		5.700000
5901		5.390625
5902		4.962500
5903		4.990625
5904		4.325000
5905		3.956250
5906		3.587500
5907		3.618750
5908		3.262500
5909		3.500000
5910		3.025000
5911		4.725000
5912		4.843750
5913		5.168750
5914		5.625000
5915		6.040625
5916		5.715625
5917		5.787500
5918		5.612500
5919		5.184375
5920		5.346875
5921		5.287500
5922		5.093750
5923		4.696875
5924		4.237500
5925		3.425000
5926		3.587500
5927		3.868750
5928		3.928125
5929		4.221875
5930		4.768750
5931		4.800000
5932		5.418750
5933		5.478125
5934		5.803125
5935		6.009375
5936		6.453125
5937		6.128125
5938		6.053125
5939		5.700000
5940		5.565625
5941		5.715625
5942		5.846875
5943		4.946875
5944		5.287500
5945		4.725000
5946		4.915625
5947		7.221875
5948		5.478125
5949		4.800000
5950		5.684375
5951		5.818750
5952		6.100000
5953		5.656250
5954		5.640625
5955		6.009375
5956		6.246875
5957		6.068750
5958		6.409375
5959		5.950000
5960		5.950000
5961		5.450000
5962		5.846875
5963		5.212500
5964		5.359375
5965		4.871875
5966		4.371875
5967		4.221875
5968		4.356250
5969		4.312500
5970		4.443750
5971		4.887500
5972		5.478125
5973		5.684375
5974		6.365625
5975		6.631250
5976		7.503125
5977		7.753125
5978		7.943750
5979		8.593750
5980		8.153125
5981		8.431250
5982		8.653125
5983		7.737500
5984		8.106250
5985		7.487500
5986		6.734375
5987		6.306250
5988		5.728125
5989		5.078125
5990		4.859375
5991		4.134375
5992		3.971875
5993		3.603125
5994		4.046875
5995		4.503125
5996		4.621875
5997		5.315625
5998		6.100000
5999		6.437500
6000		7.059375
6001		7.606250
6002		8.815625
6003		8.965625
6004		9.200000
6005		9.893750
6006		9.200000
6007		8.831250
6008		8.209375
6009		8.565625
6010		8.256250
6011		7.856250
6012		7.400000
6013		7.206250
6014		6.881250
6015		7.059375
6016		6.215625
6017		6.865625
6018		6.453125
6019		6.865625
6020		7.059375
6021		8.046875
6022		8.078125
6023		7.884375
6024		8.062500
6025		7.162500
6026		7.353125
6027		6.968750
6028		7.131250
6029		7.075000
6030		6.365625
6031		6.306250
6032		5.759375
6033		5.403125
6034		4.915625
6035		4.578125
6036		4.590625
6037		4.812500
6038		5.315625
6039		4.443750
6040		4.696875
6041		4.518750
6042		4.812500
6043		4.428125
6044		4.871875
6045		4.606250
6046		4.296875
6047		4.356250
6048		4.150000
6049		4.031250
6050		3.337500
6051		3.293750
6052		3.734375
6053		3.456250
6054		3.246875
6055		3.115625
6056		2.850000
6057		2.850000
6058		2.259375
6059		2.212500
6060		2.553125
6061		2.731250
6062		2.584375
6063		3.071875
6064		2.421875
6065		2.184375
6066		2.434375
6067		2.434375
6068		2.434375
6069		3.115625
6070		3.293750
6071		3.293750
6072		2.953125
6073		3.218750
6074		2.981250
6075		2.553125
6076		2.568750
6077		2.968750
6078		2.806250
6079		3.543750
6080		3.825000
6081		3.912500
6082		3.662500
6083		5.271875
6084		4.178125
6085		4.443750
6086		3.912500
6087		4.518750
6088		4.134375
6089		4.578125
6090		4.221875
6091		4.428125
6092		4.621875
6093		4.578125
6094		4.871875
6095		4.650000
6096		4.503125
6097		4.265625
6098		4.237500
6099		4.828125
6100		4.134375
6101		3.618750
6102		3.987500
6103		4.253125
6104		4.281250
6105		4.428125
6106		3.246875
6107		3.896875
6108		4.134375
6109		3.618750
6110		4.221875
6111		3.809375
6112		4.075000
6113		3.940625
6114		4.340625
6115		4.134375
6116		4.325000
6117		3.765625
6118		4.015625
6119		4.340625
6120		4.253125
6121		4.665625
6122		4.296875
6123		4.000000
6124		5.240625
6125		3.928125
6126		4.150000
6127		4.046875
6128		3.559375
6129		4.075000
6130		3.987500
6131		3.500000
6132		3.440625
6133		3.143750
6134		3.218750
6135		3.218750
6136		3.084375
6137		2.362500
6138		2.331250
6139		1.193750
6140		3.187500
6141		3.071875
6142		4.118750
6143		3.187500
6144		2.537500
6145		1.475000
6146		1.193750
6147		1.506250
6148		3.131250
6149		5.359375
6150		7.487500
6151		9.568750
6152		10.559375
6153		10.425000
6154		10.646875
6155		9.984375
6156		10.206250
6157		9.243750
6158		8.831250
6159		8.181250
6160		6.203125
6161		5.375000
6162		3.912500
6163		2.921875
6164		2.687500
6165		2.140625
6166		1.740625
6167		0.603125
6168		-1.684375
6169		-3.900000
6170		-4.700000
6171		-4.565625
6172		-2.984375
6173		-0.546875
6174		2.493750
6175		5.315625
6176		7.428125
6177		8.581250
6178		9.718750
6179		8.756250
6180		8.315625
6181		7.309375
6182		6.437500
6183		4.237500
6184		3.025000
6185		1.578125
6186		0.884375
6187		0.000000
6188		0.753125
6189		0.809375
6190		1.978125
6191		2.937500
6192		3.350000
6193		3.896875
6194		4.443750
6195		4.768750
6196		5.581250
6197		6.496875
6198		5.878125
6199		6.040625
6200		6.290625
6201		6.068750
6202		5.434375
6203		5.034375
6204		3.825000
6205		3.100000
6206		0.737500
6207		-1.153125
6208		-2.646875
6209		-3.531250
6210		-2.778125
6211		-1.168750
6212		1.490625
6213		3.928125
6214		6.318750
6215		7.709375
6216		9.021875
6217		9.671875
6218		9.556250
6219		8.831250
6220		7.237500
6221		5.287500
6222		2.731250
6223		1.784375
6224		-0.075000
6225		-0.903125
6226		-2.068750
6227		-1.700000
6228		-1.331250
6229		-1.256250
6230		-0.075000
6231		0.856250
6232		0.753125
6233		1.475000
6234		2.450000
6235		3.396875
6236		3.543750
6237		3.765625
6238		3.571875
6239		3.500000
6240		2.481250
6241		2.553125
6242		1.831250
6243		1.934375
6244		0.368750
6245		-0.150000
6246		-1.050000
6247		-1.212500
6248		-1.581250
6249		-1.553125
6250		-1.196875
6251		0.012500
6252		0.484375
6253		2.081250
6254		2.450000
6255		2.909375
6256		2.878125
6257		2.612500
6258		2.228125
6259		1.621875
6260		0.309375
6261		-0.503125
6262		-1.137500
6263		-1.184375
6264		-1.596875
6265		-0.946875
6266		-0.503125
6267		-0.209375
6268		-0.059375
6269		0.368750
6270		0.809375
6271		0.737500
6272		0.543750
6273		1.078125
6274		1.284375
6275		0.484375
6276		0.781250
6277		0.456250
6278		0.484375
6279		0.234375
6280		0.825000
6281		0.781250
6282		0.825000
6283		0.753125
6284		0.840625
6285		0.693750
6286		1.225000
6287		0.737500
6288		1.193750
6289		1.193750
6290		1.078125
6291		1.165625
6292		0.943750
6293		1.696875
6294		1.446875
6295		1.934375
6296		2.037500
6297		1.890625
6298		1.593750
6299		1.181250
6300		1.225000
6301		1.609375
6302		1.475000
6303		2.390625
6304		2.375000
6305		2.731250
6306		3.306250
6307		3.012500
6308		3.100000
6309		2.775000
6310		2.893750
6311		2.968750
6312		2.184375
6313		1.784375
6314		1.475000
6315		1.268750
6316		1.506250
6317		1.446875
6318		1.446875
6319		1.165625
6320		1.565625
6321		0.381250
6322		1.181250
6323		1.621875
6324		1.712500
6325		1.475000
6326		1.993750
6327		1.609375
6328		2.021875
6329		2.259375
6330		2.156250
6331		2.081250
6332		1.843750
6333		1.771875
6334		1.890625
6335		1.403125
6336		1.296875
6337		0.706250
6338		0.678125
6339		0.412500
6340		0.634375
6341		0.353125
6342		0.368750
6343		0.634375
6344		0.218750
6345		0.087500
6346		0.146875
6347		-0.150000
6348		-0.800000
6349		-1.684375
6350		-1.462500
6351		-1.462500
6352		-1.846875
6353		-1.950000
6354		-2.275000
6355		-2.762500
6356		-3.118750
6357		-3.087500
6358		-3.134375
6359		-3.400000
6360		-3.178125
6361		-2.925000
6362		-3.384375
6363		-2.703125
6364		-2.600000
6365		-2.496875
6366		-2.143750
6367		-2.393750
6368		-2.321875
6369		-2.215625
6370		-2.484375
6371		-2.262500
6372		-2.468750
6373		-2.556250
6374		-1.996875
6375		-2.246875
6376		-1.803125
6377		-2.068750
6378		-1.612500
6379		-1.950000
6380		-1.890625
6381		-1.625000
6382		-1.803125
6383		-1.287500
6384		-1.137500
6385		-1.462500
6386		-1.168750
6387		-0.475000
6388		-0.475000
6389		-0.546875
6390		-0.650000
6391		-0.650000
6392		-1.168750
6393		-0.209375
6394		-0.768750
6395		-0.443750
6396		-0.665625
6397		-0.534375
6398		-0.415625
6399		-0.400000
6400		-0.843750
6401		-0.621875
6402		-1.137500
6403		-1.034375
6404		-0.946875
6405		-1.006250
6406		-1.093750
6407		-1.184375
6408		-1.315625
6409		-1.596875
6410		-2.025000
6411		-1.759375
6412		-2.275000
6413		-2.100000
6414		-2.009375
6415		-2.009375
6416		-2.437500
6417		-2.453125
6418		-2.646875
6419		-2.809375
6420		-2.659375
6421		-2.437500
6422		-2.956250
6423		-2.615625
6424		-2.984375
6425		-3.028125
6426		-3.309375
6427		-2.809375
6428		-3.162500
6429		-3.103125
6430		-3.281250
6431		-3.400000
6432		-3.796875
6433		-3.237500
6434		-2.690625
6435		-2.600000
6436		-3.028125
6437		-3.015625
6438		-3.015625
6439		-2.853125
6440		-2.615625
6441		-2.437500
6442		-3.103125
6443		-3.384375
6444		-3.250000
6445		-3.384375
6446		-3.531250
6447		-3.678125
6448		-3.709375
6449		-3.828125
6450		-3.828125
6451		-3.309375
6452		-4.062500
6453		-3.384375
6454		-2.971875
6455		-2.925000
6456		-2.378125
6457		-1.878125
6458		-1.996875
6459		-1.921875
6460		-2.659375
6461		-2.600000
6462		-3.990625
6463		-3.915625
6464		-3.828125
6465		-4.537500
6466		-4.875000
6467		-5.393750
6468		-5.790625
6469		-6.559375
6470		-7.003125
6471		-7.165625
6472		-7.003125
6473		-6.190625
6474		-6.603125
6475		-6.543750
6476		-6.043750
6477		-6.190625
6478		-5.465625
6479		-4.490625
6480		-3.915625
6481		-2.984375
6482		-2.275000
6483		-2.290625
6484		-2.393750
6485		-3.087500
6486		-3.353125
6487		-4.403125
6488		-5.231250
6489		-6.056250
6490		-7.018750
6491		-7.681250
6492		-8.125000
6493		-8.671875
6494		-8.243750
6495		-7.875000
6496		-7.150000
6497		-7.225000
6498		-6.309375
6499		-6.693750
6500		-6.190625
6501		-5.746875
6502		-4.875000
6503		-5.171875
6504		-4.978125
6505		-4.950000
6506		-4.846875
6507		-5.540625
6508		-5.628125
6509		-6.500000
6510		-7.018750
6511		-7.459375
6512		-8.184375
6513		-8.656250
6514		-8.050000
6515		-8.200000
6516		-8.156250
6517		-7.740625
6518		-5.746875
6519		-4.950000
6520		-3.725000
6521		-3.281250
6522		-3.103125
6523		-3.103125
6524		-2.865625
6525		-3.931250
6526		-3.368750
6527		-4.490625
6528		-4.418750
6529		-5.437500
6530		-6.087500
6531		-6.428125
6532		-6.396875
6533		-6.353125
6534		-5.953125
6535		-5.303125
6536		-4.359375
6537		-3.990625
6538		-3.400000
6539		-2.393750
6540		-2.025000
6541		-1.775000
6542		-2.025000
6543		-0.962500
6544		-1.346875
6545		-1.406250
6546		-1.834375
6547		-2.512500
6548		-2.853125
6549		-3.162500
6550		-4.700000
6551		-4.965625
6552		-5.140625
6553		-4.965625
6554		-4.831250
6555		-4.284375
6556		-3.190625
6557		-2.821875
6558		-2.496875
6559		-1.731250
6560		-1.846875
6561		-1.509375
6562		-1.612500
6563		-1.315625
6564		-1.906250
6565		-1.596875
6566		-2.393750
6567		-2.571875
6568		-3.281250
6569		-3.650000
6570		-4.387500
6571		-4.478125
6572		-4.640625
6573		-3.975000
6574		-4.521875
6575		-4.050000
6576		-4.359375
6577		-4.093750
6578		-3.753125
6579		-4.328125
6580		-3.900000
6581		-3.606250
6582		-4.403125
6583		-4.050000
6584		-4.550000
6585		-4.593750
6586		-4.728125
6587		-5.096875
6588		-5.421875
6589		-5.865625
6590		-6.206250
6591		-6.515625
6592		-6.456250
6593		-5.909375
6594		-5.525000
6595		-5.053125
6596		-4.756250
6597		-5.053125
6598		-4.565625
6599		-4.640625
6600		-4.978125
6601		-3.709375
6602		-4.375000
6603		-4.565625
6604		-4.359375
6605		-4.387500
6606		-5.037500
6607		-5.303125
6608		-4.862500
6609		-5.200000
6610		-5.318750
6611		-5.200000
6612		-5.156250
6613		-5.081250
6614		-4.875000
6615		-4.640625
6616		-4.003125
6617		-3.812500
6618		-3.503125
6619		-3.043750
6620		-3.178125
6621		-3.281250
6622		-3.443750
6623		-3.162500
6624		-3.621875
6625		-3.959375
6626		-4.093750
6627		-4.343750
6628		-4.343750
6629		-4.831250
6630		-5.556250
6631		-5.540625
6632		-5.568750
6633		-5.909375
6634		-5.540625
6635		-5.009375
6636		-4.418750
6637		-4.018750
6638		-3.621875
6639		-2.425000
6640		-3.725000
6641		-3.059375
6642		-2.690625
6643		-2.837500
6644		-2.231250
6645		-2.675000
6646		-2.821875
6647		-2.809375
6648		-3.162500
6649		-4.093750
6650		-4.490625
6651		-4.756250
6652		-5.243750
6653		-5.746875
6654		-6.250000
6655		-5.465625
6656		-4.815625
6657		-5.893750
6658		-5.096875
6659		-4.609375
6660		-5.215625
6661		-3.309375
6662		-2.750000
6663		-2.350000
6664		-2.350000
6665		-1.950000
6666		-1.612500
6667		-1.390625
6668		-1.093750
6669		-1.331250
6670		-1.006250
6671		-1.684375
6672		-2.068750
6673		-2.956250
6674		-2.793750
6675		-3.678125
6676		-3.575000
6677		-3.693750
6678		-3.015625
6679		-2.690625
6680		-2.128125
6681		-2.865625
6682		-2.690625
6683		-3.250000
6684		-2.528125
6685		-2.615625
6686		-1.596875
6687		-1.581250
6688		-1.787500
6689		-1.965625
6690		-1.996875
6691		-3.693750
6692		-3.575000
6693		-3.781250
6694		-3.796875
6695		-3.812500
6696		-4.018750
6697		-4.196875
6698		-3.621875
6699		-4.831250
6700		-4.609375
6701		-5.025000
6702		-4.934375
6703		-4.890625
6704		-4.315625
6705		-4.418750
6706		-4.106250
6707		-3.975000
6708		-3.943750
6709		-4.121875
6710		-4.712500
6711		-4.934375
6712		-5.096875
6713		-5.128125
6714		-4.934375
6715		-5.540625
6716		-5.465625
6717		-5.496875
6718		-5.865625
6719		-5.790625
6720		-5.881250
6721		-6.043750
6722		-6.043750
6723		-5.968750
6724		-6.056250
6725		-5.909375
6726		-6.190625
6727		-5.081250
6728		-5.718750
6729		-5.584375
6730		-6.265625
6731		-5.643750
6732		-6.043750
6733		-5.762500
6734		-5.953125
6735		-5.731250
6736		-6.071875
6737		-5.731250
6738		-6.278125
6739		-5.778125
6740		-6.206250
6741		-6.278125
6742		-5.746875
6743		-5.718750
6744		-5.718750
6745		-5.496875
6746		-5.421875
6747		-4.315625
6748		-5.128125
6749		-4.359375
6750		-4.506250
6751		-4.359375
6752		-4.256250
6753		-4.550000
6754		-4.212500
6755		-4.431250
6756		-3.650000
6757		-3.650000
6758		-3.840625
6759		-3.768750
6760		-3.353125
6761		-3.828125
6762		-3.606250
6763		-4.625000
6764		-4.003125
6765		-4.212500
6766		-4.240625
6767		-3.840625
6768		-3.900000
6769		-4.093750
6770		-3.309375
6771		-3.840625
6772		-3.325000
6773		-3.546875
6774		-3.828125
6775		-3.178125
6776		-3.531250
6777		-2.540625
6778		-2.956250
6779		-2.306250
6780		-3.028125
6781		-2.718750
6782		-3.059375
6783		-2.425000
6784		-2.378125
6785		-2.290625
6786		-2.734375
6787		-1.625000
6788		-2.556250
6789		-1.862500
6790		-2.631250
6791		-2.703125
6792		-2.762500
6793		-3.028125
6794		-2.571875
6795		-2.587500
6796		-2.984375
6797		-2.246875
6798		-3.400000
6799		-3.621875
6800		-3.459375
6801		-3.871875
6802		-4.018750
6803		-4.343750
6804		-4.050000
6805		-3.840625
6806		-3.471875
6807		-3.353125
6808		-3.796875
6809		-4.300000
6810		-5.350000
6811		-5.996875
6812		-4.934375
6813		-3.796875
6814		-0.768750
6815		0.856250
6816		2.746875
6817		3.409375
6818		4.103125
6819		3.396875
6820		3.631250
6821		2.700000
6822		3.809375
6823		2.731250
6824		1.756250
6825		1.078125
6826		-0.871875
6827		-2.437500
6828		-3.250000
6829		-3.650000
6830		-3.412500
6831		-4.018750
6832		-5.318750
6833		-7.078125
6834		-8.790625
6835		-9.396875
6836		-9.706250
6837		-7.446875
6838		-5.318750
6839		-2.290625
6840		1.193750
6841		3.440625
6842		4.578125
6843		4.546875
6844		4.915625
6845		4.075000
6846		3.234375
6847		2.715625
6848		1.696875
6849		-0.015625
6850		-1.137500
6851		-2.496875
6852		-2.881250
6853		-2.940625
6854		-1.937500
6855		-1.034375
6856		0.321875
6857		1.431250
6858		1.859375
6859		2.318750
6860		2.406250
6861		2.584375
6862		2.671875
6863		3.071875
6864		4.031250
6865		4.443750
6866		4.534375
6867		3.928125
6868		2.481250
6869		0.928125
6870		-0.178125
6871		-2.365625
6872		-1.287500
6873		-4.506250
6874		-4.918750
6875		-4.700000
6876		-2.837500
6877		-0.903125
6878		1.621875
6879		3.381250
6880		5.565625
6881		6.762500
6882		7.546875
6883		7.812500
6884		7.546875
6885		5.093750
6886		2.850000
6887		0.884375
6888		-0.503125
6889		-2.025000
6890		-2.496875
6891		-3.812500
6892		-3.515625
6893		-3.146875
6894		-2.896875
6895		-1.478125
6896		-1.021875
6897		-0.075000
6898		0.809375
6899		1.696875
6900		3.365625
6901		3.750000
6902		3.837500
6903		3.396875
6904		3.071875
6905		2.731250
6906		2.318750
6907		1.784375
6908		1.328125
6909		0.706250
6910		0.056250
6911		-0.740625
6912		-1.625000
6913		-1.359375
6914		-0.828125
6915		-0.209375
6916		0.856250
6917		2.006250
6918		3.571875
6919		4.265625
6920		5.331250
6921		5.390625
6922		5.184375
6923		4.887500
6924		4.253125
6925		3.381250
6926		2.406250
6927		1.784375
6928		1.209375
6929		0.265625
6930		0.412500
6931		0.603125
6932		0.971875
6933		1.771875
6934		2.525000
6935		3.175000
6936		3.956250
6937		4.400000
6938		5.153125
6939		4.843750
6940		4.459375
6941		4.162500
6942		3.884375
6943		3.512500
6944		3.559375
6945		3.690625
6946		3.115625
6947		3.143750
6948		1.459375
6949		2.775000
6950		3.781250
6951		3.662500
6952		3.956250
6953		3.928125
6954		4.103125
6955		4.371875
6956		4.340625
6957		5.006250
6958		5.331250
6959		5.965625
6960		6.156250
6961		6.318750
6962		6.231250
6963		5.818750
6964		5.581250
6965		5.390625
6966		4.459375
6967		4.487500
6968		4.150000
6969		4.134375
6970		4.621875
6971		5.331250
6972		4.990625
6973		5.787500
6974		5.700000
6975		6.393750
6976		6.009375
6977		6.068750
6978		5.846875
6979		5.878125
6980		5.271875
6981		5.375000
6982		5.184375
6983		4.650000
6984		4.428125
6985		4.546875
6986		4.621875
6987		5.021875
6988		5.359375
6989		5.656250
6990		5.993750
6991		6.171875
6992		6.409375
6993		5.981250
6994		6.290625
6995		6.496875
6996		6.246875
6997		6.540625
6998		6.718750
6999		6.806250
7000		6.425000
7001		6.409375
7002		6.187500
7003		6.187500
7004		5.818750
7005		6.275000
7006		5.803125
7007		6.068750
7008		6.365625
7009		6.496875
7010		7.131250
7011		6.690625
7012		6.793750
7013		5.878125
7014		6.365625
7015		6.203125
7016		6.068750
7017		6.171875
7018		6.468750
7019		5.212500
7020		5.462500
7021		4.887500
7022		5.153125
7023		4.059375
7024		4.962500
7025		4.118750
7026		4.237500
7027		4.903125
7028		5.553125
7029		5.553125
7030		5.878125
7031		5.728125
7032		6.053125
7033		4.665625
7034		5.478125
7035		5.034375
7036		5.581250
7037		4.650000
7038		5.700000
7039		4.650000
7040		5.359375
7041		5.418750
7042		6.112500
7043		5.775000
7044		5.315625
7045		5.612500
7046		5.359375
7047		5.846875
7048		5.537500
7049		6.350000
7050		6.025000
7051		6.187500
7052		6.425000
7053		6.215625
7054		6.690625
7055		6.659375
7056		7.028125
7057		6.703125
7058		6.556250
7059		7.015625
7060		6.571875
7061		6.806250
7062		8.034375
7063		7.368750
7064		7.028125
7065		6.718750
7066		6.881250
7067		7.178125
7068		7.606250
7069		8.121875
7070		7.678125
7071		7.900000
7072		7.796875
7073		7.693750
7074		7.606250
7075		7.531250
7076		7.618750
7077		7.975000
7078		7.606250
7079		7.768750
7080		7.546875
7081		7.693750
7082		8.018750
7083		8.121875
7084		8.315625
7085		7.575000
7086		7.531250
7087		7.400000
7088		7.562500
7089		7.618750
7090		7.721875
7091		7.693750
7092		7.400000
7093		7.990625
7094		7.990625
7095		9.081250
7096		7.975000
7097		7.915625
7098		7.456250
7099		8.196875
7100		8.581250
7101		8.315625
7102		10.559375
7103		8.181250
7104		8.181250
7105		8.121875
7106		8.196875
7107		7.546875
7108		7.309375
7109		7.531250
7110		7.828125
7111		7.353125
7112		6.912500
7113		6.690625
7114		5.965625
7115		6.318750
7116		6.215625
7117		6.587500
7118		6.350000
7119		7.131250
7120		7.087500
7121		7.678125
7122		8.240625
7123		7.856250
7124		7.562500
7125		7.503125
7126		6.750000
7127		6.718750
7128		5.787500
7129		6.112500
7130		5.553125
7131		4.946875
7132		4.400000
7133		3.440625
7134		3.246875
7135		4.162500
7136		3.365625
7137		3.721875
7138		3.587500
7139		3.940625
7140		3.793750
7141		3.940625
7142		3.912500
7143		5.403125
7144		5.137500
7145		6.528125
7146		7.237500
7147		8.490625
7148		8.181250
7149		9.081250
7150		7.678125
7151		6.912500
7152		5.818750
7153		4.962500
7154		3.396875
7155		2.968750
7156		2.775000
7157		2.184375
7158		1.031250
7159		2.259375
7160		1.668750
7161		2.318750
7162		3.143750
7163		3.690625
7164		3.956250
7165		5.137500
7166		4.578125
7167		4.784375
7168		4.946875
7169		4.828125
7170		4.665625
7171		5.137500
7172		5.775000
7173		5.331250
7174		3.837500
7175		2.996875
7176		2.525000
7177		1.681250
7178		1.328125
7179		1.296875
7180		1.240625
7181		2.362500
7182		2.968750
7183		4.209375
7184		4.946875
7185		6.128125
7186		6.631250
7187		6.468750
7188		6.615625
7189		6.703125
7190		6.750000
7191		5.612500
7192		5.612500
7193		4.903125
7194		4.384375
7195		4.296875
7196		3.512500
7197		2.968750
7198		3.543750
7199		4.031250
7200		4.665625
7201		5.196875
7202		5.509375
7203		6.643750
7204		6.762500
7205		7.237500
7206		7.943750
7207		8.137500
7208		8.462500
7209		8.328125
7210		8.431250
7211		7.606250
7212		7.118750
7213		6.540625
7214		5.775000
7215		4.590625
7216		4.503125
7217		4.325000
7218		4.475000
7219		4.696875
7220		5.846875
7221		5.890625
7222		6.512500
7223		7.118750
7224		8.062500
7225		8.003125
7226		8.209375
7227		8.209375
7228		8.403125
7229		7.796875
7230		7.678125
7231		7.131250
7232		6.468750
7233		6.025000
7234		5.700000
7235		5.478125
7236		5.065625
7237		5.050000
7238		5.240625
7239		4.990625
7240		5.581250
7241		6.587500
7242		6.128125
7243		6.631250
7244		7.075000
7245		7.043750
7246		6.793750
7247		6.437500
7248		6.306250
7249		4.915625
7250		5.228125
7251		5.137500
7252		4.253125
7253		4.281250
7254		3.956250
7255		3.143750
7256		3.056250
7257		3.040625
7258		3.631250
7259		4.031250
7260		4.428125
7261		4.562500
7262		4.621875
7263		4.665625
7264		4.428125
7265		4.046875
7266		4.650000
7267		4.221875
7268		4.665625
7269		4.118750
7270		3.928125
7271		3.381250
7272		2.790625
7273		2.656250
7274		2.850000
7275		2.375000
7276		2.790625
7277		2.746875
7278		3.218750
7279		3.618750
7280		3.987500
7281		4.340625
7282		4.340625
7283		4.962500
7284		4.650000
7285		4.400000
7286		4.281250
7287		3.706250
7288		4.031250
7289		3.706250
7290		3.587500
7291		2.715625
7292		2.006250
7293		2.553125
7294		1.740625
7295		1.490625
7296		1.490625
7297		1.371875
7298		1.946875
7299		2.109375
7300		2.553125
7301		2.390625
7302		2.156250
7303		2.893750
7304		2.700000
7305		3.321875
7306		3.603125
7307		3.987500
7308		4.209375
7309		3.765625
7310		3.896875
7311		3.690625
7312		3.571875
7313		3.071875
7314		2.968750
7315		2.509375
7316		2.006250
7317		1.771875
7318		1.668750
7319		1.328125
7320		1.593750
7321		1.518750
7322		1.150000
7323		1.518750
7324		2.259375
7325		2.287500
7326		2.643750
7327		2.806250
7328		3.143750
7329		3.040625
7330		3.262500
7331		3.587500
7332		3.425000
7333		3.293750
7334		2.921875
7335		3.293750
7336		3.100000
7337		2.037500
7338		1.165625
7339		1.106250
7340		0.175000
7341		0.737500
7342		0.056250
7343		0.590625
7344		0.265625
7345		0.737500
7346		0.915625
7347		0.337500
7348		0.043750
7349		0.265625
7350		0.309375
7351		0.809375
7352		1.031250
7353		0.543750
7354		0.337500
7355		-0.209375
7356		-1.021875
7357		-1.450000
7358		-1.256250
7359		-1.228125
7360		-2.053125
7361		-1.834375
7362		-2.275000
7363		-2.468750
7364		-2.971875
7365		-3.428125
7366		-3.028125
7367		-3.059375
7368		-2.690625
7369		-2.540625
7370		-2.203125
7371		-2.068750
7372		-2.321875
7373		-1.921875
7374		-2.053125
7375		-2.587500
7376		-2.484375
7377		-2.203125
7378		-2.631250
7379		-2.703125
7380		-3.221875
7381		-3.178125
7382		-3.428125
7383		-3.384375
7384		-3.178125
7385		-3.471875
7386		-3.400000
7387		-3.384375
7388		-3.915625
7389		-3.768750
7390		-3.678125
7391		-3.621875
7392		-3.621875
7393		-3.515625
7394		-3.340625
7395		-3.621875
7396		-3.693750
7397		-4.165625
7398		-4.565625
7399		-4.593750
7400		-4.653125
7401		-3.828125
7402		-4.965625
7403		-4.978125
7404		-4.846875
7405		-5.465625
7406		-5.568750
7407		-5.628125
7408		-5.556250
7409		-5.790625
7410		-5.156250
7411		-4.965625
7412		-4.581250
7413		-4.418750
7414		-4.609375
7415		-4.653125
7416		-5.025000
7417		-5.243750
7418		-5.200000
7419		-5.290625
7420		-5.081250
7421		-4.787500
7422		-4.978125
7423		-5.334375
7424		-5.259375
7425		-5.334375
7426		-5.496875
7427		-5.790625
7428		-5.850000
7429		-5.881250
7430		-5.496875
7431		-5.496875
7432		-5.806250
7433		-5.850000
7434		-5.762500
7435		-5.968750
7436		-5.703125
7437		-6.087500
7438		-5.659375
7439		-5.465625
7440		-5.865625
7441		-5.453125
7442		-5.643750
7443		-5.525000
7444		-5.540625
7445		-5.600000
7446		-5.512500
7447		-5.540625
7448		-5.171875
7449		-5.393750
7450		-5.128125
7451		-4.846875
7452		-5.081250
7453		-4.728125
7454		-4.831250
7455		-5.053125
7456		-5.128125
7457		-5.378125
7458		-5.687500
7459		-5.568750
7460		-5.865625
7461		-5.746875
7462		-6.175000
7463		-6.309375
7464		-6.265625
7465		-6.159375
7466		-6.868750
7467		-7.312500
7468		-7.165625
7469		-7.609375
7470		-7.106250
7471		-6.278125
7472		-6.381250
7473		-6.796875
7474		-7.193750
7475		-8.628125
7476		-8.687500
7477		-8.656250
7478		-7.046875
7479		-5.068750
7480		-3.190625
7481		-1.406250
7482		-0.253125
7483		0.293750
7484		0.381250
7485		0.678125
7486		0.440625
7487		-0.665625
7488		-1.315625
7489		-2.437500
7490		-3.325000
7491		-4.343750
7492		-6.012500
7493		-6.265625
7494		-7.518750
7495		-8.715625
7496		-9.884375
7497		-11.065625
7498		-12.171875
7499		-12.659375
7500		-13.325000
7501		-13.131250
7502		-12.703125
7503		-11.506250
7504		-9.040625
7505		-6.678125
7506		-3.931250
7507		-2.159375
7508		0.056250
7509		-0.768750
7510		-1.581250
7511		-2.940625
7512		-4.787500
7513		-5.984375
7514		-7.815625
7515		-8.406250
7516		-8.746875
7517		-9.868750
7518		-9.750000
7519		-9.440625
7520		-9.337500
7521		-8.746875
7522		-7.831250
7523		-6.603125
7524		-5.940625
7525		-4.315625
7526		-3.562500
7527		-3.796875
7528		-4.137500
7529		-4.003125
7530		-4.462500
7531		-3.915625
7532		-4.181250
7533		-4.700000
7534		-5.762500
7535		-7.150000
7536		-8.493750
7537		-10.459375
7538		-12.068750
7539		-12.571875
7540		-12.778125
7541		-10.915625
7542		-8.643750
7543		-5.834375
7544		-3.162500
7545		-2.365625
7546		-0.518750
7547		0.190625
7548		0.559375
7549		0.028125
7550		-1.331250
7551		-3.400000
7552		-5.128125
7553		-5.909375
7554		-8.050000
7555		-9.587500
7556		-10.696875
7557		-11.759375
7558		-11.434375
7559		-10.753125
7560		-9.809375
7561		-8.168750
7562		-6.234375
7563		-6.028125
7564		-5.671875
7565		-4.181250
7566		-3.943750
7567		-4.906250
7568		-4.787500
7569		-5.156250
7570		-5.112500
7571		-5.053125
7572		-5.834375
7573		-6.943750
7574		-8.450000
7575		-9.440625
7576		-9.615625
7577		-10.903125
7578		-10.621875
7579		-10.475000
7580		-9.956250
7581		-8.818750
7582		-7.815625
7583		-6.693750
7584		-5.659375
7585		-5.068750
7586		-4.712500
7587		-4.993750
7588		-4.771875
7589		-5.687500
7590		-6.043750
7591		-7.831250
7592		-8.862500
7593		-10.534375
7594		-10.859375
7595		-11.196875
7596		-10.681250
7597		-10.784375
7598		-9.690625
7599		-8.775000
7600		-7.121875
7601		-6.987500
7602		-5.925000
7603		-5.053125
7604		-4.359375
7605		-4.653125
7606		-4.890625
7607		-5.718750
7608		-5.881250
7609		-5.453125
7610		-6.456250
7611		-5.834375
7612		-7.934375
7613		-8.081250
7614		-8.081250
7615		-7.712500
7616		-7.240625
7617		-6.900000
7618		-6.590625
7619		-6.515625
7620		-6.190625
7621		-5.540625
7622		-4.700000
7623		-3.400000
7624		-2.837500
7625		-2.615625
7626		-2.675000
7627		-2.571875
7628		-3.384375
7629		-4.196875
7630		-4.875000
7631		-5.790625
7632		-6.353125
7633		-6.321875
7634		-6.693750
7635		-6.381250
7636		-5.909375
7637		-5.318750
7638		-4.684375
7639		-4.240625
7640		-4.284375
7641		-3.028125
7642		-2.837500
7643		-2.956250
7644		-3.340625
7645		-3.606250
7646		-3.400000
7647		-4.490625
7648		-5.687500
7649		-6.159375
7650		-6.440625
7651		-6.218750
7652		-6.218750
7653		-5.778125
7654		-5.421875
7655		-5.615625
7656		-4.965625
7657		-4.137500
7658		-4.550000
7659		-3.840625
7660		-3.309375
7661		-2.865625
7662		-2.675000
7663		-2.615625
7664		-2.793750
7665		-2.925000
7666		-2.587500
7667		-3.621875
7668		-3.781250
7669		-3.975000
7670		-4.240625
7671		-4.862500
7672		-4.875000
7673		-4.640625
7674		-4.121875
7675		-3.915625
7676		-3.459375
7677		-3.828125
7678		-3.340625
7679		-2.956250
7680		-3.134375
7681		-3.296875
7682		-2.984375
7683		-1.996875
7684		-2.984375
7685		-4.062500
7686		-4.462500
7687		-4.771875
7688		-4.490625
7689		-5.671875
7690		-4.862500
7691		-5.762500
7692		-5.481250
7693		-4.609375
7694		-4.668750
7695		-3.753125
7696		-4.565625
7697		-3.162500
7698		-3.737500
7699		-3.428125
7700		-3.812500
7701		-3.443750
7702		-3.531250
7703		-3.162500
7704		-4.387500
7705		-3.796875
7706		-4.093750
7707		-3.915625
7708		-3.812500
7709		-4.165625
7710		-4.490625
7711		-4.315625
7712		-3.693750
7713		-3.531250
7714		-3.725000
7715		-3.709375
7716		-2.718750
7717		-2.718750
7718		-3.146875
7719		-2.143750
7720		-2.171875
7721		-1.862500
7722		-1.731250
7723		-2.262500
7724		-2.187500
7725		-2.496875
7726		-2.703125
7727		-2.646875
7728		-2.793750
7729		-2.881250
7730		-2.556250
7731		-2.425000
7732		-2.365625
7733		-2.068750
7734		-1.656250
7735		-1.346875
7736		-1.315625
7737		-1.406250
7738		-1.731250
7739		-1.581250
7740		-1.640625
7741		-2.084375
7742		-1.700000
7743		-2.425000
7744		-1.331250
7745		-1.981250
7746		-1.568750
7747		-1.775000
7748		-1.731250
7749		-2.100000
7750		-1.731250
7751		-2.215625
7752		-1.906250
7753		-1.950000
7754		-1.168750
7755		-1.256250
7756		-1.093750
7757		-0.768750
7758		-1.081250
7759		-1.021875
7760		-0.918750
7761		-1.834375
7762		-1.243750
7763		-1.937500
7764		-0.887500
7765		-0.946875
7766		-0.918750
7767		-1.021875
7768		-0.812500
7769		-0.887500
7770		-0.281250
7771		-0.871875
7772		-0.503125
7773		-1.006250
7774		-0.400000
7775		-0.281250
7776		-0.281250
7777		-0.325000
7778		-0.459375
7779		-1.256250
7780		-0.962500
7781		-1.184375
7782		-0.740625
7783		-0.784375
7784		-0.325000
7785		-0.756250
7786		-0.209375
7787		0.856250
7788		0.500000
7789		0.412500
7790		0.368750
7791		-0.312500
7792		-0.621875
7793		-0.800000
7794		-1.256250
7795		-1.006250
7796		-2.171875
7797		-1.906250
7798		-2.940625
7799		-3.281250
7800		-3.634375
7801		-3.871875
7802		-3.650000
7803		-3.871875
7804		-3.118750
7805		-3.546875
7806		-3.237500
7807		-2.718750
7808		-2.068750
7809		-1.509375
7810		-0.221875
7811		0.028125
7812		1.312500
7813		1.062500
7814		2.346875
7815		1.637500
7816		0.959375
7817		0.159375
7818		-1.331250
7819		-2.540625
7820		-3.028125
7821		-3.840625
7822		-3.990625
7823		-3.943750
7824		-4.062500
7825		-3.621875
7826		-3.178125
7827		-2.306250
7828		-2.409375
7829		-1.996875
7830		-1.568750
7831		-0.162500
7832		-0.162500
7833		0.234375
7834		0.000000
7835		1.078125
7836		0.337500
7837		0.928125
7838		-0.031250
7839		0.309375
7840		-0.253125
7841		-1.981250
7842		-2.025000
7843		-2.203125
7844		-1.996875
7845		-1.775000
7846		-1.493750
7847		0.115625
7848		0.753125
7849		2.362500
7850		3.337500
7851		4.150000
7852		4.696875
7853		4.800000
7854		4.887500
7855		5.240625
7856		4.296875
7857		4.400000
7858		3.337500
7859		2.746875
7860		1.962500
7861		1.490625
7862		1.253125
7863		1.090625
7864		1.653125
7865		2.050000
7866		2.081250
7867		3.675000
7868		4.150000
7869		4.709375
7870		4.871875
7871		5.537500
7872		6.540625
7873		6.203125
7874		6.587500
7875		6.690625
7876		5.846875
7877		5.596875
7878		4.340625
7879		3.440625
7880		2.481250
7881		2.006250
7882		1.934375
7883		1.859375
7884		2.006250
7885		2.612500
7886		3.159375
7887		3.971875
7888		4.578125
7889		5.021875
7890		5.743750
7891		6.318750
7892		6.425000
7893		6.350000
7894		6.437500
7895		6.631250
7896		5.256250
7897		5.553125
7898		4.740625
7899		3.956250
7900		3.646875
7901		3.675000
7902		3.071875
7903		3.321875
7904		3.175000
7905		4.296875
7906		4.281250
7907		5.153125
7908		5.390625
7909		6.171875
7910		5.981250
7911		6.187500
7912		6.306250
7913		5.890625
7914		5.965625
7915		6.734375
7916		5.375000
7917		5.434375
7918		5.212500
7919		4.534375
7920		3.912500
7921		3.646875
7922		3.409375
7923		3.884375
7924		4.428125
7925		5.346875
7926		5.715625
7927		6.350000
7928		6.690625
7929		6.762500
7930		6.615625
7931		7.178125
7932		7.796875
7933		7.606250
7934		7.575000
7935		7.190625
7936		6.925000
7937		5.950000
7938		5.728125
7939		5.184375
7940		4.621875
7941		4.534375
7942		4.740625
7943		4.371875
7944		4.975000
7945		5.184375
7946		5.287500
7947		5.418750
7948		5.256250
7949		5.596875
7950		6.171875
7951		6.643750
7952		7.575000
7953		6.984375
7954		7.206250
7955		7.103125
7956		7.281250
7957		6.762500
7958		7.118750
7959		6.246875
7960		6.393750
7961		5.700000
7962		6.215625
7963		5.890625
7964		6.334375
7965		6.734375
7966		6.821875
7967		7.131250
7968		7.281250
7969		7.353125
7970		7.678125
7971		7.281250
7972		7.503125
7973		7.353125
7974		6.984375
7975		7.162500
7976		7.162500
7977		6.556250
7978		6.318750
7979		5.625000
7980		5.137500
7981		4.637500
7982		4.753125
7983		4.503125
7984		4.518750
7985		4.709375
7986		4.340625
7987		4.518750
7988		5.240625
7989		5.093750
7990		5.656250
7991		6.365625
7992		6.806250
7993		8.268750
7994		8.831250
7995		8.950000
7996		8.787500
7997		9.231250
7998		9.393750
7999		9.671875
8000		8.890625
8001		8.462500
8002		8.165625
8003		7.871875
8004		7.618750
8005		7.650000
8006		7.015625
8007		6.425000
8008		6.865625
8009		6.540625
8010		6.837500
8011		6.540625
8012		7.281250
8013		7.059375
8014		7.384375
8015		7.618750
8016		7.781250
8017		8.268750
8018		8.240625
8019		8.121875
8020		8.418750
8021		7.562500
8022		7.590625
8023		7.575000
8024		7.162500
8025		6.793750
8026		6.481250
8027		4.015625
8028		5.656250
8029		5.109375
8030		5.034375
8031		5.137500
8032		4.962500
8033		4.990625
8034		4.650000
8035		5.346875
8036		4.665625
8037		5.700000
8038		5.625000
8039		6.215625
8040		5.359375
8041		5.168750
8042		5.109375
8043		5.240625
8044		4.621875
8045		5.065625
8046		4.075000
8047		4.443750
8048		4.059375
8049		4.031250
8050		3.734375
8051		2.806250
8052		3.175000
8053		3.618750
8054		3.056250
8055		3.440625
8056		3.468750
8057		3.690625
8058		3.559375
8059		3.631250
8060		3.203125
8061		2.937500
8062		3.187500
8063		2.878125
8064		3.175000
8065		3.159375
8066		2.953125
8067		3.662500
8068		3.468750
8069		3.306250
8070		3.618750
8071		2.893750
8072		3.246875
8073		3.512500
8074		3.646875
8075		3.809375
8076		4.621875
8077		4.637500
8078		4.800000
8079		4.887500
8080		5.065625
8081		4.843750
8082		5.240625
8083		4.665625
8084		4.887500
8085		5.359375
8086		4.621875
8087		5.581250
8088		5.021875
8089		4.621875
8090		5.034375
8091		4.768750
8092		5.359375
8093		5.315625
8094		5.256250
8095		5.125000
8096		5.287500
8097		5.565625
8098		5.184375
8099		5.656250
8100		5.093750
8101		5.137500
8102		5.287500
8103		5.803125
8104		4.800000
8105		5.093750
8106		5.287500
8107		5.521875
8108		5.184375
8109		3.559375
8110		5.168750
8111		4.784375
8112		4.990625
8113		4.843750
8114		4.546875
8115		4.990625
8116		4.915625
8117		5.462500
8118		4.843750
8119		4.784375
8120		4.990625
8121		4.356250
8122		4.325000
8123		3.956250
8124		4.340625
8125		4.103125
8126		4.178125
8127		3.853125
8128		3.396875
8129		3.187500
8130		3.321875
8131		3.115625
8132		3.040625
8133		2.421875
8134		2.584375
8135		3.293750
8136		4.265625
8137		3.337500
8138		3.781250
8139		3.100000
8140		2.259375
8141		1.356250
8142		2.525000
8143		2.893750
8144		5.671875
8145		7.015625
8146		9.275000
8147		10.321875
8148		10.646875
8149		10.796875
8150		11.815625
8151		10.278125
8152		10.425000
8153		7.796875
8154		7.840625
8155		6.496875
8156		5.434375
8157		4.103125
8158		3.484375
8159		2.596875
8160		1.859375
8161		0.590625
8162		0.321875
8163		-0.990625
8164		-0.193750
8165		-2.865625
8166		-2.865625
8167		-3.087500
8168		-2.306250
8169		0.309375
8170		3.365625
8171		6.053125
8172		8.343750
8173		10.115625
8174		9.612500
8175		8.684375
8176		7.562500
8177		5.021875
8178		4.031250
8179		2.775000
8180		1.962500
8181		0.559375
8182		0.484375
8183		-0.134375
8184		0.309375
8185		0.087500
8186		1.371875
8187		2.259375
8188		3.484375
8189		4.475000
8190		5.775000
8191		6.068750
8192		5.256250
8193		5.993750
8194		5.109375
8195		4.253125
8196		2.525000
8197		0.900000
8198		-1.196875
8199		-1.981250
8200		-2.865625
8201		-2.750000
8202		-1.418750
8203		1.415625
8204		3.750000
8205		6.100000
8206		7.721875
8207		9.393750
8208		9.243750
8209		10.412500
8210		9.556250
8211		8.490625
8212		6.481250
8213		5.006250
8214		3.115625
8215		1.565625
8216		-0.443750
8217		-1.434375
8218		-2.615625
8219		-1.890625
8220		-1.596875
8221		-0.150000
8222		1.565625
8223		3.040625
8224		3.809375
8225		4.281250
8226		5.184375
8227		5.787500
8228		5.478125
8229		5.715625
8230		5.093750
8231		4.887500
8232		4.296875
8233		3.837500
8234		2.746875
8235		1.343750
8236		0.353125
8237		-0.193750
8238		-1.125000
8239		-0.665625
8240		-0.828125
8241		0.087500
8242		0.471875
8243		1.696875
8244		3.618750
8245		3.734375
8246		4.590625
8247		5.359375
8248		5.300000
8249		5.137500
8250		4.209375
8251		2.806250
8252		1.668750
8253		0.115625
8254		-0.621875
8255		-1.478125
8256		-2.128125
8257		-1.743750
8258		-1.684375
8259		-0.740625
8260		0.000000
8261		1.150000
8262		1.843750
8263		3.143750
8264		3.809375
8265		4.178125
8266		3.912500
8267		3.868750
8268		3.115625
8269		2.746875
8270		1.609375
8271		1.403125
8272		0.765625
8273		0.234375
8274		0.071875
8275		-0.221875
8276		-0.756250
8277		0.618750
8278		0.028125
8279		0.412500
8280		0.603125
8281		1.106250
8282		2.021875
8283		2.806250
8284		3.646875
8285		4.178125
8286		4.265625
8287		4.400000
8288		4.296875
8289		3.618750
8290		2.687500
8291		1.681250
8292		0.959375
8293		0.087500
8294		0.234375
8295		-0.384375
8296		0.293750
8297		0.693750
8298		1.018750
8299		1.609375
8300		2.862500
8301		3.187500
8302		3.868750
8303		4.031250
8304		4.000000
8305		3.365625
8306		3.337500
8307		2.775000
8308		2.156250
8309		1.284375
8310		0.900000
8311		0.381250
8312		0.412500
8313		0.131250
8314		0.250000
8315		0.071875
8316		0.175000
8317		0.484375
8318		1.031250
8319		0.971875
8320		2.184375
8321		2.465625
8322		2.568750
8323		2.656250
8324		2.981250
8325		3.115625
8326		3.115625
8327		2.671875
8328		1.903125
8329		0.884375
8330		0.590625
8331		-0.356250
8332		-0.356250
8333		-0.340625
8334		-0.193750
8335		-0.106250
8336		0.293750
8337		0.412500
8338		0.428125
8339		0.234375
8340		0.531250
8341		0.206250
8342		0.575000
8343		0.087500
8344		0.218750
8345		-0.696875
8346		-1.109375
8347		-1.700000
8348		-2.321875
8349		-2.631250
8350		-1.996875
8351		-3.828125
8352		-3.384375
8353		-3.606250
8354		-2.837500
8355		-2.159375
8356		-1.656250
8357		-1.184375
8358		-1.450000
8359		-1.450000
8360		-1.315625
8361		-1.243750
8362		-1.256250
8363		-1.109375
8364		-1.581250
8365		-1.462500
8366		-1.521875
8367		-1.521875
8368		-1.715625
8369		-1.656250
8370		-1.612500
8371		-1.656250
8372		-1.462500
8373		-1.759375
8374		-1.065625
8375		-1.109375
8376		-0.812500
8377		-0.209375
8378		-0.134375
8379		0.190625
8380		0.515625
8381		0.781250
8382		1.106250
8383		0.515625
8384		0.543750
8385		0.590625
8386		-0.059375
8387		-0.150000
8388		-0.431250
8389		-0.546875
8390		-0.725000
8391		-0.578125
8392		-0.843750
8393		-0.356250
8394		-0.059375
8395		0.531250
8396		0.146875
8397		0.603125
8398		-0.325000
8399		-0.281250
8400		-0.650000
8401		-0.637500
8402		-0.871875
8403		-1.021875
8404		-1.168750
8405		-0.946875
8406		-1.462500
8407		-1.462500
8408		-1.656250
8409		-2.025000
8410		-1.921875
8411		-1.981250
8412		-2.053125
8413		-2.378125
8414		-2.053125
8415		-1.803125
8416		-1.596875
8417		-1.406250
8418		-1.803125
8419		-1.921875
8420		-1.184375
8421		-2.215625
8422		-2.128125
8423		-2.762500
8424		-2.350000
8425		-2.290625
8426		-2.615625
8427		-2.646875
8428		-2.646875
8429		-3.103125
8430		-2.734375
8431		-2.853125
8432		-2.409375
8433		-2.556250
8434		-2.365625
8435		-2.528125
8436		-2.496875
8437		-2.437500
8438		-2.853125
8439		-3.325000
8440		-3.309375
8441		-3.725000
8442		-3.975000
8443		-4.018750
8444		-3.487500
8445		-3.634375
8446		-3.059375
8447		-2.718750
8448		-2.128125
8449		-2.437500
8450		-2.306250
8451		-2.512500
8452		-3.015625
8453		-3.206250
8454		-3.190625
8455		-3.915625
8456		-4.050000
8457		-4.478125
8458		-5.156250
8459		-5.893750
8460		-5.968750
8461		-6.856250
8462		-6.856250
8463		-6.959375
8464		-6.678125
8465		-6.309375
8466		-6.412500
8467		-6.381250
8468		-6.250000
8469		-5.790625
8470		-4.978125
8471		-4.137500
8472		-3.178125
8473		-2.512500
8474		-1.846875
8475		-1.228125
8476		-1.890625
8477		-2.821875
8478		-3.900000
8479		-4.950000
8480		-6.056250
8481		-7.268750
8482		-7.637500
8483		-8.200000
8484		-8.050000
8485		-7.831250
8486		-7.296875
8487		-6.971875
8488		-6.840625
8489		-6.603125
8490		-6.309375
8491		-5.893750
8492		-4.728125
8493		-4.684375
8494		-3.871875
8495		-4.756250
8496		-5.009375
8497		-4.712500
8498		-4.756250
8499		-5.081250
8500		-6.071875
8501		-6.353125
8502		-7.121875
8503		-8.687500
8504		-8.775000
8505		-8.746875
8506		-8.584375
8507		-8.671875
8508		-7.459375
8509		-6.043750
8510		-4.418750
8511		-3.693750
8512		-2.793750
8513		-2.512500
8514		-2.571875
8515		-2.809375
8516		-2.587500
8517		-3.634375
8518		-4.165625
8519		-5.096875
8520		-5.496875
8521		-6.131250
8522		-6.590625
8523		-6.868750
8524		-6.796875
8525		-6.265625
8526		-5.687500
8527		-4.965625
8528		-4.418750
8529		-3.384375
8530		-2.587500
8531		-2.321875
8532		-0.800000
8533		-0.962500
8534		-0.784375
8535		-0.621875
8536		-0.593750
8537		-0.800000
8538		-1.834375
8539		-2.940625
8540		-3.575000
8541		-4.728125
8542		-5.140625
8543		-5.200000
8544		-5.200000
8545		-4.640625
8546		-4.106250
8547		-3.503125
8548		-2.718750
8549		-2.053125
8550		-1.715625
8551		-1.315625
8552		-0.990625
8553		-0.812500
8554		-1.065625
8555		-0.606250
8556		-1.331250
8557		-1.331250
8558		-2.468750
8559		-2.453125
8560		-3.384375
8561		-3.871875
8562		-4.153125
8563		-4.018750
8564		-4.343750
8565		-4.137500
8566		-4.050000
8567		-3.562500
8568		-3.634375
8569		-3.621875
8570		-3.206250
8571		-3.237500
8572		-2.837500
8573		-3.384375
8574		-2.750000
8575		-3.943750
8576		-4.581250
8577		-4.756250
8578		-6.234375
8579		-5.718750
8580		-6.412500
8581		-6.900000
8582		-6.309375
8583		-6.309375
8584		-6.206250
8585		-5.378125
8586		-4.965625
8587		-5.303125
8588		-4.934375
8589		-5.068750
8590		-4.609375
8591		-5.128125
8592		-4.815625
8593		-5.096875
8594		-4.862500
8595		-4.387500
8596		-4.978125
8597		-4.875000
8598		-5.318750
8599		-5.350000
8600		-5.259375
8601		-5.865625
8602		-5.762500
8603		-5.659375
8604		-5.259375
8605		-4.728125
8606		-4.212500
8607		-4.181250
8608		-3.678125
8609		-3.621875
8610		-3.915625
8611		-3.709375
8612		-3.840625
8613		-3.265625
8614		-2.940625
8615		-3.206250
8616		-3.737500
8617		-3.900000
8618		-4.212500
8619		-3.931250
8620		-4.506250
8621		-5.231250
8622		-5.171875
8623		-4.700000
8624		-6.515625
8625		-4.712500
8626		-4.506250
8627		-4.153125
8628		-4.153125
8629		-4.284375
8630		-3.900000
8631		-3.634375
8632		-3.353125
8633		-2.615625
8634		-3.459375
8635		-2.321875
8636		-2.587500
8637		-2.143750
8638		-2.659375
8639		-3.059375
8640		-3.650000
8641		-4.490625
8642		-4.137500
8643		-4.712500
8644		-4.803125
8645		-5.687500
8646		-5.068750
8647		-5.465625
8648		-5.893750
8649		-5.790625
8650		-5.540625
8651		-5.231250
8652		-3.959375
8653		-4.137500
8654		-3.250000
8655		-2.762500
8656		-2.365625
8657		-2.528125
8658		-2.143750
8659		-1.878125
8660		-1.612500
8661		-1.184375
8662		-0.859375
8663		-1.625000
8664		-1.434375
8665		-1.834375
8666		-1.581250
8667		-2.750000
8668		-2.615625
8669		-3.162500
8670		-2.912500
8671		-2.718750
8672		-2.734375
8673		-2.690625
8674		-2.853125
8675		-2.881250
8676		-2.393750
8677		-2.187500
8678		-1.715625
8679		-1.818750
8680		-1.656250
8681		-1.834375
8682		-2.378125
8683		-2.512500
8684		-2.496875
8685		-3.296875
8686		-2.809375
8687		-3.400000
8688		-3.325000
8689		-3.634375
8690		-4.240625
8691		-4.803125
8692		-4.640625
8693		-4.684375
8694		-4.609375
8695		-4.581250
8696		-4.137500
8697		-3.812500
8698		-3.828125
8699		-3.990625
8700		-3.887500
8701		-4.846875
8702		-4.846875
8703		-5.290625
8704		-5.200000
8705		-5.437500
8706		-4.581250
8707		-5.318750
8708		-5.584375
8709		-5.790625
8710		-5.909375
8711		-5.940625
8712		-6.471875
8713		-6.190625
8714		-6.559375
8715		-6.115625
8716		-5.731250
8717		-5.968750
8718		-5.437500
8719		-6.012500
8720		-5.940625
8721		-6.634375
8722		-6.706250
8723		-6.381250
8724		-7.121875
8725		-6.559375
8726		-6.531250
8727		-6.278125
8728		-7.121875
8729		-6.721875
8730		-7.106250
8731		-6.309375
8732		-7.490625
8733		-6.781250
8734		-7.240625
8735		-6.131250
8736		-6.293750
8737		-6.115625
8738		-5.790625
8739		-5.215625
8740		-5.362500
8741		-4.862500
8742		-5.350000
8743		-5.200000
8744		-5.128125
8745		-4.609375
8746		-5.009375
8747		-4.387500
8748		-4.906250
8749		-4.934375
8750		-5.156250
8751		-4.684375
8752		-4.934375
8753		-4.490625
8754		-5.156250
8755		-5.112500
8756		-5.081250
8757		-4.950000
8758		-4.565625
8759		-4.831250
8760		-4.565625
8761		-4.593750
8762		-4.743750
8763		-4.684375
8764		-4.446875
8765		-4.093750
8766		-3.856250
8767		-4.034375
8768		-3.634375
8769		-3.709375
8770		-3.665625
8771		-3.900000
8772		-3.975000
8773		-3.606250
8774		-3.281250
8775		-3.840625
8776		-3.250000
8777		-3.206250
8778		-2.912500
8779		-3.059375
8780		-3.281250
8781		-3.353125
8782		-4.018750
8783		-3.650000
8784		-3.693750
8785		-3.503125
8786		-3.368750
8787		-3.146875
8788		-2.984375
8789		-4.328125
8790		-3.812500
8791		-3.796875
8792		-4.684375
8793		-3.856250
8794		-4.743750
8795		-4.212500
8796		-4.565625
8797		-3.353125
8798		-3.146875
8799		-3.546875
8800		-4.640625
8801		-4.862500
8802		-6.190625
8803		-5.393750
8804		-4.684375
8805		-1.434375
8806		-0.221875
8807		1.771875
8808		2.775000
8809		3.409375
8810		4.031250
8811		4.428125
8812		4.059375
8813		3.837500
8814		3.025000
8815		1.565625
8816		0.678125
8817		-1.093750
8818		-1.478125
8819		-2.809375
8820		-2.837500
8821		-4.121875
8822		-4.787500
8823		-5.243750
8824		-5.687500
8825		-6.971875
8826		-6.693750
8827		-8.184375
8828		-7.506250
8829		-6.928125
8830		-4.462500
8831		-2.040625
8832		0.559375
8833		3.853125
8834		5.315625
8835		5.403125
8836		5.168750
8837		3.868750
8838		2.790625
8839		0.662500
8840		-0.546875
8841		-1.125000
8842		-2.246875
8843		-2.215625
8844		-2.571875
8845		-2.425000
8846		-1.981250
8847		-1.434375
8848		0.028125
8849		1.134375
8850		2.243750
8851		3.618750
8852		3.884375
8853		3.825000
8854		3.956250
8855		3.293750
8856		3.203125
8857		3.587500
8858		3.528125
8859		3.040625
8860		2.037500
8861		1.078125
8862		-0.487500
8863		-1.684375
8864		-3.428125
8865		-4.831250
8866		-4.653125
8867		-3.931250
8868		-1.462500
8869		0.943750
8870		3.100000
8871		4.915625
8872		6.171875
8873		7.325000
8874		8.490625
8875		7.309375
8876		6.481250
8877		4.443750
8878		3.159375
8879		1.121875
8880		-0.178125
8881		-2.128125
8882		-3.959375
8883		-4.771875
8884		-4.803125
8885		-4.862500
8886		-2.762500
8887		-1.462500
8888		1.934375
8889		0.737500
8890		2.362500
8891		3.012500
8892		3.100000
8893		3.218750
8894		3.365625
8895		3.159375
8896		3.218750
8897		2.671875
8898		2.318750
8899		1.253125
8900		0.706250
8901		-0.696875
8902		-1.137500
8903		-1.834375
8904		-1.906250
8905		-1.700000
8906		-0.800000
8907		-0.209375
8908		1.225000
8909		2.671875
8910		3.143750
8911		4.031250
8912		4.546875
8913		4.696875
8914		4.946875
8915		4.546875
8916		3.409375
8917		2.331250
8918		1.121875
8919		-0.371875
8920		-1.212500
8921		-1.256250
8922		-1.937500
8923		-1.509375
8924		-0.015625
8925		0.809375
8926		1.843750
8927		2.109375
8928		3.809375
8929		4.518750
8930		4.296875
8931		5.196875
8932		4.621875
8933		4.428125
8934		3.853125
8935		3.559375
8936		3.025000
8937		2.481250
8938		1.875000
8939		1.653125
8940		0.353125
8941		1.653125
8942		1.696875
8943		2.050000
8944		2.493750
8945		3.025000
8946		2.968750
8947		3.631250
8948		4.518750
8949		5.728125
8950		6.171875
8951		6.750000
8952		6.643750
8953		6.643750
8954		6.100000
8955		5.596875
8956		4.503125
8957		3.631250
8958		2.921875
8959		2.759375
8960		2.434375
8961		2.850000
8962		2.968750
8963		3.690625
8964		4.356250
8965		5.240625
8966		5.478125
8967		6.306250
8968		6.659375
8969		6.956250
8970		6.793750
8971		6.806250
8972		6.068750
8973		5.596875
8974		4.696875
8975		3.956250
8976		3.765625
8977		3.409375
8978		3.928125
8979		4.075000
8980		4.075000
8981		4.400000
8982		4.340625
8983		4.768750
8984		5.256250
8985		5.831250
8986		6.318750
8987		6.615625
8988		7.103125
8989		7.650000
8990		7.015625
8991		7.309375
8992		6.203125
8993		6.556250
8994		5.684375
8995		5.981250
8996		5.921875
8997		5.596875
8998		5.640625
8999		5.462500
9000		5.803125
9001		5.700000
9002		6.112500
9003		6.262500
9004		6.643750
9005		6.912500
9006		7.131250
9007		7.384375
9008		7.618750
9009		7.384375
9010		6.896875
9011		6.365625
9012		5.759375
9013		5.168750
9014		4.962500
9015		4.621875
9016		4.400000
9017		4.253125
9018		4.428125
9019		4.931250
9020		5.403125
9021		5.831250
9022		6.171875
9023		5.787500
9024		6.425000
9025		6.453125
9026		5.965625
9027		6.275000
9028		6.350000
9029		6.203125
9030		5.287500
9031		5.981250
9032		5.359375
9033		5.331250
9034		5.728125
9035		5.125000
9036		5.581250
9037		4.740625
9038		5.390625
9039		5.125000
9040		5.890625
9041		5.656250
9042		5.906250
9043		6.246875
9044		6.571875
9045		6.600000
9046		4.325000
9047		6.806250
9048		7.237500
9049		6.984375
9050		7.400000
9051		6.556250
9052		6.540625
9053		5.937500
9054		5.775000
9055		5.553125
9056		6.690625
9057		6.053125
9058		6.540625
9059		6.437500
9060		7.087500
9061		6.896875
9062		7.178125
9063		7.103125
9064		6.968750
9065		6.896875
9066		7.190625
9067		6.675000
9068		7.428125
9069		7.015625
9070		7.075000
9071		6.984375
9072		6.718750
9073		6.793750
9074		6.468750
9075		6.762500
9076		7.178125
9077		6.718750
9078		7.309375
9079		6.984375
9080		7.606250
9081		8.256250
9082		7.281250
9083		7.796875
9084		7.546875
9085		7.456250
9086		7.368750
9087		7.650000
9088		6.912500
9089		7.384375
9090		7.753125
9091		7.871875
9092		7.428125
9093		7.959375
9094		7.400000
9095		7.562500
9096		7.281250
9097		7.650000
9098		7.162500
9099		7.178125
9100		6.912500
9101		7.678125
9102		7.118750
9103		7.412500
9104		6.437500
9105		6.171875
9106		7.309375
9107		6.143750
9108		6.025000
9109		6.187500
9110		6.365625
9111		6.409375
9112		6.896875
9113		7.178125
9114		7.162500
9115		7.028125
9116		6.350000
9117		6.365625
9118		6.100000
9119		5.700000
9120		5.553125
9121		3.987500
9122		4.296875
9123		4.059375
9124		3.396875
9125		2.878125
9126		2.687500
9127		2.212500
9128		2.687500
9129		3.321875
9130		2.937500
9131		2.996875
9132		3.071875
9133		3.262500
9134		3.765625
9135		4.534375
9136		5.493750
9137		6.350000
9138		7.562500
9139		8.371875
9140		8.359375
9141		8.403125
9142		6.956250
9143		6.306250
9144		4.459375
9145		3.662500
9146		2.909375
9147		2.212500
9148		1.784375
9149		1.978125
9150		2.006250
9151		2.493750
9152		2.746875
9153		3.187500
9154		3.512500
9155		3.618750
9156		4.031250
9157		4.784375
9158		4.990625
9159		5.878125
9160		5.390625
9161		4.784375
9162		4.725000
9163		4.546875
9164		3.781250
9165		3.809375
9166		2.818750
9167		2.303125
9168		1.078125
9169		1.268750
9170		0.309375
9171		1.078125
9172		1.490625
9173		2.287500
9174		2.996875
9175		4.621875
9176		5.921875
9177		6.643750
9178		6.262500
9179		6.540625
9180		6.365625
9181		6.171875
9182		5.728125
9183		5.109375
9184		4.253125
9185		3.809375
9186		3.040625
9187		3.025000
9188		2.596875
9189		2.937500
9190		3.143750
9191		3.262500
9192		4.150000
9193		4.709375
9194		4.946875
9195		5.671875
9196		6.690625
9197		7.087500
9198		7.250000
9199		7.575000
9200		7.975000
9201		7.753125
9202		7.546875
9203		6.615625
9204		5.921875
9205		4.871875
9206		4.178125
9207		3.765625
9208		3.587500
9209		3.928125
9210		4.356250
9211		4.650000
9212		5.553125
9213		5.803125
9214		6.587500
9215		6.350000
9216		6.865625
9217		7.162500
9218		7.721875
9219		7.618750
9220		8.018750
9221		7.428125
9222		7.340625
9223		5.950000
9224		6.215625
9225		5.315625
9226		5.168750
9227		4.859375
9228		4.915625
9229		4.665625
9230		5.184375
9231		4.800000
9232		5.065625
9233		5.168750
9234		5.728125
9235		5.403125
9236		5.818750
9237		5.906250
9238		5.981250
9239		5.315625
9240		5.240625
9241		4.768750
9242		4.503125
9243		3.543750
9244		3.837500
9245		2.996875
9246		2.700000
9247		2.406250
9248		2.421875
9249		2.406250
9250		3.071875
9251		3.234375
9252		3.571875
9253		3.100000
9254		3.321875
9255		3.750000
9256		3.246875
9257		3.853125
9258		3.528125
9259		3.809375
9260		3.662500
9261		3.781250
9262		3.512500
9263		3.071875
9264		2.628125
9265		2.509375
9266		2.006250
9267		1.934375
9268		1.593750
9269		2.081250
9270		2.537500
9271		2.481250
9272		3.100000
9273		2.850000
9274		3.143750
9275		3.025000
9276		2.818750
9277		3.706250
9278		3.337500
9279		3.987500
9280		3.912500
9281		3.675000
9282		3.543750
9283		2.537500
9284		3.025000
9285		2.200000
9286		1.712500
9287		1.918750
9288		1.046875
9289		1.328125
9290		1.728125
9291		1.565625
9292		1.415625
9293		1.371875
9294		1.800000
9295		1.609375
9296		1.756250
9297		2.421875
9298		2.303125
9299		2.537500
9300		3.293750
9301		2.671875
9302		2.862500
9303		2.759375
9304		2.450000
9305		2.375000
9306		1.550000
9307		1.815625
9308		1.328125
9309		1.890625
9310		1.121875
9311		1.046875
9312		0.840625
9313		0.753125
9314		0.428125
9315		0.781250
9316		0.575000
9317		1.268750
9318		1.150000
9319		2.006250
9320		2.140625
9321		2.006250
9322		2.156250
9323		2.331250
9324		2.509375
9325		2.375000
9326		2.537500
9327		2.481250
9328		2.081250
9329		1.784375
9330		1.696875
9331		1.415625
9332		0.646875
9333		0.590625
9334		0.440625
9335		0.159375
9336		0.234375
9337		0.206250
9338		0.159375
9339		0.159375
9340		-0.400000
9341		0.115625
9342		0.456250
9343		0.721875
9344		0.428125
9345		0.043750
9346		-0.356250
9347		-0.400000
9348		-1.093750
9349		-1.065625
9350		-1.434375
9351		-1.937500
9352		-2.128125
9353		-2.512500
9354		-2.912500
9355		-3.162500
9356		-4.343750
9357		-3.737500
9358		-3.975000
9359		-3.796875
9360		-3.546875
9361		-3.075000
9362		-2.453125
9363		-2.940625
9364		-2.615625
9365		-2.881250
9366		-3.368750
9367		-3.443750
9368		-3.915625
9369		-3.340625
9370		-3.325000
9371		-3.459375
9372		-3.621875
9373		-4.003125
9374		-4.593750
9375		-4.165625
9376		-4.815625
9377		-4.359375
9378		-4.640625
9379		-4.831250
9380		-4.803125
9381		-4.537500
9382		-4.153125
9383		-4.565625
9384		-4.565625
9385		-4.862500
9386		-4.521875
9387		-5.290625
9388		-5.243750
9389		-5.350000
9390		-5.453125
9391		-5.437500
9392		-5.053125
9393		-5.453125
9394		-5.525000
9395		-5.806250
9396		-6.071875
9397		-5.940625
9398		-6.056250
9399		-6.309375
9400		-6.159375
9401		-5.746875
9402		-5.465625
9403		-5.600000
9404		-5.053125
9405		-4.965625
9406		-5.421875
9407		-5.350000
9408		-5.406250
9409		-5.540625
9410		-5.362500
9411		-5.128125
9412		-4.950000
9413		-5.243750
9414		-5.568750
9415		-5.453125
9416		-5.687500
9417		-5.556250
9418		-6.043750
9419		-6.265625
9420		-5.984375
9421		-6.159375
9422		-5.940625
9423		-5.790625
9424		-6.043750
9425		-5.643750
9426		-6.662500
9427		-6.131250
9428		-6.265625
9429		-5.350000
9430		-5.556250
9431		-5.778125
9432		-5.350000
9433		-5.968750
9434		-5.834375
9435		-5.615625
9436		-5.790625
9437		-6.087500
9438		-5.968750
9439		-5.568750
9440		-5.643750
9441		-5.215625
9442		-5.687500
9443		-5.568750
9444		-5.406250
9445		-5.378125
9446		-5.540625
9447		-5.556250
9448		-6.337500
9449		-5.821875
9450		-5.215625
9451		-5.568750
9452		-5.790625
9453		-6.131250
9454		-6.146875
9455		-6.543750
9456		-6.796875
9457		-6.737500
9458		-6.781250
9459		-7.121875
9460		-7.150000
9461		-6.765625
9462		-6.825000
9463		-6.471875
9464		-6.412500
9465		-6.959375
9466		-7.962500
9467		-8.568750
9468		-8.643750
9469		-7.962500
9470		-5.909375
9471		-4.106250
9472		-2.159375
9473		-0.621875
9474		0.071875
9475		0.781250
9476		0.234375
9477		0.337500
9478		0.265625
9479		-0.296875
9480		-1.715625
9481		-2.793750
9482		-3.900000
9483		-5.318750
9484		-6.753125
9485		-7.240625
9486		-8.450000
9487		-9.012500
9488		-9.603125
9489		-10.000000
9490		-10.709375
9491		-11.640625
9492		-12.600000
9493		-13.087500
9494		-12.925000
9495		-11.434375
9496		-9.365625
9497		-5.996875
9498		-3.340625
9499		-1.509375
9500		-0.756250
9501		-1.390625
9502		-2.350000
9503		-4.256250
9504		-5.762500
9505		-7.268750
9506		-8.775000
9507		-8.671875
9508		-9.721875
9509		-9.928125
9510		-10.946875
9511		-10.000000
9512		-9.971875
9513		-9.321875
9514		-8.568750
9515		-6.678125
9516		-6.500000
9517		-4.906250
9518		-4.315625
9519		-4.018750
9520		-5.112500
9521		-4.906250
9522		-4.978125
9523		-5.112500
9524		-5.525000
9525		-5.865625
9526		-6.825000
9527		-8.021875
9528		-9.690625
9529		-11.034375
9530		-12.762500
9531		-13.293750
9532		-12.437500
9533		-10.546875
9534		-8.109375
9535		-5.659375
9536		-3.206250
9537		-1.775000
9538		-0.162500
9539		0.087500
9540		-0.221875
9541		-1.243750
9542		-2.984375
9543		-4.537500
9544		-5.718750
9545		-6.706250
9546		-8.406250
9547		-10.015625
9548		-11.153125
9549		-11.993750
9550		-11.818750
9551		-11.153125
9552		-9.425000
9553		-7.712500
9554		-6.706250
9555		-5.290625
9556		-4.284375
9557		-3.900000
9558		-3.737500
9559		-4.137500
9560		-3.871875
9561		-4.212500
9562		-4.537500
9563		-5.243750
9564		-5.940625
9565		-6.943750
9566		-8.375000
9567		-9.734375
9568		-10.518750
9569		-10.946875
9570		-10.709375
9571		-10.059375
9572		-8.628125
9573		-8.140625
9574		-6.900000
9575		-6.043750
9576		-5.378125
9577		-5.171875
9578		-5.068750
9579		-4.787500
9580		-4.906250
9581		-5.909375
9582		-6.278125
9583		-7.934375
9584		-8.921875
9585		-9.956250
9586		-11.137500
9587		-11.506250
9588		-11.034375
9589		-10.768750
9590		-9.234375
9591		-9.115625
9592		-7.356250
9593		-7.225000
9594		-5.762500
9595		-5.600000
9596		-4.815625
9597		-5.215625
9598		-5.540625
9599		-5.568750
9600		-6.159375
9601		-6.131250
9602		-6.440625
9603		-9.056250
9604		-8.850000
9605		-8.893750
9606		-8.390625
9607		-8.096875
9608		-7.578125
9609		-7.328125
9610		-6.646875
9611		-6.646875
9612		-5.525000
9613		-5.025000
9614		-3.459375
9615		-3.384375
9616		-2.971875
9617		-2.659375
9618		-2.512500
9619		-2.940625
9620		-3.621875
9621		-4.521875
9622		-5.406250
9623		-6.131250
9624		-6.353125
9625		-6.471875
9626		-6.753125
9627		-6.428125
9628		-5.984375
9629		-5.453125
9630		-4.934375
9631		-4.581250
9632		-3.503125
9633		-3.103125
9634		-2.896875
9635		-3.353125
9636		-3.428125
9637		-3.575000
9638		-5.081250
9639		-4.993750
9640		-5.746875
9641		-6.500000
9642		-6.928125
9643		-6.159375
9644		-6.662500
9645		-6.218750
9646		-5.881250
9647		-5.512500
9648		-6.056250
9649		-4.478125
9650		-4.078125
9651		-3.725000
9652		-3.281250
9653		-2.437500
9654		-2.215625
9655		-2.437500
9656		-2.837500
9657		-2.540625
9658		-3.871875
9659		-3.531250
9660		-4.343750
9661		-4.490625
9662		-4.875000
9663		-4.490625
9664		-4.418750
9665		-4.268750
9666		-3.943750
9667		-3.178125
9668		-3.459375
9669		-2.940625
9670		-3.281250
9671		-2.793750
9672		-3.796875
9673		-2.053125
9674		-2.793750
9675		-2.718750
9676		-3.943750
9677		-3.546875
9678		-4.212500
9679		-4.815625
9680		-5.393750
9681		-5.303125
9682		-5.834375
9683		-5.275000
9684		-5.025000
9685		-4.240625
9686		-3.959375
9687		-4.196875
9688		-3.693750
9689		-3.384375
9690		-3.190625
9691		-2.690625
9692		-3.162500
9693		-3.028125
9694		-3.281250
9695		-3.471875
9696		-3.590625
9697		-3.693750
9698		-4.300000
9699		-3.546875
9700		-3.678125
9701		-4.418750
9702		-4.581250
9703		-3.621875
9704		-4.034375
9705		-3.621875
9706		-3.871875
9707		-3.459375
9708		-2.940625
9709		-2.718750
9710		-2.334375
9711		-2.203125
9712		-2.084375
9713		-1.434375
9714		-1.921875
9715		-1.950000
9716		-2.496875
9717		-2.912500
9718		-3.000000
9719		-3.118750
9720		-3.103125
9721		-2.837500
9722		-2.925000
9723		-1.996875
9724		-2.528125
9725		-1.715625
9726		-2.025000
9727		-1.509375
9728		-1.862500
9729		-1.553125
9730		-1.981250
9731		-1.775000
9732		-1.862500
9733		-1.671875
9734		-2.425000
9735		-2.053125
9736		-2.275000
9737		-2.187500
9738		-2.068750
9739		-1.906250
9740		-2.171875
9741		-2.068750
9742		-2.128125
9743		-1.462500
9744		-1.684375
9745		-1.671875
9746		-1.390625
9747		-1.462500
9748		-1.065625
9749		-0.918750
9750		-0.871875
9751		-1.050000
9752		-1.596875
9753		-1.478125
9754		-1.359375
9755		-1.006250
9756		-0.546875
9757		-1.228125
9758		-1.093750
9759		-1.553125
9760		-0.990625
9761		-0.990625
9762		-0.931250
9763		-1.021875
9764		-0.696875
9765		-1.168750
9766		-0.178125
9767		-0.503125
9768		-0.193750
9769		-1.300000
9770		-0.546875
9771		-1.950000
9772		-1.390625
9773		-1.700000
9774		-1.256250
9775		-1.125000
9776		-0.134375
9777		-0.356250
9778		0.646875
9779		0.265625
9780		0.000000
9781		0.321875
9782		-0.106250
9783		-0.325000
9784		-0.281250
9785		-0.696875
9786		-1.093750
9787		-1.625000
9788		-2.100000
9789		-2.940625
9790		-3.531250
9791		-3.428125
9792		-4.034375
9793		-3.428125
9794		-2.912500
9795		-3.503125
9796		-3.118750
9797		-3.134375
9798		-2.762500
9799		-2.068750
9800		-1.996875
9801		-0.709375
9802		0.131250
9803		1.090625
9804		2.406250
9805		2.168750
9806		2.184375
9807		0.603125
9808		0.043750
9809		-1.418750
9810		-2.437500
9811		-3.221875
9812		-4.093750
9813		-4.050000
9814		-3.975000
9815		-4.165625
9816		-3.250000
9817		-3.471875
9818		-2.496875
9819		-2.484375
9820		-1.846875
9821		-1.612500
9822		-0.253125
9823		0.103125
9824		0.543750
9825		0.456250
9826		0.337500
9827		0.456250
9828		0.012500
9829		-0.090625
9830		-1.256250
9831		-1.462500
9832		-2.646875
9833		-2.659375
9834		-3.309375
9835		-2.690625
9836		-2.778125
9837		-2.159375
9838		-1.168750
9839		-0.106250
9840		1.253125
9841		2.656250
9842		3.350000
9843		4.384375
9844		4.503125
9845		4.590625
9846		4.075000
9847		3.750000
9848		3.040625
9849		2.450000
9850		1.550000
9851		1.565625
9852		1.003125
9853		0.971875
9854		1.062500
9855		0.781250
9856		1.268750
9857		2.450000
9858		3.603125
9859		3.765625
9860		4.371875
9861		5.509375
9862		5.640625
9863		6.334375
9864		6.837500
9865		6.393750
9866		6.156250
9867		5.403125
9868		4.546875
9869		3.675000
9870		3.218750
9871		2.818750
9872		1.875000
9873		1.843750
9874		2.081250
9875		2.259375
9876		2.375000
9877		3.100000
9878		3.734375
9879		4.193750
9880		4.946875
9881		5.553125
9882		5.390625
9883		5.890625
9884		5.728125
9885		6.128125
9886		5.596875
9887		5.184375
9888		5.109375
9889		4.400000
9890		3.884375
9891		3.690625
9892		3.440625
9893		3.409375
9894		4.193750
9895		3.928125
9896		4.265625
9897		4.887500
9898		5.493750
9899		5.509375
9900		5.684375
9901		6.290625
9902		5.581250
9903		5.728125
9904		6.084375
9905		5.256250
9906		5.228125
9907		4.887500
9908		4.740625
9909		4.118750
9910		3.750000
9911		3.512500
9912		3.218750
9913		3.456250
9914		3.809375
9915		4.740625
9916		5.287500
9917		4.990625
9918		5.315625
9919		5.743750
9920		5.034375
9921		5.359375
9922		5.450000
9923		5.137500
9924		5.109375
9925		5.137500
9926		5.240625
9927		4.621875
9928		4.962500
9929		4.828125
9930		4.578125
9931		4.753125
9932		4.784375
9933		4.990625
9934		5.212500
9935		5.478125
9936		6.393750
9937		6.409375
9938		6.068750
9939		6.571875
9940		5.950000
9941		6.275000
9942		6.481250
9943		6.821875
9944		7.103125
9945		6.734375
9946		6.643750
9947		6.290625
9948		6.246875
9949		5.625000
9950		5.184375
9951		4.962500
9952		4.681250
9953		4.696875
9954		4.518750
9955		4.665625
9956		5.021875
9957		4.503125
9958		4.650000
9959		5.153125
9960		4.843750
9961		5.168750
9962		5.612500
9963		5.818750
9964		6.984375
9965		6.956250
9966		7.015625
9967		6.912500
9968		7.028125
9969		6.956250
9970		6.659375
9971		6.468750
9972		6.290625
9973		6.290625
9974		6.068750
9975		5.921875
9976		6.453125
9977		5.728125
9978		5.184375
9979		4.740625
9980		4.621875
9981		4.534375
9982		4.709375
9983		4.843750
9984		5.521875
9985		5.831250
9986		5.965625
9987		6.100000
9988		6.587500
9989		6.703125
9990		6.821875
9991		7.546875
9992		7.768750
9993		7.281250
9994		7.368750
9995		7.768750
9996		7.915625
9997		7.353125
9998		7.709375
9999		7.428125
10000		7.178125
