Channel              :		CH1
Frequency            :		  ?
Period               :		  ?
PK-PK                :		18.27mV
Average              :		-0.095mV
Vertical pos         :		1.000000mV
Probe attenuation    :		1X
Voltage per ADC value:		0.000781mV
Time interval        :		20.00000uS

index		CH1_Voltage(mV)
1		0.321875
2		-0.090625
3		-0.487500
4		-0.400000
5		0.115625
6		-0.015625
7		0.531250
8		0.825000
9		1.031250
10		1.859375
11		2.493750
12		2.656250
13		2.775000
14		2.509375
15		2.509375
16		1.918750
17		1.875000
18		1.253125
19		0.825000
20		0.856250
21		0.590625
22		-0.075000
23		-0.253125
24		0.071875
25		0.634375
26		0.884375
27		0.928125
28		1.062500
29		1.062500
30		1.637500
31		1.637500
32		1.518750
33		1.296875
34		1.150000
35		0.928125
36		0.278125
37		-0.150000
38		-0.990625
39		-1.478125
40		-2.053125
41		-2.496875
42		-3.146875
43		-2.881250
44		-2.956250
45		-2.571875
46		-2.778125
47		-2.690625
48		-2.703125
49		-1.906250
50		-1.287500
51		-0.518750
52		-0.134375
53		-0.150000
54		-0.075000
55		-0.162500
56		-0.340625
57		-0.562500
58		-0.637500
59		-0.756250
60		-0.593750
61		0.000000
62		-0.518750
63		-1.375000
64		-1.375000
65		-1.137500
66		-1.109375
67		-0.962500
68		-1.093750
69		-1.418750
70		-1.434375
71		-1.256250
72		-1.406250
73		-1.775000
74		-1.109375
75		-1.184375
76		-1.065625
77		-0.650000
78		-0.681250
79		-0.637500
80		-0.784375
81		-0.487500
82		-0.621875
83		-0.740625
84		-0.931250
85		-1.093750
86		-1.256250
87		-1.612500
88		-1.981250
89		-2.512500
90		-2.912500
91		-2.881250
92		-2.984375
93		-3.353125
94		-2.912500
95		-2.940625
96		-2.675000
97		-2.837500
98		-2.778125
99		-2.734375
100		-2.528125
101		-2.437500
102		-1.937500
103		-2.159375
104		-2.203125
105		-2.484375
106		-2.496875
107		-2.587500
108		-2.631250
109		-2.809375
110		-3.384375
111		-3.134375
112		-2.925000
113		-2.734375
114		-3.178125
115		-2.690625
116		-2.778125
117		-2.881250
118		-2.290625
119		-2.690625
120		-2.496875
121		-2.409375
122		-2.453125
123		-2.556250
124		-2.853125
125		-2.940625
126		-2.912500
127		-3.340625
128		-3.503125
129		-3.531250
130		-3.606250
131		-3.781250
132		-3.943750
133		-3.871875
134		-4.431250
135		-4.359375
136		-3.943750
137		-4.165625
138		-3.900000
139		-4.300000
140		-4.018750
141		-3.943750
142		-3.665625
143		-4.121875
144		-3.975000
145		-3.975000
146		-3.840625
147		-3.678125
148		-3.400000
149		-3.887500
150		-3.693750
151		-3.737500
152		-3.250000
153		-3.546875
154		-3.428125
155		-2.940625
156		-3.281250
157		-3.400000
158		-3.384375
159		-3.590625
160		-3.621875
161		-3.725000
162		-3.546875
163		-3.709375
164		-3.943750
165		-4.034375
166		-3.828125
167		-3.781250
168		-3.975000
169		-3.959375
170		-3.975000
171		-4.018750
172		-3.515625
173		-3.206250
174		-3.384375
175		-3.206250
176		-3.134375
177		-3.325000
178		-2.940625
179		-2.971875
180		-3.043750
181		-2.896875
182		-2.350000
183		-2.690625
184		-2.912500
185		-3.621875
186		-3.678125
187		-3.990625
188		-3.812500
189		-3.650000
190		-4.165625
191		-4.550000
192		-4.906250
193		-4.700000
194		-4.803125
195		-4.609375
196		-4.978125
197		-5.215625
198		-5.303125
199		-5.290625
200		-5.540625
201		-5.378125
202		-5.171875
203		-5.362500
204		-5.940625
205		-6.825000
206		-7.268750
207		-6.825000
208		-5.318750
209		-3.678125
210		-1.775000
211		-0.578125
212		0.618750
213		0.868750
214		1.800000
215		2.759375
216		3.734375
217		4.843750
218		4.325000
219		3.321875
220		1.518750
221		-0.134375
222		-1.331250
223		-2.203125
224		-3.650000
225		-4.787500
226		-5.909375
227		-6.809375
228		-8.006250
229		-8.481250
230		-8.568750
231		-7.712500
232		-6.131250
233		-4.653125
234		-2.615625
235		-0.650000
236		0.618750
237		2.168750
238		2.450000
239		2.156250
240		1.459375
241		-0.371875
242		-2.203125
243		-3.546875
244		-5.628125
245		-7.268750
246		-8.375000
247		-8.553125
248		-8.509375
249		-7.165625
250		-5.968750
251		-4.993750
252		-2.821875
253		-0.696875
254		0.618750
255		1.415625
256		2.184375
257		2.596875
258		2.525000
259		1.978125
260		1.150000
261		0.500000
262		-0.696875
263		-1.684375
264		-3.087500
265		-4.490625
266		-5.200000
267		-5.600000
268		-5.215625
269		-4.359375
270		-3.634375
271		-2.262500
272		-0.709375
273		1.815625
274		3.100000
275		3.809375
276		3.262500
277		2.731250
278		1.343750
279		-0.031250
280		-1.537500
281		-3.621875
282		-5.643750
283		-6.396875
284		-6.412500
285		-5.953125
286		-6.056250
287		-4.906250
288		-4.034375
289		-2.425000
290		-1.509375
291		-0.593750
292		0.265625
293		1.046875
294		0.706250
295		0.337500
296		-0.371875
297		-0.990625
298		-2.246875
299		-3.015625
300		-3.753125
301		-4.212500
302		-4.537500
303		-4.018750
304		-3.753125
305		-2.912500
306		-2.690625
307		-1.759375
308		-0.503125
309		0.190625
310		0.781250
311		0.412500
312		0.753125
313		1.165625
314		1.134375
315		0.456250
316		-0.296875
317		-1.243750
318		-1.787500
319		-2.215625
320		-2.468750
321		-2.912500
322		-3.162500
323		-2.321875
324		-1.937500
325		-1.168750
326		-0.768750
327		0.012500
328		0.928125
329		1.046875
330		0.781250
331		0.321875
332		-0.237500
333		-0.990625
334		-1.406250
335		-1.418750
336		-1.715625
337		-1.759375
338		-2.068750
339		-2.437500
340		-2.128125
341		-1.612500
342		-1.359375
343		-0.578125
344		0.396875
345		0.753125
346		0.943750
347		0.646875
348		0.515625
349		0.693750
350		0.293750
351		-0.221875
352		-0.812500
353		-1.065625
354		-1.228125
355		-1.300000
356		-1.671875
357		-1.803125
358		-1.109375
359		-1.406250
360		-1.137500
361		-1.228125
362		-0.887500
363		-0.665625
364		0.012500
365		0.381250
366		0.765625
367		0.543750
368		0.234375
369		0.146875
370		-0.431250
371		-0.562500
372		-1.196875
373		-1.006250
374		-0.931250
375		-0.990625
376		-0.768750
377		-0.740625
378		-0.768750
379		0.087500
380		0.250000
381		0.440625
382		-0.209375
383		-0.665625
384		-0.178125
385		-0.325000
386		-0.237500
387		-0.443750
388		-0.546875
389		-0.975000
390		-1.137500
391		-1.937500
392		-2.053125
393		-2.143750
394		-1.406250
395		-1.478125
396		-1.537500
397		-2.053125
398		-1.981250
399		-1.890625
400		-1.981250
401		-1.981250
402		-2.275000
403		-2.321875
404		-1.834375
405		-1.612500
406		-1.890625
407		-2.187500
408		-2.540625
409		-2.365625
410		-2.171875
411		-2.143750
412		-2.453125
413		-2.378125
414		-1.834375
415		-1.731250
416		-1.656250
417		-2.084375
418		-2.053125
419		-2.321875
420		-2.187500
421		-2.528125
422		-2.468750
423		-2.393750
424		-1.906250
425		-2.378125
426		-2.425000
427		-2.512500
428		-2.290625
429		-2.159375
430		-1.359375
431		-0.843750
432		-0.812500
433		-0.562500
434		0.440625
435		0.971875
436		0.959375
437		0.515625
438		0.293750
439		0.218750
440		0.218750
441		0.590625
442		0.043750
443		0.087500
444		-0.118750
445		0.146875
446		0.278125
447		0.071875
448		-0.046875
449		-0.356250
450		-0.503125
451		-0.253125
452		-0.162500
453		0.087500
454		0.412500
455		1.165625
456		1.415625
457		1.356250
458		1.681250
459		1.578125
460		1.415625
461		1.343750
462		1.003125
463		1.078125
464		1.431250
465		1.934375
466		1.918750
467		1.621875
468		0.809375
469		0.856250
470		1.296875
471		1.150000
472		0.840625
473		0.543750
474		0.456250
475		0.884375
476		1.062500
477		0.765625
478		0.515625
479		-0.221875
480		0.000000
481		0.071875
482		0.115625
483		0.471875
484		0.309375
485		0.531250
486		0.634375
487		0.337500
488		-0.031250
489		0.028125
490		-0.134375
491		-0.193750
492		-0.253125
493		-0.990625
494		-0.562500
495		0.000000
496		0.250000
497		0.337500
498		0.087500
499		0.321875
500		0.868750
501		1.593750
502		1.490625
503		0.706250
504		0.456250
505		0.928125
506		0.928125
507		1.328125
508		0.765625
509		0.000000
510		-0.031250
511		-0.178125
512		-0.637500
513		-0.665625
514		-0.918750
515		-0.946875
516		-1.287500
517		-0.975000
518		-0.990625
519		-0.325000
520		0.115625
521		-0.340625
522		-0.059375
523		0.265625
524		0.515625
525		1.209375
526		1.193750
527		0.603125
528		0.278125
529		0.234375
530		-0.221875
531		-0.443750
532		-0.400000
533		-1.168750
534		-1.937500
535		-2.128125
536		-2.290625
537		-2.675000
538		-3.162500
539		-3.059375
540		-3.237500
541		-2.615625
542		-2.128125
543		-2.215625
544		-1.731250
545		-0.887500
546		0.500000
547		1.534375
548		2.362500
549		3.071875
550		3.115625
551		2.584375
552		2.021875
553		1.165625
554		0.737500
555		0.190625
556		-0.593750
557		-1.184375
558		-1.759375
559		-2.025000
560		-1.981250
561		-1.256250
562		-0.606250
563		0.028125
564		0.900000
565		1.696875
566		2.671875
567		3.012500
568		4.000000
569		4.265625
570		3.971875
571		3.631250
572		2.628125
573		1.946875
574		0.693750
575		-0.031250
576		-0.268750
577		-1.196875
578		-1.906250
579		-2.615625
580		-2.393750
581		-1.846875
582		-0.800000
583		0.218750
584		1.446875
585		2.006250
586		3.115625
587		3.928125
588		4.209375
589		4.325000
590		4.059375
591		3.012500
592		2.346875
593		1.150000
594		0.218750
595		-0.475000
596		-0.503125
597		-0.800000
598		-0.918750
599		-0.784375
600		0.043750
601		0.590625
602		1.696875
603		2.553125
604		3.293750
605		4.325000
606		4.990625
607		4.784375
608		4.800000
609		3.987500
610		3.603125
611		3.409375
612		2.509375
613		1.771875
614		0.737500
615		0.309375
616		0.381250
617		0.590625
618		1.003125
619		1.475000
620		2.006250
621		2.362500
622		3.262500
623		3.825000
624		4.134375
625		4.400000
626		4.428125
627		4.415625
628		3.781250
629		3.175000
630		2.775000
631		2.037500
632		1.756250
633		1.003125
634		0.868750
635		0.484375
636		1.031250
637		1.403125
638		2.156250
639		2.434375
640		2.775000
641		3.143750
642		3.306250
643		3.468750
644		3.071875
645		3.025000
646		2.878125
647		2.584375
648		2.259375
649		2.037500
650		1.550000
651		0.959375
652		0.737500
653		0.706250
654		0.781250
655		0.900000
656		1.268750
657		1.565625
658		2.021875
659		2.184375
660		2.862500
661		2.596875
662		2.450000
663		2.375000
664		2.346875
665		2.287500
666		2.656250
667		2.731250
668		2.509375
669		2.200000
670		2.271875
671		2.168750
672		2.715625
673		3.203125
674		3.012500
675		2.937500
676		3.025000
677		3.084375
678		2.596875
679		2.671875
680		2.318750
681		1.934375
682		1.728125
683		1.593750
684		1.668750
685		1.387500
686		1.518750
687		1.565625
688		2.140625
689		2.628125
690		3.143750
691		3.321875
692		3.781250
693		4.075000
694		4.281250
695		4.178125
696		4.443750
697		4.253125
698		4.178125
699		4.031250
700		3.218750
701		2.921875
702		2.096875
703		1.843750
704		1.609375
705		1.328125
706		1.578125
707		2.406250
708		2.643750
709		2.862500
710		2.818750
711		3.175000
712		2.921875
713		3.100000
714		3.100000
715		2.584375
716		2.200000
717		2.081250
718		1.518750
719		1.415625
720		0.825000
721		0.071875
722		-0.415625
723		-0.578125
724		-0.253125
725		-0.106250
726		0.159375
727		1.031250
728		1.284375
729		1.090625
730		1.475000
731		2.109375
732		2.271875
733		2.493750
734		2.862500
735		2.731250
736		2.331250
737		2.021875
738		1.962500
739		1.534375
740		1.090625
741		1.268750
742		1.181250
743		1.121875
744		0.559375
745		0.265625
746		0.515625
747		1.078125
748		1.343750
749		1.637500
750		1.653125
751		0.928125
752		0.603125
753		0.634375
754		0.381250
755		0.500000
756		-0.106250
757		0.531250
758		0.868750
759		1.062500
760		1.253125
761		0.809375
762		0.662500
763		0.765625
764		0.900000
765		1.371875
766		1.078125
767		1.003125
768		0.693750
769		0.146875
770		-0.162500
771		-0.518750
772		-1.300000
773		-1.315625
774		-1.521875
775		-1.493750
776		-1.184375
777		-0.859375
778		-0.650000
779		-0.637500
780		-0.356250
781		-0.546875
782		-0.431250
783		0.000000
784		0.056250
785		-0.209375
786		-0.431250
787		-0.740625
788		-0.400000
789		-0.650000
790		-0.740625
791		-1.315625
792		-1.596875
793		-1.537500
794		-1.375000
795		-1.300000
796		-1.359375
797		-1.137500
798		-0.665625
799		-0.340625
800		-0.325000
801		-0.503125
802		-0.665625
803		-0.740625
804		-0.725000
805		-0.637500
806		-1.346875
807		-1.243750
808		-1.418750
809		-1.196875
810		-1.109375
811		-1.287500
812		-1.596875
813		-2.025000
814		-1.834375
815		-1.906250
816		-2.365625
817		-2.025000
818		-1.553125
819		-1.331250
820		-1.287500
821		-1.493750
822		-1.625000
823		-1.625000
824		-1.581250
825		-1.450000
826		-1.890625
827		-1.775000
828		-1.478125
829		-1.287500
830		-0.962500
831		-1.509375
832		-1.418750
833		-1.375000
834		-1.109375
835		-0.962500
836		-0.665625
837		-0.828125
838		-1.034375
839		-0.812500
840		-0.740625
841		-1.021875
842		-1.346875
843		-1.271875
844		-1.346875
845		-1.315625
846		-1.137500
847		-1.359375
848		-0.918750
849		-0.725000
850		-0.828125
851		-0.621875
852		-0.650000
853		-0.593750
854		-0.075000
855		0.012500
856		-0.059375
857		0.115625
858		0.440625
859		0.590625
860		0.293750
861		0.265625
862		0.012500
863		0.043750
864		0.412500
865		0.412500
866		-0.046875
867		-0.443750
868		-0.459375
869		0.218750
870		0.218750
871		-0.221875
872		-0.843750
873		-1.243750
874		-1.390625
875		-1.418750
876		-1.287500
877		-1.759375
878		-2.068750
879		-1.684375
880		-2.025000
881		-1.743750
882		-2.187500
883		-2.571875
884		-2.718750
885		-2.896875
886		-3.575000
887		-3.990625
888		-3.650000
889		-2.540625
890		-1.050000
891		0.900000
892		2.303125
893		2.909375
894		3.825000
895		4.546875
896		5.462500
897		6.171875
898		7.471875
899		7.606250
900		6.956250
901		5.846875
902		3.706250
903		1.918750
904		0.309375
905		-0.356250
906		-1.390625
907		-2.984375
908		-4.062500
909		-4.862500
910		-5.600000
911		-5.350000
912		-4.978125
913		-4.181250
914		-2.334375
915		-0.534375
916		1.831250
917		3.187500
918		4.887500
919		5.493750
920		5.656250
921		5.168750
922		3.468750
923		1.475000
924		-0.562500
925		-2.556250
926		-4.359375
927		-6.087500
928		-6.753125
929		-6.543750
930		-5.540625
931		-4.359375
932		-2.881250
933		-1.065625
934		0.309375
935		2.362500
936		3.440625
937		4.503125
938		4.590625
939		4.828125
940		4.753125
941		4.090625
942		3.440625
943		1.565625
944		0.115625
945		-0.828125
946		-2.246875
947		-3.531250
948		-3.915625
949		-3.575000
950		-2.912500
951		-1.846875
952		-0.768750
953		1.121875
954		2.481250
955		4.503125
956		5.553125
957		5.831250
958		4.650000
959		4.103125
960		2.671875
961		0.706250
962		-1.065625
963		-3.250000
964		-4.918750
965		-5.068750
966		-4.728125
967		-4.284375
968		-4.121875
969		-2.809375
970		-1.256250
971		0.250000
972		1.490625
973		2.228125
974		2.259375
975		2.700000
976		2.259375
977		1.890625
978		0.781250
979		-0.106250
980		-0.725000
981		-1.612500
982		-2.215625
983		-2.809375
984		-3.296875
985		-2.290625
986		-1.996875
987		-1.537500
988		-0.665625
989		0.856250
990		2.303125
991		2.759375
992		3.409375
993		3.293750
994		2.968750
995		2.893750
996		2.493750
997		1.740625
998		0.531250
999		-0.268750
1000		-0.859375
1001		-1.034375
1002		-1.434375
1003		-1.640625
1004		-1.846875
1005		-1.228125
1006		-0.487500
1007		0.706250
1008		1.550000
1009		2.346875
1010		2.806250
1011		2.981250
1012		2.628125
1013		2.156250
1014		0.721875
1015		0.146875
1016		-0.118750
1017		-0.709375
1018		-0.903125
1019		-0.975000
1020		-1.050000
1021		-1.137500
1022		-0.725000
1023		-0.534375
1024		0.381250
1025		0.928125
1026		1.843750
1027		1.918750
1028		1.756250
1029		2.168750
1030		1.918750
1031		2.109375
1032		1.343750
1033		0.634375
1034		-0.075000
1035		-0.843750
1036		-0.931250
1037		-1.065625
1038		-1.184375
1039		-1.418750
1040		-1.021875
1041		-0.606250
1042		-0.534375
1043		0.071875
1044		-0.268750
1045		0.412500
1046		1.078125
1047		1.356250
1048		1.784375
1049		1.328125
1050		0.971875
1051		0.987500
1052		0.381250
1053		0.071875
1054		-0.356250
1055		-0.487500
1056		-0.606250
1057		-0.843750
1058		-0.859375
1059		-0.725000
1060		0.412500
1061		0.900000
1062		0.900000
1063		0.900000
1064		0.678125
1065		0.218750
1066		-0.118750
1067		0.309375
1068		0.087500
1069		-0.178125
1070		-0.371875
1071		-0.340625
1072		-1.021875
1073		-1.271875
1074		-1.434375
1075		-1.450000
1076		-1.359375
1077		-1.581250
1078		-1.300000
1079		-1.759375
1080		-1.656250
1081		-1.671875
1082		-1.375000
1083		-1.625000
1084		-1.700000
1085		-1.537500
1086		-1.553125
1087		-1.493750
1088		-1.981250
1089		-1.996875
1090		-1.731250
1091		-1.862500
1092		-1.625000
1093		-1.640625
1094		-1.834375
1095		-1.965625
1096		-1.759375
1097		-1.671875
1098		-1.906250
1099		-1.581250
1100		-2.025000
1101		-1.731250
1102		-1.775000
1103		-1.612500
1104		-2.009375
1105		-2.100000
1106		-2.512500
1107		-2.437500
1108		-2.587500
1109		-2.468750
1110		-2.040625
1111		-1.300000
1112		-1.006250
1113		-0.443750
1114		-0.118750
1115		0.000000
1116		0.218750
1117		0.706250
1118		0.646875
1119		0.440625
1120		0.531250
1121		0.368750
1122		0.706250
1123		0.634375
1124		0.012500
1125		-0.296875
1126		-0.503125
1127		-0.106250
1128		-0.253125
1129		-0.621875
1130		-0.503125
1131		-0.487500
1132		-0.075000
1133		-0.193750
1134		-0.046875
1135		0.265625
1136		0.368750
1137		0.796875
1138		1.031250
1139		1.018750
1140		1.446875
1141		1.134375
1142		1.031250
1143		1.046875
1144		1.312500
1145		1.328125
1146		1.225000
1147		1.150000
1148		1.121875
1149		0.693750
1150		0.928125
1151		0.928125
1152		0.900000
1153		0.706250
1154		0.678125
1155		0.234375
1156		0.115625
1157		0.043750
1158		-0.134375
1159		-0.475000
1160		-0.562500
1161		-0.859375
1162		-0.356250
1163		-0.312500
1164		-0.268750
1165		-0.400000
1166		-0.296875
1167		-0.593750
1168		-0.637500
1169		-0.812500
1170		-0.843750
1171		-0.887500
1172		-1.034375
1173		-1.109375
1174		-1.434375
1175		-1.315625
1176		-1.331250
1177		-1.168750
1178		-0.990625
1179		-1.184375
1180		-0.918750
1181		-0.518750
1182		0.531250
1183		0.368750
1184		0.012500
1185		-0.371875
1186		-0.887500
1187		-0.593750
1188		-0.150000
1189		-0.400000
1190		-0.725000
1191		-1.478125
1192		-1.418750
1193		-1.553125
1194		-1.671875
1195		-2.231250
1196		-2.809375
1197		-2.837500
1198		-2.762500
1199		-2.171875
1200		-2.025000
1201		-1.612500
1202		-1.212500
1203		-0.918750
1204		-0.637500
1205		-0.443750
1206		-0.546875
1207		-0.740625
1208		-0.962500
1209		-1.418750
1210		-1.700000
1211		-1.568750
1212		-1.478125
1213		-1.775000
1214		-2.321875
1215		-3.281250
1216		-3.796875
1217		-4.462500
1218		-4.387500
1219		-4.653125
1220		-5.009375
1221		-4.478125
1222		-4.300000
1223		-3.753125
1224		-3.678125
1225		-3.162500
1226		-2.734375
1227		-1.818750
1228		-0.518750
1229		0.484375
1230		1.134375
1231		1.193750
1232		0.825000
1233		0.381250
1234		-0.268750
1235		-0.918750
1236		-2.025000
1237		-2.881250
1238		-3.250000
1239		-4.050000
1240		-4.137500
1241		-3.931250
1242		-3.134375
1243		-1.743750
1244		-0.962500
1245		-0.503125
1246		0.071875
1247		0.543750
1248		1.415625
1249		1.934375
1250		2.481250
1251		2.362500
1252		1.890625
1253		1.431250
1254		0.456250
1255		-0.546875
1256		-1.521875
1257		-2.528125
1258		-3.015625
1259		-3.459375
1260		-4.153125
1261		-4.165625
1262		-3.503125
1263		-2.053125
1264		-0.606250
1265		0.603125
1266		0.618750
1267		1.475000
1268		2.271875
1269		2.746875
1270		2.421875
1271		2.212500
1272		1.268750
1273		0.856250
1274		-0.237500
1275		-1.137500
1276		-1.996875
1277		-2.496875
1278		-2.646875
1279		-2.659375
1280		-2.425000
1281		-1.981250
1282		-0.828125
1283		0.190625
1284		1.328125
1285		2.200000
1286		2.700000
1287		2.746875
1288		3.040625
1289		2.421875
1290		2.481250
1291		1.859375
1292		1.550000
1293		0.634375
1294		0.115625
1295		-0.740625
1296		-1.406250
1297		-1.553125
1298		-1.625000
1299		-0.756250
1300		-0.681250
1301		0.115625
1302		0.796875
1303		1.593750
1304		2.406250
1305		2.731250
1306		2.493750
1307		2.168750
1308		2.081250
1309		1.859375
1310		1.046875
1311		0.218750
1312		0.146875
1313		-0.431250
1314		-0.637500
1315		-0.221875
1316		-0.990625
1317		-0.650000
1318		-0.371875
1319		0.131250
1320		0.856250
1321		1.431250
1322		1.387500
1323		1.609375
1324		1.993750
1325		2.006250
1326		1.240625
1327		0.515625
1328		0.115625
1329		0.071875
1330		0.159375
1331		-0.578125
1332		-0.768750
1333		-1.184375
1334		-0.918750
1335		-0.768750
1336		-0.828125
1337		-0.887500
1338		-0.593750
1339		-0.193750
1340		0.250000
1341		0.337500
1342		0.809375
1343		0.337500
1344		0.337500
1345		0.368750
1346		0.531250
1347		-0.178125
1348		-0.106250
1349		-0.296875
1350		-0.503125
1351		-0.621875
1352		-0.193750
1353		0.159375
1354		0.737500
1355		0.634375
1356		0.471875
1357		-0.059375
1358		-0.475000
1359		-0.312500
1360		-0.431250
1361		-0.534375
1362		-0.800000
1363		-0.887500
1364		-0.871875
1365		-0.962500
1366		-1.346875
1367		-2.053125
1368		-1.656250
1369		-1.109375
1370		-1.065625
1371		-0.459375
1372		-0.059375
1373		0.368750
1374		0.781250
1375		1.090625
1376		1.312500
1377		0.515625
1378		0.440625
1379		0.368750
1380		-0.075000
1381		-0.221875
1382		-0.325000
1383		-0.578125
1384		-0.962500
1385		-0.871875
1386		-0.962500
1387		-1.153125
1388		-0.725000
1389		-0.593750
1390		0.012500
1391		0.309375
1392		0.265625
1393		0.368750
1394		0.456250
1395		1.078125
1396		0.765625
1397		0.218750
1398		-0.150000
1399		-0.400000
1400		-0.340625
1401		-0.859375
1402		-1.612500
1403		-2.100000
1404		-2.615625
1405		-2.734375
1406		-2.865625
1407		-3.325000
1408		-3.546875
1409		-3.693750
1410		-3.796875
1411		-3.340625
1412		-3.015625
1413		-1.625000
1414		-1.981250
1415		-0.975000
1416		-0.756250
1417		-1.406250
1418		-1.509375
1419		-1.640625
1420		-1.093750
1421		-0.990625
1422		-0.650000
1423		-0.650000
1424		-0.650000
1425		-1.256250
1426		-1.656250
1427		-1.965625
1428		-2.128125
1429		-1.996875
1430		-1.878125
1431		-1.921875
1432		-1.981250
1433		-2.290625
1434		-2.215625
1435		-1.775000
1436		-1.671875
1437		-1.596875
1438		-1.834375
1439		-1.315625
1440		-0.650000
1441		-0.650000
1442		-0.812500
1443		-0.650000
1444		-0.768750
1445		-0.487500
1446		-0.725000
1447		-0.475000
1448		-1.346875
1449		-1.818750
1450		-1.981250
1451		-1.906250
1452		-2.540625
1453		-2.809375
1454		-3.428125
1455		-3.059375
1456		-2.793750
1457		-2.690625
1458		-3.000000
1459		-2.912500
1460		-2.571875
1461		-2.793750
1462		-2.321875
1463		-2.262500
1464		-2.143750
1465		-1.890625
1466		-1.596875
1467		-2.246875
1468		-2.690625
1469		-2.468750
1470		-2.246875
1471		-2.425000
1472		-2.171875
1473		-2.956250
1474		-2.865625
1475		-2.321875
1476		-2.068750
1477		-2.425000
1478		-2.600000
1479		-2.365625
1480		-2.231250
1481		-1.568750
1482		-2.246875
1483		-2.159375
1484		-2.159375
1485		-2.262500
1486		-2.215625
1487		-2.600000
1488		-2.925000
1489		-3.059375
1490		-2.734375
1491		-2.393750
1492		-2.290625
1493		-3.000000
1494		-3.206250
1495		-3.400000
1496		-3.325000
1497		-3.368750
1498		-3.900000
1499		-3.634375
1500		-3.487500
1501		-3.353125
1502		-3.428125
1503		-3.459375
1504		-3.400000
1505		-3.296875
1506		-2.940625
1507		-2.837500
1508		-3.087500
1509		-2.865625
1510		-2.734375
1511		-2.750000
1512		-2.540625
1513		-2.571875
1514		-2.025000
1515		-2.365625
1516		-1.937500
1517		-1.656250
1518		-1.906250
1519		-2.540625
1520		-2.290625
1521		-1.846875
1522		-2.159375
1523		-1.834375
1524		-1.981250
1525		-2.159375
1526		-1.937500
1527		-1.996875
1528		-1.981250
1529		-2.246875
1530		-2.112500
1531		-1.921875
1532		-1.759375
1533		-1.359375
1534		-1.212500
1535		-1.287500
1536		-0.903125
1537		-0.593750
1538		-0.665625
1539		-0.665625
1540		-0.621875
1541		-0.371875
1542		-0.253125
1543		-0.059375
1544		0.309375
1545		0.028125
1546		0.012500
1547		-0.325000
1548		-0.503125
1549		-0.918750
1550		-0.812500
1551		-0.621875
1552		-0.931250
1553		-1.184375
1554		-1.478125
1555		-2.231250
1556		-1.846875
1557		-1.684375
1558		-2.159375
1559		-2.571875
1560		-2.734375
1561		-2.587500
1562		-2.703125
1563		-2.453125
1564		-2.512500
1565		-2.837500
1566		-3.118750
1567		-3.871875
1568		-4.106250
1569		-4.521875
1570		-3.562500
1571		-1.950000
1572		-0.031250
1573		1.475000
1574		2.596875
1575		3.662500
1576		4.340625
1577		4.990625
1578		6.246875
1579		7.000000
1580		7.400000
1581		6.837500
1582		5.359375
1583		3.809375
1584		2.184375
1585		0.737500
1586		-0.312500
1587		-1.537500
1588		-2.984375
1589		-4.403125
1590		-5.318750
1591		-5.778125
1592		-6.043750
1593		-5.643750
1594		-4.165625
1595		-2.615625
1596		-0.534375
1597		1.890625
1598		3.571875
1599		4.590625
1600		5.021875
1601		5.775000
1602		4.859375
1603		3.987500
1604		2.006250
1605		-0.400000
1606		-2.496875
1607		-4.212500
1608		-5.628125
1609		-6.706250
1610		-6.603125
1611		-5.834375
1612		-4.728125
1613		-2.865625
1614		-1.065625
1615		0.959375
1616		2.671875
1617		3.809375
1618		5.256250
1619		5.509375
1620		5.493750
1621		5.271875
1622		4.415625
1623		3.750000
1624		3.012500
1625		1.106250
1626		-0.209375
1627		-1.315625
1628		-2.703125
1629		-3.400000
1630		-3.693750
1631		-2.734375
1632		-2.187500
1633		-0.650000
1634		1.771875
1635		3.721875
1636		5.137500
1637		6.409375
1638		6.837500
1639		5.862500
1640		4.665625
1641		3.203125
1642		1.475000
1643		-0.443750
1644		-2.484375
1645		-3.915625
1646		-4.328125
1647		-3.990625
1648		-3.400000
1649		-2.956250
1650		-1.981250
1651		-0.725000
1652		0.900000
1653		2.109375
1654		3.084375
1655		3.750000
1656		3.793750
1657		3.484375
1658		3.071875
1659		1.934375
1660		0.321875
1661		-0.443750
1662		-1.331250
1663		-1.834375
1664		-2.009375
1665		-2.084375
1666		-1.715625
1667		-1.065625
1668		-0.518750
1669		0.456250
1670		1.446875
1671		3.040625
1672		3.896875
1673		4.178125
1674		4.443750
1675		4.637500
1676		4.534375
1677		4.178125
1678		3.646875
1679		2.850000
1680		1.637500
1681		0.706250
1682		0.515625
1683		0.146875
1684		0.028125
1685		0.190625
1686		0.646875
1687		1.371875
1688		2.434375
1689		3.468750
1690		3.896875
1691		4.475000
1692		4.562500
1693		4.296875
1694		3.234375
1695		2.362500
1696		1.593750
1697		1.046875
1698		0.856250
1699		0.515625
1700		-0.296875
1701		-0.281250
1702		-0.209375
1703		0.396875
1704		1.031250
1705		1.918750
1706		2.909375
1707		3.440625
1708		3.675000
1709		3.987500
1710		3.559375
1711		3.646875
1712		3.440625
1713		3.306250
1714		2.700000
1715		2.450000
1716		1.875000
1717		1.193750
1718		1.165625
1719		1.046875
1720		1.031250
1721		0.753125
1722		1.240625
1723		1.506250
1724		1.962500
1725		2.525000
1726		2.731250
1727		3.262500
1728		3.781250
1729		3.912500
1730		3.690625
1731		2.921875
1732		2.628125
1733		2.481250
1734		1.962500
1735		2.109375
1736		1.843750
1737		1.387500
1738		1.403125
1739		1.565625
1740		1.771875
1741		2.687500
1742		2.656250
1743		3.262500
1744		3.025000
1745		2.953125
1746		2.465625
1747		2.375000
1748		2.421875
1749		2.465625
1750		2.006250
1751		1.268750
1752		0.456250
1753		0.796875
1754		0.515625
1755		0.706250
1756		0.309375
1757		0.456250
1758		0.412500
1759		0.278125
1760		0.309375
1761		-0.221875
1762		-0.253125
1763		0.087500
1764		0.265625
1765		0.353125
1766		0.500000
1767		0.634375
1768		0.412500
1769		0.234375
1770		0.146875
1771		-0.384375
1772		-0.400000
1773		-0.046875
1774		0.234375
1775		0.146875
1776		-0.059375
1777		0.368750
1778		0.575000
1779		1.046875
1780		0.781250
1781		0.175000
1782		-0.325000
1783		0.000000
1784		-0.046875
1785		0.000000
1786		-0.296875
1787		-0.134375
1788		-0.578125
1789		-0.546875
1790		-0.075000
1791		-0.459375
1792		0.428125
1793		1.046875
1794		1.446875
1795		2.006250
1796		2.140625
1797		2.553125
1798		2.775000
1799		2.806250
1800		2.850000
1801		2.362500
1802		2.434375
1803		2.331250
1804		2.509375
1805		2.212500
1806		2.362500
1807		2.109375
1808		2.156250
1809		2.406250
1810		2.156250
1811		1.903125
1812		1.593750
1813		1.550000
1814		2.109375
1815		2.390625
1816		2.909375
1817		2.834375
1818		3.218750
1819		3.734375
1820		3.987500
1821		3.765625
1822		3.143750
1823		3.025000
1824		3.246875
1825		3.440625
1826		3.631250
1827		3.543750
1828		3.512500
1829		3.440625
1830		3.262500
1831		3.115625
1832		2.818750
1833		3.187500
1834		2.981250
1835		2.746875
1836		2.759375
1837		2.671875
1838		2.656250
1839		2.671875
1840		2.390625
1841		1.962500
1842		1.668750
1843		1.784375
1844		2.212500
1845		2.375000
1846		2.450000
1847		2.553125
1848		2.406250
1849		2.493750
1850		2.434375
1851		2.287500
1852		1.843750
1853		1.815625
1854		1.621875
1855		1.490625
1856		2.156250
1857		1.696875
1858		2.156250
1859		2.346875
1860		2.406250
1861		2.656250
1862		2.981250
1863		3.440625
1864		3.528125
1865		3.143750
1866		3.187500
1867		2.893750
1868		3.175000
1869		3.262500
1870		3.559375
1871		2.584375
1872		1.728125
1873		1.459375
1874		1.550000
1875		1.415625
1876		1.225000
1877		0.959375
1878		0.381250
1879		0.662500
1880		1.312500
1881		1.565625
1882		1.090625
1883		1.253125
1884		1.550000
1885		2.140625
1886		2.731250
1887		2.759375
1888		2.628125
1889		2.156250
1890		1.859375
1891		1.609375
1892		0.915625
1893		0.900000
1894		0.678125
1895		0.146875
1896		-0.178125
1897		-0.681250
1898		-1.375000
1899		-1.700000
1900		-1.862500
1901		-1.715625
1902		-1.271875
1903		-1.568750
1904		-0.990625
1905		-0.546875
1906		-0.296875
1907		0.753125
1908		1.296875
1909		2.656250
1910		3.987500
1911		4.237500
1912		4.325000
1913		3.396875
1914		2.656250
1915		2.584375
1916		1.978125
1917		1.415625
1918		0.159375
1919		-0.325000
1920		-0.562500
1921		-1.109375
1922		-0.431250
1923		-0.221875
1924		0.500000
1925		1.859375
1926		2.553125
1927		3.306250
1928		3.306250
1929		4.015625
1930		4.443750
1931		4.990625
1932		4.709375
1933		3.853125
1934		3.278125
1935		2.628125
1936		1.609375
1937		1.046875
1938		0.234375
1939		-0.606250
1940		-1.153125
1941		-1.625000
1942		-1.581250
1943		-1.168750
1944		0.043750
1945		1.181250
1946		2.303125
1947		3.528125
1948		3.837500
1949		4.384375
1950		4.843750
1951		4.725000
1952		4.162500
1953		3.115625
1954		2.184375
1955		1.518750
1956		0.559375
1957		0.412500
1958		-0.209375
1959		-0.740625
1960		-0.578125
1961		-0.134375
1962		0.087500
1963		0.959375
1964		1.962500
1965		3.187500
1966		4.312500
1967		4.725000
1968		4.903125
1969		5.109375
1970		4.800000
1971		4.578125
1972		3.987500
1973		3.365625
1974		2.481250
1975		1.831250
1976		1.565625
1977		0.900000
1978		0.646875
1979		1.046875
1980		1.225000
1981		2.109375
1982		2.525000
1983		2.596875
1984		3.543750
1985		4.118750
1986		4.753125
1987		5.196875
1988		4.209375
1989		4.075000
1990		3.706250
1991		3.587500
1992		2.687500
1993		2.184375
1994		1.875000
1995		1.475000
1996		1.609375
1997		1.653125
1998		1.593750
1999		1.815625
2000		2.450000
2001		3.131250
2002		3.293750
2003		3.409375
2004		3.262500
2005		3.396875
2006		3.662500
2007		3.321875
2008		2.893750
2009		2.434375
2010		2.228125
2011		1.815625
2012		1.475000
2013		0.943750
2014		0.531250
2015		0.278125
2016		0.368750
2017		0.737500
2018		0.856250
2019		0.706250
2020		1.181250
2021		1.209375
2022		1.343750
2023		1.593750
2024		1.031250
2025		0.900000
2026		1.003125
2027		1.415625
2028		1.371875
2029		1.150000
2030		0.825000
2031		0.662500
2032		0.590625
2033		0.868750
2034		1.031250
2035		0.809375
2036		1.062500
2037		0.765625
2038		0.840625
2039		0.500000
2040		0.500000
2041		0.000000
2042		0.012500
2043		-0.443750
2044		-0.518750
2045		-0.990625
2046		-0.578125
2047		-0.606250
2048		-0.209375
2049		-0.503125
2050		-0.400000
2051		0.381250
2052		0.662500
2053		0.721875
2054		0.959375
2055		0.928125
2056		0.959375
2057		1.253125
2058		1.459375
2059		0.825000
2060		0.543750
2061		0.440625
2062		0.353125
2063		-0.106250
2064		-0.665625
2065		-0.784375
2066		-0.871875
2067		-0.487500
2068		0.087500
2069		-0.209375
2070		-0.075000
2071		0.218750
2072		0.559375
2073		0.484375
2074		0.428125
2075		0.368750
2076		0.293750
2077		0.337500
2078		0.043750
2079		-0.725000
2080		-0.459375
2081		-1.137500
2082		-1.434375
2083		-2.453125
2084		-3.028125
2085		-3.281250
2086		-3.384375
2087		-3.503125
2088		-3.325000
2089		-3.146875
2090		-3.134375
2091		-2.703125
2092		-2.290625
2093		-1.315625
2094		-0.962500
2095		-0.518750
2096		-0.015625
2097		0.159375
2098		0.146875
2099		-0.209375
2100		-0.518750
2101		-0.650000
2102		-0.665625
2103		-0.800000
2104		-1.021875
2105		-1.743750
2106		-2.171875
2107		-2.646875
2108		-2.468750
2109		-2.350000
2110		-2.290625
2111		-2.084375
2112		-1.921875
2113		-2.453125
2114		-2.275000
2115		-2.468750
2116		-2.053125
2117		-1.921875
2118		-1.759375
2119		-1.168750
2120		-1.109375
2121		-0.650000
2122		-0.725000
2123		-0.843750
2124		-1.168750
2125		-1.390625
2126		-1.406250
2127		-1.184375
2128		-1.315625
2129		-1.243750
2130		-1.906250
2131		-2.275000
2132		-2.203125
2133		-2.290625
2134		-3.281250
2135		-3.237500
2136		-3.459375
2137		-3.015625
2138		-2.734375
2139		-2.703125
2140		-2.734375
2141		-2.912500
2142		-2.675000
2143		-2.262500
2144		-2.528125
2145		-2.187500
2146		-2.587500
2147		-2.378125
2148		-2.675000
2149		-2.290625
2150		-2.365625
2151		-2.718750
2152		-2.615625
2153		-3.059375
2154		-3.309375
2155		-3.309375
2156		-3.265625
2157		-3.296875
2158		-3.237500
2159		-2.821875
2160		-2.984375
2161		-2.690625
2162		-2.393750
2163		-2.425000
2164		-2.496875
2165		-2.956250
2166		-3.190625
2167		-3.059375
2168		-3.353125
2169		-3.281250
2170		-3.237500
2171		-3.459375
2172		-3.531250
2173		-3.650000
2174		-4.137500
2175		-4.521875
2176		-4.803125
2177		-4.831250
2178		-4.712500
2179		-4.565625
2180		-4.521875
2181		-4.640625
2182		-4.684375
2183		-4.490625
2184		-4.846875
2185		-4.743750
2186		-4.803125
2187		-4.756250
2188		-4.625000
2189		-4.137500
2190		-4.240625
2191		-4.153125
2192		-4.093750
2193		-3.931250
2194		-4.240625
2195		-4.153125
2196		-4.093750
2197		-3.678125
2198		-3.575000
2199		-3.281250
2200		-3.621875
2201		-3.678125
2202		-3.737500
2203		-3.487500
2204		-3.621875
2205		-3.915625
2206		-3.959375
2207		-4.121875
2208		-3.828125
2209		-3.265625
2210		-3.621875
2211		-3.650000
2212		-3.634375
2213		-3.503125
2214		-3.471875
2215		-2.912500
2216		-2.912500
2217		-3.015625
2218		-2.853125
2219		-2.262500
2220		-2.512500
2221		-2.437500
2222		-2.393750
2223		-1.834375
2224		-2.409375
2225		-2.053125
2226		-2.365625
2227		-2.718750
2228		-2.956250
2229		-3.103125
2230		-2.865625
2231		-2.496875
2232		-2.556250
2233		-3.028125
2234		-3.471875
2235		-3.768750
2236		-4.403125
2237		-4.343750
2238		-3.915625
2239		-4.212500
2240		-4.121875
2241		-4.906250
2242		-4.978125
2243		-4.387500
2244		-4.165625
2245		-4.565625
2246		-4.846875
2247		-5.731250
2248		-6.575000
2249		-6.250000
2250		-5.615625
2251		-4.728125
2252		-2.512500
2253		-1.109375
2254		0.678125
2255		1.296875
2256		1.518750
2257		2.156250
2258		3.409375
2259		4.709375
2260		5.787500
2261		5.418750
2262		4.518750
2263		2.700000
2264		1.475000
2265		-0.578125
2266		-2.159375
2267		-3.015625
2268		-4.490625
2269		-5.053125
2270		-5.968750
2271		-7.031250
2272		-7.621875
2273		-7.506250
2274		-6.412500
2275		-5.465625
2276		-3.796875
2277		-1.656250
2278		0.115625
2279		2.243750
2280		3.468750
2281		3.690625
2282		3.293750
2283		2.671875
2284		1.181250
2285		-1.081250
2286		-2.912500
2287		-5.303125
2288		-6.765625
2289		-7.887500
2290		-7.875000
2291		-7.415625
2292		-6.928125
2293		-5.187500
2294		-3.575000
2295		-2.053125
2296		-0.059375
2297		1.078125
2298		2.228125
2299		3.246875
2300		3.631250
2301		3.365625
2302		2.434375
2303		1.815625
2304		0.753125
2305		-0.325000
2306		-1.803125
2307		-3.221875
2308		-4.653125
2309		-5.421875
2310		-5.453125
2311		-4.684375
2312		-4.418750
2313		-3.015625
2314		-1.315625
2315		0.396875
2316		2.434375
2317		3.396875
2318		4.221875
2319		4.253125
2320		3.618750
2321		2.525000
2322		0.856250
2323		-1.331250
2324		-3.178125
2325		-5.378125
2326		-6.115625
2327		-6.575000
2328		-6.428125
2329		-5.259375
2330		-4.506250
2331		-3.384375
2332		-1.731250
2333		-0.384375
2334		0.825000
2335		1.668750
2336		1.475000
2337		1.181250
2338		0.781250
2339		0.146875
2340		-0.475000
2341		-1.684375
2342		-2.734375
2343		-3.575000
2344		-4.106250
2345		-4.315625
2346		-4.315625
2347		-4.078125
2348		-3.693750
2349		-2.809375
2350		-1.300000
2351		0.293750
2352		1.121875
2353		1.518750
2354		1.534375
2355		1.993750
2356		2.243750
2357		1.193750
2358		0.634375
2359		-0.562500
2360		-1.478125
2361		-2.262500
2362		-2.881250
2363		-3.015625
2364		-3.590625
2365		-3.296875
2366		-3.059375
2367		-2.837500
2368		-1.612500
2369		-0.946875
2370		0.900000
2371		1.431250
2372		1.565625
2373		1.403125
2374		0.753125
2375		0.293750
2376		-0.946875
2377		-1.996875
2378		-2.512500
2379		-2.881250
2380		-2.718750
2381		-2.881250
2382		-3.059375
2383		-2.809375
2384		-2.540625
2385		-1.390625
2386		-0.431250
2387		0.087500
2388		0.381250
2389		0.575000
2390		1.181250
2391		1.490625
2392		1.446875
2393		0.928125
2394		-0.178125
2395		-0.281250
2396		-1.315625
2397		-1.906250
2398		-2.571875
2399		-2.718750
2400		-2.528125
2401		-2.068750
2402		-1.878125
2403		-1.581250
2404		-1.359375
2405		-0.843750
2406		-0.221875
2407		-0.031250
2408		0.012500
2409		0.440625
2410		1.253125
2411		0.706250
2412		0.159375
2413		-0.356250
2414		-0.990625
2415		-1.065625
2416		-1.509375
2417		-1.906250
2418		-2.231250
2419		-2.262500
2420		-1.521875
2421		-1.021875
2422		-0.150000
2423		-0.059375
2424		0.000000
2425		0.293750
2426		-0.150000
2427		-0.475000
2428		-0.593750
2429		-0.650000
2430		-0.546875
2431		-0.740625
2432		-1.034375
2433		-1.684375
2434		-2.231250
2435		-2.159375
2436		-1.906250
2437		-2.321875
2438		-2.306250
2439		-2.437500
2440		-2.334375
2441		-1.568750
2442		-1.759375
2443		-2.143750
2444		-1.759375
2445		-1.759375
2446		-1.521875
2447		-1.509375
2448		-1.906250
2449		-2.143750
2450		-2.350000
2451		-2.025000
2452		-2.068750
2453		-2.053125
2454		-1.775000
2455		-1.759375
2456		-1.775000
2457		-1.656250
2458		-1.846875
2459		-1.731250
2460		-1.359375
2461		-1.034375
2462		-1.243750
2463		-1.493750
2464		-1.612500
2465		-1.787500
2466		-1.775000
2467		-2.203125
2468		-2.437500
2469		-2.512500
2470		-2.290625
2471		-2.112500
2472		-1.184375
2473		-0.843750
2474		-0.237500
2475		0.368750
2476		0.706250
2477		1.046875
2478		1.565625
2479		1.134375
2480		1.046875
2481		1.268750
2482		1.343750
2483		1.431250
2484		0.753125
2485		0.884375
2486		0.678125
2487		0.309375
2488		0.500000
2489		0.309375
2490		-0.075000
2491		0.618750
2492		0.309375
2493		0.381250
2494		0.190625
2495		0.368750
2496		1.253125
2497		1.193750
2498		1.150000
2499		1.621875
2500		2.006250
2501		2.509375
2502		2.303125
2503		2.065625
2504		1.253125
2505		1.268750
2506		2.287500
2507		1.740625
2508		2.109375
2509		1.328125
2510		1.253125
2511		1.240625
2512		1.903125
2513		2.081250
2514		1.371875
2515		1.403125
2516		1.668750
2517		1.415625
2518		1.387500
2519		1.181250
2520		0.943750
2521		0.781250
2522		1.046875
2523		0.884375
2524		1.078125
2525		1.121875
2526		1.403125
2527		1.150000
2528		1.209375
2529		0.959375
2530		0.928125
2531		1.134375
2532		1.387500
2533		1.668750
2534		0.943750
2535		0.765625
2536		0.646875
2537		0.971875
2538		1.518750
2539		0.856250
2540		1.046875
2541		1.296875
2542		1.978125
2543		2.596875
2544		2.893750
2545		2.628125
2546		2.450000
2547		2.184375
2548		1.859375
2549		2.228125
2550		2.243750
2551		2.287500
2552		2.065625
2553		1.578125
2554		1.284375
2555		0.856250
2556		0.634375
2557		0.484375
2558		0.146875
2559		-0.106250
2560		-0.075000
2561		0.456250
2562		0.959375
2563		1.209375
2564		1.046875
2565		1.415625
2566		2.081250
2567		2.021875
2568		2.406250
2569		1.875000
2570		1.356250
2571		1.121875
2572		1.003125
2573		0.825000
2574		0.515625
2575		-0.075000
2576		-0.340625
2577		-1.212500
2578		-1.509375
2579		-1.921875
2580		-2.246875
2581		-2.215625
2582		-2.009375
2583		-1.878125
2584		-1.256250
2585		-1.093750
2586		-0.756250
2587		0.146875
2588		0.737500
2589		1.771875
2590		2.818750
2591		3.321875
2592		3.734375
2593		3.750000
2594		3.175000
2595		2.553125
2596		1.993750
2597		1.668750
2598		0.515625
2599		0.115625
2600		-0.740625
2601		-1.462500
2602		-1.196875
2603		-0.400000
2604		0.293750
2605		1.078125
2606		1.934375
2607		2.746875
2608		3.456250
2609		3.528125
2610		4.221875
2611		4.740625
2612		4.931250
2613		4.843750
2614		4.178125
2615		3.084375
2616		2.259375
2617		1.431250
2618		0.971875
2619		-0.134375
2620		-0.665625
2621		-1.537500
2622		-1.846875
2623		-1.184375
2624		-0.031250
2625		1.003125
2626		2.390625
2627		3.321875
2628		4.150000
2629		5.006250
2630		5.006250
2631		5.093750
2632		4.800000
2633		4.487500
2634		3.440625
2635		2.465625
2636		1.843750
2637		0.900000
2638		0.428125
2639		-0.031250
2640		-0.221875
2641		0.087500
2642		0.531250
2643		1.800000
2644		2.509375
2645		3.631250
2646		4.871875
2647		5.700000
2648		5.656250
2649		5.846875
2650		5.581250
2651		5.153125
2652		5.065625
2653		4.887500
2654		4.356250
2655		3.409375
2656		2.596875
2657		2.081250
2658		1.771875
2659		1.934375
2660		2.065625
2661		2.746875
2662		3.040625
2663		4.162500
2664		4.725000
2665		5.168750
2666		5.462500
2667		5.775000
2668		5.684375
2669		5.462500
2670		4.990625
2671		4.281250
2672		3.781250
2673		3.928125
2674		3.246875
2675		3.234375
2676		2.878125
2677		2.656250
2678		2.996875
2679		3.306250
2680		3.603125
2681		4.046875
2682		4.443750
2683		5.093750
2684		5.109375
2685		5.212500
2686		5.168750
2687		4.650000
2688		4.090625
2689		3.837500
2690		3.131250
2691		3.203125
2692		2.406250
2693		2.509375
2694		2.228125
2695		1.875000
2696		1.859375
2697		1.918750
2698		2.303125
2699		2.037500
2700		2.331250
2701		2.331250
2702		2.493750
2703		2.790625
2704		2.656250
2705		2.700000
2706		2.465625
2707		2.671875
2708		2.643750
2709		2.375000
2710		2.184375
2711		1.740625
2712		1.784375
2713		2.406250
2714		2.921875
2715		2.850000
2716		2.921875
2717		2.806250
2718		2.450000
2719		2.081250
2720		1.993750
2721		1.771875
2722		1.712500
2723		1.637500
2724		1.843750
2725		1.668750
2726		1.284375
2727		1.134375
2728		1.253125
2729		1.565625
2730		1.637500
2731		1.550000
2732		2.140625
2733		2.481250
2734		3.143750
2735		3.468750
2736		3.234375
2737		3.246875
2738		3.218750
2739		2.525000
2740		2.806250
2741		2.168750
2742		1.771875
2743		1.165625
2744		1.403125
2745		1.106250
2746		0.618750
2747		0.543750
2748		0.928125
2749		1.121875
2750		1.740625
2751		2.021875
2752		1.815625
2753		1.962500
2754		2.481250
2755		2.421875
2756		2.450000
2757		1.800000
2758		1.668750
2759		1.446875
2760		1.209375
2761		0.737500
2762		0.190625
2763		-0.443750
2764		-0.503125
2765		-0.975000
2766		-0.918750
2767		-1.212500
2768		-1.228125
2769		-0.990625
2770		-1.034375
2771		-0.887500
2772		-1.034375
2773		-0.431250
2774		0.531250
2775		1.150000
2776		1.284375
2777		1.209375
2778		1.343750
2779		0.840625
2780		1.003125
2781		0.840625
2782		0.662500
2783		0.456250
2784		1.018750
2785		1.106250
2786		0.484375
2787		0.012500
2788		-0.178125
2789		-0.106250
2790		-0.015625
2791		0.115625
2792		-0.340625
2793		-0.356250
2794		0.115625
2795		-0.150000
2796		0.012500
2797		0.618750
2798		0.234375
2799		0.515625
2800		0.543750
2801		1.225000
2802		0.959375
2803		0.900000
2804		0.915625
2805		0.884375
2806		0.884375
2807		0.765625
2808		1.121875
2809		0.234375
2810		0.381250
2811		-0.134375
2812		-1.021875
2813		-1.109375
2814		-1.196875
2815		-1.196875
2816		-1.434375
2817		-1.568750
2818		-1.300000
2819		-1.390625
2820		-0.800000
2821		-0.843750
2822		-1.093750
2823		-0.843750
2824		-0.384375
2825		-0.118750
2826		-0.118750
2827		-0.503125
2828		-0.296875
2829		-0.859375
2830		-0.725000
2831		-0.756250
2832		-1.137500
2833		-1.256250
2834		-1.300000
2835		-1.065625
2836		-0.871875
2837		-0.903125
2838		-1.034375
2839		-0.784375
2840		-0.828125
2841		-0.237500
2842		-0.371875
2843		-0.134375
2844		-0.503125
2845		-0.150000
2846		-0.134375
2847		-0.253125
2848		-0.650000
2849		-0.725000
2850		-0.990625
2851		-0.903125
2852		-1.137500
2853		-1.125000
2854		-1.331250
2855		-1.256250
2856		-1.568750
2857		-1.743750
2858		-2.025000
2859		-1.818750
2860		-1.640625
2861		-1.478125
2862		-1.612500
2863		-1.715625
2864		-1.553125
2865		-1.137500
2866		-1.271875
2867		-1.168750
2868		-1.509375
2869		-1.137500
2870		-0.946875
2871		-0.828125
2872		-0.918750
2873		-0.887500
2874		-1.137500
2875		-0.665625
2876		-0.606250
2877		-0.503125
2878		-0.534375
2879		-0.621875
2880		-0.725000
2881		-0.665625
2882		-0.546875
2883		-0.800000
2884		-1.450000
2885		-0.918750
2886		-0.962500
2887		-0.768750
2888		-1.065625
2889		-1.006250
2890		-0.931250
2891		-0.990625
2892		-0.903125
2893		-1.006250
2894		-0.946875
2895		0.087500
2896		-0.075000
2897		0.087500
2898		0.159375
2899		0.087500
2900		0.218750
2901		0.309375
2902		0.381250
2903		0.190625
2904		0.575000
2905		0.634375
2906		1.090625
2907		0.959375
2908		0.190625
2909		0.071875
2910		-0.268750
2911		0.115625
2912		0.012500
2913		-0.725000
2914		-0.696875
2915		-0.903125
2916		-1.034375
2917		-0.990625
2918		-1.271875
2919		-1.478125
2920		-1.846875
2921		-1.834375
2922		-1.996875
2923		-2.659375
2924		-2.100000
2925		-2.231250
2926		-1.818750
2927		-2.468750
2928		-3.281250
2929		-4.050000
2930		-4.268750
2931		-2.865625
2932		-1.287500
2933		0.500000
2934		1.890625
2935		3.175000
2936		4.296875
2937		4.812500
2938		5.581250
2939		6.468750
2940		7.162500
2941		7.856250
2942		7.325000
2943		5.787500
2944		3.987500
2945		2.125000
2946		1.240625
2947		-0.253125
2948		-1.228125
2949		-2.881250
2950		-3.840625
2951		-4.728125
2952		-5.496875
2953		-5.925000
2954		-5.628125
2955		-4.609375
2956		-2.437500
2957		-0.296875
2958		1.918750
2959		3.246875
2960		4.859375
2961		5.256250
2962		5.390625
2963		4.725000
2964		3.131250
2965		1.593750
2966		0.000000
2967		-2.143750
2968		-4.212500
2969		-5.378125
2970		-6.484375
2971		-6.337500
2972		-5.687500
2973		-4.593750
2974		-3.368750
2975		-1.568750
2976		0.781250
2977		2.287500
2978		3.690625
2979		4.475000
2980		4.887500
2981		4.871875
2982		4.325000
2983		3.956250
2984		2.612500
2985		1.771875
2986		0.531250
2987		-0.371875
2988		-1.612500
2989		-3.134375
2990		-3.725000
2991		-4.078125
2992		-3.103125
2993		-2.571875
2994		-1.462500
2995		0.753125
2996		2.731250
2997		5.240625
2998		5.981250
2999		5.581250
3000		5.612500
3001		4.221875
3002		3.056250
3003		0.987500
3004		-1.109375
3005		-3.059375
3006		-4.653125
3007		-4.756250
3008		-4.593750
3009		-4.565625
3010		-3.915625
3011		-2.690625
3012		-1.331250
3013		-0.106250
3014		0.943750
3015		2.140625
3016		2.687500
3017		2.612500
3018		2.628125
3019		1.784375
3020		0.959375
3021		-0.312500
3022		-1.196875
3023		-2.068750
3024		-3.087500
3025		-3.281250
3026		-3.353125
3027		-2.896875
3028		-2.350000
3029		-2.053125
3030		-0.918750
3031		-0.178125
3032		0.915625
3033		1.653125
3034		2.156250
3035		2.596875
3036		2.481250
3037		2.481250
3038		1.815625
3039		1.121875
3040		-0.221875
3041		-1.625000
3042		-2.215625
3043		-2.646875
3044		-2.853125
3045		-2.984375
3046		-2.837500
3047		-2.321875
3048		-1.168750
3049		-0.312500
3050		0.381250
3051		1.296875
3052		2.037500
3053		2.271875
3054		1.771875
3055		0.900000
3056		0.293750
3057		-0.415625
3058		-1.256250
3059		-1.493750
3060		-2.025000
3061		-2.350000
3062		-2.600000
3063		-2.365625
3064		-2.143750
3065		-1.243750
3066		-0.593750
3067		0.484375
3068		0.840625
3069		1.181250
3070		1.312500
3071		1.343750
3072		1.343750
3073		1.356250
3074		0.737500
3075		-0.075000
3076		-0.696875
3077		-0.946875
3078		-1.434375
3079		-1.731250
3080		-1.834375
3081		-2.040625
3082		-1.834375
3083		-1.581250
3084		-1.137500
3085		-0.546875
3086		-0.281250
3087		0.368750
3088		1.356250
3089		1.165625
3090		1.506250
3091		1.193750
3092		0.515625
3093		0.012500
3094		-0.237500
3095		-0.518750
3096		-1.125000
3097		-0.990625
3098		-1.065625
3099		-1.375000
3100		-1.137500
3101		-0.871875
3102		-0.546875
3103		0.131250
3104		0.293750
3105		0.087500
3106		-0.118750
3107		0.012500
3108		0.000000
3109		-0.059375
3110		-0.443750
3111		-0.800000
3112		-1.434375
3113		-1.331250
3114		-1.846875
3115		-1.731250
3116		-2.025000
3117		-1.787500
3118		-2.053125
3119		-1.906250
3120		-1.862500
3121		-2.040625
3122		-2.053125
3123		-1.921875
3124		-2.143750
3125		-1.996875
3126		-2.100000
3127		-1.581250
3128		-1.612500
3129		-1.846875
3130		-1.921875
3131		-2.159375
3132		-2.437500
3133		-2.334375
3134		-2.290625
3135		-2.159375
3136		-2.275000
3137		-1.890625
3138		-1.759375
3139		-1.300000
3140		-1.434375
3141		-1.818750
3142		-2.215625
3143		-2.187500
3144		-2.084375
3145		-2.203125
3146		-2.321875
3147		-2.393750
3148		-2.437500
3149		-2.365625
3150		-2.793750
3151		-2.540625
3152		-2.306250
3153		-1.906250
3154		-1.418750
3155		-0.903125
3156		-0.221875
3157		0.337500
3158		0.721875
3159		0.856250
3160		0.603125
3161		0.500000
3162		0.056250
3163		0.278125
3164		0.159375
3165		0.131250
3166		-0.312500
3167		-0.253125
3168		-0.593750
3169		-0.487500
3170		-0.209375
3171		-0.681250
3172		-1.109375
3173		-1.109375
3174		-0.903125
3175		-0.475000
3176		-0.546875
3177		-0.150000
3178		-0.106250
3179		0.368750
3180		0.900000
3181		0.840625
3182		0.884375
3183		0.884375
3184		0.293750
3185		0.559375
3186		0.500000
3187		0.337500
3188		0.868750
3189		0.603125
3190		0.218750
3191		0.250000
3192		0.440625
3193		0.309375
3194		0.337500
3195		0.159375
3196		-0.031250
3197		-0.475000
3198		-0.031250
3199		0.159375
3200		0.309375
3201		-0.475000
3202		-0.534375
3203		-0.696875
3204		-0.650000
3205		-0.400000
3206		-0.134375
3207		-0.268750
3208		-0.193750
3209		-0.178125
3210		-0.281250
3211		-0.281250
3212		-0.325000
3213		-0.578125
3214		-0.606250
3215		-0.578125
3216		-1.034375
3217		-0.650000
3218		-0.593750
3219		-0.253125
3220		-0.606250
3221		-0.443750
3222		-0.178125
3223		0.250000
3224		1.003125
3225		0.809375
3226		0.412500
3227		0.218750
3228		0.234375
3229		0.440625
3230		0.721875
3231		0.234375
3232		-0.296875
3233		-0.756250
3234		-1.021875
3235		-0.812500
3236		-1.315625
3237		-1.434375
3238		-2.025000
3239		-1.996875
3240		-1.878125
3241		-1.256250
3242		-0.975000
3243		-1.315625
3244		-0.518750
3245		-0.546875
3246		0.056250
3247		0.471875
3248		0.337500
3249		0.590625
3250		0.293750
3251		-0.237500
3252		-0.756250
3253		-1.050000
3254		-0.800000
3255		-1.109375
3256		-1.625000
3257		-2.437500
3258		-2.793750
3259		-3.059375
3260		-3.384375
3261		-3.531250
3262		-3.856250
3263		-3.621875
3264		-3.515625
3265		-2.659375
3266		-2.690625
3267		-2.025000
3268		-0.871875
3269		-0.253125
3270		1.193750
3271		2.050000
3272		2.450000
3273		1.859375
3274		1.609375
3275		1.593750
3276		0.737500
3277		0.087500
3278		-0.871875
3279		-1.684375
3280		-1.878125
3281		-2.453125
3282		-2.734375
3283		-2.703125
3284		-1.996875
3285		-0.918750
3286		-0.253125
3287		0.321875
3288		1.181250
3289		1.653125
3290		2.050000
3291		3.187500
3292		3.440625
3293		3.025000
3294		2.525000
3295		2.109375
3296		0.868750
3297		-0.075000
3298		-0.768750
3299		-1.434375
3300		-1.921875
3301		-2.540625
3302		-3.043750
3303		-2.940625
3304		-2.409375
3305		-1.256250
3306		-0.075000
3307		0.840625
3308		1.328125
3309		2.553125
3310		3.365625
3311		3.456250
3312		3.440625
3313		2.715625
3314		1.756250
3315		1.193750
3316		0.071875
3317		-0.784375
3318		-1.612500
3319		-1.878125
3320		-1.834375
3321		-1.981250
3322		-1.256250
3323		-0.931250
3324		-0.637500
3325		0.662500
3326		1.668750
3327		2.687500
3328		3.071875
3329		3.721875
3330		3.809375
3331		3.734375
3332		3.143750
3333		2.700000
3334		1.993750
3335		1.446875
3336		1.046875
3337		0.087500
3338		-0.209375
3339		-0.400000
3340		0.115625
3341		0.000000
3342		0.531250
3343		0.796875
3344		1.193750
3345		2.006250
3346		2.375000
3347		3.040625
3348		2.746875
3349		2.671875
3350		2.537500
3351		2.096875
3352		1.475000
3353		0.840625
3354		0.543750
3355		0.293750
3356		-0.118750
3357		-0.459375
3358		-0.546875
3359		-0.562500
3360		-0.209375
3361		0.971875
3362		1.090625
3363		0.971875
3364		1.031250
3365		0.928125
3366		1.550000
3367		1.181250
3368		0.559375
3369		0.043750
3370		0.000000
3371		0.293750
3372		-0.059375
3373		-0.593750
3374		-1.462500
3375		-1.581250
3376		-1.537500
3377		-1.568750
3378		-1.656250
3379		-1.346875
3380		-1.125000
3381		-0.578125
3382		-0.503125
3383		-0.475000
3384		-0.946875
3385		-0.962500
3386		-0.546875
3387		-0.650000
3388		-0.325000
3389		-0.325000
3390		-0.400000
3391		-0.134375
3392		-0.725000
3393		-0.400000
3394		-0.709375
3395		-0.253125
3396		-0.475000
3397		-0.431250
3398		-0.843750
3399		-0.800000
3400		-1.375000
3401		-1.184375
3402		-1.034375
3403		-1.271875
3404		-1.731250
3405		-1.965625
3406		-1.759375
3407		-1.434375
3408		-1.581250
3409		-1.509375
3410		-1.359375
3411		-0.740625
3412		-0.371875
3413		-0.059375
3414		-0.371875
3415		-0.090625
3416		0.368750
3417		0.265625
3418		0.218750
3419		-0.356250
3420		-0.650000
3421		-0.503125
3422		-0.740625
3423		-1.081250
3424		-1.965625
3425		-1.981250
3426		-1.787500
3427		-1.981250
3428		-1.640625
3429		-1.950000
3430		-1.065625
3431		-0.503125
3432		-0.475000
3433		-0.356250
3434		-0.800000
3435		-0.768750
3436		-0.725000
3437		-0.871875
3438		-1.184375
3439		-1.684375
3440		-1.818750
3441		-1.846875
3442		-2.053125
3443		-2.306250
3444		-3.075000
3445		-3.443750
3446		-3.650000
3447		-3.190625
3448		-3.087500
3449		-2.912500
3450		-2.409375
3451		-2.468750
3452		-2.171875
3453		-1.418750
3454		-1.287500
3455		-1.065625
3456		-0.918750
3457		-0.562500
3458		-0.650000
3459		-1.243750
3460		-1.287500
3461		-1.478125
3462		-1.137500
3463		-1.300000
3464		-1.596875
3465		-1.521875
3466		-1.625000
3467		-1.981250
3468		-2.009375
3469		-2.321875
3470		-2.350000
3471		-1.803125
3472		-1.775000
3473		-1.700000
3474		-2.068750
3475		-2.290625
3476		-2.246875
3477		-1.731250
3478		-1.878125
3479		-1.834375
3480		-1.493750
3481		-0.918750
3482		-0.503125
3483		-0.740625
3484		-0.681250
3485		-1.406250
3486		-1.065625
3487		-1.021875
3488		-0.903125
3489		-0.812500
3490		-1.568750
3491		-1.996875
3492		-2.025000
3493		-1.937500
3494		-2.940625
3495		-3.443750
3496		-3.678125
3497		-3.400000
3498		-3.325000
3499		-2.940625
3500		-2.556250
3501		-2.437500
3502		-2.025000
3503		-1.803125
3504		-1.996875
3505		-2.171875
3506		-2.365625
3507		-2.159375
3508		-1.950000
3509		-2.275000
3510		-2.556250
3511		-2.615625
3512		-2.393750
3513		-2.393750
3514		-2.971875
3515		-3.384375
3516		-3.087500
3517		-2.718750
3518		-2.540625
3519		-2.171875
3520		-2.393750
3521		-1.890625
3522		-1.640625
3523		-1.346875
3524		-1.137500
3525		-1.775000
3526		-1.818750
3527		-1.612500
3528		-1.671875
3529		-2.084375
3530		-2.187500
3531		-2.159375
3532		-1.981250
3533		-2.143750
3534		-1.921875
3535		-2.378125
3536		-2.587500
3537		-3.206250
3538		-2.821875
3539		-2.587500
3540		-2.306250
3541		-2.187500
3542		-2.468750
3543		-2.100000
3544		-2.040625
3545		-2.215625
3546		-2.290625
3547		-2.468750
3548		-2.437500
3549		-2.246875
3550		-2.496875
3551		-2.053125
3552		-2.143750
3553		-1.568750
3554		-1.568750
3555		-1.759375
3556		-1.715625
3557		-1.478125
3558		-1.287500
3559		-1.596875
3560		-1.656250
3561		-1.671875
3562		-1.478125
3563		-1.406250
3564		-1.315625
3565		-1.731250
3566		-2.009375
3567		-2.009375
3568		-1.640625
3569		-1.553125
3570		-1.700000
3571		-1.390625
3572		-1.418750
3573		-1.184375
3574		-0.962500
3575		-0.990625
3576		-1.034375
3577		-0.800000
3578		-0.193750
3579		-0.475000
3580		-0.031250
3581		0.206250
3582		0.000000
3583		0.218750
3584		-0.059375
3585		0.265625
3586		-0.209375
3587		-0.209375
3588		-0.253125
3589		-0.400000
3590		-0.812500
3591		-0.237500
3592		-0.340625
3593		-0.325000
3594		-0.946875
3595		-1.093750
3596		-1.509375
3597		-1.803125
3598		-1.537500
3599		-1.581250
3600		-1.950000
3601		-2.128125
3602		-2.143750
3603		-2.053125
3604		-1.834375
3605		-1.743750
3606		-2.425000
3607		-2.837500
3608		-3.325000
3609		-4.062500
3610		-4.240625
3611		-3.428125
3612		-1.450000
3613		0.515625
3614		1.890625
3615		3.040625
3616		3.721875
3617		4.312500
3618		5.109375
3619		6.246875
3620		7.206250
3621		8.062500
3622		7.796875
3623		6.984375
3624		5.065625
3625		3.115625
3626		1.696875
3627		0.043750
3628		-1.168750
3629		-1.950000
3630		-3.368750
3631		-4.240625
3632		-4.787500
3633		-5.453125
3634		-4.862500
3635		-3.990625
3636		-2.837500
3637		-0.903125
3638		1.150000
3639		3.187500
3640		4.650000
3641		5.403125
3642		5.862500
3643		5.418750
3644		4.428125
3645		2.909375
3646		0.440625
3647		-1.568750
3648		-3.265625
3649		-4.815625
3650		-5.746875
3651		-5.996875
3652		-5.453125
3653		-4.375000
3654		-2.659375
3655		-1.153125
3656		0.840625
3657		2.421875
3658		3.912500
3659		4.915625
3660		5.462500
3661		5.728125
3662		5.212500
3663		4.859375
3664		4.031250
3665		3.115625
3666		2.156250
3667		0.412500
3668		-1.153125
3669		-1.981250
3670		-2.778125
3671		-2.865625
3672		-2.484375
3673		-1.256250
3674		0.012500
3675		1.843750
3676		3.662500
3677		4.946875
3678		6.393750
3679		6.793750
3680		6.468750
3681		5.787500
3682		4.665625
3683		3.246875
3684		1.459375
3685		-0.843750
3686		-2.646875
3687		-4.093750
3688		-3.959375
3689		-3.000000
3690		-2.718750
3691		-1.787500
3692		-0.106250
3693		1.046875
3694		2.362500
3695		3.218750
3696		3.809375
3697		3.662500
3698		3.246875
3699		3.056250
3700		2.481250
3701		1.371875
3702		0.175000
3703		-0.593750
3704		-1.434375
3705		-1.612500
3706		-1.834375
3707		-2.321875
3708		-1.787500
3709		-1.093750
3710		-0.253125
3711		1.193750
3712		2.156250
3713		3.218750
3714		3.618750
3715		4.000000
3716		4.518750
3717		3.618750
3718		3.262500
3719		2.450000
3720		1.621875
3721		0.515625
3722		0.087500
3723		-0.281250
3724		-0.828125
3725		-0.312500
3726		-0.459375
3727		-0.325000
3728		0.071875
3729		1.134375
3730		2.156250
3731		3.246875
3732		4.059375
3733		4.178125
3734		3.765625
3735		3.396875
3736		2.656250
3737		0.928125
3738		0.368750
3739		-0.162500
3740		-0.134375
3741		-0.384375
3742		-0.621875
3743		-0.606250
3744		-0.415625
3745		-0.015625
3746		0.987500
3747		1.446875
3748		2.259375
3749		2.303125
3750		2.921875
3751		3.337500
3752		3.706250
3753		3.187500
3754		2.331250
3755		2.212500
3756		1.534375
3757		0.856250
3758		-0.031250
3759		-0.296875
3760		-0.193750
3761		-0.193750
3762		0.175000
3763		0.190625
3764		0.634375
3765		1.356250
3766		1.431250
3767		2.331250
3768		2.303125
3769		2.746875
3770		2.921875
3771		3.203125
3772		2.806250
3773		2.156250
3774		1.343750
3775		1.343750
3776		1.550000
3777		0.753125
3778		0.190625
3779		0.071875
3780		0.293750
3781		0.575000
3782		1.078125
3783		1.609375
3784		2.109375
3785		2.318750
3786		2.509375
3787		2.212500
3788		1.609375
3789		1.609375
3790		1.712500
3791		1.356250
3792		1.003125
3793		0.900000
3794		0.265625
3795		0.590625
3796		0.159375
3797		-0.031250
3798		-0.325000
3799		-0.443750
3800		-0.209375
3801		-0.162500
3802		0.206250
3803		0.043750
3804		0.234375
3805		0.381250
3806		0.321875
3807		0.456250
3808		0.043750
3809		0.043750
3810		-0.162500
3811		0.012500
3812		-0.400000
3813		0.043750
3814		0.146875
3815		-0.059375
3816		0.043750
3817		0.278125
3818		0.043750
3819		0.428125
3820		0.396875
3821		0.706250
3822		0.309375
3823		0.056250
3824		0.115625
3825		0.115625
3826		0.190625
3827		0.206250
3828		-0.546875
3829		-0.696875
3830		-0.812500
3831		-0.546875
3832		-0.162500
3833		-0.281250
3834		0.471875
3835		1.078125
3836		1.784375
3837		2.700000
3838		2.671875
3839		2.656250
3840		2.450000
3841		2.878125
3842		2.596875
3843		2.628125
3844		2.731250
3845		2.731250
3846		2.509375
3847		2.168750
3848		2.037500
3849		1.593750
3850		1.712500
3851		1.859375
3852		1.890625
3853		2.021875
3854		1.993750
3855		2.303125
3856		2.850000
3857		2.850000
3858		3.071875
3859		3.131250
3860		3.246875
3861		4.059375
3862		3.928125
3863		4.150000
3864		3.734375
3865		3.218750
3866		3.781250
3867		3.468750
3868		3.690625
3869		3.396875
3870		3.084375
3871		3.203125
3872		3.675000
3873		3.734375
3874		3.896875
3875		3.100000
3876		2.893750
3877		3.218750
3878		2.628125
3879		2.878125
3880		2.953125
3881		2.806250
3882		2.481250
3883		2.228125
3884		2.156250
3885		2.081250
3886		2.450000
3887		2.937500
3888		2.553125
3889		2.390625
3890		2.375000
3891		2.537500
3892		2.525000
3893		1.993750
3894		1.993750
3895		2.006250
3896		2.243750
3897		2.671875
3898		2.525000
3899		1.903125
3900		2.228125
3901		2.109375
3902		2.656250
3903		2.968750
3904		3.765625
3905		3.884375
3906		3.587500
3907		3.662500
3908		3.543750
3909		2.996875
3910		3.337500
3911		3.071875
3912		3.025000
3913		2.687500
3914		2.228125
3915		1.993750
3916		1.843750
3917		2.065625
3918		1.150000
3919		0.721875
3920		0.531250
3921		0.825000
3922		1.550000
3923		1.918750
3924		1.740625
3925		2.125000
3926		2.200000
3927		3.187500
3928		3.100000
3929		2.746875
3930		2.331250
3931		1.815625
3932		1.993750
3933		1.843750
3934		1.565625
3935		1.284375
3936		0.293750
3937		0.146875
3938		-0.431250
3939		-1.021875
3940		-1.656250
3941		-1.715625
3942		-1.568750
3943		-1.656250
3944		-1.109375
3945		-0.918750
3946		-0.637500
3947		0.190625
3948		0.825000
3949		1.696875
3950		2.525000
3951		3.306250
3952		3.956250
3953		3.884375
3954		3.734375
3955		3.071875
3956		2.243750
3957		1.978125
3958		1.459375
3959		0.603125
3960		-0.209375
3961		-0.946875
3962		-0.990625
3963		-1.287500
3964		-0.015625
3965		0.368750
3966		1.225000
3967		2.390625
3968		2.996875
3969		3.543750
3970		3.618750
3971		4.221875
3972		4.740625
3973		5.034375
3974		4.665625
3975		3.587500
3976		2.584375
3977		2.140625
3978		1.253125
3979		0.559375
3980		-0.828125
3981		-1.671875
3982		-1.787500
3983		-1.818750
3984		-0.828125
3985		-0.046875
3986		0.825000
3987		2.390625
3988		3.218750
3989		3.734375
3990		4.503125
3991		5.006250
3992		4.534375
3993		4.650000
3994		3.603125
3995		2.525000
3996		1.668750
3997		1.062500
3998		0.559375
3999		0.056250
4000		-0.606250
4001		-0.871875
4002		-0.562500
4003		0.515625
4004		1.106250
4005		1.771875
4006		2.715625
4007		3.750000
4008		4.812500
4009		4.768750
4010		4.650000
4011		4.518750
4012		3.837500
4013		3.912500
4014		3.321875
4015		2.612500
4016		1.843750
4017		1.181250
4018		1.090625
4019		1.018750
4020		0.456250
4021		0.515625
4022		0.781250
4023		1.518750
4024		1.875000
4025		2.731250
4026		2.981250
4027		3.512500
4028		3.987500
4029		3.631250
4030		2.909375
4031		1.918750
4032		1.668750
4033		1.225000
4034		0.825000
4035		0.959375
4036		0.515625
4037		0.043750
4038		0.146875
4039		0.043750
4040		0.218750
4041		0.471875
4042		0.868750
4043		1.475000
4044		1.681250
4045		2.168750
4046		2.006250
4047		1.637500
4048		1.181250
4049		1.046875
4050		0.440625
4051		-0.031250
4052		-0.106250
4053		-0.150000
4054		-0.312500
4055		-0.962500
4056		-1.153125
4057		-1.093750
4058		-0.871875
4059		-0.621875
4060		-0.665625
4061		-0.665625
4062		-0.312500
4063		0.087500
4064		0.131250
4065		-0.031250
4066		0.000000
4067		-0.031250
4068		0.368750
4069		0.412500
4070		-0.031250
4071		-0.431250
4072		-0.546875
4073		-0.859375
4074		-0.562500
4075		0.087500
4076		0.309375
4077		0.146875
4078		0.412500
4079		-0.312500
4080		-0.621875
4081		-1.006250
4082		-1.034375
4083		-1.553125
4084		-1.537500
4085		-1.509375
4086		-1.656250
4087		-1.878125
4088		-1.818750
4089		-1.596875
4090		-1.878125
4091		-1.937500
4092		-1.462500
4093		-1.331250
4094		-0.725000
4095		0.028125
4096		0.218750
4097		0.146875
4098		0.662500
4099		0.515625
4100		0.087500
4101		-0.681250
4102		-0.665625
4103		-0.887500
4104		-1.081250
4105		-0.946875
4106		-1.359375
4107		-1.775000
4108		-1.981250
4109		-1.256250
4110		-1.256250
4111		-0.859375
4112		-0.503125
4113		-0.253125
4114		0.146875
4115		0.440625
4116		0.368750
4117		0.603125
4118		0.321875
4119		0.115625
4120		-0.578125
4121		-0.621875
4122		-1.168750
4123		-1.184375
4124		-1.965625
4125		-2.556250
4126		-3.015625
4127		-3.650000
4128		-3.665625
4129		-3.768750
4130		-3.959375
4131		-4.121875
4132		-4.446875
4133		-4.212500
4134		-3.412500
4135		-2.793750
4136		-1.996875
4137		-1.834375
4138		-1.228125
4139		-1.065625
4140		-0.946875
4141		-1.390625
4142		-1.640625
4143		-1.568750
4144		-1.081250
4145		-0.918750
4146		-0.812500
4147		-1.493750
4148		-1.950000
4149		-2.112500
4150		-1.625000
4151		-1.965625
4152		-2.215625
4153		-2.496875
4154		-2.528125
4155		-2.571875
4156		-2.496875
4157		-2.365625
4158		-2.128125
4159		-2.334375
4160		-2.112500
4161		-1.818750
4162		-1.818750
4163		-1.462500
4164		-1.406250
4165		-1.521875
4166		-1.359375
4167		-1.818750
4168		-1.743750
4169		-2.100000
4170		-2.187500
4171		-2.734375
4172		-3.384375
4173		-3.384375
4174		-4.078125
4175		-4.196875
4176		-4.712500
4177		-4.728125
4178		-4.906250
4179		-4.815625
4180		-4.343750
4181		-4.728125
4182		-4.712500
4183		-4.653125
4184		-4.478125
4185		-4.050000
4186		-3.856250
4187		-3.812500
4188		-3.975000
4189		-4.153125
4190		-3.975000
4191		-3.943750
4192		-4.359375
4193		-4.165625
4194		-4.521875
4195		-4.787500
4196		-4.418750
4197		-4.268750
4198		-4.196875
4199		-4.225000
4200		-4.300000
4201		-4.196875
4202		-4.018750
4203		-4.240625
4204		-3.753125
4205		-3.796875
4206		-3.871875
4207		-3.828125
4208		-4.078125
4209		-4.003125
4210		-4.268750
4211		-4.387500
4212		-4.212500
4213		-4.537500
4214		-4.490625
4215		-4.418750
4216		-4.640625
4217		-4.875000
4218		-5.156250
4219		-4.815625
4220		-4.668750
4221		-5.096875
4222		-4.862500
4223		-4.918750
4224		-4.906250
4225		-4.581250
4226		-4.375000
4227		-4.256250
4228		-4.431250
4229		-4.462500
4230		-3.915625
4231		-4.062500
4232		-4.121875
4233		-4.240625
4234		-3.840625
4235		-3.768750
4236		-3.428125
4237		-3.443750
4238		-3.634375
4239		-3.531250
4240		-3.162500
4241		-3.190625
4242		-3.693750
4243		-3.546875
4244		-3.575000
4245		-3.059375
4246		-3.178125
4247		-3.412500
4248		-3.678125
4249		-3.503125
4250		-2.940625
4251		-3.281250
4252		-3.118750
4253		-3.428125
4254		-3.075000
4255		-2.809375
4256		-2.821875
4257		-2.128125
4258		-2.215625
4259		-1.921875
4260		-1.656250
4261		-1.406250
4262		-1.406250
4263		-2.053125
4264		-1.834375
4265		-1.846875
4266		-1.553125
4267		-0.975000
4268		-1.406250
4269		-1.878125
4270		-2.128125
4271		-1.950000
4272		-1.906250
4273		-2.365625
4274		-2.159375
4275		-3.087500
4276		-2.734375
4277		-2.853125
4278		-3.178125
4279		-3.265625
4280		-3.887500
4281		-3.678125
4282		-3.915625
4283		-4.462500
4284		-3.840625
4285		-4.050000
4286		-3.768750
4287		-4.165625
4288		-4.787500
4289		-5.834375
4290		-6.309375
4291		-6.159375
4292		-4.875000
4293		-3.028125
4294		-1.184375
4295		0.456250
4296		1.490625
4297		2.228125
4298		2.656250
4299		3.365625
4300		4.784375
4301		5.993750
4302		6.100000
4303		5.287500
4304		3.559375
4305		1.859375
4306		0.265625
4307		-0.828125
4308		-2.306250
4309		-3.856250
4310		-5.081250
4311		-5.984375
4312		-6.856250
4313		-7.343750
4314		-7.609375
4315		-7.046875
4316		-5.659375
4317		-3.634375
4318		-1.581250
4319		0.159375
4320		2.081250
4321		3.218750
4322		3.853125
4323		3.587500
4324		2.656250
4325		1.565625
4326		-0.400000
4327		-2.468750
4328		-4.506250
4329		-6.678125
4330		-7.903125
4331		-8.375000
4332		-8.553125
4333		-7.831250
4334		-6.603125
4335		-4.950000
4336		-3.103125
4337		-0.665625
4338		0.809375
4339		2.081250
4340		2.731250
4341		2.893750
4342		2.700000
4343		2.481250
4344		1.490625
4345		0.706250
4346		-0.209375
4347		-1.331250
4348		-2.865625
4349		-4.506250
4350		-5.778125
4351		-6.309375
4352		-5.865625
4353		-5.243750
4354		-4.225000
4355		-2.809375
4356		-1.137500
4357		1.371875
4358		2.893750
4359		3.662500
4360		3.512500
4361		3.071875
4362		2.156250
4363		0.471875
4364		-1.462500
4365		-3.693750
4366		-6.056250
4367		-7.003125
4368		-7.609375
4369		-7.225000
4370		-6.603125
4371		-6.190625
4372		-4.653125
4373		-3.412500
4374		-2.215625
4375		-1.006250
4376		-0.209375
4377		0.087500
4378		0.396875
4379		-0.118750
4380		-0.800000
4381		-1.731250
4382		-2.171875
4383		-3.471875
4384		-4.268750
4385		-5.318750
4386		-5.318750
4387		-5.171875
4388		-4.581250
4389		-4.165625
4390		-3.840625
4391		-2.587500
4392		-1.228125
4393		-0.356250
4394		0.234375
4395		0.368750
4396		1.046875
4397		1.225000
4398		1.328125
4399		0.278125
4400		-0.812500
4401		-2.040625
4402		-2.587500
4403		-3.546875
4404		-3.781250
4405		-4.359375
4406		-4.418750
4407		-4.137500
4408		-3.471875
4409		-2.437500
4410		-2.053125
4411		-0.768750
4412		0.440625
4413		0.900000
4414		0.959375
4415		0.293750
4416		-0.621875
4417		-1.212500
4418		-1.715625
4419		-2.378125
4420		-2.956250
4421		-3.087500
4422		-2.984375
4423		-3.384375
4424		-3.281250
4425		-3.237500
4426		-2.393750
4427		-1.168750
4428		-0.443750
4429		-0.090625
4430		0.103125
4431		0.678125
4432		0.856250
4433		0.928125
4434		0.471875
4435		-0.209375
4436		-0.918750
4437		-1.537500
4438		-1.743750
4439		-2.025000
4440		-2.215625
4441		-2.528125
4442		-2.496875
4443		-2.143750
4444		-1.803125
4445		-1.890625
4446		-1.418750
4447		-0.990625
4448		-0.015625
4449		0.603125
4450		0.706250
4451		1.165625
4452		0.737500
4453		0.484375
4454		0.000000
4455		-0.696875
4456		-0.665625
4457		-1.212500
4458		-0.696875
4459		-1.109375
4460		-1.759375
4461		-1.375000
4462		-1.168750
4463		-0.784375
4464		0.087500
4465		-0.059375
4466		0.115625
4467		-0.162500
4468		-0.134375
4469		-0.209375
4470		-0.106250
4471		0.043750
4472		-0.800000
4473		-1.109375
4474		-0.859375
4475		-1.537500
4476		-1.656250
4477		-1.700000
4478		-1.625000
4479		-1.656250
4480		-1.890625
4481		-1.846875
4482		-2.053125
4483		-1.846875
4484		-1.612500
4485		-2.009375
4486		-2.025000
4487		-1.862500
4488		-1.390625
4489		-1.434375
4490		-1.656250
4491		-1.671875
4492		-1.834375
4493		-1.700000
4494		-1.775000
4495		-1.775000
4496		-1.950000
4497		-2.246875
4498		-1.656250
4499		-1.331250
4500		-1.243750
4501		-1.196875
4502		-1.553125
4503		-1.656250
4504		-1.862500
4505		-1.759375
4506		-1.906250
4507		-2.100000
4508		-1.937500
4509		-1.787500
4510		-2.365625
4511		-1.981250
4512		-1.787500
4513		-1.434375
4514		-1.331250
4515		-0.843750
4516		-0.443750
4517		0.353125
4518		0.884375
4519		1.740625
4520		1.875000
4521		1.446875
4522		1.328125
4523		1.387500
4524		1.490625
4525		1.506250
4526		0.959375
4527		0.943750
4528		0.928125
4529		1.150000
4530		1.121875
4531		0.915625
4532		0.856250
4533		0.943750
4534		0.809375
4535		1.106250
4536		1.165625
4537		1.312500
4538		1.550000
4539		2.287500
4540		2.715625
4541		2.968750
4542		3.187500
4543		3.543750
4544		2.687500
4545		2.790625
4546		2.553125
4547		2.700000
4548		2.671875
4549		2.981250
4550		2.687500
4551		2.806250
4552		2.893750
4553		2.878125
4554		2.790625
4555		2.731250
4556		2.109375
4557		1.815625
4558		1.962500
4559		2.362500
4560		2.687500
4561		2.375000
4562		2.259375
4563		1.756250
4564		1.621875
4565		1.637500
4566		1.918750
4567		1.978125
4568		1.993750
4569		2.450000
4570		2.287500
4571		2.303125
4572		2.156250
4573		2.065625
4574		1.728125
4575		1.150000
4576		1.150000
4577		1.387500
4578		1.475000
4579		1.918750
4580		2.168750
4581		1.843750
4582		1.903125
4583		2.184375
4584		2.584375
4585		3.187500
4586		3.396875
4587		2.921875
4588		2.612500
4589		2.893750
4590		2.996875
4591		3.293750
4592		2.746875
4593		2.081250
4594		1.565625
4595		1.740625
4596		1.771875
4597		1.268750
4598		0.796875
4599		0.796875
4600		0.590625
4601		0.721875
4602		1.431250
4603		1.475000
4604		1.681250
4605		1.518750
4606		1.728125
4607		2.140625
4608		2.700000
4609		2.790625
4610		2.450000
4611		2.481250
4612		2.287500
4613		1.800000
4614		1.978125
4615		1.268750
4616		0.765625
4617		-0.046875
4618		-0.546875
4619		-1.081250
4620		-1.256250
4621		-1.450000
4622		-1.581250
4623		-1.568750
4624		-1.137500
4625		-1.065625
4626		-0.990625
4627		-0.562500
4628		0.000000
4629		0.987500
4630		2.509375
4631		3.187500
4632		4.150000
4633		4.325000
4634		4.015625
4635		3.528125
4636		2.568750
4637		2.375000
4638		1.815625
4639		1.018750
4640		0.603125
4641		-0.134375
4642		-1.065625
4643		-1.093750
4644		-0.606250
4645		0.234375
4646		1.003125
4647		1.843750
4648		2.775000
4649		3.587500
4650		4.150000
4651		4.665625
4652		5.109375
4653		5.331250
4654		5.478125
4655		4.340625
4656		3.543750
4657		2.568750
4658		2.006250
4659		1.121875
4660		0.678125
4661		-0.562500
4662		-0.903125
4663		-1.315625
4664		-0.931250
4665		0.087500
4666		1.296875
4667		2.465625
4668		3.396875
4669		4.059375
4670		5.228125
4671		5.728125
4672		6.100000
4673		5.565625
4674		5.006250
4675		4.150000
4676		2.818750
4677		2.168750
4678		1.253125
4679		1.106250
4680		1.046875
4681		0.737500
4682		0.959375
4683		1.296875
4684		1.859375
4685		2.434375
4686		3.734375
4687		4.578125
4688		5.006250
4689		6.068750
4690		6.437500
4691		6.275000
4692		6.053125
4693		5.478125
4694		4.665625
4695		3.928125
4696		3.246875
4697		2.509375
4698		1.609375
4699		1.459375
4700		1.637500
4701		1.506250
4702		2.096875
4703		2.303125
4704		2.921875
4705		3.396875
4706		4.103125
4707		4.650000
4708		4.725000
4709		4.843750
4710		4.518750
4711		4.325000
4712		3.559375
4713		2.746875
4714		2.362500
4715		1.800000
4716		1.843750
4717		1.506250
4718		0.971875
4719		1.031250
4720		1.253125
4721		1.800000
4722		2.228125
4723		2.759375
4724		2.996875
4725		2.775000
4726		3.350000
4727		3.337500
4728		2.996875
4729		2.450000
4730		2.200000
4731		2.200000
4732		1.962500
4733		1.918750
4734		1.150000
4735		0.737500
4736		0.146875
4737		0.368750
4738		0.381250
4739		0.484375
4740		0.693750
4741		1.518750
4742		1.696875
4743		1.712500
4744		1.962500
4745		1.696875
4746		1.490625
4747		1.446875
4748		1.475000
4749		1.134375
4750		1.193750
4751		1.415625
4752		1.371875
4753		0.678125
4754		0.618750
4755		0.765625
4756		1.181250
4757		1.328125
4758		1.621875
4759		1.225000
4760		0.662500
4761		0.753125
4762		0.868750
4763		0.484375
4764		-0.106250
4765		-0.268750
4766		-0.253125
4767		0.043750
4768		-0.221875
4769		-0.562500
4770		-0.534375
4771		0.381250
4772		0.278125
4773		0.531250
4774		0.765625
4775		1.150000
4776		1.415625
4777		1.637500
4778		2.156250
4779		2.006250
4780		1.771875
4781		1.740625
4782		1.371875
4783		1.150000
4784		0.678125
4785		0.559375
4786		0.265625
4787		0.159375
4788		0.353125
4789		0.265625
4790		0.484375
4791		1.268750
4792		1.712500
4793		1.918750
4794		2.037500
4795		2.037500
4796		2.050000
4797		2.481250
4798		2.493750
4799		2.156250
4800		1.771875
4801		1.681250
4802		1.621875
4803		1.415625
4804		0.603125
4805		-0.150000
4806		-0.621875
4807		-1.006250
4808		-0.962500
4809		-1.581250
4810		-1.450000
4811		-0.606250
4812		-1.125000
4813		-1.050000
4814		-0.725000
4815		-0.237500
4816		-0.106250
4817		0.856250
4818		0.915625
4819		0.868750
4820		0.781250
4821		1.106250
4822		0.900000
4823		1.193750
4824		1.328125
4825		1.550000
4826		1.356250
4827		1.134375
4828		0.809375
4829		0.559375
4830		1.121875
4831		1.003125
4832		1.031250
4833		0.971875
4834		0.515625
4835		0.412500
4836		0.056250
4837		0.396875
4838		0.412500
4839		0.293750
4840		0.368750
4841		0.559375
4842		1.343750
4843		1.565625
4844		1.696875
4845		1.771875
4846		1.343750
4847		1.296875
4848		1.181250
4849		1.225000
4850		0.706250
4851		0.440625
4852		0.353125
4853		0.309375
4854		0.087500
4855		-0.696875
4856		-1.184375
4857		-1.212500
4858		-1.625000
4859		-1.462500
4860		-1.581250
4861		-1.065625
4862		-0.784375
4863		-0.475000
4864		-0.296875
4865		-0.221875
4866		-0.150000
4867		-0.221875
4868		-0.312500
4869		-0.431250
4870		-0.665625
4871		-0.800000
4872		-0.150000
4873		-0.371875
4874		-0.696875
4875		-1.315625
4876		-1.287500
4877		-1.006250
4878		-1.359375
4879		-1.184375
4880		-1.093750
4881		-1.153125
4882		-0.800000
4883		-0.665625
4884		-0.593750
4885		-0.918750
4886		-1.093750
4887		-0.903125
4888		-1.168750
4889		-1.375000
4890		-1.434375
4891		-1.537500
4892		-1.271875
4893		-1.418750
4894		-1.331250
4895		-2.025000
4896		-1.803125
4897		-2.215625
4898		-2.143750
4899		-2.128125
4900		-2.378125
4901		-2.215625
4902		-1.937500
4903		-2.009375
4904		-1.684375
4905		-2.053125
4906		-1.731250
4907		-1.759375
4908		-1.731250
4909		-1.553125
4910		-1.684375
4911		-1.775000
4912		-1.168750
4913		-0.859375
4914		-0.756250
4915		-0.843750
4916		-0.800000
4917		-0.931250
4918		-0.931250
4919		-0.665625
4920		-1.093750
4921		-1.271875
4922		-0.740625
4923		-0.546875
4924		-0.534375
4925		-0.918750
4926		-0.990625
4927		-1.521875
4928		-1.109375
4929		-1.168750
4930		-1.406250
4931		-1.212500
4932		-0.756250
4933		-0.593750
4934		-0.918750
4935		-0.606250
4936		-0.812500
4937		-0.918750
4938		-0.443750
4939		-0.059375
4940		0.309375
4941		0.028125
4942		0.234375
4943		0.796875
4944		0.575000
4945		0.590625
4946		0.590625
4947		0.412500
4948		0.543750
4949		0.337500
4950		0.043750
4951		-0.312500
4952		0.146875
4953		0.087500
4954		-0.106250
4955		-0.268750
4956		-1.493750
4957		-1.168750
4958		-1.196875
4959		-1.228125
4960		-1.300000
4961		-1.890625
4962		-2.171875
4963		-2.171875
4964		-1.981250
4965		-1.862500
4966		-1.787500
4967		-2.275000
4968		-2.365625
4969		-3.015625
4970		-4.018750
4971		-4.700000
4972		-3.634375
4973		-1.775000
4974		0.412500
4975		2.331250
4976		3.131250
4977		3.306250
4978		4.059375
4979		4.812500
4980		6.262500
4981		7.103125
4982		7.884375
4983		8.121875
4984		6.865625
4985		5.065625
4986		2.537500
4987		1.106250
4988		-0.178125
4989		-1.196875
4990		-2.837500
4991		-4.093750
4992		-4.918750
4993		-5.350000
4994		-5.568750
4995		-5.259375
4996		-4.668750
4997		-3.028125
4998		-1.300000
4999		0.781250
5000		2.909375
5001		4.312500
5002		5.256250
5003		5.565625
5004		5.125000
5005		4.150000
5006		2.081250
5007		-0.075000
5008		-2.409375
5009		-4.343750
5010		-5.893750
5011		-6.825000
5012		-7.490625
5013		-7.018750
5014		-5.968750
5015		-4.431250
5016		-2.512500
5017		-0.696875
5018		0.971875
5019		2.775000
5020		3.912500
5021		4.134375
5022		4.000000
5023		3.618750
5024		3.337500
5025		2.390625
5026		1.090625
5027		0.146875
5028		-1.715625
5029		-3.015625
5030		-4.462500
5031		-5.437500
5032		-5.615625
5033		-4.906250
5034		-3.931250
5035		-2.750000
5036		-1.034375
5037		0.737500
5038		2.687500
5039		3.809375
5040		3.825000
5041		3.706250
5042		2.759375
5043		1.712500
5044		0.000000
5045		-2.171875
5046		-4.609375
5047		-6.265625
5048		-7.593750
5049		-7.078125
5050		-6.825000
5051		-6.293750
5052		-5.437500
5053		-3.531250
5054		-2.171875
5055		-0.800000
5056		0.234375
5057		0.634375
5058		0.531250
5059		0.559375
5060		0.293750
5061		-0.681250
5062		-1.700000
5063		-2.631250
5064		-3.753125
5065		-4.153125
5066		-4.815625
5067		-5.128125
5068		-5.037500
5069		-4.003125
5070		-3.621875
5071		-2.496875
5072		-1.521875
5073		-0.371875
5074		0.618750
5075		1.078125
5076		1.565625
5077		1.415625
5078		1.134375
5079		0.884375
5080		-0.118750
5081		-1.153125
5082		-2.496875
5083		-2.865625
5084		-3.428125
5085		-3.781250
5086		-3.828125
5087		-3.828125
5088		-3.221875
5089		-2.425000
5090		-1.803125
5091		-0.871875
5092		0.115625
5093		0.706250
5094		1.106250
5095		1.078125
5096		0.484375
5097		-0.459375
5098		-1.434375
5099		-2.246875
5100		-2.512500
5101		-3.015625
5102		-3.237500
5103		-3.265625
5104		-3.028125
5105		-2.837500
5106		-2.231250
5107		-1.612500
5108		-0.709375
5109		-0.621875
5110		0.146875
5111		0.678125
5112		0.809375
5113		0.781250
5114		0.868750
5115		0.721875
5116		-0.059375
5117		-1.021875
5118		-1.700000
5119		-2.246875
5120		-2.203125
5121		-2.496875
5122		-2.512500
5123		-2.321875
5124		-1.921875
5125		-1.775000
5126		-1.553125
5127		-0.990625
5128		-0.340625
5129		-0.118750
5130		0.412500
5131		0.603125
5132		0.559375
5133		-0.046875
5134		0.012500
5135		-0.518750
5136		-0.725000
5137		-1.137500
5138		-1.375000
5139		-1.671875
5140		-1.878125
5141		-1.878125
5142		-1.684375
5143		-1.346875
5144		-0.621875
5145		-0.356250
5146		0.087500
5147		-0.075000
5148		-0.431250
5149		-0.756250
5150		-0.637500
5151		-0.918750
5152		-1.137500
5153		-1.612500
5154		-1.434375
5155		-1.803125
5156		-1.890625
5157		-1.981250
5158		-2.409375
5159		-2.437500
5160		-2.571875
5161		-2.853125
5162		-2.896875
5163		-2.984375
5164		-2.615625
5165		-2.453125
5166		-2.528125
5167		-2.587500
5168		-2.675000
5169		-2.571875
5170		-2.615625
5171		-3.103125
5172		-2.984375
5173		-3.190625
5174		-3.028125
5175		-2.690625
5176		-2.750000
5177		-2.940625
5178		-3.162500
5179		-3.325000
5180		-3.059375
5181		-2.690625
5182		-2.912500
5183		-2.912500
5184		-2.984375
5185		-3.162500
5186		-3.221875
5187		-3.075000
5188		-3.237500
5189		-3.634375
5190		-3.768750
5191		-3.725000
5192		-3.634375
5193		-3.325000
5194		-2.809375
5195		-2.437500
5196		-1.878125
5197		-1.093750
5198		-0.503125
5199		-0.090625
5200		-0.059375
5201		-0.031250
5202		0.043750
5203		-0.534375
5204		-0.193750
5205		-0.431250
5206		-0.059375
5207		-0.578125
5208		-0.650000
5209		-0.562500
5210		-0.621875
5211		-0.903125
5212		-1.125000
5213		-1.153125
5214		-1.256250
5215		-0.812500
5216		-0.400000
5217		-0.178125
5218		0.293750
5219		0.103125
5220		0.056250
5221		0.618750
5222		0.900000
5223		0.796875
5224		0.706250
5225		0.753125
5226		0.590625
5227		1.121875
5228		1.003125
5229		1.181250
5230		0.456250
5231		0.500000
5232		0.559375
5233		0.634375
5234		0.603125
5235		0.796875
5236		0.603125
5237		0.368750
5238		0.087500
5239		0.000000
5240		0.012500
5241		0.309375
5242		0.293750
5243		-0.253125
5244		-0.312500
5245		0.000000
5246		0.353125
5247		0.309375
5248		0.456250
5249		0.590625
5250		0.087500
5251		0.590625
5252		0.590625
5253		0.218750
5254		-0.162500
5255		-0.075000
5256		-0.059375
5257		-0.031250
5258		0.293750
5259		0.428125
5260		0.218750
5261		0.321875
5262		0.440625
5263		0.353125
5264		0.825000
5265		1.565625
5266		1.903125
5267		1.903125
5268		1.681250
5269		1.150000
5270		0.884375
5271		1.312500
5272		1.518750
5273		0.737500
5274		0.071875
5275		0.309375
5276		0.159375
5277		0.428125
5278		0.000000
5279		-0.562500
5280		-1.093750
5281		-1.359375
5282		-0.812500
5283		-0.400000
5284		0.043750
5285		0.115625
5286		0.381250
5287		0.900000
5288		1.312500
5289		0.987500
5290		0.531250
5291		0.056250
5292		0.115625
5293		-0.090625
5294		-0.400000
5295		-0.340625
5296		-0.534375
5297		-0.887500
5298		-1.803125
5299		-2.600000
5300		-3.353125
5301		-3.900000
5302		-3.353125
5303		-3.340625
5304		-3.531250
5305		-3.134375
5306		-2.896875
5307		-2.587500
5308		-1.862500
5309		-1.359375
5310		-0.593750
5311		0.809375
5312		1.356250
5313		2.184375
5314		1.890625
5315		1.831250
5316		0.856250
5317		0.737500
5318		0.043750
5319		-0.356250
5320		-1.509375
5321		-2.112500
5322		-2.984375
5323		-3.134375
5324		-3.059375
5325		-2.246875
5326		-1.462500
5327		-0.296875
5328		0.590625
5329		1.193750
5330		1.740625
5331		1.534375
5332		2.271875
5333		2.643750
5334		2.775000
5335		1.962500
5336		1.637500
5337		1.046875
5338		0.043750
5339		-0.812500
5340		-1.787500
5341		-2.837500
5342		-3.325000
5343		-3.915625
5344		-3.915625
5345		-3.309375
5346		-1.715625
5347		-0.503125
5348		0.293750
5349		1.121875
5350		1.621875
5351		1.918750
5352		2.390625
5353		2.921875
5354		2.125000
5355		1.150000
5356		0.678125
5357		-0.340625
5358		-1.212500
5359		-2.159375
5360		-2.718750
5361		-3.296875
5362		-2.809375
5363		-2.646875
5364		-1.818750
5365		-1.109375
5366		-0.431250
5367		0.515625
5368		1.771875
5369		2.493750
5370		2.656250
5371		2.434375
5372		2.434375
5373		2.081250
5374		1.934375
5375		0.959375
5376		0.190625
5377		-0.768750
5378		-0.812500
5379		-1.256250
5380		-1.759375
5381		-1.981250
5382		-1.700000
5383		-0.903125
5384		-0.106250
5385		-0.106250
5386		0.809375
5387		1.815625
5388		2.259375
5389		2.434375
5390		1.890625
5391		1.343750
5392		0.884375
5393		0.337500
5394		-0.253125
5395		-0.871875
5396		-0.800000
5397		-1.093750
5398		-1.228125
5399		-1.553125
5400		-1.581250
5401		-1.656250
5402		-1.359375
5403		-0.740625
5404		-0.475000
5405		0.043750
5406		0.250000
5407		0.412500
5408		0.484375
5409		0.028125
5410		-0.621875
5411		-1.478125
5412		-1.434375
5413		-1.478125
5414		-1.743750
5415		-2.187500
5416		-2.646875
5417		-3.015625
5418		-2.615625
5419		-2.703125
5420		-2.600000
5421		-2.631250
5422		-2.053125
5423		-1.331250
5424		-1.315625
5425		-1.153125
5426		-1.700000
5427		-1.359375
5428		-1.331250
5429		-1.212500
5430		-1.184375
5431		-1.906250
5432		-1.862500
5433		-1.775000
5434		-2.171875
5435		-1.937500
5436		-1.700000
5437		-1.331250
5438		-0.843750
5439		-1.509375
5440		-1.168750
5441		-1.743750
5442		-1.921875
5443		-2.203125
5444		-2.231250
5445		-2.571875
5446		-2.540625
5447		-2.409375
5448		-2.393750
5449		-2.425000
5450		-2.453125
5451		-2.881250
5452		-2.940625
5453		-2.425000
5454		-2.159375
5455		-1.700000
5456		-1.184375
5457		-0.828125
5458		-0.178125
5459		-0.075000
5460		0.000000
5461		-0.546875
5462		-1.006250
5463		-1.359375
5464		-1.434375
5465		-1.846875
5466		-2.321875
5467		-2.365625
5468		-2.159375
5469		-1.846875
5470		-1.656250
5471		-1.315625
5472		-1.081250
5473		-0.475000
5474		-0.059375
5475		0.381250
5476		0.440625
5477		0.471875
5478		0.678125
5479		0.662500
5480		-0.075000
5481		-0.415625
5482		-0.843750
5483		-1.065625
5484		-1.509375
5485		-2.171875
5486		-2.940625
5487		-2.865625
5488		-3.621875
5489		-3.428125
5490		-3.043750
5491		-3.015625
5492		-3.384375
5493		-3.503125
5494		-2.437500
5495		-1.846875
5496		-1.184375
5497		-0.962500
5498		-0.400000
5499		0.028125
5500		0.043750
5501		-0.371875
5502		-1.021875
5503		-1.081250
5504		-0.681250
5505		-0.650000
5506		-0.475000
5507		-0.134375
5508		-0.990625
5509		-0.384375
5510		-0.253125
5511		-0.150000
5512		-0.400000
5513		-0.281250
5514		-0.281250
5515		-0.475000
5516		-0.768750
5517		-0.371875
5518		-0.221875
5519		0.028125
5520		0.087500
5521		0.131250
5522		0.337500
5523		0.471875
5524		0.484375
5525		0.825000
5526		0.856250
5527		1.121875
5528		0.809375
5529		1.459375
5530		1.253125
5531		0.678125
5532		0.012500
5533		-0.237500
5534		-0.075000
5535		-0.681250
5536		-0.650000
5537		-1.109375
5538		-1.315625
5539		-1.331250
5540		-1.287500
5541		-0.918750
5542		-1.390625
5543		-1.287500
5544		-0.859375
5545		-0.503125
5546		-0.253125
5547		0.309375
5548		-0.178125
5549		-0.031250
5550		-0.059375
5551		0.028125
5552		-0.400000
5553		-0.415625
5554		-0.621875
5555		-1.021875
5556		-0.843750
5557		-1.300000
5558		-0.946875
5559		-0.768750
5560		-0.768750
5561		-0.475000
5562		-0.962500
5563		-0.871875
5564		-0.665625
5565		-0.475000
5566		-0.578125
5567		-0.740625
5568		-0.356250
5569		-0.650000
5570		-0.578125
5571		-0.621875
5572		-0.946875
5573		-1.346875
5574		-1.612500
5575		-1.153125
5576		-1.346875
5577		-1.890625
5578		-1.625000
5579		-1.759375
5580		-1.878125
5581		-1.743750
5582		-1.890625
5583		-2.100000
5584		-2.068750
5585		-1.950000
5586		-1.656250
5587		-1.406250
5588		-1.021875
5589		-1.287500
5590		-1.243750
5591		-0.946875
5592		-1.065625
5593		-1.300000
5594		-1.287500
5595		-1.021875
5596		-0.696875
5597		-0.621875
5598		-0.593750
5599		-0.237500
5600		-0.209375
5601		-0.281250
5602		-0.325000
5603		-0.812500
5604		-0.487500
5605		-0.400000
5606		-0.253125
5607		-0.784375
5608		-0.843750
5609		-0.637500
5610		-0.593750
5611		-0.371875
5612		-0.281250
5613		-0.503125
5614		-0.400000
5615		-0.221875
5616		-0.162500
5617		-0.150000
5618		0.087500
5619		0.265625
5620		0.440625
5621		0.959375
5622		1.106250
5623		0.693750
5624		0.678125
5625		1.240625
5626		1.225000
5627		1.181250
5628		1.371875
5629		0.825000
5630		0.971875
5631		0.737500
5632		0.678125
5633		0.234375
5634		0.071875
5635		-0.150000
5636		-0.518750
5637		-0.784375
5638		-0.696875
5639		-0.621875
5640		-0.578125
5641		-0.887500
5642		-1.390625
5643		-1.834375
5644		-1.818750
5645		-1.406250
5646		-1.168750
5647		-1.212500
5648		-1.671875
5649		-2.321875
5650		-3.250000
5651		-3.471875
5652		-2.600000
5653		-1.537500
5654		0.543750
5655		2.656250
5656		3.971875
5657		4.665625
5658		5.093750
5659		5.700000
5660		6.940625
5661		7.943750
5662		8.684375
5663		8.268750
5664		7.471875
5665		5.625000
5666		4.000000
5667		2.184375
5668		1.078125
5669		-0.253125
5670		-1.521875
5671		-2.631250
5672		-3.531250
5673		-4.537500
5674		-4.831250
5675		-4.418750
5676		-3.087500
5677		-1.478125
5678		0.531250
5679		2.362500
5680		4.475000
5681		6.143750
5682		6.912500
5683		7.015625
5684		6.246875
5685		5.034375
5686		3.440625
5687		1.253125
5688		-0.975000
5689		-2.615625
5690		-4.431250
5691		-4.950000
5692		-5.437500
5693		-5.231250
5694		-4.462500
5695		-3.134375
5696		-1.034375
5697		1.003125
5698		3.025000
5699		4.325000
5700		5.493750
5701		6.143750
5702		6.156250
5703		5.109375
5704		4.681250
5705		3.618750
5706		2.968750
5707		1.518750
5708		0.428125
5709		-1.656250
5710		-2.881250
5711		-3.118750
5712		-3.693750
5713		-3.178125
5714		-2.703125
5715		-1.243750
5716		1.062500
5717		2.818750
5718		4.990625
5719		6.171875
5720		6.171875
5721		5.818750
5722		4.887500
5723		3.618750
5724		1.696875
5725		-0.209375
5726		-2.334375
5727		-4.240625
5728		-5.243750
5729		-5.096875
5730		-4.771875
5731		-3.990625
5732		-2.793750
5733		-1.184375
5734		-0.059375
5735		1.193750
5736		2.525000
5737		2.878125
5738		2.746875
5739		2.596875
5740		1.918750
5741		1.518750
5742		0.559375
5743		-0.696875
5744		-2.246875
5745		-3.178125
5746		-3.531250
5747		-3.575000
5748		-3.487500
5749		-3.103125
5750		-2.334375
5751		-1.671875
5752		0.381250
5753		1.550000
5754		1.831250
5755		2.259375
5756		2.656250
5757		2.968750
5758		3.025000
5759		2.862500
5760		1.934375
5761		0.915625
5762		-0.031250
5763		-1.256250
5764		-1.996875
5765		-2.540625
5766		-2.275000
5767		-1.878125
5768		-1.509375
5769		-0.415625
5770		-0.015625
5771		0.900000
5772		2.318750
5773		2.656250
5774		3.025000
5775		2.406250
5776		1.934375
5777		0.915625
5778		0.087500
5779		-0.546875
5780		-1.493750
5781		-1.287500
5782		-1.359375
5783		-1.521875
5784		-1.775000
5785		-1.450000
5786		-0.903125
5787		0.103125
5788		0.943750
5789		1.668750
5790		2.228125
5791		2.434375
5792		2.921875
5793		3.056250
5794		3.218750
5795		2.212500
5796		1.637500
5797		1.209375
5798		0.440625
5799		-0.134375
5800		-0.665625
5801		-0.621875
5802		-0.237500
5803		0.043750
5804		0.412500
5805		-0.134375
5806		0.396875
5807		0.971875
5808		1.356250
5809		1.918750
5810		2.200000
5811		2.259375
5812		2.806250
5813		2.450000
5814		1.918750
5815		0.971875
5816		0.959375
5817		0.559375
5818		0.559375
5819		0.693750
5820		-0.106250
5821		0.071875
5822		0.590625
5823		1.387500
5824		1.728125
5825		1.681250
5826		1.890625
5827		2.081250
5828		1.978125
5829		1.831250
5830		1.415625
5831		1.475000
5832		0.900000
5833		0.737500
5834		0.753125
5835		0.159375
5836		0.087500
5837		-0.106250
5838		-0.281250
5839		-0.106250
5840		-0.134375
5841		-0.221875
5842		-0.253125
5843		-0.106250
5844		0.146875
5845		-0.371875
5846		-0.015625
5847		0.071875
5848		0.293750
5849		0.218750
5850		0.206250
5851		0.206250
5852		-0.281250
5853		0.087500
5854		0.440625
5855		-0.015625
5856		-0.106250
5857		-0.059375
5858		-0.059375
5859		-0.031250
5860		0.309375
5861		0.278125
5862		0.412500
5863		0.678125
5864		0.321875
5865		0.028125
5866		-0.193750
5867		-0.209375
5868		-0.312500
5869		-0.221875
5870		-0.237500
5871		-0.400000
5872		-0.221875
5873		0.368750
5874		0.531250
5875		0.590625
5876		0.825000
5877		1.446875
5878		1.962500
5879		2.656250
5880		3.143750
5881		3.115625
5882		2.731250
5883		2.806250
5884		2.671875
5885		2.434375
5886		2.259375
5887		2.228125
5888		2.156250
5889		2.065625
5890		2.362500
5891		2.168750
5892		1.843750
5893		2.271875
5894		1.978125
5895		1.831250
5896		1.934375
5897		2.212500
5898		2.628125
5899		2.759375
5900		3.071875
5901		3.234375
5902		3.837500
5903		4.000000
5904		3.765625
5905		3.956250
5906		3.115625
5907		3.440625
5908		3.571875
5909		3.956250
5910		3.868750
5911		3.246875
5912		3.440625
5913		3.381250
5914		3.765625
5915		3.956250
5916		3.293750
5917		2.553125
5918		2.759375
5919		2.953125
5920		3.071875
5921		2.731250
5922		2.850000
5923		2.731250
5924		2.818750
5925		2.656250
5926		1.946875
5927		2.259375
5928		1.946875
5929		2.687500
5930		2.687500
5931		2.243750
5932		2.481250
5933		2.628125
5934		2.596875
5935		2.184375
5936		1.240625
5937		1.593750
5938		1.859375
5939		2.168750
5940		2.406250
5941		2.331250
5942		2.553125
5943		2.509375
5944		3.262500
5945		3.618750
5946		3.559375
5947		3.100000
5948		2.996875
5949		3.100000
5950		3.218750
5951		3.587500
5952		3.100000
5953		2.806250
5954		2.303125
5955		1.903125
5956		1.565625
5957		1.668750
5958		1.343750
5959		1.446875
5960		1.090625
5961		0.781250
5962		0.706250
5963		1.193750
5964		1.815625
5965		1.843750
5966		1.993750
5967		1.859375
5968		2.390625
5969		2.700000
5970		2.596875
5971		2.140625
5972		1.637500
5973		1.475000
5974		1.431250
5975		1.621875
5976		0.868750
5977		0.337500
5978		-0.593750
5979		-1.034375
5980		-1.212500
5981		-1.906250
5982		-1.834375
5983		-1.996875
5984		-1.684375
5985		-1.406250
5986		-1.625000
5987		-1.331250
5988		-1.093750
5989		-0.106250
5990		0.706250
5991		2.259375
5992		3.012500
5993		3.662500
5994		4.103125
5995		3.512500
5996		2.862500
5997		2.081250
5998		1.343750
5999		1.062500
6000		0.575000
6001		0.000000
6002		-0.843750
6003		-1.390625
6004		-1.256250
6005		-0.800000
6006		-0.475000
6007		0.484375
6008		1.312500
6009		2.006250
6010		3.040625
6011		3.618750
6012		3.809375
6013		4.296875
6014		4.046875
6015		4.031250
6016		3.187500
6017		1.962500
6018		1.031250
6019		0.206250
6020		-0.118750
6021		-0.990625
6022		-2.159375
6023		-2.865625
6024		-2.809375
6025		-2.128125
6026		-1.287500
6027		-0.443750
6028		0.531250
6029		1.696875
6030		2.259375
6031		3.350000
6032		3.159375
6033		3.337500
6034		3.175000
6035		2.628125
6036		1.343750
6037		0.265625
6038		-0.887500
6039		-1.418750
6040		-1.759375
6041		-2.203125
6042		-1.862500
6043		-1.950000
6044		-1.537500
6045		-0.812500
6046		0.321875
6047		0.959375
6048		1.756250
6049		2.450000
6050		3.084375
6051		3.100000
6052		3.468750
6053		3.143750
6054		2.584375
6055		2.021875
6056		1.209375
6057		0.250000
6058		-0.800000
6059		-1.315625
6060		-1.256250
6061		-1.462500
6062		-0.990625
6063		-0.621875
6064		-0.415625
6065		0.146875
6066		0.928125
6067		1.312500
6068		1.653125
6069		2.465625
6070		2.584375
6071		2.228125
6072		1.771875
6073		1.078125
6074		0.087500
6075		-0.356250
6076		-0.371875
6077		-1.212500
6078		-1.462500
6079		-1.553125
6080		-1.462500
6081		-1.450000
6082		-0.918750
6083		-0.725000
6084		-0.178125
6085		0.543750
6086		0.515625
6087		0.618750
6088		0.634375
6089		-0.015625
6090		-0.150000
6091		-0.475000
6092		-0.578125
6093		-1.093750
6094		-1.434375
6095		-1.406250
6096		-1.921875
6097		-2.587500
6098		-2.615625
6099		-2.571875
6100		-1.168750
6101		-1.906250
6102		-1.715625
6103		-1.406250
6104		-1.065625
6105		-0.843750
6106		-1.093750
6107		-1.153125
6108		-1.581250
6109		-1.256250
6110		-1.359375
6111		-1.462500
6112		-1.671875
6113		-2.025000
6114		-2.187500
6115		-2.290625
6116		-1.921875
6117		-1.803125
6118		-1.878125
6119		-1.581250
6120		-1.834375
6121		-1.950000
6122		-1.803125
6123		-2.100000
6124		-2.437500
6125		-2.484375
6126		-2.718750
6127		-3.281250
6128		-3.103125
6129		-2.809375
6130		-2.865625
6131		-2.734375
6132		-2.275000
6133		-2.215625
6134		-2.215625
6135		-1.359375
6136		-1.109375
6137		-1.021875
6138		-0.296875
6139		-0.400000
6140		-0.312500
6141		-0.415625
6142		-0.518750
6143		-1.021875
6144		-1.212500
6145		-1.346875
6146		-1.937500
6147		-2.215625
6148		-2.437500
6149		-2.659375
6150		-2.425000
6151		-2.246875
6152		-1.656250
6153		-1.243750
6154		-1.331250
6155		-1.109375
6156		-0.681250
6157		-0.503125
6158		-0.325000
6159		-0.975000
6160		-1.168750
6161		-1.375000
6162		-1.996875
6163		-1.906250
6164		-2.587500
6165		-2.984375
6166		-3.737500
6167		-3.887500
6168		-4.978125
6169		-4.978125
6170		-4.609375
6171		-4.668750
6172		-4.418750
6173		-3.781250
6174		-3.400000
6175		-2.334375
6176		-1.509375
6177		-1.109375
6178		-1.050000
6179		-0.800000
6180		-0.487500
6181		-0.843750
6182		-0.740625
6183		-1.196875
6184		-1.581250
6185		-1.775000
6186		-1.846875
6187		-1.862500
6188		-2.750000
6189		-3.059375
6190		-2.896875
6191		-2.468750
6192		-2.587500
6193		-2.100000
6194		-2.100000
6195		-2.159375
6196		-2.100000
6197		-1.981250
6198		-1.787500
6199		-1.731250
6200		-1.315625
6201		-1.256250
6202		-1.256250
6203		-0.887500
6204		-0.990625
6205		-1.093750
6206		-1.256250
6207		-1.196875
6208		-1.537500
6209		-1.450000
6210		-1.184375
6211		-1.212500
6212		-1.346875
6213		-1.568750
6214		-1.775000
6215		-1.715625
6216		-1.640625
6217		-2.068750
6218		-2.528125
6219		-2.793750
6220		-2.734375
6221		-2.778125
6222		-2.718750
6223		-2.409375
6224		-2.453125
6225		-2.128125
6226		-1.553125
6227		-1.818750
6228		-1.656250
6229		-1.890625
6230		-2.100000
6231		-2.040625
6232		-1.818750
6233		-1.434375
6234		-1.656250
6235		-2.143750
6236		-2.215625
6237		-2.437500
6238		-2.675000
6239		-2.809375
6240		-2.793750
6241		-2.556250
6242		-2.246875
6243		-2.084375
6244		-1.803125
6245		-1.906250
6246		-1.787500
6247		-1.803125
6248		-1.715625
6249		-1.834375
6250		-1.921875
6251		-2.128125
6252		-1.921875
6253		-1.553125
6254		-1.759375
6255		-2.393750
6256		-2.350000
6257		-2.262500
6258		-2.703125
6259		-3.087500
6260		-3.146875
6261		-3.309375
6262		-2.690625
6263		-2.600000
6264		-2.615625
6265		-2.615625
6266		-2.393750
6267		-2.100000
6268		-1.996875
6269		-2.378125
6270		-2.275000
6271		-2.468750
6272		-2.231250
6273		-1.731250
6274		-2.128125
6275		-2.053125
6276		-1.759375
6277		-1.568750
6278		-1.981250
6279		-1.921875
6280		-2.068750
6281		-2.496875
6282		-2.540625
6283		-2.053125
6284		-2.171875
6285		-2.215625
6286		-2.290625
6287		-2.321875
6288		-2.040625
6289		-2.203125
6290		-2.718750
6291		-2.437500
6292		-2.675000
6293		-2.262500
6294		-1.775000
6295		-1.581250
6296		-1.656250
6297		-1.700000
6298		-1.287500
6299		-1.462500
6300		-1.553125
6301		-1.434375
6302		-1.212500
6303		-0.903125
6304		-0.725000
6305		-0.887500
6306		-1.125000
6307		-0.650000
6308		-0.562500
6309		-1.212500
6310		-1.359375
6311		-2.040625
6312		-1.950000
6313		-1.450000
6314		-1.434375
6315		-1.862500
6316		-2.306250
6317		-2.837500
6318		-2.484375
6319		-2.734375
6320		-2.587500
6321		-3.000000
6322		-3.665625
6323		-3.487500
6324		-3.840625
6325		-3.412500
6326		-3.325000
6327		-3.503125
6328		-3.353125
6329		-4.062500
6330		-4.978125
6331		-5.762500
6332		-5.968750
6333		-4.787500
6334		-2.615625
6335		-0.518750
6336		1.106250
6337		2.168750
6338		3.040625
6339		3.143750
6340		3.940625
6341		4.800000
6342		5.656250
6343		6.262500
6344		5.937500
6345		4.681250
6346		2.818750
6347		0.959375
6348		-0.312500
6349		-2.334375
6350		-3.828125
6351		-5.318750
6352		-6.484375
6353		-7.343750
6354		-7.209375
6355		-7.518750
6356		-6.662500
6357		-5.556250
6358		-3.590625
6359		-1.906250
6360		-0.059375
6361		1.843750
6362		2.968750
6363		3.940625
6364		4.265625
6365		3.203125
6366		1.993750
6367		-0.134375
6368		-2.540625
6369		-4.875000
6370		-6.603125
6371		-8.125000
6372		-9.293750
6373		-9.040625
6374		-8.228125
6375		-7.181250
6376		-5.671875
6377		-3.428125
6378		-1.184375
6379		0.278125
6380		2.096875
6381		2.596875
6382		3.040625
6383		3.040625
6384		2.790625
6385		2.081250
6386		1.181250
6387		-0.015625
6388		-1.581250
6389		-2.940625
6390		-4.212500
6391		-5.821875
6392		-6.500000
6393		-6.543750
6394		-5.615625
6395		-4.431250
6396		-3.015625
6397		-1.375000
6398		0.971875
6399		2.628125
6400		3.484375
6401		3.025000
6402		2.775000
6403		1.653125
6404		0.265625
6405		-1.228125
6406		-3.221875
6407		-5.925000
6408		-7.296875
6409		-7.740625
6410		-7.843750
6411		-7.284375
6412		-6.971875
6413		-5.762500
6414		-3.840625
6415		-1.921875
6416		-0.918750
6417		-0.340625
6418		0.234375
6419		0.500000
6420		-0.356250
6421		-0.784375
6422		-1.759375
6423		-2.615625
6424		-3.146875
6425		-4.240625
6426		-4.593750
6427		-5.081250
6428		-5.540625
6429		-5.128125
6430		-4.890625
6431		-4.196875
6432		-3.103125
6433		-1.862500
6434		-0.237500
6435		0.265625
6436		0.693750
6437		0.809375
6438		1.078125
6439		0.928125
6440		0.693750
6441		-0.253125
6442		-1.996875
6443		-2.690625
6444		-3.221875
6445		-3.650000
6446		-3.796875
6447		-4.268750
6448		-4.018750
6449		-3.118750
6450		-2.734375
6451		-1.700000
6452		-0.946875
6453		-0.059375
6454		0.856250
6455		1.003125
6456		0.943750
6457		0.396875
6458		-0.725000
6459		-1.184375
6460		-2.496875
6461		-2.246875
6462		-3.103125
6463		-3.309375
6464		-3.162500
6465		-2.912500
6466		-2.171875
6467		-1.921875
6468		-1.125000
6469		-0.665625
6470		0.012500
6471		0.218750
6472		0.337500
6473		0.412500
6474		0.662500
6475		1.121875
6476		0.753125
6477		-0.031250
6478		-1.212500
6479		-1.228125
6480		-1.937500
6481		-1.775000
6482		-2.009375
6483		-1.937500
6484		-1.612500
6485		-1.256250
6486		-0.887500
6487		-1.021875
6488		-0.725000
6489		-0.237500
6490		-0.031250
6491		0.634375
6492		0.662500
6493		0.634375
6494		0.603125
6495		0.603125
6496		0.353125
6497		-0.443750
6498		-0.843750
6499		-0.784375
6500		-1.065625
6501		-0.918750
6502		-0.871875
6503		-1.478125
6504		-0.221875
6505		0.115625
6506		0.515625
6507		0.515625
6508		0.353125
6509		-0.221875
6510		0.087500
6511		-0.031250
6512		-0.134375
6513		-0.475000
6514		-0.415625
6515		-0.621875
6516		-0.518750
6517		-0.593750
6518		-0.725000
6519		-0.887500
6520		-0.887500
6521		-1.300000
6522		-1.287500
6523		-1.434375
6524		-1.462500
6525		-1.287500
6526		-1.034375
6527		-0.843750
6528		-0.812500
6529		-0.637500
6530		-0.431250
6531		-0.681250
6532		-0.756250
6533		-0.871875
6534		-0.650000
6535		-0.431250
6536		-0.118750
6537		-0.106250
6538		-0.443750
6539		-0.650000
6540		-0.459375
6541		-0.503125
6542		-0.296875
6543		-0.325000
6544		-0.546875
6545		-0.562500
6546		-0.325000
6547		-0.578125
6548		-0.871875
6549		-0.918750
6550		-0.946875
6551		-0.812500
6552		-0.503125
6553		-0.237500
6554		0.000000
6555		0.175000
6556		0.531250
6557		1.090625
6558		1.475000
6559		1.934375
6560		2.156250
6561		2.318750
6562		2.421875
6563		2.168750
6564		2.050000
6565		1.859375
6566		2.109375
6567		2.212500
6568		1.934375
6569		1.993750
6570		1.890625
6571		1.859375
6572		1.934375
6573		1.459375
6574		1.506250
6575		1.150000
6576		1.784375
6577		1.740625
6578		2.037500
6579		2.259375
6580		2.481250
6581		2.628125
6582		3.246875
6583		3.115625
6584		3.337500
6585		3.246875
6586		3.662500
6587		3.646875
6588		3.468750
6589		3.750000
6590		3.912500
6591		3.528125
6592		3.159375
6593		2.909375
6594		2.953125
6595		3.409375
6596		3.618750
6597		3.396875
6598		2.700000
6599		2.671875
6600		2.553125
6601		2.493750
6602		2.628125
6603		2.746875
6604		2.421875
6605		2.362500
6606		2.968750
6607		2.893750
6608		2.953125
6609		2.759375
6610		2.568750
6611		2.509375
6612		2.746875
6613		2.746875
6614		2.537500
6615		2.228125
6616		2.140625
6617		1.934375
6618		2.081250
6619		2.303125
6620		2.643750
6621		2.553125
6622		2.937500
6623		2.806250
6624		3.025000
6625		3.618750
6626		4.281250
6627		4.059375
6628		3.928125
6629		3.512500
6630		3.587500
6631		3.884375
6632		4.031250
6633		3.543750
6634		2.850000
6635		2.184375
6636		2.243750
6637		2.212500
6638		2.375000
6639		2.125000
6640		1.843750
6641		1.446875
6642		1.240625
6643		1.459375
6644		1.771875
6645		1.859375
6646		2.481250
6647		2.746875
6648		3.159375
6649		3.350000
6650		3.468750
6651		2.921875
6652		2.509375
6653		2.421875
6654		2.228125
6655		1.843750
6656		1.728125
6657		1.993750
6658		1.031250
6659		0.412500
6660		-0.150000
6661		-0.931250
6662		-1.196875
6663		-1.196875
6664		-1.331250
6665		-0.709375
6666		-0.150000
6667		0.028125
6668		0.190625
6669		0.515625
6670		1.415625
6671		2.818750
6672		3.956250
6673		4.812500
6674		4.915625
6675		4.812500
6676		4.265625
6677		3.896875
6678		3.396875
6679		2.806250
6680		2.140625
6681		1.459375
6682		0.484375
6683		0.206250
6684		0.115625
6685		0.131250
6686		0.662500
6687		1.843750
6688		2.643750
6689		3.618750
6690		4.150000
6691		4.503125
6692		5.168750
6693		5.375000
6694		6.053125
6695		5.478125
6696		4.740625
6697		4.253125
6698		3.409375
6699		2.628125
6700		1.903125
6701		1.078125
6702		0.115625
6703		-0.975000
6704		-1.331250
6705		-1.271875
6706		-0.637500
6707		1.031250
6708		2.168750
6709		3.262500
6710		3.940625
6711		4.650000
6712		5.403125
6713		5.359375
6714		5.315625
6715		4.518750
6716		3.603125
6717		2.818750
6718		2.065625
6719		1.134375
6720		0.500000
6721		0.381250
6722		-0.075000
6723		-0.162500
6724		0.515625
6725		0.856250
6726		1.696875
6727		2.818750
6728		3.837500
6729		4.487500
6730		5.315625
6731		5.509375
6732		5.359375
6733		5.168750
6734		4.665625
6735		4.150000
6736		3.912500
6737		2.862500
6738		2.156250
6739		1.296875
6740		0.825000
6741		0.706250
6742		0.559375
6743		1.253125
6744		1.387500
6745		1.621875
6746		2.271875
6747		3.012500
6748		3.706250
6749		4.325000
6750		4.340625
6751		4.356250
6752		3.500000
6753		3.115625
6754		2.184375
6755		1.343750
6756		0.900000
6757		0.428125
6758		0.456250
6759		0.337500
6760		-0.253125
6761		0.071875
6762		0.175000
6763		0.900000
6764		1.046875
6765		1.134375
6766		1.506250
6767		2.065625
6768		2.406250
6769		2.375000
6770		1.903125
6771		1.046875
6772		1.062500
6773		0.440625
6774		0.531250
6775		0.028125
6776		-0.546875
6777		-0.990625
6778		-0.665625
6779		-0.221875
6780		-0.281250
6781		-0.134375
6782		0.071875
6783		0.309375
6784		0.915625
6785		0.928125
6786		1.165625
6787		0.840625
6788		1.253125
6789		1.193750
6790		1.046875
6791		0.900000
6792		0.603125
6793		0.146875
6794		-0.075000
6795		-0.221875
6796		-0.356250
6797		0.146875
6798		0.337500
6799		0.337500
6800		0.293750
6801		-0.325000
6802		-0.281250
6803		-0.459375
6804		-0.209375
6805		-0.709375
6806		-0.962500
6807		-1.109375
6808		-0.503125
6809		-0.503125
6810		-0.296875
6811		-0.356250
6812		-0.193750
6813		-0.118750
6814		0.381250
6815		0.840625
6816		0.900000
6817		1.181250
6818		2.037500
6819		2.303125
6820		2.318750
6821		2.006250
6822		1.668750
6823		1.565625
6824		1.121875
6825		0.809375
6826		0.250000
6827		0.146875
6828		0.234375
6829		0.440625
6830		0.531250
6831		0.484375
6832		0.693750
6833		1.003125
6834		1.121875
6835		1.296875
6836		1.240625
6837		1.312500
6838		1.728125
6839		1.890625
6840		1.475000
6841		0.959375
6842		0.353125
6843		-0.312500
6844		-0.150000
6845		-0.578125
6846		-0.918750
6847		-1.553125
6848		-1.493750
6849		-1.462500
6850		-1.406250
6851		-1.196875
6852		-1.109375
6853		-0.859375
6854		-0.281250
6855		0.440625
6856		0.662500
6857		1.875000
6858		2.553125
6859		3.159375
6860		2.909375
6861		2.656250
6862		2.243750
6863		1.784375
6864		2.050000
6865		1.696875
6866		1.284375
6867		1.446875
6868		1.565625
6869		1.106250
6870		0.900000
6871		1.046875
6872		1.090625
6873		1.268750
6874		0.971875
6875		1.090625
6876		0.928125
6877		0.706250
6878		0.928125
6879		1.637500
6880		1.771875
6881		2.006250
6882		1.918750
6883		2.140625
6884		2.081250
6885		1.934375
6886		1.993750
6887		1.843750
6888		1.593750
6889		1.831250
6890		2.303125
6891		2.450000
6892		1.253125
6893		1.193750
6894		0.840625
6895		0.706250
6896		0.484375
6897		0.234375
6898		-0.015625
6899		0.190625
6900		0.484375
6901		0.515625
6902		0.321875
6903		0.381250
6904		0.531250
6905		1.150000
6906		1.062500
6907		1.031250
6908		1.296875
6909		2.096875
6910		1.490625
6911		1.387500
6912		1.031250
6913		0.856250
6914		1.046875
6915		0.959375
6916		0.693750
6917		0.456250
6918		0.309375
6919		0.428125
6920		0.662500
6921		0.484375
6922		0.056250
6923		0.087500
6924		0.662500
6925		0.706250
6926		0.721875
6927		0.278125
6928		0.368750
6929		0.218750
6930		0.928125
6931		0.559375
6932		0.515625
6933		0.353125
6934		0.000000
6935		0.012500
6936		-0.221875
6937		-0.431250
6938		-0.843750
6939		-0.503125
6940		-0.268750
6941		-0.237500
6942		-0.709375
6943		-0.681250
6944		-0.725000
6945		-0.431250
6946		-0.593750
6947		-0.768750
6948		-0.503125
6949		-0.253125
6950		0.115625
6951		-0.090625
6952		-0.340625
6953		-0.400000
6954		-0.709375
6955		-0.371875
6956		-0.487500
6957		-0.740625
6958		-0.253125
6959		-0.134375
6960		0.115625
6961		-0.134375
6962		-0.325000
6963		-0.903125
6964		-0.962500
6965		-0.400000
6966		-0.325000
6967		-0.356250
6968		-0.431250
6969		-0.503125
6970		-0.162500
6971		-0.268750
6972		-0.106250
6973		-0.503125
6974		-0.459375
6975		0.043750
6976		0.115625
6977		0.250000
6978		0.043750
6979		0.590625
6980		0.484375
6981		0.603125
6982		1.225000
6983		0.840625
6984		0.856250
6985		0.721875
6986		0.856250
6987		1.121875
6988		0.678125
6989		0.753125
6990		0.987500
6991		0.412500
6992		0.396875
6993		-0.178125
6994		-0.518750
6995		-0.150000
6996		-0.665625
6997		-1.065625
6998		-1.596875
6999		-1.612500
7000		-0.800000
7001		-0.887500
7002		-1.434375
7003		-1.996875
7004		-1.965625
7005		-2.068750
7006		-1.846875
7007		-1.640625
7008		-2.215625
7009		-2.437500
7010		-2.881250
7011		-3.487500
7012		-3.915625
7013		-3.353125
7014		-1.731250
7015		0.396875
7016		2.303125
7017		3.175000
7018		3.912500
7019		4.503125
7020		5.478125
7021		6.100000
7022		7.131250
7023		7.590625
7024		7.471875
7025		5.981250
7026		4.590625
7027		2.850000
7028		0.706250
7029		-0.768750
7030		-2.009375
7031		-3.250000
7032		-4.831250
7033		-6.012500
7034		-6.781250
7035		-6.928125
7036		-6.265625
7037		-5.525000
7038		-3.915625
7039		-1.846875
7040		0.368750
7041		2.271875
7042		4.103125
7043		4.696875
7044		4.990625
7045		4.178125
7046		3.071875
7047		1.209375
7048		-1.287500
7049		-3.265625
7050		-5.437500
7051		-6.971875
7052		-8.021875
7053		-8.390625
7054		-7.843750
7055		-6.900000
7056		-5.437500
7057		-3.384375
7058		-1.553125
7059		0.456250
7060		2.303125
7061		3.662500
7062		4.059375
7063		4.253125
7064		3.825000
7065		2.893750
7066		1.815625
7067		0.868750
7068		-0.650000
7069		-2.321875
7070		-3.621875
7071		-4.712500
7072		-5.615625
7073		-5.615625
7074		-5.421875
7075		-4.712500
7076		-3.412500
7077		-1.478125
7078		0.484375
7079		2.525000
7080		3.971875
7081		4.443750
7082		4.118750
7083		3.040625
7084		1.578125
7085		-0.400000
7086		-2.393750
7087		-4.375000
7088		-6.500000
7089		-7.593750
7090		-7.371875
7091		-6.856250
7092		-6.278125
7093		-5.187500
7094		-3.753125
7095		-2.496875
7096		-0.859375
7097		0.234375
7098		0.662500
7099		0.265625
7100		0.250000
7101		-0.059375
7102		-0.962500
7103		-1.862500
7104		-3.028125
7105		-4.018750
7106		-4.756250
7107		-5.362500
7108		-5.643750
7109		-5.643750
7110		-4.978125
7111		-4.093750
7112		-3.281250
7113		-1.625000
7114		-0.578125
7115		0.412500
7116		0.559375
7117		1.106250
7118		0.884375
7119		0.959375
7120		0.693750
7121		0.250000
7122		-0.756250
7123		-2.378125
7124		-3.250000
7125		-4.018750
7126		-4.668750
7127		-4.756250
7128		-4.375000
7129		-3.975000
7130		-2.881250
7131		-1.906250
7132		-0.887500
7133		-0.046875
7134		0.618750
7135		0.753125
7136		0.381250
7137		-0.134375
7138		-0.756250
7139		-1.996875
7140		-2.246875
7141		-2.631250
7142		-2.971875
7143		-3.075000
7144		-3.590625
7145		-3.562500
7146		-3.412500
7147		-2.437500
7148		-1.921875
7149		-1.109375
7150		-0.475000
7151		-0.059375
7152		0.531250
7153		0.603125
7154		0.915625
7155		0.662500
7156		0.146875
7157		-0.106250
7158		-1.093750
7159		-1.878125
7160		-2.453125
7161		-2.615625
7162		-2.453125
7163		-2.646875
7164		-2.275000
7165		-2.393750
7166		-2.128125
7167		-1.921875
7168		-1.656250
7169		-1.271875
7170		-0.871875
7171		-0.356250
7172		0.012500
7173		0.159375
7174		0.087500
7175		-0.443750
7176		-1.243750
7177		-1.331250
7178		-1.878125
7179		-2.215625
7180		-2.321875
7181		-2.290625
7182		-2.100000
7183		-2.009375
7184		-1.640625
7185		-0.918750
7186		-0.962500
7187		-1.006250
7188		-1.034375
7189		-1.228125
7190		-1.184375
7191		-1.006250
7192		-1.050000
7193		-1.153125
7194		-1.434375
7195		-2.128125
7196		-2.203125
7197		-2.437500
7198		-2.365625
7199		-2.528125
7200		-2.659375
7201		-2.425000
7202		-2.496875
7203		-2.703125
7204		-2.793750
7205		-2.940625
7206		-2.912500
7207		-2.925000
7208		-2.600000
7209		-2.512500
7210		-2.203125
7211		-2.143750
7212		-2.143750
7213		-2.231250
7214		-2.334375
7215		-2.496875
7216		-2.615625
7217		-2.231250
7218		-2.246875
7219		-2.496875
7220		-2.425000
7221		-2.484375
7222		-2.053125
7223		-1.937500
7224		-2.215625
7225		-2.540625
7226		-3.028125
7227		-2.718750
7228		-2.793750
7229		-2.659375
7230		-2.853125
7231		-2.762500
7232		-3.221875
7233		-2.512500
7234		-2.203125
7235		-1.950000
7236		-0.962500
7237		-1.109375
7238		-0.696875
7239		-0.162500
7240		0.087500
7241		0.071875
7242		0.440625
7243		0.753125
7244		0.840625
7245		0.753125
7246		0.543750
7247		0.087500
7248		0.234375
7249		0.456250
7250		0.396875
7251		0.368750
7252		0.115625
7253		0.428125
7254		0.265625
7255		-0.193750
7256		-0.325000
7257		-0.312500
7258		0.293750
7259		0.737500
7260		0.971875
7261		0.959375
7262		1.668750
7263		1.962500
7264		2.156250
7265		1.890625
7266		1.740625
7267		1.284375
7268		1.653125
7269		2.125000
7270		2.271875
7271		1.815625
7272		1.728125
7273		1.475000
7274		1.653125
7275		1.771875
7276		1.771875
7277		1.134375
7278		1.403125
7279		0.840625
7280		0.840625
7281		0.693750
7282		1.121875
7283		1.253125
7284		0.678125
7285		1.078125
7286		0.856250
7287		0.440625
7288		1.031250
7289		0.900000
7290		0.856250
7291		0.559375
7292		0.321875
7293		0.634375
7294		0.825000
7295		0.531250
7296		0.159375
7297		-0.371875
7298		-0.431250
7299		-0.031250
7300		0.043750
7301		0.309375
7302		0.412500
7303		0.900000
7304		1.181250
7305		1.415625
7306		1.815625
7307		1.946875
7308		1.506250
7309		1.696875
7310		1.296875
7311		1.225000
7312		1.490625
7313		1.771875
7314		1.459375
7315		0.559375
7316		-0.253125
7317		-0.031250
7318		-0.443750
7319		-0.487500
7320		-0.503125
7321		-0.975000
7322		-0.812500
7323		-0.843750
7324		-0.221875
7325		0.043750
7326		0.000000
7327		-0.162500
7328		0.412500
7329		1.018750
7330		1.240625
7331		0.706250
7332		0.559375
7333		0.278125
7334		0.071875
7335		-0.075000
7336		-0.281250
7337		-0.931250
7338		-1.125000
7339		-1.803125
7340		-2.409375
7341		-3.087500
7342		-3.678125
7343		-3.753125
7344		-3.459375
7345		-3.206250
7346		-2.940625
7347		-3.146875
7348		-2.762500
7349		-2.290625
7350		-1.731250
7351		-0.800000
7352		0.500000
7353		1.343750
7354		2.156250
7355		2.168750
7356		2.065625
7357		1.193750
7358		0.412500
7359		-0.221875
7360		-0.800000
7361		-1.509375
7362		-2.571875
7363		-2.778125
7364		-3.087500
7365		-3.015625
7366		-2.468750
7367		-1.921875
7368		-1.640625
7369		0.146875
7370		0.381250
7371		1.031250
7372		1.490625
7373		2.140625
7374		2.862500
7375		2.656250
7376		2.259375
7377		1.225000
7378		0.250000
7379		0.000000
7380		-0.975000
7381		-1.406250
7382		-2.646875
7383		-3.471875
7384		-3.678125
7385		-4.343750
7386		-3.693750
7387		-2.718750
7388		-1.937500
7389		-0.371875
7390		0.943750
7391		1.593750
7392		1.946875
7393		2.553125
7394		2.259375
7395		2.331250
7396		1.637500
7397		0.159375
7398		-0.843750
7399		-1.625000
7400		-2.306250
7401		-2.734375
7402		-3.650000
7403		-3.206250
7404		-3.237500
7405		-2.365625
7406		-1.596875
7407		-1.184375
7408		-0.400000
7409		0.662500
7410		1.518750
7411		2.065625
7412		1.459375
7413		1.918750
7414		1.593750
7415		1.534375
7416		1.193750
7417		0.103125
7418		-1.034375
7419		-1.890625
7420		-2.425000
7421		-2.540625
7422		-2.940625
7423		-2.025000
7424		-1.656250
7425		-0.812500
7426		-0.075000
7427		0.678125
7428		0.484375
7429		0.959375
7430		1.609375
7431		1.771875
7432		1.106250
7433		0.559375
7434		-0.209375
7435		-0.503125
7436		-0.975000
7437		-1.684375
7438		-2.143750
7439		-2.734375
7440		-2.306250
7441		-2.321875
7442		-2.246875
7443		-1.731250
7444		-1.406250
7445		-0.887500
7446		-0.443750
7447		-0.015625
7448		0.056250
7449		0.159375
7450		0.028125
7451		-0.356250
7452		-0.356250
7453		-1.065625
7454		-1.271875
7455		-1.596875
7456		-2.053125
7457		-2.275000
7458		-2.881250
7459		-2.853125
7460		-2.246875
7461		-2.025000
7462		-1.996875
7463		-1.818750
7464		-1.243750
7465		-0.578125
7466		-0.268750
7467		-0.221875
7468		-0.784375
7469		-0.325000
7470		-0.681250
7471		-0.459375
7472		-1.021875
7473		-1.287500
7474		-1.846875
7475		-1.700000
7476		-1.625000
7477		-1.256250
7478		-1.656250
7479		-1.509375
7480		-1.375000
7481		-1.684375
7482		-1.862500
7483		-2.350000
7484		-1.906250
7485		-2.128125
7486		-1.965625
7487		-2.068750
7488		-2.453125
7489		-2.512500
7490		-2.865625
7491		-2.556250
7492		-2.321875
7493		-2.646875
7494		-2.100000
7495		-2.068750
7496		-1.184375
7497		-1.034375
7498		-0.740625
7499		-0.459375
7500		-0.075000
7501		0.159375
7502		0.293750
7503		-0.150000
7504		-0.221875
7505		-0.443750
7506		-0.325000
7507		-0.828125
7508		-1.625000
7509		-2.040625
7510		-1.834375
7511		-1.596875
7512		-1.093750
7513		-0.918750
7514		-0.546875
7515		-0.118750
7516		0.337500
7517		0.753125
7518		0.796875
7519		0.971875
7520		1.046875
7521		0.959375
7522		0.440625
7523		0.337500
7524		0.087500
7525		-0.503125
7526		-0.725000
7527		-1.168750
7528		-1.553125
7529		-2.540625
7530		-2.659375
7531		-2.646875
7532		-2.615625
7533		-2.468750
7534		-2.512500
7535		-2.143750
7536		-1.346875
7537		-0.768750
7538		0.218750
7539		0.440625
7540		0.868750
7541		1.165625
7542		1.046875
7543		1.134375
7544		1.003125
7545		1.490625
7546		1.621875
7547		1.784375
7548		1.859375
7549		1.328125
7550		0.603125
7551		0.884375
7552		1.078125
7553		1.193750
7554		0.959375
7555		0.928125
7556		0.618750
7557		0.278125
7558		0.381250
7559		0.368750
7560		0.278125
7561		0.928125
7562		1.193750
7563		1.296875
7564		1.003125
7565		1.978125
7566		1.946875
7567		1.815625
7568		1.784375
7569		1.403125
7570		1.578125
7571		1.875000
7572		1.740625
7573		1.565625
7574		0.753125
7575		0.693750
7576		0.603125
7577		-0.015625
7578		-0.059375
7579		-0.740625
7580		-0.637500
7581		-0.475000
7582		-0.253125
7583		-0.296875
7584		-0.281250
7585		0.293750
7586		0.381250
7587		1.046875
7588		0.971875
7589		0.884375
7590		0.590625
7591		0.737500
7592		0.337500
7593		0.368750
7594		0.781250
7595		0.900000
7596		0.471875
7597		0.706250
7598		0.218750
7599		0.353125
7600		0.071875
7601		-0.031250
7602		0.206250
7603		0.000000
7604		0.309375
7605		0.706250
7606		0.915625
7607		1.106250
7608		1.046875
7609		0.646875
7610		0.531250
7611		0.309375
7612		0.278125
7613		0.531250
7614		0.515625
7615		0.559375
7616		0.353125
7617		0.265625
7618		-0.193750
7619		-0.106250
7620		-0.443750
7621		-0.503125
7622		-0.371875
7623		-0.281250
7624		-0.150000
7625		-0.106250
7626		-0.193750
7627		0.056250
7628		0.028125
7629		-0.150000
7630		-0.150000
7631		-0.059375
7632		0.087500
7633		-0.193750
7634		0.293750
7635		0.440625
7636		0.515625
7637		0.646875
7638		0.678125
7639		0.884375
7640		0.721875
7641		0.781250
7642		0.603125
7643		0.234375
7644		0.234375
7645		0.381250
7646		0.368750
7647		0.531250
7648		0.456250
7649		0.381250
7650		0.071875
7651		-0.325000
7652		0.234375
7653		-0.075000
7654		-0.150000
7655		0.234375
7656		0.293750
7657		0.603125
7658		0.840625
7659		0.900000
7660		1.003125
7661		0.900000
7662		1.150000
7663		1.518750
7664		1.403125
7665		1.534375
7666		1.728125
7667		1.890625
7668		2.184375
7669		2.109375
7670		1.875000
7671		1.475000
7672		1.403125
7673		1.165625
7674		1.312500
7675		1.209375
7676		1.328125
7677		0.809375
7678		0.737500
7679		0.103125
7680		-0.221875
7681		0.028125
7682		-0.193750
7683		-0.431250
7684		-0.637500
7685		-0.768750
7686		-0.740625
7687		-0.518750
7688		-0.415625
7689		-0.709375
7690		-1.462500
7691		-2.215625
7692		-2.571875
7693		-2.437500
7694		-1.537500
7695		0.190625
7696		2.006250
7697		3.912500
7698		4.812500
7699		5.700000
7700		6.053125
7701		6.659375
7702		7.606250
7703		8.403125
7704		8.875000
7705		8.506250
7706		7.087500
7707		5.565625
7708		4.031250
7709		2.406250
7710		0.959375
7711		-0.621875
7712		-2.112500
7713		-3.162500
7714		-4.212500
7715		-4.950000
7716		-4.506250
7717		-3.900000
7718		-2.631250
7719		-0.800000
7720		1.121875
7721		2.687500
7722		4.415625
7723		5.700000
7724		6.540625
7725		6.437500
7726		6.025000
7727		4.740625
7728		3.100000
7729		0.737500
7730		-1.640625
7731		-3.840625
7732		-5.025000
7733		-5.834375
7734		-5.790625
7735		-5.096875
7736		-3.840625
7737		-2.262500
7738		-0.059375
7739		1.784375
7740		3.159375
7741		4.487500
7742		5.137500
7743		5.775000
7744		5.700000
7745		5.184375
7746		4.325000
7747		2.953125
7748		1.978125
7749		0.825000
7750		-0.859375
7751		-2.587500
7752		-3.753125
7753		-4.050000
7754		-3.975000
7755		-3.237500
7756		-2.853125
7757		-1.050000
7758		1.240625
7759		3.143750
7760		4.871875
7761		5.684375
7762		5.803125
7763		5.228125
7764		4.209375
7765		2.671875
7766		0.959375
7767		-1.287500
7768		-3.237500
7769		-4.978125
7770		-5.568750
7771		-5.746875
7772		-5.128125
7773		-4.593750
7774		-3.015625
7775		-1.553125
7776		0.115625
7777		1.518750
7778		2.259375
7779		2.775000
7780		2.878125
7781		1.653125
7782		0.987500
7783		0.043750
7784		-0.931250
7785		-1.775000
7786		-2.600000
7787		-3.206250
7788		-3.575000
7789		-3.296875
7790		-3.384375
7791		-3.575000
7792		-2.762500
7793		-1.390625
7794		0.265625
7795		1.890625
7796		2.775000
7797		2.834375
7798		3.293750
7799		3.528125
7800		3.234375
7801		2.687500
7802		1.446875
7803		0.293750
7804		-0.503125
7805		-1.168750
7806		-1.434375
7807		-1.950000
7808		-2.068750
7809		-1.656250
7810		-1.109375
7811		-0.400000
7812		0.218750
7813		1.475000
7814		2.537500
7815		2.968750
7816		3.425000
7817		2.818750
7818		2.212500
7819		1.518750
7820		0.471875
7821		-0.696875
7822		-1.243750
7823		-1.509375
7824		-1.612500
7825		-1.196875
7826		-1.243750
7827		-0.962500
7828		-0.178125
7829		0.987500
7830		1.653125
7831		2.212500
7832		2.465625
7833		2.656250
7834		2.818750
7835		2.790625
7836		3.040625
7837		2.434375
7838		2.037500
7839		1.518750
7840		0.884375
7841		0.087500
7842		-0.384375
7843		-0.665625
7844		-0.059375
7845		0.012500
7846		0.396875
7847		0.662500
7848		1.193750
7849		1.578125
7850		2.287500
7851		2.584375
7852		2.671875
7853		2.862500
7854		3.071875
7855		2.921875
7856		2.596875
7857		2.168750
7858		1.859375
7859		1.403125
7860		1.387500
7861		1.078125
7862		0.618750
7863		0.809375
7864		1.343750
7865		1.859375
7866		2.553125
7867		2.612500
7868		2.643750
7869		2.687500
7870		2.715625
7871		2.375000
7872		1.859375
7873		2.096875
7874		1.518750
7875		1.621875
7876		1.150000
7877		0.456250
7878		0.484375
7879		0.796875
7880		0.693750
7881		0.765625
7882		0.159375
7883		0.368750
7884		0.190625
7885		0.456250
7886		0.353125
7887		0.218750
7888		0.428125
7889		0.825000
7890		1.150000
7891		1.181250
7892		0.634375
7893		0.278125
7894		-0.075000
7895		0.381250
7896		0.396875
7897		0.840625
7898		0.693750
7899		0.309375
7900		0.959375
7901		0.884375
7902		0.646875
7903		0.543750
7904		0.737500
7905		0.825000
7906		0.928125
7907		0.868750
7908		0.515625
7909		0.500000
7910		0.543750
7911		0.071875
7912		-0.106250
7913		-0.281250
7914		0.056250
7915		0.753125
7916		1.090625
7917		1.962500
7918		1.859375
7919		2.493750
7920		2.968750
7921		3.587500
7922		3.425000
7923		3.262500
7924		3.246875
7925		3.365625
7926		2.968750
7927		3.203125
7928		2.996875
7929		2.628125
7930		2.818750
7931		2.671875
7932		2.525000
7933		2.331250
7934		2.243750
7935		2.331250
7936		2.109375
7937		2.156250
7938		2.228125
7939		2.243750
7940		3.071875
7941		3.306250
7942		3.115625
7943		3.690625
7944		3.618750
7945		3.884375
7946		3.618750
7947		3.765625
7948		3.246875
7949		3.306250
7950		4.059375
7951		4.103125
7952		3.734375
7953		3.365625
7954		3.084375
7955		3.234375
7956		3.484375
7957		3.337500
7958		3.218750
7959		2.612500
7960		2.731250
7961		2.953125
7962		3.143750
7963		2.671875
7964		2.212500
7965		2.390625
7966		2.375000
7967		2.228125
7968		2.375000
7969		2.450000
7970		2.862500
7971		2.731250
7972		3.025000
7973		2.037500
7974		2.037500
7975		2.156250
7976		2.362500
7977		2.212500
7978		1.728125
7979		1.593750
7980		1.621875
7981		1.934375
7982		2.259375
7983		1.843750
7984		2.096875
7985		2.065625
7986		3.143750
7987		3.618750
7988		3.853125
7989		3.234375
7990		2.893750
7991		3.246875
7992		2.878125
7993		3.293750
7994		2.850000
7995		2.525000
7996		2.021875
7997		1.740625
7998		1.946875
7999		1.490625
8000		1.490625
8001		1.459375
8002		1.121875
8003		0.753125
8004		0.706250
8005		1.150000
8006		1.565625
8007		1.609375
8008		2.184375
8009		2.006250
8010		2.806250
8011		2.996875
8012		2.612500
8013		1.875000
8014		1.431250
8015		1.031250
8016		1.121875
8017		0.840625
8018		0.278125
8019		-0.178125
8020		-0.768750
8021		-1.006250
8022		-1.462500
8023		-2.496875
8024		-2.865625
8025		-2.659375
8026		-2.571875
8027		-2.171875
8028		-1.581250
8029		-1.656250
8030		-1.243750
8031		-0.578125
8032		0.071875
8033		1.459375
8034		1.934375
8035		2.421875
8036		2.759375
8037		2.584375
8038		1.890625
8039		1.268750
8040		0.603125
8041		-0.015625
8042		-0.812500
8043		-1.846875
8044		-2.453125
8045		-2.912500
8046		-2.809375
8047		-1.862500
8048		-0.962500
8049		-0.431250
8050		0.368750
8051		1.193750
8052		1.993750
8053		2.021875
8054		2.553125
8055		3.071875
8056		2.862500
8057		2.806250
8058		2.228125
8059		1.003125
8060		0.218750
8061		-0.725000
8062		-1.184375
8063		-2.275000
8064		-3.531250
8065		-3.900000
8066		-4.018750
8067		-3.353125
8068		-1.921875
8069		-0.665625
8070		0.293750
8071		1.106250
8072		2.065625
8073		2.775000
8074		2.537500
8075		2.643750
8076		2.156250
8077		1.565625
8078		0.456250
8079		-0.237500
8080		-1.331250
8081		-1.775000
8082		-2.365625
8083		-2.512500
8084		-2.865625
8085		-2.837500
8086		-2.246875
8087		-1.450000
8088		-0.487500
8089		0.603125
8090		1.387500
8091		2.006250
8092		2.537500
8093		2.509375
8094		2.109375
8095		1.740625
8096		1.518750
8097		1.181250
8098		0.440625
8099		-0.059375
8100		-1.287500
8101		-1.937500
8102		-2.171875
8103		-1.906250
8104		-2.143750
8105		-1.625000
8106		-0.975000
8107		-0.312500
8108		0.234375
8109		0.900000
8110		1.415625
8111		1.637500
8112		1.506250
8113		0.987500
8114		0.265625
8115		-0.312500
8116		-1.065625
8117		-1.271875
8118		-1.731250
8119		-2.040625
8120		-2.540625
8121		-2.587500
8122		-2.615625
8123		-2.231250
8124		-1.862500
8125		-1.625000
8126		-1.256250
8127		-0.665625
8128		-0.431250
8129		-0.031250
8130		-0.106250
8131		-0.431250
8132		-0.665625
8133		-0.650000
8134		-1.168750
8135		-1.787500
8136		-1.937500
8137		-3.221875
8138		-2.528125
8139		-2.646875
8140		-2.865625
8141		-2.821875
8142		-2.587500
8143		-2.068750
8144		-2.262500
8145		-1.743750
8146		-1.406250
8147		-1.434375
8148		-1.375000
8149		-1.243750
8150		-1.521875
8151		-1.612500
8152		-1.803125
8153		-1.731250
8154		-2.690625
8155		-3.000000
8156		-3.250000
8157		-2.896875
8158		-2.793750
8159		-2.246875
8160		-2.496875
8161		-2.290625
8162		-2.809375
8163		-2.659375
8164		-2.809375
8165		-3.134375
8166		-3.118750
8167		-3.015625
8168		-3.118750
8169		-3.134375
8170		-3.162500
8171		-3.190625
8172		-3.103125
8173		-2.809375
8174		-2.865625
8175		-2.690625
8176		-2.512500
8177		-2.100000
8178		-1.568750
8179		-1.271875
8180		-0.696875
8181		-0.962500
8182		-0.475000
8183		-0.962500
8184		-1.537500
8185		-1.625000
8186		-2.143750
8187		-2.393750
8188		-2.587500
8189		-2.718750
8190		-2.865625
8191		-2.912500
8192		-2.865625
8193		-1.965625
8194		-1.406250
8195		-1.406250
8196		-1.006250
8197		-1.375000
8198		-1.950000
8199		-2.143750
8200		-2.290625
8201		-2.821875
8202		-3.237500
8203		-3.871875
8204		-3.665625
8205		-4.153125
8206		-3.943750
8207		-4.225000
8208		-3.693750
8209		-3.059375
8210		-2.837500
8211		-2.778125
8212		-2.365625
8213		-1.625000
8214		-0.800000
8215		-0.546875
8216		0.115625
8217		-0.118750
8218		-0.281250
8219		-0.593750
8220		-0.578125
8221		-1.050000
8222		-1.331250
8223		-1.434375
8224		-1.125000
8225		-0.931250
8226		-1.315625
8227		-1.878125
8228		-1.878125
8229		-1.462500
8230		-1.418750
8231		-1.034375
8232		-1.509375
8233		-1.568750
8234		-1.787500
8235		-1.509375
8236		-1.050000
8237		-1.315625
8238		-1.153125
8239		-1.125000
8240		-0.725000
8241		-0.756250
8242		-0.871875
8243		-0.593750
8244		-0.740625
8245		-0.650000
8246		-0.534375
8247		-0.475000
8248		-0.253125
8249		-0.221875
8250		-0.325000
8251		-0.975000
8252		-1.434375
8253		-1.846875
8254		-2.068750
8255		-2.100000
8256		-1.981250
8257		-1.846875
8258		-1.775000
8259		-1.846875
8260		-1.315625
8261		-1.478125
8262		-1.065625
8263		-1.256250
8264		-0.990625
8265		-0.593750
8266		-0.134375
8267		-0.296875
8268		-0.918750
8269		-1.184375
8270		-0.962500
8271		-1.006250
8272		-1.271875
8273		-1.656250
8274		-1.965625
8275		-1.700000
8276		-1.256250
8277		-1.521875
8278		-1.878125
8279		-1.759375
8280		-1.478125
8281		-1.212500
8282		-1.359375
8283		-1.212500
8284		-1.243750
8285		-1.212500
8286		-0.887500
8287		-1.212500
8288		-1.581250
8289		-1.287500
8290		-1.346875
8291		-1.731250
8292		-2.040625
8293		-2.053125
8294		-2.334375
8295		-2.231250
8296		-2.275000
8297		-2.321875
8298		-2.496875
8299		-2.528125
8300		-1.921875
8301		-2.100000
8302		-1.965625
8303		-2.112500
8304		-2.540625
8305		-2.231250
8306		-1.890625
8307		-1.834375
8308		-2.215625
8309		-1.950000
8310		-1.890625
8311		-2.290625
8312		-2.053125
8313		-2.262500
8314		-2.484375
8315		-2.053125
8316		-1.906250
8317		-1.256250
8318		-1.759375
8319		-1.846875
8320		-2.100000
8321		-1.434375
8322		-2.009375
8323		-1.834375
8324		-2.231250
8325		-2.068750
8326		-2.025000
8327		-1.906250
8328		-1.846875
8329		-2.128125
8330		-2.159375
8331		-2.100000
8332		-1.878125
8333		-1.996875
8334		-2.053125
8335		-1.715625
8336		-1.184375
8337		-1.081250
8338		-1.315625
8339		-0.975000
8340		-0.859375
8341		-0.768750
8342		-0.975000
8343		-1.315625
8344		-1.109375
8345		-1.093750
8346		-1.168750
8347		-0.975000
8348		-1.418750
8349		-1.684375
8350		-1.834375
8351		-1.671875
8352		-1.950000
8353		-2.365625
8354		-2.984375
8355		-3.325000
8356		-3.146875
8357		-2.881250
8358		-3.087500
8359		-3.503125
8360		-3.621875
8361		-3.856250
8362		-4.121875
8363		-3.943750
8364		-4.268750
8365		-4.431250
8366		-4.137500
8367		-4.537500
8368		-5.437500
8369		-5.953125
8370		-5.806250
8371		-4.462500
8372		-3.000000
8373		-1.434375
8374		0.293750
8375		1.253125
8376		2.406250
8377		3.100000
8378		3.706250
8379		4.740625
8380		5.775000
8381		6.215625
8382		5.509375
8383		4.178125
8384		2.125000
8385		0.206250
8386		-0.756250
8387		-2.143750
8388		-3.443750
8389		-5.243750
8390		-6.368750
8391		-7.343750
8392		-8.271875
8393		-8.050000
8394		-7.609375
8395		-6.353125
8396		-3.887500
8397		-1.965625
8398		0.012500
8399		1.312500
8400		2.850000
8401		3.734375
8402		3.115625
8403		2.806250
8404		1.134375
8405		-0.800000
8406		-2.615625
8407		-4.803125
8408		-6.721875
8409		-8.584375
8410		-9.396875
8411		-9.187500
8412		-8.818750
8413		-7.490625
8414		-6.175000
8415		-4.137500
8416		-2.128125
8417		0.293750
8418		1.800000
8419		2.700000
8420		3.040625
8421		2.996875
8422		2.806250
8423		1.740625
8424		0.175000
8425		-0.918750
8426		-2.143750
8427		-2.971875
8428		-4.550000
8429		-6.175000
8430		-6.721875
8431		-6.559375
8432		-5.556250
8433		-4.668750
8434		-3.621875
8435		-1.537500
8436		0.618750
8437		2.671875
8438		4.118750
8439		3.868750
8440		3.175000
8441		2.140625
8442		0.693750
8443		-1.406250
8444		-3.296875
8445		-5.718750
8446		-7.328125
8447		-7.756250
8448		-7.181250
8449		-6.753125
8450		-6.218750
8451		-5.156250
8452		-3.325000
8453		-1.921875
8454		-0.650000
8455		0.234375
8456		0.753125
8457		0.928125
8458		0.618750
8459		-0.237500
8460		-1.450000
8461		-2.290625
8462		-3.368750
8463		-4.225000
8464		-4.978125
8465		-5.171875
8466		-5.465625
8467		-4.906250
8468		-4.446875
8469		-3.606250
8470		-2.615625
8471		-1.346875
8472		0.000000
8473		0.840625
8474		1.181250
8475		1.165625
8476		1.284375
8477		1.312500
8478		0.678125
8479		0.190625
8480		-1.300000
8481		-2.587500
8482		-3.000000
8483		-3.606250
8484		-3.693750
8485		-4.212500
8486		-3.915625
8487		-2.881250
8488		-2.068750
8489		-1.021875
8490		-0.296875
8491		0.646875
8492		1.637500
8493		1.681250
8494		0.943750
8495		0.321875
8496		-0.696875
8497		-1.390625
8498		-1.787500
8499		-2.393750
8500		-3.296875
8501		-3.087500
8502		-3.353125
8503		-3.087500
8504		-2.468750
8505		-2.053125
8506		-1.125000
8507		-0.106250
8508		0.543750
8509		1.193750
8510		1.106250
8511		1.268750
8512		1.459375
8513		1.253125
8514		0.928125
8515		0.190625
8516		-0.178125
8517		-1.034375
8518		-1.243750
8519		-1.434375
8520		-1.846875
8521		-1.346875
8522		-1.196875
8523		-0.812500
8524		-0.356250
8525		-0.178125
8526		0.662500
8527		0.856250
8528		1.740625
8529		2.096875
8530		2.037500
8531		2.287500
8532		2.037500
8533		1.578125
8534		1.003125
8535		0.603125
8536		0.337500
8537		0.043750
8538		0.131250
8539		0.293750
8540		0.000000
8541		0.471875
8542		1.181250
8543		1.446875
8544		1.903125
8545		2.065625
8546		1.843750
8547		1.475000
8548		1.371875
8549		1.550000
8550		1.296875
8551		0.868750
8552		0.868750
8553		0.575000
8554		0.115625
8555		-0.162500
8556		-0.178125
8557		-0.162500
8558		-0.296875
8559		0.250000
8560		0.056250
8561		-0.090625
8562		0.159375
8563		0.146875
8564		-0.046875
8565		0.218750
8566		0.131250
8567		0.634375
8568		0.662500
8569		0.575000
8570		0.396875
8571		-0.209375
8572		-0.150000
8573		0.146875
8574		0.159375
8575		0.250000
8576		-0.150000
8577		0.159375
8578		0.381250
8579		0.856250
8580		0.381250
8581		0.353125
8582		0.634375
8583		0.737500
8584		0.056250
8585		0.071875
8586		0.131250
8587		0.012500
8588		-0.371875
8589		-0.296875
8590		-0.384375
8591		0.087500
8592		0.559375
8593		0.706250
8594		1.268750
8595		1.771875
8596		2.037500
8597		2.612500
8598		2.656250
8599		3.040625
8600		3.484375
8601		3.262500
8602		3.706250
8603		3.175000
8604		3.293750
8605		3.293750
8606		2.628125
8607		2.509375
8608		2.303125
8609		2.687500
8610		2.700000
8611		2.362500
8612		2.375000
8613		2.140625
8614		2.434375
8615		2.537500
8616		2.775000
8617		2.953125
8618		3.425000
8619		3.928125
8620		4.059375
8621		4.178125
8622		4.296875
8623		4.265625
8624		3.928125
8625		3.837500
8626		3.781250
8627		4.046875
8628		4.193750
8629		4.046875
8630		4.150000
8631		3.837500
8632		3.868750
8633		4.075000
8634		3.706250
8635		3.587500
8636		3.175000
8637		3.056250
8638		3.025000
8639		3.218750
8640		3.468750
8641		3.071875
8642		2.878125
8643		2.612500
8644		2.806250
8645		2.775000
8646		3.175000
8647		2.968750
8648		2.878125
8649		3.409375
8650		3.131250
8651		3.100000
8652		3.071875
8653		2.818750
8654		2.746875
8655		2.450000
8656		2.243750
8657		2.303125
8658		2.421875
8659		2.656250
8660		3.131250
8661		2.996875
8662		3.484375
8663		3.928125
8664		4.281250
8665		4.590625
8666		4.325000
8667		3.912500
8668		3.781250
8669		3.837500
8670		4.562500
8671		4.606250
8672		3.987500
8673		3.512500
8674		3.056250
8675		2.953125
8676		2.628125
8677		2.362500
8678		2.050000
8679		1.784375
8680		2.184375
8681		2.287500
8682		2.525000
8683		3.012500
8684		3.071875
8685		3.234375
8686		3.631250
8687		3.750000
8688		3.706250
8689		3.781250
8690		3.825000
8691		3.100000
8692		2.850000
8693		2.346875
8694		2.184375
8695		1.946875
8696		1.165625
8697		0.825000
8698		-0.118750
8699		-0.384375
8700		-0.606250
8701		-1.034375
8702		-1.137500
8703		-0.768750
8704		-0.665625
8705		-0.296875
8706		-0.118750
8707		0.115625
8708		0.706250
8709		1.578125
8710		2.937500
8711		4.134375
8712		4.768750
8713		4.696875
8714		4.753125
8715		4.015625
8716		3.100000
8717		2.493750
8718		1.593750
8719		0.840625
8720		0.693750
8721		0.028125
8722		-0.593750
8723		-0.650000
8724		0.012500
8725		0.603125
8726		1.534375
8727		2.006250
8728		2.834375
8729		3.365625
8730		4.503125
8731		4.753125
8732		5.521875
8733		5.434375
8734		4.975000
8735		4.134375
8736		3.218750
8737		2.259375
8738		1.121875
8739		0.337500
8740		0.265625
8741		-0.681250
8742		-1.300000
8743		-2.275000
8744		-1.537500
8745		-0.725000
8746		0.412500
8747		1.593750
8748		2.553125
8749		2.981250
8750		4.265625
8751		4.562500
8752		4.443750
8753		3.825000
8754		3.071875
8755		2.362500
8756		1.609375
8757		0.868750
8758		-0.209375
8759		-0.812500
8760		-0.696875
8761		-1.109375
8762		-0.593750
8763		-0.828125
8764		0.146875
8765		1.062500
8766		2.050000
8767		2.878125
8768		3.306250
8769		3.706250
8770		4.281250
8771		4.178125
8772		3.987500
8773		3.337500
8774		3.131250
8775		2.671875
8776		1.668750
8777		0.884375
8778		0.159375
8779		-0.593750
8780		-0.046875
8781		0.159375
8782		0.646875
8783		0.662500
8784		1.621875
8785		1.712500
8786		2.362500
8787		2.759375
8788		2.968750
8789		3.071875
8790		2.493750
8791		2.481250
8792		1.918750
8793		1.003125
8794		0.381250
8795		0.087500
8796		-0.075000
8797		-0.268750
8798		-0.696875
8799		-0.725000
8800		-0.356250
8801		0.337500
8802		0.796875
8803		1.062500
8804		1.490625
8805		1.446875
8806		1.962500
8807		2.184375
8808		1.637500
8809		1.518750
8810		1.312500
8811		1.328125
8812		1.253125
8813		0.440625
8814		-0.031250
8815		-0.221875
8816		-0.578125
8817		-0.696875
8818		-0.593750
8819		-0.325000
8820		-0.059375
8821		0.368750
8822		0.603125
8823		0.900000
8824		0.646875
8825		0.396875
8826		0.484375
8827		0.484375
8828		0.381250
8829		0.159375
8830		-0.312500
8831		-0.059375
8832		-0.296875
8833		-0.221875
8834		-0.371875
8835		-0.268750
8836		-0.431250
8837		0.103125
8838		-0.059375
8839		-0.475000
8840		-0.221875
8841		0.000000
8842		-0.178125
8843		-0.268750
8844		-0.621875
8845		-0.650000
8846		-0.843750
8847		-0.903125
8848		-0.725000
8849		-0.756250
8850		-0.475000
8851		0.321875
8852		0.428125
8853		1.031250
8854		1.106250
8855		1.518750
8856		1.771875
8857		2.212500
8858		2.243750
8859		2.168750
8860		1.653125
8861		2.212500
8862		1.784375
8863		1.490625
8864		0.646875
8865		0.515625
8866		0.071875
8867		0.000000
8868		0.012500
8869		-0.106250
8870		0.234375
8871		1.106250
8872		1.078125
8873		1.446875
8874		1.446875
8875		1.696875
8876		1.637500
8877		1.918750
8878		2.037500
8879		1.475000
8880		1.446875
8881		0.825000
8882		0.543750
8883		0.000000
8884		-0.768750
8885		-0.990625
8886		-1.834375
8887		-1.731250
8888		-1.684375
8889		-1.731250
8890		-1.153125
8891		-0.475000
8892		-0.443750
8893		0.309375
8894		0.884375
8895		1.859375
8896		2.259375
8897		2.818750
8898		3.187500
8899		2.850000
8900		2.525000
8901		2.375000
8902		2.406250
8903		2.375000
8904		1.843750
8905		1.534375
8906		1.506250
8907		1.593750
8908		0.928125
8909		0.678125
8910		0.721875
8911		1.193750
8912		1.890625
8913		1.859375
8914		1.890625
8915		1.387500
8916		1.193750
8917		1.728125
8918		1.918750
8919		1.903125
8920		1.578125
8921		1.843750
8922		2.525000
8923		2.331250
8924		2.156250
8925		1.875000
8926		1.550000
8927		1.046875
8928		1.653125
8929		1.934375
8930		1.518750
8931		1.459375
8932		1.593750
8933		1.106250
8934		0.971875
8935		0.159375
8936		0.115625
8937		0.043750
8938		-0.059375
8939		-0.106250
8940		-0.503125
8941		-0.106250
8942		0.590625
8943		0.293750
8944		0.825000
8945		0.706250
8946		0.825000
8947		1.003125
8948		0.900000
8949		0.868750
8950		0.368750
8951		0.218750
8952		0.987500
8953		0.543750
8954		0.456250
8955		-0.031250
8956		-0.281250
8957		-0.106250
8958		-0.150000
8959		-0.193750
8960		-0.431250
8961		-0.253125
8962		0.000000
8963		0.353125
8964		0.559375
8965		0.531250
8966		0.515625
8967		0.456250
8968		0.515625
8969		0.559375
8970		-0.075000
8971		-0.046875
8972		0.206250
8973		0.043750
8974		0.146875
8975		-0.371875
8976		-0.356250
8977		-0.946875
8978		-0.800000
8979		-0.812500
8980		-0.962500
8981		-0.918750
8982		-0.725000
8983		-0.312500
8984		-0.356250
8985		-0.475000
8986		-0.562500
8987		-0.593750
8988		-0.621875
8989		-0.209375
8990		-1.050000
8991		-0.593750
8992		-0.431250
8993		-0.178125
8994		-0.237500
8995		-0.650000
8996		-0.578125
8997		-0.475000
8998		0.012500
8999		0.293750
9000		-0.400000
9001		-0.150000
9002		-0.325000
9003		-0.253125
9004		-0.150000
9005		-0.268750
9006		-0.487500
9007		-1.021875
9008		-0.578125
9009		-0.475000
9010		-0.665625
9011		-0.696875
9012		-0.903125
9013		-0.784375
9014		-0.740625
9015		-0.281250
9016		-0.340625
9017		-0.296875
9018		-0.237500
9019		-0.296875
9020		-0.400000
9021		-0.296875
9022		0.043750
9023		0.190625
9024		0.012500
9025		0.321875
9026		0.000000
9027		-0.015625
9028		-0.281250
9029		-0.621875
9030		-1.109375
9031		-1.553125
9032		-1.346875
9033		-1.168750
9034		-1.509375
9035		-1.581250
9036		-2.365625
9037		-2.512500
9038		-2.646875
9039		-2.762500
9040		-2.615625
9041		-3.059375
9042		-3.503125
9043		-3.237500
9044		-3.459375
9045		-3.265625
9046		-3.471875
9047		-3.650000
9048		-4.153125
9049		-4.950000
9050		-5.525000
9051		-5.615625
9052		-5.009375
9053		-3.015625
9054		-0.812500
9055		0.900000
9056		1.784375
9057		2.806250
9058		3.278125
9059		4.103125
9060		5.109375
9061		5.787500
9062		6.393750
9063		6.643750
9064		5.137500
9065		3.143750
9066		1.565625
9067		0.028125
9068		-1.862500
9069		-2.925000
9070		-4.581250
9071		-5.940625
9072		-7.284375
9073		-7.784375
9074		-7.296875
9075		-7.031250
9076		-5.940625
9077		-3.871875
9078		-2.365625
9079		0.043750
9080		1.637500
9081		2.775000
9082		3.365625
9083		4.031250
9084		3.440625
9085		2.168750
9086		0.484375
9087		-1.359375
9088		-4.137500
9089		-6.028125
9090		-7.756250
9091		-8.981250
9092		-9.306250
9093		-8.553125
9094		-7.296875
9095		-5.465625
9096		-3.606250
9097		-1.731250
9098		-0.209375
9099		1.403125
9100		2.375000
9101		2.878125
9102		2.921875
9103		2.818750
9104		2.243750
9105		1.046875
9106		-0.106250
9107		-1.462500
9108		-3.384375
9109		-4.771875
9110		-5.984375
9111		-6.753125
9112		-6.706250
9113		-5.834375
9114		-4.934375
9115		-3.768750
9116		-1.906250
9117		-0.046875
9118		2.037500
9119		3.337500
9120		3.512500
9121		3.025000
9122		1.740625
9123		1.181250
9124		-1.050000
9125		-3.000000
9126		-4.906250
9127		-6.796875
9128		-7.859375
9129		-7.668750
9130		-7.371875
9131		-7.031250
9132		-5.628125
9133		-3.887500
9134		-2.528125
9135		-1.168750
9136		0.115625
9137		0.381250
9138		0.071875
9139		-0.312500
9140		-0.962500
9141		-1.715625
9142		-2.484375
9143		-3.931250
9144		-4.375000
9145		-5.243750
9146		-5.615625
9147		-5.893750
9148		-5.909375
9149		-5.762500
9150		-4.906250
9151		-4.003125
9152		-2.762500
9153		-1.537500
9154		-0.118750
9155		0.265625
9156		0.753125
9157		0.500000
9158		0.559375
9159		-0.075000
9160		-0.696875
9161		-1.950000
9162		-2.718750
9163		-3.693750
9164		-2.100000
9165		-4.284375
9166		-4.506250
9167		-4.462500
9168		-4.196875
9169		-3.840625
9170		-2.750000
9171		-1.640625
9172		-0.784375
9173		-0.162500
9174		0.265625
9175		-0.075000
9176		-0.650000
9177		-1.684375
9178		-2.690625
9179		-3.471875
9180		-4.137500
9181		-4.181250
9182		-4.240625
9183		-4.537500
9184		-4.196875
9185		-4.034375
9186		-3.412500
9187		-2.690625
9188		-1.521875
9189		-1.081250
9190		-0.800000
9191		-0.312500
9192		-0.253125
9193		0.115625
9194		0.337500
9195		-0.031250
9196		-0.443750
9197		-1.375000
9198		-2.171875
9199		-2.762500
9200		-3.015625
9201		-3.296875
9202		-2.984375
9203		-2.837500
9204		-2.262500
9205		-1.950000
9206		-1.625000
9207		-1.434375
9208		-1.034375
9209		-0.637500
9210		-0.075000
9211		0.175000
9212		0.265625
9213		-0.015625
9214		-0.193750
9215		-0.606250
9216		-0.946875
9217		-1.287500
9218		-1.390625
9219		-1.846875
9220		-2.009375
9221		-1.731250
9222		-1.581250
9223		-0.931250
9224		-0.253125
9225		0.190625
9226		0.428125
9227		0.159375
9228		-0.325000
9229		-0.696875
9230		-0.562500
9231		-0.887500
9232		-0.828125
9233		-1.196875
9234		-1.406250
9235		-1.509375
9236		-1.834375
9237		-1.612500
9238		-1.787500
9239		-2.100000
9240		-1.759375
9241		-1.846875
9242		-1.906250
9243		-2.159375
9244		-2.262500
9245		-1.390625
9246		-1.462500
9247		-1.478125
9248		-1.434375
9249		-1.625000
9250		-1.359375
9251		-1.375000
9252		-1.625000
9253		-1.846875
9254		-1.359375
9255		-1.537500
9256		-1.137500
9257		-1.065625
9258		-1.256250
9259		-1.537500
9260		-1.568750
9261		-1.065625
9262		-1.212500
9263		-1.287500
9264		-1.731250
9265		-1.625000
9266		-1.359375
9267		-1.434375
9268		-1.462500
9269		-1.906250
9270		-2.393750
9271		-2.187500
9272		-2.025000
9273		-1.656250
9274		-1.300000
9275		-0.593750
9276		0.000000
9277		0.381250
9278		0.428125
9279		1.121875
9280		0.868750
9281		1.296875
9282		1.518750
9283		1.181250
9284		0.971875
9285		1.165625
9286		1.225000
9287		1.003125
9288		0.693750
9289		0.456250
9290		0.012500
9291		0.796875
9292		0.484375
9293		0.693750
9294		0.190625
9295		0.218750
9296		0.368750
9297		0.737500
9298		1.062500
9299		1.003125
9300		1.150000
9301		1.637500
9302		2.006250
9303		2.065625
9304		1.740625
9305		1.843750
9306		1.740625
9307		1.740625
9308		2.212500
9309		1.728125
9310		1.740625
9311		1.637500
9312		1.328125
9313		1.403125
9314		1.475000
9315		1.593750
9316		1.890625
9317		1.696875
9318		1.209375
9319		1.003125
9320		0.868750
9321		1.268750
9322		0.900000
9323		0.662500
9324		0.309375
9325		0.559375
9326		0.765625
9327		0.959375
9328		1.343750
9329		0.753125
9330		0.662500
9331		0.662500
9332		0.678125
9333		0.590625
9334		0.146875
9335		0.043750
9336		0.265625
9337		-0.059375
9338		0.115625
9339		-0.178125
9340		-0.106250
9341		0.265625
9342		0.440625
9343		0.381250
9344		0.678125
9345		1.578125
9346		2.006250
9347		1.918750
9348		1.506250
9349		0.971875
9350		0.678125
9351		0.971875
9352		1.046875
9353		1.018750
9354		-0.193750
9355		-0.415625
9356		-0.443750
9357		-0.325000
9358		-0.503125
9359		-0.990625
9360		-1.243750
9361		-1.450000
9362		-1.331250
9363		-0.962500
9364		-0.725000
9365		-0.253125
9366		-0.296875
9367		0.115625
9368		0.781250
9369		0.781250
9370		0.250000
9371		-0.134375
9372		0.043750
9373		-0.578125
9374		-0.871875
9375		-0.887500
9376		-1.243750
9377		-1.406250
9378		-1.862500
9379		-2.540625
9380		-3.178125
9381		-4.284375
9382		-3.990625
9383		-4.315625
9384		-4.328125
9385		-3.959375
9386		-3.606250
9387		-2.940625
9388		-2.587500
9389		-2.025000
9390		-1.478125
9391		-0.784375
9392		0.825000
9393		1.550000
9394		1.918750
9395		1.431250
9396		1.181250
9397		0.531250
9398		0.000000
9399		-0.681250
9400		-1.462500
9401		-2.865625
9402		-3.087500
9403		-3.590625
9404		-3.606250
9405		-3.828125
9406		-2.821875
9407		-1.700000
9408		-1.021875
9409		-0.356250
9410		0.353125
9411		0.353125
9412		1.518750
9413		1.653125
9414		2.184375
9415		1.934375
9416		1.090625
9417		0.662500
9418		-0.031250
9419		-1.137500
9420		-1.996875
9421		-2.750000
9422		-3.503125
9423		-4.121875
9424		-4.593750
9425		-4.906250
9426		-3.796875
9427		-2.453125
9428		-1.346875
9429		-0.268750
9430		0.309375
9431		0.928125
9432		1.946875
9433		2.021875
9434		1.621875
9435		0.856250
9436		0.309375
9437		-0.193750
9438		-1.168750
9439		-2.246875
9440		-2.865625
9441		-3.575000
9442		-3.340625
9443		-3.471875
9444		-2.984375
9445		-2.762500
9446		-1.581250
9447		-0.281250
9448		0.440625
9449		1.740625
9450		1.843750
9451		1.593750
9452		1.831250
9453		1.946875
9454		1.621875
9455		1.193750
9456		0.559375
9457		0.146875
9458		-0.784375
9459		-1.359375
9460		-2.675000
9461		-2.809375
9462		-2.762500
9463		-1.862500
9464		-1.596875
9465		-1.256250
9466		-0.178125
9467		0.071875
9468		0.915625
9469		1.296875
9470		1.209375
9471		0.753125
9472		0.603125
9473		0.159375
9474		-0.178125
9475		-1.093750
9476		-1.390625
9477		-1.684375
9478		-1.434375
9479		-1.625000
9480		-1.921875
9481		-2.321875
9482		-1.950000
9483		-1.287500
9484		-0.871875
9485		-0.415625
9486		-0.237500
9487		-0.059375
9488		0.884375
9489		0.693750
9490		0.646875
9491		-0.518750
9492		-0.562500
9493		-0.621875
9494		-0.962500
9495		-1.478125
9496		-2.040625
9497		-2.215625
9498		-2.246875
9499		-2.246875
9500		-2.068750
9501		-2.540625
9502		-2.290625
9503		-2.025000
9504		-1.878125
9505		-1.612500
9506		-1.759375
9507		-1.509375
9508		-1.212500
9509		-0.975000
9510		-0.946875
9511		-0.962500
9512		-1.478125
9513		-1.743750
9514		-2.128125
9515		-1.715625
9516		-1.803125
9517		-1.081250
9518		-1.168750
9519		-1.287500
9520		-1.125000
9521		-1.493750
9522		-1.759375
9523		-1.700000
9524		-1.906250
9525		-1.612500
9526		-1.950000
9527		-1.715625
9528		-1.390625
9529		-1.568750
9530		-1.184375
9531		-1.243750
9532		-1.137500
9533		-0.843750
9534		-0.268750
9535		0.293750
9536		0.634375
9537		1.550000
9538		1.446875
9539		1.475000
9540		1.609375
9541		1.446875
9542		0.868750
9543		-0.443750
9544		0.368750
9545		0.071875
9546		-0.443750
9547		-0.281250
9548		-0.843750
9549		-1.065625
9550		-0.784375
9551		-0.871875
9552		-0.709375
9553		-0.150000
9554		0.115625
9555		0.428125
9556		0.353125
9557		0.590625
9558		0.809375
9559		0.987500
9560		0.809375
9561		0.103125
9562		0.012500
9563		-0.621875
9564		-0.918750
9565		-1.462500
9566		-1.878125
9567		-2.025000
9568		-2.100000
9569		-1.846875
9570		-1.834375
9571		-1.462500
9572		-1.228125
9573		-0.918750
9574		-0.475000
9575		0.693750
9576		1.415625
9577		2.184375
9578		2.434375
9579		2.996875
9580		2.806250
9581		2.184375
9582		1.653125
9583		1.078125
9584		1.090625
9585		1.003125
9586		1.046875
9587		1.181250
9588		1.031250
9589		0.737500
9590		0.543750
9591		0.590625
9592		0.559375
9593		0.781250
9594		1.371875
9595		1.403125
9596		1.134375
9597		1.225000
9598		1.328125
9599		1.815625
9600		2.081250
9601		1.859375
9602		1.446875
9603		1.668750
9604		1.712500
9605		1.637500
9606		1.815625
9607		1.534375
9608		1.475000
9609		1.740625
9610		2.140625
9611		2.434375
9612		1.934375
9613		1.740625
9614		1.240625
9615		1.121875
9616		0.559375
9617		0.531250
9618		0.309375
9619		0.234375
9620		0.146875
9621		0.309375
9622		0.396875
9623		0.206250
9624		0.159375
9625		0.706250
9626		1.018750
9627		1.106250
9628		1.431250
9629		1.696875
9630		1.609375
9631		1.193750
9632		0.603125
9633		0.603125
9634		0.928125
9635		0.737500
9636		0.293750
9637		0.000000
9638		0.071875
9639		0.265625
9640		0.190625
9641		0.146875
9642		0.071875
9643		0.043750
9644		0.103125
9645		0.678125
9646		0.884375
9647		1.031250
9648		1.343750
9649		1.062500
9650		1.209375
9651		0.884375
9652		0.737500
9653		0.531250
9654		0.321875
9655		0.440625
9656		0.234375
9657		-0.075000
9658		0.218750
9659		-0.281250
9660		-0.015625
9661		0.071875
9662		0.234375
9663		0.087500
9664		0.293750
9665		0.309375
9666		0.368750
9667		0.662500
9668		0.412500
9669		0.603125
9670		0.646875
9671		0.603125
9672		0.484375
9673		0.234375
9674		0.159375
9675		0.428125
9676		0.428125
9677		0.531250
9678		0.737500
9679		0.706250
9680		1.328125
9681		1.415625
9682		1.106250
9683		0.515625
9684		0.796875
9685		0.809375
9686		0.809375
9687		0.765625
9688		1.046875
9689		0.721875
9690		0.856250
9691		0.646875
9692		0.753125
9693		0.484375
9694		0.087500
9695		0.856250
9696		0.809375
9697		0.737500
9698		1.253125
9699		1.415625
9700		1.518750
9701		1.356250
9702		1.121875
9703		1.062500
9704		1.225000
9705		1.268750
9706		1.253125
9707		1.696875
9708		1.506250
9709		1.209375
9710		1.343750
9711		0.987500
9712		0.559375
9713		0.293750
9714		0.146875
9715		0.662500
9716		-0.075000
9717		-0.193750
9718		-0.443750
9719		-0.784375
9720		-0.546875
9721		-0.918750
9722		-0.681250
9723		-1.462500
9724		-1.612500
9725		-1.568750
9726		-1.846875
9727		-1.359375
9728		-1.331250
9729		-1.656250
9730		-2.275000
9731		-2.809375
9732		-3.309375
9733		-3.103125
9734		-2.068750
9735		-0.178125
9736		1.728125
9737		3.293750
9738		3.987500
9739		4.578125
9740		5.212500
9741		6.262500
9742		7.384375
9743		8.137500
9744		8.181250
9745		7.384375
9746		6.290625
9747		4.178125
9748		2.318750
9749		0.928125
9750		-0.696875
9751		-1.878125
9752		-3.221875
9753		-4.875000
9754		-6.087500
9755		-6.234375
9756		-6.234375
9757		-5.259375
9758		-4.106250
9759		-1.981250
9760		0.000000
9761		2.406250
9762		3.734375
9763		4.578125
9764		5.331250
9765		5.168750
9766		4.590625
9767		3.234375
9768		1.296875
9769		-1.109375
9770		-3.443750
9771		-5.156250
9772		-6.646875
9773		-6.987500
9774		-7.609375
9775		-6.634375
9776		-5.290625
9777		-3.531250
9778		-1.287500
9779		0.337500
9780		2.346875
9781		3.631250
9782		4.681250
9783		4.915625
9784		4.665625
9785		4.221875
9786		3.484375
9787		2.671875
9788		1.518750
9789		0.000000
9790		-1.700000
9791		-2.821875
9792		-3.959375
9793		-4.375000
9794		-4.756250
9795		-3.693750
9796		-2.718750
9797		-1.034375
9798		0.603125
9799		2.628125
9800		4.650000
9801		5.581250
9802		5.553125
9803		4.975000
9804		3.500000
9805		1.934375
9806		0.115625
9807		-2.053125
9808		-4.315625
9809		-5.834375
9810		-6.131250
9811		-5.821875
9812		-5.350000
9813		-4.506250
9814		-3.931250
9815		-1.965625
9816		-0.134375
9817		0.915625
9818		2.156250
9819		2.200000
9820		2.037500
9821		1.740625
9822		1.387500
9823		0.590625
9824		-1.137500
9825		-2.068750
9826		-2.587500
9827		-3.281250
9828		-3.503125
9829		-3.725000
9830		-3.400000
9831		-3.237500
9832		-2.350000
9833		-1.256250
9834		0.115625
9835		1.268750
9836		2.081250
9837		2.671875
9838		2.909375
9839		3.218750
9840		2.687500
9841		2.271875
9842		1.475000
9843		0.678125
9844		-0.621875
9845		-1.537500
9846		-1.787500
9847		-1.950000
9848		-1.846875
9849		-2.112500
9850		-1.315625
9851		-0.384375
9852		0.484375
9853		1.903125
9854		2.584375
9855		3.175000
9856		3.025000
9857		2.406250
9858		1.962500
9859		0.737500
9860		0.646875
9861		-0.312500
9862		-0.534375
9863		-0.665625
9864		-0.903125
9865		-1.287500
9866		-1.390625
9867		-0.696875
9868		-0.118750
9869		0.959375
9870		1.890625
9871		2.212500
9872		2.700000
9873		3.143750
9874		3.365625
9875		2.818750
9876		2.656250
9877		2.806250
9878		2.021875
9879		1.343750
9880		0.559375
9881		0.381250
9882		0.515625
9883		0.159375
9884		0.484375
9885		0.368750
9886		0.634375
9887		0.634375
9888		1.193750
9889		1.668750
9890		1.771875
9891		2.406250
9892		3.278125
9893		3.293750
9894		3.571875
9895		2.921875
9896		2.346875
9897		2.287500
9898		2.037500
9899		1.578125
9900		1.193750
9901		1.268750
9902		1.475000
9903		1.459375
9904		1.784375
9905		1.978125
9906		2.271875
9907		2.921875
9908		2.909375
9909		2.746875
9910		2.375000
9911		2.406250
9912		2.584375
9913		2.509375
9914		2.584375
9915		1.415625
9916		1.150000
9917		1.046875
9918		1.046875
9919		0.809375
9920		0.796875
9921		0.884375
9922		0.840625
9923		0.856250
9924		0.706250
9925		0.131250
9926		0.043750
9927		0.103125
9928		0.321875
9929		0.809375
9930		0.809375
9931		1.003125
9932		0.884375
9933		0.809375
9934		0.618750
9935		0.234375
9936		0.293750
9937		0.190625
9938		0.353125
9939		0.781250
9940		0.146875
9941		0.500000
9942		0.693750
9943		0.915625
9944		0.662500
9945		0.381250
9946		0.028125
9947		0.087500
9948		0.278125
9949		0.218750
9950		0.159375
9951		-0.371875
9952		-0.431250
9953		-0.106250
9954		0.353125
9955		-0.015625
9956		0.559375
9957		0.678125
9958		1.356250
9959		1.696875
9960		2.156250
9961		2.331250
9962		2.656250
9963		3.143750
9964		3.025000
9965		2.759375
9966		2.303125
9967		2.287500
9968		2.406250
9969		2.287500
9970		2.362500
9971		2.184375
9972		2.390625
9973		2.375000
9974		2.434375
9975		2.006250
9976		1.621875
9977		1.609375
9978		1.875000
9979		2.271875
9980		2.287500
9981		2.568750
9982		2.775000
9983		3.306250
9984		3.765625
9985		3.781250
9986		3.115625
9987		2.818750
9988		3.159375
9989		3.115625
9990		3.543750
9991		3.409375
9992		3.262500
9993		3.468750
9994		3.218750
9995		3.143750
9996		2.715625
9997		3.040625
9998		3.025000
9999		2.612500
10000		2.643750
