Channel              :		CH1
Frequency            :		146.8Hz
Period               :		6.813ms
PK-PK                :		24.77mV
Average              :		-0.614mV
Vertical pos         :		1.000000mV
Probe attenuation    :		1X
Voltage per ADC value:		0.000781mV
Time interval        :		4.00000uS

index		CH1_Voltage(mV)
1		6.143750
2		6.290625
3		6.203125
4		6.187500
5		6.053125
6		6.100000
7		6.025000
8		5.359375
9		5.462500
10		5.612500
11		5.315625
12		5.212500
13		4.475000
14		5.271875
15		4.650000
16		4.990625
17		4.546875
18		4.296875
19		4.209375
20		4.740625
21		4.487500
22		4.150000
23		4.162500
24		3.587500
25		3.440625
26		3.278125
27		3.646875
28		3.675000
29		3.765625
30		3.543750
31		3.675000
32		3.321875
33		3.246875
34		3.234375
35		2.981250
36		2.746875
37		3.321875
38		3.750000
39		3.884375
40		3.765625
41		3.587500
42		3.853125
43		3.675000
44		4.046875
45		4.356250
46		4.534375
47		4.903125
48		4.871875
49		5.184375
50		5.418750
51		4.990625
52		5.390625
53		5.509375
54		5.728125
55		5.228125
56		5.728125
57		5.803125
58		5.565625
59		5.581250
60		5.581250
61		5.950000
62		5.981250
63		6.112500
64		5.831250
65		5.509375
66		6.275000
67		6.025000
68		6.334375
69		6.246875
70		6.425000
71		6.734375
72		6.762500
73		6.806250
74		6.571875
75		6.365625
76		6.275000
77		6.468750
78		6.365625
79		6.734375
80		6.718750
81		6.806250
82		7.059375
83		6.365625
84		6.143750
85		5.921875
86		6.378125
87		6.068750
88		6.437500
89		6.143750
90		5.700000
91		6.203125
92		6.306250
93		5.656250
94		5.671875
95		5.375000
96		6.318750
97		5.921875
98		6.246875
99		6.040625
100		5.937500
101		5.981250
102		5.818750
103		5.775000
104		6.009375
105		5.565625
106		5.743750
107		5.818750
108		6.350000
109		5.375000
110		5.581250
111		5.331250
112		4.887500
113		5.493750
114		5.184375
115		5.418750
116		4.975000
117		5.137500
118		5.137500
119		5.228125
120		5.240625
121		5.565625
122		5.434375
123		5.684375
124		5.359375
125		4.828125
126		4.828125
127		5.403125
128		5.137500
129		5.359375
130		5.287500
131		5.184375
132		5.359375
133		5.240625
134		6.143750
135		4.800000
136		5.831250
137		4.665625
138		4.843750
139		4.915625
140		5.271875
141		5.168750
142		5.228125
143		5.093750
144		5.240625
145		5.656250
146		5.596875
147		6.246875
148		5.803125
149		6.365625
150		6.378125
151		6.203125
152		6.246875
153		6.365625
154		6.762500
155		6.718750
156		7.015625
157		6.762500
158		7.250000
159		6.643750
160		6.865625
161		6.718750
162		6.734375
163		7.237500
164		7.075000
165		6.837500
166		7.059375
167		6.084375
168		6.865625
169		7.943750
170		7.678125
171		7.828125
172		7.959375
173		7.693750
174		7.400000
175		7.265625
176		7.178125
177		7.384375
178		6.778125
179		7.250000
180		7.103125
181		7.028125
182		6.762500
183		6.940625
184		6.956250
185		6.156250
186		6.528125
187		6.571875
188		6.468750
189		6.643750
190		6.290625
191		6.571875
192		5.878125
193		6.246875
194		6.306250
195		6.318750
196		6.053125
197		6.468750
198		6.659375
199		6.587500
200		6.940625
201		6.750000
202		6.718750
203		6.734375
204		6.203125
205		6.540625
206		6.540625
207		6.290625
208		6.275000
209		6.068750
210		5.846875
211		5.906250
212		5.921875
213		5.921875
214		5.906250
215		5.553125
216		5.168750
217		5.937500
218		5.093750
219		5.759375
220		5.256250
221		5.803125
222		5.509375
223		6.100000
224		5.878125
225		5.509375
226		5.287500
227		5.537500
228		5.462500
229		5.625000
230		5.775000
231		5.906250
232		5.937500
233		6.171875
234		5.775000
235		6.203125
236		5.684375
237		5.906250
238		5.684375
239		6.040625
240		5.831250
241		6.215625
242		5.950000
243		6.171875
244		6.128125
245		6.171875
246		6.203125
247		6.631250
248		6.318750
249		6.940625
250		6.718750
251		7.178125
252		7.087500
253		7.000000
254		7.575000
255		7.237500
256		7.562500
257		7.059375
258		7.368750
259		7.000000
260		7.400000
261		7.237500
262		7.206250
263		7.131250
264		7.546875
265		7.237500
266		7.206250
267		6.881250
268		7.190625
269		6.956250
270		7.456250
271		7.384375
272		7.400000
273		7.340625
274		7.575000
275		7.075000
276		7.028125
277		6.881250
278		6.881250
279		7.028125
280		7.043750
281		7.206250
282		7.487500
283		7.118750
284		7.309375
285		7.237500
286		7.250000
287		6.940625
288		7.075000
289		6.865625
290		7.087500
291		7.178125
292		7.103125
293		7.178125
294		7.384375
295		7.281250
296		7.340625
297		7.087500
298		7.178125
299		7.237500
300		7.059375
301		7.546875
302		7.325000
303		7.000000
304		7.178125
305		6.968750
306		6.984375
307		6.643750
308		6.393750
309		6.496875
310		6.587500
311		6.540625
312		6.437500
313		6.128125
314		6.393750
315		6.215625
316		5.878125
317		6.203125
318		5.906250
319		5.715625
320		6.143750
321		5.403125
322		6.453125
323		7.515625
324		6.821875
325		6.246875
326		5.878125
327		6.215625
328		5.937500
329		6.068750
330		6.806250
331		6.718750
332		6.350000
333		6.984375
334		6.215625
335		6.703125
336		6.468750
337		6.275000
338		6.437500
339		6.334375
340		6.246875
341		6.215625
342		6.215625
343		6.053125
344		6.143750
345		5.965625
346		5.981250
347		6.378125
348		5.950000
349		6.393750
350		6.112500
351		6.275000
352		6.587500
353		6.246875
354		6.025000
355		5.612500
356		5.906250
357		5.921875
358		6.350000
359		6.025000
360		6.025000
361		6.128125
362		5.981250
363		6.425000
364		6.262500
365		6.171875
366		5.803125
367		6.231250
368		5.390625
369		5.906250
370		6.128125
371		6.203125
372		6.009375
373		5.906250
374		5.521875
375		5.728125
376		5.434375
377		5.493750
378		5.862500
379		5.831250
380		5.493750
381		5.612500
382		5.287500
383		5.346875
384		5.315625
385		5.153125
386		5.390625
387		4.962500
388		4.356250
389		4.606250
390		4.725000
391		4.621875
392		4.650000
393		4.518750
394		4.475000
395		4.621875
396		4.103125
397		4.312500
398		4.428125
399		4.428125
400		4.221875
401		4.371875
402		4.356250
403		5.212500
404		5.078125
405		4.871875
406		4.946875
407		4.740625
408		4.725000
409		4.503125
410		4.812500
411		4.534375
412		5.228125
413		4.812500
414		4.768750
415		5.168750
416		4.443750
417		4.428125
418		4.371875
419		4.475000
420		4.812500
421		4.768750
422		5.093750
423		4.800000
424		5.109375
425		4.887500
426		5.509375
427		5.078125
428		4.962500
429		5.375000
430		4.975000
431		5.581250
432		5.728125
433		5.581250
434		5.803125
435		5.906250
436		5.950000
437		5.787500
438		5.878125
439		6.350000
440		6.275000
441		6.068750
442		6.318750
443		6.306250
444		6.659375
445		6.600000
446		6.571875
447		6.571875
448		7.190625
449		6.793750
450		7.146875
451		7.178125
452		7.293750
453		7.618750
454		7.562500
455		7.796875
456		7.471875
457		7.828125
458		7.575000
459		7.546875
460		7.665625
461		7.590625
462		7.753125
463		7.915625
464		7.665625
465		7.590625
466		7.753125
467		7.281250
468		7.384375
469		7.340625
470		7.353125
471		7.693750
472		7.590625
473		7.678125
474		7.856250
475		6.912500
476		7.975000
477		7.340625
478		7.162500
479		7.443750
480		7.384375
481		7.443750
482		6.896875
483		6.762500
484		7.087500
485		6.690625
486		6.734375
487		6.912500
488		6.806250
489		6.100000
490		6.068750
491		6.084375
492		6.306250
493		6.171875
494		5.803125
495		5.521875
496		5.359375
497		5.656250
498		6.631250
499		5.775000
500		5.684375
501		5.906250
502		6.025000
503		5.700000
504		6.100000
505		6.156250
506		6.084375
507		5.993750
508		5.890625
509		5.700000
510		5.553125
511		5.759375
512		5.715625
513		5.775000
514		5.846875
515		5.906250
516		5.862500
517		5.937500
518		5.612500
519		5.537500
520		5.981250
521		5.878125
522		6.009375
523		5.906250
524		6.187500
525		6.100000
526		5.153125
527		6.365625
528		6.215625
529		6.025000
530		6.318750
531		6.437500
532		6.334375
533		6.540625
534		6.453125
535		6.718750
536		6.540625
537		6.528125
538		6.496875
539		6.837500
540		6.512500
541		6.556250
542		6.453125
543		6.306250
544		6.793750
545		6.587500
546		6.853125
547		6.793750
548		7.531250
549		6.393750
550		6.925000
551		6.837500
552		7.618750
553		7.503125
554		7.768750
555		7.575000
556		7.990625
557		7.618750
558		8.093750
559		7.828125
560		7.471875
561		7.871875
562		7.796875
563		7.915625
564		7.353125
565		7.856250
566		7.650000
567		7.721875
568		7.562500
569		7.828125
570		7.590625
571		8.093750
572		7.871875
573		7.884375
574		7.575000
575		7.546875
576		7.546875
577		7.871875
578		7.693750
579		7.575000
580		7.618750
581		7.650000
582		7.471875
583		7.606250
584		7.531250
585		7.768750
586		7.546875
587		6.837500
588		7.546875
589		6.940625
590		6.984375
591		6.806250
592		6.762500
593		6.690625
594		6.718750
595		6.587500
596		6.540625
597		6.512500
598		6.718750
599		6.496875
600		6.425000
601		6.556250
602		6.318750
603		6.896875
604		6.643750
605		6.806250
606		6.675000
607		6.806250
608		6.587500
609		6.718750
610		6.365625
611		6.318750
612		6.084375
613		6.171875
614		6.350000
615		6.393750
616		5.537500
617		5.846875
618		5.950000
619		6.068750
620		5.921875
621		6.203125
622		5.937500
623		6.275000
624		6.203125
625		6.496875
626		6.587500
627		6.437500
628		6.690625
629		6.631250
630		6.806250
631		6.690625
632		6.512500
633		7.028125
634		6.615625
635		7.384375
636		6.675000
637		7.575000
638		7.575000
639		8.046875
640		8.165625
641		7.028125
642		7.871875
643		7.162500
644		7.709375
645		7.884375
646		8.093750
647		8.284375
648		8.121875
649		7.871875
650		8.165625
651		7.634375
652		7.812500
653		8.046875
654		8.756250
655		8.728125
656		9.096875
657		8.978125
658		8.446875
659		8.521875
660		8.196875
661		8.284375
662		8.018750
663		8.359375
664		8.046875
665		8.640625
666		7.665625
667		8.196875
668		8.371875
669		8.093750
670		8.121875
671		7.781250
672		7.650000
673		8.018750
674		7.796875
675		8.240625
676		10.309375
677		8.093750
678		8.268750
679		7.443750
680		8.240625
681		8.684375
682		7.943750
683		7.943750
684		7.990625
685		8.003125
686		7.884375
687		8.018750
688		7.768750
689		8.181250
690		7.190625
691		7.087500
692		6.806250
693		6.600000
694		6.215625
695		6.203125
696		6.643750
697		6.437500
698		6.275000
699		6.084375
700		6.156250
701		5.965625
702		5.093750
703		5.390625
704		5.521875
705		5.878125
706		5.728125
707		5.700000
708		6.615625
709		4.887500
710		6.009375
711		4.915625
712		5.256250
713		5.462500
714		5.137500
715		5.878125
716		5.581250
717		5.359375
718		4.843750
719		4.915625
720		5.509375
721		5.240625
722		5.684375
723		4.812500
724		5.093750
725		4.915625
726		4.990625
727		5.212500
728		5.256250
729		5.625000
730		5.906250
731		5.625000
732		5.331250
733		5.137500
734		5.256250
735		5.287500
736		5.612500
737		5.743750
738		5.656250
739		5.993750
740		5.787500
741		5.775000
742		5.315625
743		5.390625
744		5.359375
745		5.434375
746		5.684375
747		6.171875
748		6.156250
749		5.656250
750		5.846875
751		6.025000
752		5.906250
753		5.937500
754		5.684375
755		6.496875
756		6.881250
757		6.481250
758		7.015625
759		6.940625
760		6.956250
761		7.043750
762		6.690625
763		6.865625
764		6.718750
765		7.178125
766		7.206250
767		7.250000
768		6.881250
769		7.146875
770		6.793750
771		6.956250
772		6.865625
773		6.318750
774		6.881250
775		6.587500
776		6.703125
777		6.806250
778		6.806250
779		6.881250
780		6.587500
781		6.968750
782		6.571875
783		6.187500
784		6.571875
785		6.496875
786		6.318750
787		6.587500
788		6.571875
789		6.540625
790		6.350000
791		6.262500
792		6.187500
793		5.478125
794		5.862500
795		6.203125
796		6.496875
797		6.409375
798		6.615625
799		6.112500
800		6.171875
801		5.846875
802		5.878125
803		5.937500
804		5.787500
805		6.968750
806		6.615625
807		6.865625
808		6.393750
809		6.128125
810		5.981250
811		5.906250
812		5.346875
813		5.846875
814		5.656250
815		5.862500
816		5.612500
817		5.775000
818		5.065625
819		4.871875
820		5.050000
821		4.871875
822		4.443750
823		4.768750
824		4.637500
825		4.221875
826		4.784375
827		4.371875
828		4.534375
829		4.828125
830		4.162500
831		3.884375
832		4.812500
833		4.253125
834		4.281250
835		4.503125
836		4.443750
837		4.725000
838		5.137500
839		4.650000
840		4.709375
841		4.518750
842		4.518750
843		4.518750
844		4.325000
845		4.518750
846		4.534375
847		4.915625
848		4.931250
849		4.768750
850		4.340625
851		4.946875
852		4.325000
853		4.812500
854		4.800000
855		5.271875
856		5.287500
857		5.565625
858		5.581250
859		5.581250
860		5.493750
861		5.315625
862		5.537500
863		5.700000
864		5.450000
865		5.625000
866		5.612500
867		5.537500
868		5.390625
869		4.962500
870		4.962500
871		5.137500
872		5.065625
873		4.990625
874		5.271875
875		5.034375
876		5.240625
877		5.153125
878		4.800000
879		5.021875
880		4.740625
881		5.434375
882		6.171875
883		5.125000
884		5.093750
885		5.093750
886		5.715625
887		5.331250
888		5.831250
889		5.493750
890		5.462500
891		5.906250
892		5.775000
893		5.846875
894		5.271875
895		5.462500
896		5.153125
897		5.434375
898		5.315625
899		5.612500
900		4.828125
901		5.359375
902		5.315625
903		5.240625
904		5.390625
905		4.871875
906		5.184375
907		6.365625
908		5.803125
909		6.615625
910		5.993750
911		6.262500
912		6.203125
913		6.053125
914		6.290625
915		6.528125
916		6.334375
917		5.700000
918		5.775000
919		5.993750
920		5.256250
921		5.612500
922		5.521875
923		5.359375
924		4.753125
925		5.434375
926		4.931250
927		5.359375
928		5.021875
929		5.109375
930		5.153125
931		5.553125
932		6.496875
933		6.009375
934		5.818750
935		5.656250
936		5.862500
937		5.196875
938		6.100000
939		6.437500
940		6.290625
941		6.215625
942		6.231250
943		6.246875
944		5.596875
945		5.109375
946		5.153125
947		5.831250
948		5.700000
949		5.787500
950		5.775000
951		5.878125
952		5.831250
953		5.509375
954		5.418750
955		5.034375
956		5.775000
957		6.615625
958		6.718750
959		7.237500
960		6.409375
961		6.068750
962		6.659375
963		6.437500
964		6.750000
965		6.778125
966		5.493750
967		6.587500
968		6.306250
969		6.643750
970		5.950000
971		6.425000
972		5.921875
973		6.365625
974		5.921875
975		6.025000
976		5.803125
977		6.128125
978		6.246875
979		6.587500
980		6.290625
981		5.950000
982		5.981250
983		6.025000
984		6.571875
985		5.921875
986		6.128125
987		6.481250
988		6.806250
989		6.690625
990		6.143750
991		6.481250
992		6.275000
993		6.643750
994		6.156250
995		6.100000
996		5.921875
997		5.878125
998		6.378125
999		5.950000
1000		5.787500
1001		5.981250
1002		5.684375
1003		5.612500
1004		5.553125
1005		5.759375
1006		5.700000
1007		5.684375
1008		7.131250
1009		6.734375
1010		6.690625
1011		6.409375
1012		6.587500
1013		5.878125
1014		6.468750
1015		6.571875
1016		5.906250
1017		6.896875
1018		6.350000
1019		6.187500
1020		6.496875
1021		5.803125
1022		5.478125
1023		5.640625
1024		6.143750
1025		5.390625
1026		5.390625
1027		5.168750
1028		5.625000
1029		5.240625
1030		4.740625
1031		5.168750
1032		4.915625
1033		5.462500
1034		5.684375
1035		5.700000
1036		6.068750
1037		5.256250
1038		5.184375
1039		5.212500
1040		5.375000
1041		5.256250
1042		5.093750
1043		4.887500
1044		5.137500
1045		4.990625
1046		4.696875
1047		4.415625
1048		4.459375
1049		4.103125
1050		4.665625
1051		4.534375
1052		4.209375
1053		4.371875
1054		4.296875
1055		4.281250
1056		4.621875
1057		4.265625
1058		4.281250
1059		4.887500
1060		4.768750
1061		5.021875
1062		4.768750
1063		5.256250
1064		5.184375
1065		4.800000
1066		4.887500
1067		4.946875
1068		4.768750
1069		4.578125
1070		4.859375
1071		4.265625
1072		4.400000
1073		4.178125
1074		4.134375
1075		4.059375
1076		3.559375
1077		4.371875
1078		4.000000
1079		2.759375
1080		4.990625
1081		4.178125
1082		4.443750
1083		3.912500
1084		4.356250
1085		4.340625
1086		3.987500
1087		4.075000
1088		4.740625
1089		4.075000
1090		4.475000
1091		4.209375
1092		4.428125
1093		4.946875
1094		4.103125
1095		4.075000
1096		3.956250
1097		3.765625
1098		3.706250
1099		3.543750
1100		3.468750
1101		3.809375
1102		3.618750
1103		3.618750
1104		3.440625
1105		3.646875
1106		3.246875
1107		3.512500
1108		3.571875
1109		4.118750
1110		4.487500
1111		4.590625
1112		4.356250
1113		4.590625
1114		4.503125
1115		4.253125
1116		4.340625
1117		4.281250
1118		3.884375
1119		4.990625
1120		4.650000
1121		4.546875
1122		4.150000
1123		4.031250
1124		4.178125
1125		3.365625
1126		3.409375
1127		4.031250
1128		3.912500
1129		4.178125
1130		3.884375
1131		4.281250
1132		4.000000
1133		3.781250
1134		4.237500
1135		4.103125
1136		3.896875
1137		4.253125
1138		4.090625
1139		4.340625
1140		4.253125
1141		4.768750
1142		4.665625
1143		4.356250
1144		4.562500
1145		4.000000
1146		4.384375
1147		4.312500
1148		3.484375
1149		4.150000
1150		4.000000
1151		3.928125
1152		3.825000
1153		3.571875
1154		3.690625
1155		3.721875
1156		4.075000
1157		3.971875
1158		4.518750
1159		4.000000
1160		5.078125
1161		5.125000
1162		5.137500
1163		4.534375
1164		4.650000
1165		4.443750
1166		4.475000
1167		4.475000
1168		3.928125
1169		5.287500
1170		4.768750
1171		4.578125
1172		4.650000
1173		4.371875
1174		4.150000
1175		4.075000
1176		3.809375
1177		4.000000
1178		3.971875
1179		4.325000
1180		4.340625
1181		4.253125
1182		4.281250
1183		4.193750
1184		3.662500
1185		4.665625
1186		4.665625
1187		4.709375
1188		5.271875
1189		4.371875
1190		4.621875
1191		4.590625
1192		4.650000
1193		4.606250
1194		4.503125
1195		4.459375
1196		4.371875
1197		4.503125
1198		4.150000
1199		4.150000
1200		4.296875
1201		4.031250
1202		3.675000
1203		3.781250
1204		3.512500
1205		3.853125
1206		4.221875
1207		3.853125
1208		3.734375
1209		3.987500
1210		3.675000
1211		4.606250
1212		4.209375
1213		4.475000
1214		4.665625
1215		4.871875
1216		4.237500
1217		4.578125
1218		4.578125
1219		4.371875
1220		4.590625
1221		4.650000
1222		4.696875
1223		4.859375
1224		4.090625
1225		4.209375
1226		4.178125
1227		4.134375
1228		4.281250
1229		3.912500
1230		4.150000
1231		3.706250
1232		4.296875
1233		3.765625
1234		3.721875
1235		4.253125
1236		4.578125
1237		4.371875
1238		4.296875
1239		4.356250
1240		4.118750
1241		4.031250
1242		4.046875
1243		4.843750
1244		4.015625
1245		4.325000
1246		4.281250
1247		3.896875
1248		3.912500
1249		3.631250
1250		3.025000
1251		3.468750
1252		3.559375
1253		2.818750
1254		3.837500
1255		3.440625
1256		3.143750
1257		3.425000
1258		3.159375
1259		3.512500
1260		3.587500
1261		3.706250
1262		4.031250
1263		4.590625
1264		2.909375
1265		5.034375
1266		5.287500
1267		4.696875
1268		3.293750
1269		3.571875
1270		4.103125
1271		4.325000
1272		4.475000
1273		4.696875
1274		4.428125
1275		4.237500
1276		4.253125
1277		4.178125
1278		3.631250
1279		3.543750
1280		3.734375
1281		4.209375
1282		3.912500
1283		3.928125
1284		3.765625
1285		3.706250
1286		4.134375
1287		3.956250
1288		4.237500
1289		4.356250
1290		4.178125
1291		4.518750
1292		4.150000
1293		4.237500
1294		4.578125
1295		3.896875
1296		4.312500
1297		4.371875
1298		3.618750
1299		3.440625
1300		3.837500
1301		3.468750
1302		3.825000
1303		4.075000
1304		3.793750
1305		4.134375
1306		3.809375
1307		3.456250
1308		3.781250
1309		3.837500
1310		3.721875
1311		3.884375
1312		4.265625
1313		4.946875
1314		4.518750
1315		4.518750
1316		4.209375
1317		4.015625
1318		4.134375
1319		3.468750
1320		4.221875
1321		4.103125
1322		4.265625
1323		4.015625
1324		3.884375
1325		3.234375
1326		3.350000
1327		3.409375
1328		3.175000
1329		2.878125
1330		3.440625
1331		3.468750
1332		3.690625
1333		3.262500
1334		2.656250
1335		3.706250
1336		3.025000
1337		3.631250
1338		3.721875
1339		3.603125
1340		3.337500
1341		3.781250
1342		2.818750
1343		3.350000
1344		3.100000
1345		3.187500
1346		3.175000
1347		2.568750
1348		3.143750
1349		3.293750
1350		2.303125
1351		2.156250
1352		1.946875
1353		2.481250
1354		2.375000
1355		1.934375
1356		2.006250
1357		2.109375
1358		1.712500
1359		2.109375
1360		1.668750
1361		1.784375
1362		2.065625
1363		2.450000
1364		2.287500
1365		2.156250
1366		2.037500
1367		2.184375
1368		2.184375
1369		1.593750
1370		2.259375
1371		2.346875
1372		1.918750
1373		1.728125
1374		1.903125
1375		1.490625
1376		1.621875
1377		1.403125
1378		2.037500
1379		0.796875
1380		0.471875
1381		1.253125
1382		0.856250
1383		1.193750
1384		1.225000
1385		0.543750
1386		0.753125
1387		0.971875
1388		1.343750
1389		0.884375
1390		1.134375
1391		0.781250
1392		0.781250
1393		1.490625
1394		1.356250
1395		1.181250
1396		0.943750
1397		0.959375
1398		1.446875
1399		0.646875
1400		0.543750
1401		0.590625
1402		0.809375
1403		0.796875
1404		0.971875
1405		0.456250
1406		0.693750
1407		0.884375
1408		0.678125
1409		-0.400000
1410		0.721875
1411		0.309375
1412		0.337500
1413		1.046875
1414		0.900000
1415		0.678125
1416		0.471875
1417		0.575000
1418		-0.178125
1419		-0.431250
1420		-0.593750
1421		-0.090625
1422		-1.256250
1423		-1.196875
1424		-1.065625
1425		-1.906250
1426		-1.625000
1427		-1.862500
1428		-1.950000
1429		-2.068750
1430		-1.950000
1431		-2.215625
1432		-2.053125
1433		-1.625000
1434		-1.137500
1435		-1.081250
1436		-0.696875
1437		-1.006250
1438		0.337500
1439		0.115625
1440		0.603125
1441		0.971875
1442		1.578125
1443		2.375000
1444		2.818750
1445		3.468750
1446		3.587500
1447		4.000000
1448		4.400000
1449		3.809375
1450		5.256250
1451		5.065625
1452		4.031250
1453		5.565625
1454		5.831250
1455		6.053125
1456		6.203125
1457		5.728125
1458		6.203125
1459		6.318750
1460		7.103125
1461		6.246875
1462		6.481250
1463		6.600000
1464		6.468750
1465		6.659375
1466		7.531250
1467		7.087500
1468		6.068750
1469		7.503125
1470		7.281250
1471		7.618750
1472		7.840625
1473		7.721875
1474		7.503125
1475		8.431250
1476		8.446875
1477		8.490625
1478		8.506250
1479		8.387500
1480		8.787500
1481		8.934375
1482		9.156250
1483		9.009375
1484		10.309375
1485		9.893750
1486		9.834375
1487		9.806250
1488		10.353125
1489		10.175000
1490		10.131250
1491		9.718750
1492		10.218750
1493		9.953125
1494		9.525000
1495		9.053125
1496		9.096875
1497		7.871875
1498		7.281250
1499		6.925000
1500		6.425000
1501		5.684375
1502		5.137500
1503		4.768750
1504		3.940625
1505		3.187500
1506		2.331250
1507		1.815625
1508		1.475000
1509		0.959375
1510		0.412500
1511		0.381250
1512		-0.193750
1513		-0.356250
1514		-0.106250
1515		-0.150000
1516		-0.281250
1517		-0.459375
1518		-0.621875
1519		-0.356250
1520		-1.315625
1521		-0.193750
1522		-0.253125
1523		-0.606250
1524		-0.296875
1525		0.056250
1526		0.087500
1527		0.206250
1528		-0.578125
1529		-0.325000
1530		0.071875
1531		-0.209375
1532		-0.090625
1533		-0.340625
1534		0.175000
1535		0.440625
1536		-0.296875
1537		-0.221875
1538		0.043750
1539		-0.400000
1540		0.146875
1541		-0.443750
1542		0.000000
1543		0.000000
1544		-0.118750
1545		0.159375
1546		-0.356250
1547		-0.118750
1548		-0.475000
1549		-0.562500
1550		-0.400000
1551		-0.356250
1552		-0.415625
1553		-0.503125
1554		-0.578125
1555		0.087500
1556		-0.015625
1557		0.309375
1558		0.412500
1559		0.590625
1560		0.543750
1561		1.668750
1562		1.962500
1563		2.525000
1564		2.596875
1565		3.928125
1566		4.475000
1567		4.665625
1568		4.843750
1569		5.612500
1570		6.068750
1571		6.275000
1572		6.350000
1573		7.178125
1574		7.471875
1575		7.871875
1576		7.618750
1577		8.431250
1578		7.781250
1579		7.871875
1580		7.737500
1581		7.871875
1582		8.093750
1583		8.315625
1584		8.315625
1585		8.462500
1586		8.359375
1587		8.018750
1588		8.181250
1589		7.781250
1590		8.225000
1591		8.387500
1592		7.678125
1593		7.721875
1594		8.418750
1595		7.990625
1596		7.828125
1597		7.400000
1598		6.984375
1599		7.043750
1600		6.290625
1601		6.912500
1602		6.643750
1603		5.612500
1604		5.375000
1605		4.768750
1606		4.812500
1607		4.606250
1608		4.031250
1609		3.484375
1610		3.512500
1611		3.040625
1612		3.278125
1613		2.525000
1614		1.831250
1615		1.918750
1616		2.287500
1617		1.371875
1618		1.312500
1619		0.884375
1620		0.706250
1621		0.115625
1622		0.159375
1623		0.071875
1624		0.115625
1625		-0.443750
1626		-0.546875
1627		-0.384375
1628		-0.325000
1629		-1.671875
1630		-1.006250
1631		-1.359375
1632		-1.359375
1633		-1.671875
1634		-1.656250
1635		-1.656250
1636		-1.093750
1637		-1.656250
1638		-1.581250
1639		-1.243750
1640		-1.862500
1641		-0.015625
1642		0.131250
1643		-0.075000
1644		0.115625
1645		0.087500
1646		0.575000
1647		1.106250
1648		0.337500
1649		1.415625
1650		1.918750
1651		2.140625
1652		1.918750
1653		2.362500
1654		1.903125
1655		2.021875
1656		2.434375
1657		2.331250
1658		2.568750
1659		2.909375
1660		4.356250
1661		3.468750
1662		3.781250
1663		3.956250
1664		4.046875
1665		4.518750
1666		5.625000
1667		5.656250
1668		5.937500
1669		6.231250
1670		5.965625
1671		6.675000
1672		6.912500
1673		6.615625
1674		6.853125
1675		7.178125
1676		6.793750
1677		7.665625
1678		8.478125
1679		7.618750
1680		7.693750
1681		7.250000
1682		7.840625
1683		7.665625
1684		7.678125
1685		8.240625
1686		7.575000
1687		8.240625
1688		7.721875
1689		7.353125
1690		7.650000
1691		7.384375
1692		8.209375
1693		7.721875
1694		7.650000
1695		7.428125
1696		7.590625
1697		7.131250
1698		7.103125
1699		6.821875
1700		6.778125
1701		6.318750
1702		6.778125
1703		6.128125
1704		5.184375
1705		4.546875
1706		4.696875
1707		4.059375
1708		3.587500
1709		4.209375
1710		3.409375
1711		3.143750
1712		2.537500
1713		2.759375
1714		2.228125
1715		2.346875
1716		1.815625
1717		2.584375
1718		1.875000
1719		2.362500
1720		2.065625
1721		1.475000
1722		1.209375
1723		0.825000
1724		0.753125
1725		0.115625
1726		1.003125
1727		0.856250
1728		0.575000
1729		0.737500
1730		-0.990625
1731		-0.593750
1732		-0.431250
1733		-0.518750
1734		-0.990625
1735		-0.150000
1736		-0.193750
1737		0.115625
1738		-0.253125
1739		-0.340625
1740		0.412500
1741		0.368750
1742		1.343750
1743		1.240625
1744		1.253125
1745		1.859375
1746		2.125000
1747		2.346875
1748		2.525000
1749		2.346875
1750		3.143750
1751		2.671875
1752		3.468750
1753		3.706250
1754		3.543750
1755		2.893750
1756		2.450000
1757		3.143750
1758		3.956250
1759		4.075000
1760		3.512500
1761		3.987500
1762		4.000000
1763		4.534375
1764		4.281250
1765		3.409375
1766		4.887500
1767		5.137500
1768		5.878125
1769		5.684375
1770		5.831250
1771		5.462500
1772		5.493750
1773		5.478125
1774		5.596875
1775		5.537500
1776		5.921875
1777		5.612500
1778		5.050000
1779		6.053125
1780		5.271875
1781		4.443750
1782		4.253125
1783		3.837500
1784		4.209375
1785		3.928125
1786		3.884375
1787		3.409375
1788		3.690625
1789		2.953125
1790		2.968750
1791		2.259375
1792		2.628125
1793		3.631250
1794		3.559375
1795		3.246875
1796		2.687500
1797		2.553125
1798		2.318750
1799		1.978125
1800		1.831250
1801		2.096875
1802		1.550000
1803		1.784375
1804		1.134375
1805		1.046875
1806		-0.621875
1807		0.293750
1808		-0.178125
1809		-0.325000
1810		-0.784375
1811		-0.871875
1812		-0.871875
1813		-0.768750
1814		-1.493750
1815		-1.359375
1816		-2.025000
1817		-1.287500
1818		-1.034375
1819		-1.168750
1820		-1.331250
1821		-1.803125
1822		-1.950000
1823		-2.143750
1824		-1.937500
1825		-1.906250
1826		-1.981250
1827		-1.553125
1828		-1.700000
1829		-1.596875
1830		-2.171875
1831		-2.393750
1832		-2.009375
1833		-2.350000
1834		-2.275000
1835		-1.981250
1836		-1.921875
1837		-1.434375
1838		-2.053125
1839		-2.793750
1840		-2.365625
1841		-2.734375
1842		-1.981250
1843		-1.034375
1844		-1.418750
1845		-1.196875
1846		-0.756250
1847		-1.137500
1848		-1.137500
1849		-0.621875
1850		-0.665625
1851		-0.150000
1852		-0.384375
1853		-0.578125
1854		-0.443750
1855		-0.546875
1856		-1.137500
1857		-1.021875
1858		-1.081250
1859		-0.459375
1860		-1.093750
1861		-0.621875
1862		-1.021875
1863		-1.109375
1864		-0.431250
1865		-0.296875
1866		-0.621875
1867		-0.296875
1868		-0.106250
1869		0.796875
1870		1.031250
1871		0.484375
1872		0.543750
1873		0.103125
1874		0.250000
1875		0.381250
1876		0.000000
1877		0.634375
1878		0.175000
1879		0.618750
1880		0.515625
1881		0.103125
1882		-0.871875
1883		-0.325000
1884		-0.593750
1885		-0.193750
1886		-0.800000
1887		-0.296875
1888		-0.134375
1889		-0.903125
1890		-0.578125
1891		-0.621875
1892		-0.740625
1893		-0.546875
1894		0.634375
1895		0.381250
1896		0.381250
1897		-0.106250
1898		0.234375
1899		-0.150000
1900		0.175000
1901		0.368750
1902		0.471875
1903		0.515625
1904		0.428125
1905		0.721875
1906		0.175000
1907		-0.665625
1908		-0.443750
1909		-0.106250
1910		-0.075000
1911		-0.400000
1912		-0.209375
1913		-0.356250
1914		0.087500
1915		-0.487500
1916		-0.150000
1917		-0.253125
1918		-0.106250
1919		0.412500
1920		0.559375
1921		0.737500
1922		0.693750
1923		0.159375
1924		0.159375
1925		0.440625
1926		0.146875
1927		0.428125
1928		0.337500
1929		0.396875
1930		-0.400000
1931		0.309375
1932		0.293750
1933		-0.725000
1934		-0.696875
1935		-0.740625
1936		-0.371875
1937		-0.475000
1938		-0.296875
1939		-0.962500
1940		-0.281250
1941		-0.281250
1942		-0.475000
1943		-0.178125
1944		-0.296875
1945		0.381250
1946		0.043750
1947		0.381250
1948		0.146875
1949		0.678125
1950		0.515625
1951		0.662500
1952		0.678125
1953		0.309375
1954		0.368750
1955		0.012500
1956		-0.178125
1957		-0.031250
1958		-0.871875
1959		-0.443750
1960		-0.059375
1961		-0.475000
1962		-0.296875
1963		-0.443750
1964		-0.800000
1965		-0.740625
1966		-0.725000
1967		-0.946875
1968		-0.221875
1969		-0.443750
1970		0.484375
1971		0.440625
1972		0.590625
1973		0.900000
1974		0.471875
1975		0.575000
1976		-0.593750
1977		-0.031250
1978		0.440625
1979		-0.031250
1980		0.087500
1981		0.353125
1982		-0.059375
1983		-0.221875
1984		-0.209375
1985		-1.212500
1986		-0.253125
1987		-0.650000
1988		-0.415625
1989		-0.384375
1990		-0.546875
1991		-0.459375
1992		-0.443750
1993		-1.153125
1994		-0.546875
1995		-0.015625
1996		-0.178125
1997		-0.637500
1998		-0.415625
1999		-0.178125
2000		-0.134375
2001		0.293750
2002		-0.356250
2003		0.250000
2004		-0.134375
2005		-0.312500
2006		-0.193750
2007		-0.106250
2008		0.043750
2009		-0.725000
2010		-0.740625
2011		-0.106250
2012		-0.075000
2013		0.043750
2014		-0.593750
2015		-0.578125
2016		-0.859375
2017		0.250000
2018		0.175000
2019		-0.059375
2020		0.056250
2021		0.662500
2022		0.634375
2023		0.515625
2024		1.003125
2025		1.209375
2026		1.312500
2027		0.915625
2028		1.090625
2029		0.971875
2030		1.078125
2031		0.218750
2032		0.840625
2033		0.825000
2034		-0.031250
2035		0.159375
2036		-0.621875
2037		0.146875
2038		-0.046875
2039		-0.106250
2040		-0.487500
2041		-0.975000
2042		-0.443750
2043		-0.178125
2044		-0.487500
2045		-0.578125
2046		-0.650000
2047		-0.534375
2048		-0.325000
2049		-0.371875
2050		-0.059375
2051		-0.475000
2052		-0.415625
2053		-1.081250
2054		-1.256250
2055		-1.478125
2056		-0.546875
2057		-1.065625
2058		-0.828125
2059		-1.478125
2060		-1.981250
2061		-1.243750
2062		-1.093750
2063		-1.315625
2064		-1.478125
2065		-1.731250
2066		-0.443750
2067		-0.650000
2068		-1.243750
2069		-0.800000
2070		-1.125000
2071		-0.768750
2072		-0.312500
2073		-0.650000
2074		-0.178125
2075		-0.371875
2076		-0.725000
2077		-0.768750
2078		-0.059375
2079		-0.296875
2080		-0.237500
2081		-0.650000
2082		-0.193750
2083		-0.709375
2084		-0.090625
2085		-0.518750
2086		-0.593750
2087		-1.212500
2088		-1.478125
2089		-0.812500
2090		-0.784375
2091		-0.593750
2092		-1.434375
2093		-0.221875
2094		-0.740625
2095		-0.431250
2096		-0.681250
2097		-0.340625
2098		-0.400000
2099		-0.134375
2100		0.234375
2101		0.868750
2102		0.278125
2103		0.159375
2104		0.159375
2105		0.293750
2106		0.706250
2107		0.071875
2108		0.543750
2109		0.515625
2110		-0.431250
2111		0.218750
2112		0.159375
2113		-0.178125
2114		-0.812500
2115		0.087500
2116		0.218750
2117		0.428125
2118		-0.221875
2119		0.900000
2120		0.440625
2121		0.706250
2122		0.959375
2123		0.915625
2124		0.678125
2125		1.446875
2126		1.784375
2127		1.415625
2128		1.593750
2129		1.550000
2130		1.343750
2131		1.150000
2132		1.859375
2133		1.668750
2134		2.168750
2135		0.825000
2136		1.031250
2137		1.106250
2138		1.031250
2139		0.559375
2140		0.456250
2141		1.565625
2142		1.328125
2143		0.809375
2144		0.484375
2145		0.971875
2146		0.737500
2147		0.971875
2148		1.193750
2149		0.840625
2150		1.637500
2151		1.046875
2152		1.653125
2153		1.403125
2154		1.209375
2155		0.825000
2156		0.321875
2157		1.090625
2158		1.003125
2159		1.078125
2160		0.603125
2161		-0.696875
2162		0.250000
2163		0.190625
2164		0.159375
2165		-0.459375
2166		0.456250
2167		0.559375
2168		0.412500
2169		-0.046875
2170		0.396875
2171		0.706250
2172		0.381250
2173		1.003125
2174		1.121875
2175		1.415625
2176		1.890625
2177		1.550000
2178		1.403125
2179		1.578125
2180		1.296875
2181		0.825000
2182		1.712500
2183		2.021875
2184		1.771875
2185		1.890625
2186		0.412500
2187		1.253125
2188		0.484375
2189		0.721875
2190		0.218750
2191		1.134375
2192		0.693750
2193		1.003125
2194		0.825000
2195		1.003125
2196		0.915625
2197		0.971875
2198		1.431250
2199		1.181250
2200		0.856250
2201		1.193750
2202		1.609375
2203		1.668750
2204		1.225000
2205		1.031250
2206		1.046875
2207		0.396875
2208		0.796875
2209		0.943750
2210		0.753125
2211		-0.400000
2212		-0.606250
2213		0.146875
2214		0.056250
2215		0.234375
2216		-1.184375
2217		0.175000
2218		0.131250
2219		-0.178125
2220		-0.400000
2221		-0.859375
2222		0.190625
2223		0.590625
2224		0.634375
2225		0.825000
2226		0.603125
2227		-0.118750
2228		0.471875
2229		0.293750
2230		0.456250
2231		0.146875
2232		0.146875
2233		0.381250
2234		0.381250
2235		0.662500
2236		0.103125
2237		-0.162500
2238		-0.134375
2239		-0.665625
2240		-0.415625
2241		0.115625
2242		0.012500
2243		-0.325000
2244		0.071875
2245		0.071875
2246		0.278125
2247		-0.178125
2248		-0.546875
2249		0.381250
2250		0.781250
2251		1.240625
2252		1.046875
2253		0.618750
2254		0.737500
2255		0.825000
2256		0.484375
2257		1.240625
2258		1.268750
2259		1.193750
2260		1.078125
2261		1.121875
2262		0.575000
2263		0.634375
2264		0.603125
2265		0.575000
2266		0.634375
2267		0.856250
2268		0.543750
2269		0.737500
2270		0.678125
2271		0.543750
2272		0.309375
2273		0.515625
2274		0.662500
2275		0.971875
2276		1.121875
2277		0.706250
2278		1.003125
2279		0.662500
2280		0.706250
2281		0.428125
2282		0.721875
2283		1.253125
2284		0.971875
2285		1.046875
2286		1.046875
2287		0.618750
2288		0.781250
2289		0.575000
2290		0.590625
2291		0.825000
2292		0.781250
2293		0.515625
2294		0.868750
2295		0.646875
2296		0.987500
2297		1.106250
2298		0.706250
2299		1.031250
2300		1.312500
2301		0.943750
2302		0.634375
2303		1.031250
2304		1.181250
2305		0.753125
2306		0.559375
2307		0.471875
2308		0.293750
2309		0.190625
2310		0.103125
2311		-0.296875
2312		-0.518750
2313		-0.487500
2314		-0.946875
2315		-1.021875
2316		-0.606250
2317		-1.137500
2318		-0.990625
2319		-1.125000
2320		-1.034375
2321		-1.331250
2322		-1.906250
2323		-1.434375
2324		-0.946875
2325		-1.093750
2326		-1.153125
2327		-0.962500
2328		-1.612500
2329		-1.521875
2330		-1.846875
2331		-1.846875
2332		-1.684375
2333		-1.625000
2334		-1.671875
2335		-1.553125
2336		-1.434375
2337		-1.803125
2338		-2.496875
2339		-2.246875
2340		-2.468750
2341		-2.512500
2342		-1.950000
2343		-2.290625
2344		-2.600000
2345		-1.981250
2346		-2.437500
2347		-2.378125
2348		-2.587500
2349		-2.587500
2350		-2.040625
2351		-1.921875
2352		-1.950000
2353		-2.409375
2354		-1.759375
2355		-1.743750
2356		-2.100000
2357		-1.731250
2358		-1.553125
2359		-1.315625
2360		-1.331250
2361		-1.478125
2362		-1.656250
2363		-1.878125
2364		-1.846875
2365		-1.684375
2366		-1.656250
2367		-1.581250
2368		-1.287500
2369		-1.375000
2370		-1.137500
2371		-1.715625
2372		-1.759375
2373		-2.437500
2374		-1.006250
2375		-0.946875
2376		-1.168750
2377		-0.918750
2378		-1.331250
2379		-1.450000
2380		-1.612500
2381		-1.834375
2382		-1.553125
2383		-1.731250
2384		-1.537500
2385		-1.553125
2386		-1.759375
2387		-1.568750
2388		-2.378125
2389		-2.615625
2390		-2.143750
2391		-2.587500
2392		-2.321875
2393		-2.393750
2394		-2.556250
2395		-2.631250
2396		-2.587500
2397		-2.837500
2398		-2.718750
2399		-3.178125
2400		-2.306250
2401		-2.587500
2402		-2.865625
2403		-2.600000
2404		-2.587500
2405		-2.246875
2406		-2.703125
2407		-2.940625
2408		-3.118750
2409		-3.118750
2410		-2.425000
2411		-2.912500
2412		-2.762500
2413		-2.984375
2414		-2.971875
2415		-3.221875
2416		-3.059375
2417		-2.984375
2418		-2.912500
2419		-3.028125
2420		-3.340625
2421		-3.459375
2422		-3.459375
2423		-3.768750
2424		-3.443750
2425		-4.062500
2426		-2.912500
2427		-3.471875
2428		-3.768750
2429		-3.975000
2430		-4.268750
2431		-4.462500
2432		-4.490625
2433		-4.225000
2434		-4.359375
2435		-4.256250
2436		-4.521875
2437		-4.359375
2438		-4.934375
2439		-4.831250
2440		-4.918750
2441		-4.728125
2442		-5.187500
2443		-4.684375
2444		-4.787500
2445		-4.787500
2446		-4.684375
2447		-4.965625
2448		-4.418750
2449		-4.387500
2450		-4.375000
2451		-3.975000
2452		-4.387500
2453		-3.678125
2454		-3.693750
2455		-4.050000
2456		-3.871875
2457		-3.975000
2458		-4.137500
2459		-3.768750
2460		-3.325000
2461		-3.871875
2462		-4.212500
2463		-3.990625
2464		-4.756250
2465		-4.034375
2466		-4.181250
2467		-4.050000
2468		-4.431250
2469		-3.975000
2470		-3.931250
2471		-4.034375
2472		-4.018750
2473		-3.840625
2474		-3.590625
2475		-3.725000
2476		-2.659375
2477		-3.384375
2478		-2.912500
2479		-3.340625
2480		-3.546875
2481		-3.428125
2482		-3.178125
2483		-3.471875
2484		-3.059375
2485		-2.912500
2486		-2.734375
2487		-3.146875
2488		-3.384375
2489		-3.325000
2490		-3.887500
2491		-3.459375
2492		-4.165625
2493		-3.812500
2494		-3.887500
2495		-3.871875
2496		-3.871875
2497		-4.078125
2498		-4.062500
2499		-4.093750
2500		-4.478125
2501		-4.284375
2502		-3.781250
2503		-4.490625
2504		-3.840625
2505		-4.137500
2506		-4.196875
2507		-3.768750
2508		-4.196875
2509		-3.693750
2510		-4.121875
2511		-4.062500
2512		-4.431250
2513		-4.196875
2514		-4.093750
2515		-4.387500
2516		-4.581250
2517		-3.828125
2518		-4.093750
2519		-3.915625
2520		-4.375000
2521		-4.343750
2522		-3.871875
2523		-4.490625
2524		-4.359375
2525		-4.181250
2526		-4.034375
2527		-3.781250
2528		-3.796875
2529		-4.106250
2530		-3.871875
2531		-4.034375
2532		-4.375000
2533		-4.003125
2534		-3.812500
2535		-4.328125
2536		-3.959375
2537		-3.828125
2538		-4.018750
2539		-3.812500
2540		-4.787500
2541		-4.256250
2542		-4.490625
2543		-4.593750
2544		-4.212500
2545		-4.478125
2546		-4.315625
2547		-4.506250
2548		-4.756250
2549		-4.284375
2550		-4.771875
2551		-4.846875
2552		-3.915625
2553		-4.315625
2554		-4.537500
2555		-4.284375
2556		-4.212500
2557		-4.137500
2558		-4.196875
2559		-4.300000
2560		-4.034375
2561		-3.990625
2562		-4.093750
2563		-4.284375
2564		-3.900000
2565		-4.328125
2566		-4.359375
2567		-3.325000
2568		-3.400000
2569		-4.328125
2570		-4.106250
2571		-4.240625
2572		-3.796875
2573		-3.856250
2574		-3.650000
2575		-3.428125
2576		-3.146875
2577		-3.353125
2578		-2.053125
2579		-3.162500
2580		-2.837500
2581		-2.809375
2582		-3.281250
2583		-3.206250
2584		-2.718750
2585		-3.146875
2586		-3.296875
2587		-2.821875
2588		-3.043750
2589		-3.146875
2590		-2.940625
2591		-2.984375
2592		-3.265625
2593		-3.281250
2594		-3.693750
2595		-3.650000
2596		-3.943750
2597		-3.281250
2598		-3.828125
2599		-3.459375
2600		-3.087500
2601		-3.693750
2602		-3.650000
2603		-3.384375
2604		-3.281250
2605		-3.190625
2606		-3.400000
2607		-3.059375
2608		-3.840625
2609		-3.059375
2610		-3.384375
2611		-3.325000
2612		-3.768750
2613		-3.753125
2614		-3.412500
2615		-3.725000
2616		-3.931250
2617		-3.546875
2618		-3.503125
2619		-3.887500
2620		-3.384375
2621		-3.368750
2622		-4.093750
2623		-3.162500
2624		-3.503125
2625		-3.178125
2626		-3.118750
2627		-3.309375
2628		-2.393750
2629		-2.881250
2630		-2.956250
2631		-2.865625
2632		-2.734375
2633		-2.512500
2634		-2.690625
2635		-2.646875
2636		-2.734375
2637		-2.540625
2638		-2.809375
2639		-2.690625
2640		-2.778125
2641		-2.956250
2642		-3.353125
2643		-3.606250
2644		-3.087500
2645		-3.531250
2646		-4.062500
2647		-3.606250
2648		-3.428125
2649		-3.887500
2650		-3.828125
2651		-3.634375
2652		-4.062500
2653		-3.768750
2654		-3.471875
2655		-3.709375
2656		-3.840625
2657		-3.575000
2658		-3.531250
2659		-3.650000
2660		-3.531250
2661		-3.753125
2662		-3.709375
2663		-3.678125
2664		-3.725000
2665		-4.093750
2666		-3.725000
2667		-4.003125
2668		-3.725000
2669		-4.137500
2670		-3.796875
2671		-3.871875
2672		-4.018750
2673		-3.931250
2674		-3.693750
2675		-4.062500
2676		-3.531250
2677		-3.943750
2678		-3.768750
2679		-3.503125
2680		-3.606250
2681		-3.459375
2682		-3.753125
2683		-3.531250
2684		-3.443750
2685		-3.087500
2686		-3.575000
2687		-3.103125
2688		-2.793750
2689		-3.443750
2690		-3.368750
2691		-2.940625
2692		-3.353125
2693		-3.621875
2694		-3.768750
2695		-3.768750
2696		-3.650000
2697		-3.606250
2698		-3.384375
2699		-3.325000
2700		-3.250000
2701		-3.546875
2702		-3.353125
2703		-3.753125
2704		-3.368750
2705		-3.206250
2706		-3.840625
2707		-3.178125
2708		-3.237500
2709		-2.956250
2710		-2.956250
2711		-3.340625
2712		-3.384375
2713		-3.087500
2714		-3.412500
2715		-3.134375
2716		-3.206250
2717		-3.178125
2718		-3.281250
2719		-3.059375
2720		-3.087500
2721		-2.556250
2722		-2.718750
2723		-2.793750
2724		-2.409375
2725		-2.703125
2726		-2.925000
2727		-2.631250
2728		-2.615625
2729		-2.587500
2730		-2.321875
2731		-2.365625
2732		-2.540625
2733		-2.275000
2734		-2.437500
2735		-2.496875
2736		-2.571875
2737		-2.600000
2738		-2.468750
2739		-2.734375
2740		-2.809375
2741		-2.468750
2742		-2.821875
2743		-2.984375
2744		-3.178125
2745		-3.250000
2746		-3.443750
2747		-3.621875
2748		-3.221875
2749		-3.546875
2750		-3.059375
2751		-3.134375
2752		-3.412500
2753		-3.400000
2754		-3.693750
2755		-3.606250
2756		-3.678125
2757		-3.250000
2758		-3.562500
2759		-3.250000
2760		-3.250000
2761		-3.015625
2762		-4.078125
2763		-3.515625
2764		-3.546875
2765		-3.768750
2766		-3.650000
2767		-3.281250
2768		-4.062500
2769		-3.871875
2770		-3.737500
2771		-4.034375
2772		-3.781250
2773		-4.212500
2774		-3.828125
2775		-3.650000
2776		-3.487500
2777		-3.575000
2778		-3.812500
2779		-3.531250
2780		-3.503125
2781		-3.428125
2782		-3.134375
2783		-3.384375
2784		-3.575000
2785		-3.309375
2786		-3.487500
2787		-3.515625
2788		-3.753125
2789		-3.575000
2790		-3.221875
2791		-3.400000
2792		-2.659375
2793		-3.531250
2794		-4.165625
2795		-4.212500
2796		-4.359375
2797		-4.240625
2798		-4.212500
2799		-4.418750
2800		-4.165625
2801		-4.050000
2802		-4.196875
2803		-4.315625
2804		-4.359375
2805		-4.712500
2806		-4.284375
2807		-4.050000
2808		-4.431250
2809		-3.828125
2810		-4.196875
2811		-4.256250
2812		-4.062500
2813		-4.050000
2814		-4.165625
2815		-4.121875
2816		-3.959375
2817		-4.121875
2818		-3.943750
2819		-4.387500
2820		-4.121875
2821		-4.240625
2822		-4.093750
2823		-4.284375
2824		-4.225000
2825		-4.078125
2826		-4.137500
2827		-4.121875
2828		-3.959375
2829		-4.018750
2830		-4.462500
2831		-4.165625
2832		-3.887500
2833		-3.725000
2834		-4.034375
2835		-4.062500
2836		-4.137500
2837		-4.062500
2838		-4.165625
2839		-4.003125
2840		-3.915625
2841		-3.590625
2842		-3.828125
2843		-4.078125
2844		-4.165625
2845		-4.640625
2846		-4.712500
2847		-5.025000
2848		-4.756250
2849		-4.581250
2850		-4.565625
2851		-4.343750
2852		-4.359375
2853		-4.787500
2854		-4.446875
2855		-4.728125
2856		-4.787500
2857		-4.550000
2858		-4.300000
2859		-4.315625
2860		-3.990625
2861		-4.212500
2862		-3.943750
2863		-4.153125
2864		-4.537500
2865		-4.181250
2866		-4.668750
2867		-4.387500
2868		-4.359375
2869		-4.490625
2870		-4.593750
2871		-4.743750
2872		-4.668750
2873		-4.462500
2874		-4.387500
2875		-4.387500
2876		-4.743750
2877		-4.862500
2878		-4.300000
2879		-4.846875
2880		-4.700000
2881		-4.490625
2882		-4.506250
2883		-4.506250
2884		-4.225000
2885		-4.315625
2886		-4.550000
2887		-4.831250
2888		-4.756250
2889		-4.462500
2890		-4.315625
2891		-4.256250
2892		-4.062500
2893		-4.137500
2894		-4.240625
2895		-4.640625
2896		-4.712500
2897		-4.537500
2898		-4.787500
2899		-4.653125
2900		-4.240625
2901		-4.050000
2902		-4.062500
2903		-4.728125
2904		-4.240625
2905		-4.137500
2906		-4.315625
2907		-3.900000
2908		-4.240625
2909		-3.575000
2910		-3.781250
2911		-3.459375
2912		-3.737500
2913		-3.812500
2914		-3.546875
2915		-3.134375
2916		-3.562500
2917		-3.562500
2918		-3.237500
2919		-2.556250
2920		-3.043750
2921		-3.043750
2922		-3.118750
2923		-3.162500
2924		-3.178125
2925		-3.309375
2926		-3.325000
2927		-3.221875
2928		-3.400000
2929		-3.206250
2930		-3.309375
2931		-3.206250
2932		-3.178125
2933		-3.281250
2934		-3.250000
2935		-3.075000
2936		-3.178125
2937		-2.956250
2938		-3.459375
2939		-3.178125
2940		-3.146875
2941		-3.059375
2942		-3.015625
2943		-2.690625
2944		-2.940625
2945		-3.353125
2946		-3.725000
2947		-3.400000
2948		-3.412500
2949		-3.087500
2950		-3.103125
2951		-3.340625
2952		-3.368750
2953		-3.281250
2954		-3.621875
2955		-3.562500
2956		-3.840625
2957		-1.775000
2958		-3.340625
2959		-3.250000
2960		-3.162500
2961		-3.162500
2962		-3.178125
2963		-3.678125
2964		-3.650000
2965		-3.428125
2966		-3.990625
2967		-3.546875
2968		-4.034375
2969		-3.871875
2970		-4.165625
2971		-4.018750
2972		-3.975000
2973		-4.062500
2974		-3.871875
2975		-4.315625
2976		-4.093750
2977		-3.931250
2978		-3.915625
2979		-4.181250
2980		-4.418750
2981		-3.840625
2982		-3.487500
2983		-4.050000
2984		-3.678125
2985		-3.503125
2986		-3.531250
2987		-3.975000
2988		-4.062500
2989		-4.225000
2990		-4.137500
2991		-3.915625
2992		-3.840625
2993		-3.812500
2994		-4.165625
2995		-3.887500
2996		-4.700000
2997		-4.609375
2998		-4.581250
2999		-4.756250
3000		-4.431250
3001		-4.565625
3002		-4.418750
3003		-4.315625
3004		-4.462500
3005		-4.862500
3006		-4.978125
3007		-4.978125
3008		-4.550000
3009		-4.490625
3010		-4.418750
3011		-4.565625
3012		-4.700000
3013		-4.918750
3014		-4.756250
3015		-4.906250
3016		-4.506250
3017		-4.978125
3018		-4.950000
3019		-4.684375
3020		-4.831250
3021		-5.112500
3022		-5.215625
3023		-4.934375
3024		-5.231250
3025		-4.934375
3026		-4.890625
3027		-4.537500
3028		-5.318750
3029		-4.728125
3030		-4.846875
3031		-4.550000
3032		-4.934375
3033		-4.506250
3034		-4.521875
3035		-4.506250
3036		-4.315625
3037		-4.712500
3038		-4.640625
3039		-4.803125
3040		-4.906250
3041		-4.609375
3042		-4.756250
3043		-4.418750
3044		-4.846875
3045		-4.593750
3046		-5.512500
3047		-5.615625
3048		-5.834375
3049		-5.671875
3050		-5.909375
3051		-5.790625
3052		-5.628125
3053		-5.437500
3054		-5.643750
3055		-5.393750
3056		-5.821875
3057		-5.540625
3058		-5.112500
3059		-4.862500
3060		-4.609375
3061		-4.728125
3062		-4.803125
3063		-4.771875
3064		-4.506250
3065		-4.537500
3066		-4.728125
3067		-4.506250
3068		-4.462500
3069		-4.537500
3070		-4.506250
3071		-4.537500
3072		-5.171875
3073		-4.934375
3074		-4.803125
3075		-4.315625
3076		-4.803125
3077		-4.609375
3078		-5.171875
3079		-5.243750
3080		-5.243750
3081		-5.378125
3082		-5.290625
3083		-5.156250
3084		-4.756250
3085		-5.187500
3086		-5.053125
3087		-5.200000
3088		-5.437500
3089		-5.778125
3090		-5.687500
3091		-5.525000
3092		-5.406250
3093		-5.350000
3094		-5.393750
3095		-5.556250
3096		-5.850000
3097		-6.337500
3098		-6.531250
3099		-6.706250
3100		-6.484375
3101		-6.234375
3102		-6.456250
3103		-6.043750
3104		-6.706250
3105		-6.856250
3106		-6.412500
3107		-6.396875
3108		-6.796875
3109		-6.575000
3110		-7.090625
3111		-6.603125
3112		-6.190625
3113		-6.753125
3114		-6.500000
3115		-7.193750
3116		-6.809375
3117		-7.240625
3118		-7.343750
3119		-7.312500
3120		-7.296875
3121		-7.431250
3122		-7.681250
3123		-8.140625
3124		-8.228125
3125		-7.725000
3126		-8.271875
3127		-8.228125
3128		-8.481250
3129		-8.715625
3130		-8.818750
3131		-8.968750
3132		-8.790625
3133		-8.968750
3134		-8.568750
3135		-8.493750
3136		-7.962500
3137		-8.346875
3138		-7.934375
3139		-8.746875
3140		-8.525000
3141		-7.962500
3142		-7.653125
3143		-7.475000
3144		-7.459375
3145		-7.459375
3146		-7.387500
3147		-7.296875
3148		-7.637500
3149		-7.681250
3150		-7.637500
3151		-7.387500
3152		-7.387500
3153		-7.756250
3154		-7.550000
3155		-7.459375
3156		-7.637500
3157		-7.696875
3158		-7.637500
3159		-7.459375
3160		-7.018750
3161		-7.328125
3162		-7.150000
3163		-6.971875
3164		-7.150000
3165		-7.165625
3166		-6.943750
3167		-6.634375
3168		-6.515625
3169		-6.456250
3170		-6.796875
3171		-6.456250
3172		-6.056250
3173		-5.984375
3174		-5.703125
3175		-5.068750
3176		-4.906250
3177		-4.803125
3178		-4.668750
3179		-4.328125
3180		-4.121875
3181		-3.915625
3182		-3.753125
3183		-3.678125
3184		-3.087500
3185		-3.043750
3186		-2.690625
3187		-2.496875
3188		-2.025000
3189		-2.084375
3190		-2.750000
3191		-2.112500
3192		-2.025000
3193		-1.612500
3194		-1.715625
3195		-1.196875
3196		-1.390625
3197		-1.331250
3198		-1.803125
3199		-2.025000
3200		-2.215625
3201		-2.646875
3202		-2.068750
3203		-2.571875
3204		-2.393750
3205		-2.703125
3206		-3.309375
3207		-3.028125
3208		-3.206250
3209		-3.737500
3210		-4.003125
3211		-3.606250
3212		-4.062500
3213		-4.165625
3214		-4.093750
3215		-4.728125
3216		-4.565625
3217		-4.609375
3218		-5.009375
3219		-5.025000
3220		-5.200000
3221		-5.112500
3222		-5.643750
3223		-5.496875
3224		-5.834375
3225		-5.615625
3226		-5.615625
3227		-5.643750
3228		-5.671875
3229		-6.309375
3230		-5.790625
3231		-6.218750
3232		-6.190625
3233		-5.540625
3234		-6.012500
3235		-5.865625
3236		-6.012500
3237		-6.190625
3238		-5.806250
3239		-6.456250
3240		-6.559375
3241		-6.603125
3242		-6.500000
3243		-6.278125
3244		-6.531250
3245		-5.968750
3246		-6.396875
3247		-6.428125
3248		-6.515625
3249		-6.603125
3250		-6.646875
3251		-6.721875
3252		-5.984375
3253		-5.968750
3254		-6.131250
3255		-6.234375
3256		-5.600000
3257		-5.378125
3258		-5.496875
3259		-4.890625
3260		-5.140625
3261		-5.009375
3262		-5.037500
3263		-4.581250
3264		-4.153125
3265		-4.106250
3266		-3.575000
3267		-3.221875
3268		-3.678125
3269		-3.340625
3270		-3.606250
3271		-2.809375
3272		-3.162500
3273		-2.762500
3274		-2.512500
3275		-2.865625
3276		-2.084375
3277		-2.437500
3278		-1.906250
3279		-1.950000
3280		-2.496875
3281		-2.496875
3282		-2.409375
3283		-2.100000
3284		-1.700000
3285		-1.846875
3286		-1.228125
3287		-1.050000
3288		-1.287500
3289		-1.450000
3290		-1.256250
3291		-1.050000
3292		-1.109375
3293		-0.665625
3294		-0.621875
3295		-0.253125
3296		-0.962500
3297		-0.312500
3298		-0.475000
3299		-1.243750
3300		-0.990625
3301		-1.406250
3302		-1.196875
3303		-1.406250
3304		-1.625000
3305		-1.168750
3306		-1.787500
3307		-1.612500
3308		-1.787500
3309		-1.700000
3310		-2.246875
3311		-2.321875
3312		-2.468750
3313		-2.365625
3314		-3.178125
3315		-2.659375
3316		-2.778125
3317		-2.881250
3318		-3.590625
3319		-3.237500
3320		-4.093750
3321		-4.106250
3322		-4.328125
3323		-4.050000
3324		-4.490625
3325		-4.934375
3326		-4.653125
3327		-5.303125
3328		-5.096875
3329		-5.731250
3330		-5.615625
3331		-5.909375
3332		-5.850000
3333		-5.865625
3334		-6.234375
3335		-6.250000
3336		-6.115625
3337		-5.881250
3338		-6.575000
3339		-6.559375
3340		-6.190625
3341		-6.678125
3342		-6.737500
3343		-6.693750
3344		-6.412500
3345		-6.146875
3346		-6.531250
3347		-6.662500
3348		-6.531250
3349		-6.884375
3350		-5.834375
3351		-6.809375
3352		-6.634375
3353		-6.484375
3354		-6.603125
3355		-6.087500
3356		-6.218750
3357		-6.087500
3358		-5.925000
3359		-5.731250
3360		-5.303125
3361		-5.156250
3362		-5.053125
3363		-3.975000
3364		-4.240625
3365		-4.359375
3366		-3.915625
3367		-3.650000
3368		-3.400000
3369		-3.146875
3370		-2.821875
3371		-3.162500
3372		-2.646875
3373		-2.881250
3374		-2.215625
3375		-2.143750
3376		-1.981250
3377		-2.112500
3378		-2.334375
3379		-1.890625
3380		-1.834375
3381		-2.100000
3382		-1.981250
3383		-1.671875
3384		-1.834375
3385		-1.271875
3386		-1.818750
3387		-1.878125
3388		-1.775000
3389		-1.478125
3390		-1.596875
3391		-1.184375
3392		-1.228125
3393		-1.315625
3394		-1.300000
3395		-1.315625
3396		-1.065625
3397		-1.450000
3398		-1.228125
3399		-1.390625
3400		-1.153125
3401		-2.587500
3402		-2.084375
3403		-2.262500
3404		-2.128125
3405		-2.881250
3406		-3.015625
3407		-2.437500
3408		-3.237500
3409		-2.837500
3410		-3.828125
3411		-3.546875
3412		-3.606250
3413		-3.237500
3414		-4.050000
3415		-4.093750
3416		-4.593750
3417		-4.106250
3418		-4.565625
3419		-4.787500
3420		-4.609375
3421		-5.465625
3422		-5.290625
3423		-6.293750
3424		-5.525000
3425		-5.806250
3426		-5.821875
3427		-6.943750
3428		-7.312500
3429		-6.646875
3430		-7.106250
3431		-7.446875
3432		-8.303125
3433		-6.781250
3434		-7.668750
3435		-7.475000
3436		-7.621875
3437		-8.212500
3438		-7.962500
3439		-7.403125
3440		-8.318750
3441		-7.431250
3442		-7.240625
3443		-7.165625
3444		-7.240625
3445		-7.193750
3446		-6.825000
3447		-6.206250
3448		-6.484375
3449		-6.559375
3450		-7.046875
3451		-5.984375
3452		-7.446875
3453		-7.296875
3454		-6.368750
3455		-6.928125
3456		-6.825000
3457		-6.206250
3458		-6.115625
3459		-6.190625
3460		-5.687500
3461		-6.071875
3462		-6.087500
3463		-5.453125
3464		-4.978125
3465		-4.490625
3466		-4.268750
3467		-3.828125
3468		-3.650000
3469		-3.546875
3470		-3.221875
3471		-3.812500
3472		-3.384375
3473		-3.043750
3474		-2.718750
3475		-2.940625
3476		-2.690625
3477		-3.606250
3478		-2.615625
3479		-3.015625
3480		-2.734375
3481		-2.659375
3482		-3.400000
3483		-2.556250
3484		-2.865625
3485		-2.881250
3486		-2.540625
3487		-2.587500
3488		-2.793750
3489		-2.290625
3490		-2.587500
3491		-2.425000
3492		-2.571875
3493		-2.940625
3494		-2.437500
3495		-2.896875
3496		-2.925000
3497		-2.984375
3498		-2.837500
3499		-2.587500
3500		-3.309375
3501		-2.290625
3502		-3.634375
3503		-4.137500
3504		-3.737500
3505		-3.990625
3506		-4.093750
3507		-4.240625
3508		-4.328125
3509		-4.018750
3510		-4.550000
3511		-4.640625
3512		-4.359375
3513		-4.993750
3514		-4.565625
3515		-4.478125
3516		-4.609375
3517		-4.728125
3518		-4.521875
3519		-4.803125
3520		-4.787500
3521		-4.684375
3522		-5.053125
3523		-5.481250
3524		-5.568750
3525		-5.556250
3526		-5.512500
3527		-5.821875
3528		-6.456250
3529		-6.440625
3530		-6.206250
3531		-6.868750
3532		-6.484375
3533		-6.278125
3534		-6.575000
3535		-6.500000
3536		-6.706250
3537		-7.165625
3538		-6.646875
3539		-6.971875
3540		-6.190625
3541		-6.115625
3542		-5.893750
3543		-5.703125
3544		-6.012500
3545		-6.043750
3546		-5.540625
3547		-5.318750
3548		-5.762500
3549		-5.453125
3550		-5.156250
3551		-5.496875
3552		-4.906250
3553		-6.028125
3554		-5.318750
3555		-5.540625
3556		-5.334375
3557		-5.231250
3558		-5.025000
3559		-4.728125
3560		-4.906250
3561		-4.506250
3562		-4.640625
3563		-4.343750
3564		-4.462500
3565		-3.856250
3566		-3.693750
3567		-3.575000
3568		-3.471875
3569		-3.650000
3570		-3.353125
3571		-2.881250
3572		-3.237500
3573		-2.571875
3574		-3.015625
3575		-3.353125
3576		-2.837500
3577		-3.146875
3578		-2.409375
3579		-3.118750
3580		-3.103125
3581		-3.087500
3582		-2.984375
3583		-2.881250
3584		-2.809375
3585		-2.956250
3586		-2.734375
3587		-3.162500
3588		-2.528125
3589		-3.118750
3590		-2.971875
3591		-2.437500
3592		-3.309375
3593		-2.821875
3594		-3.087500
3595		-3.146875
3596		-3.178125
3597		-3.309375
3598		-3.059375
3599		-3.546875
3600		-3.384375
3601		-3.546875
3602		-3.368750
3603		-4.050000
3604		-5.215625
3605		-4.875000
3606		-4.653125
3607		-4.728125
3608		-4.756250
3609		-4.890625
3610		-4.965625
3611		-4.653125
3612		-4.787500
3613		-5.350000
3614		-5.584375
3615		-5.303125
3616		-4.359375
3617		-4.684375
3618		-4.462500
3619		-4.537500
3620		-4.315625
3621		-4.537500
3622		-4.803125
3623		-4.815625
3624		-4.875000
3625		-3.871875
3626		-4.418750
3627		-4.771875
3628		-4.196875
3629		-4.581250
3630		-5.303125
3631		-4.950000
3632		-5.068750
3633		-5.156250
3634		-5.512500
3635		-4.918750
3636		-5.525000
3637		-5.362500
3638		-4.950000
3639		-4.625000
3640		-5.096875
3641		-4.653125
3642		-4.268750
3643		-4.431250
3644		-4.934375
3645		-4.359375
3646		-4.403125
3647		-4.181250
3648		-4.284375
3649		-3.915625
3650		-3.531250
3651		-3.796875
3652		-3.368750
3653		-3.840625
3654		-4.565625
3655		-4.256250
3656		-4.640625
3657		-4.653125
3658		-3.606250
3659		-3.796875
3660		-3.796875
3661		-3.400000
3662		-3.428125
3663		-3.309375
3664		-3.606250
3665		-3.590625
3666		-3.281250
3667		-2.778125
3668		-2.615625
3669		-2.734375
3670		-2.762500
3671		-2.778125
3672		-2.703125
3673		-2.409375
3674		-2.290625
3675		-2.615625
3676		-2.571875
3677		-2.631250
3678		-3.325000
3679		-2.215625
3680		-2.896875
3681		-2.571875
3682		-3.059375
3683		-3.693750
3684		-3.281250
3685		-2.984375
3686		-3.459375
3687		-3.000000
3688		-3.753125
3689		-3.503125
3690		-3.562500
3691		-3.531250
3692		-3.296875
3693		-3.606250
3694		-4.196875
3695		-3.325000
3696		-4.906250
3697		-3.650000
3698		-2.203125
3699		-5.200000
3700		-3.075000
3701		-3.221875
3702		-3.471875
3703		-3.753125
3704		-4.050000
3705		-4.315625
3706		-4.506250
3707		-4.359375
3708		-3.931250
3709		-3.678125
3710		-3.828125
3711		-4.728125
3712		-4.225000
3713		-4.418750
3714		-5.053125
3715		-4.875000
3716		-5.259375
3717		-5.096875
3718		-4.756250
3719		-4.506250
3720		-4.550000
3721		-4.196875
3722		-4.803125
3723		-4.581250
3724		-4.521875
3725		-5.171875
3726		-4.993750
3727		-4.462500
3728		-4.700000
3729		-4.550000
3730		-5.037500
3731		-5.140625
3732		-4.862500
3733		-4.862500
3734		-5.025000
3735		-5.128125
3736		-5.350000
3737		-5.540625
3738		-4.284375
3739		-4.875000
3740		-4.284375
3741		-4.593750
3742		-4.212500
3743		-4.062500
3744		-4.050000
3745		-4.196875
3746		-3.856250
3747		-4.165625
3748		-3.650000
3749		-3.840625
3750		-3.621875
3751		-3.606250
3752		-3.400000
3753		-3.828125
3754		-3.265625
3755		-4.121875
3756		-4.212500
3757		-4.256250
3758		-4.062500
3759		-4.050000
3760		-3.471875
3761		-3.915625
3762		-3.575000
3763		-4.062500
3764		-3.900000
3765		-4.165625
3766		-3.900000
3767		-4.018750
3768		-3.634375
3769		-3.621875
3770		-3.043750
3771		-3.459375
3772		-3.162500
3773		-3.678125
3774		-3.428125
3775		-3.384375
3776		-3.353125
3777		-3.296875
3778		-2.762500
3779		-2.734375
3780		-2.837500
3781		-3.678125
3782		-3.400000
3783		-3.562500
3784		-3.693750
3785		-3.250000
3786		-3.237500
3787		-3.590625
3788		-3.178125
3789		-4.240625
3790		-3.768750
3791		-3.237500
3792		-3.353125
3793		-3.087500
3794		-2.793750
3795		-3.400000
3796		-3.178125
3797		-2.690625
3798		-2.468750
3799		-2.528125
3800		-2.675000
3801		-2.821875
3802		-2.912500
3803		-2.793750
3804		-2.659375
3805		-2.837500
3806		-3.075000
3807		-3.575000
3808		-3.768750
3809		-4.137500
3810		-4.050000
3811		-3.871875
3812		-4.093750
3813		-4.121875
3814		-4.418750
3815		-3.634375
3816		-4.093750
3817		-4.078125
3818		-4.018750
3819		-4.153125
3820		-3.975000
3821		-3.840625
3822		-3.309375
3823		-3.753125
3824		-3.812500
3825		-3.428125
3826		-3.384375
3827		-3.428125
3828		-3.471875
3829		-3.206250
3830		-2.853125
3831		-2.718750
3832		-3.725000
3833		-3.546875
3834		-2.956250
3835		-3.221875
3836		-3.178125
3837		-3.428125
3838		-3.840625
3839		-3.871875
3840		-2.912500
3841		-3.503125
3842		-3.471875
3843		-3.459375
3844		-3.134375
3845		-3.162500
3846		-3.428125
3847		-2.703125
3848		-3.103125
3849		-3.178125
3850		-3.000000
3851		-2.984375
3852		-2.956250
3853		-2.912500
3854		-2.615625
3855		-2.881250
3856		-3.221875
3857		-4.018750
3858		-4.137500
3859		-3.459375
3860		-2.984375
3861		-3.412500
3862		-3.546875
3863		-3.840625
3864		-3.590625
3865		-3.412500
3866		-3.562500
3867		-3.887500
3868		-3.693750
3869		-3.796875
3870		-3.325000
3871		-3.118750
3872		-3.087500
3873		-3.190625
3874		-3.118750
3875		-3.134375
3876		-3.428125
3877		-3.206250
3878		-3.028125
3879		-3.309375
3880		-2.378125
3881		-2.865625
3882		-4.196875
3883		-3.428125
3884		-3.309375
3885		-3.915625
3886		-3.856250
3887		-3.768750
3888		-4.212500
3889		-3.515625
3890		-3.725000
3891		-3.693750
3892		-3.812500
3893		-3.887500
3894		-3.562500
3895		-3.353125
3896		-3.768750
3897		-3.753125
3898		-3.796875
3899		-3.546875
3900		-3.840625
3901		-3.368750
3902		-3.190625
3903		-3.353125
3904		-3.931250
3905		-3.915625
3906		-3.900000
3907		-4.050000
3908		-4.756250
3909		-3.975000
3910		-4.375000
3911		-4.268750
3912		-3.634375
3913		-4.462500
3914		-4.268750
3915		-4.240625
3916		-4.050000
3917		-4.521875
3918		-4.121875
3919		-4.728125
3920		-3.840625
3921		-3.753125
3922		-3.531250
3923		-3.840625
3924		-2.690625
3925		-3.725000
3926		-3.665625
3927		-4.431250
3928		-3.087500
3929		-3.768750
3930		-3.621875
3931		-3.353125
3932		-3.931250
3933		-3.768750
3934		-3.975000
3935		-3.768750
3936		-3.400000
3937		-3.471875
3938		-3.590625
3939		-3.237500
3940		-2.881250
3941		-3.503125
3942		-3.103125
3943		-2.793750
3944		-2.762500
3945		-2.365625
3946		-2.262500
3947		-1.965625
3948		-2.068750
3949		-2.128125
3950		-1.537500
3951		-1.834375
3952		-1.612500
3953		-1.775000
3954		-1.462500
3955		-1.731250
3956		-2.143750
3957		-1.743750
3958		-2.984375
3959		-2.659375
3960		-2.350000
3961		-2.540625
3962		-2.587500
3963		-2.425000
3964		-2.112500
3965		-2.425000
3966		-2.540625
3967		-2.940625
3968		-2.453125
3969		-2.540625
3970		-1.743750
3971		-2.128125
3972		-1.731250
3973		-1.862500
3974		-1.906250
3975		-1.846875
3976		-2.159375
3977		-1.965625
3978		-2.262500
3979		-2.143750
3980		-2.215625
3981		-2.112500
3982		-1.906250
3983		-2.484375
3984		-3.546875
3985		-2.496875
3986		-2.615625
3987		-3.028125
3988		-2.956250
3989		-3.190625
3990		-3.178125
3991		-3.281250
3992		-3.400000
3993		-3.178125
3994		-3.871875
3995		-3.087500
3996		-2.865625
3997		-3.118750
3998		-2.793750
3999		-3.428125
4000		-3.206250
4001		-3.353125
4002		-3.428125
4003		-3.575000
4004		-3.471875
4005		-3.325000
4006		-3.353125
4007		-3.753125
4008		-3.621875
4009		-4.965625
4010		-4.728125
4011		-4.846875
4012		-4.668750
4013		-4.431250
4014		-4.875000
4015		-3.931250
4016		-4.550000
4017		-4.831250
4018		-5.171875
4019		-5.259375
4020		-4.490625
4021		-4.387500
4022		-4.050000
4023		-3.768750
4024		-4.062500
4025		-4.359375
4026		-4.268750
4027		-4.712500
4028		-4.431250
4029		-4.387500
4030		-4.565625
4031		-3.471875
4032		-3.900000
4033		-3.709375
4034		-4.787500
4035		-4.418750
4036		-4.743750
4037		-4.906250
4038		-4.490625
4039		-3.768750
4040		-4.640625
4041		-4.684375
4042		-4.803125
4043		-4.403125
4044		-4.609375
4045		-4.403125
4046		-4.268750
4047		-3.562500
4048		-4.196875
4049		-4.093750
4050		-4.050000
4051		-4.225000
4052		-4.165625
4053		-4.018750
4054		-3.812500
4055		-2.956250
4056		-3.856250
4057		-3.737500
4058		-4.256250
4059		-4.728125
4060		-4.918750
4061		-4.815625
4062		-4.581250
4063		-3.678125
4064		-4.668750
4065		-4.284375
4066		-4.593750
4067		-4.934375
4068		-4.684375
4069		-4.934375
4070		-4.700000
4071		-3.693750
4072		-4.093750
4073		-4.375000
4074		-3.753125
4075		-4.153125
4076		-4.431250
4077		-4.478125
4078		-3.634375
4079		-3.796875
4080		-3.887500
4081		-4.106250
4082		-4.359375
4083		-3.840625
4084		-4.300000
4085		-4.803125
4086		-4.918750
4087		-4.196875
4088		-4.862500
4089		-4.387500
4090		-5.128125
4091		-5.687500
4092		-5.200000
4093		-5.421875
4094		-5.643750
4095		-4.640625
4096		-5.568750
4097		-4.862500
4098		-5.171875
4099		-5.303125
4100		-5.525000
4101		-5.615625
4102		-5.496875
4103		-4.862500
4104		-5.318750
4105		-5.231250
4106		-5.334375
4107		-5.525000
4108		-5.540625
4109		-5.790625
4110		-6.353125
4111		-5.909375
4112		-5.893750
4113		-6.381250
4114		-6.825000
4115		-6.206250
4116		-6.412500
4117		-6.900000
4118		-6.825000
4119		-6.753125
4120		-6.856250
4121		-7.018750
4122		-6.337500
4123		-6.278125
4124		-6.381250
4125		-5.834375
4126		-6.428125
4127		-5.893750
4128		-6.175000
4129		-6.071875
4130		-6.293750
4131		-6.190625
4132		-6.043750
4133		-5.453125
4134		-5.893750
4135		-5.893750
4136		-5.893750
4137		-6.131250
4138		-5.671875
4139		-5.996875
4140		-5.718750
4141		-5.496875
4142		-5.940625
4143		-5.778125
4144		-5.243750
4145		-5.009375
4146		-4.978125
4147		-4.550000
4148		-4.078125
4149		-4.490625
4150		-4.165625
4151		-4.478125
4152		-4.093750
4153		-3.768750
4154		-4.106250
4155		-3.650000
4156		-3.575000
4157		-3.943750
4158		-3.621875
4159		-3.840625
4160		-3.931250
4161		-4.593750
4162		-4.240625
4163		-4.506250
4164		-4.137500
4165		-4.153125
4166		-4.387500
4167		-3.990625
4168		-4.431250
4169		-4.978125
4170		-4.359375
4171		-4.565625
4172		-4.490625
4173		-3.725000
4174		-3.900000
4175		-3.840625
4176		-3.796875
4177		-4.315625
4178		-3.678125
4179		-3.693750
4180		-3.990625
4181		-3.459375
4182		-3.353125
4183		-3.325000
4184		-3.428125
4185		-2.881250
4186		-3.828125
4187		-3.428125
4188		-3.665625
4189		-3.575000
4190		-4.212500
4191		-3.990625
4192		-3.503125
4193		-4.050000
4194		-4.212500
4195		-4.712500
4196		-3.781250
4197		-4.165625
4198		-3.309375
4199		-3.753125
4200		-4.506250
4201		-4.359375
4202		-5.009375
4203		-4.284375
4204		-4.446875
4205		-3.990625
4206		-3.900000
4207		-4.284375
4208		-4.196875
4209		-4.787500
4210		-5.156250
4211		-5.687500
4212		-6.071875
4213		-6.146875
4214		-5.718750
4215		-5.568750
4216		-5.025000
4217		-5.243750
4218		-5.156250
4219		-5.834375
4220		-5.584375
4221		-5.231250
4222		-5.600000
4223		-4.978125
4224		-4.359375
4225		-4.653125
4226		-4.950000
4227		-3.959375
4228		-4.418750
4229		-4.403125
4230		-4.315625
4231		-4.862500
4232		-4.668750
4233		-4.803125
4234		-4.034375
4235		-4.034375
4236		-3.796875
4237		-4.609375
4238		-4.803125
4239		-4.165625
4240		-4.240625
4241		-4.490625
4242		-4.712500
4243		-4.950000
4244		-4.196875
4245		-5.378125
4246		-4.121875
4247		-4.003125
4248		-4.003125
4249		-3.059375
4250		-3.606250
4251		-3.428125
4252		-3.709375
4253		-3.281250
4254		-3.206250
4255		-2.734375
4256		-2.275000
4257		-2.468750
4258		-2.468750
4259		-3.531250
4260		-3.028125
4261		-3.162500
4262		-3.871875
4263		-2.793750
4264		-2.690625
4265		-2.587500
4266		-2.940625
4267		-2.837500
4268		-2.468750
4269		-2.865625
4270		-2.925000
4271		-3.146875
4272		-2.171875
4273		-2.053125
4274		-1.331250
4275		-1.493750
4276		-1.759375
4277		-1.612500
4278		-2.100000
4279		-0.268750
4280		-1.834375
4281		-2.100000
4282		-1.553125
4283		-1.803125
4284		-1.537500
4285		-1.418750
4286		-0.812500
4287		-2.246875
4288		-2.659375
4289		-2.143750
4290		-2.425000
4291		-2.231250
4292		-2.365625
4293		-2.540625
4294		-3.000000
4295		-1.981250
4296		-2.143750
4297		-1.731250
4298		-2.365625
4299		-1.568750
4300		-1.937500
4301		-1.537500
4302		-1.434375
4303		-1.359375
4304		-1.406250
4305		-1.625000
4306		-0.800000
4307		-1.684375
4308		-1.168750
4309		-1.775000
4310		-1.937500
4311		-2.068750
4312		-2.365625
4313		-3.015625
4314		-2.453125
4315		-2.290625
4316		-2.350000
4317		-2.750000
4318		-3.384375
4319		-2.896875
4320		-2.956250
4321		-2.837500
4322		-3.546875
4323		-3.206250
4324		-3.384375
4325		-1.921875
4326		-2.468750
4327		-2.778125
4328		-2.675000
4329		-2.528125
4330		-2.659375
4331		-3.162500
4332		-2.750000
4333		-2.409375
4334		-2.571875
4335		-2.468750
4336		-2.468750
4337		-2.468750
4338		-3.796875
4339		-3.325000
4340		-3.134375
4341		-3.250000
4342		-3.471875
4343		-3.546875
4344		-4.106250
4345		-2.734375
4346		-2.853125
4347		-2.940625
4348		-3.309375
4349		-3.296875
4350		-2.762500
4351		-2.659375
4352		-2.468750
4353		-2.425000
4354		-2.631250
4355		-2.159375
4356		-1.656250
4357		-2.143750
4358		-2.068750
4359		-2.143750
4360		-2.496875
4361		-2.556250
4362		-2.246875
4363		-3.162500
4364		-2.425000
4365		-2.659375
4366		-3.059375
4367		-2.468750
4368		-3.087500
4369		-3.250000
4370		-3.265625
4371		-2.837500
4372		-3.075000
4373		-2.971875
4374		-2.215625
4375		-1.878125
4376		-2.512500
4377		-2.437500
4378		-2.409375
4379		-2.615625
4380		-1.950000
4381		-2.128125
4382		-1.656250
4383		-1.731250
4384		-2.437500
4385		-2.496875
4386		-1.862500
4387		-2.215625
4388		-2.143750
4389		-3.087500
4390		-2.659375
4391		-1.759375
4392		-2.437500
4393		-2.718750
4394		-2.468750
4395		-2.837500
4396		-2.425000
4397		-2.484375
4398		-2.809375
4399		-1.731250
4400		-2.306250
4401		-2.128125
4402		-1.612500
4403		-1.906250
4404		-2.159375
4405		-1.878125
4406		-2.009375
4407		-2.275000
4408		-1.981250
4409		-1.965625
4410		-2.203125
4411		-2.143750
4412		-2.246875
4413		-2.321875
4414		-3.384375
4415		-3.206250
4416		-3.840625
4417		-3.693750
4418		-3.459375
4419		-3.178125
4420		-3.000000
4421		-3.237500
4422		-2.956250
4423		-3.059375
4424		-4.093750
4425		-3.368750
4426		-2.068750
4427		-3.546875
4428		-2.112500
4429		-2.528125
4430		-2.512500
4431		-2.409375
4432		-2.425000
4433		-2.646875
4434		-2.940625
4435		-3.178125
4436		-2.881250
4437		-3.028125
4438		-2.378125
4439		-2.912500
4440		-2.600000
4441		-2.925000
4442		-3.428125
4443		-3.309375
4444		-3.606250
4445		-3.975000
4446		-3.368750
4447		-3.621875
4448		-3.087500
4449		-2.437500
4450		-3.087500
4451		-2.290625
4452		-2.393750
4453		-2.837500
4454		-2.631250
4455		-2.468750
4456		-2.484375
4457		-2.275000
4458		-2.159375
4459		-1.906250
4460		-2.912500
4461		-2.865625
4462		-2.809375
4463		-3.309375
4464		-3.503125
4465		-3.665625
4466		-3.443750
4467		-3.103125
4468		-3.840625
4469		-3.028125
4470		-3.459375
4471		-3.368750
4472		-3.237500
4473		-3.428125
4474		-3.309375
4475		-3.162500
4476		-3.118750
4477		-1.950000
4478		-2.793750
4479		-2.128125
4480		-2.321875
4481		-2.512500
4482		-2.571875
4483		-2.865625
4484		-2.600000
4485		-2.762500
4486		-2.393750
4487		-2.025000
4488		-2.734375
4489		-1.743750
4490		-3.384375
4491		-3.503125
4492		-3.265625
4493		-3.678125
4494		-3.384375
4495		-3.000000
4496		-3.118750
4497		-2.496875
4498		-3.281250
4499		-2.793750
4500		-2.837500
4501		-3.471875
4502		-2.334375
4503		-2.425000
4504		-1.890625
4505		-2.040625
4506		-1.906250
4507		-1.834375
4508		-2.203125
4509		-2.659375
4510		-2.350000
4511		-2.587500
4512		-2.437500
4513		-2.246875
4514		-2.171875
4515		-3.015625
4516		-2.956250
4517		-3.265625
4518		-3.309375
4519		-3.531250
4520		-3.103125
4521		-3.237500
4522		-3.400000
4523		-3.087500
4524		-3.265625
4525		-3.118750
4526		-3.309375
4527		-3.134375
4528		-2.821875
4529		-3.412500
4530		-2.718750
4531		-2.690625
4532		-3.178125
4533		-3.118750
4534		-3.309375
4535		-3.575000
4536		-2.571875
4537		-3.178125
4538		-3.325000
4539		-3.678125
4540		-3.190625
4541		-3.621875
4542		-3.900000
4543		-3.768750
4544		-4.018750
4545		-3.650000
4546		-3.812500
4547		-3.725000
4548		-3.915625
4549		-4.106250
4550		-3.975000
4551		-3.768750
4552		-3.459375
4553		-3.621875
4554		-3.725000
4555		-3.221875
4556		-3.725000
4557		-3.443750
4558		-3.678125
4559		-4.581250
4560		-3.325000
4561		-3.887500
4562		-3.353125
4563		-3.353125
4564		-3.725000
4565		-3.353125
4566		-5.156250
4567		-4.803125
4568		-4.431250
4569		-4.212500
4570		-4.181250
4571		-4.343750
4572		-4.153125
4573		-4.446875
4574		-5.128125
4575		-4.062500
4576		-4.593750
4577		-4.756250
4578		-3.737500
4579		-4.153125
4580		-3.678125
4581		-3.900000
4582		-3.428125
4583		-3.606250
4584		-4.418750
4585		-4.328125
4586		-3.959375
4587		-4.018750
4588		-3.725000
4589		-3.590625
4590		-3.325000
4591		-4.137500
4592		-4.462500
4593		-4.431250
4594		-4.625000
4595		-4.640625
4596		-4.462500
4597		-4.050000
4598		-4.137500
4599		-4.418750
4600		-4.196875
4601		-4.315625
4602		-4.478125
4603		-3.353125
4604		-3.531250
4605		-3.590625
4606		-3.503125
4607		-3.693750
4608		-3.650000
4609		-4.268750
4610		-3.546875
4611		-3.531250
4612		-3.503125
4613		-3.459375
4614		-3.459375
4615		-3.621875
4616		-4.137500
4617		-4.965625
4618		-4.462500
4619		-4.121875
4620		-4.165625
4621		-4.062500
4622		-4.593750
4623		-3.075000
4624		-3.915625
4625		-4.078125
4626		-4.225000
4627		-4.653125
4628		-3.753125
4629		-3.412500
4630		-3.118750
4631		-3.265625
4632		-3.075000
4633		-3.296875
4634		-3.281250
4635		-4.153125
4636		-3.015625
4637		-3.178125
4638		-3.206250
4639		-2.940625
4640		-3.221875
4641		-2.793750
4642		-4.034375
4643		-3.796875
4644		-3.546875
4645		-3.590625
4646		-3.737500
4647		-3.575000
4648		-3.678125
4649		-3.575000
4650		-3.562500
4651		-3.828125
4652		-4.050000
4653		-2.956250
4654		-3.178125
4655		-3.178125
4656		-2.837500
4657		-3.028125
4658		-3.309375
4659		-3.325000
4660		-2.496875
4661		-2.940625
4662		-3.384375
4663		-2.984375
4664		-3.028125
4665		-3.384375
4666		-3.575000
4667		-3.975000
4668		-4.196875
4669		-4.181250
4670		-3.634375
4671		-3.753125
4672		-3.118750
4673		-3.206250
4674		-3.753125
4675		-3.887500
4676		-3.828125
4677		-3.650000
4678		-3.190625
4679		-2.956250
4680		-2.112500
4681		-2.540625
4682		-3.043750
4683		-2.365625
4684		-2.837500
4685		-3.250000
4686		-3.221875
4687		-2.956250
4688		-2.571875
4689		-2.896875
4690		-2.275000
4691		-2.231250
4692		-3.325000
4693		-3.665625
4694		-3.531250
4695		-3.650000
4696		-2.912500
4697		-3.206250
4698		-3.043750
4699		-3.428125
4700		-3.000000
4701		-3.043750
4702		-3.325000
4703		-3.531250
4704		-3.206250
4705		-3.059375
4706		-2.290625
4707		-2.262500
4708		-2.659375
4709		-2.837500
4710		-2.556250
4711		-2.734375
4712		-3.412500
4713		-3.796875
4714		-2.587500
4715		-3.103125
4716		-3.162500
4717		-2.956250
4718		-3.975000
4719		-3.840625
4720		-3.325000
4721		-3.353125
4722		-3.162500
4723		-3.725000
4724		-3.840625
4725		-3.281250
4726		-3.693750
4727		-3.353125
4728		-3.546875
4729		-3.221875
4730		-2.171875
4731		-2.512500
4732		-2.734375
4733		-2.512500
4734		-2.881250
4735		-2.659375
4736		-2.837500
4737		-2.659375
4738		-1.878125
4739		-1.996875
4740		-2.128125
4741		-2.128125
4742		-2.984375
4743		-3.281250
4744		-4.137500
4745		-3.503125
4746		-3.059375
4747		-3.250000
4748		-2.896875
4749		-3.325000
4750		-3.281250
4751		-3.353125
4752		-3.400000
4753		-3.281250
4754		-3.325000
4755		-2.393750
4756		-2.984375
4757		-2.306250
4758		-2.425000
4759		-2.675000
4760		-2.750000
4761		-2.393750
4762		-2.350000
4763		-2.631250
4764		-3.103125
4765		-2.203125
4766		-2.350000
4767		-2.793750
4768		-2.793750
4769		-2.912500
4770		-2.853125
4771		-2.587500
4772		-2.306250
4773		-2.068750
4774		-1.996875
4775		-2.587500
4776		-2.437500
4777		-2.393750
4778		-2.468750
4779		-1.906250
4780		-1.656250
4781		-1.243750
4782		-1.568750
4783		-1.553125
4784		0.159375
4785		-0.768750
4786		-2.306250
4787		-2.262500
4788		-1.315625
4789		-0.990625
4790		-1.315625
4791		-1.109375
4792		-0.843750
4793		-0.918750
4794		-0.931250
4795		-1.596875
4796		-0.946875
4797		-0.962500
4798		-1.153125
4799		-0.962500
4800		-0.946875
4801		-0.990625
4802		-0.637500
4803		-0.800000
4804		-0.209375
4805		-0.325000
4806		-0.075000
4807		0.087500
4808		-0.503125
4809		0.028125
4810		0.309375
4811		0.309375
4812		0.159375
4813		0.381250
4814		0.856250
4815		0.175000
4816		0.368750
4817		0.159375
4818		0.218750
4819		-1.656250
4820		0.484375
4821		0.043750
4822		-0.606250
4823		-0.090625
4824		-0.059375
4825		-0.459375
4826		-0.106250
4827		-0.665625
4828		-0.665625
4829		-0.443750
4830		-0.431250
4831		0.321875
4832		-0.371875
4833		0.234375
4834		0.087500
4835		0.265625
4836		0.159375
4837		0.175000
4838		0.515625
4839		0.543750
4840		0.471875
4841		0.900000
4842		0.603125
4843		0.412500
4844		0.337500
4845		0.531250
4846		0.337500
4847		0.678125
4848		0.825000
4849		0.206250
4850		0.250000
4851		0.159375
4852		0.353125
4853		0.265625
4854		0.590625
4855		0.000000
4856		0.959375
4857		0.765625
4858		0.265625
4859		-0.031250
4860		0.234375
4861		0.131250
4862		0.087500
4863		0.543750
4864		0.353125
4865		0.159375
4866		0.103125
4867		0.146875
4868		0.056250
4869		0.087500
4870		-0.075000
4871		-0.371875
4872		0.159375
4873		-0.150000
4874		0.115625
4875		-0.296875
4876		-0.431250
4877		-0.106250
4878		-0.090625
4879		-0.415625
4880		0.071875
4881		-0.106250
4882		0.559375
4883		0.087500
4884		0.012500
4885		0.381250
4886		-0.221875
4887		0.440625
4888		0.043750
4889		0.190625
4890		0.618750
4891		0.012500
4892		0.618750
4893		0.353125
4894		0.368750
4895		0.381250
4896		0.368750
4897		-0.178125
4898		-0.106250
4899		-0.075000
4900		0.190625
4901		0.056250
4902		0.353125
4903		0.368750
4904		0.159375
4905		0.515625
4906		0.662500
4907		0.900000
4908		0.678125
4909		0.825000
4910		0.515625
4911		0.721875
4912		0.634375
4913		0.856250
4914		0.456250
4915		0.662500
4916		0.396875
4917		-0.400000
4918		0.218750
4919		-0.415625
4920		-0.681250
4921		-0.681250
4922		-0.946875
4923		-0.812500
4924		-1.315625
4925		-1.509375
4926		-1.950000
4927		-2.100000
4928		-2.378125
4929		-2.334375
4930		-2.425000
4931		-2.084375
4932		-1.834375
4933		-1.625000
4934		-2.171875
4935		-1.759375
4936		-1.656250
4937		-1.184375
4938		-1.137500
4939		-0.606250
4940		-0.621875
4941		-0.106250
4942		-0.059375
4943		0.428125
4944		1.003125
4945		1.284375
4946		1.459375
4947		1.784375
4948		2.434375
4949		2.731250
4950		3.293750
4951		3.396875
4952		3.543750
4953		4.281250
4954		4.356250
4955		5.034375
4956		5.375000
4957		5.184375
4958		5.537500
4959		5.759375
4960		5.831250
4961		5.993750
4962		6.100000
4963		6.571875
4964		6.290625
4965		5.906250
4966		6.128125
4967		6.068750
4968		5.878125
4969		6.350000
4970		6.009375
4971		5.981250
4972		5.921875
4973		6.009375
4974		6.187500
4975		6.290625
4976		6.481250
4977		6.881250
4978		6.750000
4979		7.250000
4980		7.237500
4981		7.456250
4982		7.428125
4983		8.728125
4984		8.728125
4985		9.200000
4986		9.334375
4987		9.346875
4988		10.159375
4989		10.056250
4990		10.087500
4991		10.115625
4992		10.484375
4993		10.706250
4994		10.396875
4995		10.781250
4996		9.140625
4997		9.081250
4998		8.684375
4999		7.931250
5000		7.265625
5001		6.821875
5002		6.290625
5003		5.509375
5004		4.962500
5005		4.443750
5006		3.781250
5007		3.218750
5008		2.671875
5009		1.668750
5010		1.328125
5011		0.678125
5012		0.234375
5013		-0.031250
5014		-0.475000
5015		-1.093750
5016		-1.390625
5017		-1.700000
5018		-2.053125
5019		-2.437500
5020		-2.496875
5021		-2.615625
5022		-2.690625
5023		-2.425000
5024		-2.290625
5025		-2.631250
5026		-2.484375
5027		-2.365625
5028		-2.334375
5029		-2.053125
5030		-2.512500
5031		-1.950000
5032		-1.818750
5033		-1.184375
5034		-1.346875
5035		-1.331250
5036		-1.109375
5037		-1.153125
5038		-0.725000
5039		-1.300000
5040		-1.153125
5041		-0.887500
5042		-1.300000
5043		-1.021875
5044		-1.021875
5045		-1.462500
5046		-0.843750
5047		-1.846875
5048		-1.406250
5049		-1.996875
5050		-1.996875
5051		-2.025000
5052		-1.878125
5053		-1.700000
5054		-1.731250
5055		-1.315625
5056		-1.656250
5057		-1.300000
5058		-1.346875
5059		-1.137500
5060		-0.253125
5061		-0.237500
5062		-0.075000
5063		0.412500
5064		0.753125
5065		0.753125
5066		1.181250
5067		1.356250
5068		2.109375
5069		2.065625
5070		2.850000
5071		3.071875
5072		3.484375
5073		4.059375
5074		4.253125
5075		4.784375
5076		4.443750
5077		4.975000
5078		5.168750
5079		5.700000
5080		5.715625
5081		6.084375
5082		6.025000
5083		6.762500
5084		6.512500
5085		7.103125
5086		6.615625
5087		7.103125
5088		6.734375
5089		6.912500
5090		6.853125
5091		6.956250
5092		6.615625
5093		6.275000
5094		7.118750
5095		6.143750
5096		6.571875
5097		6.040625
5098		5.700000
5099		5.509375
5100		5.184375
5101		5.212500
5102		4.990625
5103		4.696875
5104		4.590625
5105		4.768750
5106		4.253125
5107		3.912500
5108		3.884375
5109		3.662500
5110		2.996875
5111		2.700000
5112		2.893750
5113		2.362500
5114		1.978125
5115		1.993750
5116		1.475000
5117		0.928125
5118		0.159375
5119		0.131250
5120		0.071875
5121		0.103125
5122		-0.281250
5123		-1.212500
5124		-1.359375
5125		-1.212500
5126		-1.359375
5127		-1.878125
5128		-2.275000
5129		-1.965625
5130		-2.409375
5131		-2.365625
5132		-2.393750
5133		-2.734375
5134		-2.587500
5135		-1.921875
5136		-2.159375
5137		-2.053125
5138		-1.906250
5139		-2.246875
5140		-1.906250
5141		-1.731250
5142		-1.021875
5143		-1.168750
5144		-0.918750
5145		-0.843750
5146		-0.475000
5147		-0.650000
5148		-0.371875
5149		-0.546875
5150		-0.059375
5151		0.043750
5152		0.071875
5153		0.543750
5154		0.987500
5155		1.003125
5156		1.078125
5157		1.534375
5158		1.993750
5159		0.175000
5160		3.618750
5161		1.387500
5162		2.021875
5163		2.731250
5164		2.700000
5165		3.012500
5166		3.468750
5167		3.350000
5168		3.409375
5169		3.571875
5170		4.103125
5171		4.281250
5172		4.621875
5173		4.503125
5174		4.400000
5175		4.768750
5176		4.859375
5177		4.784375
5178		5.418750
5179		5.759375
5180		5.878125
5181		6.365625
5182		6.393750
5183		6.068750
5184		6.262500
5185		6.659375
5186		6.806250
5187		7.118750
5188		7.028125
5189		7.075000
5190		6.806250
5191		7.131250
5192		7.178125
5193		7.190625
5194		7.221875
5195		6.793750
5196		6.734375
5197		6.600000
5198		6.437500
5199		5.993750
5200		6.068750
5201		5.803125
5202		5.625000
5203		5.434375
5204		5.493750
5205		5.078125
5206		5.509375
5207		4.903125
5208		4.134375
5209		4.150000
5210		4.209375
5211		4.253125
5212		3.337500
5213		4.031250
5214		3.559375
5215		3.559375
5216		3.159375
5217		2.584375
5218		2.406250
5219		2.125000
5220		2.228125
5221		1.403125
5222		1.506250
5223		1.284375
5224		1.078125
5225		0.765625
5226		0.575000
5227		-0.665625
5228		0.706250
5229		0.206250
5230		-0.384375
5231		0.293750
5232		-0.015625
5233		-0.075000
5234		0.278125
5235		0.103125
5236		0.428125
5237		0.737500
5238		0.693750
5239		0.825000
5240		1.343750
5241		1.121875
5242		1.475000
5243		1.859375
5244		1.843750
5245		2.156250
5246		2.421875
5247		2.806250
5248		2.878125
5249		2.656250
5250		3.025000
5251		2.996875
5252		3.409375
5253		3.337500
5254		4.090625
5255		4.237500
5256		4.578125
5257		4.606250
5258		4.843750
5259		4.753125
5260		5.093750
5261		5.640625
5262		5.950000
5263		5.906250
5264		6.084375
5265		5.862500
5266		6.246875
5267		5.862500
5268		5.965625
5269		6.231250
5270		5.878125
5271		6.318750
5272		6.156250
5273		6.393750
5274		6.334375
5275		5.803125
5276		5.921875
5277		6.171875
5278		6.203125
5279		6.659375
5280		6.393750
5281		6.275000
5282		6.215625
5283		6.112500
5284		5.818750
5285		5.596875
5286		5.625000
5287		6.053125
5288		6.025000
5289		5.521875
5290		5.553125
5291		5.450000
5292		5.168750
5293		5.375000
5294		5.300000
5295		5.434375
5296		5.050000
5297		4.887500
5298		4.903125
5299		4.487500
5300		4.265625
5301		4.237500
5302		3.884375
5303		3.928125
5304		3.675000
5305		3.559375
5306		3.662500
5307		3.618750
5308		3.293750
5309		3.187500
5310		3.012500
5311		2.525000
5312		2.996875
5313		2.731250
5314		2.671875
5315		2.465625
5316		2.228125
5317		1.815625
5318		1.668750
5319		1.668750
5320		1.712500
5321		1.268750
5322		1.193750
5323		0.900000
5324		0.543750
5325		0.206250
5326		0.000000
5327		0.575000
5328		0.190625
5329		0.559375
5330		0.515625
5331		0.396875
5332		0.559375
5333		0.515625
5334		0.753125
5335		0.693750
5336		1.181250
5337		1.371875
5338		1.193750
5339		1.415625
5340		1.446875
5341		1.637500
5342		1.475000
5343		1.150000
5344		1.046875
5345		1.712500
5346		2.184375
5347		2.228125
5348		2.375000
5349		2.243750
5350		1.978125
5351		2.065625
5352		1.621875
5353		1.534375
5354		2.081250
5355		2.184375
5356		2.375000
5357		2.212500
5358		2.243750
5359		2.612500
5360		2.303125
5361		2.346875
5362		2.568750
5363		2.596875
5364		2.700000
5365		2.509375
5366		2.790625
5367		2.731250
5368		2.818750
5369		2.628125
5370		3.071875
5371		3.187500
5372		3.350000
5373		3.071875
5374		3.143750
5375		3.234375
5376		2.525000
5377		2.759375
5378		3.365625
5379		2.259375
5380		3.056250
5381		2.450000
5382		2.525000
5383		2.212500
5384		2.671875
5385		2.537500
5386		2.790625
5387		2.878125
5388		3.396875
5389		3.071875
5390		3.187500
5391		2.878125
5392		2.893750
5393		3.603125
5394		3.262500
5395		3.187500
5396		3.306250
5397		3.143750
5398		3.409375
5399		3.618750
5400		3.337500
5401		3.040625
5402		3.321875
5403		2.981250
5404		3.559375
5405		3.456250
5406		3.218750
5407		3.396875
5408		3.321875
5409		3.365625
5410		3.559375
5411		3.512500
5412		3.706250
5413		4.031250
5414		3.912500
5415		4.134375
5416		3.721875
5417		3.884375
5418		3.837500
5419		3.618750
5420		4.059375
5421		3.809375
5422		3.912500
5423		3.734375
5424		3.571875
5425		3.721875
5426		3.131250
5427		3.765625
5428		3.543750
5429		3.662500
5430		3.690625
5431		3.203125
5432		2.921875
5433		3.543750
5434		3.278125
5435		3.071875
5436		3.396875
5437		3.218750
5438		3.631250
5439		3.721875
5440		3.484375
5441		3.884375
5442		3.321875
5443		3.500000
5444		3.781250
5445		3.868750
5446		3.809375
5447		4.103125
5448		4.103125
5449		4.090625
5450		4.384375
5451		3.853125
5452		3.559375
5453		3.912500
5454		3.690625
5455		3.721875
5456		3.750000
5457		4.209375
5458		3.734375
5459		3.690625
5460		3.868750
5461		3.765625
5462		3.868750
5463		3.675000
5464		3.987500
5465		3.559375
5466		3.765625
5467		3.559375
5468		3.825000
5469		3.425000
5470		3.618750
5471		3.884375
5472		3.500000
5473		3.646875
5474		3.500000
5475		3.321875
5476		3.734375
5477		3.365625
5478		3.618750
5479		3.781250
5480		3.440625
5481		3.603125
5482		3.440625
5483		3.306250
5484		3.218750
5485		3.500000
5486		3.218750
5487		3.734375
5488		3.837500
5489		4.118750
5490		3.631250
5491		3.987500
5492		4.103125
5493		3.662500
5494		3.912500
5495		4.221875
5496		3.956250
5497		4.253125
5498		4.209375
5499		4.428125
5500		4.281250
5501		3.884375
5502		3.853125
5503		3.809375
5504		4.237500
5505		3.809375
5506		4.209375
5507		4.209375
5508		4.384375
5509		4.000000
5510		4.621875
5511		4.459375
5512		4.518750
5513		5.021875
5514		4.696875
5515		5.240625
5516		4.871875
5517		5.006250
5518		5.168750
5519		5.137500
5520		5.093750
5521		5.434375
5522		5.596875
5523		5.403125
5524		5.434375
5525		5.196875
5526		5.300000
5527		5.375000
5528		5.656250
5529		5.581250
5530		6.009375
5531		5.715625
5532		5.700000
5533		5.684375
5534		5.346875
5535		5.418750
5536		5.212500
5537		5.390625
5538		5.168750
5539		5.418750
5540		5.743750
5541		5.509375
5542		5.493750
5543		5.212500
5544		5.331250
5545		6.025000
5546		5.256250
5547		5.581250
5548		7.353125
5549		4.887500
5550		5.196875
5551		6.275000
5552		5.093750
5553		4.725000
5554		4.503125
5555		4.562500
5556		4.650000
5557		4.578125
5558		4.415625
5559		4.534375
5560		4.134375
5561		2.375000
5562		4.237500
5563		4.946875
5564		4.296875
5565		4.915625
5566		5.034375
5567		5.390625
5568		4.946875
5569		5.153125
5570		4.665625
5571		5.256250
5572		5.021875
5573		4.800000
5574		5.006250
5575		4.518750
5576		4.946875
5577		4.871875
5578		4.696875
5579		4.740625
5580		5.212500
5581		4.768750
5582		4.887500
5583		5.065625
5584		4.518750
5585		5.212500
5586		5.050000
5587		5.331250
5588		5.240625
5589		5.093750
5590		5.553125
5591		5.981250
5592		5.553125
5593		5.346875
5594		5.612500
5595		5.831250
5596		5.846875
5597		6.496875
5598		6.468750
5599		6.290625
5600		6.128125
5601		5.878125
5602		5.890625
5603		6.528125
5604		5.878125
5605		6.437500
5606		6.437500
5607		6.171875
5608		6.690625
5609		5.950000
5610		6.203125
5611		6.409375
5612		6.203125
5613		6.556250
5614		6.806250
5615		6.453125
5616		6.600000
5617		7.162500
5618		6.318750
5619		6.512500
5620		6.481250
5621		6.009375
5622		7.015625
5623		6.453125
5624		6.793750
5625		7.059375
5626		6.468750
5627		6.968750
5628		6.912500
5629		6.615625
5630		6.806250
5631		7.206250
5632		7.043750
5633		7.087500
5634		6.881250
5635		7.103125
5636		7.059375
5637		6.912500
5638		7.293750
5639		6.806250
5640		7.103125
5641		7.515625
5642		7.059375
5643		7.781250
5644		7.353125
5645		7.768750
5646		7.456250
5647		7.693750
5648		7.206250
5649		7.281250
5650		7.221875
5651		7.546875
5652		7.206250
5653		7.146875
5654		6.865625
5655		6.762500
5656		6.762500
5657		5.921875
5658		6.215625
5659		6.496875
5660		5.878125
5661		6.203125
5662		6.187500
5663		6.171875
5664		6.806250
5665		6.306250
5666		6.171875
5667		5.818750
5668		5.493750
5669		6.203125
5670		5.656250
5671		6.187500
5672		6.187500
5673		6.203125
5674		5.775000
5675		5.906250
5676		5.700000
5677		5.596875
5678		5.346875
5679		5.612500
5680		5.906250
5681		5.981250
5682		6.068750
5683		5.981250
5684		5.759375
5685		5.993750
5686		5.700000
5687		5.728125
5688		5.921875
5689		6.171875
5690		6.009375
5691		6.053125
5692		6.540625
5693		5.981250
5694		6.659375
5695		6.203125
5696		6.306250
5697		6.615625
5698		6.306250
5699		6.615625
5700		6.100000
5701		6.334375
5702		6.821875
5703		6.275000
5704		6.587500
5705		5.906250
5706		5.890625
5707		5.581250
5708		5.803125
5709		5.684375
5710		5.509375
5711		5.831250
5712		5.581250
5713		5.700000
5714		5.093750
5715		5.212500
5716		5.137500
5717		5.125000
5718		5.331250
5719		5.196875
5720		5.331250
5721		5.228125
5722		5.065625
5723		5.034375
5724		4.812500
5725		4.725000
5726		4.843750
5727		4.503125
5728		4.915625
5729		4.768750
5730		4.487500
5731		4.193750
5732		4.503125
5733		4.031250
5734		4.265625
5735		4.178125
5736		4.059375
5737		4.265625
5738		4.356250
5739		4.578125
5740		4.915625
5741		4.725000
5742		4.859375
5743		5.184375
5744		4.843750
5745		5.021875
5746		5.256250
5747		5.137500
5748		5.021875
5749		5.728125
5750		5.403125
5751		5.715625
5752		5.021875
5753		4.681250
5754		6.025000
5755		5.065625
5756		5.021875
5757		5.315625
5758		5.184375
5759		5.331250
5760		5.434375
5761		5.743750
5762		5.921875
5763		5.906250
5764		5.700000
5765		5.596875
5766		5.450000
5767		5.375000
5768		5.950000
5769		5.478125
5770		5.906250
5771		6.334375
5772		5.921875
5773		5.921875
5774		5.759375
5775		5.418750
5776		5.462500
5777		5.168750
5778		5.509375
5779		5.581250
5780		6.040625
5781		5.228125
5782		5.390625
5783		5.331250
5784		5.581250
5785		5.462500
5786		5.359375
5787		5.509375
5788		5.656250
5789		6.040625
5790		5.921875
5791		6.128125
5792		6.334375
5793		6.318750
5794		6.528125
5795		6.496875
5796		7.059375
5797		7.162500
5798		6.378125
5799		7.131250
5800		7.075000
5801		7.028125
5802		7.221875
5803		6.925000
5804		7.028125
5805		7.131250
5806		6.643750
5807		6.231250
5808		6.378125
5809		6.365625
5810		6.318750
5811		6.587500
5812		6.778125
5813		6.203125
5814		6.187500
5815		6.143750
5816		5.981250
5817		5.656250
5818		6.437500
5819		5.493750
5820		5.950000
5821		6.084375
5822		5.287500
5823		5.728125
5824		5.359375
5825		4.931250
5826		5.346875
5827		5.093750
5828		4.859375
5829		4.915625
5830		5.240625
5831		5.034375
5832		4.546875
5833		4.487500
5834		4.178125
5835		4.281250
5836		4.237500
5837		4.296875
5838		4.312500
5839		4.740625
5840		4.518750
5841		4.178125
5842		4.103125
5843		3.912500
5844		4.578125
5845		4.725000
5846		4.859375
5847		4.443750
5848		4.843750
5849		4.740625
5850		4.843750
5851		4.696875
5852		4.356250
5853		4.946875
5854		4.946875
5855		5.256250
5856		5.375000
5857		4.887500
5858		5.021875
5859		4.696875
5860		5.300000
5861		5.331250
5862		5.240625
5863		5.700000
5864		5.612500
5865		5.581250
5866		5.981250
5867		6.275000
5868		6.171875
5869		6.453125
5870		6.571875
5871		6.100000
5872		5.818750
5873		5.700000
5874		6.453125
5875		5.137500
5876		6.246875
5877		6.365625
5878		5.846875
5879		5.993750
5880		5.818750
5881		6.068750
5882		5.640625
5883		5.478125
5884		5.700000
5885		5.759375
5886		5.656250
5887		6.128125
5888		5.950000
5889		5.390625
5890		5.612500
5891		5.521875
5892		5.256250
5893		5.656250
5894		5.878125
5895		6.378125
5896		6.306250
5897		6.496875
5898		6.806250
5899		6.365625
5900		5.993750
5901		6.306250
5902		6.571875
5903		6.350000
5904		6.350000
5905		6.750000
5906		6.453125
5907		6.615625
5908		4.162500
5909		6.275000
5910		5.228125
5911		5.612500
5912		5.728125
5913		5.728125
5914		6.215625
5915		6.290625
5916		5.950000
5917		5.846875
5918		5.846875
5919		5.537500
5920		6.718750
5921		6.540625
5922		6.262500
5923		5.981250
5924		6.496875
5925		5.993750
5926		5.950000
5927		5.965625
5928		5.775000
5929		5.803125
5930		5.684375
5931		5.612500
5932		5.331250
5933		4.384375
5934		5.034375
5935		4.665625
5936		4.443750
5937		4.665625
5938		3.928125
5939		4.134375
5940		4.606250
5941		3.868750
5942		3.987500
5943		4.193750
5944		4.503125
5945		4.962500
5946		5.359375
5947		5.612500
5948		5.390625
5949		5.553125
5950		5.715625
5951		5.612500
5952		5.759375
5953		5.478125
5954		6.068750
5955		6.437500
5956		5.981250
5957		6.468750
5958		5.315625
5959		5.434375
5960		5.125000
5961		5.612500
5962		5.759375
5963		6.540625
5964		5.553125
5965		5.775000
5966		5.212500
5967		5.656250
5968		5.625000
5969		5.240625
5970		6.100000
5971		6.068750
5972		6.587500
5973		6.068750
5974		6.468750
5975		6.690625
5976		6.528125
5977		6.068750
5978		6.984375
5979		6.068750
5980		6.290625
5981		6.587500
5982		6.718750
5983		6.778125
5984		6.365625
5985		5.950000
5986		6.025000
5987		6.068750
5988		5.581250
5989		6.231250
5990		5.950000
5991		6.053125
5992		6.100000
5993		5.625000
5994		5.993750
5995		5.700000
5996		7.087500
5997		6.865625
5998		6.881250
5999		6.512500
6000		5.375000
6001		6.334375
6002		6.290625
6003		6.703125
6004		6.262500
6005		6.968750
6006		6.659375
6007		6.453125
6008		6.128125
6009		5.818750
6010		5.700000
6011		5.878125
6012		5.759375
6013		6.040625
6014		6.156250
6015		5.906250
6016		5.981250
6017		5.787500
6018		5.862500
6019		5.684375
6020		5.434375
6021		6.437500
6022		5.684375
6023		6.703125
6024		6.084375
6025		6.318750
6026		5.684375
6027		5.993750
6028		6.318750
6029		6.365625
6030		6.128125
6031		5.759375
6032		5.965625
6033		6.437500
6034		5.656250
6035		5.640625
6036		5.862500
6037		6.068750
6038		5.950000
6039		5.803125
6040		5.728125
6041		5.625000
6042		5.493750
6043		5.493750
6044		5.418750
6045		5.478125
6046		6.290625
6047		6.468750
6048		6.496875
6049		6.865625
6050		6.334375
6051		6.262500
6052		6.156250
6053		6.350000
6054		6.350000
6055		5.965625
6056		6.378125
6057		6.262500
6058		6.231250
6059		6.600000
6060		5.846875
6061		5.509375
6062		5.937500
6063		5.375000
6064		5.965625
6065		5.993750
6066		5.715625
6067		5.993750
6068		5.965625
6069		6.053125
6070		6.068750
6071		6.896875
6072		6.837500
6073		6.881250
6074		6.512500
6075		6.865625
6076		6.378125
6077		6.675000
6078		6.956250
6079		7.162500
6080		6.956250
6081		7.087500
6082		9.156250
6083		7.059375
6084		5.462500
6085		5.493750
6086		7.178125
6087		6.556250
6088		6.540625
6089		6.865625
6090		6.690625
6091		6.571875
6092		7.456250
6093		6.468750
6094		6.643750
6095		6.128125
6096		7.178125
6097		7.943750
6098		6.806250
6099		7.943750
6100		6.793750
6101		7.340625
6102		7.531250
6103		7.368750
6104		6.912500
6105		7.812500
6106		7.000000
6107		7.768750
6108		7.737500
6109		7.828125
6110		6.925000
6111		6.956250
6112		6.896875
6113		6.821875
6114		6.659375
6115		6.643750
6116		6.659375
6117		6.512500
6118		6.675000
6119		6.703125
6120		6.437500
6121		6.528125
6122		6.806250
6123		7.131250
6124		6.837500
6125		6.793750
6126		6.956250
6127		6.703125
6128		7.059375
6129		7.353125
6130		7.131250
6131		7.309375
6132		7.178125
6133		7.190625
6134		7.178125
6135		6.762500
6136		6.631250
6137		6.940625
6138		6.615625
6139		6.956250
6140		7.250000
6141		6.512500
6142		6.718750
6143		6.437500
6144		6.290625
6145		6.437500
6146		6.425000
6147		7.650000
6148		6.187500
6149		7.015625
6150		7.043750
6151		7.103125
6152		6.865625
6153		7.103125
6154		6.496875
6155		6.762500
6156		7.015625
6157		6.837500
6158		7.103125
6159		6.837500
6160		7.103125
6161		6.365625
6162		6.512500
6163		5.509375
6164		6.425000
6165		6.437500
6166		6.528125
6167		6.587500
6168		6.100000
6169		6.512500
6170		6.053125
6171		6.540625
6172		6.378125
6173		6.409375
6174		6.437500
6175		6.040625
6176		6.762500
6177		6.984375
6178		6.881250
6179		7.325000
6180		6.837500
6181		6.437500
6182		6.984375
6183		6.615625
6184		6.865625
6185		6.734375
6186		6.453125
6187		6.571875
6188		6.984375
6189		6.912500
6190		6.793750
6191		6.600000
6192		5.981250
6193		6.881250
6194		6.318750
6195		6.437500
6196		6.984375
6197		7.281250
6198		7.693750
6199		7.665625
6200		7.678125
6201		7.650000
6202		7.103125
6203		7.487500
6204		7.871875
6205		7.471875
6206		7.871875
6207		7.693750
6208		8.106250
6209		7.975000
6210		7.796875
6211		7.456250
6212		7.162500
6213		7.709375
6214		7.975000
6215		7.709375
6216		7.665625
6217		8.328125
6218		7.618750
6219		7.990625
6220		7.812500
6221		7.796875
6222		7.721875
6223		8.506250
6224		8.831250
6225		7.828125
6226		8.756250
6227		8.018750
6228		8.712500
6229		8.462500
6230		8.565625
6231		8.625000
6232		8.565625
6233		8.668750
6234		8.387500
6235		8.565625
6236		8.387500
6237		8.121875
6238		8.137500
6239		8.446875
6240		7.768750
6241		7.900000
6242		7.840625
6243		7.871875
6244		7.828125
6245		7.856250
6246		7.840625
6247		7.400000
6248		8.121875
6249		8.534375
6250		8.284375
6251		7.590625
6252		8.121875
6253		8.315625
6254		8.121875
6255		8.240625
6256		8.106250
6257		8.209375
6258		8.534375
6259		8.387500
6260		8.046875
6261		7.931250
6262		7.606250
6263		7.959375
6264		7.353125
6265		7.281250
6266		9.834375
6267		7.353125
6268		7.840625
6269		6.912500
6270		6.659375
6271		6.690625
6272		6.912500
6273		6.940625
6274		7.546875
6275		6.968750
6276		7.178125
6277		7.043750
6278		7.443750
6279		7.384375
6280		7.353125
6281		7.456250
6282		7.840625
6283		8.165625
6284		7.265625
6285		7.693750
6286		7.250000
6287		7.250000
6288		6.806250
6289		6.806250
6290		7.118750
6291		7.015625
6292		6.690625
6293		6.853125
6294		6.734375
6295		5.937500
6296		6.896875
6297		6.675000
6298		6.912500
6299		6.215625
6300		7.162500
6301		7.487500
6302		7.546875
6303		6.940625
6304		7.546875
6305		7.221875
6306		7.428125
6307		7.340625
6308		6.853125
6309		7.487500
6310		6.956250
6311		7.265625
6312		7.206250
6313		6.587500
6314		6.615625
6315		6.068750
6316		6.718750
6317		6.512500
6318		6.275000
6319		6.365625
6320		6.675000
6321		6.643750
6322		6.615625
6323		6.437500
6324		5.921875
6325		6.425000
6326		7.087500
6327		6.246875
6328		6.734375
6329		6.762500
6330		6.881250
6331		6.690625
6332		6.793750
6333		6.643750
6334		6.762500
6335		6.496875
6336		6.615625
6337		6.425000
6338		6.143750
6339		6.203125
6340		6.025000
6341		5.890625
6342		5.759375
6343		6.040625
6344		5.537500
6345		5.462500
6346		5.403125
6347		5.640625
6348		5.950000
6349		5.775000
6350		5.906250
6351		6.512500
6352		6.025000
6353		4.356250
6354		5.596875
6355		5.728125
6356		5.921875
6357		6.100000
6358		6.187500
6359		5.890625
6360		6.203125
6361		5.846875
6362		5.950000
6363		5.965625
6364		5.743750
6365		5.315625
6366		4.887500
6367		5.287500
6368		5.509375
6369		4.962500
6370		5.553125
6371		5.050000
6372		5.137500
6373		4.990625
6374		4.990625
6375		4.312500
6376		4.887500
6377		5.359375
6378		5.287500
6379		5.375000
6380		5.403125
6381		5.034375
6382		5.021875
6383		5.021875
6384		4.931250
6385		4.962500
6386		4.546875
6387		4.871875
6388		5.078125
6389		4.753125
6390		4.725000
6391		4.325000
6392		4.090625
6393		4.281250
6394		4.265625
6395		4.784375
6396		4.443750
6397		4.725000
6398		4.340625
6399		4.725000
6400		4.178125
6401		5.478125
6402		5.078125
6403		5.656250
6404		5.478125
6405		5.390625
6406		5.240625
6407		5.390625
6408		5.434375
6409		5.418750
6410		5.434375
6411		4.475000
6412		5.846875
6413		5.715625
6414		4.962500
6415		5.450000
6416		5.390625
6417		5.418750
6418		5.478125
6419		6.306250
6420		5.434375
6421		6.100000
6422		5.553125
6423		5.537500
6424		5.700000
6425		5.921875
6426		5.581250
6427		5.890625
6428		6.231250
6429		5.728125
6430		5.831250
6431		6.215625
6432		6.409375
6433		5.890625
6434		6.068750
6435		5.537500
6436		5.937500
6437		5.640625
6438		5.950000
6439		5.581250
6440		5.346875
6441		5.390625
6442		5.509375
6443		5.906250
6444		5.656250
6445		5.878125
6446		5.537500
6447		5.818750
6448		5.625000
6449		5.981250
6450		6.187500
6451		6.334375
6452		6.496875
6453		6.643750
6454		6.806250
6455		6.750000
6456		6.837500
6457		6.528125
6458		6.643750
6459		6.643750
6460		6.600000
6461		6.437500
6462		6.940625
6463		6.378125
6464		6.793750
6465		6.128125
6466		5.315625
6467		5.846875
6468		5.775000
6469		6.334375
6470		5.521875
6471		5.993750
6472		5.640625
6473		5.553125
6474		6.615625
6475		5.403125
6476		6.215625
6477		5.787500
6478		5.728125
6479		5.715625
6480		5.921875
6481		5.846875
6482		5.981250
6483		6.084375
6484		6.215625
6485		6.040625
6486		5.434375
6487		6.128125
6488		5.728125
6489		5.759375
6490		5.240625
6491		5.553125
6492		5.256250
6493		5.287500
6494		5.021875
6495		5.240625
6496		4.871875
6497		5.537500
6498		4.590625
6499		5.434375
6500		5.462500
6501		5.403125
6502		6.615625
6503		6.143750
6504		6.143750
6505		6.156250
6506		6.040625
6507		6.453125
6508		6.393750
6509		6.306250
6510		6.762500
6511		6.053125
6512		5.950000
6513		6.068750
6514		5.981250
6515		5.478125
6516		5.671875
6517		5.331250
6518		6.084375
6519		5.656250
6520		5.612500
6521		5.418750
6522		5.759375
6523		5.509375
6524		5.612500
6525		5.700000
6526		6.231250
6527		6.246875
6528		5.906250
6529		6.896875
6530		6.615625
6531		6.318750
6532		6.215625
6533		6.156250
6534		7.131250
6535		6.306250
6536		6.793750
6537		6.318750
6538		7.015625
6539		6.556250
6540		6.837500
6541		6.215625
6542		6.793750
6543		6.128125
6544		5.950000
6545		6.290625
6546		6.275000
6547		5.656250
6548		5.775000
6549		5.581250
6550		6.215625
6551		5.803125
6552		5.728125
6553		7.087500
6554		6.984375
6555		6.643750
6556		7.015625
6557		6.718750
6558		7.237500
6559		6.675000
6560		7.384375
6561		7.428125
6562		7.781250
6563		7.487500
6564		7.546875
6565		7.693750
6566		7.265625
6567		7.250000
6568		7.237500
6569		7.265625
6570		7.634375
6571		7.650000
6572		7.650000
6573		7.503125
6574		7.606250
6575		7.400000
6576		7.162500
6577		7.206250
6578		7.915625
6579		7.575000
6580		7.384375
6581		7.265625
6582		6.984375
6583		7.562500
6584		7.456250
6585		7.546875
6586		7.015625
6587		7.206250
6588		7.028125
6589		6.718750
6590		6.896875
6591		6.496875
6592		6.468750
6593		6.690625
6594		6.246875
6595		6.837500
6596		6.350000
6597		6.171875
6598		5.625000
6599		6.203125
6600		5.612500
6601		6.275000
6602		5.537500
6603		7.059375
6604		6.750000
6605		6.571875
6606		6.690625
6607		6.393750
6608		6.540625
6609		6.437500
6610		6.025000
6611		6.512500
6612		6.587500
6613		6.365625
6614		5.775000
6615		5.981250
6616		6.600000
6617		5.937500
6618		5.315625
6619		5.184375
6620		5.656250
6621		5.612500
6622		5.462500
6623		5.418750
6624		4.590625
6625		5.093750
6626		4.915625
6627		4.740625
6628		4.162500
6629		4.709375
6630		4.178125
6631		4.443750
6632		4.000000
6633		4.546875
6634		5.596875
6635		4.090625
6636		4.590625
6637		4.031250
6638		4.209375
6639		4.428125
6640		4.059375
6641		4.150000
6642		4.887500
6643		4.443750
6644		4.590625
6645		4.518750
6646		4.665625
6647		4.459375
6648		4.134375
6649		4.800000
6650		4.740625
6651		5.078125
6652		5.093750
6653		5.093750
6654		6.084375
6655		5.743750
6656		5.271875
6657		5.775000
6658		5.065625
6659		5.462500
6660		5.671875
6661		5.537500
6662		5.846875
6663		5.359375
6664		5.656250
6665		5.537500
6666		5.184375
6667		5.168750
6668		4.990625
6669		5.375000
6670		5.228125
6671		5.153125
6672		5.625000
6673		5.878125
6674		5.671875
6675		6.350000
6676		5.965625
6677		6.156250
6678		6.246875
6679		6.968750
6680		7.650000
6681		7.237500
6682		8.093750
6683		8.165625
6684		8.359375
6685		8.684375
6686		8.640625
6687		8.684375
6688		9.096875
6689		8.950000
6690		9.081250
6691		9.612500
6692		9.806250
6693		9.021875
6694		9.556250
6695		10.056250
6696		9.525000
6697		9.568750
6698		9.393750
6699		9.406250
6700		9.600000
6701		9.865625
6702		9.612500
6703		9.393750
6704		9.318750
6705		9.746875
6706		9.481250
6707		9.540625
6708		9.243750
6709		8.756250
6710		8.859375
6711		8.993750
6712		8.653125
6713		7.871875
6714		8.093750
6715		7.796875
6716		7.400000
6717		7.131250
6718		6.631250
6719		6.171875
6720		5.671875
6721		5.921875
6722		5.831250
6723		5.359375
6724		5.271875
6725		4.546875
6726		5.403125
6727		5.034375
6728		4.962500
6729		4.265625
6730		5.050000
6731		5.450000
6732		4.384375
6733		5.359375
6734		4.915625
6735		4.887500
6736		4.709375
6737		4.415625
6738		4.400000
6739		4.812500
6740		3.468750
6741		4.475000
6742		4.518750
6743		3.662500
6744		3.396875
6745		3.218750
6746		2.584375
6747		2.909375
6748		2.953125
6749		2.878125
6750		3.025000
6751		2.893750
6752		3.012500
6753		3.543750
6754		3.587500
6755		4.281250
6756		4.031250
6757		4.590625
6758		4.178125
6759		4.046875
6760		4.871875
6761		4.915625
6762		4.871875
6763		4.990625
6764		4.871875
6765		5.212500
6766		5.537500
6767		5.125000
6768		6.128125
6769		5.065625
6770		5.346875
6771		5.625000
6772		5.168750
6773		5.034375
6774		5.921875
6775		5.553125
6776		6.040625
6777		6.246875
6778		6.290625
6779		5.878125
6780		5.906250
6781		7.103125
6782		6.793750
6783		6.940625
6784		7.250000
6785		7.384375
6786		7.368750
6787		7.043750
6788		7.575000
6789		7.103125
6790		7.400000
6791		7.015625
6792		7.428125
6793		7.237500
6794		7.015625
6795		6.365625
6796		7.384375
6797		7.178125
6798		7.353125
6799		6.718750
6800		7.028125
6801		6.837500
6802		6.821875
6803		7.293750
6804		7.737500
6805		7.400000
6806		7.796875
6807		7.546875
6808		7.709375
6809		7.162500
6810		7.503125
6811		7.015625
6812		7.059375
6813		7.118750
6814		6.631250
6815		6.528125
6816		6.793750
6817		6.437500
6818		6.143750
6819		5.168750
6820		5.078125
6821		4.621875
6822		4.296875
6823		4.221875
6824		3.956250
6825		3.793750
6826		3.409375
6827		3.365625
6828		3.187500
6829		3.100000
6830		2.065625
6831		2.481250
6832		2.525000
6833		2.553125
6834		2.525000
6835		1.831250
6836		2.481250
6837		1.712500
6838		1.843750
6839		1.193750
6840		1.181250
6841		1.253125
6842		1.181250
6843		1.268750
6844		1.193750
6845		-0.312500
6846		0.753125
6847		0.278125
6848		0.159375
6849		0.159375
6850		0.131250
6851		0.678125
6852		0.293750
6853		0.825000
6854		0.706250
6855		0.250000
6856		1.518750
6857		2.096875
6858		2.184375
6859		2.156250
6860		2.375000
6861		2.553125
6862		2.953125
6863		3.218750
6864		3.278125
6865		3.262500
6866		3.512500
6867		3.956250
6868		4.534375
6869		4.031250
6870		3.293750
6871		3.690625
6872		3.837500
6873		4.221875
6874		4.415625
6875		5.021875
6876		4.843750
6877		5.109375
6878		5.065625
6879		5.271875
6880		4.990625
6881		5.034375
6882		5.831250
6883		5.878125
6884		6.334375
6885		6.053125
6886		6.540625
6887		6.143750
6888		6.615625
6889		5.993750
6890		6.084375
6891		6.262500
6892		6.615625
6893		6.912500
6894		6.600000
6895		5.728125
6896		5.937500
6897		5.715625
6898		5.700000
6899		5.256250
6900		5.906250
6901		5.775000
6902		5.775000
6903		5.965625
6904		5.196875
6905		5.700000
6906		5.509375
6907		6.437500
6908		6.171875
6909		5.906250
6910		5.831250
6911		5.890625
6912		5.906250
6913		5.256250
6914		5.137500
6915		4.990625
6916		4.915625
6917		5.034375
6918		4.606250
6919		4.443750
6920		3.884375
6921		2.759375
6922		2.878125
6923		2.687500
6924		2.375000
6925		3.012500
6926		2.021875
6927		2.434375
6928		1.578125
6929		1.621875
6930		1.106250
6931		0.634375
6932		1.121875
6933		1.740625
6934		1.668750
6935		1.668750
6936		1.415625
6937		1.343750
6938		1.018750
6939		1.106250
6940		0.543750
6941		0.809375
6942		1.431250
6943		0.868750
6944		1.565625
6945		1.225000
6946		0.678125
6947		0.634375
6948		0.206250
6949		0.796875
6950		0.337500
6951		1.046875
6952		1.134375
6953		1.046875
6954		1.181250
6955		1.240625
6956		1.446875
6957		1.815625
6958		2.509375
6959		3.350000
6960		3.187500
6961		3.662500
6962		3.690625
6963		3.662500
6964		3.956250
6965		3.809375
6966		4.209375
6967		4.103125
6968		5.021875
6969		5.137500
6970		4.709375
6971		4.828125
6972		4.681250
6973		4.650000
6974		4.903125
6975		5.228125
6976		4.887500
6977		5.493750
6978		5.878125
6979		5.300000
6980		6.053125
6981		5.212500
6982		5.125000
6983		6.187500
6984		6.100000
6985		6.275000
6986		6.571875
6987		5.803125
6988		6.793750
6989		6.100000
6990		6.275000
6991		6.143750
6992		6.912500
6993		6.837500
6994		6.481250
6995		6.615625
6996		6.156250
6997		5.287500
6998		5.006250
6999		5.818750
7000		5.434375
7001		5.509375
7002		5.153125
7003		5.168750
7004		5.109375
7005		4.740625
7006		4.887500
7007		4.606250
7008		4.975000
7009		4.990625
7010		5.862500
7011		5.287500
7012		5.478125
7013		4.590625
7014		4.975000
7015		4.637500
7016		4.371875
7017		4.637500
7018		4.459375
7019		4.371875
7020		3.603125
7021		4.325000
7022		3.084375
7023		3.246875
7024		3.071875
7025		3.337500
7026		2.834375
7027		3.025000
7028		2.746875
7029		2.212500
7030		2.481250
7031		1.593750
7032		2.156250
7033		2.287500
7034		2.375000
7035		2.140625
7036		2.806250
7037		2.081250
7038		2.481250
7039		2.021875
7040		2.434375
7041		1.815625
7042		2.362500
7043		2.421875
7044		2.287500
7045		2.346875
7046		2.287500
7047		1.621875
7048		1.740625
7049		2.259375
7050		1.668750
7051		2.731250
7052		2.628125
7053		2.700000
7054		2.406250
7055		2.596875
7056		2.921875
7057		2.628125
7058		3.809375
7059		4.162500
7060		4.578125
7061		4.046875
7062		4.296875
7063		4.221875
7064		4.075000
7065		4.546875
7066		4.503125
7067		5.287500
7068		5.315625
7069		5.271875
7070		5.093750
7071		5.509375
7072		4.578125
7073		4.681250
7074		4.696875
7075		4.812500
7076		5.846875
7077		5.596875
7078		5.462500
7079		4.975000
7080		5.212500
7081		4.915625
7082		5.450000
7083		5.212500
7084		6.956250
7085		5.831250
7086		5.612500
7087		5.715625
7088		5.700000
7089		5.434375
7090		5.271875
7091		5.625000
7092		5.478125
7093		5.537500
7094		5.287500
7095		5.287500
7096		5.109375
7097		5.168750
7098		3.734375
7099		4.843750
7100		4.590625
7101		3.884375
7102		4.090625
7103		3.781250
7104		3.971875
7105		4.075000
7106		3.884375
7107		4.075000
7108		3.781250
7109		3.928125
7110		4.059375
7111		4.518750
7112		3.896875
7113		3.825000
7114		3.765625
7115		3.868750
7116		3.912500
7117		4.000000
7118		4.059375
7119		3.293750
7120		3.987500
7121		3.559375
7122		3.750000
7123		2.156250
7124		2.656250
7125		2.596875
7126		3.175000
7127		3.468750
7128		2.968750
7129		3.012500
7130		2.509375
7131		1.993750
7132		2.893750
7133		2.596875
7134		2.584375
7135		2.953125
7136		3.187500
7137		3.293750
7138		2.465625
7139		3.218750
7140		3.543750
7141		3.278125
7142		2.921875
7143		3.175000
7144		3.337500
7145		3.100000
7146		2.671875
7147		2.850000
7148		3.100000
7149		2.493750
7150		3.143750
7151		2.968750
7152		2.628125
7153		3.187500
7154		2.996875
7155		3.175000
7156		3.262500
7157		3.246875
7158		3.765625
7159		3.928125
7160		4.162500
7161		5.109375
7162		4.590625
7163		4.946875
7164		4.562500
7165		4.209375
7166		4.650000
7167		5.331250
7168		5.462500
7169		5.403125
7170		5.168750
7171		5.300000
7172		4.400000
7173		5.196875
7174		3.853125
7175		4.871875
7176		4.753125
7177		4.975000
7178		4.843750
7179		4.903125
7180		4.015625
7181		5.168750
7182		4.740625
7183		4.015625
7184		4.696875
7185		4.193750
7186		5.359375
7187		4.915625
7188		4.768750
7189		5.184375
7190		4.843750
7191		4.946875
7192		5.287500
7193		4.990625
7194		4.503125
7195		3.837500
7196		4.237500
7197		4.459375
7198		3.896875
7199		3.468750
7200		3.396875
7201		3.868750
7202		3.012500
7203		3.484375
7204		3.203125
7205		3.143750
7206		2.937500
7207		2.850000
7208		3.559375
7209		2.806250
7210		3.837500
7211		4.253125
7212		3.928125
7213		3.646875
7214		3.409375
7215		3.484375
7216		3.337500
7217		2.790625
7218		3.765625
7219		3.559375
7220		3.484375
7221		3.175000
7222		2.731250
7223		2.834375
7224		1.843750
7225		1.993750
7226		1.784375
7227		2.006250
7228		2.481250
7229		2.156250
7230		1.934375
7231		1.815625
7232		1.831250
7233		1.490625
7234		1.593750
7235		1.712500
7236		2.081250
7237		2.953125
7238		2.715625
7239		2.465625
7240		1.934375
7241		3.337500
7242		2.893750
7243		2.746875
7244		2.921875
7245		2.818750
7246		2.656250
7247		2.465625
7248		2.700000
7249		3.246875
7250		2.596875
7251		2.806250
7252		2.493750
7253		2.375000
7254		2.656250
7255		2.656250
7256		2.481250
7257		2.303125
7258		3.425000
7259		3.187500
7260		2.850000
7261		3.100000
7262		3.456250
7263		3.175000
7264		3.306250
7265		3.040625
7266		3.543750
7267		3.440625
7268		3.321875
7269		3.528125
7270		3.293750
7271		3.365625
7272		3.100000
7273		2.850000
7274		2.806250
7275		2.746875
7276		2.406250
7277		2.775000
7278		2.434375
7279		2.434375
7280		2.450000
7281		2.303125
7282		2.331250
7283		2.140625
7284		2.156250
7285		1.993750
7286		2.184375
7287		2.362500
7288		2.406250
7289		2.184375
7290		2.259375
7291		2.375000
7292		2.481250
7293		2.406250
7294		2.406250
7295		2.331250
7296		1.653125
7297		1.946875
7298		1.784375
7299		1.993750
7300		1.712500
7301		1.653125
7302		1.637500
7303		1.696875
7304		1.815625
7305		1.165625
7306		1.121875
7307		1.181250
7308		1.134375
7309		1.328125
7310		1.078125
7311		0.543750
7312		1.268750
7313		1.031250
7314		0.765625
7315		0.796875
7316		0.293750
7317		0.484375
7318		0.206250
7319		0.484375
7320		0.337500
7321		-0.118750
7322		0.368750
7323		-0.193750
7324		0.234375
7325		0.012500
7326		-0.562500
7327		-0.268750
7328		-0.281250
7329		-0.253125
7330		-0.562500
7331		-0.134375
7332		-0.193750
7333		0.043750
7334		-0.221875
7335		-0.031250
7336		-0.325000
7337		0.103125
7338		0.115625
7339		-0.075000
7340		0.234375
7341		0.115625
7342		0.043750
7343		0.381250
7344		-0.325000
7345		0.115625
7346		-0.253125
7347		-0.268750
7348		-0.725000
7349		-0.118750
7350		-0.015625
7351		-0.621875
7352		-1.125000
7353		-0.918750
7354		-1.168750
7355		-1.478125
7356		-1.331250
7357		-1.450000
7358		-1.315625
7359		-0.903125
7360		-1.006250
7361		-1.168750
7362		-0.931250
7363		-1.168750
7364		-0.800000
7365		-1.109375
7366		-1.731250
7367		-1.418750
7368		-1.315625
7369		-1.434375
7370		-0.812500
7371		-1.462500
7372		-1.137500
7373		-1.478125
7374		-1.331250
7375		-1.137500
7376		-1.878125
7377		-1.509375
7378		-1.981250
7379		-1.906250
7380		-1.950000
7381		-2.025000
7382		-2.025000
7383		-2.231250
7384		-2.231250
7385		-2.615625
7386		-2.128125
7387		-2.793750
7388		-2.215625
7389		-2.646875
7390		-2.365625
7391		-2.171875
7392		-2.437500
7393		-2.321875
7394		-2.496875
7395		-2.437500
7396		-2.837500
7397		-2.734375
7398		-2.690625
7399		-2.912500
7400		-2.365625
7401		-2.956250
7402		-3.000000
7403		-3.265625
7404		-3.237500
7405		-3.428125
7406		-3.531250
7407		-3.459375
7408		-3.459375
7409		-3.015625
7410		-2.971875
7411		-3.087500
7412		-3.309375
7413		-2.750000
7414		-2.865625
7415		-2.821875
7416		-2.571875
7417		-2.912500
7418		-2.484375
7419		-2.750000
7420		-2.778125
7421		-2.540625
7422		-2.809375
7423		-2.956250
7424		-2.734375
7425		-2.690625
7426		-3.103125
7427		-3.162500
7428		-2.837500
7429		-3.325000
7430		-3.118750
7431		-2.896875
7432		-3.178125
7433		-3.015625
7434		-2.925000
7435		-2.971875
7436		-2.912500
7437		-2.925000
7438		-3.309375
7439		-2.793750
7440		-2.496875
7441		-2.275000
7442		-1.981250
7443		-1.862500
7444		-1.834375
7445		-2.321875
7446		-2.100000
7447		-2.321875
7448		-1.965625
7449		-2.100000
7450		-1.390625
7451		-1.271875
7452		-1.537500
7453		-1.331250
7454		-1.921875
7455		-1.346875
7456		-1.509375
7457		-1.450000
7458		-1.346875
7459		-1.656250
7460		-0.962500
7461		-1.168750
7462		-1.081250
7463		-1.109375
7464		-0.487500
7465		-0.637500
7466		-0.431250
7467		-0.503125
7468		-0.828125
7469		-0.665625
7470		-0.784375
7471		-0.562500
7472		-0.871875
7473		-0.887500
7474		-0.400000
7475		-0.843750
7476		-0.221875
7477		-0.946875
7478		-1.212500
7479		-1.050000
7480		-1.093750
7481		-1.034375
7482		-1.212500
7483		-1.243750
7484		-1.359375
7485		-1.243750
7486		-1.581250
7487		-1.509375
7488		-1.803125
7489		-2.068750
7490		-1.406250
7491		-1.462500
7492		-1.243750
7493		-1.803125
7494		-1.818750
7495		-2.040625
7496		-2.378125
7497		-2.159375
7498		-2.321875
7499		-2.262500
7500		-2.365625
7501		-2.631250
7502		-2.556250
7503		-2.762500
7504		-2.865625
7505		-3.368750
7506		-3.221875
7507		-3.459375
7508		-3.178125
7509		-3.028125
7510		-2.956250
7511		-2.881250
7512		-3.087500
7513		-3.178125
7514		-3.340625
7515		-3.059375
7516		-2.984375
7517		-2.881250
7518		-3.459375
7519		-3.309375
7520		-3.281250
7521		-3.281250
7522		-3.178125
7523		-3.443750
7524		-3.028125
7525		-3.368750
7526		-3.000000
7527		-3.015625
7528		-3.531250
7529		-3.400000
7530		-3.840625
7531		-3.412500
7532		-3.134375
7533		-3.340625
7534		-3.515625
7535		-3.134375
7536		-2.912500
7537		-3.753125
7538		-2.940625
7539		-3.768750
7540		-3.575000
7541		-3.546875
7542		-3.118750
7543		-2.821875
7544		-2.984375
7545		-3.103125
7546		-3.206250
7547		-2.809375
7548		-3.087500
7549		-3.281250
7550		-2.956250
7551		-3.250000
7552		-2.734375
7553		-3.028125
7554		-3.281250
7555		-3.296875
7556		-3.059375
7557		-3.621875
7558		-2.984375
7559		-3.296875
7560		-3.146875
7561		-2.587500
7562		-2.984375
7563		-2.734375
7564		-2.896875
7565		-2.912500
7566		-2.275000
7567		-2.540625
7568		-2.718750
7569		-2.540625
7570		-2.659375
7571		-2.437500
7572		-2.246875
7573		-2.512500
7574		-2.306250
7575		-2.425000
7576		-2.350000
7577		-2.425000
7578		-2.393750
7579		-3.162500
7580		-3.118750
7581		-3.250000
7582		-2.762500
7583		-2.600000
7584		-2.896875
7585		-3.028125
7586		-3.459375
7587		-3.428125
7588		-4.018750
7589		-3.665625
7590		-3.621875
7591		-3.650000
7592		-3.134375
7593		-3.206250
7594		-3.353125
7595		-3.428125
7596		-3.725000
7597		-4.003125
7598		-4.137500
7599		-3.915625
7600		-3.828125
7601		-3.959375
7602		-3.975000
7603		-4.106250
7604		-4.521875
7605		-4.625000
7606		-4.521875
7607		-5.128125
7608		-4.050000
7609		-4.700000
7610		-4.918750
7611		-4.490625
7612		-4.771875
7613		-4.684375
7614		-4.906250
7615		-4.846875
7616		-4.256250
7617		-4.431250
7618		-4.609375
7619		-4.684375
7620		-4.906250
7621		-5.259375
7622		-4.993750
7623		-5.140625
7624		-5.053125
7625		-5.096875
7626		-4.846875
7627		-5.303125
7628		-5.081250
7629		-5.362500
7630		-5.453125
7631		-4.756250
7632		-5.081250
7633		-4.875000
7634		-4.965625
7635		-4.831250
7636		-5.025000
7637		-5.171875
7638		-4.978125
7639		-4.934375
7640		-5.037500
7641		-4.875000
7642		-4.521875
7643		-4.537500
7644		-4.003125
7645		-4.212500
7646		-3.975000
7647		-3.900000
7648		-3.753125
7649		-3.931250
7650		-3.487500
7651		-3.678125
7652		-3.075000
7653		-3.515625
7654		-3.281250
7655		-3.634375
7656		-3.412500
7657		-3.368750
7658		-3.621875
7659		-3.768750
7660		-3.250000
7661		-3.087500
7662		-3.059375
7663		-3.118750
7664		-3.103125
7665		-2.984375
7666		-3.000000
7667		-2.556250
7668		-2.615625
7669		-2.718750
7670		-3.059375
7671		-3.146875
7672		-3.206250
7673		-3.015625
7674		-2.587500
7675		-2.912500
7676		-2.971875
7677		-2.762500
7678		-3.015625
7679		-3.237500
7680		-3.531250
7681		-3.353125
7682		-3.487500
7683		-3.015625
7684		-3.325000
7685		-2.718750
7686		-2.703125
7687		-3.059375
7688		-2.984375
7689		-2.615625
7690		-3.162500
7691		-3.000000
7692		-2.809375
7693		-2.734375
7694		-2.762500
7695		-3.206250
7696		-2.925000
7697		-3.162500
7698		-3.428125
7699		-3.309375
7700		-4.034375
7701		-3.915625
7702		-4.165625
7703		-4.268750
7704		-4.240625
7705		-4.225000
7706		-4.490625
7707		-4.934375
7708		-4.862500
7709		-4.712500
7710		-4.978125
7711		-5.243750
7712		-4.875000
7713		-5.303125
7714		-5.156250
7715		-5.290625
7716		-5.303125
7717		-5.393750
7718		-5.053125
7719		-5.290625
7720		-5.243750
7721		-5.615625
7722		-5.984375
7723		-5.378125
7724		-5.378125
7725		-4.787500
7726		-5.112500
7727		-5.200000
7728		-5.496875
7729		-5.421875
7730		-5.437500
7731		-5.600000
7732		-6.012500
7733		-5.643750
7734		-5.600000
7735		-5.659375
7736		-5.215625
7737		-5.643750
7738		-5.453125
7739		-5.540625
7740		-5.731250
7741		-5.421875
7742		-5.600000
7743		-5.243750
7744		-4.950000
7745		-5.718750
7746		-4.906250
7747		-5.068750
7748		-4.862500
7749		-5.925000
7750		-5.231250
7751		-5.437500
7752		-5.096875
7753		-5.053125
7754		-4.712500
7755		-4.803125
7756		-4.950000
7757		-4.846875
7758		-5.096875
7759		-4.771875
7760		-4.640625
7761		-4.831250
7762		-4.831250
7763		-4.359375
7764		-4.387500
7765		-4.268750
7766		-3.840625
7767		-3.915625
7768		-3.471875
7769		-3.678125
7770		-3.768750
7771		-3.959375
7772		-3.693750
7773		-4.121875
7774		-3.471875
7775		-3.368750
7776		-3.178125
7777		-3.353125
7778		-3.309375
7779		-3.531250
7780		-3.412500
7781		-3.975000
7782		-3.400000
7783		-3.915625
7784		-3.650000
7785		-3.531250
7786		-3.915625
7787		-4.062500
7788		-4.106250
7789		-4.093750
7790		-4.315625
7791		-4.018750
7792		-4.018750
7793		-4.196875
7794		-3.781250
7795		-3.900000
7796		-3.915625
7797		-3.753125
7798		-3.915625
7799		-4.137500
7800		-4.431250
7801		-4.121875
7802		-4.121875
7803		-3.900000
7804		-4.256250
7805		-3.606250
7806		-4.093750
7807		-4.121875
7808		-4.078125
7809		-4.284375
7810		-4.343750
7811		-4.490625
7812		-4.756250
7813		-4.268750
7814		-4.343750
7815		-4.343750
7816		-4.137500
7817		-4.093750
7818		-4.387500
7819		-4.268750
7820		-4.831250
7821		-4.787500
7822		-4.653125
7823		-4.743750
7824		-4.565625
7825		-4.978125
7826		-4.609375
7827		-4.684375
7828		-4.831250
7829		-4.743750
7830		-5.128125
7831		-5.112500
7832		-5.556250
7833		-5.378125
7834		-5.568750
7835		-5.303125
7836		-5.996875
7837		-5.615625
7838		-5.437500
7839		-5.865625
7840		-5.893750
7841		-5.968750
7842		-5.718750
7843		-5.628125
7844		-5.643750
7845		-5.568750
7846		-5.378125
7847		-5.525000
7848		-5.568750
7849		-5.746875
7850		-5.318750
7851		-5.703125
7852		-5.643750
7853		-5.659375
7854		-5.275000
7855		-5.303125
7856		-5.762500
7857		-5.421875
7858		-5.615625
7859		-5.496875
7860		-5.659375
7861		-5.393750
7862		-5.615625
7863		-5.156250
7864		-5.128125
7865		-5.187500
7866		-4.831250
7867		-4.712500
7868		-5.037500
7869		-6.175000
7870		-5.171875
7871		-5.171875
7872		-4.965625
7873		-4.918750
7874		-4.846875
7875		-4.934375
7876		-4.862500
7877		-4.950000
7878		-4.978125
7879		-4.978125
7880		-4.934375
7881		-5.406250
7882		-4.787500
7883		-5.303125
7884		-5.009375
7885		-4.993750
7886		-5.053125
7887		-5.200000
7888		-5.334375
7889		-5.187500
7890		-5.156250
7891		-5.171875
7892		-5.378125
7893		-5.350000
7894		-5.318750
7895		-5.025000
7896		-5.156250
7897		-4.934375
7898		-5.053125
7899		-4.831250
7900		-4.978125
7901		-4.965625
7902		-5.171875
7903		-5.140625
7904		-4.978125
7905		-4.965625
7906		-5.025000
7907		-4.950000
7908		-5.496875
7909		-5.600000
7910		-5.334375
7911		-5.718750
7912		-5.406250
7913		-5.540625
7914		-5.318750
7915		-5.303125
7916		-5.568750
7917		-5.275000
7918		-5.334375
7919		-5.421875
7920		-5.481250
7921		-5.525000
7922		-5.406250
7923		-5.718750
7924		-5.081250
7925		-5.378125
7926		-5.568750
7927		-5.540625
7928		-5.275000
7929		-5.615625
7930		-5.834375
7931		-5.746875
7932		-6.206250
7933		-5.865625
7934		-5.821875
7935		-6.131250
7936		-5.984375
7937		-5.821875
7938		-5.746875
7939		-6.428125
7940		-6.028125
7941		-6.337500
7942		-6.234375
7943		-6.159375
7944		-6.543750
7945		-6.531250
7946		-6.056250
7947		-6.012500
7948		-6.103125
7949		-6.234375
7950		-5.940625
7951		-6.206250
7952		-6.159375
7953		-6.131250
7954		-6.484375
7955		-6.043750
7956		-6.103125
7957		-5.940625
7958		-6.190625
7959		-6.500000
7960		-6.662500
7961		-6.131250
7962		-6.603125
7963		-6.456250
7964		-6.337500
7965		-6.678125
7966		-6.603125
7967		-6.337500
7968		-6.428125
7969		-6.337500
7970		-6.043750
7971		-6.353125
7972		-6.368750
7973		-6.190625
7974		-6.234375
7975		-6.087500
7976		-6.321875
7977		-5.909375
7978		-6.103125
7979		-6.087500
7980		-6.278125
7981		-6.043750
7982		-6.309375
7983		-6.012500
7984		-6.071875
7985		-6.543750
7986		-6.353125
7987		-6.678125
7988		-6.131250
7989		-6.603125
7990		-6.959375
7991		-6.856250
7992		-7.121875
7993		-6.900000
7994		-6.706250
7995		-7.181250
7996		-6.590625
7997		-6.721875
7998		-6.678125
7999		-6.693750
8000		-6.825000
8001		-6.646875
8002		-6.971875
8003		-6.868750
8004		-6.706250
8005		-6.796875
8006		-6.928125
8007		-6.928125
8008		-6.753125
8009		-7.090625
8010		-6.678125
8011		-7.459375
8012		-7.284375
8013		-7.562500
8014		-7.134375
8015		-6.868750
8016		-6.943750
8017		-7.078125
8018		-6.753125
8019		-7.268750
8020		-7.003125
8021		-7.225000
8022		-7.296875
8023		-7.150000
8024		-7.225000
8025		-7.121875
8026		-7.181250
8027		-7.296875
8028		-7.003125
8029		-7.193750
8030		-7.562500
8031		-7.712500
8032		-7.887500
8033		-7.518750
8034		-7.784375
8035		-8.346875
8036		-7.740625
8037		-8.065625
8038		-8.050000
8039		-8.271875
8040		-8.656250
8041		-8.746875
8042		-8.362500
8043		-8.656250
8044		-8.525000
8045		-8.746875
8046		-8.909375
8047		-8.759375
8048		-8.921875
8049		-8.406250
8050		-8.596875
8051		-8.643750
8052		-8.893750
8053		-9.131250
8054		-9.131250
8055		-8.996875
8056		-9.337500
8057		-9.143750
8058		-9.306250
8059		-9.071875
8060		-9.381250
8061		-9.571875
8062		-9.425000
8063		-9.662500
8064		-9.987500
8065		-9.234375
8066		-9.262500
8067		-9.587500
8068		-9.025000
8069		-9.512500
8070		-9.350000
8071		-9.587500
8072		-9.484375
8073		-9.646875
8074		-9.143750
8075		-9.187500
8076		-9.365625
8077		-9.571875
8078		-9.468750
8079		-9.809375
8080		-9.365625
8081		-9.631250
8082		-9.912500
8083		-9.971875
8084		-9.603125
8085		-9.706250
8086		-9.853125
8087		-10.000000
8088		-10.090625
8089		-10.265625
8090		-10.325000
8091		-10.253125
8092		-9.956250
8093		-10.415625
8094		-10.312500
8095		-10.118750
8096		-10.178125
8097		-9.809375
8098		-9.837500
8099		-10.000000
8100		-9.675000
8101		-9.837500
8102		-9.896875
8103		-9.853125
8104		-9.765625
8105		-9.778125
8106		-10.031250
8107		-9.825000
8108		-9.690625
8109		-9.512500
8110		-9.750000
8111		-9.971875
8112		-10.134375
8113		-10.340625
8114		-10.237500
8115		-10.193750
8116		-9.853125
8117		-9.734375
8118		-9.750000
8119		-9.528125
8120		-9.453125
8121		-9.956250
8122		-10.325000
8123		-9.706250
8124		-9.528125
8125		-9.306250
8126		-8.834375
8127		-9.468750
8128		-8.612500
8129		-8.596875
8130		-9.484375
8131		-9.293750
8132		-9.218750
8133		-9.234375
8134		-8.996875
8135		-9.603125
8136		-9.306250
8137		-9.159375
8138		-9.350000
8139		-9.396875
8140		-9.837500
8141		-9.484375
8142		-9.409375
8143		-9.512500
8144		-9.631250
8145		-9.381250
8146		-9.453125
8147		-9.453125
8148		-8.715625
8149		-9.115625
8150		-9.071875
8151		-9.115625
8152		-9.175000
8153		-9.131250
8154		-8.968750
8155		-9.100000
8156		-8.850000
8157		-9.321875
8158		-8.584375
8159		-8.200000
8160		-8.921875
8161		-9.512500
8162		-9.306250
8163		-9.631250
8164		-9.234375
8165		-9.603125
8166		-9.012500
8167		-8.968750
8168		-9.337500
8169		-9.071875
8170		-9.012500
8171		-9.084375
8172		-9.143750
8173		-9.084375
8174		-8.596875
8175		-8.775000
8176		-8.493750
8177		-8.746875
8178		-8.346875
8179		-8.450000
8180		-8.790625
8181		-8.862500
8182		-8.228125
8183		-8.450000
8184		-8.568750
8185		-8.481250
8186		-8.584375
8187		-8.287500
8188		-8.525000
8189		-8.715625
8190		-8.346875
8191		-8.759375
8192		-8.746875
8193		-9.115625
8194		-8.628125
8195		-8.228125
8196		-8.037500
8197		-8.421875
8198		-8.375000
8199		-8.037500
8200		-8.184375
8201		-8.862500
8202		-8.168750
8203		-8.243750
8204		-8.303125
8205		-7.978125
8206		-8.493750
8207		-8.140625
8208		-8.568750
8209		-8.775000
8210		-8.700000
8211		-8.481250
8212		-8.818750
8213		-8.628125
8214		-8.584375
8215		-8.303125
8216		-8.259375
8217		-8.346875
8218		-8.228125
8219		-8.050000
8220		-8.200000
8221		-8.184375
8222		-7.593750
8223		-7.653125
8224		-7.978125
8225		-8.303125
8226		-7.831250
8227		-7.431250
8228		-7.756250
8229		-7.371875
8230		-7.490625
8231		-7.637500
8232		-8.037500
8233		-8.125000
8234		-8.006250
8235		-7.784375
8236		-7.784375
8237		-8.228125
8238		-7.534375
8239		-7.740625
8240		-7.993750
8241		-7.831250
8242		-7.934375
8243		-8.271875
8244		-8.331250
8245		-7.903125
8246		-7.843750
8247		-7.518750
8248		-7.696875
8249		-7.681250
8250		-7.800000
8251		-7.903125
8252		-7.550000
8253		-7.593750
8254		-7.593750
8255		-7.343750
8256		-7.534375
8257		-7.371875
8258		-7.031250
8259		-7.637500
8260		-7.831250
8261		-7.918750
8262		-7.712500
8263		-7.668750
8264		-7.490625
8265		-7.328125
8266		-7.078125
8267		-7.371875
8268		-7.181250
8269		-7.356250
8270		-7.446875
8271		-6.678125
8272		-6.987500
8273		-7.121875
8274		-6.706250
8275		-6.900000
8276		-6.381250
8277		-6.796875
8278		-6.543750
8279		-6.531250
8280		-6.500000
8281		-6.559375
8282		-7.165625
8283		-6.943750
8284		-6.706250
8285		-7.046875
8286		-6.900000
8287		-6.971875
8288		-6.796875
8289		-6.321875
8290		-6.706250
8291		-6.856250
8292		-6.662500
8293		-6.943750
8294		-7.371875
8295		-6.900000
8296		-6.265625
8297		-6.218750
8298		-6.868750
8299		-6.781250
8300		-6.753125
8301		-7.253125
8302		-6.250000
8303		-6.428125
8304		-6.321875
8305		-6.618750
8306		-6.190625
8307		-6.190625
8308		-6.321875
8309		-6.781250
8310		-6.559375
8311		-6.646875
8312		-6.753125
8313		-5.940625
8314		-6.381250
8315		-6.856250
8316		-6.087500
8317		-6.278125
8318		-6.618750
8319		-6.309375
8320		-6.884375
8321		-6.321875
8322		-6.840625
8323		-6.234375
8324		-6.737500
8325		-6.706250
8326		-6.603125
8327		-6.646875
8328		-6.971875
8329		-7.121875
8330		-6.662500
8331		-6.500000
8332		-6.265625
8333		-7.106250
8334		-6.809375
8335		-6.678125
8336		-6.381250
8337		-6.856250
8338		-6.915625
8339		-7.150000
8340		-7.209375
8341		-7.193750
8342		-7.046875
8343		-6.971875
8344		-7.415625
8345		-6.915625
8346		-7.062500
8347		-6.753125
8348		-7.578125
8349		-6.928125
8350		-7.121875
8351		-7.193750
8352		-7.003125
8353		-7.518750
8354		-7.150000
8355		-7.415625
8356		-7.046875
8357		-7.518750
8358		-7.371875
8359		-7.593750
8360		-8.081250
8361		-7.756250
8362		-7.784375
8363		-7.653125
8364		-7.562500
8365		-7.593750
8366		-7.859375
8367		-7.771875
8368		-7.962500
8369		-7.887500
8370		-7.962500
8371		-7.918750
8372		-7.296875
8373		-7.740625
8374		-7.240625
8375		-7.562500
8376		-7.978125
8377		-7.712500
8378		-7.800000
8379		-7.903125
8380		-7.609375
8381		-8.687500
8382		-7.859375
8383		-8.212500
8384		-8.509375
8385		-8.818750
8386		-8.656250
8387		-8.331250
8388		-8.450000
8389		-8.628125
8390		-8.818750
8391		-8.953125
8392		-8.878125
8393		-8.612500
8394		-8.612500
8395		-9.381250
8396		-8.406250
8397		-8.156250
8398		-8.271875
8399		-8.168750
8400		-8.331250
8401		-8.862500
8402		-8.465625
8403		-8.421875
8404		-8.109375
8405		-8.375000
8406		-8.346875
8407		-8.109375
8408		-8.331250
8409		-8.346875
8410		-8.450000
8411		-9.187500
8412		-9.084375
8413		-9.381250
8414		-9.512500
8415		-9.159375
8416		-9.706250
8417		-9.262500
8418		-9.706250
8419		-10.209375
8420		-9.559375
8421		-9.381250
8422		-10.325000
8423		-10.193750
8424		-10.118750
8425		-10.915625
8426		-10.812500
8427		-10.665625
8428		-10.562500
8429		-10.590625
8430		-10.784375
8431		-10.812500
8432		-10.946875
8433		-11.743750
8434		-10.696875
8435		-11.506250
8436		-11.890625
8437		-11.506250
8438		-11.271875
8439		-10.990625
8440		-10.650000
8441		-10.637500
8442		-10.562500
8443		-10.650000
8444		-9.884375
8445		-9.631250
8446		-8.818750
8447		-8.893750
8448		-7.593750
8449		-7.121875
8450		-6.868750
8451		-6.381250
8452		-5.996875
8453		-6.321875
8454		-5.081250
8455		-5.096875
8456		-4.462500
8457		-4.446875
8458		-4.462500
8459		-4.284375
8460		-4.268750
8461		-4.965625
8462		-4.668750
8463		-4.906250
8464		-4.875000
8465		-3.975000
8466		-4.712500
8467		-4.181250
8468		-4.462500
8469		-4.506250
8470		-3.900000
8471		-4.181250
8472		-3.975000
8473		-3.178125
8474		-3.459375
8475		-3.043750
8476		-3.503125
8477		-3.087500
8478		-2.881250
8479		-2.512500
8480		-2.393750
8481		-2.068750
8482		-2.084375
8483		-1.759375
8484		-2.306250
8485		-1.759375
8486		-1.184375
8487		-2.246875
8488		-1.775000
8489		-1.950000
8490		-1.612500
8491		-2.068750
8492		-1.846875
8493		-0.606250
8494		-1.965625
8495		-1.996875
8496		-1.906250
8497		-2.734375
8498		-2.290625
8499		-2.734375
8500		-3.606250
8501		-3.665625
8502		-3.828125
8503		-4.862500
8504		-6.959375
8505		-6.131250
8506		-7.003125
8507		-6.381250
8508		-7.356250
8509		-8.346875
8510		-8.434375
8511		-9.512500
8512		-10.428125
8513		-10.946875
8514		-11.331250
8515		-10.962500
8516		-11.359375
8517		-12.350000
8518		-11.921875
8519		-12.512500
8520		-12.393750
8521		-13.368750
8522		-12.512500
8523		-12.762500
8524		-12.215625
8525		-12.215625
8526		-12.203125
8527		-12.068750
8528		-11.818750
8529		-10.990625
8530		-12.203125
8531		-11.109375
8532		-11.078125
8533		-10.681250
8534		-10.946875
8535		-10.650000
8536		-10.518750
8537		-11.403125
8538		-11.050000
8539		-11.656250
8540		-10.990625
8541		-11.065625
8542		-11.034375
8543		-11.878125
8544		-11.728125
8545		-12.100000
8546		-11.950000
8547		-12.100000
8548		-11.937500
8549		-11.787500
8550		-12.040625
8551		-11.787500
8552		-12.053125
8553		-12.112500
8554		-12.025000
8555		-11.375000
8556		-12.040625
8557		-12.053125
8558		-11.493750
8559		-11.287500
8560		-11.403125
8561		-10.975000
8562		-10.871875
8563		-11.403125
8564		-10.990625
8565		-10.518750
8566		-9.971875
8567		-9.825000
8568		-9.071875
8569		-8.228125
8570		-7.978125
8571		-7.459375
8572		-7.106250
8573		-6.543750
8574		-6.353125
8575		-5.350000
8576		-4.993750
8577		-4.581250
8578		-4.315625
8579		-3.634375
8580		-3.459375
8581		-3.162500
8582		-2.837500
8583		-2.956250
8584		-2.940625
8585		-2.540625
8586		-2.809375
8587		-2.971875
8588		-3.443750
8589		-3.250000
8590		-3.562500
8591		-3.590625
8592		-3.428125
8593		-4.165625
8594		-4.050000
8595		-4.431250
8596		-4.431250
8597		-4.862500
8598		-4.418750
8599		-4.934375
8600		-4.815625
8601		-4.478125
8602		-4.950000
8603		-4.918750
8604		-5.778125
8605		-5.200000
8606		-5.881250
8607		-6.087500
8608		-6.471875
8609		-6.575000
8610		-6.737500
8611		-7.031250
8612		-7.312500
8613		-8.156250
8614		-8.481250
8615		-8.746875
8616		-9.278125
8617		-9.115625
8618		-9.956250
8619		-9.896875
8620		-10.090625
8621		-10.371875
8622		-10.475000
8623		-10.265625
8624		-11.109375
8625		-11.331250
8626		-11.287500
8627		-11.921875
8628		-11.787500
8629		-12.203125
8630		-12.040625
8631		-11.878125
8632		-12.468750
8633		-12.453125
8634		-12.540625
8635		-12.187500
8636		-12.837500
8637		-12.853125
8638		-12.778125
8639		-13.325000
8640		-13.590625
8641		-13.990625
8642		-13.118750
8643		-13.325000
8644		-13.087500
8645		-13.206250
8646		-12.896875
8647		-12.778125
8648		-12.615625
8649		-12.528125
8650		-12.409375
8651		-11.331250
8652		-11.109375
8653		-10.709375
8654		-10.725000
8655		-10.046875
8656		-9.603125
8657		-9.603125
8658		-9.262500
8659		-8.981250
8660		-8.109375
8661		-8.006250
8662		-8.109375
8663		-8.065625
8664		-7.800000
8665		-8.096875
8666		-7.962500
8667		-7.550000
8668		-7.784375
8669		-7.387500
8670		-6.721875
8671		-6.753125
8672		-5.731250
8673		-6.484375
8674		-5.996875
8675		-5.909375
8676		-5.865625
8677		-4.906250
8678		-4.862500
8679		-5.243750
8680		-4.521875
8681		-5.243750
8682		-4.268750
8683		-3.103125
8684		-3.562500
8685		-3.384375
8686		-4.978125
8687		-2.912500
8688		-3.028125
8689		-3.840625
8690		-3.768750
8691		-3.959375
8692		-3.871875
8693		-3.900000
8694		-4.268750
8695		-4.387500
8696		-4.728125
8697		-4.490625
8698		-3.887500
8699		-4.803125
8700		-4.328125
8701		-4.181250
8702		-4.918750
8703		-4.490625
8704		-4.862500
8705		-4.803125
8706		-5.275000
8707		-5.790625
8708		-5.703125
8709		-5.940625
8710		-5.718750
8711		-6.175000
8712		-7.062500
8713		-6.634375
8714		-7.150000
8715		-8.568750
8716		-7.887500
8717		-7.934375
8718		-8.596875
8719		-8.596875
8720		-9.306250
8721		-8.731250
8722		-8.878125
8723		-9.750000
8724		-9.956250
8725		-10.562500
8726		-10.665625
8727		-10.859375
8728		-10.428125
8729		-11.006250
8730		-10.371875
8731		-10.562500
8732		-10.740625
8733		-10.546875
8734		-10.915625
8735		-11.375000
8736		-10.768750
8737		-10.578125
8738		-10.475000
8739		-10.459375
8740		-10.696875
8741		-10.859375
8742		-10.325000
8743		-10.103125
8744		-10.162500
8745		-9.912500
8746		-10.075000
8747		-9.734375
8748		-8.481250
8749		-8.790625
8750		-8.818750
8751		-8.790625
8752		-8.050000
8753		-7.934375
8754		-7.518750
8755		-6.856250
8756		-6.515625
8757		-6.928125
8758		-6.575000
8759		-6.471875
8760		-6.428125
8761		-5.778125
8762		-5.421875
8763		-5.718750
8764		-5.659375
8765		-6.043750
8766		-6.043750
8767		-5.968750
8768		-5.512500
8769		-5.275000
8770		-5.009375
8771		-5.200000
8772		-5.453125
8773		-4.165625
8774		-4.537500
8775		-4.300000
8776		-4.565625
8777		-4.121875
8778		-4.121875
8779		-3.590625
8780		-4.431250
8781		-3.768750
8782		-3.443750
8783		-3.737500
8784		-3.753125
8785		-3.650000
8786		-3.693750
8787		-4.240625
8788		-4.181250
8789		-4.196875
8790		-4.359375
8791		-4.934375
8792		-5.996875
8793		-4.700000
8794		-5.378125
8795		-6.278125
8796		-6.484375
8797		-6.056250
8798		-6.206250
8799		-6.531250
8800		-6.603125
8801		-6.471875
8802		-7.003125
8803		-6.368750
8804		-6.678125
8805		-7.003125
8806		-7.637500
8807		-7.459375
8808		-7.712500
8809		-7.934375
8810		-7.387500
8811		-7.843750
8812		-7.490625
8813		-7.918750
8814		-8.037500
8815		-8.553125
8816		-9.187500
8817		-8.968750
8818		-9.159375
8819		-10.325000
8820		-10.562500
8821		-9.987500
8822		-9.884375
8823		-9.971875
8824		-10.031250
8825		-10.606250
8826		-10.265625
8827		-10.384375
8828		-10.253125
8829		-9.987500
8830		-9.884375
8831		-10.325000
8832		-9.884375
8833		-9.453125
8834		-9.512500
8835		-9.159375
8836		-8.671875
8837		-9.468750
8838		-9.587500
8839		-9.306250
8840		-9.115625
8841		-9.571875
8842		-9.615625
8843		-10.209375
8844		-9.884375
8845		-9.306250
8846		-9.337500
8847		-9.778125
8848		-10.031250
8849		-7.934375
8850		-9.115625
8851		-8.568750
8852		-9.868750
8853		-8.746875
8854		-8.168750
8855		-7.946875
8856		-7.637500
8857		-8.006250
8858		-8.109375
8859		-7.962500
8860		-7.800000
8861		-7.518750
8862		-7.343750
8863		-7.046875
8864		-7.225000
8865		-6.900000
8866		-7.209375
8867		-7.681250
8868		-6.721875
8869		-6.781250
8870		-6.531250
8871		-7.459375
8872		-6.575000
8873		-6.515625
8874		-6.693750
8875		-6.959375
8876		-6.796875
8877		-6.590625
8878		-6.706250
8879		-6.056250
8880		-6.440625
8881		-6.146875
8882		-6.234375
8883		-5.940625
8884		-6.218750
8885		-6.043750
8886		-6.115625
8887		-6.190625
8888		-6.278125
8889		-5.940625
8890		-6.662500
8891		-6.603125
8892		-6.131250
8893		-6.381250
8894		-6.575000
8895		-6.012500
8896		-6.971875
8897		-6.781250
8898		-6.471875
8899		-6.543750
8900		-6.796875
8901		-6.856250
8902		-6.190625
8903		-6.206250
8904		-6.087500
8905		-4.418750
8906		-5.834375
8907		-5.821875
8908		-5.790625
8909		-5.893750
8910		-5.540625
8911		-6.115625
8912		-5.615625
8913		-5.850000
8914		-5.968750
8915		-6.678125
8916		-5.834375
8917		-6.531250
8918		-6.265625
8919		-6.218750
8920		-6.115625
8921		-6.471875
8922		-6.603125
8923		-5.984375
8924		-5.806250
8925		-6.293750
8926		-6.353125
8927		-6.500000
8928		-6.131250
8929		-5.893750
8930		-5.568750
8931		-6.250000
8932		-5.996875
8933		-5.790625
8934		-6.278125
8935		-5.806250
8936		-5.790625
8937		-5.881250
8938		-6.234375
8939		-6.159375
8940		-6.396875
8941		-6.218750
8942		-5.615625
8943		-6.856250
8944		-6.634375
8945		-6.559375
8946		-6.484375
8947		-6.559375
8948		-6.543750
8949		-7.046875
8950		-6.309375
8951		-6.159375
8952		-6.559375
8953		-6.618750
8954		-5.762500
8955		-5.865625
8956		-6.265625
8957		-6.012500
8958		-6.103125
8959		-6.043750
8960		-5.968750
8961		-5.984375
8962		-6.353125
8963		-5.893750
8964		-5.893750
8965		-6.321875
8966		-6.809375
8967		-5.703125
8968		-6.646875
8969		-6.175000
8970		-6.706250
8971		-6.159375
8972		-6.071875
8973		-6.646875
8974		-6.396875
8975		-5.968750
8976		-5.925000
8977		-6.146875
8978		-5.953125
8979		-6.218750
8980		-6.043750
8981		-5.453125
8982		-5.628125
8983		-5.540625
8984		-5.318750
8985		-5.615625
8986		-5.393750
8987		-5.821875
8988		-5.731250
8989		-5.806250
8990		-5.421875
8991		-6.662500
8992		-5.303125
8993		-6.087500
8994		-6.056250
8995		-6.559375
8996		-6.234375
8997		-6.840625
8998		-6.500000
8999		-6.825000
9000		-6.943750
9001		-6.531250
9002		-6.531250
9003		-6.753125
9004		-6.693750
9005		-6.234375
9006		-6.190625
9007		-6.353125
9008		-6.087500
9009		-6.309375
9010		-6.381250
9011		-6.309375
9012		-6.087500
9013		-6.265625
9014		-6.087500
9015		-6.353125
9016		-6.412500
9017		-6.115625
9018		-6.575000
9019		-6.559375
9020		-6.928125
9021		-6.484375
9022		-6.603125
9023		-6.531250
9024		-6.634375
9025		-6.278125
9026		-6.159375
9027		-6.293750
9028		-6.190625
9029		-6.603125
9030		-7.078125
9031		-5.762500
9032		-6.131250
9033		-5.968750
9034		-8.818750
9035		-6.131250
9036		-5.112500
9037		-6.056250
9038		-6.428125
9039		-6.265625
9040		-6.368750
9041		-5.790625
9042		-6.634375
9043		-6.412500
9044		-7.296875
9045		-7.225000
9046		-7.240625
9047		-7.446875
9048		-7.343750
9049		-7.562500
9050		-7.593750
9051		-7.534375
9052		-7.593750
9053		-7.815625
9054		-7.993750
9055		-8.050000
9056		-7.712500
9057		-7.446875
9058		-7.593750
9059		-7.403125
9060		-7.831250
9061		-7.534375
9062		-7.562500
9063		-7.518750
9064		-7.431250
9065		-7.637500
9066		-7.371875
9067		-6.884375
9068		-7.446875
9069		-7.740625
9070		-7.534375
9071		-7.756250
9072		-7.815625
9073		-7.578125
9074		-7.887500
9075		-7.637500
9076		-8.021875
9077		-7.621875
9078		-7.312500
9079		-7.371875
9080		-7.946875
9081		-7.193750
9082		-7.296875
9083		-7.209375
9084		-6.753125
9085		-7.106250
9086		-7.165625
9087		-6.678125
9088		-6.840625
9089		-7.268750
9090		-7.296875
9091		-7.431250
9092		-7.312500
9093		-7.253125
9094		-7.415625
9095		-7.609375
9096		-7.371875
9097		-7.934375
9098		-7.740625
9099		-7.446875
9100		-7.831250
9101		-8.037500
9102		-7.209375
9103		-7.181250
9104		-7.253125
9105		-7.356250
9106		-6.781250
9107		-6.796875
9108		-6.618750
9109		-7.078125
9110		-6.515625
9111		-6.753125
9112		-6.706250
9113		-6.531250
9114		-6.721875
9115		-6.500000
9116		-6.634375
9117		-6.706250
9118		-6.368750
9119		-6.721875
9120		-6.900000
9121		-7.003125
9122		-7.018750
9123		-7.209375
9124		-6.856250
9125		-7.121875
9126		-6.884375
9127		-6.265625
9128		-6.278125
9129		-6.265625
9130		-6.412500
9131		-6.531250
9132		-6.043750
9133		-5.540625
9134		-6.146875
9135		-5.350000
9136		-5.140625
9137		-5.453125
9138		-5.731250
9139		-5.378125
9140		-5.540625
9141		-5.600000
9142		-5.671875
9143		-5.465625
9144		-5.453125
9145		-6.234375
9146		-6.115625
9147		-6.721875
9148		-6.131250
9149		-6.190625
9150		-5.778125
9151		-6.559375
9152		-6.218750
9153		-6.500000
9154		-6.175000
9155		-6.278125
9156		-6.575000
9157		-5.968750
9158		-5.643750
9159		-6.412500
9160		-6.043750
9161		-5.893750
9162		-6.971875
9163		-6.368750
9164		-6.412500
9165		-6.250000
9166		-6.321875
9167		-6.603125
9168		-6.028125
9169		-6.012500
9170		-6.575000
9171		-6.987500
9172		-7.296875
9173		-6.809375
9174		-6.915625
9175		-6.531250
9176		-6.440625
9177		-7.106250
9178		-5.865625
9179		-6.531250
9180		-6.634375
9181		-6.678125
9182		-6.575000
9183		-6.234375
9184		-5.421875
9185		-5.421875
9186		-5.584375
9187		-5.643750
9188		-5.615625
9189		-5.687500
9190		-5.687500
9191		-5.762500
9192		-5.200000
9193		-5.025000
9194		-5.406250
9195		-5.350000
9196		-6.428125
9197		-6.087500
9198		-6.043750
9199		-6.265625
9200		-6.309375
9201		-6.337500
9202		-5.778125
9203		-5.790625
9204		-5.762500
9205		-6.206250
9206		-6.381250
9207		-6.146875
9208		-5.156250
9209		-5.600000
9210		-5.496875
9211		-5.171875
9212		-5.378125
9213		-5.834375
9214		-5.362500
9215		-5.850000
9216		-5.778125
9217		-6.056250
9218		-5.865625
9219		-5.984375
9220		-5.465625
9221		-6.337500
9222		-6.381250
9223		-6.765625
9224		-6.987500
9225		-6.484375
9226		-6.278125
9227		-6.706250
9228		-6.825000
9229		-6.293750
9230		-6.234375
9231		-6.428125
9232		-6.175000
9233		-5.703125
9234		-5.762500
9235		-5.025000
9236		-5.643750
9237		-5.303125
9238		-5.393750
9239		-5.525000
9240		-5.525000
9241		-5.540625
9242		-4.375000
9243		-4.478125
9244		-4.712500
9245		-4.712500
9246		-5.762500
9247		-5.687500
9248		-5.465625
9249		-5.303125
9250		-5.465625
9251		-5.453125
9252		-4.490625
9253		-4.478125
9254		-4.906250
9255		-4.965625
9256		-4.756250
9257		-4.728125
9258		-4.093750
9259		-3.471875
9260		-3.515625
9261		-3.353125
9262		-3.237500
9263		-3.250000
9264		-3.296875
9265		-3.796875
9266		-3.459375
9267		-3.621875
9268		-3.650000
9269		-2.821875
9270		-3.015625
9271		-2.496875
9272		-3.975000
9273		-4.537500
9274		-3.915625
9275		-3.975000
9276		-3.768750
9277		-3.931250
9278		-3.693750
9279		-3.146875
9280		-3.665625
9281		-3.459375
9282		-4.062500
9283		-3.943750
9284		-2.512500
9285		-2.925000
9286		-2.762500
9287		-2.350000
9288		-2.393750
9289		-2.912500
9290		-1.981250
9291		-2.393750
9292		-2.262500
9293		-2.171875
9294		-2.393750
9295		-2.571875
9296		-1.846875
9297		-2.496875
9298		-2.778125
9299		-2.365625
9300		-3.103125
9301		-2.171875
9302		-2.659375
9303		-2.171875
9304		-2.750000
9305		-2.734375
9306		-2.246875
9307		-2.275000
9308		-2.600000
9309		-1.478125
9310		-2.053125
9311		-1.700000
9312		-2.053125
9313		-2.159375
9314		-2.321875
9315		-2.290625
9316		-2.084375
9317		-2.350000
9318		-2.143750
9319		-2.321875
9320		-2.215625
9321		-2.912500
9322		-3.178125
9323		-4.121875
9324		-3.621875
9325		-3.059375
9326		-3.487500
9327		-3.621875
9328		-3.606250
9329		-3.384375
9330		-3.296875
9331		-3.887500
9332		-3.990625
9333		-4.581250
9334		-3.384375
9335		-3.250000
9336		-3.087500
9337		-2.956250
9338		-3.000000
9339		-3.400000
9340		-3.250000
9341		-3.103125
9342		-2.956250
9343		-3.443750
9344		-3.353125
9345		-3.206250
9346		-3.678125
9347		-3.796875
9348		-3.725000
9349		-3.753125
9350		-3.781250
9351		-3.606250
9352		-4.106250
9353		-3.621875
9354		-3.487500
9355		-3.693750
9356		-3.368750
9357		-3.178125
9358		-3.693750
9359		-2.646875
9360		-1.803125
9361		-2.128125
9362		-2.100000
9363		-2.350000
9364		-2.053125
9365		-2.159375
9366		-1.846875
9367		-1.656250
9368		-1.625000
9369		-1.478125
9370		-2.100000
9371		-1.878125
9372		-1.406250
9373		-3.206250
9374		-2.187500
9375		-2.171875
9376		-2.246875
9377		-2.068750
9378		-2.393750
9379		-3.206250
9380		-2.334375
9381		-2.571875
9382		-2.556250
9383		-2.571875
9384		-2.453125
9385		-1.846875
9386		-2.171875
9387		-1.906250
9388		-1.775000
9389		-2.321875
9390		-2.025000
9391		-2.053125
9392		-2.437500
9393		-1.612500
9394		-2.171875
9395		-1.612500
9396		-1.981250
9397		-2.984375
9398		-3.237500
9399		-3.325000
9400		-3.503125
9401		-3.590625
9402		-3.043750
9403		-3.178125
9404		-2.971875
9405		-3.562500
9406		-3.325000
9407		-3.650000
9408		-3.975000
9409		-3.162500
9410		-2.778125
9411		-2.571875
9412		-2.690625
9413		-3.281250
9414		-2.865625
9415		-2.940625
9416		-2.912500
9417		-3.281250
9418		-2.587500
9419		-2.881250
9420		-2.971875
9421		-3.015625
9422		-2.659375
9423		-2.703125
9424		-3.840625
9425		-3.309375
9426		-4.403125
9427		-3.650000
9428		-3.678125
9429		-4.018750
9430		-3.606250
9431		-4.343750
9432		-4.756250
9433		-4.196875
9434		-4.712500
9435		-4.196875
9436		-3.828125
9437		-4.121875
9438		-4.300000
9439		-4.284375
9440		-4.300000
9441		-4.050000
9442		-3.900000
9443		-4.212500
9444		-3.678125
9445		-3.650000
9446		-4.431250
9447		-4.093750
9448		-4.653125
9449		-4.640625
9450		-4.078125
9451		-4.593750
9452		-3.678125
9453		-4.431250
9454		-4.240625
9455		-4.375000
9456		-4.787500
9457		-4.212500
9458		-4.268750
9459		-4.196875
9460		-3.621875
9461		-3.250000
9462		-3.840625
9463		-3.353125
9464		-4.403125
9465		-3.575000
9466		-3.796875
9467		-3.368750
9468		-3.087500
9469		-3.103125
9470		-3.075000
9471		-2.984375
9472		-3.237500
9473		-2.659375
9474		-3.900000
9475		-3.725000
9476		-3.221875
9477		-3.531250
9478		-3.237500
9479		-3.028125
9480		-3.087500
9481		-3.709375
9482		-3.059375
9483		-2.881250
9484		-3.353125
9485		-3.400000
9486		-2.865625
9487		-2.659375
9488		-2.690625
9489		-2.143750
9490		-2.453125
9491		-2.703125
9492		-2.365625
9493		-2.690625
9494		-3.075000
9495		-3.118750
9496		-3.134375
9497		-3.028125
9498		-2.984375
9499		-3.118750
9500		-4.093750
9501		-3.353125
9502		-3.562500
9503		-3.915625
9504		-4.121875
9505		-4.387500
9506		-4.181250
9507		-3.678125
9508		-4.078125
9509		-3.353125
9510		-3.309375
9511		-3.606250
9512		-3.250000
9513		-3.915625
9514		-3.546875
9515		-3.400000
9516		-3.353125
9517		-3.678125
9518		-2.587500
9519		-3.028125
9520		-3.190625
9521		-3.531250
9522		-3.546875
9523		-3.678125
9524		-3.134375
9525		-3.840625
9526		-4.078125
9527		-2.512500
9528		-2.809375
9529		-3.028125
9530		-3.237500
9531		-3.103125
9532		-3.400000
9533		-3.134375
9534		-3.178125
9535		-3.206250
9536		-3.340625
9537		-2.350000
9538		-2.956250
9539		-3.118750
9540		-2.881250
9541		-3.250000
9542		-2.809375
9543		-2.425000
9544		-2.718750
9545		-2.762500
9546		-3.059375
9547		-2.865625
9548		-3.368750
9549		-2.971875
9550		-3.840625
9551		-3.915625
9552		-3.606250
9553		-2.896875
9554		-3.309375
9555		-3.650000
9556		-3.562500
9557		-3.621875
9558		-3.459375
9559		-3.650000
9560		-3.162500
9561		-3.087500
9562		-2.837500
9563		-2.853125
9564		-2.409375
9565		-2.912500
9566		-2.512500
9567		-2.896875
9568		-2.984375
9569		-2.040625
9570		-2.378125
9571		-2.334375
9572		-2.496875
9573		-2.068750
9574		-1.537500
9575		-1.921875
9576		-2.896875
9577		-2.171875
9578		-2.659375
9579		-2.690625
9580		-2.350000
9581		-2.587500
9582		-1.996875
9583		-1.906250
9584		-1.612500
9585		-1.656250
9586		-1.906250
9587		-2.215625
9588		-1.996875
9589		-1.581250
9590		-1.093750
9591		-1.418750
9592		-1.109375
9593		-0.990625
9594		-1.256250
9595		-1.137500
9596		-1.846875
9597		-1.612500
9598		-1.462500
9599		-1.625000
9600		-1.359375
9601		-1.921875
9602		-1.803125
9603		-2.437500
9604		-1.671875
9605		-1.921875
9606		-2.128125
9607		-2.321875
9608		-2.912500
9609		-1.818750
9610		-2.053125
9611		-1.700000
9612		-2.246875
9613		-1.906250
9614		-1.625000
9615		-1.656250
9616		-1.478125
9617		-1.390625
9618		-1.775000
9619		-1.625000
9620		-1.759375
9621		-1.243750
9622		-2.053125
9623		-1.390625
9624		-0.518750
9625		-1.034375
9626		-1.684375
9627		-1.581250
9628		-2.453125
9629		-1.478125
9630		-1.950000
9631		-1.553125
9632		-1.581250
9633		-1.093750
9634		-1.065625
9635		-1.331250
9636		-1.625000
9637		-1.271875
9638		-1.612500
9639		-0.859375
9640		-0.546875
9641		-0.221875
9642		-0.475000
9643		-0.637500
9644		-0.340625
9645		-1.093750
9646		-1.243750
9647		-1.021875
9648		-1.612500
9649		-0.946875
9650		-1.065625
9651		-1.034375
9652		-1.759375
9653		-1.287500
9654		-1.878125
9655		-2.215625
9656		-2.425000
9657		-2.068750
9658		-1.656250
9659		-1.731250
9660		-1.671875
9661		-2.100000
9662		-1.359375
9663		-1.921875
9664		-1.478125
9665		-1.462500
9666		-1.390625
9667		-1.315625
9668		-1.287500
9669		-1.081250
9670		-0.946875
9671		-1.065625
9672		-1.109375
9673		-1.509375
9674		-1.331250
9675		-0.800000
9676		-1.196875
9677		-2.203125
9678		-1.996875
9679		-2.659375
9680		-1.965625
9681		-1.450000
9682		-1.137500
9683		-1.715625
9684		-1.462500
9685		-1.287500
9686		-1.346875
9687		-1.406250
9688		-1.759375
9689		-1.346875
9690		-0.193750
9691		-0.296875
9692		0.043750
9693		-0.296875
9694		0.265625
9695		-0.059375
9696		-1.137500
9697		0.000000
9698		-0.725000
9699		-0.237500
9700		-0.812500
9701		-0.178125
9702		-1.196875
9703		-1.050000
9704		-0.681250
9705		-1.256250
9706		-1.759375
9707		-1.390625
9708		-1.315625
9709		-1.021875
9710		-0.800000
9711		-1.050000
9712		-0.487500
9713		-0.400000
9714		0.000000
9715		-0.059375
9716		-0.059375
9717		-0.134375
9718		0.368750
9719		0.293750
9720		0.471875
9721		0.515625
9722		0.131250
9723		0.856250
9724		-0.371875
9725		0.900000
9726		0.987500
9727		0.500000
9728		-0.356250
9729		-0.209375
9730		0.456250
9731		0.337500
9732		0.531250
9733		0.087500
9734		-0.031250
9735		0.603125
9736		0.321875
9737		-0.031250
9738		-0.106250
9739		0.278125
9740		1.268750
9741		1.518750
9742		1.668750
9743		1.090625
9744		1.371875
9745		0.971875
9746		0.884375
9747		0.456250
9748		0.884375
9749		1.225000
9750		0.706250
9751		0.900000
9752		0.928125
9753		-0.431250
9754		0.531250
9755		-0.134375
9756		0.159375
9757		0.396875
9758		0.146875
9759		0.206250
9760		0.234375
9761		0.115625
9762		0.603125
9763		0.000000
9764		0.087500
9765		0.603125
9766		0.781250
9767		0.618750
9768		0.796875
9769		0.634375
9770		0.368750
9771		0.646875
9772		0.884375
9773		0.884375
9774		0.809375
9775		1.193750
9776		1.121875
9777		1.193750
9778		0.500000
9779		0.753125
9780		0.765625
9781		0.396875
9782		1.078125
9783		0.928125
9784		1.506250
9785		1.446875
9786		1.518750
9787		1.475000
9788		1.031250
9789		1.062500
9790		2.893750
9791		1.771875
9792		0.943750
9793		3.203125
9794		1.415625
9795		1.712500
9796		1.593750
9797		1.403125
9798		1.475000
9799		2.050000
9800		1.918750
9801		1.459375
9802		1.784375
9803		1.890625
9804		1.668750
9805		1.637500
9806		1.859375
9807		1.784375
9808		1.621875
9809		2.050000
9810		1.593750
9811		1.784375
9812		1.593750
9813		2.287500
9814		2.156250
9815		2.081250
9816		2.406250
9817		2.331250
9818		2.434375
9819		2.140625
9820		2.375000
9821		2.406250
9822		2.671875
9823		2.331250
9824		1.859375
9825		4.015625
9826		3.321875
9827		3.543750
9828		3.159375
9829		2.553125
9830		2.303125
9831		2.021875
9832		2.362500
9833		2.434375
9834		2.628125
9835		2.509375
9836		2.909375
9837		2.525000
9838		2.406250
9839		2.184375
9840		2.212500
9841		2.850000
9842		3.025000
9843		3.056250
9844		3.100000
9845		2.834375
9846		3.203125
9847		2.953125
9848		3.175000
9849		3.071875
9850		2.921875
9851		3.365625
9852		2.953125
9853		2.878125
9854		2.421875
9855		2.271875
9856		2.553125
9857		2.893750
9858		2.628125
9859		2.481250
9860		2.806250
9861		2.318750
9862		2.628125
9863		2.346875
9864		2.525000
9865		3.175000
9866		3.159375
9867		3.012500
9868		3.218750
9869		3.131250
9870		3.071875
9871		2.806250
9872		3.262500
9873		3.131250
9874		3.100000
9875		3.321875
9876		3.512500
9877		3.734375
9878		3.293750
9879		3.350000
9880		2.596875
9881		3.365625
9882		3.306250
9883		3.468750
9884		3.084375
9885		3.262500
9886		3.100000
9887		3.512500
9888		3.115625
9889		2.806250
9890		3.143750
9891		3.234375
9892		3.646875
9893		3.706250
9894		3.293750
9895		3.662500
9896		4.015625
9897		3.734375
9898		4.015625
9899		3.203125
9900		3.896875
9901		3.956250
9902		3.543750
9903		3.765625
9904		3.896875
9905		3.425000
9906		3.675000
9907		4.162500
9908		3.912500
9909		3.940625
9910		3.706250
9911		4.209375
9912		3.765625
9913		3.928125
9914		4.340625
9915		4.209375
9916		4.681250
9917		4.800000
9918		5.034375
9919		4.681250
9920		4.665625
9921		4.871875
9922		4.518750
9923		4.962500
9924		5.256250
9925		5.240625
9926		5.612500
9927		5.418750
9928		5.509375
9929		5.168750
9930		4.546875
9931		4.578125
9932		4.428125
9933		4.871875
9934		4.975000
9935		5.093750
9936		4.887500
9937		4.621875
9938		4.843750
9939		4.356250
9940		4.621875
9941		4.428125
9942		5.625000
9943		5.462500
9944		5.403125
9945		5.403125
9946		5.168750
9947		5.684375
9948		5.625000
9949		5.581250
9950		5.359375
9951		5.212500
9952		5.300000
9953		5.509375
9954		5.093750
9955		4.990625
9956		5.093750
9957		5.093750
9958		4.800000
9959		5.256250
9960		4.650000
9961		4.962500
9962		4.637500
9963		4.400000
9964		4.665625
9965		4.562500
9966		4.621875
9967		4.753125
9968		5.196875
9969		4.709375
9970		4.784375
9971		4.281250
9972		4.800000
9973		4.103125
9974		4.725000
9975		4.843750
9976		4.606250
9977		4.903125
9978		4.843750
9979		5.006250
9980		5.184375
9981		4.518750
9982		3.528125
9983		4.534375
9984		4.990625
9985		4.931250
9986		4.518750
9987		4.578125
9988		4.562500
9989		3.853125
9990		4.075000
9991		3.956250
9992		4.459375
9993		4.059375
9994		4.443750
9995		4.162500
9996		4.590625
9997		4.325000
9998		4.590625
9999		4.590625
10000		4.281250
